url,page_type,locale,inbound_links,unique_inbound_pages,crawl_depth,hub_membership,related_tool_links,related_guide_links,related_workflow_links,status
https://funnytools.win/about/,legal,zh-TW,313,313,1,/category/draw/;/category/image/;/category/money/;/category/pdf/;/category/random/;/category/statistics/;/category/study/;/category/text/;/category/time/;/for/;/guides/;/;/methodology/;/tools/;/workflows/,0,0,0,OK
https://funnytools.win/about-tools/,legal,zh-TW,314,314,1,/category/draw/;/category/image/;/category/money/;/category/pdf/;/category/random/;/category/statistics/;/category/study/;/category/text/;/category/time/;/for/;/guides/;/;/methodology/;/tools/;/workflows/,0,0,0,OK
https://funnytools.win/affiliate-disclosure/,legal,zh-TW,497,497,1,/en/category/draw/;/en/category/image/;/en/category/money/;/en/category/pdf/;/en/category/random/;/en/category/statistics/;/en/category/study/;/en/category/text/;/en/category/time/;/en/for/;/en/guides/;/en/;/en/tools/;/en/workflows/;/es/categorias/azar/;/es/categorias/dibujo/;/es/categorias/dinero/;/es/categorias/estadistica/;/es/categorias/estudio/;/es/categorias/imagen/;/es/categorias/pdf/;/es/categorias/texto/;/es/categorias/tiempo/;/es/flujos/;/es/guias/;/es/herramientas/;/es/;/es/para/;/fr/;/fr/outils/,0,0,0,OK
https://funnytools.win/category/draw/,category,zh-TW,24,24,1,/category/image/;/category/pdf/;/en/category/draw/;/es/categorias/dibujo/;/;/tools/,11,0,0,OK
https://funnytools.win/category/image/,category,zh-TW,34,34,1,/category/draw/;/category/pdf/;/category/text/;/en/category/image/;/es/categorias/imagen/;/;/tools/,19,0,4,OK
https://funnytools.win/category/money/,category,zh-TW,15,15,1,/category/statistics/;/category/time/;/en/category/money/;/es/categorias/dinero/;/;/tools/,12,0,0,OK
https://funnytools.win/category/pdf/,category,zh-TW,34,34,1,/category/draw/;/category/image/;/category/text/;/en/category/pdf/;/es/categorias/pdf/;/;/tools/,17,0,2,OK
https://funnytools.win/category/random/,category,zh-TW,32,32,1,/category/study/;/category/text/;/category/time/;/en/category/random/;/es/categorias/azar/;/;/tools/,16,5,4,OK
https://funnytools.win/category/statistics/,category,zh-TW,24,24,1,/category/money/;/category/study/;/en/category/statistics/;/es/categorias/estadistica/;/;/tools/,17,6,4,OK
https://funnytools.win/category/study/,category,zh-TW,17,17,1,/category/money/;/category/random/;/category/statistics/;/category/time/;/en/category/study/;/es/categorias/estudio/;/;/tools/,8,5,3,OK
https://funnytools.win/category/text/,category,zh-TW,36,36,1,/category/draw/;/category/image/;/category/pdf/;/category/random/;/category/statistics/;/en/category/text/;/es/categorias/texto/;/;/tools/,18,13,5,OK
https://funnytools.win/category/time/,category,zh-TW,29,29,1,/category/money/;/category/random/;/category/study/;/en/category/time/;/es/categorias/tiempo/;/;/tools/,14,0,3,OK
https://funnytools.win/contact/,legal,zh-TW,313,313,1,/category/draw/;/category/image/;/category/money/;/category/pdf/;/category/random/;/category/statistics/;/category/study/;/category/text/;/category/time/;/for/;/guides/;/;/methodology/;/tools/;/workflows/,0,0,0,OK
https://funnytools.win/disclaimer/,legal,zh-TW,313,313,1,/category/draw/;/category/image/;/category/money/;/category/pdf/;/category/random/;/category/statistics/;/category/study/;/category/text/;/category/time/;/for/;/guides/;/;/methodology/;/tools/;/workflows/,0,0,0,OK
https://funnytools.win/education-statistics/,other,zh-TW,312,312,1,/category/draw/;/category/image/;/category/money/;/category/pdf/;/category/random/;/category/statistics/;/category/study/;/category/text/;/category/time/;/for/;/guides/;/;/methodology/;/tools/;/workflows/,22,12,11,OK
https://funnytools.win/en/about/,legal,en,193,193,1,/en/category/draw/;/en/category/image/;/en/category/money/;/en/category/pdf/;/en/category/random/;/en/category/statistics/;/en/category/study/;/en/category/text/;/en/category/time/;/en/for/;/en/guides/;/en/;/en/tools/;/en/workflows/,0,0,0,OK
https://funnytools.win/en/about-tools/,legal,en,194,194,1,/en/category/draw/;/en/category/image/;/en/category/money/;/en/category/pdf/;/en/category/random/;/en/category/statistics/;/en/category/study/;/en/category/text/;/en/category/time/;/en/for/;/en/guides/;/en/;/en/tools/;/en/workflows/,0,0,0,OK
https://funnytools.win/en/category/draw/,category,en,13,13,1,/category/draw/;/en/category/image/;/en/category/pdf/;/en/;/en/tools/;/es/categorias/dibujo/,11,0,0,OK
https://funnytools.win/en/category/image/,category,en,23,23,1,/category/image/;/en/category/draw/;/en/category/pdf/;/en/category/text/;/en/;/en/tools/;/es/categorias/imagen/,19,0,3,OK
https://funnytools.win/en/category/money/,category,en,13,13,1,/category/money/;/en/category/statistics/;/en/category/time/;/en/;/en/tools/;/es/categorias/dinero/,12,0,0,OK
https://funnytools.win/en/category/pdf/,category,en,24,24,1,/category/pdf/;/en/category/draw/;/en/category/image/;/en/category/text/;/en/;/en/tools/;/es/categorias/pdf/,17,0,2,OK
https://funnytools.win/en/category/random/,category,en,21,21,1,/category/random/;/en/category/study/;/en/category/text/;/en/category/time/;/en/;/en/tools/;/es/categorias/azar/,16,5,4,OK
https://funnytools.win/en/category/statistics/,category,en,22,22,1,/category/statistics/;/en/category/money/;/en/category/study/;/en/;/en/tools/;/es/categorias/estadistica/,17,6,3,OK
https://funnytools.win/en/category/study/,category,en,15,15,1,/category/study/;/en/category/money/;/en/category/random/;/en/category/statistics/;/en/category/time/;/en/;/en/tools/;/es/categorias/estudio/,8,5,2,OK
https://funnytools.win/en/category/text/,category,en,26,26,1,/category/text/;/en/category/draw/;/en/category/image/;/en/category/pdf/;/en/category/random/;/en/category/statistics/;/en/;/en/tools/;/es/categorias/texto/,18,0,3,OK
https://funnytools.win/en/category/time/,category,en,18,18,1,/category/time/;/en/category/money/;/en/category/random/;/en/category/study/;/en/;/en/tools/;/es/categorias/tiempo/,14,0,3,OK
https://funnytools.win/en/contact/,legal,en,193,193,1,/en/category/draw/;/en/category/image/;/en/category/money/;/en/category/pdf/;/en/category/random/;/en/category/statistics/;/en/category/study/;/en/category/text/;/en/category/time/;/en/for/;/en/guides/;/en/;/en/tools/;/en/workflows/,0,0,0,OK
https://funnytools.win/en/disclaimer/,legal,en,193,193,1,/en/category/draw/;/en/category/image/;/en/category/money/;/en/category/pdf/;/en/category/random/;/en/category/statistics/;/en/category/study/;/en/category/text/;/en/category/time/;/en/for/;/en/guides/;/en/;/en/tools/;/en/workflows/,0,0,0,OK
https://funnytools.win/en/education-statistics/,other,en,193,193,1,/en/category/draw/;/en/category/image/;/en/category/money/;/en/category/pdf/;/en/category/random/;/en/category/statistics/;/en/category/study/;/en/category/text/;/en/category/time/;/en/for/;/en/guides/;/en/;/en/tools/;/en/workflows/,22,6,7,OK
https://funnytools.win/en/for/creators/,audience,en,7,7,1,/en/category/image/;/en/category/random/;/en/category/text/;/en/for/;/en/,10,0,2,OK
https://funnytools.win/en/for/designers/,audience,en,7,7,1,/en/category/draw/;/en/category/image/;/en/category/pdf/;/en/for/;/en/,10,0,0,OK
https://funnytools.win/en/for/developers/,audience,en,7,7,1,/en/category/random/;/en/category/text/;/en/category/time/;/en/for/;/en/,10,0,0,OK
https://funnytools.win/en/for/,hub,en,193,193,1,/en/category/draw/;/en/category/image/;/en/category/money/;/en/category/pdf/;/en/category/random/;/en/category/statistics/;/en/category/study/;/en/category/text/;/en/category/time/;/en/for/;/en/guides/;/en/;/en/tools/;/en/workflows/;/es/para/;/for/,0,0,0,OK
https://funnytools.win/en/for/office-workers/,audience,en,9,9,1,/en/category/image/;/en/category/money/;/en/category/pdf/;/en/category/text/;/en/category/time/;/en/for/;/en/,10,0,1,OK
https://funnytools.win/en/for/students/,audience,en,8,8,1,/en/category/image/;/en/category/pdf/;/en/category/statistics/;/en/category/text/;/en/for/;/en/,10,0,2,OK
https://funnytools.win/en/for/teachers/,audience,en,8,8,1,/en/category/random/;/en/category/statistics/;/en/category/study/;/en/category/time/;/en/for/;/en/,10,0,2,OK
https://funnytools.win/en/guides/2d-cad-drawing-board-workflow-guide/,guide,en,3,3,2,/en/guides/,7,1,0,OK
https://funnytools.win/en/guides/a4-vs-us-letter-printing-guide/,guide,en,12,12,2,/en/category/statistics/;/en/guides/,7,3,0,OK
https://funnytools.win/en/guides/anova-apa-format-guide/,guide,en,11,11,1,/en/guides/;/en/;/en/workflows/,5,5,1,OK
https://funnytools.win/en/guides/bar-chart-school-report-guide/,guide,en,7,7,2,/en/category/statistics/;/en/guides/,5,2,0,OK
https://funnytools.win/en/guides/classroom-group-roles-rotation-guide/,guide,en,7,7,2,/en/guides/,7,4,1,OK
https://funnytools.win/en/guides/classroom-lottery-tool-guide/,guide,en,11,11,2,/en/category/random/;/en/category/study/;/en/guides/,9,4,1,OK
https://funnytools.win/en/guides/classroom-random-group-absent-student-repair-guide/,guide,en,4,4,2,/en/guides/,7,4,1,OK
https://funnytools.win/en/guides/classroom-random-group-guide/,guide,en,19,19,1,/en/category/random/;/en/category/study/;/en/guides/;/en/;/en/workflows/,9,4,1,OK
https://funnytools.win/en/guides/classroom-random-group-materials-handoff-guide/,guide,en,2,2,2,/en/guides/,7,4,1,OK
https://funnytools.win/en/guides/classroom-random-group-no-repeat-guide/,guide,en,7,7,2,/en/guides/,7,4,1,OK
https://funnytools.win/en/guides/classroom-random-group-seat-transition-guide/,guide,en,3,3,2,/en/guides/,7,4,1,OK
https://funnytools.win/en/guides/classroom-random-group-shareable-result-guide/,guide,en,4,4,2,/en/guides/,7,4,1,OK
https://funnytools.win/en/guides/classroom-random-group-size-balance-guide/,guide,en,5,5,2,/en/guides/,7,4,1,OK
https://funnytools.win/en/guides/classroom-random-picker-guide/,guide,en,16,16,1,/en/category/random/;/en/category/study/;/en/guides/;/en/;/en/workflows/,9,4,1,OK
https://funnytools.win/en/guides/classroom-timer-guide/,guide,en,16,16,1,/en/category/random/;/en/category/study/;/en/guides/;/en/;/en/workflows/,9,4,1,OK
https://funnytools.win/en/guides/csv-to-json-header-duplicate-column-guide/,guide,en,6,6,2,/en/guides/,7,1,0,OK
https://funnytools.win/en/guides/fair-student-grouping-guide/,guide,en,11,11,2,/en/category/random/;/en/category/study/;/en/guides/,7,4,1,OK
https://funnytools.win/en/guides/image-color-profile-web-print-guide/,guide,en,3,3,2,/en/guides/,7,4,1,OK
https://funnytools.win/en/guides/image-compression-email-guide/,guide,en,11,11,2,/en/guides/,9,3,0,OK
https://funnytools.win/en/guides/image-compression-quality-size-guide/,guide,en,8,8,2,/en/guides/,7,2,1,OK
https://funnytools.win/en/guides/image-compressor-metadata-privacy-guide/,guide,en,4,4,2,/en/guides/,7,3,1,OK
https://funnytools.win/en/guides/image-resampling-quality-guide/,guide,en,3,3,2,/en/guides/,7,4,1,OK
https://funnytools.win/en/guides/image-resize-aspect-ratio-guide/,guide,en,7,7,2,/en/guides/,7,2,1,OK
https://funnytools.win/en/guides/image-resolution-print-web-guide/,guide,en,5,5,2,/en/guides/,7,4,1,OK
https://funnytools.win/en/guides/,hub,en,193,193,1,/en/category/draw/;/en/category/image/;/en/category/money/;/en/category/pdf/;/en/category/random/;/en/category/statistics/;/en/category/study/;/en/category/text/;/en/category/time/;/en/for/;/en/guides/;/en/;/en/tools/;/en/workflows/;/es/guias/;/guides/,0,142,7,OK
https://funnytools.win/en/guides/json-formatter-trailing-comma-error-guide/,guide,en,5,5,2,/en/guides/,7,2,0,OK
https://funnytools.win/en/guides/merge-pdf-bookmarks-navigation-guide/,guide,en,4,4,2,/en/guides/,7,4,1,OK
https://funnytools.win/en/guides/merge-pdf-page-size-orientation-guide/,guide,en,9,9,2,/en/guides/,7,3,0,OK
https://funnytools.win/en/guides/merge-pdf-private-guide/,guide,en,14,14,2,/en/category/statistics/;/en/guides/,9,2,0,OK
https://funnytools.win/en/guides/merge-pdf-reading-order-checklist-guide/,guide,en,9,9,2,/en/guides/,7,4,1,OK
https://funnytools.win/en/guides/pdf-accessibility-reading-order-check-guide/,guide,en,2,2,2,/en/guides/,7,4,1,OK
https://funnytools.win/en/guides/pdf-compressor-email-attachment-guide/,guide,en,5,5,2,/en/guides/,7,4,1,OK
https://funnytools.win/en/guides/pdf-compressor-form-fields-links-guide/,guide,en,3,3,2,/en/guides/,7,4,1,OK
https://funnytools.win/en/guides/pdf-page-reorder-appendix-merge-check-guide/,guide,en,4,4,2,/en/guides/,7,4,1,OK
https://funnytools.win/en/guides/pdf-split-vs-extract-vs-delete/,guide,en,5,5,2,/en/guides/,8,2,0,OK
https://funnytools.win/en/guides/pdf-table-to-excel-header-check-guide/,guide,en,5,5,2,/en/guides/,7,4,1,OK
https://funnytools.win/en/guides/pdf-to-image-background-contrast-guide/,guide,en,5,5,2,/en/guides/,7,3,1,OK
https://funnytools.win/en/guides/pdf-to-image-multipage-download-guide/,guide,en,8,8,2,/en/guides/,7,3,0,OK
https://funnytools.win/en/guides/pdf-to-image-print-crop-marks-guide/,guide,en,3,3,2,/en/guides/,7,4,1,OK
https://funnytools.win/en/guides/pdf-to-image-raster-text-search-guide/,guide,en,9,9,2,/en/guides/,7,4,1,OK
https://funnytools.win/en/guides/pdf-to-image-resolution-guide/,guide,en,12,12,2,/en/guides/,7,3,0,OK
https://funnytools.win/en/guides/pdf-to-word-form-field-editing-guide/,guide,en,4,4,2,/en/guides/,7,4,1,OK
https://funnytools.win/en/guides/pdf-to-word-layout-fidelity-guide/,guide,en,9,9,2,/en/guides/,7,4,1,OK
https://funnytools.win/en/guides/pdf-to-word-ocr-language-check-guide/,guide,en,2,2,2,/en/guides/,7,4,1,OK
https://funnytools.win/en/guides/pdf-to-word-review-track-changes-guide/,guide,en,6,6,2,/en/guides/,5,4,1,OK
https://funnytools.win/en/guides/pdf-upload-failed-troubleshooting/,guide,en,5,5,2,/en/guides/,6,2,0,OK
https://funnytools.win/en/guides/percentage-grade-to-gpa-conversion-guide/,guide,en,3,3,2,/en/guides/,4,1,0,OK
https://funnytools.win/en/guides/percentage-shortcuts-guide/,guide,en,8,8,2,/en/category/statistics/;/en/guides/,7,2,0,OK
https://funnytools.win/en/guides/percentile-rank-guide/,guide,en,10,10,2,/en/guides/,7,4,1,OK
https://funnytools.win/en/guides/photos-to-pdf-phone-guide/,guide,en,7,7,2,/en/guides/,9,5,0,OK
https://funnytools.win/en/guides/qr-code-accessible-fallback-guide/,guide,en,3,3,2,/en/guides/,7,4,0,OK
https://funnytools.win/en/guides/qr-code-before-print-testing-guide/,guide,en,12,12,2,/en/guides/,7,3,0,OK
https://funnytools.win/en/guides/qr-code-classroom-guide/,guide,en,7,7,2,/en/guides/,5,4,0,OK
https://funnytools.win/en/guides/qr-code-destination-change-log-guide/,guide,en,4,4,2,/en/guides/,7,4,0,OK
https://funnytools.win/en/guides/qr-code-event-page-expiry-guide/,guide,en,7,7,2,/en/guides/,7,4,0,OK
https://funnytools.win/en/guides/qr-code-mobile-landing-page-guide/,guide,en,11,11,2,/en/guides/,5,3,0,OK
https://funnytools.win/en/guides/qr-code-multi-placement-consistency-guide/,guide,en,2,2,2,/en/guides/,7,4,0,OK
https://funnytools.win/en/guides/qr-code-multilingual-switch-testing-guide/,guide,en,4,4,2,/en/guides/,7,4,0,OK
https://funnytools.win/en/guides/qr-code-payload-length-guide/,guide,en,6,6,2,/en/guides/,7,3,0,OK
https://funnytools.win/en/guides/qr-code-scan-failure-field-troubleshooting-guide/,guide,en,3,3,2,/en/guides/,7,4,0,OK
https://funnytools.win/en/guides/qr-code-utm-campaign-link-guide/,guide,en,5,5,2,/en/guides/,5,4,1,OK
https://funnytools.win/en/guides/seating-chart-changeover-routine-guide/,guide,en,5,5,2,/en/guides/,7,3,1,OK
https://funnytools.win/en/guides/seating-chart-student-needs-intake-guide/,guide,en,6,6,2,/en/guides/,7,3,1,OK
https://funnytools.win/en/guides/split-pdf-output-naming-batch-delivery-guide/,guide,en,3,3,2,/en/guides/,7,4,1,OK
https://funnytools.win/en/guides/split-pdf-page-range-planning-guide/,guide,en,8,8,2,/en/guides/,7,4,1,OK
https://funnytools.win/en/guides/spss-levene-test-guide/,guide,en,12,12,1,/en/guides/;/en/;/en/workflows/,7,5,1,OK
https://funnytools.win/en/guides/t-score-calculator-guide/,guide,en,15,15,1,/en/category/statistics/;/en/guides/;/en/;/en/workflows/,9,5,1,OK
https://funnytools.win/en/guides/t-test-apa-format-guide/,guide,en,11,11,1,/en/guides/;/en/;/en/workflows/,5,4,1,OK
https://funnytools.win/en/guides/teacher-exam-weighted-score-guide/,guide,en,12,12,1,/en/category/statistics/;/en/guides/;/en/;/en/workflows/,7,5,1,OK
https://funnytools.win/en/guides/two-way-anova-interaction-guide/,guide,en,8,8,2,/en/guides/,5,5,1,OK
https://funnytools.win/en/guides/word-count-essay-limits-guide/,guide,en,6,6,2,/en/guides/,7,2,0,OK
https://funnytools.win/en/guides/z-score-calculator-guide/,guide,en,12,12,1,/en/guides/;/en/;/en/workflows/,7,4,2,OK
https://funnytools.win/en/,home,en,407,407,0,/en/category/draw/;/en/category/image/;/en/category/money/;/en/category/pdf/;/en/category/random/;/en/category/statistics/;/en/category/study/;/en/category/text/;/en/category/time/;/en/for/;/en/guides/;/en/;/en/tools/;/en/workflows/;/es/categorias/azar/;/es/categorias/dibujo/;/es/categorias/dinero/;/es/categorias/estadistica/;/es/categorias/estudio/;/es/categorias/imagen/;/es/categorias/pdf/;/es/categorias/texto/;/es/categorias/tiempo/;/es/flujos/;/es/guias/;/es/herramientas/;/es/;/es/para/;/fr/;/fr/outils/;/,166,14,15,OK
https://funnytools.win/en/privacy/,legal,en,194,194,1,/en/category/draw/;/en/category/image/;/en/category/money/;/en/category/pdf/;/en/category/random/;/en/category/statistics/;/en/category/study/;/en/category/text/;/en/category/time/;/en/for/;/en/guides/;/en/;/en/tools/;/en/workflows/,0,0,0,OK
https://funnytools.win/en/shop/,support,en,193,193,1,/en/category/draw/;/en/category/image/;/en/category/money/;/en/category/pdf/;/en/category/random/;/en/category/statistics/;/en/category/study/;/en/category/text/;/en/category/time/;/en/for/;/en/guides/;/en/;/en/tools/;/en/workflows/,0,0,0,OK
https://funnytools.win/en/support/,support,en,193,193,1,/en/category/draw/;/en/category/image/;/en/category/money/;/en/category/pdf/;/en/category/random/;/en/category/statistics/;/en/category/study/;/en/category/text/;/en/category/time/;/en/for/;/en/guides/;/en/;/en/tools/;/en/workflows/,0,0,0,OK
https://funnytools.win/en/terms/,legal,en,193,193,1,/en/category/draw/;/en/category/image/;/en/category/money/;/en/category/pdf/;/en/category/random/;/en/category/statistics/;/en/category/study/;/en/category/text/;/en/category/time/;/en/for/;/en/guides/;/en/;/en/tools/;/en/workflows/,0,0,0,OK
https://funnytools.win/en/tools/age-calculator/,tool,en,14,14,1,/en/category/time/;/en/;/en/tools/,13,0,0,OK
https://funnytools.win/en/tools/apa-7-report-generator/,tool,en,16,16,1,/en/category/statistics/;/en/;/en/tools/,12,4,1,OK
https://funnytools.win/en/tools/bar-chart-maker/,tool,en,14,14,1,/en/category/draw/;/en/;/en/tools/,13,1,0,OK
https://funnytools.win/en/tools/barcode-generator/,tool,en,10,10,1,/en/category/image/;/en/;/en/tools/,14,1,0,OK
https://funnytools.win/en/tools/base64/,tool,en,12,12,1,/en/category/text/;/en/;/en/tools/,13,0,0,OK
https://funnytools.win/en/tools/break-reminder/,tool,en,10,10,1,/en/category/time/;/en/;/en/tools/,13,0,0,OK
https://funnytools.win/en/tools/bulk-image-compressor/,tool,en,4,4,1,/en/category/image/;/en/;/en/tools/,11,0,0,OK
https://funnytools.win/en/tools/business-days/,tool,en,17,17,1,/en/category/time/;/en/;/en/tools/,13,0,1,OK
https://funnytools.win/en/tools/cad-2d/,tool,en,13,13,1,/en/category/draw/;/en/;/en/tools/,14,1,0,OK
https://funnytools.win/en/tools/case-converter/,tool,en,22,22,1,/en/category/text/;/en/;/en/tools/,13,1,2,OK
https://funnytools.win/en/tools/character-counter/,tool,en,31,31,1,/en/category/text/;/en/;/en/tools/,13,4,2,OK
https://funnytools.win/en/tools/class-rank-percentile-calculator/,tool,en,14,14,1,/en/category/statistics/;/en/;/en/tools/,12,1,0,OK
https://funnytools.win/en/tools/color-generator/,tool,en,13,13,1,/en/category/random/;/en/;/en/tools/,13,0,1,OK
https://funnytools.win/en/tools/compound-interest/,tool,en,13,13,1,/en/category/money/;/en/;/en/tools/,13,0,0,OK
https://funnytools.win/en/tools/countdown-timer/,tool,en,21,21,1,/en/category/time/;/en/;/en/tools/,13,4,2,OK
https://funnytools.win/en/tools/cronbach-alpha-calculator/,tool,en,7,7,1,/en/category/statistics/;/en/;/en/tools/,12,0,0,OK
https://funnytools.win/en/tools/csv-to-json/,tool,en,12,12,1,/en/category/text/;/en/;/en/tools/,13,3,0,OK
https://funnytools.win/en/tools/date-difference/,tool,en,16,16,1,/en/category/time/;/en/;/en/tools/,13,0,1,OK
https://funnytools.win/en/tools/delete-pdf-pages/,tool,en,14,14,1,/en/category/pdf/;/en/;/en/tools/,13,1,0,OK
https://funnytools.win/en/tools/dice-roller/,tool,en,15,15,1,/en/category/random/;/en/;/en/tools/,13,1,1,OK
https://funnytools.win/en/tools/extract-pdf-pages/,tool,en,15,15,1,/en/category/pdf/;/en/;/en/tools/,13,4,0,OK
https://funnytools.win/en/tools/flowchart/,tool,en,12,12,1,/en/category/draw/;/en/;/en/tools/,13,0,0,OK
https://funnytools.win/en/tools/gpa-calculator/,tool,en,14,14,1,/en/category/study/;/en/;/en/tools/,12,1,0,OK
https://funnytools.win/en/tools/grade-average/,tool,en,23,23,1,/en/category/statistics/;/en/;/en/tools/,13,1,0,OK
https://funnytools.win/en/tools/group-generator/,tool,en,23,23,1,/en/category/study/;/en/;/en/tools/,13,4,1,OK
https://funnytools.win/en/tools/image-compressor/,tool,en,40,40,1,/en/category/image/;/en/;/en/tools/,13,4,2,OK
https://funnytools.win/en/tools/image-crop/,tool,en,16,16,1,/en/category/image/;/en/;/en/tools/,13,4,0,OK
https://funnytools.win/en/tools/image-resizer/,tool,en,37,37,1,/en/category/image/;/en/;/en/tools/,13,4,1,OK
https://funnytools.win/en/tools/image-rotate-flip/,tool,en,9,9,1,/en/category/image/;/en/;/en/tools/,13,1,0,OK
https://funnytools.win/en/tools/image-to-base64/,tool,en,10,10,1,/en/category/image/;/en/;/en/tools/,13,1,0,OK
https://funnytools.win/en/tools/image-to-dxf/,tool,en,9,9,1,/en/category/draw/;/en/;/en/tools/,11,0,0,OK
https://funnytools.win/en/tools/images-to-pdf/,tool,en,18,18,1,/en/category/pdf/;/en/;/en/tools/,13,4,0,OK
https://funnytools.win/en/tools/independent-samples-t-test-calculator/,tool,en,10,10,1,/en/category/statistics/;/en/;/en/tools/,13,1,0,OK
https://funnytools.win/en/tools/,hub,en,194,194,1,/en/category/draw/;/en/category/image/;/en/category/money/;/en/category/pdf/;/en/category/random/;/en/category/statistics/;/en/category/study/;/en/category/text/;/en/category/time/;/en/for/;/en/guides/;/en/;/en/tools/;/en/workflows/;/es/herramientas/;/fr/outils/;/tools/,89,0,0,OK
https://funnytools.win/en/tools/inflation/,tool,en,12,12,1,/en/category/money/;/en/;/en/tools/,13,0,0,OK
https://funnytools.win/en/tools/jpg-to-png/,tool,en,18,18,1,/en/category/image/;/en/;/en/tools/,13,0,0,OK
https://funnytools.win/en/tools/jpg-to-webp/,tool,en,15,15,1,/en/category/image/;/en/;/en/tools/,13,2,0,OK
https://funnytools.win/en/tools/json-formatter/,tool,en,23,23,1,/en/category/text/;/en/;/en/tools/,13,2,1,OK
https://funnytools.win/en/tools/json-to-csv/,tool,en,10,10,1,/en/category/text/;/en/;/en/tools/,13,1,0,OK
https://funnytools.win/en/tools/markdown-previewer/,tool,en,9,9,1,/en/category/text/;/en/;/en/tools/,13,0,0,OK
https://funnytools.win/en/tools/merge-pdf/,tool,en,27,27,1,/en/category/pdf/;/en/;/en/tools/,13,4,2,OK
https://funnytools.win/en/tools/mortgage-payment/,tool,en,13,13,1,/en/category/money/;/en/;/en/tools/,13,0,0,OK
https://funnytools.win/en/tools/net-salary/,tool,en,12,12,1,/en/category/money/;/en/;/en/tools/,13,0,0,OK
https://funnytools.win/en/tools/normalized-score-converter/,tool,en,13,13,1,/en/category/statistics/;/en/;/en/tools/,12,0,0,OK
https://funnytools.win/en/tools/overtime-pay/,tool,en,13,13,1,/en/category/money/;/en/;/en/tools/,13,0,0,OK
https://funnytools.win/en/tools/password-generator/,tool,en,13,13,1,/en/category/random/;/en/;/en/tools/,13,0,0,OK
https://funnytools.win/en/tools/pdf-compressor/,tool,en,27,27,1,/en/category/pdf/;/en/;/en/tools/,13,4,2,OK
https://funnytools.win/en/tools/pdf-page-reorder/,tool,en,22,22,1,/en/category/pdf/;/en/;/en/tools/,13,4,0,OK
https://funnytools.win/en/tools/pdf-table-to-excel/,tool,en,7,7,1,/en/category/pdf/;/en/;/en/tools/,11,2,0,OK
https://funnytools.win/en/tools/pdf-to-image/,tool,en,23,23,1,/en/category/pdf/;/en/;/en/tools/,13,4,0,OK
https://funnytools.win/en/tools/pdf-to-word/,tool,en,12,12,1,/en/category/pdf/;/en/;/en/tools/,11,4,0,OK
https://funnytools.win/en/tools/percentage-calculator/,tool,en,11,11,1,/en/category/statistics/;/en/;/en/tools/,13,1,0,OK
https://funnytools.win/en/tools/percentile-rank-calculator/,tool,en,21,21,1,/en/category/statistics/;/en/;/en/tools/,13,1,1,OK
https://funnytools.win/en/tools/pie-chart-maker/,tool,en,13,13,1,/en/category/draw/;/en/;/en/tools/,13,1,0,OK
https://funnytools.win/en/tools/png-to-jpg/,tool,en,23,23,1,/en/category/image/;/en/;/en/tools/,13,2,0,OK
https://funnytools.win/en/tools/pomodoro-timer/,tool,en,14,14,1,/en/category/time/;/en/;/en/tools/,13,1,0,OK
https://funnytools.win/en/tools/qr-code-generator/,tool,en,41,41,1,/en/category/image/;/en/;/en/tools/,14,4,2,OK
https://funnytools.win/en/tools/random-group-generator/,tool,en,32,32,1,/en/category/random/;/en/;/en/tools/,13,4,1,OK
https://funnytools.win/en/tools/random-name-picker/,tool,en,22,22,1,/en/category/random/;/en/;/en/tools/,13,2,2,OK
https://funnytools.win/en/tools/random-number-picker/,tool,en,23,23,1,/en/category/random/;/en/;/en/tools/,13,0,0,OK
https://funnytools.win/en/tools/random-student-picker/,tool,en,26,26,1,/en/category/study/;/en/;/en/tools/,13,4,1,OK
https://funnytools.win/en/tools/random-wheel/,tool,en,19,19,1,/en/category/random/;/en/;/en/tools/,13,1,2,OK
https://funnytools.win/en/tools/remove-duplicate-lines/,tool,en,12,12,1,/en/category/text/;/en/;/en/tools/,13,0,0,OK
https://funnytools.win/en/tools/remove-empty-lines/,tool,en,13,13,1,/en/category/text/;/en/;/en/tools/,13,0,0,OK
https://funnytools.win/en/tools/rotate-pdf/,tool,en,11,11,1,/en/category/pdf/;/en/;/en/tools/,13,0,1,OK
https://funnytools.win/en/tools/savings-goal/,tool,en,13,13,1,/en/category/money/;/en/;/en/tools/,13,0,0,OK
https://funnytools.win/en/tools/seating-chart/,tool,en,19,19,1,/en/category/study/;/en/;/en/tools/,13,4,1,OK
https://funnytools.win/en/tools/sketchpad/,tool,en,13,13,1,/en/category/draw/;/en/;/en/tools/,14,0,0,OK
https://funnytools.win/en/tools/sort-lines/,tool,en,15,15,1,/en/category/text/;/en/;/en/tools/,13,0,0,OK
https://funnytools.win/en/tools/split-pdf/,tool,en,25,25,1,/en/category/pdf/;/en/;/en/tools/,13,4,2,OK
https://funnytools.win/en/tools/spss-result-interpreter/,tool,en,13,13,1,/en/category/statistics/;/en/;/en/tools/,12,4,1,OK
https://funnytools.win/en/tools/standard-deviation/,tool,en,21,21,1,/en/category/statistics/;/en/;/en/tools/,13,2,1,OK
https://funnytools.win/en/tools/stopwatch/,tool,en,13,13,1,/en/category/time/;/en/;/en/tools/,13,0,0,OK
https://funnytools.win/en/tools/t-score-calculator/,tool,en,24,24,1,/en/category/statistics/;/en/;/en/tools/,13,4,2,OK
https://funnytools.win/en/tools/teacher-exam-score-converter/,tool,en,14,14,1,/en/category/statistics/;/en/;/en/tools/,12,2,1,OK
https://funnytools.win/en/tools/this-or-that/,tool,en,12,12,1,/en/category/random/;/en/;/en/tools/,13,0,1,OK
https://funnytools.win/en/tools/timestamp-converter/,tool,en,10,10,1,/en/category/time/;/en/;/en/tools/,13,0,0,OK
https://funnytools.win/en/tools/url-encoder/,tool,en,21,21,1,/en/category/text/;/en/;/en/tools/,13,4,0,OK
https://funnytools.win/en/tools/uuid-generator/,tool,en,9,9,1,/en/category/random/;/en/;/en/tools/,13,0,0,OK
https://funnytools.win/en/tools/webp-to-jpg/,tool,en,10,10,1,/en/category/image/;/en/;/en/tools/,13,0,0,OK
https://funnytools.win/en/tools/weighted-average-calculator/,tool,en,18,18,1,/en/category/statistics/;/en/;/en/tools/,13,2,1,OK
https://funnytools.win/en/tools/what-to-eat/,tool,en,11,11,1,/en/category/random/;/en/;/en/tools/,13,0,1,OK
https://funnytools.win/en/tools/word-counter/,tool,en,24,24,1,/en/category/text/;/en/;/en/tools/,13,1,2,OK
https://funnytools.win/en/tools/z-score-calculator/,tool,en,23,23,1,/en/category/statistics/;/en/;/en/tools/,13,2,2,OK
https://funnytools.win/en/workflows/creator-social-toolkit/,workflow,en,24,24,1,/en/category/image/;/en/category/random/;/en/category/text/;/en/guides/;/en/;/en/workflows/,16,0,2,OK
https://funnytools.win/en/workflows/daily-decision-toolkit/,workflow,en,14,14,1,/en/category/random/;/en/category/time/;/en/guides/;/en/;/en/workflows/,12,0,2,OK
https://funnytools.win/en/workflows/graduate-statistics-report-toolkit/,workflow,en,18,18,1,/en/category/statistics/;/en/guides/;/en/;/en/workflows/,10,4,2,OK
https://funnytools.win/en/workflows/,hub,en,193,193,1,/en/category/draw/;/en/category/image/;/en/category/money/;/en/category/pdf/;/en/category/random/;/en/category/statistics/;/en/category/study/;/en/category/text/;/en/category/time/;/en/for/;/en/guides/;/en/;/en/tools/;/en/workflows/;/es/flujos/;/workflows/,0,9,14,OK
https://funnytools.win/en/workflows/office-document-toolkit/,workflow,en,35,35,1,/en/category/image/;/en/category/pdf/;/en/category/text/;/en/category/time/;/en/guides/;/en/;/en/workflows/,18,0,2,OK
https://funnytools.win/en/workflows/student-report-toolkit/,workflow,en,18,18,1,/en/category/image/;/en/category/pdf/;/en/category/text/;/en/guides/;/en/;/en/workflows/,16,0,2,OK
https://funnytools.win/en/workflows/teacher-classroom-random-toolkit/,workflow,en,31,31,1,/en/category/random/;/en/category/study/;/en/category/time/;/en/guides/;/en/;/en/workflows/,14,5,2,OK
https://funnytools.win/en/workflows/teacher-exam-score-toolkit/,workflow,en,17,17,1,/en/category/statistics/;/en/guides/;/en/;/en/workflows/,10,4,2,OK
https://funnytools.win/es/apoyar-funnytools/,support,es,141,141,1,/es/categorias/azar/;/es/categorias/dibujo/;/es/categorias/dinero/;/es/categorias/estadistica/;/es/categorias/estudio/;/es/categorias/imagen/;/es/categorias/pdf/;/es/categorias/texto/;/es/categorias/tiempo/;/es/flujos/;/es/guias/;/es/herramientas/;/es/;/es/para/,83,24,2,OK
https://funnytools.win/es/aviso-legal/,other,es,141,141,1,/es/categorias/azar/;/es/categorias/dibujo/;/es/categorias/dinero/;/es/categorias/estadistica/;/es/categorias/estudio/;/es/categorias/imagen/;/es/categorias/pdf/;/es/categorias/texto/;/es/categorias/tiempo/;/es/flujos/;/es/guias/;/es/herramientas/;/es/;/es/para/,83,24,2,OK
https://funnytools.win/es/categorias/azar/,category,es,141,141,1,/category/random/;/en/category/random/;/es/categorias/azar/;/es/categorias/dibujo/;/es/categorias/dinero/;/es/categorias/estadistica/;/es/categorias/estudio/;/es/categorias/imagen/;/es/categorias/pdf/;/es/categorias/texto/;/es/categorias/tiempo/;/es/flujos/;/es/guias/;/es/herramientas/;/es/;/es/para/,93,24,2,OK
https://funnytools.win/es/categorias/dibujo/,category,es,141,141,1,/category/draw/;/en/category/draw/;/es/categorias/azar/;/es/categorias/dibujo/;/es/categorias/dinero/;/es/categorias/estadistica/;/es/categorias/estudio/;/es/categorias/imagen/;/es/categorias/pdf/;/es/categorias/texto/;/es/categorias/tiempo/;/es/flujos/;/es/guias/;/es/herramientas/;/es/;/es/para/,86,24,2,OK
https://funnytools.win/es/categorias/dinero/,category,es,141,141,1,/category/money/;/en/category/money/;/es/categorias/azar/;/es/categorias/dibujo/;/es/categorias/dinero/;/es/categorias/estadistica/;/es/categorias/estudio/;/es/categorias/imagen/;/es/categorias/pdf/;/es/categorias/texto/;/es/categorias/tiempo/;/es/flujos/;/es/guias/;/es/herramientas/;/es/;/es/para/,89,24,2,OK
https://funnytools.win/es/categorias/estadistica/,category,es,141,141,1,/category/statistics/;/en/category/statistics/;/es/categorias/azar/;/es/categorias/dibujo/;/es/categorias/dinero/;/es/categorias/estadistica/;/es/categorias/estudio/;/es/categorias/imagen/;/es/categorias/pdf/;/es/categorias/texto/;/es/categorias/tiempo/;/es/flujos/;/es/guias/;/es/herramientas/;/es/;/es/para/,95,24,2,OK
https://funnytools.win/es/categorias/estudio/,category,es,141,141,1,/category/study/;/en/category/study/;/es/categorias/azar/;/es/categorias/dibujo/;/es/categorias/dinero/;/es/categorias/estadistica/;/es/categorias/estudio/;/es/categorias/imagen/;/es/categorias/pdf/;/es/categorias/texto/;/es/categorias/tiempo/;/es/flujos/;/es/guias/;/es/herramientas/;/es/;/es/para/,88,24,2,OK
https://funnytools.win/es/categorias/imagen/,category,es,141,141,1,/category/image/;/en/category/image/;/es/categorias/azar/;/es/categorias/dibujo/;/es/categorias/dinero/;/es/categorias/estadistica/;/es/categorias/estudio/;/es/categorias/imagen/;/es/categorias/pdf/;/es/categorias/texto/;/es/categorias/tiempo/;/es/flujos/;/es/guias/;/es/herramientas/;/es/;/es/para/,94,24,2,OK
https://funnytools.win/es/categorias/pdf/,category,es,141,141,1,/category/pdf/;/en/category/pdf/;/es/categorias/azar/;/es/categorias/dibujo/;/es/categorias/dinero/;/es/categorias/estadistica/;/es/categorias/estudio/;/es/categorias/imagen/;/es/categorias/pdf/;/es/categorias/texto/;/es/categorias/tiempo/;/es/flujos/;/es/guias/;/es/herramientas/;/es/;/es/para/,92,24,2,OK
https://funnytools.win/es/categorias/texto/,category,es,141,141,1,/category/text/;/en/category/text/;/es/categorias/azar/;/es/categorias/dibujo/;/es/categorias/dinero/;/es/categorias/estadistica/;/es/categorias/estudio/;/es/categorias/imagen/;/es/categorias/pdf/;/es/categorias/texto/;/es/categorias/tiempo/;/es/flujos/;/es/guias/;/es/herramientas/;/es/;/es/para/,95,24,2,OK
https://funnytools.win/es/categorias/tiempo/,category,es,141,141,1,/category/time/;/en/category/time/;/es/categorias/azar/;/es/categorias/dibujo/;/es/categorias/dinero/;/es/categorias/estadistica/;/es/categorias/estudio/;/es/categorias/imagen/;/es/categorias/pdf/;/es/categorias/texto/;/es/categorias/tiempo/;/es/flujos/;/es/guias/;/es/herramientas/;/es/;/es/para/,91,24,2,OK
https://funnytools.win/es/como-funcionan-las-herramientas/,legal,es,142,142,1,/es/categorias/azar/;/es/categorias/dibujo/;/es/categorias/dinero/;/es/categorias/estadistica/;/es/categorias/estudio/;/es/categorias/imagen/;/es/categorias/pdf/;/es/categorias/texto/;/es/categorias/tiempo/;/es/flujos/;/es/guias/;/es/herramientas/;/es/;/es/para/,83,24,2,OK
https://funnytools.win/es/condiciones-de-uso/,legal,es,141,141,1,/es/categorias/azar/;/es/categorias/dibujo/;/es/categorias/dinero/;/es/categorias/estadistica/;/es/categorias/estudio/;/es/categorias/imagen/;/es/categorias/pdf/;/es/categorias/texto/;/es/categorias/tiempo/;/es/flujos/;/es/guias/;/es/herramientas/;/es/;/es/para/,83,24,2,OK
https://funnytools.win/es/contacto/,legal,es,141,141,1,/es/categorias/azar/;/es/categorias/dibujo/;/es/categorias/dinero/;/es/categorias/estadistica/;/es/categorias/estudio/;/es/categorias/imagen/;/es/categorias/pdf/;/es/categorias/texto/;/es/categorias/tiempo/;/es/flujos/;/es/guias/;/es/herramientas/;/es/;/es/para/,83,24,2,OK
https://funnytools.win/es/estadisticas-educativas/,other,es,141,141,1,/es/categorias/azar/;/es/categorias/dibujo/;/es/categorias/dinero/;/es/categorias/estadistica/;/es/categorias/estudio/;/es/categorias/imagen/;/es/categorias/pdf/;/es/categorias/texto/;/es/categorias/tiempo/;/es/flujos/;/es/guias/;/es/herramientas/;/es/;/es/para/,94,28,3,OK
https://funnytools.win/es/flujos/actividades-aleatorias-aula/,workflow,es,5,5,2,/es/flujos/,89,27,8,OK
https://funnytools.win/es/flujos/calcular-nota-oposicion-docente/,workflow,es,5,5,2,/es/flujos/,88,24,8,OK
https://funnytools.win/es/flujos/contenido-redes-sociales/,workflow,es,4,4,2,/es/flujos/,89,24,8,OK
https://funnytools.win/es/flujos/decisiones-cotidianas/,workflow,es,141,141,1,/es/categorias/azar/;/es/categorias/dibujo/;/es/categorias/dinero/;/es/categorias/estadistica/;/es/categorias/estudio/;/es/categorias/imagen/;/es/categorias/pdf/;/es/categorias/texto/;/es/categorias/tiempo/;/es/flujos/;/es/guias/;/es/herramientas/;/es/;/es/para/,89,24,8,OK
https://funnytools.win/es/flujos/documentos-oficina/,workflow,es,4,4,2,/es/flujos/,93,24,8,OK
https://funnytools.win/es/flujos/entrega-informe-estudiantil/,workflow,es,4,4,2,/es/flujos/,91,26,9,OK
https://funnytools.win/es/flujos/,hub,es,141,141,1,/en/workflows/;/es/categorias/azar/;/es/categorias/dibujo/;/es/categorias/dinero/;/es/categorias/estadistica/;/es/categorias/estudio/;/es/categorias/imagen/;/es/categorias/pdf/;/es/categorias/texto/;/es/categorias/tiempo/;/es/flujos/;/es/guias/;/es/herramientas/;/es/;/es/para/;/workflows/,99,26,9,OK
https://funnytools.win/es/flujos/informe-estadistico-investigacion/,workflow,es,141,141,1,/es/categorias/azar/;/es/categorias/dibujo/;/es/categorias/dinero/;/es/categorias/estadistica/;/es/categorias/estudio/;/es/categorias/imagen/;/es/categorias/pdf/;/es/categorias/texto/;/es/categorias/tiempo/;/es/flujos/;/es/guias/;/es/herramientas/;/es/;/es/para/,83,27,8,OK
https://funnytools.win/es/guias/a4-o-letter-para-imprimir/,guide,es,141,141,1,/es/categorias/azar/;/es/categorias/dibujo/;/es/categorias/dinero/;/es/categorias/estadistica/;/es/categorias/estudio/;/es/categorias/imagen/;/es/categorias/pdf/;/es/categorias/texto/;/es/categorias/tiempo/;/es/flujos/;/es/guias/;/es/herramientas/;/es/;/es/para/,84,30,2,OK
https://funnytools.win/es/guias/agrupamientos-equitativos-aula/,guide,es,141,141,1,/es/categorias/azar/;/es/categorias/dibujo/;/es/categorias/dinero/;/es/categorias/estadistica/;/es/categorias/estudio/;/es/categorias/imagen/;/es/categorias/pdf/;/es/categorias/texto/;/es/categorias/tiempo/;/es/flujos/;/es/guias/;/es/herramientas/;/es/;/es/para/,84,30,2,OK
https://funnytools.win/es/guias/anova-formato-apa-7/,guide,es,141,141,1,/es/categorias/azar/;/es/categorias/dibujo/;/es/categorias/dinero/;/es/categorias/estadistica/;/es/categorias/estudio/;/es/categorias/imagen/;/es/categorias/pdf/;/es/categorias/texto/;/es/categorias/tiempo/;/es/flujos/;/es/guias/;/es/herramientas/;/es/;/es/para/,85,32,3,OK
https://funnytools.win/es/guias/calcular-nota-oposicion-docente/,guide,es,141,141,1,/es/categorias/azar/;/es/categorias/dibujo/;/es/categorias/dinero/;/es/categorias/estadistica/;/es/categorias/estudio/;/es/categorias/imagen/;/es/categorias/pdf/;/es/categorias/texto/;/es/categorias/tiempo/;/es/flujos/;/es/guias/;/es/herramientas/;/es/;/es/para/,85,30,2,OK
https://funnytools.win/es/guias/calcular-porcentajes-rapido/,guide,es,141,141,1,/es/categorias/azar/;/es/categorias/dibujo/;/es/categorias/dinero/;/es/categorias/estadistica/;/es/categorias/estudio/;/es/categorias/imagen/;/es/categorias/pdf/;/es/categorias/texto/;/es/categorias/tiempo/;/es/flujos/;/es/guias/;/es/herramientas/;/es/;/es/para/,85,30,2,OK
https://funnytools.win/es/guias/codigos-qr-en-el-aula/,guide,es,141,141,1,/es/categorias/azar/;/es/categorias/dibujo/;/es/categorias/dinero/;/es/categorias/estadistica/;/es/categorias/estudio/;/es/categorias/imagen/;/es/categorias/pdf/;/es/categorias/texto/;/es/categorias/tiempo/;/es/flujos/;/es/guias/;/es/herramientas/;/es/;/es/para/,84,30,2,OK
https://funnytools.win/es/guias/comprimir-fotos-para-email/,guide,es,141,141,1,/es/categorias/azar/;/es/categorias/dibujo/;/es/categorias/dinero/;/es/categorias/estadistica/;/es/categorias/estudio/;/es/categorias/imagen/;/es/categorias/pdf/;/es/categorias/texto/;/es/categorias/tiempo/;/es/flujos/;/es/guias/;/es/herramientas/;/es/;/es/para/,84,31,2,OK
https://funnytools.win/es/guias/contrasena-segura-fuerte/,guide,es,140,140,1,/es/categorias/azar/;/es/categorias/dibujo/;/es/categorias/dinero/;/es/categorias/estadistica/;/es/categorias/estudio/;/es/categorias/imagen/;/es/categorias/pdf/;/es/categorias/texto/;/es/categorias/tiempo/;/es/flujos/;/es/guias/;/es/herramientas/;/es/;/es/para/,84,28,2,OK
https://funnytools.win/es/guias/fluidez-tablas-multiplicar/,guide,es,140,140,1,/es/categorias/azar/;/es/categorias/dibujo/;/es/categorias/dinero/;/es/categorias/estadistica/;/es/categorias/estudio/;/es/categorias/imagen/;/es/categorias/pdf/;/es/categorias/texto/;/es/categorias/tiempo/;/es/flujos/;/es/guias/;/es/herramientas/;/es/;/es/para/,86,28,2,OK
https://funnytools.win/es/guias/fotos-a-pdf-desde-movil/,guide,es,141,141,1,/es/categorias/azar/;/es/categorias/dibujo/;/es/categorias/dinero/;/es/categorias/estadistica/;/es/categorias/estudio/;/es/categorias/imagen/;/es/categorias/pdf/;/es/categorias/texto/;/es/categorias/tiempo/;/es/flujos/;/es/guias/;/es/herramientas/;/es/;/es/para/,87,30,2,OK
https://funnytools.win/es/guias/grafico-barras-trabajo-escolar/,guide,es,141,141,1,/es/categorias/azar/;/es/categorias/dibujo/;/es/categorias/dinero/;/es/categorias/estadistica/;/es/categorias/estudio/;/es/categorias/imagen/;/es/categorias/pdf/;/es/categorias/texto/;/es/categorias/tiempo/;/es/flujos/;/es/guias/;/es/herramientas/;/es/;/es/para/,84,30,2,OK
https://funnytools.win/es/guias/grupos-aleatorios-clase/,guide,es,141,141,1,/es/categorias/azar/;/es/categorias/dibujo/;/es/categorias/dinero/;/es/categorias/estadistica/;/es/categorias/estudio/;/es/categorias/imagen/;/es/categorias/pdf/;/es/categorias/texto/;/es/categorias/tiempo/;/es/flujos/;/es/guias/;/es/herramientas/;/es/;/es/para/,84,30,2,OK
https://funnytools.win/es/guias/,hub,es,141,141,1,/en/guides/;/es/categorias/azar/;/es/categorias/dibujo/;/es/categorias/dinero/;/es/categorias/estadistica/;/es/categorias/estudio/;/es/categorias/imagen/;/es/categorias/pdf/;/es/categorias/texto/;/es/categorias/tiempo/;/es/flujos/;/es/guias/;/es/herramientas/;/es/;/es/para/;/guides/,84,48,2,OK
https://funnytools.win/es/guias/interaccion-anova-dos-factores/,guide,es,141,141,1,/es/categorias/azar/;/es/categorias/dibujo/;/es/categorias/dinero/;/es/categorias/estadistica/;/es/categorias/estudio/;/es/categorias/imagen/;/es/categorias/pdf/;/es/categorias/texto/;/es/categorias/tiempo/;/es/flujos/;/es/guias/;/es/herramientas/;/es/;/es/para/,85,30,3,OK
https://funnytools.win/es/guias/kb-mb-gb-tb-conversion/,guide,es,140,140,1,/es/categorias/azar/;/es/categorias/dibujo/;/es/categorias/dinero/;/es/categorias/estadistica/;/es/categorias/estudio/;/es/categorias/imagen/;/es/categorias/pdf/;/es/categorias/texto/;/es/categorias/tiempo/;/es/flujos/;/es/guias/;/es/herramientas/;/es/;/es/para/,85,28,2,OK
https://funnytools.win/es/guias/limite-palabras-ensayos-examenes/,guide,es,141,141,1,/es/categorias/azar/;/es/categorias/dibujo/;/es/categorias/dinero/;/es/categorias/estadistica/;/es/categorias/estudio/;/es/categorias/imagen/;/es/categorias/pdf/;/es/categorias/texto/;/es/categorias/tiempo/;/es/flujos/;/es/guias/;/es/herramientas/;/es/;/es/para/,85,30,2,OK
https://funnytools.win/es/guias/prueba-levene-spss/,guide,es,141,141,1,/es/categorias/azar/;/es/categorias/dibujo/;/es/categorias/dinero/;/es/categorias/estadistica/;/es/categorias/estudio/;/es/categorias/imagen/;/es/categorias/pdf/;/es/categorias/texto/;/es/categorias/tiempo/;/es/flujos/;/es/guias/;/es/herramientas/;/es/;/es/para/,85,31,3,OK
https://funnytools.win/es/guias/prueba-t-formato-apa-7/,guide,es,141,141,1,/es/categorias/azar/;/es/categorias/dibujo/;/es/categorias/dinero/;/es/categorias/estadistica/;/es/categorias/estudio/;/es/categorias/imagen/;/es/categorias/pdf/;/es/categorias/texto/;/es/categorias/tiempo/;/es/flujos/;/es/guias/;/es/herramientas/;/es/;/es/para/,84,31,3,OK
https://funnytools.win/es/guias/puntuacion-t-interpretacion/,guide,es,141,141,1,/es/categorias/azar/;/es/categorias/dibujo/;/es/categorias/dinero/;/es/categorias/estadistica/;/es/categorias/estudio/;/es/categorias/imagen/;/es/categorias/pdf/;/es/categorias/texto/;/es/categorias/tiempo/;/es/flujos/;/es/guias/;/es/herramientas/;/es/;/es/para/,85,30,2,OK
https://funnytools.win/es/guias/puntuacion-z-interpretacion/,guide,es,141,141,1,/es/categorias/azar/;/es/categorias/dibujo/;/es/categorias/dinero/;/es/categorias/estadistica/;/es/categorias/estudio/;/es/categorias/imagen/;/es/categorias/pdf/;/es/categorias/texto/;/es/categorias/tiempo/;/es/flujos/;/es/guias/;/es/herramientas/;/es/;/es/para/,85,31,2,OK
https://funnytools.win/es/guias/rango-percentil-interpretacion/,guide,es,141,141,1,/es/categorias/azar/;/es/categorias/dibujo/;/es/categorias/dinero/;/es/categorias/estadistica/;/es/categorias/estudio/;/es/categorias/imagen/;/es/categorias/pdf/;/es/categorias/texto/;/es/categorias/tiempo/;/es/flujos/;/es/guias/;/es/herramientas/;/es/;/es/para/,84,32,2,OK
https://funnytools.win/es/guias/ruleta-sorteos-clase/,guide,es,141,141,1,/es/categorias/azar/;/es/categorias/dibujo/;/es/categorias/dinero/;/es/categorias/estadistica/;/es/categorias/estudio/;/es/categorias/imagen/;/es/categorias/pdf/;/es/categorias/texto/;/es/categorias/tiempo/;/es/flujos/;/es/guias/;/es/herramientas/;/es/;/es/para/,85,30,2,OK
https://funnytools.win/es/guias/selector-aleatorio-alumnos/,guide,es,141,141,1,/es/categorias/azar/;/es/categorias/dibujo/;/es/categorias/dinero/;/es/categorias/estadistica/;/es/categorias/estudio/;/es/categorias/imagen/;/es/categorias/pdf/;/es/categorias/texto/;/es/categorias/tiempo/;/es/flujos/;/es/guias/;/es/herramientas/;/es/;/es/para/,84,30,2,OK
https://funnytools.win/es/guias/temporizador-clase/,guide,es,141,141,1,/es/categorias/azar/;/es/categorias/dibujo/;/es/categorias/dinero/;/es/categorias/estadistica/;/es/categorias/estudio/;/es/categorias/imagen/;/es/categorias/pdf/;/es/categorias/texto/;/es/categorias/tiempo/;/es/flujos/;/es/guias/;/es/herramientas/;/es/;/es/para/,86,30,2,OK
https://funnytools.win/es/guias/unir-pdf-sin-subir-archivos/,guide,es,141,141,1,/es/categorias/azar/;/es/categorias/dibujo/;/es/categorias/dinero/;/es/categorias/estadistica/;/es/categorias/estudio/;/es/categorias/imagen/;/es/categorias/pdf/;/es/categorias/texto/;/es/categorias/tiempo/;/es/flujos/;/es/guias/;/es/herramientas/;/es/;/es/para/,86,30,2,OK
https://funnytools.win/es/herramientas/cad-2d-online/,tool,es,142,142,1,/es/categorias/azar/;/es/categorias/dibujo/;/es/categorias/dinero/;/es/categorias/estadistica/;/es/categorias/estudio/;/es/categorias/imagen/;/es/categorias/pdf/;/es/categorias/texto/;/es/categorias/tiempo/;/es/flujos/;/es/guias/;/es/herramientas/;/es/;/es/para/,92,24,2,OK
https://funnytools.win/es/herramientas/calculadora-alfa-cronbach/,tool,es,141,141,1,/es/categorias/azar/;/es/categorias/dibujo/;/es/categorias/dinero/;/es/categorias/estadistica/;/es/categorias/estudio/;/es/categorias/imagen/;/es/categorias/pdf/;/es/categorias/texto/;/es/categorias/tiempo/;/es/flujos/;/es/guias/;/es/herramientas/;/es/;/es/para/,90,24,2,OK
https://funnytools.win/es/herramientas/calculadora-de-edad/,tool,es,142,142,1,/es/categorias/azar/;/es/categorias/dibujo/;/es/categorias/dinero/;/es/categorias/estadistica/;/es/categorias/estudio/;/es/categorias/imagen/;/es/categorias/pdf/;/es/categorias/texto/;/es/categorias/tiempo/;/es/flujos/;/es/guias/;/es/herramientas/;/es/;/es/para/,92,24,2,OK
https://funnytools.win/es/herramientas/calculadora-desviacion-estandar/,tool,es,142,142,1,/es/categorias/azar/;/es/categorias/dibujo/;/es/categorias/dinero/;/es/categorias/estadistica/;/es/categorias/estudio/;/es/categorias/imagen/;/es/categorias/pdf/;/es/categorias/texto/;/es/categorias/tiempo/;/es/flujos/;/es/guias/;/es/herramientas/;/es/;/es/para/,92,24,2,OK
https://funnytools.win/es/herramientas/calculadora-dias-laborables/,tool,es,142,142,1,/es/categorias/azar/;/es/categorias/dibujo/;/es/categorias/dinero/;/es/categorias/estadistica/;/es/categorias/estudio/;/es/categorias/imagen/;/es/categorias/pdf/;/es/categorias/texto/;/es/categorias/tiempo/;/es/flujos/;/es/guias/;/es/herramientas/;/es/;/es/para/,92,24,2,OK
https://funnytools.win/es/herramientas/calculadora-gpa/,tool,es,141,141,1,/es/categorias/azar/;/es/categorias/dibujo/;/es/categorias/dinero/;/es/categorias/estadistica/;/es/categorias/estudio/;/es/categorias/imagen/;/es/categorias/pdf/;/es/categorias/texto/;/es/categorias/tiempo/;/es/flujos/;/es/guias/;/es/herramientas/;/es/;/es/para/,90,24,2,OK
https://funnytools.win/es/herramientas/calculadora-hipoteca/,tool,es,142,142,1,/es/categorias/azar/;/es/categorias/dibujo/;/es/categorias/dinero/;/es/categorias/estadistica/;/es/categorias/estudio/;/es/categorias/imagen/;/es/categorias/pdf/;/es/categorias/texto/;/es/categorias/tiempo/;/es/flujos/;/es/guias/;/es/herramientas/;/es/;/es/para/,92,24,2,OK
https://funnytools.win/es/herramientas/calculadora-horas-extra/,tool,es,142,142,1,/es/categorias/azar/;/es/categorias/dibujo/;/es/categorias/dinero/;/es/categorias/estadistica/;/es/categorias/estudio/;/es/categorias/imagen/;/es/categorias/pdf/;/es/categorias/texto/;/es/categorias/tiempo/;/es/flujos/;/es/guias/;/es/herramientas/;/es/;/es/para/,92,24,2,OK
https://funnytools.win/es/herramientas/calculadora-inflacion/,tool,es,142,142,1,/es/categorias/azar/;/es/categorias/dibujo/;/es/categorias/dinero/;/es/categorias/estadistica/;/es/categorias/estudio/;/es/categorias/imagen/;/es/categorias/pdf/;/es/categorias/texto/;/es/categorias/tiempo/;/es/flujos/;/es/guias/;/es/herramientas/;/es/;/es/para/,92,24,2,OK
https://funnytools.win/es/herramientas/calculadora-interes-compuesto/,tool,es,142,142,1,/es/categorias/azar/;/es/categorias/dibujo/;/es/categorias/dinero/;/es/categorias/estadistica/;/es/categorias/estudio/;/es/categorias/imagen/;/es/categorias/pdf/;/es/categorias/texto/;/es/categorias/tiempo/;/es/flujos/;/es/guias/;/es/herramientas/;/es/;/es/para/,92,24,2,OK
https://funnytools.win/es/herramientas/calculadora-media-ponderada/,tool,es,142,142,1,/es/categorias/azar/;/es/categorias/dibujo/;/es/categorias/dinero/;/es/categorias/estadistica/;/es/categorias/estudio/;/es/categorias/imagen/;/es/categorias/pdf/;/es/categorias/texto/;/es/categorias/tiempo/;/es/flujos/;/es/guias/;/es/herramientas/;/es/;/es/para/,92,24,2,OK
https://funnytools.win/es/herramientas/calculadora-meta-ahorro/,tool,es,142,142,1,/es/categorias/azar/;/es/categorias/dibujo/;/es/categorias/dinero/;/es/categorias/estadistica/;/es/categorias/estudio/;/es/categorias/imagen/;/es/categorias/pdf/;/es/categorias/texto/;/es/categorias/tiempo/;/es/flujos/;/es/guias/;/es/herramientas/;/es/;/es/para/,92,24,2,OK
https://funnytools.win/es/herramientas/calculadora-nota-oposicion-docente/,tool,es,141,141,1,/es/categorias/azar/;/es/categorias/dibujo/;/es/categorias/dinero/;/es/categorias/estadistica/;/es/categorias/estudio/;/es/categorias/imagen/;/es/categorias/pdf/;/es/categorias/texto/;/es/categorias/tiempo/;/es/flujos/;/es/guias/;/es/herramientas/;/es/;/es/para/,90,24,2,OK
https://funnytools.win/es/herramientas/calculadora-percentil-ranking-clase/,tool,es,141,141,1,/es/categorias/azar/;/es/categorias/dibujo/;/es/categorias/dinero/;/es/categorias/estadistica/;/es/categorias/estudio/;/es/categorias/imagen/;/es/categorias/pdf/;/es/categorias/texto/;/es/categorias/tiempo/;/es/flujos/;/es/guias/;/es/herramientas/;/es/;/es/para/,90,24,2,OK
https://funnytools.win/es/herramientas/calculadora-porcentajes/,tool,es,142,142,1,/es/categorias/azar/;/es/categorias/dibujo/;/es/categorias/dinero/;/es/categorias/estadistica/;/es/categorias/estudio/;/es/categorias/imagen/;/es/categorias/pdf/;/es/categorias/texto/;/es/categorias/tiempo/;/es/flujos/;/es/guias/;/es/herramientas/;/es/;/es/para/,92,24,2,OK
https://funnytools.win/es/herramientas/calculadora-promedio-notas/,tool,es,142,142,1,/es/categorias/azar/;/es/categorias/dibujo/;/es/categorias/dinero/;/es/categorias/estadistica/;/es/categorias/estudio/;/es/categorias/imagen/;/es/categorias/pdf/;/es/categorias/texto/;/es/categorias/tiempo/;/es/flujos/;/es/guias/;/es/herramientas/;/es/;/es/para/,92,24,2,OK
https://funnytools.win/es/herramientas/calculadora-puntuacion-t/,tool,es,142,142,1,/es/categorias/azar/;/es/categorias/dibujo/;/es/categorias/dinero/;/es/categorias/estadistica/;/es/categorias/estudio/;/es/categorias/imagen/;/es/categorias/pdf/;/es/categorias/texto/;/es/categorias/tiempo/;/es/flujos/;/es/guias/;/es/herramientas/;/es/;/es/para/,92,24,2,OK
https://funnytools.win/es/herramientas/calculadora-puntuacion-z/,tool,es,142,142,1,/es/categorias/azar/;/es/categorias/dibujo/;/es/categorias/dinero/;/es/categorias/estadistica/;/es/categorias/estudio/;/es/categorias/imagen/;/es/categorias/pdf/;/es/categorias/texto/;/es/categorias/tiempo/;/es/flujos/;/es/guias/;/es/herramientas/;/es/;/es/para/,92,24,2,OK
https://funnytools.win/es/herramientas/calculadora-rango-percentil/,tool,es,142,142,1,/es/categorias/azar/;/es/categorias/dibujo/;/es/categorias/dinero/;/es/categorias/estadistica/;/es/categorias/estudio/;/es/categorias/imagen/;/es/categorias/pdf/;/es/categorias/texto/;/es/categorias/tiempo/;/es/flujos/;/es/guias/;/es/herramientas/;/es/;/es/para/,92,24,2,OK
https://funnytools.win/es/herramientas/calculadora-sueldo-neto/,tool,es,142,142,1,/es/categorias/azar/;/es/categorias/dibujo/;/es/categorias/dinero/;/es/categorias/estadistica/;/es/categorias/estudio/;/es/categorias/imagen/;/es/categorias/pdf/;/es/categorias/texto/;/es/categorias/tiempo/;/es/flujos/;/es/guias/;/es/herramientas/;/es/;/es/para/,92,24,2,OK
https://funnytools.win/es/herramientas/calculadora-t-muestras-independientes/,tool,es,141,141,1,/es/categorias/azar/;/es/categorias/dibujo/;/es/categorias/dinero/;/es/categorias/estadistica/;/es/categorias/estudio/;/es/categorias/imagen/;/es/categorias/pdf/;/es/categorias/texto/;/es/categorias/tiempo/;/es/flujos/;/es/guias/;/es/herramientas/;/es/;/es/para/,91,24,2,OK
https://funnytools.win/es/herramientas/calcular-diferencia-entre-fechas/,tool,es,142,142,1,/es/categorias/azar/;/es/categorias/dibujo/;/es/categorias/dinero/;/es/categorias/estadistica/;/es/categorias/estudio/;/es/categorias/imagen/;/es/categorias/pdf/;/es/categorias/texto/;/es/categorias/tiempo/;/es/flujos/;/es/guias/;/es/herramientas/;/es/;/es/para/,92,24,2,OK
https://funnytools.win/es/herramientas/codificar-decodificar-base64/,tool,es,142,142,1,/es/categorias/azar/;/es/categorias/dibujo/;/es/categorias/dinero/;/es/categorias/estadistica/;/es/categorias/estudio/;/es/categorias/imagen/;/es/categorias/pdf/;/es/categorias/texto/;/es/categorias/tiempo/;/es/flujos/;/es/guias/;/es/herramientas/;/es/;/es/para/,92,24,2,OK
https://funnytools.win/es/herramientas/codificar-decodificar-url/,tool,es,142,142,1,/es/categorias/azar/;/es/categorias/dibujo/;/es/categorias/dinero/;/es/categorias/estadistica/;/es/categorias/estudio/;/es/categorias/imagen/;/es/categorias/pdf/;/es/categorias/texto/;/es/categorias/tiempo/;/es/flujos/;/es/guias/;/es/herramientas/;/es/;/es/para/,92,24,2,OK
https://funnytools.win/es/herramientas/comprimir-imagenes/,tool,es,142,142,1,/es/categorias/azar/;/es/categorias/dibujo/;/es/categorias/dinero/;/es/categorias/estadistica/;/es/categorias/estudio/;/es/categorias/imagen/;/es/categorias/pdf/;/es/categorias/texto/;/es/categorias/tiempo/;/es/flujos/;/es/guias/;/es/herramientas/;/es/;/es/para/,92,24,2,OK
https://funnytools.win/es/herramientas/comprimir-pdf/,tool,es,142,142,1,/es/categorias/azar/;/es/categorias/dibujo/;/es/categorias/dinero/;/es/categorias/estadistica/;/es/categorias/estudio/;/es/categorias/imagen/;/es/categorias/pdf/;/es/categorias/texto/;/es/categorias/tiempo/;/es/flujos/;/es/guias/;/es/herramientas/;/es/;/es/para/,92,24,2,OK
https://funnytools.win/es/herramientas/contador-caracteres/,tool,es,142,142,1,/es/categorias/azar/;/es/categorias/dibujo/;/es/categorias/dinero/;/es/categorias/estadistica/;/es/categorias/estudio/;/es/categorias/imagen/;/es/categorias/pdf/;/es/categorias/texto/;/es/categorias/tiempo/;/es/flujos/;/es/guias/;/es/herramientas/;/es/;/es/para/,92,24,2,OK
https://funnytools.win/es/herramientas/contador-palabras/,tool,es,142,142,1,/es/categorias/azar/;/es/categorias/dibujo/;/es/categorias/dinero/;/es/categorias/estadistica/;/es/categorias/estudio/;/es/categorias/imagen/;/es/categorias/pdf/;/es/categorias/texto/;/es/categorias/tiempo/;/es/flujos/;/es/guias/;/es/herramientas/;/es/;/es/para/,92,24,2,OK
https://funnytools.win/es/herramientas/conversor-puntuaciones-estandarizadas/,tool,es,141,141,1,/es/categorias/azar/;/es/categorias/dibujo/;/es/categorias/dinero/;/es/categorias/estadistica/;/es/categorias/estudio/;/es/categorias/imagen/;/es/categorias/pdf/;/es/categorias/texto/;/es/categorias/tiempo/;/es/flujos/;/es/guias/;/es/herramientas/;/es/;/es/para/,90,24,2,OK
https://funnytools.win/es/herramientas/convertir-csv-a-json/,tool,es,142,142,1,/es/categorias/azar/;/es/categorias/dibujo/;/es/categorias/dinero/;/es/categorias/estadistica/;/es/categorias/estudio/;/es/categorias/imagen/;/es/categorias/pdf/;/es/categorias/texto/;/es/categorias/tiempo/;/es/flujos/;/es/guias/;/es/herramientas/;/es/;/es/para/,92,24,2,OK
https://funnytools.win/es/herramientas/convertir-imagen-base64/,tool,es,142,142,1,/es/categorias/azar/;/es/categorias/dibujo/;/es/categorias/dinero/;/es/categorias/estadistica/;/es/categorias/estudio/;/es/categorias/imagen/;/es/categorias/pdf/;/es/categorias/texto/;/es/categorias/tiempo/;/es/flujos/;/es/guias/;/es/herramientas/;/es/;/es/para/,92,24,2,OK
https://funnytools.win/es/herramientas/convertir-imagenes-a-pdf/,tool,es,142,142,1,/es/categorias/azar/;/es/categorias/dibujo/;/es/categorias/dinero/;/es/categorias/estadistica/;/es/categorias/estudio/;/es/categorias/imagen/;/es/categorias/pdf/;/es/categorias/texto/;/es/categorias/tiempo/;/es/flujos/;/es/guias/;/es/herramientas/;/es/;/es/para/,92,24,2,OK
https://funnytools.win/es/herramientas/convertir-jpg-a-png/,tool,es,142,142,1,/es/categorias/azar/;/es/categorias/dibujo/;/es/categorias/dinero/;/es/categorias/estadistica/;/es/categorias/estudio/;/es/categorias/imagen/;/es/categorias/pdf/;/es/categorias/texto/;/es/categorias/tiempo/;/es/flujos/;/es/guias/;/es/herramientas/;/es/;/es/para/,92,24,2,OK
https://funnytools.win/es/herramientas/convertir-jpg-a-webp/,tool,es,142,142,1,/es/categorias/azar/;/es/categorias/dibujo/;/es/categorias/dinero/;/es/categorias/estadistica/;/es/categorias/estudio/;/es/categorias/imagen/;/es/categorias/pdf/;/es/categorias/texto/;/es/categorias/tiempo/;/es/flujos/;/es/guias/;/es/herramientas/;/es/;/es/para/,92,24,2,OK
https://funnytools.win/es/herramientas/convertir-json-a-csv/,tool,es,142,142,1,/es/categorias/azar/;/es/categorias/dibujo/;/es/categorias/dinero/;/es/categorias/estadistica/;/es/categorias/estudio/;/es/categorias/imagen/;/es/categorias/pdf/;/es/categorias/texto/;/es/categorias/tiempo/;/es/flujos/;/es/guias/;/es/herramientas/;/es/;/es/para/,92,24,2,OK
https://funnytools.win/es/herramientas/convertir-mayusculas-minusculas/,tool,es,142,142,1,/es/categorias/azar/;/es/categorias/dibujo/;/es/categorias/dinero/;/es/categorias/estadistica/;/es/categorias/estudio/;/es/categorias/imagen/;/es/categorias/pdf/;/es/categorias/texto/;/es/categorias/tiempo/;/es/flujos/;/es/guias/;/es/herramientas/;/es/;/es/para/,92,24,2,OK
https://funnytools.win/es/herramientas/convertir-pdf-a-imagen/,tool,es,142,142,1,/es/categorias/azar/;/es/categorias/dibujo/;/es/categorias/dinero/;/es/categorias/estadistica/;/es/categorias/estudio/;/es/categorias/imagen/;/es/categorias/pdf/;/es/categorias/texto/;/es/categorias/tiempo/;/es/flujos/;/es/guias/;/es/herramientas/;/es/;/es/para/,92,24,2,OK
https://funnytools.win/es/herramientas/convertir-png-a-jpg/,tool,es,142,142,1,/es/categorias/azar/;/es/categorias/dibujo/;/es/categorias/dinero/;/es/categorias/estadistica/;/es/categorias/estudio/;/es/categorias/imagen/;/es/categorias/pdf/;/es/categorias/texto/;/es/categorias/tiempo/;/es/flujos/;/es/guias/;/es/herramientas/;/es/;/es/para/,92,24,2,OK
https://funnytools.win/es/herramientas/convertir-timestamp-unix/,tool,es,142,142,1,/es/categorias/azar/;/es/categorias/dibujo/;/es/categorias/dinero/;/es/categorias/estadistica/;/es/categorias/estudio/;/es/categorias/imagen/;/es/categorias/pdf/;/es/categorias/texto/;/es/categorias/tiempo/;/es/flujos/;/es/guias/;/es/herramientas/;/es/;/es/para/,92,24,2,OK
https://funnytools.win/es/herramientas/convertir-webp-a-jpg/,tool,es,142,142,1,/es/categorias/azar/;/es/categorias/dibujo/;/es/categorias/dinero/;/es/categorias/estadistica/;/es/categorias/estudio/;/es/categorias/imagen/;/es/categorias/pdf/;/es/categorias/texto/;/es/categorias/tiempo/;/es/flujos/;/es/guias/;/es/herramientas/;/es/;/es/para/,92,24,2,OK
https://funnytools.win/es/herramientas/crear-diagrama-flujo/,tool,es,142,142,1,/es/categorias/azar/;/es/categorias/dibujo/;/es/categorias/dinero/;/es/categorias/estadistica/;/es/categorias/estudio/;/es/categorias/imagen/;/es/categorias/pdf/;/es/categorias/texto/;/es/categorias/tiempo/;/es/flujos/;/es/guias/;/es/herramientas/;/es/;/es/para/,93,24,2,OK
https://funnytools.win/es/herramientas/crear-grafico-barras/,tool,es,142,142,1,/es/categorias/azar/;/es/categorias/dibujo/;/es/categorias/dinero/;/es/categorias/estadistica/;/es/categorias/estudio/;/es/categorias/imagen/;/es/categorias/pdf/;/es/categorias/texto/;/es/categorias/tiempo/;/es/flujos/;/es/guias/;/es/herramientas/;/es/;/es/para/,92,24,2,OK
https://funnytools.win/es/herramientas/crear-grafico-circular/,tool,es,142,142,1,/es/categorias/azar/;/es/categorias/dibujo/;/es/categorias/dinero/;/es/categorias/estadistica/;/es/categorias/estudio/;/es/categorias/imagen/;/es/categorias/pdf/;/es/categorias/texto/;/es/categorias/tiempo/;/es/flujos/;/es/guias/;/es/herramientas/;/es/;/es/para/,92,24,2,OK
https://funnytools.win/es/herramientas/crear-grupos-clase/,tool,es,142,142,1,/es/categorias/azar/;/es/categorias/dibujo/;/es/categorias/dinero/;/es/categorias/estadistica/;/es/categorias/estudio/;/es/categorias/imagen/;/es/categorias/pdf/;/es/categorias/texto/;/es/categorias/tiempo/;/es/flujos/;/es/guias/;/es/herramientas/;/es/;/es/para/,93,24,2,OK
https://funnytools.win/es/herramientas/crear-plano-asientos-aula/,tool,es,142,142,1,/es/categorias/azar/;/es/categorias/dibujo/;/es/categorias/dinero/;/es/categorias/estadistica/;/es/categorias/estudio/;/es/categorias/imagen/;/es/categorias/pdf/;/es/categorias/texto/;/es/categorias/tiempo/;/es/flujos/;/es/guias/;/es/herramientas/;/es/;/es/para/,92,24,2,OK
https://funnytools.win/es/herramientas/cronometro-online/,tool,es,142,142,1,/es/categorias/azar/;/es/categorias/dibujo/;/es/categorias/dinero/;/es/categorias/estadistica/;/es/categorias/estudio/;/es/categorias/imagen/;/es/categorias/pdf/;/es/categorias/texto/;/es/categorias/tiempo/;/es/flujos/;/es/guias/;/es/herramientas/;/es/;/es/para/,92,24,2,OK
https://funnytools.win/es/herramientas/decidir-entre-dos-opciones/,tool,es,142,142,1,/es/categorias/azar/;/es/categorias/dibujo/;/es/categorias/dinero/;/es/categorias/estadistica/;/es/categorias/estudio/;/es/categorias/imagen/;/es/categorias/pdf/;/es/categorias/texto/;/es/categorias/tiempo/;/es/flujos/;/es/guias/;/es/herramientas/;/es/;/es/para/,92,24,2,OK
https://funnytools.win/es/herramientas/dividir-pdf/,tool,es,142,142,1,/es/categorias/azar/;/es/categorias/dibujo/;/es/categorias/dinero/;/es/categorias/estadistica/;/es/categorias/estudio/;/es/categorias/imagen/;/es/categorias/pdf/;/es/categorias/texto/;/es/categorias/tiempo/;/es/flujos/;/es/guias/;/es/herramientas/;/es/;/es/para/,92,24,2,OK
https://funnytools.win/es/herramientas/editor-markdown-online/,tool,es,142,142,1,/es/categorias/azar/;/es/categorias/dibujo/;/es/categorias/dinero/;/es/categorias/estadistica/;/es/categorias/estudio/;/es/categorias/imagen/;/es/categorias/pdf/;/es/categorias/texto/;/es/categorias/tiempo/;/es/flujos/;/es/guias/;/es/herramientas/;/es/;/es/para/,92,24,2,OK
https://funnytools.win/es/herramientas/eliminar-lineas-duplicadas/,tool,es,142,142,1,/es/categorias/azar/;/es/categorias/dibujo/;/es/categorias/dinero/;/es/categorias/estadistica/;/es/categorias/estudio/;/es/categorias/imagen/;/es/categorias/pdf/;/es/categorias/texto/;/es/categorias/tiempo/;/es/flujos/;/es/guias/;/es/herramientas/;/es/;/es/para/,92,24,2,OK
https://funnytools.win/es/herramientas/eliminar-lineas-vacias/,tool,es,142,142,1,/es/categorias/azar/;/es/categorias/dibujo/;/es/categorias/dinero/;/es/categorias/estadistica/;/es/categorias/estudio/;/es/categorias/imagen/;/es/categorias/pdf/;/es/categorias/texto/;/es/categorias/tiempo/;/es/flujos/;/es/guias/;/es/herramientas/;/es/;/es/para/,92,24,2,OK
https://funnytools.win/es/herramientas/eliminar-paginas-pdf/,tool,es,142,142,1,/es/categorias/azar/;/es/categorias/dibujo/;/es/categorias/dinero/;/es/categorias/estadistica/;/es/categorias/estudio/;/es/categorias/imagen/;/es/categorias/pdf/;/es/categorias/texto/;/es/categorias/tiempo/;/es/flujos/;/es/guias/;/es/herramientas/;/es/;/es/para/,92,24,2,OK
https://funnytools.win/es/herramientas/extraer-paginas-pdf/,tool,es,142,142,1,/es/categorias/azar/;/es/categorias/dibujo/;/es/categorias/dinero/;/es/categorias/estadistica/;/es/categorias/estudio/;/es/categorias/imagen/;/es/categorias/pdf/;/es/categorias/texto/;/es/categorias/tiempo/;/es/flujos/;/es/guias/;/es/herramientas/;/es/;/es/para/,92,24,2,OK
https://funnytools.win/es/herramientas/formatear-validar-json/,tool,es,142,142,1,/es/categorias/azar/;/es/categorias/dibujo/;/es/categorias/dinero/;/es/categorias/estadistica/;/es/categorias/estudio/;/es/categorias/imagen/;/es/categorias/pdf/;/es/categorias/texto/;/es/categorias/tiempo/;/es/flujos/;/es/guias/;/es/herramientas/;/es/;/es/para/,92,24,2,OK
https://funnytools.win/es/herramientas/generador-codigo-barras/,tool,es,142,142,1,/es/categorias/azar/;/es/categorias/dibujo/;/es/categorias/dinero/;/es/categorias/estadistica/;/es/categorias/estudio/;/es/categorias/imagen/;/es/categorias/pdf/;/es/categorias/texto/;/es/categorias/tiempo/;/es/flujos/;/es/guias/;/es/herramientas/;/es/;/es/para/,92,24,2,OK
https://funnytools.win/es/herramientas/generador-codigo-qr/,tool,es,142,142,1,/es/categorias/azar/;/es/categorias/dibujo/;/es/categorias/dinero/;/es/categorias/estadistica/;/es/categorias/estudio/;/es/categorias/imagen/;/es/categorias/pdf/;/es/categorias/texto/;/es/categorias/tiempo/;/es/flujos/;/es/guias/;/es/herramientas/;/es/;/es/para/,92,24,2,OK
https://funnytools.win/es/herramientas/generador-colores-hex-rgb-hsl/,tool,es,142,142,1,/es/categorias/azar/;/es/categorias/dibujo/;/es/categorias/dinero/;/es/categorias/estadistica/;/es/categorias/estudio/;/es/categorias/imagen/;/es/categorias/pdf/;/es/categorias/texto/;/es/categorias/tiempo/;/es/flujos/;/es/guias/;/es/herramientas/;/es/;/es/para/,92,24,2,OK
https://funnytools.win/es/herramientas/generador-contrasenas-seguras/,tool,es,142,142,1,/es/categorias/azar/;/es/categorias/dibujo/;/es/categorias/dinero/;/es/categorias/estadistica/;/es/categorias/estudio/;/es/categorias/imagen/;/es/categorias/pdf/;/es/categorias/texto/;/es/categorias/tiempo/;/es/flujos/;/es/guias/;/es/herramientas/;/es/;/es/para/,92,24,2,OK
https://funnytools.win/es/herramientas/generador-grupos-aleatorios/,tool,es,142,142,1,/es/categorias/azar/;/es/categorias/dibujo/;/es/categorias/dinero/;/es/categorias/estadistica/;/es/categorias/estudio/;/es/categorias/imagen/;/es/categorias/pdf/;/es/categorias/texto/;/es/categorias/tiempo/;/es/flujos/;/es/guias/;/es/herramientas/;/es/;/es/para/,92,24,2,OK
https://funnytools.win/es/herramientas/generador-informe-apa-7/,tool,es,141,141,1,/es/categorias/azar/;/es/categorias/dibujo/;/es/categorias/dinero/;/es/categorias/estadistica/;/es/categorias/estudio/;/es/categorias/imagen/;/es/categorias/pdf/;/es/categorias/texto/;/es/categorias/tiempo/;/es/flujos/;/es/guias/;/es/herramientas/;/es/;/es/para/,90,26,2,OK
https://funnytools.win/es/herramientas/generador-numeros-aleatorios/,tool,es,142,142,1,/es/categorias/azar/;/es/categorias/dibujo/;/es/categorias/dinero/;/es/categorias/estadistica/;/es/categorias/estudio/;/es/categorias/imagen/;/es/categorias/pdf/;/es/categorias/texto/;/es/categorias/tiempo/;/es/flujos/;/es/guias/;/es/herramientas/;/es/;/es/para/,92,24,2,OK
https://funnytools.win/es/herramientas/generador-uuid-v4/,tool,es,142,142,1,/es/categorias/azar/;/es/categorias/dibujo/;/es/categorias/dinero/;/es/categorias/estadistica/;/es/categorias/estudio/;/es/categorias/imagen/;/es/categorias/pdf/;/es/categorias/texto/;/es/categorias/tiempo/;/es/flujos/;/es/guias/;/es/herramientas/;/es/;/es/para/,92,24,2,OK
https://funnytools.win/es/herramientas/,hub,es,142,142,1,/en/tools/;/es/categorias/azar/;/es/categorias/dibujo/;/es/categorias/dinero/;/es/categorias/estadistica/;/es/categorias/estudio/;/es/categorias/imagen/;/es/categorias/pdf/;/es/categorias/texto/;/es/categorias/tiempo/;/es/flujos/;/es/guias/;/es/herramientas/;/es/;/es/para/;/fr/outils/;/tools/,241,24,2,OK
https://funnytools.win/es/herramientas/interpretar-resultados-spss/,tool,es,141,141,1,/es/categorias/azar/;/es/categorias/dibujo/;/es/categorias/dinero/;/es/categorias/estadistica/;/es/categorias/estudio/;/es/categorias/imagen/;/es/categorias/pdf/;/es/categorias/texto/;/es/categorias/tiempo/;/es/flujos/;/es/guias/;/es/herramientas/;/es/;/es/para/,90,25,3,OK
https://funnytools.win/es/herramientas/ordenar-lineas-texto/,tool,es,142,142,1,/es/categorias/azar/;/es/categorias/dibujo/;/es/categorias/dinero/;/es/categorias/estadistica/;/es/categorias/estudio/;/es/categorias/imagen/;/es/categorias/pdf/;/es/categorias/texto/;/es/categorias/tiempo/;/es/flujos/;/es/guias/;/es/herramientas/;/es/;/es/para/,92,24,2,OK
https://funnytools.win/es/herramientas/ordenar-paginas-pdf/,tool,es,142,142,1,/es/categorias/azar/;/es/categorias/dibujo/;/es/categorias/dinero/;/es/categorias/estadistica/;/es/categorias/estudio/;/es/categorias/imagen/;/es/categorias/pdf/;/es/categorias/texto/;/es/categorias/tiempo/;/es/flujos/;/es/guias/;/es/herramientas/;/es/;/es/para/,92,24,2,OK
https://funnytools.win/es/herramientas/pizarra-dibujo-online/,tool,es,142,142,1,/es/categorias/azar/;/es/categorias/dibujo/;/es/categorias/dinero/;/es/categorias/estadistica/;/es/categorias/estudio/;/es/categorias/imagen/;/es/categorias/pdf/;/es/categorias/texto/;/es/categorias/tiempo/;/es/flujos/;/es/guias/;/es/herramientas/;/es/;/es/para/,93,24,2,OK
https://funnytools.win/es/herramientas/que-comer-hoy/,tool,es,142,142,1,/es/categorias/azar/;/es/categorias/dibujo/;/es/categorias/dinero/;/es/categorias/estadistica/;/es/categorias/estudio/;/es/categorias/imagen/;/es/categorias/pdf/;/es/categorias/texto/;/es/categorias/tiempo/;/es/flujos/;/es/guias/;/es/herramientas/;/es/;/es/para/,92,24,2,OK
https://funnytools.win/es/herramientas/recordatorio-descansos/,tool,es,142,142,1,/es/categorias/azar/;/es/categorias/dibujo/;/es/categorias/dinero/;/es/categorias/estadistica/;/es/categorias/estudio/;/es/categorias/imagen/;/es/categorias/pdf/;/es/categorias/texto/;/es/categorias/tiempo/;/es/flujos/;/es/guias/;/es/herramientas/;/es/;/es/para/,92,24,2,OK
https://funnytools.win/es/herramientas/recortar-imagen/,tool,es,142,142,1,/es/categorias/azar/;/es/categorias/dibujo/;/es/categorias/dinero/;/es/categorias/estadistica/;/es/categorias/estudio/;/es/categorias/imagen/;/es/categorias/pdf/;/es/categorias/texto/;/es/categorias/tiempo/;/es/flujos/;/es/guias/;/es/herramientas/;/es/;/es/para/,92,24,2,OK
https://funnytools.win/es/herramientas/redimensionar-imagen/,tool,es,142,142,1,/es/categorias/azar/;/es/categorias/dibujo/;/es/categorias/dinero/;/es/categorias/estadistica/;/es/categorias/estudio/;/es/categorias/imagen/;/es/categorias/pdf/;/es/categorias/texto/;/es/categorias/tiempo/;/es/flujos/;/es/guias/;/es/herramientas/;/es/;/es/para/,92,24,2,OK
https://funnytools.win/es/herramientas/rotar-pdf/,tool,es,142,142,1,/es/categorias/azar/;/es/categorias/dibujo/;/es/categorias/dinero/;/es/categorias/estadistica/;/es/categorias/estudio/;/es/categorias/imagen/;/es/categorias/pdf/;/es/categorias/texto/;/es/categorias/tiempo/;/es/flujos/;/es/guias/;/es/herramientas/;/es/;/es/para/,92,24,2,OK
https://funnytools.win/es/herramientas/rotar-voltear-imagen/,tool,es,142,142,1,/es/categorias/azar/;/es/categorias/dibujo/;/es/categorias/dinero/;/es/categorias/estadistica/;/es/categorias/estudio/;/es/categorias/imagen/;/es/categorias/pdf/;/es/categorias/texto/;/es/categorias/tiempo/;/es/flujos/;/es/guias/;/es/herramientas/;/es/;/es/para/,92,24,2,OK
https://funnytools.win/es/herramientas/ruleta-aleatoria/,tool,es,142,142,1,/es/categorias/azar/;/es/categorias/dibujo/;/es/categorias/dinero/;/es/categorias/estadistica/;/es/categorias/estudio/;/es/categorias/imagen/;/es/categorias/pdf/;/es/categorias/texto/;/es/categorias/tiempo/;/es/flujos/;/es/guias/;/es/herramientas/;/es/;/es/para/,92,24,2,OK
https://funnytools.win/es/herramientas/selector-aleatorio-alumnos/,tool,es,142,142,1,/es/categorias/azar/;/es/categorias/dibujo/;/es/categorias/dinero/;/es/categorias/estadistica/;/es/categorias/estudio/;/es/categorias/imagen/;/es/categorias/pdf/;/es/categorias/texto/;/es/categorias/tiempo/;/es/flujos/;/es/guias/;/es/herramientas/;/es/;/es/para/,92,24,2,OK
https://funnytools.win/es/herramientas/sorteo-nombres-aleatorio/,tool,es,142,142,1,/es/categorias/azar/;/es/categorias/dibujo/;/es/categorias/dinero/;/es/categorias/estadistica/;/es/categorias/estudio/;/es/categorias/imagen/;/es/categorias/pdf/;/es/categorias/texto/;/es/categorias/tiempo/;/es/flujos/;/es/guias/;/es/herramientas/;/es/;/es/para/,92,24,2,OK
https://funnytools.win/es/herramientas/temporizador-online/,tool,es,142,142,1,/es/categorias/azar/;/es/categorias/dibujo/;/es/categorias/dinero/;/es/categorias/estadistica/;/es/categorias/estudio/;/es/categorias/imagen/;/es/categorias/pdf/;/es/categorias/texto/;/es/categorias/tiempo/;/es/flujos/;/es/guias/;/es/herramientas/;/es/;/es/para/,92,24,2,OK
https://funnytools.win/es/herramientas/temporizador-pomodoro/,tool,es,142,142,1,/es/categorias/azar/;/es/categorias/dibujo/;/es/categorias/dinero/;/es/categorias/estadistica/;/es/categorias/estudio/;/es/categorias/imagen/;/es/categorias/pdf/;/es/categorias/texto/;/es/categorias/tiempo/;/es/flujos/;/es/guias/;/es/herramientas/;/es/;/es/para/,93,24,2,OK
https://funnytools.win/es/herramientas/tirar-dados-online/,tool,es,142,142,1,/es/categorias/azar/;/es/categorias/dibujo/;/es/categorias/dinero/;/es/categorias/estadistica/;/es/categorias/estudio/;/es/categorias/imagen/;/es/categorias/pdf/;/es/categorias/texto/;/es/categorias/tiempo/;/es/flujos/;/es/guias/;/es/herramientas/;/es/;/es/para/,92,24,2,OK
https://funnytools.win/es/herramientas/unir-pdf/,tool,es,142,142,1,/es/categorias/azar/;/es/categorias/dibujo/;/es/categorias/dinero/;/es/categorias/estadistica/;/es/categorias/estudio/;/es/categorias/imagen/;/es/categorias/pdf/;/es/categorias/texto/;/es/categorias/tiempo/;/es/flujos/;/es/guias/;/es/herramientas/;/es/;/es/para/,92,24,2,OK
https://funnytools.win/es/,home,es,216,216,0,/en/;/es/categorias/azar/;/es/categorias/dibujo/;/es/categorias/dinero/;/es/categorias/estadistica/;/es/categorias/estudio/;/es/categorias/imagen/;/es/categorias/pdf/;/es/categorias/texto/;/es/categorias/tiempo/;/es/flujos/;/es/guias/;/es/herramientas/;/es/;/es/para/;/fr/;/fr/outils/;/,241,24,2,OK
https://funnytools.win/es/para/creadores/,audience,es,4,4,2,/es/para/,94,24,2,OK
https://funnytools.win/es/para/desarrolladores/,audience,es,4,4,2,/es/para/,92,24,2,OK
https://funnytools.win/es/para/disenadores/,audience,es,4,4,2,/es/para/,96,24,2,OK
https://funnytools.win/es/para/docentes/,audience,es,4,4,2,/es/para/,93,28,4,OK
https://funnytools.win/es/para/estudiantes/,audience,es,4,4,2,/es/para/,94,26,3,OK
https://funnytools.win/es/para/,hub,es,141,141,1,/en/for/;/es/categorias/azar/;/es/categorias/dibujo/;/es/categorias/dinero/;/es/categorias/estadistica/;/es/categorias/estudio/;/es/categorias/imagen/;/es/categorias/pdf/;/es/categorias/texto/;/es/categorias/tiempo/;/es/flujos/;/es/guias/;/es/herramientas/;/es/;/es/para/;/for/,87,24,2,OK
https://funnytools.win/es/para/oficina/,audience,es,4,4,2,/es/para/,97,24,2,OK
https://funnytools.win/es/privacidad/,legal,es,142,142,1,/es/categorias/azar/;/es/categorias/dibujo/;/es/categorias/dinero/;/es/categorias/estadistica/;/es/categorias/estudio/;/es/categorias/imagen/;/es/categorias/pdf/;/es/categorias/texto/;/es/categorias/tiempo/;/es/flujos/;/es/guias/;/es/herramientas/;/es/;/es/para/,83,24,2,OK
https://funnytools.win/es/sobre-funnytools/,legal,es,141,141,1,/es/categorias/azar/;/es/categorias/dibujo/;/es/categorias/dinero/;/es/categorias/estadistica/;/es/categorias/estudio/;/es/categorias/imagen/;/es/categorias/pdf/;/es/categorias/texto/;/es/categorias/tiempo/;/es/flujos/;/es/guias/;/es/herramientas/;/es/;/es/para/,83,24,2,OK
https://funnytools.win/es/tienda/,support,es,141,141,1,/es/categorias/azar/;/es/categorias/dibujo/;/es/categorias/dinero/;/es/categorias/estadistica/;/es/categorias/estudio/;/es/categorias/imagen/;/es/categorias/pdf/;/es/categorias/texto/;/es/categorias/tiempo/;/es/flujos/;/es/guias/;/es/herramientas/;/es/;/es/para/,83,24,2,OK
https://funnytools.win/find-tools/,other,zh-TW,310,310,1,/category/draw/;/category/image/;/category/money/;/category/pdf/;/category/random/;/category/statistics/;/category/study/;/category/text/;/category/time/;/for/;/guides/;/;/methodology/;/tools/;/workflows/,92,0,0,OK
https://funnytools.win/for/creators/,audience,zh-TW,7,7,1,/category/image/;/category/random/;/category/text/;/for/;/,10,1,2,OK
https://funnytools.win/for/designers/,audience,zh-TW,7,7,1,/category/draw/;/category/image/;/category/pdf/;/for/;/,10,0,0,OK
https://funnytools.win/for/developers/,audience,zh-TW,10,10,1,/category/random/;/category/text/;/category/time/;/for/;/,10,1,0,OK
https://funnytools.win/for/,hub,zh-TW,312,312,1,/category/draw/;/category/image/;/category/money/;/category/pdf/;/category/random/;/category/statistics/;/category/study/;/category/text/;/category/time/;/en/for/;/es/para/;/for/;/guides/;/;/methodology/;/tools/;/workflows/,0,0,0,OK
https://funnytools.win/for/office-workers/,audience,zh-TW,9,9,1,/category/image/;/category/money/;/category/pdf/;/category/text/;/category/time/;/for/;/,10,1,1,OK
https://funnytools.win/for/students/,audience,zh-TW,8,8,1,/category/image/;/category/pdf/;/category/statistics/;/category/text/;/for/;/,10,1,2,OK
https://funnytools.win/for/teachers/,audience,zh-TW,8,8,1,/category/random/;/category/statistics/;/category/study/;/category/time/;/for/;/,10,0,2,OK
https://funnytools.win/fr/confidentialite/,legal,fr,78,78,1,/fr/;/fr/outils/,6,0,0,OK
https://funnytools.win/fr/fonctionnement-outils/,legal,fr,78,78,1,/fr/;/fr/outils/,6,0,0,OK
https://funnytools.win/fr/,home,fr,216,216,0,/en/;/es/categorias/azar/;/es/categorias/dibujo/;/es/categorias/dinero/;/es/categorias/estadistica/;/es/categorias/estudio/;/es/categorias/imagen/;/es/categorias/pdf/;/es/categorias/texto/;/es/categorias/tiempo/;/es/flujos/;/es/guias/;/es/herramientas/;/es/;/es/para/;/fr/;/fr/outils/;/,148,0,0,OK
https://funnytools.win/fr/outils/calcul-moyenne-notes/,tool,fr,78,78,1,/fr/;/fr/outils/,15,0,0,OK
https://funnytools.win/fr/outils/calculateur-age/,tool,fr,7,7,1,/fr/;/fr/outils/,15,0,0,OK
https://funnytools.win/fr/outils/calculateur-ecart-type/,tool,fr,9,9,1,/fr/;/fr/outils/,15,0,0,OK
https://funnytools.win/fr/outils/calculateur-heures-supplementaires/,tool,fr,7,7,1,/fr/;/fr/outils/,15,0,0,OK
https://funnytools.win/fr/outils/calculateur-inflation-pouvoir-achat/,tool,fr,6,6,1,/fr/;/fr/outils/,15,0,0,OK
https://funnytools.win/fr/outils/calculateur-interets-composes/,tool,fr,7,7,1,/fr/;/fr/outils/,15,0,0,OK
https://funnytools.win/fr/outils/calculateur-jours-ouvres/,tool,fr,7,7,1,/fr/;/fr/outils/,15,0,0,OK
https://funnytools.win/fr/outils/calculateur-mensualite-pret-immobilier/,tool,fr,6,6,1,/fr/;/fr/outils/,15,0,0,OK
https://funnytools.win/fr/outils/calculateur-moyenne-ponderee/,tool,fr,6,6,1,/fr/;/fr/outils/,15,0,0,OK
https://funnytools.win/fr/outils/calculateur-objectif-epargne/,tool,fr,9,9,1,/fr/;/fr/outils/,15,0,0,OK
https://funnytools.win/fr/outils/calculateur-pourcentage/,tool,fr,7,7,1,/fr/;/fr/outils/,15,0,0,OK
https://funnytools.win/fr/outils/calculateur-rang-percentile/,tool,fr,7,7,1,/fr/;/fr/outils/,15,0,0,OK
https://funnytools.win/fr/outils/calculateur-salaire-net/,tool,fr,7,7,1,/fr/;/fr/outils/,15,0,0,OK
https://funnytools.win/fr/outils/calculateur-score-t/,tool,fr,6,6,1,/fr/;/fr/outils/,15,0,0,OK
https://funnytools.win/fr/outils/calculateur-score-z/,tool,fr,7,7,1,/fr/;/fr/outils/,16,0,0,OK
https://funnytools.win/fr/outils/calculer-difference-entre-dates/,tool,fr,7,7,1,/fr/;/fr/outils/,15,0,0,OK
https://funnytools.win/fr/outils/cao-2d-en-ligne/,tool,fr,7,7,1,/fr/;/fr/outils/,15,0,0,OK
https://funnytools.win/fr/outils/choisir-entre-deux-options/,tool,fr,7,7,1,/fr/;/fr/outils/,15,0,0,OK
https://funnytools.win/fr/outils/chronometre-en-ligne/,tool,fr,7,7,1,/fr/;/fr/outils/,15,0,0,OK
https://funnytools.win/fr/outils/compresser-image/,tool,fr,10,10,1,/fr/;/fr/outils/,15,0,0,OK
https://funnytools.win/fr/outils/compresser-pdf/,tool,fr,7,7,1,/fr/;/fr/outils/,15,0,0,OK
https://funnytools.win/fr/outils/compteur-caracteres/,tool,fr,8,8,1,/fr/;/fr/outils/,15,0,0,OK
https://funnytools.win/fr/outils/compteur-mots/,tool,fr,7,7,1,/fr/;/fr/outils/,15,0,0,OK
https://funnytools.win/fr/outils/convertir-csv-en-json/,tool,fr,7,7,1,/fr/;/fr/outils/,15,0,0,OK
https://funnytools.win/fr/outils/convertir-image-en-base64/,tool,fr,6,6,1,/fr/;/fr/outils/,15,0,0,OK
https://funnytools.win/fr/outils/convertir-images-en-pdf/,tool,fr,6,6,1,/fr/;/fr/outils/,15,0,0,OK
https://funnytools.win/fr/outils/convertir-jpg-en-png/,tool,fr,6,6,1,/fr/;/fr/outils/,15,0,0,OK
https://funnytools.win/fr/outils/convertir-jpg-en-webp/,tool,fr,7,7,1,/fr/;/fr/outils/,15,0,0,OK
https://funnytools.win/fr/outils/convertir-json-en-csv/,tool,fr,7,7,1,/fr/;/fr/outils/,15,0,0,OK
https://funnytools.win/fr/outils/convertir-majuscules-minuscules/,tool,fr,6,6,1,/fr/;/fr/outils/,15,0,0,OK
https://funnytools.win/fr/outils/convertir-pdf-en-image/,tool,fr,6,6,1,/fr/;/fr/outils/,15,0,0,OK
https://funnytools.win/fr/outils/convertir-png-en-jpg/,tool,fr,7,7,1,/fr/;/fr/outils/,15,0,0,OK
https://funnytools.win/fr/outils/convertir-timestamp-unix/,tool,fr,6,6,1,/fr/;/fr/outils/,15,0,0,OK
https://funnytools.win/fr/outils/convertir-webp-en-jpg/,tool,fr,6,6,1,/fr/;/fr/outils/,15,0,0,OK
https://funnytools.win/fr/outils/creer-diagramme-circulaire/,tool,fr,6,6,1,/fr/;/fr/outils/,15,0,0,OK
https://funnytools.win/fr/outils/creer-diagramme-flux/,tool,fr,7,7,1,/fr/;/fr/outils/,16,0,0,OK
https://funnytools.win/fr/outils/creer-graphique-barres/,tool,fr,8,8,1,/fr/;/fr/outils/,15,0,0,OK
https://funnytools.win/fr/outils/diviser-pdf/,tool,fr,6,6,1,/fr/;/fr/outils/,15,0,0,OK
https://funnytools.win/fr/outils/editeur-markdown-en-ligne/,tool,fr,6,6,1,/fr/;/fr/outils/,15,0,0,OK
https://funnytools.win/fr/outils/encoder-decoder-base64/,tool,fr,8,8,1,/fr/;/fr/outils/,15,0,0,OK
https://funnytools.win/fr/outils/encoder-decoder-url/,tool,fr,6,6,1,/fr/;/fr/outils/,15,0,0,OK
https://funnytools.win/fr/outils/extraire-pages-pdf/,tool,fr,8,8,1,/fr/;/fr/outils/,15,0,0,OK
https://funnytools.win/fr/outils/faire-pivoter-image/,tool,fr,6,6,1,/fr/;/fr/outils/,15,0,0,OK
https://funnytools.win/fr/outils/faire-pivoter-pdf/,tool,fr,6,6,1,/fr/;/fr/outils/,15,0,0,OK
https://funnytools.win/fr/outils/formater-valider-json/,tool,fr,10,10,1,/fr/;/fr/outils/,15,0,0,OK
https://funnytools.win/fr/outils/fusionner-pdf/,tool,fr,78,78,1,/fr/;/fr/outils/,15,0,0,OK
https://funnytools.win/fr/outils/generateur-code-barres/,tool,fr,6,6,1,/fr/;/fr/outils/,15,0,0,OK
https://funnytools.win/fr/outils/generateur-code-qr/,tool,fr,8,8,1,/fr/;/fr/outils/,15,0,0,OK
https://funnytools.win/fr/outils/generateur-couleurs-hex-rgb-hsl/,tool,fr,7,7,1,/fr/;/fr/outils/,15,0,0,OK
https://funnytools.win/fr/outils/generateur-groupes-aleatoires/,tool,fr,6,6,1,/fr/;/fr/outils/,15,0,0,OK
https://funnytools.win/fr/outils/generateur-groupes-classe/,tool,fr,7,7,1,/fr/;/fr/outils/,15,0,0,OK
https://funnytools.win/fr/outils/generateur-mot-de-passe-securise/,tool,fr,6,6,1,/fr/;/fr/outils/,15,0,0,OK
https://funnytools.win/fr/outils/generateur-nombres-aleatoires/,tool,fr,8,8,1,/fr/;/fr/outils/,15,0,0,OK
https://funnytools.win/fr/outils/generateur-uuid-v4/,tool,fr,7,7,1,/fr/;/fr/outils/,15,0,0,OK
https://funnytools.win/fr/outils/,hub,fr,78,78,1,/en/tools/;/es/herramientas/;/fr/;/fr/outils/;/tools/,148,0,0,OK
https://funnytools.win/fr/outils/lancer-des-en-ligne/,tool,fr,6,6,1,/fr/;/fr/outils/,15,0,0,OK
https://funnytools.win/fr/outils/minuteur-en-ligne/,tool,fr,8,8,1,/fr/;/fr/outils/,15,0,0,OK
https://funnytools.win/fr/outils/minuteur-pomodoro/,tool,fr,7,7,1,/fr/;/fr/outils/,16,0,0,OK
https://funnytools.win/fr/outils/plan-de-classe-en-ligne/,tool,fr,7,7,1,/fr/;/fr/outils/,15,0,0,OK
https://funnytools.win/fr/outils/quoi-manger-ce-soir/,tool,fr,6,6,1,/fr/;/fr/outils/,15,0,0,OK
https://funnytools.win/fr/outils/rappel-pause-ecran/,tool,fr,7,7,1,/fr/;/fr/outils/,15,0,0,OK
https://funnytools.win/fr/outils/recadrer-image/,tool,fr,7,7,1,/fr/;/fr/outils/,15,0,0,OK
https://funnytools.win/fr/outils/redimensionner-image/,tool,fr,8,8,1,/fr/;/fr/outils/,15,0,0,OK
https://funnytools.win/fr/outils/reorganiser-pages-pdf/,tool,fr,7,7,1,/fr/;/fr/outils/,15,0,0,OK
https://funnytools.win/fr/outils/roue-aleatoire/,tool,fr,8,8,1,/fr/;/fr/outils/,15,0,0,OK
https://funnytools.win/fr/outils/supprimer-lignes-doublons/,tool,fr,8,8,1,/fr/;/fr/outils/,15,0,0,OK
https://funnytools.win/fr/outils/supprimer-lignes-vides/,tool,fr,7,7,1,/fr/;/fr/outils/,15,0,0,OK
https://funnytools.win/fr/outils/supprimer-pages-pdf/,tool,fr,8,8,1,/fr/;/fr/outils/,15,0,0,OK
https://funnytools.win/fr/outils/tableau-blanc-dessin-en-ligne/,tool,fr,7,7,1,/fr/;/fr/outils/,16,0,0,OK
https://funnytools.win/fr/outils/tirage-au-sort-eleves/,tool,fr,6,6,1,/fr/;/fr/outils/,15,0,0,OK
https://funnytools.win/fr/outils/tirage-au-sort-noms/,tool,fr,8,8,1,/fr/;/fr/outils/,15,0,0,OK
https://funnytools.win/fr/outils/trier-lignes-texte/,tool,fr,6,6,1,/fr/;/fr/outils/,15,0,0,OK
https://funnytools.win/guides/2d-cad-drawing-board-workflow-guide/,guide,zh-TW,3,3,2,/guides/,7,4,0,OK
https://funnytools.win/guides/a4-vs-us-letter-printing-guide/,guide,zh-TW,10,10,2,/guides/,7,3,0,OK
https://funnytools.win/guides/age-calculator-school-cutoff-guide/,guide,zh-TW,5,5,2,/guides/,7,0,0,OK
https://funnytools.win/guides/anova-apa-format-guide/,guide,zh-TW,11,11,1,/guides/;/;/workflows/,5,5,1,OK
https://funnytools.win/guides/anova-post-hoc-tukey-bonferroni/,guide,zh-TW,2,2,2,/guides/,0,6,0,OK
https://funnytools.win/guides/bar-chart-school-report-guide/,guide,zh-TW,11,11,2,/category/statistics/;/guides/,5,2,0,OK
https://funnytools.win/guides/barcode-printing-quiet-zone-svg-guide/,guide,zh-TW,5,5,2,/guides/,1,5,0,OK
https://funnytools.win/guides/base64-utf8-unicode-guide/,guide,zh-TW,4,4,2,/guides/,1,3,0,OK
https://funnytools.win/guides/break-reminder-work-interval-guide/,guide,zh-TW,4,4,2,/guides/,3,2,0,OK
https://funnytools.win/guides/business-days-calendar-days-guide/,guide,zh-TW,5,5,2,/guides/,1,3,2,OK
https://funnytools.win/guides/cad-grid-snap-orthogonal-guide/,guide,zh-TW,5,5,2,/guides/,3,3,0,OK
https://funnytools.win/guides/camelcase-snake-case-kebab-case-guide/,guide,zh-TW,5,5,2,/category/text/;/guides/,1,2,2,OK
https://funnytools.win/guides/chart-flowchart-alt-text-accessibility/,guide,zh-TW,7,7,2,/guides/,3,2,0,OK
https://funnytools.win/guides/chart-or-flowchart-selection-guide/,guide,zh-TW,8,8,2,/guides/,3,2,0,OK
https://funnytools.win/guides/chinese-english-mixed-word-count-guide/,guide,zh-TW,4,4,2,/category/text/;/guides/,2,3,0,OK
https://funnytools.win/guides/classroom-group-roles-rotation-guide/,guide,zh-TW,7,7,2,/guides/,7,4,1,OK
https://funnytools.win/guides/classroom-lottery-tool-guide/,guide,zh-TW,15,15,2,/category/random/;/category/study/;/guides/,9,4,1,OK
https://funnytools.win/guides/classroom-random-group-absent-student-repair-guide/,guide,zh-TW,4,4,2,/guides/,7,4,1,OK
https://funnytools.win/guides/classroom-random-group-guide/,guide,zh-TW,22,22,1,/category/random/;/category/study/;/guides/;/;/workflows/,9,4,1,OK
https://funnytools.win/guides/classroom-random-group-materials-handoff-guide/,guide,zh-TW,2,2,2,/guides/,7,4,1,OK
https://funnytools.win/guides/classroom-random-group-no-repeat-guide/,guide,zh-TW,7,7,2,/guides/,7,4,1,OK
https://funnytools.win/guides/classroom-random-group-seat-transition-guide/,guide,zh-TW,3,3,2,/guides/,7,4,1,OK
https://funnytools.win/guides/classroom-random-group-shareable-result-guide/,guide,zh-TW,4,4,2,/guides/,7,4,1,OK
https://funnytools.win/guides/classroom-random-group-size-balance-guide/,guide,zh-TW,5,5,2,/guides/,7,4,1,OK
https://funnytools.win/guides/classroom-random-picker-guide/,guide,zh-TW,21,21,1,/category/random/;/category/study/;/guides/;/;/workflows/,9,4,1,OK
https://funnytools.win/guides/classroom-timer-guide/,guide,zh-TW,19,19,1,/category/random/;/category/study/;/guides/;/;/workflows/,9,4,1,OK
https://funnytools.win/guides/clean-copied-text-from-pdf-web-guide/,guide,zh-TW,7,7,2,/category/text/;/guides/,4,2,2,OK
https://funnytools.win/guides/code128-vs-code39-guide/,guide,zh-TW,8,8,1,/guides/;/;/workflows/,1,5,0,OK
https://funnytools.win/guides/compress-image-to-upload-limit/,guide,zh-TW,6,6,2,/guides/,1,4,0,OK
https://funnytools.win/guides/compress-pdf-to-upload-limit/,guide,zh-TW,8,8,2,/guides/,5,4,0,OK
https://funnytools.win/guides/confidence-interval-95-guide/,guide,zh-TW,10,10,2,/guides/,0,7,0,OK
https://funnytools.win/guides/countdown-stopwatch-pomodoro-comparison/,guide,zh-TW,5,5,2,/guides/,3,2,0,OK
https://funnytools.win/guides/cronbach-alpha-interpretation/,guide,zh-TW,2,2,2,/guides/,2,3,0,OK
https://funnytools.win/guides/crop-vs-resize-vs-compress-image/,guide,zh-TW,5,5,2,/guides/,6,2,0,OK
https://funnytools.win/guides/csv-to-json-conversion-guide/,guide,zh-TW,7,7,2,/guides/,1,3,0,OK
https://funnytools.win/guides/csv-to-json-header-duplicate-column-guide/,guide,zh-TW,6,6,2,/guides/,7,4,1,OK
https://funnytools.win/guides/csv-utf8-bom-excel-garbled-text/,guide,zh-TW,7,7,2,/guides/,2,2,0,OK
https://funnytools.win/guides/cvc-word-families-guide/,guide,zh-TW,4,4,2,/guides/,7,0,0,OK
https://funnytools.win/guides/date-arithmetic-end-of-month-dst-guide/,guide,zh-TW,6,6,2,/guides/,1,4,0,OK
https://funnytools.win/guides/date-difference-inclusive-exclusive-guide/,guide,zh-TW,6,6,2,/guides/,2,5,0,OK
https://funnytools.win/guides/decision-tree-vs-flowchart-guide/,guide,zh-TW,4,4,2,/guides/,1,4,0,OK
https://funnytools.win/guides/delete-blank-pages-from-pdf/,guide,zh-TW,4,4,2,/guides/,1,5,0,OK
https://funnytools.win/guides/dice-probability-random-streaks-guide/,guide,zh-TW,3,3,2,/guides/,1,4,0,OK
https://funnytools.win/guides/ean13-upca-check-digit-gs1-guide/,guide,zh-TW,9,9,1,/guides/;/;/workflows/,1,5,0,OK
https://funnytools.win/guides/effect-size-guide/,guide,zh-TW,13,13,2,/guides/,1,6,0,OK
https://funnytools.win/guides/emoji-character-count-grapheme-guide/,guide,zh-TW,9,9,1,/category/text/;/guides/;/;/workflows/,1,3,0,OK
https://funnytools.win/guides/extra-credit-over-100-grade-guide/,guide,zh-TW,6,6,2,/guides/,2,4,0,OK
https://funnytools.win/guides/extract-specific-pages-from-pdf/,guide,zh-TW,9,9,2,/guides/,4,5,0,OK
https://funnytools.win/guides/fair-random-draw-audit-guide/,guide,zh-TW,8,8,2,/guides/,2,3,0,OK
https://funnytools.win/guides/fair-student-grouping-guide/,guide,zh-TW,16,16,2,/category/random/;/category/study/;/guides/,7,4,1,OK
https://funnytools.win/guides/file-size-units-guide/,guide,zh-TW,5,5,2,/guides/,7,3,0,OK
https://funnytools.win/guides/final-exam-score-needed-guide/,guide,zh-TW,8,8,1,/guides/;/;/workflows/,2,4,0,OK
https://funnytools.win/guides/flowchart-design-checklist/,guide,zh-TW,5,5,2,/guides/,1,4,0,OK
https://funnytools.win/guides/flowchart-symbols-guide/,guide,zh-TW,4,4,2,/guides/,1,4,0,OK
https://funnytools.win/guides/gpa-4-0-vs-4-3-guide/,guide,zh-TW,7,7,2,/guides/,1,5,0,OK
https://funnytools.win/guides/gpa-credit-weighted-formula-guide/,guide,zh-TW,8,8,2,/guides/,1,6,0,OK
https://funnytools.win/guides/grade-rounding-cutoff-guide/,guide,zh-TW,4,4,2,/guides/,2,4,0,OK
https://funnytools.win/guides/grades-gpa/,guide,zh-TW,17,17,2,/guides/,9,9,4,OK
https://funnytools.win/guides/household-physics-demos-guide/,guide,zh-TW,3,3,2,/guides/,5,1,0,OK
https://funnytools.win/guides/image-base64-data-uri-guide/,guide,zh-TW,4,4,2,/guides/,2,3,0,OK
https://funnytools.win/guides/image-color-profile-web-print-guide/,guide,zh-TW,3,3,2,/guides/,7,4,1,OK
https://funnytools.win/guides/image-compression-email-guide/,guide,zh-TW,12,12,2,/guides/,9,3,0,OK
https://funnytools.win/guides/image-compression-quality-size-guide/,guide,zh-TW,8,8,2,/guides/,7,4,1,OK
https://funnytools.win/guides/image-compressor-metadata-privacy-guide/,guide,zh-TW,4,4,2,/guides/,7,3,1,OK
https://funnytools.win/guides/image-resampling-quality-guide/,guide,zh-TW,3,3,2,/guides/,7,4,1,OK
https://funnytools.win/guides/image-resize-aspect-ratio-guide/,guide,zh-TW,7,7,2,/guides/,7,4,1,OK
https://funnytools.win/guides/image-resolution-print-web-guide/,guide,zh-TW,5,5,2,/guides/,7,4,1,OK
https://funnytools.win/guides/image-upload-failed-troubleshooting/,guide,zh-TW,3,3,2,/guides/,0,6,0,OK
https://funnytools.win/guides/independent-vs-paired-t-test/,guide,zh-TW,6,6,2,/guides/,1,6,0,OK
https://funnytools.win/guides/,hub,zh-TW,312,312,1,/category/draw/;/category/image/;/category/money/;/category/pdf/;/category/random/;/category/statistics/;/category/study/;/category/text/;/category/time/;/en/guides/;/es/guias/;/for/;/guides/;/;/methodology/;/tools/;/workflows/,0,347,11,OK
https://funnytools.win/guides/invisible-spaces-nbsp-zero-width-guide/,guide,zh-TW,8,8,1,/category/text/;/guides/;/;/workflows/,0,4,0,OK
https://funnytools.win/guides/iso-8601-utc-offset-guide/,guide,zh-TW,5,5,2,/guides/,1,4,0,OK
https://funnytools.win/guides/jpg-png-webp-which-to-use/,guide,zh-TW,12,12,2,/guides/,4,2,0,OK
https://funnytools.win/guides/json-error-fix-guide/,guide,zh-TW,10,10,2,/guides/,1,3,0,OK
https://funnytools.win/guides/json-formatter-trailing-comma-error-guide/,guide,zh-TW,5,5,2,/guides/,7,4,1,OK
https://funnytools.win/guides/json-to-csv-excel-guide/,guide,zh-TW,6,6,2,/guides/,1,3,0,OK
https://funnytools.win/guides/line-breaks-lf-crlf-guide/,guide,zh-TW,5,5,2,/category/text/;/guides/,3,1,0,OK
https://funnytools.win/guides/markdown-syntax-preview-guide/,guide,zh-TW,3,3,2,/guides/,1,3,0,OK
https://funnytools.win/guides/mean-median-mode-when-to-use/,guide,zh-TW,3,3,2,/guides/,1,5,0,OK
https://funnytools.win/guides/merge-pdf-bookmarks-navigation-guide/,guide,zh-TW,4,4,2,/guides/,7,4,1,OK
https://funnytools.win/guides/merge-pdf-page-size-orientation-guide/,guide,zh-TW,8,8,2,/guides/,7,4,0,OK
https://funnytools.win/guides/merge-pdf-private-guide/,guide,zh-TW,15,15,2,/category/statistics/;/guides/,9,2,0,OK
https://funnytools.win/guides/merge-pdf-reading-order-checklist-guide/,guide,zh-TW,9,9,2,/guides/,7,4,1,OK
https://funnytools.win/guides/misleading-chart-common-errors/,guide,zh-TW,5,5,2,/guides/,2,3,0,OK
https://funnytools.win/guides/missing-assignment-zero-exempt-guide/,guide,zh-TW,7,7,1,/guides/;/;/workflows/,1,5,0,OK
https://funnytools.win/guides/multiplication-fact-fluency-guide/,guide,zh-TW,5,5,2,/guides/,7,1,0,OK
https://funnytools.win/guides/optimize-images-for-website/,guide,zh-TW,5,5,2,/guides/,7,3,0,OK
https://funnytools.win/guides/outlier-detection-iqr-z-score-boxplot/,guide,zh-TW,4,4,2,/guides/,0,7,0,OK
https://funnytools.win/guides/p-value-interpretation/,guide,zh-TW,14,14,2,/guides/,1,7,0,OK
https://funnytools.win/guides/password-manager-mfa-passkey-guide/,guide,zh-TW,4,4,2,/guides/,1,3,0,OK
https://funnytools.win/guides/password-strength-basics-guide/,guide,zh-TW,6,6,2,/category/statistics/;/guides/,5,1,0,OK
https://funnytools.win/guides/pdf-accessibility-reading-order-check-guide/,guide,zh-TW,2,2,2,/guides/,7,4,2,OK
https://funnytools.win/guides/pdf-compressor-email-attachment-guide/,guide,zh-TW,5,5,2,/guides/,7,4,1,OK
https://funnytools.win/guides/pdf-compressor-form-fields-links-guide/,guide,zh-TW,3,3,2,/guides/,7,4,1,OK
https://funnytools.win/guides/pdf-page-reorder-appendix-merge-check-guide/,guide,zh-TW,4,4,2,/guides/,7,4,1,OK
https://funnytools.win/guides/pdf-split-vs-extract-vs-delete/,guide,zh-TW,8,8,2,/guides/,4,3,0,OK
https://funnytools.win/guides/pdf-table-to-excel-header-check-guide/,guide,zh-TW,5,5,2,/guides/,7,4,1,OK
https://funnytools.win/guides/pdf-to-image-background-contrast-guide/,guide,zh-TW,5,5,2,/guides/,7,4,1,OK
https://funnytools.win/guides/pdf-to-image-multipage-download-guide/,guide,zh-TW,7,7,2,/guides/,7,4,0,OK
https://funnytools.win/guides/pdf-to-image-print-crop-marks-guide/,guide,zh-TW,3,3,2,/guides/,7,4,1,OK
https://funnytools.win/guides/pdf-to-image-raster-text-search-guide/,guide,zh-TW,9,9,2,/guides/,7,4,1,OK
https://funnytools.win/guides/pdf-to-image-resolution-guide/,guide,zh-TW,11,11,2,/guides/,7,4,0,OK
https://funnytools.win/guides/pdf-to-jpg-vs-png/,guide,zh-TW,6,6,2,/guides/,5,4,0,OK
https://funnytools.win/guides/pdf-to-word-form-field-editing-guide/,guide,zh-TW,4,4,2,/guides/,7,4,1,OK
https://funnytools.win/guides/pdf-to-word-layout-fidelity-guide/,guide,zh-TW,9,9,2,/guides/,7,4,1,OK
https://funnytools.win/guides/pdf-to-word-ocr-language-check-guide/,guide,zh-TW,2,2,2,/guides/,7,4,1,OK
https://funnytools.win/guides/pdf-to-word-review-track-changes-guide/,guide,zh-TW,6,6,2,/guides/,5,4,1,OK
https://funnytools.win/guides/pdf-upload-failed-troubleshooting/,guide,zh-TW,3,3,2,/guides/,4,5,0,OK
https://funnytools.win/guides/pearson-vs-spearman-correlation/,guide,zh-TW,3,3,2,/guides/,0,8,0,OK
https://funnytools.win/guides/percentage-grade-to-gpa-conversion-guide/,guide,zh-TW,7,7,2,/guides/,1,6,0,OK
https://funnytools.win/guides/percentage-shortcuts-guide/,guide,zh-TW,9,9,2,/category/statistics/;/guides/,7,2,0,OK
https://funnytools.win/guides/percentile-rank-guide/,guide,zh-TW,32,32,2,/guides/,7,4,1,OK
https://funnytools.win/guides/photos-to-pdf-phone-guide/,guide,zh-TW,9,9,2,/guides/,9,5,0,OK
https://funnytools.win/guides/pie-chart-percentage-guide/,guide,zh-TW,4,4,2,/guides/,1,4,0,OK
https://funnytools.win/guides/png-to-jpg-transparency-background/,guide,zh-TW,5,5,2,/guides/,3,2,0,OK
https://funnytools.win/guides/pomodoro-25-5-focus-interval-guide/,guide,zh-TW,5,5,2,/guides/,3,2,0,OK
https://funnytools.win/guides/qr-barcode/,guide,zh-TW,12,12,2,/guides/,4,10,2,OK
https://funnytools.win/guides/qr-code-accessible-fallback-guide/,guide,zh-TW,3,3,2,/guides/,7,4,1,OK
https://funnytools.win/guides/qr-code-before-print-testing-guide/,guide,zh-TW,12,12,2,/guides/,7,3,0,OK
https://funnytools.win/guides/qr-code-classroom-guide/,guide,zh-TW,7,7,2,/guides/,5,4,0,OK
https://funnytools.win/guides/qr-code-destination-change-log-guide/,guide,zh-TW,4,4,2,/guides/,7,4,1,OK
https://funnytools.win/guides/qr-code-event-page-expiry-guide/,guide,zh-TW,7,7,2,/guides/,7,4,1,OK
https://funnytools.win/guides/qr-code-mobile-landing-page-guide/,guide,zh-TW,11,11,2,/guides/,5,3,0,OK
https://funnytools.win/guides/qr-code-multi-placement-consistency-guide/,guide,zh-TW,2,2,2,/guides/,7,4,1,OK
https://funnytools.win/guides/qr-code-multilingual-switch-testing-guide/,guide,zh-TW,4,4,2,/guides/,7,4,1,OK
https://funnytools.win/guides/qr-code-not-scanning-print-guide/,guide,zh-TW,7,7,2,/guides/,1,5,0,OK
https://funnytools.win/guides/qr-code-payload-length-guide/,guide,zh-TW,6,6,2,/guides/,7,3,0,OK
https://funnytools.win/guides/qr-code-phishing-security-guide/,guide,zh-TW,7,7,2,/guides/,1,5,0,OK
https://funnytools.win/guides/qr-code-scan-failure-field-troubleshooting-guide/,guide,zh-TW,3,3,2,/guides/,7,4,1,OK
https://funnytools.win/guides/qr-code-utm-campaign-link-guide/,guide,zh-TW,5,5,2,/guides/,5,4,2,OK
https://funnytools.win/guides/qr-code-vs-barcode-guide/,guide,zh-TW,6,6,2,/guides/,2,4,0,OK
https://funnytools.win/guides/qr-error-correction-logo-guide/,guide,zh-TW,4,4,2,/guides/,1,5,0,OK
https://funnytools.win/guides/r-squared-adjusted-r-squared/,guide,zh-TW,3,3,2,/guides/,0,7,0,OK
https://funnytools.win/guides/random-password-length-security-guide/,guide,zh-TW,6,6,2,/guides/,1,4,0,OK
https://funnytools.win/guides/random-sampling-with-without-replacement/,guide,zh-TW,5,5,2,/guides/,2,3,0,OK
https://funnytools.win/guides/reading-time-estimate-guide/,guide,zh-TW,3,3,2,/category/text/;/guides/,1,2,0,OK
https://funnytools.win/guides/rejection-sampling-modulo-bias-guide/,guide,zh-TW,8,8,2,/guides/,2,3,0,OK
https://funnytools.win/guides/remove-duplicate-lines-guide/,guide,zh-TW,3,3,2,/guides/,2,2,0,OK
https://funnytools.win/guides/reorder-rotate-pdf-pages/,guide,zh-TW,4,4,2,/guides/,3,3,0,OK
https://funnytools.win/guides/resize-image-without-distortion/,guide,zh-TW,4,4,2,/guides/,2,3,0,OK
https://funnytools.win/guides/scanned-pdf-searchable-ocr-guide/,guide,zh-TW,2,2,2,/guides/,3,4,0,OK
https://funnytools.win/guides/seating-chart-changeover-routine-guide/,guide,zh-TW,4,4,2,/guides/,7,3,1,OK
https://funnytools.win/guides/seating-chart-student-needs-intake-guide/,guide,zh-TW,6,6,2,/guides/,7,3,1,OK
https://funnytools.win/guides/secure-random-vs-math-random-guide/,guide,zh-TW,11,11,2,/guides/,1,4,0,OK
https://funnytools.win/guides/semester-vs-cumulative-gpa-guide/,guide,zh-TW,6,6,2,/guides/,1,4,2,OK
https://funnytools.win/guides/shapiro-wilk-normality-test/,guide,zh-TW,4,4,2,/guides/,0,7,0,OK
https://funnytools.win/guides/split-pdf-output-naming-batch-delivery-guide/,guide,zh-TW,3,3,2,/guides/,7,4,1,OK
https://funnytools.win/guides/split-pdf-page-range-planning-guide/,guide,zh-TW,8,8,2,/guides/,7,4,1,OK
https://funnytools.win/guides/spss-levene-test-guide/,guide,zh-TW,12,12,1,/guides/;/;/workflows/,7,5,1,OK
https://funnytools.win/guides/standard-deviation-vs-standard-error/,guide,zh-TW,6,6,2,/guides/,3,4,0,OK
https://funnytools.win/guides/static-vs-dynamic-qr-code-guide/,guide,zh-TW,9,9,1,/guides/;/;/workflows/,1,5,0,OK
https://funnytools.win/guides/statistical-test-selection/,guide,zh-TW,10,10,2,/guides/,1,7,0,OK
https://funnytools.win/guides/statistical-vs-practical-significance/,guide,zh-TW,2,2,2,/guides/,0,9,0,OK
https://funnytools.win/guides/svg-vs-png-diagram-export/,guide,zh-TW,13,13,2,/guides/,3,2,0,OK
https://funnytools.win/guides/t-score-calculator-guide/,guide,zh-TW,38,38,1,/category/statistics/;/guides/;/;/workflows/,9,5,1,OK
https://funnytools.win/guides/t-test-apa-format-guide/,guide,zh-TW,11,11,1,/guides/;/;/workflows/,5,4,1,OK
https://funnytools.win/guides/teacher-exam-weighted-score-guide/,guide,zh-TW,19,19,1,/category/statistics/;/guides/;/;/workflows/,7,5,1,OK
https://funnytools.win/guides/text-sort-alphabetical-numeric-length-guide/,guide,zh-TW,3,3,2,/category/text/;/guides/,1,2,0,OK
https://funnytools.win/guides/text-writing/,guide,zh-TW,24,24,1,/category/text/;/guides/;/;/workflows/,5,11,2,OK
https://funnytools.win/guides/title-case-vs-sentence-case-guide/,guide,zh-TW,5,5,2,/category/text/;/guides/,1,2,0,OK
https://funnytools.win/guides/two-way-anova-interaction-guide/,guide,zh-TW,8,8,2,/guides/,5,5,1,OK
https://funnytools.win/guides/unit-price-comparison-guide/,guide,zh-TW,3,3,2,/guides/,5,1,0,OK
https://funnytools.win/guides/unix-timestamp-seconds-milliseconds-guide/,guide,zh-TW,6,6,2,/guides/,1,4,0,OK
https://funnytools.win/guides/url-encoding-percent-encoding-guide/,guide,zh-TW,5,5,2,/guides/,1,3,0,OK
https://funnytools.win/guides/utf8-bytes-vs-characters-guide/,guide,zh-TW,6,6,2,/category/text/;/guides/,1,2,0,OK
https://funnytools.win/guides/uuid-v4-collision-probability-guide/,guide,zh-TW,6,6,2,/guides/,1,4,0,OK
https://funnytools.win/guides/uuid-v4-vs-v7-guide/,guide,zh-TW,3,3,2,/guides/,1,3,0,OK
https://funnytools.win/guides/visual-schedule-slots-guide/,guide,zh-TW,3,3,2,/guides/,5,1,0,OK
https://funnytools.win/guides/weighted-grade-weights-not-100-guide/,guide,zh-TW,9,9,1,/guides/;/;/workflows/,2,4,0,OK
https://funnytools.win/guides/wifi-qr-code-format-security-guide/,guide,zh-TW,3,3,2,/guides/,1,5,0,OK
https://funnytools.win/guides/word-count-essay-limits-guide/,guide,zh-TW,6,6,2,/guides/,7,2,0,OK
https://funnytools.win/guides/word-count-vs-character-count-guide/,guide,zh-TW,6,6,2,/category/text/;/guides/,4,3,0,OK
https://funnytools.win/guides/work-deadline-business-day-planning/,guide,zh-TW,5,5,2,/guides/,2,4,0,OK
https://funnytools.win/guides/z-score-calculator-guide/,guide,zh-TW,24,24,1,/guides/;/;/workflows/,7,4,2,OK
https://funnytools.win/,home,zh-TW,526,526,0,/category/draw/;/category/image/;/category/money/;/category/pdf/;/category/random/;/category/statistics/;/category/study/;/category/text/;/category/time/;/en/;/es/categorias/azar/;/es/categorias/dibujo/;/es/categorias/dinero/;/es/categorias/estadistica/;/es/categorias/estudio/;/es/categorias/imagen/;/es/categorias/pdf/;/es/categorias/texto/;/es/categorias/tiempo/;/es/flujos/;/es/guias/;/es/herramientas/;/es/;/es/para/;/for/;/fr/;/fr/outils/;/guides/;/;/methodology/;/tools/;/workflows/,177,18,20,OK
https://funnytools.win/methodology/accessibility-compatibility/,methodology,zh-TW,1,1,2,/methodology/,0,1,0,WEAK
https://funnytools.win/methodology/ai-assisted-content/,methodology,zh-TW,2,2,2,/methodology/,0,0,0,OK
https://funnytools.win/methodology/browser-local-processing/,methodology,zh-TW,80,80,2,/methodology/,0,0,0,OK
https://funnytools.win/methodology/calculator-formula-verification/,methodology,zh-TW,4,4,2,/methodology/,0,1,0,OK
https://funnytools.win/methodology/content-sourcing-corrections/,methodology,zh-TW,3,3,2,/methodology/,0,0,0,OK
https://funnytools.win/methodology/file-tool-verification/,methodology,zh-TW,5,5,2,/methodology/,0,1,0,OK
https://funnytools.win/methodology/,hub,zh-TW,310,310,1,/category/draw/;/category/image/;/category/money/;/category/pdf/;/category/random/;/category/statistics/;/category/study/;/category/text/;/category/time/;/for/;/guides/;/;/methodology/;/tools/;/workflows/,0,0,1,OK
https://funnytools.win/methodology/public-test-cases/,methodology,zh-TW,89,89,2,/methodology/,0,0,0,OK
https://funnytools.win/methodology/randomness-security/,methodology,zh-TW,1,1,2,/methodology/,0,3,0,WEAK
https://funnytools.win/methodology/tool-verification/,methodology,zh-TW,90,90,2,/methodology/,0,0,1,OK
https://funnytools.win/privacy/,legal,zh-TW,316,316,1,/category/draw/;/category/image/;/category/money/;/category/pdf/;/category/random/;/category/statistics/;/category/study/;/category/text/;/category/time/;/for/;/guides/;/;/methodology/;/tools/;/workflows/,0,0,0,OK
https://funnytools.win/shop/,support,zh-TW,312,312,1,/category/draw/;/category/image/;/category/money/;/category/pdf/;/category/random/;/category/statistics/;/category/study/;/category/text/;/category/time/;/for/;/guides/;/;/methodology/;/tools/;/workflows/,0,0,0,OK
https://funnytools.win/support/,support,zh-TW,712,712,1,/category/draw/;/category/image/;/category/money/;/category/pdf/;/category/random/;/category/statistics/;/category/study/;/category/text/;/category/time/;/en/category/draw/;/en/category/image/;/en/category/money/;/en/category/pdf/;/en/category/random/;/en/category/statistics/;/en/category/study/;/en/category/text/;/en/category/time/;/en/for/;/en/guides/;/en/;/en/tools/;/en/workflows/;/es/categorias/azar/;/es/categorias/dibujo/;/es/categorias/dinero/;/es/categorias/estadistica/;/es/categorias/estudio/;/es/categorias/imagen/;/es/categorias/pdf/;/es/categorias/texto/;/es/categorias/tiempo/;/es/flujos/;/es/guias/;/es/herramientas/;/es/;/es/para/;/for/;/fr/;/fr/outils/;/guides/;/;/methodology/;/tools/;/workflows/,0,0,0,OK
https://funnytools.win/terms/,legal,zh-TW,313,313,1,/category/draw/;/category/image/;/category/money/;/category/pdf/;/category/random/;/category/statistics/;/category/study/;/category/text/;/category/time/;/for/;/guides/;/;/methodology/;/tools/;/workflows/,0,0,0,OK
https://funnytools.win/tools/age-calculator/,tool,zh-TW,17,17,1,/category/time/;/;/tools/,13,1,0,OK
https://funnytools.win/tools/apa-7-report-generator/,tool,zh-TW,18,18,1,/category/statistics/;/;/tools/,12,4,1,OK
https://funnytools.win/tools/bar-chart-maker/,tool,zh-TW,20,20,1,/category/draw/;/;/tools/,13,4,0,OK
https://funnytools.win/tools/barcode-generator/,tool,zh-TW,18,18,1,/category/image/;/;/tools/,14,4,1,OK
https://funnytools.win/tools/base64/,tool,zh-TW,17,17,1,/category/text/;/;/tools/,13,2,0,OK
https://funnytools.win/tools/break-reminder/,tool,zh-TW,13,13,1,/category/time/;/;/tools/,13,1,0,OK
https://funnytools.win/tools/bulk-image-compressor/,tool,zh-TW,6,6,1,/category/image/;/;/tools/,11,0,0,OK
https://funnytools.win/tools/business-days/,tool,zh-TW,23,23,1,/category/time/;/;/tools/,13,4,1,OK
https://funnytools.win/tools/cad-2d/,tool,zh-TW,18,18,1,/category/draw/;/;/tools/,13,3,0,OK
https://funnytools.win/tools/case-converter/,tool,zh-TW,29,29,1,/category/text/;/;/tools/,13,4,2,OK
https://funnytools.win/tools/character-counter/,tool,zh-TW,41,41,1,/category/text/;/;/tools/,13,4,2,OK
https://funnytools.win/tools/class-rank-percentile-calculator/,tool,zh-TW,16,16,1,/category/statistics/;/;/tools/,13,1,0,OK
https://funnytools.win/tools/color-generator/,tool,zh-TW,15,15,1,/category/random/;/;/tools/,13,0,1,OK
https://funnytools.win/tools/compound-interest/,tool,zh-TW,17,17,1,/category/money/;/;/tools/,13,0,0,OK
https://funnytools.win/tools/countdown-timer/,tool,zh-TW,29,29,1,/category/time/;/;/tools/,13,4,2,OK
https://funnytools.win/tools/cronbach-alpha-calculator/,tool,zh-TW,10,10,1,/category/statistics/;/;/tools/,12,1,0,OK
https://funnytools.win/tools/csv-to-json/,tool,zh-TW,17,17,1,/category/text/;/;/tools/,13,4,0,OK
https://funnytools.win/tools/date-difference/,tool,zh-TW,22,22,1,/category/time/;/;/tools/,13,3,1,OK
https://funnytools.win/tools/delete-pdf-pages/,tool,zh-TW,18,18,1,/category/pdf/;/;/tools/,13,2,0,OK
https://funnytools.win/tools/dice-roller/,tool,zh-TW,19,19,1,/category/random/;/;/tools/,13,3,1,OK
https://funnytools.win/tools/extract-pdf-pages/,tool,zh-TW,21,21,1,/category/pdf/;/;/tools/,13,4,0,OK
https://funnytools.win/tools/flowchart/,tool,zh-TW,21,21,1,/category/draw/;/;/tools/,13,4,0,OK
https://funnytools.win/tools/gpa-calculator/,tool,zh-TW,21,21,1,/category/study/;/;/tools/,12,4,1,OK
https://funnytools.win/tools/grade-average/,tool,zh-TW,37,37,1,/category/statistics/;/;/tools/,14,4,1,OK
https://funnytools.win/tools/group-generator/,tool,zh-TW,25,25,1,/category/study/;/;/tools/,13,4,1,OK
https://funnytools.win/tools/image-compressor/,tool,zh-TW,55,55,1,/category/image/;/;/tools/,13,4,2,OK
https://funnytools.win/tools/image-crop/,tool,zh-TW,23,23,1,/category/image/;/;/tools/,13,4,0,OK
https://funnytools.win/tools/image-resizer/,tool,zh-TW,47,47,1,/category/image/;/;/tools/,13,4,2,OK
https://funnytools.win/tools/image-rotate-flip/,tool,zh-TW,11,11,1,/category/image/;/;/tools/,13,1,0,OK
https://funnytools.win/tools/image-to-base64/,tool,zh-TW,13,13,1,/category/image/;/;/tools/,13,2,0,OK
https://funnytools.win/tools/image-to-dxf/,tool,zh-TW,11,11,1,/category/draw/;/;/tools/,11,0,0,OK
https://funnytools.win/tools/images-to-pdf/,tool,zh-TW,27,27,1,/category/pdf/;/;/tools/,13,4,0,OK
https://funnytools.win/tools/independent-samples-t-test-calculator/,tool,zh-TW,16,16,1,/category/statistics/;/;/tools/,13,4,0,OK
https://funnytools.win/tools/,hub,zh-TW,314,314,1,/category/draw/;/category/image/;/category/money/;/category/pdf/;/category/random/;/category/statistics/;/category/study/;/category/text/;/category/time/;/en/tools/;/es/herramientas/;/for/;/fr/outils/;/guides/;/;/methodology/;/tools/;/workflows/,89,0,0,OK
https://funnytools.win/tools/inflation/,tool,zh-TW,14,14,1,/category/money/;/;/tools/,13,0,0,OK
https://funnytools.win/tools/jpg-to-png/,tool,zh-TW,24,24,1,/category/image/;/;/tools/,13,2,0,OK
https://funnytools.win/tools/jpg-to-webp/,tool,zh-TW,19,19,1,/category/image/;/;/tools/,13,4,0,OK
https://funnytools.win/tools/json-formatter/,tool,zh-TW,27,27,1,/category/text/;/;/tools/,13,3,1,OK
https://funnytools.win/tools/json-to-csv/,tool,zh-TW,14,14,1,/category/text/;/;/tools/,13,3,0,OK
https://funnytools.win/tools/markdown-previewer/,tool,zh-TW,13,13,1,/category/text/;/;/tools/,13,1,0,OK
https://funnytools.win/tools/merge-pdf/,tool,zh-TW,36,36,1,/category/pdf/;/;/tools/,13,4,2,OK
https://funnytools.win/tools/mortgage-payment/,tool,zh-TW,17,17,1,/category/money/;/;/tools/,13,0,0,OK
https://funnytools.win/tools/net-salary/,tool,zh-TW,14,14,1,/category/money/;/;/tools/,13,0,0,OK
https://funnytools.win/tools/normalized-score-converter/,tool,zh-TW,15,15,1,/category/statistics/;/;/tools/,12,0,0,OK
https://funnytools.win/tools/overtime-pay/,tool,zh-TW,15,15,1,/category/money/;/;/tools/,13,0,0,OK
https://funnytools.win/tools/password-generator/,tool,zh-TW,20,20,1,/category/random/;/;/tools/,13,4,0,OK
https://funnytools.win/tools/pdf-compressor/,tool,zh-TW,32,32,1,/category/pdf/;/;/tools/,13,4,2,OK
https://funnytools.win/tools/pdf-page-reorder/,tool,zh-TW,24,24,1,/category/pdf/;/;/tools/,13,4,0,OK
https://funnytools.win/tools/pdf-table-to-excel/,tool,zh-TW,9,9,1,/category/pdf/;/;/tools/,11,2,0,OK
https://funnytools.win/tools/pdf-to-image/,tool,zh-TW,27,27,1,/category/pdf/;/;/tools/,13,4,0,OK
https://funnytools.win/tools/pdf-to-word/,tool,zh-TW,14,14,1,/category/pdf/;/;/tools/,11,4,0,OK
https://funnytools.win/tools/percentage-calculator/,tool,zh-TW,19,19,1,/category/statistics/;/;/tools/,13,4,1,OK
https://funnytools.win/tools/percentile-rank-calculator/,tool,zh-TW,23,23,1,/category/statistics/;/;/tools/,13,1,1,OK
https://funnytools.win/tools/pie-chart-maker/,tool,zh-TW,19,19,1,/category/draw/;/;/tools/,13,4,0,OK
https://funnytools.win/tools/png-to-jpg/,tool,zh-TW,28,28,1,/category/image/;/;/tools/,13,4,0,OK
https://funnytools.win/tools/pomodoro-timer/,tool,zh-TW,20,20,1,/category/time/;/;/tools/,13,4,0,OK
https://funnytools.win/tools/qr-code-generator/,tool,zh-TW,56,56,1,/category/image/;/;/tools/,14,4,2,OK
https://funnytools.win/tools/random-group-generator/,tool,zh-TW,34,34,1,/category/random/;/;/tools/,13,4,1,OK
https://funnytools.win/tools/random-name-picker/,tool,zh-TW,27,27,1,/category/random/;/;/tools/,13,4,2,OK
https://funnytools.win/tools/random-number-picker/,tool,zh-TW,29,29,1,/category/random/;/;/tools/,13,4,0,OK
https://funnytools.win/tools/random-student-picker/,tool,zh-TW,28,28,1,/category/study/;/;/tools/,13,4,1,OK
https://funnytools.win/tools/random-wheel/,tool,zh-TW,24,24,1,/category/random/;/;/tools/,13,3,2,OK
https://funnytools.win/tools/remove-duplicate-lines/,tool,zh-TW,15,15,1,/category/text/;/;/tools/,13,1,0,OK
https://funnytools.win/tools/remove-empty-lines/,tool,zh-TW,20,20,1,/category/text/;/;/tools/,13,3,1,OK
https://funnytools.win/tools/rotate-pdf/,tool,zh-TW,14,14,1,/category/pdf/;/;/tools/,13,1,1,OK
https://funnytools.win/tools/savings-goal/,tool,zh-TW,15,15,1,/category/money/;/;/tools/,13,0,0,OK
https://funnytools.win/tools/seating-chart/,tool,zh-TW,21,21,1,/category/study/;/;/tools/,13,4,1,OK
https://funnytools.win/tools/sketchpad/,tool,zh-TW,17,17,1,/category/draw/;/;/tools/,13,2,0,OK
https://funnytools.win/tools/sort-lines/,tool,zh-TW,23,23,1,/category/text/;/;/tools/,13,4,1,OK
https://funnytools.win/tools/split-pdf/,tool,zh-TW,30,30,1,/category/pdf/;/;/tools/,13,4,2,OK
https://funnytools.win/tools/spss-result-interpreter/,tool,zh-TW,15,15,1,/category/statistics/;/;/tools/,12,4,1,OK
https://funnytools.win/tools/standard-deviation/,tool,zh-TW,28,28,1,/category/statistics/;/;/tools/,13,4,1,OK
https://funnytools.win/tools/stopwatch/,tool,zh-TW,19,19,1,/category/time/;/;/tools/,13,4,0,OK
https://funnytools.win/tools/t-score-calculator/,tool,zh-TW,26,26,1,/category/statistics/;/;/tools/,14,5,2,OK
https://funnytools.win/tools/teacher-exam-score-converter/,tool,zh-TW,16,16,1,/category/statistics/;/;/tools/,14,2,1,OK
https://funnytools.win/tools/this-or-that/,tool,zh-TW,16,16,1,/category/random/;/;/tools/,13,0,1,OK
https://funnytools.win/tools/timestamp-converter/,tool,zh-TW,16,16,1,/category/time/;/;/tools/,13,2,0,OK
https://funnytools.win/tools/url-encoder/,tool,zh-TW,24,24,1,/category/text/;/;/tools/,13,4,0,OK
https://funnytools.win/tools/uuid-generator/,tool,zh-TW,15,15,1,/category/random/;/;/tools/,13,3,0,OK
https://funnytools.win/tools/webp-to-jpg/,tool,zh-TW,14,14,1,/category/image/;/;/tools/,13,1,0,OK
https://funnytools.win/tools/weighted-average-calculator/,tool,zh-TW,29,29,1,/category/statistics/;/;/tools/,13,4,2,OK
https://funnytools.win/tools/what-to-eat/,tool,zh-TW,15,15,1,/category/random/;/;/tools/,13,0,1,OK
https://funnytools.win/tools/word-counter/,tool,zh-TW,34,34,1,/category/text/;/;/tools/,13,4,2,OK
https://funnytools.win/tools/z-score-calculator/,tool,zh-TW,25,25,1,/category/statistics/;/;/tools/,13,2,2,OK
https://funnytools.win/workflows/creator-social-toolkit/,workflow,zh-TW,24,24,1,/category/image/;/category/random/;/category/text/;/guides/;/;/workflows/,16,0,2,OK
https://funnytools.win/workflows/daily-decision-toolkit/,workflow,zh-TW,14,14,1,/category/random/;/category/time/;/guides/;/;/workflows/,12,0,2,OK
https://funnytools.win/workflows/grade-gpa-check-toolkit/,workflow,zh-TW,11,11,1,/category/statistics/;/category/study/;/guides/;/;/workflows/,7,12,0,OK
https://funnytools.win/workflows/graduate-statistics-report-toolkit/,workflow,zh-TW,18,18,1,/category/statistics/;/guides/;/;/workflows/,10,4,2,OK
https://funnytools.win/workflows/,hub,zh-TW,312,312,1,/category/draw/;/category/image/;/category/money/;/category/pdf/;/category/random/;/category/statistics/;/category/study/;/category/text/;/category/time/;/en/workflows/;/es/flujos/;/for/;/guides/;/;/methodology/;/tools/;/workflows/,0,18,23,OK
https://funnytools.win/workflows/office-document-toolkit/,workflow,zh-TW,42,42,1,/category/image/;/category/pdf/;/category/text/;/category/time/;/guides/;/;/workflows/,18,0,2,OK
https://funnytools.win/workflows/qr-barcode-publishing-toolkit/,workflow,zh-TW,15,15,1,/category/image/;/guides/;/;/workflows/,6,9,0,OK
https://funnytools.win/workflows/student-report-toolkit/,workflow,zh-TW,19,19,1,/category/image/;/category/pdf/;/category/text/;/guides/;/;/workflows/,16,0,2,OK
https://funnytools.win/workflows/teacher-classroom-random-toolkit/,workflow,zh-TW,32,32,1,/category/random/;/category/study/;/category/time/;/guides/;/;/workflows/,14,5,2,OK
https://funnytools.win/workflows/teacher-exam-score-toolkit/,workflow,zh-TW,19,19,1,/category/statistics/;/guides/;/;/workflows/,10,5,2,OK
https://funnytools.win/workflows/text-cleanup-publishing-toolkit/,workflow,zh-TW,12,12,1,/category/text/;/guides/;/;/workflows/,5,3,0,OK
https://funnytools.win/workflows/verify-tool-result/,workflow,zh-TW,6,6,2,/guides/;/methodology/;/workflows/,0,0,0,OK
