URL,page_type,locale,GSC_status,indexable,sitemap,internal_links,similarity_risk,cannibalization_risk,value_score,action,merge_target,confidence,reason,technical_change_required,human_review_required
https://funnytools.win/404/,404,zh-TW,UNKNOWN (no current URL-level Coverage sample),no,not in sitemap,0,not applicable,low/unknown,,RETIRE,,review,intentional excluded route; preserve current policy,no,no
https://funnytools.win/about/,legal,zh-TW,UNKNOWN (no current URL-level Coverage sample),yes,sitemap-guides.xml,313,medium,low/unknown,48,IMPROVE,,review,quality/link/similarity risk requires review,no,yes
https://funnytools.win/about-tools/,legal,zh-TW,UNKNOWN (no current URL-level Coverage sample),yes,sitemap-guides.xml,314,medium,low/unknown,48,IMPROVE,,review,quality/link/similarity risk requires review,no,yes
https://funnytools.win/affiliate-disclosure/,legal,zh-TW,UNKNOWN (no current URL-level Coverage sample),yes,sitemap-guides.xml,497,medium,low/unknown,54,KEEP,,medium,distinct current route with passing technical checks,no,no
https://funnytools.win/blog/ad-block-safe-layout-guide/,blog,zh-TW,UNKNOWN (no current URL-level Coverage sample),no,not in sitemap,0,not applicable,low/unknown,,RETIRE,,review,intentional excluded route; preserve current policy,no,no
https://funnytools.win/blog/after-midterm-final-score-needed/,blog,zh-TW,UNKNOWN (no current URL-level Coverage sample),no,not in sitemap,0,not applicable,low/unknown,,RETIRE,,review,intentional excluded route; preserve current policy,no,no
https://funnytools.win/blog/application-pdf-package-guide/,blog,zh-TW,UNKNOWN (no current URL-level Coverage sample),no,not in sitemap,0,not applicable,low/unknown,,RETIRE,,review,intentional excluded route; preserve current policy,no,no
https://funnytools.win/blog/base64-guide/,blog,zh-TW,UNKNOWN (no current URL-level Coverage sample),no,not in sitemap,0,not applicable,low/unknown,,RETIRE,,review,intentional excluded route; preserve current policy,no,no
https://funnytools.win/blog/browser-local-tool-privacy-guide/,blog,zh-TW,UNKNOWN (no current URL-level Coverage sample),no,not in sitemap,0,not applicable,low/unknown,,RETIRE,,review,intentional excluded route; preserve current policy,no,no
https://funnytools.win/blog/calculate-t-score-from-z-score/,blog,zh-TW,UNKNOWN (no current URL-level Coverage sample),no,not in sitemap,0,not applicable,low/unknown,,RETIRE,,review,intentional excluded route; preserve current policy,no,no
https://funnytools.win/blog/can-pr-and-t-score-convert/,blog,zh-TW,UNKNOWN (no current URL-level Coverage sample),no,not in sitemap,0,not applicable,low/unknown,,RETIRE,,review,intentional excluded route; preserve current policy,no,no
https://funnytools.win/blog/can-z-score-be-greater-than-3/,blog,zh-TW,UNKNOWN (no current URL-level Coverage sample),no,not in sitemap,0,not applicable,low/unknown,,RETIRE,,review,intentional excluded route; preserve current policy,no,no
https://funnytools.win/blog/can-z-score-compare-different-exams/,blog,zh-TW,UNKNOWN (no current URL-level Coverage sample),no,not in sitemap,0,not applicable,low/unknown,,RETIRE,,review,intentional excluded route; preserve current policy,no,no
https://funnytools.win/blog/case-converter-writing-guide/,blog,zh-TW,UNKNOWN (no current URL-level Coverage sample),no,not in sitemap,0,not applicable,low/unknown,,RETIRE,,review,intentional excluded route; preserve current policy,no,no
https://funnytools.win/blog/class-rank-to-percentile-rank/,blog,zh-TW,UNKNOWN (no current URL-level Coverage sample),no,not in sitemap,0,not applicable,low/unknown,,RETIRE,,review,intentional excluded route; preserve current policy,no,no
https://funnytools.win/blog/classroom-game-tools-guide/,blog,zh-TW,UNKNOWN (no current URL-level Coverage sample),no,not in sitemap,0,not applicable,low/unknown,,RETIRE,,review,intentional excluded route; preserve current policy,no,no
https://funnytools.win/blog/classroom-icebreaker-random-guide/,blog,zh-TW,UNKNOWN (no current URL-level Coverage sample),no,not in sitemap,0,not applicable,low/unknown,,RETIRE,,review,intentional excluded route; preserve current policy,no,no
https://funnytools.win/blog/classroom-list-cleaning-guide/,blog,zh-TW,UNKNOWN (no current URL-level Coverage sample),no,not in sitemap,0,not applicable,low/unknown,,RETIRE,,review,intentional excluded route; preserve current policy,no,no
https://funnytools.win/blog/classroom-privacy-tools-guide/,blog,zh-TW,UNKNOWN (no current URL-level Coverage sample),no,not in sitemap,0,not applicable,low/unknown,,RETIRE,,review,intentional excluded route; preserve current policy,no,no
https://funnytools.win/blog/classroom-random-tools-guide/,blog,zh-TW,UNKNOWN (no current URL-level Coverage sample),no,not in sitemap,0,not applicable,low/unknown,,RETIRE,,review,intentional excluded route; preserve current policy,no,no
https://funnytools.win/blog/compound-interest-explained/,blog,zh-TW,UNKNOWN (no current URL-level Coverage sample),no,not in sitemap,0,not applicable,low/unknown,,RETIRE,,review,intentional excluded route; preserve current policy,no,no
https://funnytools.win/blog/compound-interest-reading-guide/,blog,zh-TW,UNKNOWN (no current URL-level Coverage sample),no,not in sitemap,0,not applicable,low/unknown,,RETIRE,,review,intentional excluded route; preserve current policy,no,no
https://funnytools.win/blog/compress-large-images/,blog,zh-TW,UNKNOWN (no current URL-level Coverage sample),no,not in sitemap,0,not applicable,low/unknown,,RETIRE,,review,intentional excluded route; preserve current policy,no,no
https://funnytools.win/blog/countdown-timer-classroom-guide/,blog,zh-TW,UNKNOWN (no current URL-level Coverage sample),no,not in sitemap,0,not applicable,low/unknown,,RETIRE,,review,intentional excluded route; preserve current policy,no,no
https://funnytools.win/blog/countdown-timer-productivity-guide/,blog,zh-TW,UNKNOWN (no current URL-level Coverage sample),no,not in sitemap,0,not applicable,low/unknown,,RETIRE,,review,intentional excluded route; preserve current policy,no,no
https://funnytools.win/blog/csv-cleanup-guide/,blog,zh-TW,UNKNOWN (no current URL-level Coverage sample),no,not in sitemap,0,not applicable,low/unknown,,RETIRE,,review,intentional excluded route; preserve current policy,no,no
https://funnytools.win/blog/current-score-58-final-exam-save-plan/,blog,zh-TW,UNKNOWN (no current URL-level Coverage sample),no,not in sitemap,0,not applicable,low/unknown,,RETIRE,,review,intentional excluded route; preserve current policy,no,no
https://funnytools.win/blog/cutoff-score-analysis-guide/,blog,zh-TW,UNKNOWN (no current URL-level Coverage sample),no,not in sitemap,0,not applicable,low/unknown,,RETIRE,,review,intentional excluded route; preserve current policy,no,no
https://funnytools.win/blog/date-calculator-guide/,blog,zh-TW,UNKNOWN (no current URL-level Coverage sample),no,not in sitemap,0,not applicable,low/unknown,,RETIRE,,review,intentional excluded route; preserve current policy,no,no
https://funnytools.win/blog/decision-fatigue-guide/,blog,zh-TW,UNKNOWN (no current URL-level Coverage sample),no,not in sitemap,0,not applicable,low/unknown,,RETIRE,,review,intentional excluded route; preserve current policy,no,no
https://funnytools.win/blog/exam-score-normalization-mistakes/,blog,zh-TW,UNKNOWN (no current URL-level Coverage sample),no,not in sitemap,0,not applicable,low/unknown,,RETIRE,,review,intentional excluded route; preserve current policy,no,no
https://funnytools.win/blog/failing-grade-calculator-final-needed/,blog,zh-TW,UNKNOWN (no current URL-level Coverage sample),no,not in sitemap,0,not applicable,low/unknown,,RETIRE,,review,intentional excluded route; preserve current policy,no,no
https://funnytools.win/blog/fair-lottery-guide/,blog,zh-TW,UNKNOWN (no current URL-level Coverage sample),no,not in sitemap,0,not applicable,low/unknown,,RETIRE,,review,intentional excluded route; preserve current policy,no,no
https://funnytools.win/blog/file-upload-safety-guide/,blog,zh-TW,UNKNOWN (no current URL-level Coverage sample),no,not in sitemap,0,not applicable,low/unknown,,RETIRE,,review,intentional excluded route; preserve current policy,no,no
https://funnytools.win/blog/free-qr-code-guide/,blog,zh-TW,UNKNOWN (no current URL-level Coverage sample),no,not in sitemap,0,not applicable,low/unknown,,RETIRE,,review,intentional excluded route; preserve current policy,no,no
https://funnytools.win/blog/ga4-basic-traffic-guide/,blog,zh-TW,UNKNOWN (no current URL-level Coverage sample),no,not in sitemap,0,not applicable,low/unknown,,RETIRE,,review,intentional excluded route; preserve current policy,no,no
https://funnytools.win/blog/grade-average-weighted-gpa-guide/,blog,zh-TW,UNKNOWN (no current URL-level Coverage sample),no,not in sitemap,0,not applicable,low/unknown,,RETIRE,,review,intentional excluded route; preserve current policy,no,no
https://funnytools.win/blog/group-role-assignment-guide/,blog,zh-TW,UNKNOWN (no current URL-level Coverage sample),no,not in sitemap,0,not applicable,low/unknown,,RETIRE,,review,intentional excluded route; preserve current policy,no,no
https://funnytools.win/blog/gsc-indexing-guide/,blog,zh-TW,UNKNOWN (no current URL-level Coverage sample),no,not in sitemap,0,not applicable,low/unknown,,RETIRE,,review,intentional excluded route; preserve current policy,no,no
https://funnytools.win/blog/image-compress-resize-format-guide/,blog,zh-TW,UNKNOWN (no current URL-level Coverage sample),no,not in sitemap,0,not applicable,low/unknown,,RETIRE,,review,intentional excluded route; preserve current policy,no,no
https://funnytools.win/blog/image-compression-quality-guide/,blog,zh-TW,UNKNOWN (no current URL-level Coverage sample),no,not in sitemap,0,not applicable,low/unknown,,RETIRE,,review,intentional excluded route; preserve current policy,no,no
https://funnytools.win/blog/image-for-homework-guide/,blog,zh-TW,UNKNOWN (no current URL-level Coverage sample),no,not in sitemap,0,not applicable,low/unknown,,RETIRE,,review,intentional excluded route; preserve current policy,no,no
https://funnytools.win/blog/image-metadata-privacy-guide/,blog,zh-TW,UNKNOWN (no current URL-level Coverage sample),no,not in sitemap,0,not applicable,low/unknown,,RETIRE,,review,intentional excluded route; preserve current policy,no,no
https://funnytools.win/blog/image-upload-limit-guide/,blog,zh-TW,UNKNOWN (no current URL-level Coverage sample),no,not in sitemap,0,not applicable,low/unknown,,RETIRE,,review,intentional excluded route; preserve current policy,no,no
https://funnytools.win/blog/images-to-pdf-document-guide/,blog,zh-TW,UNKNOWN (no current URL-level Coverage sample),no,not in sitemap,0,not applicable,low/unknown,,RETIRE,,review,intentional excluded route; preserve current policy,no,no
https://funnytools.win/blog/images-to-pdf-guide/,blog,zh-TW,UNKNOWN (no current URL-level Coverage sample),no,not in sitemap,0,not applicable,low/unknown,,RETIRE,,review,intentional excluded route; preserve current policy,no,no
https://funnytools.win/blog/,other,zh-TW,UNKNOWN (no current URL-level Coverage sample),no,not in sitemap,13,not applicable,low/unknown,,NOINDEX,,review,intentional excluded route; preserve current policy,no,no
https://funnytools.win/blog/internal-linking-guide/,blog,zh-TW,UNKNOWN (no current URL-level Coverage sample),no,not in sitemap,0,not applicable,low/unknown,,RETIRE,,review,intentional excluded route; preserve current policy,no,no
https://funnytools.win/blog/jpg-png-webp-difference-guide/,blog,zh-TW,UNKNOWN (no current URL-level Coverage sample),no,not in sitemap,0,not applicable,low/unknown,,RETIRE,,review,intentional excluded route; preserve current policy,no,no
https://funnytools.win/blog/json-formatter-beginner-guide/,blog,zh-TW,UNKNOWN (no current URL-level Coverage sample),no,not in sitemap,0,not applicable,low/unknown,,RETIRE,,review,intentional excluded route; preserve current policy,no,no
https://funnytools.win/blog/line-break-cleanup-guide/,blog,zh-TW,UNKNOWN (no current URL-level Coverage sample),no,not in sitemap,0,not applicable,low/unknown,,RETIRE,,review,intentional excluded route; preserve current policy,no,no
https://funnytools.win/blog/logo-image-format-guide/,blog,zh-TW,UNKNOWN (no current URL-level Coverage sample),no,not in sitemap,0,not applicable,low/unknown,,RETIRE,,review,intentional excluded route; preserve current policy,no,no
https://funnytools.win/blog/lucky-draw-event-guide/,blog,zh-TW,UNKNOWN (no current URL-level Coverage sample),no,not in sitemap,0,not applicable,low/unknown,,RETIRE,,review,intentional excluded route; preserve current policy,no,no
https://funnytools.win/blog/markdown-to-html-guide/,blog,zh-TW,UNKNOWN (no current URL-level Coverage sample),no,not in sitemap,0,not applicable,low/unknown,,RETIRE,,review,intentional excluded route; preserve current policy,no,no
https://funnytools.win/blog/mobile-pdf-guide/,blog,zh-TW,UNKNOWN (no current URL-level Coverage sample),no,not in sitemap,0,not applicable,low/unknown,,RETIRE,,review,intentional excluded route; preserve current policy,no,no
https://funnytools.win/blog/mobile-pdf-merge/,blog,zh-TW,UNKNOWN (no current URL-level Coverage sample),no,not in sitemap,0,not applicable,low/unknown,,RETIRE,,review,intentional excluded route; preserve current policy,no,no
https://funnytools.win/blog/mortgage-calculation-guide/,blog,zh-TW,UNKNOWN (no current URL-level Coverage sample),no,not in sitemap,0,not applicable,low/unknown,,RETIRE,,review,intentional excluded route; preserve current policy,no,no
https://funnytools.win/blog/mortgage-payment-explained/,blog,zh-TW,UNKNOWN (no current URL-level Coverage sample),no,not in sitemap,0,not applicable,low/unknown,,RETIRE,,review,intentional excluded route; preserve current policy,no,no
https://funnytools.win/blog/password-generator-guide/,blog,zh-TW,UNKNOWN (no current URL-level Coverage sample),no,not in sitemap,0,not applicable,low/unknown,,RETIRE,,review,intentional excluded route; preserve current policy,no,no
https://funnytools.win/blog/pdf-blank-page-removal-guide/,blog,zh-TW,UNKNOWN (no current URL-level Coverage sample),no,not in sitemap,0,not applicable,low/unknown,,RETIRE,,review,intentional excluded route; preserve current policy,no,no
https://funnytools.win/blog/pdf-file-naming-guide/,blog,zh-TW,UNKNOWN (no current URL-level Coverage sample),no,not in sitemap,0,not applicable,low/unknown,,RETIRE,,review,intentional excluded route; preserve current policy,no,no
https://funnytools.win/blog/pdf-for-teachers-guide/,blog,zh-TW,UNKNOWN (no current URL-level Coverage sample),no,not in sitemap,0,not applicable,low/unknown,,RETIRE,,review,intentional excluded route; preserve current policy,no,no
https://funnytools.win/blog/pdf-merge-guide/,blog,zh-TW,UNKNOWN (no current URL-level Coverage sample),no,not in sitemap,0,not applicable,low/unknown,,RETIRE,,review,intentional excluded route; preserve current policy,no,no
https://funnytools.win/blog/pdf-merge-split-compress-workflow/,blog,zh-TW,UNKNOWN (no current URL-level Coverage sample),no,not in sitemap,0,not applicable,low/unknown,,RETIRE,,review,intentional excluded route; preserve current policy,no,no
https://funnytools.win/blog/pdf-offline-browser-safety/,blog,zh-TW,UNKNOWN (no current URL-level Coverage sample),no,not in sitemap,0,not applicable,low/unknown,,RETIRE,,review,intentional excluded route; preserve current policy,no,no
https://funnytools.win/blog/pdf-page-order-checklist/,blog,zh-TW,UNKNOWN (no current URL-level Coverage sample),no,not in sitemap,0,not applicable,low/unknown,,RETIRE,,review,intentional excluded route; preserve current policy,no,no
https://funnytools.win/blog/pdf-privacy-checklist/,blog,zh-TW,UNKNOWN (no current URL-level Coverage sample),no,not in sitemap,0,not applicable,low/unknown,,RETIRE,,review,intentional excluded route; preserve current policy,no,no
https://funnytools.win/blog/pdf-signature-workflow/,blog,zh-TW,UNKNOWN (no current URL-level Coverage sample),no,not in sitemap,0,not applicable,low/unknown,,RETIRE,,review,intentional excluded route; preserve current policy,no,no
https://funnytools.win/blog/pdf-split-extract-delete-guide/,blog,zh-TW,UNKNOWN (no current URL-level Coverage sample),no,not in sitemap,0,not applicable,low/unknown,,RETIRE,,review,intentional excluded route; preserve current policy,no,no
https://funnytools.win/blog/pdf-split-guide/,blog,zh-TW,UNKNOWN (no current URL-level Coverage sample),no,not in sitemap,0,not applicable,low/unknown,,RETIRE,,review,intentional excluded route; preserve current policy,no,no
https://funnytools.win/blog/pdf-too-large/,blog,zh-TW,UNKNOWN (no current URL-level Coverage sample),no,not in sitemap,0,not applicable,low/unknown,,RETIRE,,review,intentional excluded route; preserve current policy,no,no
https://funnytools.win/blog/pdf-too-large-upload-guide/,blog,zh-TW,UNKNOWN (no current URL-level Coverage sample),no,not in sitemap,0,not applicable,low/unknown,,RETIRE,,review,intentional excluded route; preserve current policy,no,no
https://funnytools.win/blog/pdf-troubleshooting-guide/,blog,zh-TW,UNKNOWN (no current URL-level Coverage sample),no,not in sitemap,0,not applicable,low/unknown,,RETIRE,,review,intentional excluded route; preserve current policy,no,no
https://funnytools.win/blog/percentage-calculator-guide/,blog,zh-TW,UNKNOWN (no current URL-level Coverage sample),no,not in sitemap,0,not applicable,low/unknown,,RETIRE,,review,intentional excluded route; preserve current policy,no,no
https://funnytools.win/blog/percentile-rank-formula-with-ties/,blog,zh-TW,UNKNOWN (no current URL-level Coverage sample),no,not in sitemap,0,not applicable,low/unknown,,RETIRE,,review,intentional excluded route; preserve current policy,no,no
https://funnytools.win/blog/percentile-rank-guide/,blog,zh-TW,UNKNOWN (no current URL-level Coverage sample),no,not in sitemap,0,not applicable,low/unknown,,RETIRE,,review,intentional excluded route; preserve current policy,no,no
https://funnytools.win/blog/percentile-rank-vs-rank-percentage/,blog,zh-TW,UNKNOWN (no current URL-level Coverage sample),no,not in sitemap,0,not applicable,low/unknown,,RETIRE,,review,intentional excluded route; preserve current policy,no,no
https://funnytools.win/blog/percentile-rank-with-many-ties/,blog,zh-TW,UNKNOWN (no current URL-level Coverage sample),no,not in sitemap,0,not applicable,low/unknown,,RETIRE,,review,intentional excluded route; preserve current policy,no,no
https://funnytools.win/blog/photo-before-after-compress-guide/,blog,zh-TW,UNKNOWN (no current URL-level Coverage sample),no,not in sitemap,0,not applicable,low/unknown,,RETIRE,,review,intentional excluded route; preserve current policy,no,no
https://funnytools.win/blog/pr-84-meaning-example/,blog,zh-TW,UNKNOWN (no current URL-level Coverage sample),no,not in sitemap,0,not applicable,low/unknown,,RETIRE,,review,intentional excluded route; preserve current policy,no,no
https://funnytools.win/blog/pr-common-error-as-correct-rate/,blog,zh-TW,UNKNOWN (no current URL-level Coverage sample),no,not in sitemap,0,not applicable,low/unknown,,RETIRE,,review,intentional excluded route; preserve current policy,no,no
https://funnytools.win/blog/pr-percentile/,blog,zh-TW,UNKNOWN (no current URL-level Coverage sample),no,not in sitemap,0,not applicable,low/unknown,,RETIRE,,review,intentional excluded route; preserve current policy,no,no
https://funnytools.win/blog/pr-percentile-10/,blog,zh-TW,UNKNOWN (no current URL-level Coverage sample),no,not in sitemap,0,not applicable,low/unknown,,RETIRE,,review,intentional excluded route; preserve current policy,no,no
https://funnytools.win/blog/pr-percentile-2/,blog,zh-TW,UNKNOWN (no current URL-level Coverage sample),no,not in sitemap,0,not applicable,low/unknown,,RETIRE,,review,intentional excluded route; preserve current policy,no,no
https://funnytools.win/blog/pr-percentile-3/,blog,zh-TW,UNKNOWN (no current URL-level Coverage sample),no,not in sitemap,0,not applicable,low/unknown,,RETIRE,,review,intentional excluded route; preserve current policy,no,no
https://funnytools.win/blog/pr-percentile-4/,blog,zh-TW,UNKNOWN (no current URL-level Coverage sample),no,not in sitemap,0,not applicable,low/unknown,,RETIRE,,review,intentional excluded route; preserve current policy,no,no
https://funnytools.win/blog/pr-percentile-5/,blog,zh-TW,UNKNOWN (no current URL-level Coverage sample),no,not in sitemap,0,not applicable,low/unknown,,RETIRE,,review,intentional excluded route; preserve current policy,no,no
https://funnytools.win/blog/pr-percentile-6/,blog,zh-TW,UNKNOWN (no current URL-level Coverage sample),no,not in sitemap,0,not applicable,low/unknown,,RETIRE,,review,intentional excluded route; preserve current policy,no,no
https://funnytools.win/blog/pr-percentile-7/,blog,zh-TW,UNKNOWN (no current URL-level Coverage sample),no,not in sitemap,0,not applicable,low/unknown,,RETIRE,,review,intentional excluded route; preserve current policy,no,no
https://funnytools.win/blog/pr-percentile-8/,blog,zh-TW,UNKNOWN (no current URL-level Coverage sample),no,not in sitemap,0,not applicable,low/unknown,,RETIRE,,review,intentional excluded route; preserve current policy,no,no
https://funnytools.win/blog/pr-percentile-9/,blog,zh-TW,UNKNOWN (no current URL-level Coverage sample),no,not in sitemap,0,not applicable,low/unknown,,RETIRE,,review,intentional excluded route; preserve current policy,no,no
https://funnytools.win/blog/pr-percentile-rank-guide/,blog,zh-TW,UNKNOWN (no current URL-level Coverage sample),no,not in sitemap,0,not applicable,low/unknown,,RETIRE,,review,intentional excluded route; preserve current policy,no,no
https://funnytools.win/blog/pr-z-t-score-comparison/,blog,zh-TW,UNKNOWN (no current URL-level Coverage sample),no,not in sitemap,0,not applicable,low/unknown,,RETIRE,,review,intentional excluded route; preserve current policy,no,no
https://funnytools.win/blog/profile-photo-resize-guide/,blog,zh-TW,UNKNOWN (no current URL-level Coverage sample),no,not in sitemap,0,not applicable,low/unknown,,RETIRE,,review,intentional excluded route; preserve current policy,no,no
https://funnytools.win/blog/qr-code-best-practices/,blog,zh-TW,UNKNOWN (no current URL-level Coverage sample),no,not in sitemap,0,not applicable,low/unknown,,RETIRE,,review,intentional excluded route; preserve current policy,no,no
https://funnytools.win/blog/qr-code-generator-guide/,blog,zh-TW,UNKNOWN (no current URL-level Coverage sample),no,not in sitemap,0,not applicable,low/unknown,,RETIRE,,review,intentional excluded route; preserve current policy,no,no
https://funnytools.win/blog/qr-code-guide/,blog,zh-TW,UNKNOWN (no current URL-level Coverage sample),no,not in sitemap,0,not applicable,low/unknown,,RETIRE,,review,intentional excluded route; preserve current policy,no,no
https://funnytools.win/blog/qr-code-poster-guide/,blog,zh-TW,UNKNOWN (no current URL-level Coverage sample),no,not in sitemap,0,not applicable,low/unknown,,RETIRE,,review,intentional excluded route; preserve current policy,no,no
https://funnytools.win/blog/random-group-classroom-guide/,blog,zh-TW,UNKNOWN (no current URL-level Coverage sample),no,not in sitemap,0,not applicable,low/unknown,,RETIRE,,review,intentional excluded route; preserve current policy,no,no
https://funnytools.win/blog/random-grouping-classroom/,blog,zh-TW,UNKNOWN (no current URL-level Coverage sample),no,not in sitemap,0,not applicable,low/unknown,,RETIRE,,review,intentional excluded route; preserve current policy,no,no
https://funnytools.win/blog/random-grouping-classroom-guide/,blog,zh-TW,UNKNOWN (no current URL-level Coverage sample),no,not in sitemap,0,not applicable,low/unknown,,RETIRE,,review,intentional excluded route; preserve current policy,no,no
https://funnytools.win/blog/random-number-lottery-guide/,blog,zh-TW,UNKNOWN (no current URL-level Coverage sample),no,not in sitemap,0,not applicable,low/unknown,,RETIRE,,review,intentional excluded route; preserve current policy,no,no
https://funnytools.win/blog/random-student-picker-guide/,blog,zh-TW,UNKNOWN (no current URL-level Coverage sample),no,not in sitemap,0,not applicable,low/unknown,,RETIRE,,review,intentional excluded route; preserve current policy,no,no
https://funnytools.win/blog/random-wheel-decision-guide/,blog,zh-TW,UNKNOWN (no current URL-level Coverage sample),no,not in sitemap,0,not applicable,low/unknown,,RETIRE,,review,intentional excluded route; preserve current policy,no,no
https://funnytools.win/blog/ranking-percentile-class-guide/,blog,zh-TW,UNKNOWN (no current URL-level Coverage sample),no,not in sitemap,0,not applicable,low/unknown,,RETIRE,,review,intentional excluded route; preserve current policy,no,no
https://funnytools.win/blog/raw-score-to-z-score-class-example/,blog,zh-TW,UNKNOWN (no current URL-level Coverage sample),no,not in sitemap,0,not applicable,low/unknown,,RETIRE,,review,intentional excluded route; preserve current policy,no,no
https://funnytools.win/blog/resume-pdf-preparation-guide/,blog,zh-TW,UNKNOWN (no current URL-level Coverage sample),no,not in sitemap,0,not applicable,low/unknown,,RETIRE,,review,intentional excluded route; preserve current policy,no,no
https://funnytools.win/blog/rubric-score-guide/,blog,zh-TW,UNKNOWN (no current URL-level Coverage sample),no,not in sitemap,0,not applicable,low/unknown,,RETIRE,,review,intentional excluded route; preserve current policy,no,no
https://funnytools.win/blog/scan-to-pdf-quality-guide/,blog,zh-TW,UNKNOWN (no current URL-level Coverage sample),no,not in sitemap,0,not applicable,low/unknown,,RETIRE,,review,intentional excluded route; preserve current policy,no,no
https://funnytools.win/blog/score-appeal-record-guide/,blog,zh-TW,UNKNOWN (no current URL-level Coverage sample),no,not in sitemap,0,not applicable,low/unknown,,RETIRE,,review,intentional excluded route; preserve current policy,no,no
https://funnytools.win/blog/screenshot-cleanup-guide/,blog,zh-TW,UNKNOWN (no current URL-level Coverage sample),no,not in sitemap,0,not applicable,low/unknown,,RETIRE,,review,intentional excluded route; preserve current policy,no,no
https://funnytools.win/blog/seating-chart-practical-guide/,blog,zh-TW,UNKNOWN (no current URL-level Coverage sample),no,not in sitemap,0,not applicable,low/unknown,,RETIRE,,review,intentional excluded route; preserve current policy,no,no
https://funnytools.win/blog/semester-grade-calculator-guide/,blog,zh-TW,UNKNOWN (no current URL-level Coverage sample),no,not in sitemap,0,not applicable,low/unknown,,RETIRE,,review,intentional excluded route; preserve current policy,no,no
https://funnytools.win/blog/seo-title-description-guide/,blog,zh-TW,UNKNOWN (no current URL-level Coverage sample),no,not in sitemap,0,not applicable,low/unknown,,RETIRE,,review,intentional excluded route; preserve current policy,no,no
https://funnytools.win/blog/sitemap-checklist-guide/,blog,zh-TW,UNKNOWN (no current URL-level Coverage sample),no,not in sitemap,0,not applicable,low/unknown,,RETIRE,,review,intentional excluded route; preserve current policy,no,no
https://funnytools.win/blog/slug-generator-seo-guide/,blog,zh-TW,UNKNOWN (no current URL-level Coverage sample),no,not in sitemap,0,not applicable,low/unknown,,RETIRE,,review,intentional excluded route; preserve current policy,no,no
https://funnytools.win/blog/small-sample-statistics-guide/,blog,zh-TW,UNKNOWN (no current URL-level Coverage sample),no,not in sitemap,0,not applicable,low/unknown,,RETIRE,,review,intentional excluded route; preserve current policy,no,no
https://funnytools.win/blog/social-media-image-size-guide/,blog,zh-TW,UNKNOWN (no current URL-level Coverage sample),no,not in sitemap,0,not applicable,low/unknown,,RETIRE,,review,intentional excluded route; preserve current policy,no,no
https://funnytools.win/blog/standard-deviation-classroom-guide/,blog,zh-TW,UNKNOWN (no current URL-level Coverage sample),no,not in sitemap,0,not applicable,low/unknown,,RETIRE,,review,intentional excluded route; preserve current policy,no,no
https://funnytools.win/blog/student-presentation-order-guide/,blog,zh-TW,UNKNOWN (no current URL-level Coverage sample),no,not in sitemap,0,not applicable,low/unknown,,RETIRE,,review,intentional excluded route; preserve current policy,no,no
https://funnytools.win/blog/student-toolkit-guide/,blog,zh-TW,UNKNOWN (no current URL-level Coverage sample),no,not in sitemap,0,not applicable,low/unknown,,RETIRE,,review,intentional excluded route; preserve current policy,no,no
https://funnytools.win/blog/t-score-40-50-60-70-meaning/,blog,zh-TW,UNKNOWN (no current URL-level Coverage sample),no,not in sitemap,0,not applicable,low/unknown,,RETIRE,,review,intentional excluded route; preserve current policy,no,no
https://funnytools.win/blog/t-score-and-percentile-rank/,blog,zh-TW,UNKNOWN (no current URL-level Coverage sample),no,not in sitemap,0,not applicable,low/unknown,,RETIRE,,review,intentional excluded route; preserve current policy,no,no
https://funnytools.win/blog/t-score-calculator-guide/,blog,zh-TW,UNKNOWN (no current URL-level Coverage sample),no,not in sitemap,0,not applicable,low/unknown,,RETIRE,,review,intentional excluded route; preserve current policy,no,no
https://funnytools.win/blog/t-score-common-errors-norm-direction/,blog,zh-TW,UNKNOWN (no current URL-level Coverage sample),no,not in sitemap,0,not applicable,low/unknown,,RETIRE,,review,intentional excluded route; preserve current policy,no,no
https://funnytools.win/blog/t-score-complete-guide/,blog,zh-TW,UNKNOWN (no current URL-level Coverage sample),no,not in sitemap,0,not applicable,low/unknown,,RETIRE,,review,intentional excluded route; preserve current policy,no,no
https://funnytools.win/blog/t-score-high-does-not-guarantee-admission/,blog,zh-TW,UNKNOWN (no current URL-level Coverage sample),no,not in sitemap,0,not applicable,low/unknown,,RETIRE,,review,intentional excluded route; preserve current policy,no,no
https://funnytools.win/blog/t-score-in-psychological-educational-tests/,blog,zh-TW,UNKNOWN (no current URL-level Coverage sample),no,not in sitemap,0,not applicable,low/unknown,,RETIRE,,review,intentional excluded route; preserve current policy,no,no
https://funnytools.win/blog/t-score-is-not-percentage/,blog,zh-TW,UNKNOWN (no current URL-level Coverage sample),no,not in sitemap,0,not applicable,low/unknown,,RETIRE,,review,intentional excluded route; preserve current policy,no,no
https://funnytools.win/blog/t-score-pr-guide/,blog,zh-TW,UNKNOWN (no current URL-level Coverage sample),no,not in sitemap,0,not applicable,low/unknown,,RETIRE,,review,intentional excluded route; preserve current policy,no,no
https://funnytools.win/blog/t-score-teacher-exam/,blog,zh-TW,UNKNOWN (no current URL-level Coverage sample),no,not in sitemap,0,not applicable,low/unknown,,RETIRE,,review,intentional excluded route; preserve current policy,no,no
https://funnytools.win/blog/t-score-teacher-exam-10/,blog,zh-TW,UNKNOWN (no current URL-level Coverage sample),no,not in sitemap,0,not applicable,low/unknown,,RETIRE,,review,intentional excluded route; preserve current policy,no,no
https://funnytools.win/blog/t-score-teacher-exam-2/,blog,zh-TW,UNKNOWN (no current URL-level Coverage sample),no,not in sitemap,0,not applicable,low/unknown,,RETIRE,,review,intentional excluded route; preserve current policy,no,no
https://funnytools.win/blog/t-score-teacher-exam-3/,blog,zh-TW,UNKNOWN (no current URL-level Coverage sample),no,not in sitemap,0,not applicable,low/unknown,,RETIRE,,review,intentional excluded route; preserve current policy,no,no
https://funnytools.win/blog/t-score-teacher-exam-4/,blog,zh-TW,UNKNOWN (no current URL-level Coverage sample),no,not in sitemap,0,not applicable,low/unknown,,RETIRE,,review,intentional excluded route; preserve current policy,no,no
https://funnytools.win/blog/t-score-teacher-exam-5/,blog,zh-TW,UNKNOWN (no current URL-level Coverage sample),no,not in sitemap,0,not applicable,low/unknown,,RETIRE,,review,intentional excluded route; preserve current policy,no,no
https://funnytools.win/blog/t-score-teacher-exam-6/,blog,zh-TW,UNKNOWN (no current URL-level Coverage sample),no,not in sitemap,0,not applicable,low/unknown,,RETIRE,,review,intentional excluded route; preserve current policy,no,no
https://funnytools.win/blog/t-score-teacher-exam-7/,blog,zh-TW,UNKNOWN (no current URL-level Coverage sample),no,not in sitemap,0,not applicable,low/unknown,,RETIRE,,review,intentional excluded route; preserve current policy,no,no
https://funnytools.win/blog/t-score-teacher-exam-8/,blog,zh-TW,UNKNOWN (no current URL-level Coverage sample),no,not in sitemap,0,not applicable,low/unknown,,RETIRE,,review,intentional excluded route; preserve current policy,no,no
https://funnytools.win/blog/t-score-teacher-exam-9/,blog,zh-TW,UNKNOWN (no current URL-level Coverage sample),no,not in sitemap,0,not applicable,low/unknown,,RETIRE,,review,intentional excluded route; preserve current policy,no,no
https://funnytools.win/blog/t-score-vs-z-score/,blog,zh-TW,UNKNOWN (no current URL-level Coverage sample),no,not in sitemap,0,not applicable,low/unknown,,RETIRE,,review,intentional excluded route; preserve current policy,no,no
https://funnytools.win/blog/teacher-activity-flow-guide/,blog,zh-TW,UNKNOWN (no current URL-level Coverage sample),no,not in sitemap,0,not applicable,low/unknown,,RETIRE,,review,intentional excluded route; preserve current policy,no,no
https://funnytools.win/blog/teacher-admin-toolkit-guide/,blog,zh-TW,UNKNOWN (no current URL-level Coverage sample),no,not in sitemap,0,not applicable,low/unknown,,RETIRE,,review,intentional excluded route; preserve current policy,no,no
https://funnytools.win/blog/teacher-exam-score-calculation-written-demo-interview/,blog,zh-TW,UNKNOWN (no current URL-level Coverage sample),no,not in sitemap,0,not applicable,low/unknown,,RETIRE,,review,intentional excluded route; preserve current policy,no,no
https://funnytools.win/blog/teacher-exam-score-checklist/,blog,zh-TW,UNKNOWN (no current URL-level Coverage sample),no,not in sitemap,0,not applicable,low/unknown,,RETIRE,,review,intentional excluded route; preserve current policy,no,no
https://funnytools.win/blog/teacher-exam-t-score-fairness/,blog,zh-TW,UNKNOWN (no current URL-level Coverage sample),no,not in sitemap,0,not applicable,low/unknown,,RETIRE,,review,intentional excluded route; preserve current policy,no,no
https://funnytools.win/blog/teacher-exam-weight-written-teaching-interview/,blog,zh-TW,UNKNOWN (no current URL-level Coverage sample),no,not in sitemap,0,not applicable,low/unknown,,RETIRE,,review,intentional excluded route; preserve current policy,no,no
https://funnytools.win/blog/teacher-exam-weighted-score-guide/,blog,zh-TW,UNKNOWN (no current URL-level Coverage sample),no,not in sitemap,0,not applicable,low/unknown,,RETIRE,,review,intentional excluded route; preserve current policy,no,no
https://funnytools.win/blog/teacher-random-grouping/,blog,zh-TW,UNKNOWN (no current URL-level Coverage sample),no,not in sitemap,0,not applicable,low/unknown,,RETIRE,,review,intentional excluded route; preserve current policy,no,no
https://funnytools.win/blog/teacher-score-spreadsheet-check/,blog,zh-TW,UNKNOWN (no current URL-level Coverage sample),no,not in sitemap,0,not applicable,low/unknown,,RETIRE,,review,intentional excluded route; preserve current policy,no,no
https://funnytools.win/blog/thin-content-cleanup-guide/,blog,zh-TW,UNKNOWN (no current URL-level Coverage sample),no,not in sitemap,0,not applicable,low/unknown,,RETIRE,,review,intentional excluded route; preserve current policy,no,no
https://funnytools.win/blog/this-or-that-decision-guide/,blog,zh-TW,UNKNOWN (no current URL-level Coverage sample),no,not in sitemap,0,not applicable,low/unknown,,RETIRE,,review,intentional excluded route; preserve current policy,no,no
https://funnytools.win/blog/time-zone-meeting-guide/,blog,zh-TW,UNKNOWN (no current URL-level Coverage sample),no,not in sitemap,0,not applicable,low/unknown,,RETIRE,,review,intentional excluded route; preserve current policy,no,no
https://funnytools.win/blog/timestamp-converter-guide/,blog,zh-TW,UNKNOWN (no current URL-level Coverage sample),no,not in sitemap,0,not applicable,low/unknown,,RETIRE,,review,intentional excluded route; preserve current policy,no,no
https://funnytools.win/blog/tool-page-content-guide/,blog,zh-TW,UNKNOWN (no current URL-level Coverage sample),no,not in sitemap,0,not applicable,low/unknown,,RETIRE,,review,intentional excluded route; preserve current policy,no,no
https://funnytools.win/blog/transparent-background-guide/,blog,zh-TW,UNKNOWN (no current URL-level Coverage sample),no,not in sitemap,0,not applicable,low/unknown,,RETIRE,,review,intentional excluded route; preserve current policy,no,no
https://funnytools.win/blog/unit-conversion-guide/,blog,zh-TW,UNKNOWN (no current URL-level Coverage sample),no,not in sitemap,0,not applicable,low/unknown,,RETIRE,,review,intentional excluded route; preserve current policy,no,no
https://funnytools.win/blog/url-encode-decode-guide/,blog,zh-TW,UNKNOWN (no current URL-level Coverage sample),no,not in sitemap,0,not applicable,low/unknown,,RETIRE,,review,intentional excluded route; preserve current policy,no,no
https://funnytools.win/blog/utm-link-guide/,blog,zh-TW,UNKNOWN (no current URL-level Coverage sample),no,not in sitemap,0,not applicable,low/unknown,,RETIRE,,review,intentional excluded route; preserve current policy,no,no
https://funnytools.win/blog/uuid-guide/,blog,zh-TW,UNKNOWN (no current URL-level Coverage sample),no,not in sitemap,0,not applicable,low/unknown,,RETIRE,,review,intentional excluded route; preserve current policy,no,no
https://funnytools.win/blog/webp-compatibility-guide/,blog,zh-TW,UNKNOWN (no current URL-level Coverage sample),no,not in sitemap,0,not applicable,low/unknown,,RETIRE,,review,intentional excluded route; preserve current policy,no,no
https://funnytools.win/blog/weighted-average-common-cases/,blog,zh-TW,UNKNOWN (no current URL-level Coverage sample),no,not in sitemap,0,not applicable,low/unknown,,RETIRE,,review,intentional excluded route; preserve current policy,no,no
https://funnytools.win/blog/what-is-percentile-rank-not-percentage/,blog,zh-TW,UNKNOWN (no current URL-level Coverage sample),no,not in sitemap,0,not applicable,low/unknown,,RETIRE,,review,intentional excluded route; preserve current policy,no,no
https://funnytools.win/blog/what-is-t-score-mean-50-sd-10/,blog,zh-TW,UNKNOWN (no current URL-level Coverage sample),no,not in sitemap,0,not applicable,low/unknown,,RETIRE,,review,intentional excluded route; preserve current policy,no,no
https://funnytools.win/blog/what-is-z-score-standard-deviation/,blog,zh-TW,UNKNOWN (no current URL-level Coverage sample),no,not in sitemap,0,not applicable,low/unknown,,RETIRE,,review,intentional excluded route; preserve current policy,no,no
https://funnytools.win/blog/what-to-eat-decision-guide/,blog,zh-TW,UNKNOWN (no current URL-level Coverage sample),no,not in sitemap,0,not applicable,low/unknown,,RETIRE,,review,intentional excluded route; preserve current policy,no,no
https://funnytools.win/blog/what-to-eat-decision-methods/,blog,zh-TW,UNKNOWN (no current URL-level Coverage sample),no,not in sitemap,0,not applicable,low/unknown,,RETIRE,,review,intentional excluded route; preserve current policy,no,no
https://funnytools.win/blog/word-count-social-media-guide/,blog,zh-TW,UNKNOWN (no current URL-level Coverage sample),no,not in sitemap,0,not applicable,low/unknown,,RETIRE,,review,intentional excluded route; preserve current policy,no,no
https://funnytools.win/blog/word-counter-use-cases/,blog,zh-TW,UNKNOWN (no current URL-level Coverage sample),no,not in sitemap,0,not applicable,low/unknown,,RETIRE,,review,intentional excluded route; preserve current policy,no,no
https://funnytools.win/blog/yes-no-decision-guide/,blog,zh-TW,UNKNOWN (no current URL-level Coverage sample),no,not in sitemap,0,not applicable,low/unknown,,RETIRE,,review,intentional excluded route; preserve current policy,no,no
https://funnytools.win/blog/z-score-0-1-minus-1-meaning/,blog,zh-TW,UNKNOWN (no current URL-level Coverage sample),no,not in sitemap,0,not applicable,low/unknown,,RETIRE,,review,intentional excluded route; preserve current policy,no,no
https://funnytools.win/blog/z-score-and-standard-deviation-relationship/,blog,zh-TW,UNKNOWN (no current URL-level Coverage sample),no,not in sitemap,0,not applicable,low/unknown,,RETIRE,,review,intentional excluded route; preserve current policy,no,no
https://funnytools.win/blog/z-score-formula-example-calculator/,blog,zh-TW,UNKNOWN (no current URL-level Coverage sample),no,not in sitemap,0,not applicable,low/unknown,,RETIRE,,review,intentional excluded route; preserve current policy,no,no
https://funnytools.win/blog/z-score-in-research-outlier-standardization/,blog,zh-TW,UNKNOWN (no current URL-level Coverage sample),no,not in sitemap,0,not applicable,low/unknown,,RETIRE,,review,intentional excluded route; preserve current policy,no,no
https://funnytools.win/blog/z-score-standardization-guide/,blog,zh-TW,UNKNOWN (no current URL-level Coverage sample),no,not in sitemap,0,not applicable,low/unknown,,RETIRE,,review,intentional excluded route; preserve current policy,no,no
https://funnytools.win/blog/z-score-t-score-standard-score-guide/,blog,zh-TW,UNKNOWN (no current URL-level Coverage sample),no,not in sitemap,0,not applicable,low/unknown,,RETIRE,,review,intentional excluded route; preserve current policy,no,no
https://funnytools.win/blog/z-score-to-t-score-formula-errors/,blog,zh-TW,UNKNOWN (no current URL-level Coverage sample),no,not in sitemap,0,not applicable,low/unknown,,RETIRE,,review,intentional excluded route; preserve current policy,no,no
https://funnytools.win/category/draw/,category,zh-TW,UNKNOWN (no current URL-level Coverage sample),yes,sitemap-guides.xml,24,medium,low/unknown,61,KEEP,,medium,distinct current route with passing technical checks,no,no
https://funnytools.win/category/image/,category,zh-TW,Not indexed,yes,sitemap-guides.xml,34,high,low/unknown,60,IMPROVE,,review,quality/link/similarity risk requires review,no,yes
https://funnytools.win/category/money/,category,zh-TW,UNKNOWN (no current URL-level Coverage sample),yes,sitemap-guides.xml,15,medium,low/unknown,63,KEEP,,medium,distinct current route with passing technical checks,no,no
https://funnytools.win/category/pdf/,category,zh-TW,Not indexed,yes,sitemap-guides.xml,34,medium,low/unknown,60,KEEP,,medium,distinct current route with passing technical checks,no,no
https://funnytools.win/category/random/,category,zh-TW,Not indexed,yes,sitemap-guides.xml,32,high,low/unknown,59,IMPROVE,,review,quality/link/similarity risk requires review,no,yes
https://funnytools.win/category/statistics/,category,zh-TW,UNKNOWN (no current URL-level Coverage sample),yes,sitemap-guides.xml,24,high,low/unknown,62,IMPROVE,,review,quality/link/similarity risk requires review,no,yes
https://funnytools.win/category/study/,category,zh-TW,UNKNOWN (no current URL-level Coverage sample),yes,sitemap-guides.xml,17,high,low/unknown,59,IMPROVE,,review,quality/link/similarity risk requires review,no,yes
https://funnytools.win/category/text/,category,zh-TW,UNKNOWN (no current URL-level Coverage sample),yes,sitemap-guides.xml,36,high,low/unknown,62,IMPROVE,,review,quality/link/similarity risk requires review,no,yes
https://funnytools.win/category/time/,category,zh-TW,UNKNOWN (no current URL-level Coverage sample),yes,sitemap-guides.xml,29,high,low/unknown,62,IMPROVE,,review,quality/link/similarity risk requires review,no,yes
https://funnytools.win/contact/,legal,zh-TW,UNKNOWN (no current URL-level Coverage sample),yes,sitemap-guides.xml,313,medium,low/unknown,48,IMPROVE,,review,quality/link/similarity risk requires review,no,yes
https://funnytools.win/disclaimer/,legal,zh-TW,UNKNOWN (no current URL-level Coverage sample),yes,sitemap-guides.xml,313,medium,low/unknown,48,IMPROVE,,review,quality/link/similarity risk requires review,no,yes
https://funnytools.win/education-statistics/,other,zh-TW,UNKNOWN (no current URL-level Coverage sample),yes,sitemap-guides.xml,312,high,low/unknown,49,IMPROVE,,review,quality/link/similarity risk requires review,no,yes
https://funnytools.win/embed/age-calculator/,embed,zh-TW,UNKNOWN (no current URL-level Coverage sample),no,not in sitemap,1,not applicable,low/unknown,,NOINDEX,,review,intentional excluded route; preserve current policy,no,no
https://funnytools.win/embed/apa-7-report-generator/,embed,zh-TW,UNKNOWN (no current URL-level Coverage sample),no,not in sitemap,1,not applicable,low/unknown,,NOINDEX,,review,intentional excluded route; preserve current policy,no,no
https://funnytools.win/embed/bar-chart-maker/,embed,zh-TW,UNKNOWN (no current URL-level Coverage sample),no,not in sitemap,1,not applicable,low/unknown,,NOINDEX,,review,intentional excluded route; preserve current policy,no,no
https://funnytools.win/embed/barcode-generator/,embed,zh-TW,UNKNOWN (no current URL-level Coverage sample),no,not in sitemap,1,not applicable,low/unknown,,NOINDEX,,review,intentional excluded route; preserve current policy,no,no
https://funnytools.win/embed/break-reminder/,embed,zh-TW,UNKNOWN (no current URL-level Coverage sample),no,not in sitemap,1,not applicable,low/unknown,,NOINDEX,,review,intentional excluded route; preserve current policy,no,no
https://funnytools.win/embed/business-days/,embed,zh-TW,UNKNOWN (no current URL-level Coverage sample),no,not in sitemap,1,not applicable,low/unknown,,NOINDEX,,review,intentional excluded route; preserve current policy,no,no
https://funnytools.win/embed/cad-2d/,embed,zh-TW,UNKNOWN (no current URL-level Coverage sample),no,not in sitemap,1,not applicable,low/unknown,,NOINDEX,,review,intentional excluded route; preserve current policy,no,no
https://funnytools.win/embed/character-counter/,embed,zh-TW,UNKNOWN (no current URL-level Coverage sample),no,not in sitemap,1,not applicable,low/unknown,,NOINDEX,,review,intentional excluded route; preserve current policy,no,no
https://funnytools.win/embed/class-rank-percentile-calculator/,embed,zh-TW,UNKNOWN (no current URL-level Coverage sample),no,not in sitemap,1,not applicable,low/unknown,,NOINDEX,,review,intentional excluded route; preserve current policy,no,no
https://funnytools.win/embed/color-generator/,embed,zh-TW,UNKNOWN (no current URL-level Coverage sample),no,not in sitemap,1,not applicable,low/unknown,,NOINDEX,,review,intentional excluded route; preserve current policy,no,no
https://funnytools.win/embed/compound-interest/,embed,zh-TW,UNKNOWN (no current URL-level Coverage sample),no,not in sitemap,1,not applicable,low/unknown,,NOINDEX,,review,intentional excluded route; preserve current policy,no,no
https://funnytools.win/embed/countdown-timer/,embed,zh-TW,UNKNOWN (no current URL-level Coverage sample),no,not in sitemap,1,not applicable,low/unknown,,NOINDEX,,review,intentional excluded route; preserve current policy,no,no
https://funnytools.win/embed/date-difference/,embed,zh-TW,UNKNOWN (no current URL-level Coverage sample),no,not in sitemap,1,not applicable,low/unknown,,NOINDEX,,review,intentional excluded route; preserve current policy,no,no
https://funnytools.win/embed/dice-roller/,embed,zh-TW,UNKNOWN (no current URL-level Coverage sample),no,not in sitemap,1,not applicable,low/unknown,,NOINDEX,,review,intentional excluded route; preserve current policy,no,no
https://funnytools.win/embed/flowchart/,embed,zh-TW,UNKNOWN (no current URL-level Coverage sample),no,not in sitemap,1,not applicable,low/unknown,,NOINDEX,,review,intentional excluded route; preserve current policy,no,no
https://funnytools.win/embed/gpa-calculator/,embed,zh-TW,UNKNOWN (no current URL-level Coverage sample),no,not in sitemap,1,not applicable,low/unknown,,NOINDEX,,review,intentional excluded route; preserve current policy,no,no
https://funnytools.win/embed/grade-average/,embed,zh-TW,UNKNOWN (no current URL-level Coverage sample),no,not in sitemap,1,not applicable,low/unknown,,NOINDEX,,review,intentional excluded route; preserve current policy,no,no
https://funnytools.win/embed/group-generator/,embed,zh-TW,UNKNOWN (no current URL-level Coverage sample),no,not in sitemap,1,not applicable,low/unknown,,NOINDEX,,review,intentional excluded route; preserve current policy,no,no
https://funnytools.win/embed/image-compressor/,embed,zh-TW,UNKNOWN (no current URL-level Coverage sample),no,not in sitemap,1,not applicable,low/unknown,,NOINDEX,,review,intentional excluded route; preserve current policy,no,no
https://funnytools.win/embed/image-crop/,embed,zh-TW,UNKNOWN (no current URL-level Coverage sample),no,not in sitemap,1,not applicable,low/unknown,,NOINDEX,,review,intentional excluded route; preserve current policy,no,no
https://funnytools.win/embed/image-resizer/,embed,zh-TW,UNKNOWN (no current URL-level Coverage sample),no,not in sitemap,1,not applicable,low/unknown,,NOINDEX,,review,intentional excluded route; preserve current policy,no,no
https://funnytools.win/embed/image-rotate-flip/,embed,zh-TW,UNKNOWN (no current URL-level Coverage sample),no,not in sitemap,1,not applicable,low/unknown,,NOINDEX,,review,intentional excluded route; preserve current policy,no,no
https://funnytools.win/embed/inflation/,embed,zh-TW,UNKNOWN (no current URL-level Coverage sample),no,not in sitemap,1,not applicable,low/unknown,,NOINDEX,,review,intentional excluded route; preserve current policy,no,no
https://funnytools.win/embed/jpg-to-png/,embed,zh-TW,UNKNOWN (no current URL-level Coverage sample),no,not in sitemap,1,not applicable,low/unknown,,NOINDEX,,review,intentional excluded route; preserve current policy,no,no
https://funnytools.win/embed/jpg-to-webp/,embed,zh-TW,UNKNOWN (no current URL-level Coverage sample),no,not in sitemap,1,not applicable,low/unknown,,NOINDEX,,review,intentional excluded route; preserve current policy,no,no
https://funnytools.win/embed/markdown-previewer/,embed,zh-TW,UNKNOWN (no current URL-level Coverage sample),no,not in sitemap,1,not applicable,low/unknown,,NOINDEX,,review,intentional excluded route; preserve current policy,no,no
https://funnytools.win/embed/mortgage-payment/,embed,zh-TW,UNKNOWN (no current URL-level Coverage sample),no,not in sitemap,1,not applicable,low/unknown,,NOINDEX,,review,intentional excluded route; preserve current policy,no,no
https://funnytools.win/embed/net-salary/,embed,zh-TW,UNKNOWN (no current URL-level Coverage sample),no,not in sitemap,1,not applicable,low/unknown,,NOINDEX,,review,intentional excluded route; preserve current policy,no,no
https://funnytools.win/embed/normalized-score-converter/,embed,zh-TW,UNKNOWN (no current URL-level Coverage sample),no,not in sitemap,1,not applicable,low/unknown,,NOINDEX,,review,intentional excluded route; preserve current policy,no,no
https://funnytools.win/embed/overtime-pay/,embed,zh-TW,UNKNOWN (no current URL-level Coverage sample),no,not in sitemap,1,not applicable,low/unknown,,NOINDEX,,review,intentional excluded route; preserve current policy,no,no
https://funnytools.win/embed/password-generator/,embed,zh-TW,UNKNOWN (no current URL-level Coverage sample),no,not in sitemap,1,not applicable,low/unknown,,NOINDEX,,review,intentional excluded route; preserve current policy,no,no
https://funnytools.win/embed/percentage-calculator/,embed,zh-TW,UNKNOWN (no current URL-level Coverage sample),no,not in sitemap,1,not applicable,low/unknown,,NOINDEX,,review,intentional excluded route; preserve current policy,no,no
https://funnytools.win/embed/percentile-rank-calculator/,embed,zh-TW,UNKNOWN (no current URL-level Coverage sample),no,not in sitemap,1,not applicable,low/unknown,,NOINDEX,,review,intentional excluded route; preserve current policy,no,no
https://funnytools.win/embed/pie-chart-maker/,embed,zh-TW,UNKNOWN (no current URL-level Coverage sample),no,not in sitemap,1,not applicable,low/unknown,,NOINDEX,,review,intentional excluded route; preserve current policy,no,no
https://funnytools.win/embed/png-to-jpg/,embed,zh-TW,UNKNOWN (no current URL-level Coverage sample),no,not in sitemap,1,not applicable,low/unknown,,NOINDEX,,review,intentional excluded route; preserve current policy,no,no
https://funnytools.win/embed/pomodoro-timer/,embed,zh-TW,UNKNOWN (no current URL-level Coverage sample),no,not in sitemap,1,not applicable,low/unknown,,NOINDEX,,review,intentional excluded route; preserve current policy,no,no
https://funnytools.win/embed/qr-code-generator/,embed,zh-TW,UNKNOWN (no current URL-level Coverage sample),no,not in sitemap,1,not applicable,low/unknown,,NOINDEX,,review,intentional excluded route; preserve current policy,no,no
https://funnytools.win/embed/random-group-generator/,embed,zh-TW,UNKNOWN (no current URL-level Coverage sample),no,not in sitemap,1,not applicable,low/unknown,,NOINDEX,,review,intentional excluded route; preserve current policy,no,no
https://funnytools.win/embed/random-name-picker/,embed,zh-TW,UNKNOWN (no current URL-level Coverage sample),no,not in sitemap,1,not applicable,low/unknown,,NOINDEX,,review,intentional excluded route; preserve current policy,no,no
https://funnytools.win/embed/random-number-picker/,embed,zh-TW,UNKNOWN (no current URL-level Coverage sample),no,not in sitemap,1,not applicable,low/unknown,,NOINDEX,,review,intentional excluded route; preserve current policy,no,no
https://funnytools.win/embed/random-student-picker/,embed,zh-TW,UNKNOWN (no current URL-level Coverage sample),no,not in sitemap,1,not applicable,low/unknown,,NOINDEX,,review,intentional excluded route; preserve current policy,no,no
https://funnytools.win/embed/random-wheel/,embed,zh-TW,UNKNOWN (no current URL-level Coverage sample),no,not in sitemap,1,not applicable,low/unknown,,NOINDEX,,review,intentional excluded route; preserve current policy,no,no
https://funnytools.win/embed/remove-duplicate-lines/,embed,zh-TW,UNKNOWN (no current URL-level Coverage sample),no,not in sitemap,1,not applicable,low/unknown,,NOINDEX,,review,intentional excluded route; preserve current policy,no,no
https://funnytools.win/embed/remove-empty-lines/,embed,zh-TW,UNKNOWN (no current URL-level Coverage sample),no,not in sitemap,1,not applicable,low/unknown,,NOINDEX,,review,intentional excluded route; preserve current policy,no,no
https://funnytools.win/embed/savings-goal/,embed,zh-TW,UNKNOWN (no current URL-level Coverage sample),no,not in sitemap,1,not applicable,low/unknown,,NOINDEX,,review,intentional excluded route; preserve current policy,no,no
https://funnytools.win/embed/seating-chart/,embed,zh-TW,UNKNOWN (no current URL-level Coverage sample),no,not in sitemap,1,not applicable,low/unknown,,NOINDEX,,review,intentional excluded route; preserve current policy,no,no
https://funnytools.win/embed/sketchpad/,embed,zh-TW,UNKNOWN (no current URL-level Coverage sample),no,not in sitemap,1,not applicable,low/unknown,,NOINDEX,,review,intentional excluded route; preserve current policy,no,no
https://funnytools.win/embed/sort-lines/,embed,zh-TW,UNKNOWN (no current URL-level Coverage sample),no,not in sitemap,1,not applicable,low/unknown,,NOINDEX,,review,intentional excluded route; preserve current policy,no,no
https://funnytools.win/embed/spss-result-interpreter/,embed,zh-TW,UNKNOWN (no current URL-level Coverage sample),no,not in sitemap,1,not applicable,low/unknown,,NOINDEX,,review,intentional excluded route; preserve current policy,no,no
https://funnytools.win/embed/standard-deviation/,embed,zh-TW,UNKNOWN (no current URL-level Coverage sample),no,not in sitemap,1,not applicable,low/unknown,,NOINDEX,,review,intentional excluded route; preserve current policy,no,no
https://funnytools.win/embed/stopwatch/,embed,zh-TW,UNKNOWN (no current URL-level Coverage sample),no,not in sitemap,1,not applicable,low/unknown,,NOINDEX,,review,intentional excluded route; preserve current policy,no,no
https://funnytools.win/embed/t-score-calculator/,embed,zh-TW,UNKNOWN (no current URL-level Coverage sample),no,not in sitemap,1,not applicable,low/unknown,,NOINDEX,,review,intentional excluded route; preserve current policy,no,no
https://funnytools.win/embed/teacher-exam-score-converter/,embed,zh-TW,UNKNOWN (no current URL-level Coverage sample),no,not in sitemap,1,not applicable,low/unknown,,NOINDEX,,review,intentional excluded route; preserve current policy,no,no
https://funnytools.win/embed/this-or-that/,embed,zh-TW,UNKNOWN (no current URL-level Coverage sample),no,not in sitemap,1,not applicable,low/unknown,,NOINDEX,,review,intentional excluded route; preserve current policy,no,no
https://funnytools.win/embed/timestamp-converter/,embed,zh-TW,UNKNOWN (no current URL-level Coverage sample),no,not in sitemap,1,not applicable,low/unknown,,NOINDEX,,review,intentional excluded route; preserve current policy,no,no
https://funnytools.win/embed/uuid-generator/,embed,zh-TW,UNKNOWN (no current URL-level Coverage sample),no,not in sitemap,1,not applicable,low/unknown,,NOINDEX,,review,intentional excluded route; preserve current policy,no,no
https://funnytools.win/embed/webp-to-jpg/,embed,zh-TW,UNKNOWN (no current URL-level Coverage sample),no,not in sitemap,1,not applicable,low/unknown,,NOINDEX,,review,intentional excluded route; preserve current policy,no,no
https://funnytools.win/embed/weighted-average-calculator/,embed,zh-TW,UNKNOWN (no current URL-level Coverage sample),no,not in sitemap,1,not applicable,low/unknown,,NOINDEX,,review,intentional excluded route; preserve current policy,no,no
https://funnytools.win/embed/what-to-eat/,embed,zh-TW,UNKNOWN (no current URL-level Coverage sample),no,not in sitemap,1,not applicable,low/unknown,,NOINDEX,,review,intentional excluded route; preserve current policy,no,no
https://funnytools.win/embed/word-counter/,embed,zh-TW,UNKNOWN (no current URL-level Coverage sample),no,not in sitemap,1,not applicable,low/unknown,,NOINDEX,,review,intentional excluded route; preserve current policy,no,no
https://funnytools.win/embed/z-score-calculator/,embed,zh-TW,UNKNOWN (no current URL-level Coverage sample),no,not in sitemap,1,not applicable,low/unknown,,NOINDEX,,review,intentional excluded route; preserve current policy,no,no
https://funnytools.win/en/about/,legal,en,UNKNOWN (no current URL-level Coverage sample),yes,sitemap-en.xml,193,medium,low/unknown,49,IMPROVE,,review,quality/link/similarity risk requires review,no,yes
https://funnytools.win/en/about-tools/,legal,en,UNKNOWN (no current URL-level Coverage sample),yes,sitemap-en.xml,194,medium,low/unknown,50,KEEP,,medium,distinct current route with passing technical checks,no,no
https://funnytools.win/en/blog/,other,en,UNKNOWN (no current URL-level Coverage sample),no,not in sitemap,1,not applicable,low/unknown,,NOINDEX,,review,intentional excluded route; preserve current policy,no,no
https://funnytools.win/en/category/draw/,category,en,UNKNOWN (no current URL-level Coverage sample),yes,sitemap-en.xml,13,medium,low/unknown,64,KEEP,,medium,distinct current route with passing technical checks,no,no
https://funnytools.win/en/category/image/,category,en,UNKNOWN (no current URL-level Coverage sample),yes,sitemap-en.xml,23,medium,low/unknown,62,KEEP,,medium,distinct current route with passing technical checks,no,no
https://funnytools.win/en/category/money/,category,en,UNKNOWN (no current URL-level Coverage sample),yes,sitemap-en.xml,13,medium,low/unknown,63,KEEP,,medium,distinct current route with passing technical checks,no,no
https://funnytools.win/en/category/pdf/,category,en,UNKNOWN (no current URL-level Coverage sample),yes,sitemap-en.xml,24,medium,low/unknown,62,KEEP,,medium,distinct current route with passing technical checks,no,no
https://funnytools.win/en/category/random/,category,en,UNKNOWN (no current URL-level Coverage sample),yes,sitemap-en.xml,21,medium,low/unknown,60,KEEP,,medium,distinct current route with passing technical checks,no,no
https://funnytools.win/en/category/statistics/,category,en,UNKNOWN (no current URL-level Coverage sample),yes,sitemap-en.xml,22,high,low/unknown,65,IMPROVE,,review,quality/link/similarity risk requires review,no,yes
https://funnytools.win/en/category/study/,category,en,UNKNOWN (no current URL-level Coverage sample),yes,sitemap-en.xml,15,medium,low/unknown,59,KEEP,,medium,distinct current route with passing technical checks,no,no
https://funnytools.win/en/category/text/,category,en,UNKNOWN (no current URL-level Coverage sample),yes,sitemap-en.xml,26,medium,low/unknown,63,KEEP,,medium,distinct current route with passing technical checks,no,no
https://funnytools.win/en/category/time/,category,en,UNKNOWN (no current URL-level Coverage sample),yes,sitemap-en.xml,18,medium,low/unknown,63,KEEP,,medium,distinct current route with passing technical checks,no,no
https://funnytools.win/en/contact/,legal,en,UNKNOWN (no current URL-level Coverage sample),yes,sitemap-en.xml,193,medium,low/unknown,49,IMPROVE,,review,quality/link/similarity risk requires review,no,yes
https://funnytools.win/en/disclaimer/,legal,en,UNKNOWN (no current URL-level Coverage sample),yes,sitemap-en.xml,193,medium,low/unknown,50,KEEP,,medium,distinct current route with passing technical checks,no,no
https://funnytools.win/en/education-statistics/,other,en,UNKNOWN (no current URL-level Coverage sample),yes,sitemap-en.xml,193,high,low/unknown,63,IMPROVE,,review,quality/link/similarity risk requires review,no,yes
https://funnytools.win/en/embed/age-calculator/,embed,en,UNKNOWN (no current URL-level Coverage sample),no,not in sitemap,0,not applicable,low/unknown,,NOINDEX,,review,intentional excluded route; preserve current policy,no,no
https://funnytools.win/en/embed/apa-7-report-generator/,embed,en,UNKNOWN (no current URL-level Coverage sample),no,not in sitemap,0,not applicable,low/unknown,,NOINDEX,,review,intentional excluded route; preserve current policy,no,no
https://funnytools.win/en/embed/bar-chart-maker/,embed,en,UNKNOWN (no current URL-level Coverage sample),no,not in sitemap,0,not applicable,low/unknown,,NOINDEX,,review,intentional excluded route; preserve current policy,no,no
https://funnytools.win/en/embed/barcode-generator/,embed,en,UNKNOWN (no current URL-level Coverage sample),no,not in sitemap,0,not applicable,low/unknown,,NOINDEX,,review,intentional excluded route; preserve current policy,no,no
https://funnytools.win/en/embed/break-reminder/,embed,en,UNKNOWN (no current URL-level Coverage sample),no,not in sitemap,0,not applicable,low/unknown,,NOINDEX,,review,intentional excluded route; preserve current policy,no,no
https://funnytools.win/en/embed/business-days/,embed,en,UNKNOWN (no current URL-level Coverage sample),no,not in sitemap,0,not applicable,low/unknown,,NOINDEX,,review,intentional excluded route; preserve current policy,no,no
https://funnytools.win/en/embed/cad-2d/,embed,en,UNKNOWN (no current URL-level Coverage sample),no,not in sitemap,0,not applicable,low/unknown,,NOINDEX,,review,intentional excluded route; preserve current policy,no,no
https://funnytools.win/en/embed/character-counter/,embed,en,UNKNOWN (no current URL-level Coverage sample),no,not in sitemap,0,not applicable,low/unknown,,NOINDEX,,review,intentional excluded route; preserve current policy,no,no
https://funnytools.win/en/embed/class-rank-percentile-calculator/,embed,en,UNKNOWN (no current URL-level Coverage sample),no,not in sitemap,0,not applicable,low/unknown,,NOINDEX,,review,intentional excluded route; preserve current policy,no,no
https://funnytools.win/en/embed/color-generator/,embed,en,UNKNOWN (no current URL-level Coverage sample),no,not in sitemap,0,not applicable,low/unknown,,NOINDEX,,review,intentional excluded route; preserve current policy,no,no
https://funnytools.win/en/embed/compound-interest/,embed,en,UNKNOWN (no current URL-level Coverage sample),no,not in sitemap,0,not applicable,low/unknown,,NOINDEX,,review,intentional excluded route; preserve current policy,no,no
https://funnytools.win/en/embed/countdown-timer/,embed,en,UNKNOWN (no current URL-level Coverage sample),no,not in sitemap,0,not applicable,low/unknown,,NOINDEX,,review,intentional excluded route; preserve current policy,no,no
https://funnytools.win/en/embed/date-difference/,embed,en,UNKNOWN (no current URL-level Coverage sample),no,not in sitemap,0,not applicable,low/unknown,,NOINDEX,,review,intentional excluded route; preserve current policy,no,no
https://funnytools.win/en/embed/dice-roller/,embed,en,UNKNOWN (no current URL-level Coverage sample),no,not in sitemap,0,not applicable,low/unknown,,NOINDEX,,review,intentional excluded route; preserve current policy,no,no
https://funnytools.win/en/embed/flowchart/,embed,en,UNKNOWN (no current URL-level Coverage sample),no,not in sitemap,0,not applicable,low/unknown,,NOINDEX,,review,intentional excluded route; preserve current policy,no,no
https://funnytools.win/en/embed/gpa-calculator/,embed,en,UNKNOWN (no current URL-level Coverage sample),no,not in sitemap,0,not applicable,low/unknown,,NOINDEX,,review,intentional excluded route; preserve current policy,no,no
https://funnytools.win/en/embed/grade-average/,embed,en,UNKNOWN (no current URL-level Coverage sample),no,not in sitemap,0,not applicable,low/unknown,,NOINDEX,,review,intentional excluded route; preserve current policy,no,no
https://funnytools.win/en/embed/group-generator/,embed,en,UNKNOWN (no current URL-level Coverage sample),no,not in sitemap,0,not applicable,low/unknown,,NOINDEX,,review,intentional excluded route; preserve current policy,no,no
https://funnytools.win/en/embed/image-compressor/,embed,en,UNKNOWN (no current URL-level Coverage sample),no,not in sitemap,0,not applicable,low/unknown,,NOINDEX,,review,intentional excluded route; preserve current policy,no,no
https://funnytools.win/en/embed/image-crop/,embed,en,UNKNOWN (no current URL-level Coverage sample),no,not in sitemap,0,not applicable,low/unknown,,NOINDEX,,review,intentional excluded route; preserve current policy,no,no
https://funnytools.win/en/embed/image-resizer/,embed,en,UNKNOWN (no current URL-level Coverage sample),no,not in sitemap,0,not applicable,low/unknown,,NOINDEX,,review,intentional excluded route; preserve current policy,no,no
https://funnytools.win/en/embed/image-rotate-flip/,embed,en,UNKNOWN (no current URL-level Coverage sample),no,not in sitemap,0,not applicable,low/unknown,,NOINDEX,,review,intentional excluded route; preserve current policy,no,no
https://funnytools.win/en/embed/inflation/,embed,en,UNKNOWN (no current URL-level Coverage sample),no,not in sitemap,0,not applicable,low/unknown,,NOINDEX,,review,intentional excluded route; preserve current policy,no,no
https://funnytools.win/en/embed/jpg-to-png/,embed,en,UNKNOWN (no current URL-level Coverage sample),no,not in sitemap,0,not applicable,low/unknown,,NOINDEX,,review,intentional excluded route; preserve current policy,no,no
https://funnytools.win/en/embed/jpg-to-webp/,embed,en,UNKNOWN (no current URL-level Coverage sample),no,not in sitemap,0,not applicable,low/unknown,,NOINDEX,,review,intentional excluded route; preserve current policy,no,no
https://funnytools.win/en/embed/markdown-previewer/,embed,en,UNKNOWN (no current URL-level Coverage sample),no,not in sitemap,0,not applicable,low/unknown,,NOINDEX,,review,intentional excluded route; preserve current policy,no,no
https://funnytools.win/en/embed/mortgage-payment/,embed,en,UNKNOWN (no current URL-level Coverage sample),no,not in sitemap,0,not applicable,low/unknown,,NOINDEX,,review,intentional excluded route; preserve current policy,no,no
https://funnytools.win/en/embed/net-salary/,embed,en,UNKNOWN (no current URL-level Coverage sample),no,not in sitemap,0,not applicable,low/unknown,,NOINDEX,,review,intentional excluded route; preserve current policy,no,no
https://funnytools.win/en/embed/normalized-score-converter/,embed,en,UNKNOWN (no current URL-level Coverage sample),no,not in sitemap,0,not applicable,low/unknown,,NOINDEX,,review,intentional excluded route; preserve current policy,no,no
https://funnytools.win/en/embed/overtime-pay/,embed,en,UNKNOWN (no current URL-level Coverage sample),no,not in sitemap,0,not applicable,low/unknown,,NOINDEX,,review,intentional excluded route; preserve current policy,no,no
https://funnytools.win/en/embed/password-generator/,embed,en,UNKNOWN (no current URL-level Coverage sample),no,not in sitemap,0,not applicable,low/unknown,,NOINDEX,,review,intentional excluded route; preserve current policy,no,no
https://funnytools.win/en/embed/percentage-calculator/,embed,en,UNKNOWN (no current URL-level Coverage sample),no,not in sitemap,0,not applicable,low/unknown,,NOINDEX,,review,intentional excluded route; preserve current policy,no,no
https://funnytools.win/en/embed/percentile-rank-calculator/,embed,en,UNKNOWN (no current URL-level Coverage sample),no,not in sitemap,0,not applicable,low/unknown,,NOINDEX,,review,intentional excluded route; preserve current policy,no,no
https://funnytools.win/en/embed/pie-chart-maker/,embed,en,UNKNOWN (no current URL-level Coverage sample),no,not in sitemap,0,not applicable,low/unknown,,NOINDEX,,review,intentional excluded route; preserve current policy,no,no
https://funnytools.win/en/embed/png-to-jpg/,embed,en,UNKNOWN (no current URL-level Coverage sample),no,not in sitemap,0,not applicable,low/unknown,,NOINDEX,,review,intentional excluded route; preserve current policy,no,no
https://funnytools.win/en/embed/pomodoro-timer/,embed,en,UNKNOWN (no current URL-level Coverage sample),no,not in sitemap,0,not applicable,low/unknown,,NOINDEX,,review,intentional excluded route; preserve current policy,no,no
https://funnytools.win/en/embed/qr-code-generator/,embed,en,UNKNOWN (no current URL-level Coverage sample),no,not in sitemap,0,not applicable,low/unknown,,NOINDEX,,review,intentional excluded route; preserve current policy,no,no
https://funnytools.win/en/embed/random-group-generator/,embed,en,UNKNOWN (no current URL-level Coverage sample),no,not in sitemap,0,not applicable,low/unknown,,NOINDEX,,review,intentional excluded route; preserve current policy,no,no
https://funnytools.win/en/embed/random-name-picker/,embed,en,UNKNOWN (no current URL-level Coverage sample),no,not in sitemap,0,not applicable,low/unknown,,NOINDEX,,review,intentional excluded route; preserve current policy,no,no
https://funnytools.win/en/embed/random-number-picker/,embed,en,UNKNOWN (no current URL-level Coverage sample),no,not in sitemap,0,not applicable,low/unknown,,NOINDEX,,review,intentional excluded route; preserve current policy,no,no
https://funnytools.win/en/embed/random-student-picker/,embed,en,UNKNOWN (no current URL-level Coverage sample),no,not in sitemap,0,not applicable,low/unknown,,NOINDEX,,review,intentional excluded route; preserve current policy,no,no
https://funnytools.win/en/embed/random-wheel/,embed,en,UNKNOWN (no current URL-level Coverage sample),no,not in sitemap,0,not applicable,low/unknown,,NOINDEX,,review,intentional excluded route; preserve current policy,no,no
https://funnytools.win/en/embed/remove-duplicate-lines/,embed,en,UNKNOWN (no current URL-level Coverage sample),no,not in sitemap,0,not applicable,low/unknown,,NOINDEX,,review,intentional excluded route; preserve current policy,no,no
https://funnytools.win/en/embed/remove-empty-lines/,embed,en,UNKNOWN (no current URL-level Coverage sample),no,not in sitemap,0,not applicable,low/unknown,,NOINDEX,,review,intentional excluded route; preserve current policy,no,no
https://funnytools.win/en/embed/savings-goal/,embed,en,UNKNOWN (no current URL-level Coverage sample),no,not in sitemap,0,not applicable,low/unknown,,NOINDEX,,review,intentional excluded route; preserve current policy,no,no
https://funnytools.win/en/embed/seating-chart/,embed,en,UNKNOWN (no current URL-level Coverage sample),no,not in sitemap,0,not applicable,low/unknown,,NOINDEX,,review,intentional excluded route; preserve current policy,no,no
https://funnytools.win/en/embed/sketchpad/,embed,en,UNKNOWN (no current URL-level Coverage sample),no,not in sitemap,0,not applicable,low/unknown,,NOINDEX,,review,intentional excluded route; preserve current policy,no,no
https://funnytools.win/en/embed/sort-lines/,embed,en,UNKNOWN (no current URL-level Coverage sample),no,not in sitemap,0,not applicable,low/unknown,,NOINDEX,,review,intentional excluded route; preserve current policy,no,no
https://funnytools.win/en/embed/spss-result-interpreter/,embed,en,UNKNOWN (no current URL-level Coverage sample),no,not in sitemap,0,not applicable,low/unknown,,NOINDEX,,review,intentional excluded route; preserve current policy,no,no
https://funnytools.win/en/embed/standard-deviation/,embed,en,UNKNOWN (no current URL-level Coverage sample),no,not in sitemap,0,not applicable,low/unknown,,NOINDEX,,review,intentional excluded route; preserve current policy,no,no
https://funnytools.win/en/embed/stopwatch/,embed,en,UNKNOWN (no current URL-level Coverage sample),no,not in sitemap,0,not applicable,low/unknown,,NOINDEX,,review,intentional excluded route; preserve current policy,no,no
https://funnytools.win/en/embed/t-score-calculator/,embed,en,UNKNOWN (no current URL-level Coverage sample),no,not in sitemap,0,not applicable,low/unknown,,NOINDEX,,review,intentional excluded route; preserve current policy,no,no
https://funnytools.win/en/embed/teacher-exam-score-converter/,embed,en,UNKNOWN (no current URL-level Coverage sample),no,not in sitemap,0,not applicable,low/unknown,,NOINDEX,,review,intentional excluded route; preserve current policy,no,no
https://funnytools.win/en/embed/this-or-that/,embed,en,UNKNOWN (no current URL-level Coverage sample),no,not in sitemap,0,not applicable,low/unknown,,NOINDEX,,review,intentional excluded route; preserve current policy,no,no
https://funnytools.win/en/embed/timestamp-converter/,embed,en,UNKNOWN (no current URL-level Coverage sample),no,not in sitemap,0,not applicable,low/unknown,,NOINDEX,,review,intentional excluded route; preserve current policy,no,no
https://funnytools.win/en/embed/uuid-generator/,embed,en,UNKNOWN (no current URL-level Coverage sample),no,not in sitemap,0,not applicable,low/unknown,,NOINDEX,,review,intentional excluded route; preserve current policy,no,no
https://funnytools.win/en/embed/webp-to-jpg/,embed,en,UNKNOWN (no current URL-level Coverage sample),no,not in sitemap,0,not applicable,low/unknown,,NOINDEX,,review,intentional excluded route; preserve current policy,no,no
https://funnytools.win/en/embed/weighted-average-calculator/,embed,en,UNKNOWN (no current URL-level Coverage sample),no,not in sitemap,0,not applicable,low/unknown,,NOINDEX,,review,intentional excluded route; preserve current policy,no,no
https://funnytools.win/en/embed/what-to-eat/,embed,en,UNKNOWN (no current URL-level Coverage sample),no,not in sitemap,0,not applicable,low/unknown,,NOINDEX,,review,intentional excluded route; preserve current policy,no,no
https://funnytools.win/en/embed/word-counter/,embed,en,UNKNOWN (no current URL-level Coverage sample),no,not in sitemap,0,not applicable,low/unknown,,NOINDEX,,review,intentional excluded route; preserve current policy,no,no
https://funnytools.win/en/embed/z-score-calculator/,embed,en,UNKNOWN (no current URL-level Coverage sample),no,not in sitemap,0,not applicable,low/unknown,,NOINDEX,,review,intentional excluded route; preserve current policy,no,no
https://funnytools.win/en/for/creators/,audience,en,UNKNOWN (no current URL-level Coverage sample),yes,sitemap-en.xml,7,medium,low/unknown,61,KEEP,,medium,distinct current route with passing technical checks,no,no
https://funnytools.win/en/for/designers/,audience,en,UNKNOWN (no current URL-level Coverage sample),yes,sitemap-en.xml,7,medium,low/unknown,61,KEEP,,medium,distinct current route with passing technical checks,no,no
https://funnytools.win/en/for/developers/,audience,en,UNKNOWN (no current URL-level Coverage sample),yes,sitemap-en.xml,7,medium,low/unknown,62,KEEP,,medium,distinct current route with passing technical checks,no,no
https://funnytools.win/en/for/,hub,en,UNKNOWN (no current URL-level Coverage sample),yes,sitemap-en.xml,193,medium,low/unknown,51,KEEP,,medium,distinct current route with passing technical checks,no,no
https://funnytools.win/en/for/office-workers/,audience,en,UNKNOWN (no current URL-level Coverage sample),yes,sitemap-en.xml,9,medium,low/unknown,61,KEEP,,medium,distinct current route with passing technical checks,no,no
https://funnytools.win/en/for/students/,audience,en,UNKNOWN (no current URL-level Coverage sample),yes,sitemap-en.xml,8,medium,low/unknown,58,KEEP,,medium,distinct current route with passing technical checks,no,no
https://funnytools.win/en/for/teachers/,audience,en,UNKNOWN (no current URL-level Coverage sample),yes,sitemap-en.xml,8,medium,low/unknown,62,KEEP,,medium,distinct current route with passing technical checks,no,no
https://funnytools.win/en/guides/2d-cad-drawing-board-workflow-guide/,guide,en,UNKNOWN (no current URL-level Coverage sample),yes,sitemap-en.xml,3,medium,low/unknown,66,WAIT,,review,recent publication or current evidence window is too short,no,no
https://funnytools.win/en/guides/a4-vs-us-letter-printing-guide/,guide,en,UNKNOWN (no current URL-level Coverage sample),yes,sitemap-en.xml,12,low,low/unknown,68,KEEP,,medium,distinct current route with passing technical checks,no,no
https://funnytools.win/en/guides/anova-apa-format-guide/,guide,en,UNKNOWN (no current URL-level Coverage sample),yes,sitemap-en.xml,11,medium,low/unknown,64,KEEP,,medium,distinct current route with passing technical checks,no,no
https://funnytools.win/en/guides/bar-chart-school-report-guide/,guide,en,UNKNOWN (no current URL-level Coverage sample),yes,sitemap-en.xml,7,medium,low/unknown,71,KEEP,,medium,distinct current route with passing technical checks,no,no
https://funnytools.win/en/guides/classroom-group-roles-rotation-guide/,guide,en,UNKNOWN (no current URL-level Coverage sample),yes,sitemap-en.xml,7,medium,low/unknown,67,WAIT,,review,recent publication or current evidence window is too short,no,no
https://funnytools.win/en/guides/classroom-lottery-tool-guide/,guide,en,UNKNOWN (no current URL-level Coverage sample),yes,sitemap-en.xml,11,medium,low/unknown,63,KEEP,,medium,distinct current route with passing technical checks,no,no
https://funnytools.win/en/guides/classroom-random-group-absent-student-repair-guide/,guide,en,UNKNOWN (no current URL-level Coverage sample),yes,sitemap-en.xml,4,high,high,63,WAIT,https://funnytools.win/en/guides/classroom-random-group-size-balance-guide/,review,recent publication or current evidence window is too short,no,no
https://funnytools.win/en/guides/classroom-random-group-guide/,guide,en,UNKNOWN (no current URL-level Coverage sample),yes,sitemap-en.xml,19,high,high,62,MERGE,https://funnytools.win/en/guides/fair-student-grouping-guide/,review,quality/link/similarity risk requires review,no,yes
https://funnytools.win/en/guides/classroom-random-group-materials-handoff-guide/,guide,en,UNKNOWN (no current URL-level Coverage sample),yes,sitemap-en.xml,2,medium,low/unknown,61,WAIT,,review,recent publication or current evidence window is too short,no,no
https://funnytools.win/en/guides/classroom-random-group-no-repeat-guide/,guide,en,UNKNOWN (no current URL-level Coverage sample),yes,sitemap-en.xml,7,medium,low/unknown,66,WAIT,,review,recent publication or current evidence window is too short,no,no
https://funnytools.win/en/guides/classroom-random-group-seat-transition-guide/,guide,en,UNKNOWN (no current URL-level Coverage sample),yes,sitemap-en.xml,3,medium,low/unknown,63,WAIT,,review,recent publication or current evidence window is too short,no,no
https://funnytools.win/en/guides/classroom-random-group-shareable-result-guide/,guide,en,UNKNOWN (no current URL-level Coverage sample),yes,sitemap-en.xml,4,medium,low/unknown,64,WAIT,,review,recent publication or current evidence window is too short,no,no
https://funnytools.win/en/guides/classroom-random-group-size-balance-guide/,guide,en,UNKNOWN (no current URL-level Coverage sample),yes,sitemap-en.xml,5,high,high,65,WAIT,https://funnytools.win/en/guides/classroom-random-group-absent-student-repair-guide/,review,recent publication or current evidence window is too short,no,no
https://funnytools.win/en/guides/classroom-random-picker-guide/,guide,en,UNKNOWN (no current URL-level Coverage sample),yes,sitemap-en.xml,16,medium,high,64,MERGE,https://funnytools.win/en/guides/classroom-random-group-guide/,review,distinct current route with passing technical checks,no,yes
https://funnytools.win/en/guides/classroom-timer-guide/,guide,en,UNKNOWN (no current URL-level Coverage sample),yes,sitemap-en.xml,16,medium,low/unknown,65,KEEP,,medium,distinct current route with passing technical checks,no,no
https://funnytools.win/en/guides/csv-to-json-header-duplicate-column-guide/,guide,en,UNKNOWN (no current URL-level Coverage sample),yes,sitemap-en.xml,6,medium,low/unknown,67,WAIT,,review,recent publication or current evidence window is too short,no,no
https://funnytools.win/en/guides/fair-student-grouping-guide/,guide,en,UNKNOWN (no current URL-level Coverage sample),yes,sitemap-en.xml,11,high,high,63,MERGE,https://funnytools.win/en/guides/classroom-random-group-guide/,review,quality/link/similarity risk requires review,no,yes
https://funnytools.win/en/guides/image-color-profile-web-print-guide/,guide,en,UNKNOWN (no current URL-level Coverage sample),yes,sitemap-en.xml,3,medium,low/unknown,63,WAIT,,review,recent publication or current evidence window is too short,no,no
https://funnytools.win/en/guides/image-compression-email-guide/,guide,en,UNKNOWN (no current URL-level Coverage sample),yes,sitemap-en.xml,11,low,low/unknown,68,KEEP,,medium,distinct current route with passing technical checks,no,no
https://funnytools.win/en/guides/image-compression-quality-size-guide/,guide,en,UNKNOWN (no current URL-level Coverage sample),yes,sitemap-en.xml,8,medium,low/unknown,66,WAIT,,review,recent publication or current evidence window is too short,no,no
https://funnytools.win/en/guides/image-compressor-metadata-privacy-guide/,guide,en,UNKNOWN (no current URL-level Coverage sample),yes,sitemap-en.xml,4,medium,low/unknown,66,WAIT,,review,recent publication or current evidence window is too short,no,no
https://funnytools.win/en/guides/image-resampling-quality-guide/,guide,en,UNKNOWN (no current URL-level Coverage sample),yes,sitemap-en.xml,3,medium,low/unknown,62,WAIT,,review,recent publication or current evidence window is too short,no,no
https://funnytools.win/en/guides/image-resize-aspect-ratio-guide/,guide,en,UNKNOWN (no current URL-level Coverage sample),yes,sitemap-en.xml,7,medium,low/unknown,67,WAIT,,review,recent publication or current evidence window is too short,no,no
https://funnytools.win/en/guides/image-resolution-print-web-guide/,guide,en,UNKNOWN (no current URL-level Coverage sample),yes,sitemap-en.xml,5,medium,low/unknown,66,WAIT,,review,recent publication or current evidence window is too short,no,no
https://funnytools.win/en/guides/,hub,en,UNKNOWN (no current URL-level Coverage sample),yes,sitemap-en.xml,193,low,low/unknown,52,KEEP,,medium,distinct current route with passing technical checks,no,no
https://funnytools.win/en/guides/json-formatter-trailing-comma-error-guide/,guide,en,UNKNOWN (no current URL-level Coverage sample),yes,sitemap-en.xml,5,medium,low/unknown,67,WAIT,,review,recent publication or current evidence window is too short,no,no
https://funnytools.win/en/guides/merge-pdf-bookmarks-navigation-guide/,guide,en,UNKNOWN (no current URL-level Coverage sample),yes,sitemap-en.xml,4,medium,low/unknown,64,WAIT,,review,recent publication or current evidence window is too short,no,no
https://funnytools.win/en/guides/merge-pdf-page-size-orientation-guide/,guide,en,UNKNOWN (no current URL-level Coverage sample),yes,sitemap-en.xml,9,medium,low/unknown,67,WAIT,,review,recent publication or current evidence window is too short,no,no
https://funnytools.win/en/guides/merge-pdf-private-guide/,guide,en,UNKNOWN (no current URL-level Coverage sample),yes,sitemap-en.xml,14,medium,low/unknown,66,KEEP,,medium,distinct current route with passing technical checks,no,no
https://funnytools.win/en/guides/merge-pdf-reading-order-checklist-guide/,guide,en,UNKNOWN (no current URL-level Coverage sample),yes,sitemap-en.xml,9,medium,low/unknown,66,WAIT,,review,recent publication or current evidence window is too short,no,no
https://funnytools.win/en/guides/pdf-accessibility-reading-order-check-guide/,guide,en,UNKNOWN (no current URL-level Coverage sample),yes,sitemap-en.xml,2,medium,low/unknown,62,WAIT,,review,recent publication or current evidence window is too short,no,no
https://funnytools.win/en/guides/pdf-compressor-email-attachment-guide/,guide,en,UNKNOWN (no current URL-level Coverage sample),yes,sitemap-en.xml,5,medium,low/unknown,67,WAIT,,review,recent publication or current evidence window is too short,no,no
https://funnytools.win/en/guides/pdf-compressor-form-fields-links-guide/,guide,en,UNKNOWN (no current URL-level Coverage sample),yes,sitemap-en.xml,3,medium,low/unknown,63,WAIT,,review,recent publication or current evidence window is too short,no,no
https://funnytools.win/en/guides/pdf-page-reorder-appendix-merge-check-guide/,guide,en,UNKNOWN (no current URL-level Coverage sample),yes,sitemap-en.xml,4,medium,low/unknown,64,WAIT,,review,recent publication or current evidence window is too short,no,no
https://funnytools.win/en/guides/pdf-split-vs-extract-vs-delete/,guide,en,UNKNOWN (no current URL-level Coverage sample),yes,sitemap-en.xml,5,medium,low/unknown,66,WAIT,,review,recent publication or current evidence window is too short,no,no
https://funnytools.win/en/guides/pdf-table-to-excel-header-check-guide/,guide,en,UNKNOWN (no current URL-level Coverage sample),yes,sitemap-en.xml,5,medium,low/unknown,68,WAIT,,review,recent publication or current evidence window is too short,no,no
https://funnytools.win/en/guides/pdf-to-image-background-contrast-guide/,guide,en,UNKNOWN (no current URL-level Coverage sample),yes,sitemap-en.xml,5,medium,low/unknown,67,WAIT,,review,recent publication or current evidence window is too short,no,no
https://funnytools.win/en/guides/pdf-to-image-multipage-download-guide/,guide,en,UNKNOWN (no current URL-level Coverage sample),yes,sitemap-en.xml,8,medium,low/unknown,66,WAIT,,review,recent publication or current evidence window is too short,no,no
https://funnytools.win/en/guides/pdf-to-image-print-crop-marks-guide/,guide,en,UNKNOWN (no current URL-level Coverage sample),yes,sitemap-en.xml,3,medium,low/unknown,64,WAIT,,review,recent publication or current evidence window is too short,no,no
https://funnytools.win/en/guides/pdf-to-image-raster-text-search-guide/,guide,en,UNKNOWN (no current URL-level Coverage sample),yes,sitemap-en.xml,9,medium,low/unknown,66,WAIT,,review,recent publication or current evidence window is too short,no,no
https://funnytools.win/en/guides/pdf-to-image-resolution-guide/,guide,en,UNKNOWN (no current URL-level Coverage sample),yes,sitemap-en.xml,12,medium,low/unknown,67,WAIT,,review,recent publication or current evidence window is too short,no,no
https://funnytools.win/en/guides/pdf-to-word-form-field-editing-guide/,guide,en,UNKNOWN (no current URL-level Coverage sample),yes,sitemap-en.xml,4,medium,low/unknown,65,WAIT,,review,recent publication or current evidence window is too short,no,no
https://funnytools.win/en/guides/pdf-to-word-layout-fidelity-guide/,guide,en,UNKNOWN (no current URL-level Coverage sample),yes,sitemap-en.xml,9,medium,low/unknown,67,WAIT,,review,recent publication or current evidence window is too short,no,no
https://funnytools.win/en/guides/pdf-to-word-ocr-language-check-guide/,guide,en,UNKNOWN (no current URL-level Coverage sample),yes,sitemap-en.xml,2,medium,low/unknown,61,WAIT,,review,recent publication or current evidence window is too short,no,no
https://funnytools.win/en/guides/pdf-to-word-review-track-changes-guide/,guide,en,UNKNOWN (no current URL-level Coverage sample),yes,sitemap-en.xml,6,medium,low/unknown,68,WAIT,,review,recent publication or current evidence window is too short,no,no
https://funnytools.win/en/guides/pdf-upload-failed-troubleshooting/,guide,en,UNKNOWN (no current URL-level Coverage sample),yes,sitemap-en.xml,5,medium,low/unknown,67,WAIT,,review,recent publication or current evidence window is too short,no,no
https://funnytools.win/en/guides/percentage-grade-to-gpa-conversion-guide/,guide,en,UNKNOWN (no current URL-level Coverage sample),yes,sitemap-en.xml,3,medium,low/unknown,66,WAIT,,review,recent publication or current evidence window is too short,no,no
https://funnytools.win/en/guides/percentage-shortcuts-guide/,guide,en,UNKNOWN (no current URL-level Coverage sample),yes,sitemap-en.xml,8,low,low/unknown,70,KEEP,,medium,distinct current route with passing technical checks,no,no
https://funnytools.win/en/guides/percentile-rank-guide/,guide,en,UNKNOWN (no current URL-level Coverage sample),yes,sitemap-en.xml,10,medium,low/unknown,62,KEEP,,medium,distinct current route with passing technical checks,no,no
https://funnytools.win/en/guides/photos-to-pdf-phone-guide/,guide,en,UNKNOWN (no current URL-level Coverage sample),yes,sitemap-en.xml,7,medium,low/unknown,68,KEEP,,medium,distinct current route with passing technical checks,no,no
https://funnytools.win/en/guides/qr-code-accessible-fallback-guide/,guide,en,UNKNOWN (no current URL-level Coverage sample),yes,sitemap-en.xml,3,medium,low/unknown,62,WAIT,,review,recent publication or current evidence window is too short,no,no
https://funnytools.win/en/guides/qr-code-before-print-testing-guide/,guide,en,UNKNOWN (no current URL-level Coverage sample),yes,sitemap-en.xml,12,medium,low/unknown,66,WAIT,,review,recent publication or current evidence window is too short,no,no
https://funnytools.win/en/guides/qr-code-classroom-guide/,guide,en,UNKNOWN (no current URL-level Coverage sample),yes,sitemap-en.xml,7,medium,low/unknown,68,KEEP,,medium,distinct current route with passing technical checks,no,no
https://funnytools.win/en/guides/qr-code-destination-change-log-guide/,guide,en,UNKNOWN (no current URL-level Coverage sample),yes,sitemap-en.xml,4,medium,low/unknown,64,WAIT,,review,recent publication or current evidence window is too short,no,no
https://funnytools.win/en/guides/qr-code-event-page-expiry-guide/,guide,en,UNKNOWN (no current URL-level Coverage sample),yes,sitemap-en.xml,7,medium,low/unknown,67,WAIT,,review,recent publication or current evidence window is too short,no,no
https://funnytools.win/en/guides/qr-code-mobile-landing-page-guide/,guide,en,UNKNOWN (no current URL-level Coverage sample),yes,sitemap-en.xml,11,medium,low/unknown,65,WAIT,,review,recent publication or current evidence window is too short,no,no
https://funnytools.win/en/guides/qr-code-multi-placement-consistency-guide/,guide,en,UNKNOWN (no current URL-level Coverage sample),yes,sitemap-en.xml,2,medium,low/unknown,61,WAIT,,review,recent publication or current evidence window is too short,no,no
https://funnytools.win/en/guides/qr-code-multilingual-switch-testing-guide/,guide,en,UNKNOWN (no current URL-level Coverage sample),yes,sitemap-en.xml,4,medium,low/unknown,63,WAIT,,review,recent publication or current evidence window is too short,no,no
https://funnytools.win/en/guides/qr-code-payload-length-guide/,guide,en,UNKNOWN (no current URL-level Coverage sample),yes,sitemap-en.xml,6,medium,low/unknown,67,WAIT,,review,recent publication or current evidence window is too short,no,no
https://funnytools.win/en/guides/qr-code-scan-failure-field-troubleshooting-guide/,guide,en,UNKNOWN (no current URL-level Coverage sample),yes,sitemap-en.xml,3,medium,low/unknown,62,WAIT,,review,recent publication or current evidence window is too short,no,no
https://funnytools.win/en/guides/qr-code-utm-campaign-link-guide/,guide,en,UNKNOWN (no current URL-level Coverage sample),yes,sitemap-en.xml,5,medium,low/unknown,67,WAIT,,review,recent publication or current evidence window is too short,no,no
https://funnytools.win/en/guides/seating-chart-changeover-routine-guide/,guide,en,UNKNOWN (no current URL-level Coverage sample),yes,sitemap-en.xml,5,medium,low/unknown,66,WAIT,,review,recent publication or current evidence window is too short,no,no
https://funnytools.win/en/guides/seating-chart-student-needs-intake-guide/,guide,en,UNKNOWN (no current URL-level Coverage sample),yes,sitemap-en.xml,6,medium,low/unknown,66,WAIT,,review,recent publication or current evidence window is too short,no,no
https://funnytools.win/en/guides/split-pdf-output-naming-batch-delivery-guide/,guide,en,UNKNOWN (no current URL-level Coverage sample),yes,sitemap-en.xml,3,medium,low/unknown,63,WAIT,,review,recent publication or current evidence window is too short,no,no
https://funnytools.win/en/guides/split-pdf-page-range-planning-guide/,guide,en,UNKNOWN (no current URL-level Coverage sample),yes,sitemap-en.xml,8,medium,low/unknown,66,WAIT,,review,recent publication or current evidence window is too short,no,no
https://funnytools.win/en/guides/spss-levene-test-guide/,guide,en,UNKNOWN (no current URL-level Coverage sample),yes,sitemap-en.xml,12,medium,low/unknown,63,KEEP,,medium,distinct current route with passing technical checks,no,no
https://funnytools.win/en/guides/t-score-calculator-guide/,guide,en,UNKNOWN (no current URL-level Coverage sample),yes,sitemap-en.xml,15,high,high,64,MERGE,https://funnytools.win/en/guides/z-score-calculator-guide/,review,quality/link/similarity risk requires review,no,yes
https://funnytools.win/en/guides/t-test-apa-format-guide/,guide,en,UNKNOWN (no current URL-level Coverage sample),yes,sitemap-en.xml,11,medium,low/unknown,66,KEEP,,medium,distinct current route with passing technical checks,no,no
https://funnytools.win/en/guides/teacher-exam-weighted-score-guide/,guide,en,UNKNOWN (no current URL-level Coverage sample),yes,sitemap-en.xml,12,medium,low/unknown,65,KEEP,,medium,distinct current route with passing technical checks,no,no
https://funnytools.win/en/guides/two-way-anova-interaction-guide/,guide,en,UNKNOWN (no current URL-level Coverage sample),yes,sitemap-en.xml,8,medium,low/unknown,67,KEEP,,medium,distinct current route with passing technical checks,no,no
https://funnytools.win/en/guides/word-count-essay-limits-guide/,guide,en,UNKNOWN (no current URL-level Coverage sample),yes,sitemap-en.xml,6,low,low/unknown,69,KEEP,,medium,distinct current route with passing technical checks,no,no
https://funnytools.win/en/guides/z-score-calculator-guide/,guide,en,UNKNOWN (no current URL-level Coverage sample),yes,sitemap-en.xml,12,high,high,60,MERGE,https://funnytools.win/en/guides/t-score-calculator-guide/,review,quality/link/similarity risk requires review,no,yes
https://funnytools.win/en/,home,en,Indexed,yes,sitemap-en.xml,407,medium,low/unknown,63,KEEP,,medium,distinct current route with passing technical checks,no,no
https://funnytools.win/en/privacy/,legal,en,UNKNOWN (no current URL-level Coverage sample),yes,sitemap-en.xml,194,medium,low/unknown,49,IMPROVE,,review,quality/link/similarity risk requires review,no,yes
https://funnytools.win/en/shop/,support,en,UNKNOWN (no current URL-level Coverage sample),yes,sitemap-en.xml,193,low,low/unknown,55,KEEP,,medium,distinct current route with passing technical checks,no,no
https://funnytools.win/en/support/,support,en,UNKNOWN (no current URL-level Coverage sample),yes,sitemap-en.xml,193,medium,low/unknown,55,KEEP,,medium,distinct current route with passing technical checks,no,no
https://funnytools.win/en/terms/,legal,en,UNKNOWN (no current URL-level Coverage sample),yes,sitemap-en.xml,193,medium,low/unknown,49,IMPROVE,,review,quality/link/similarity risk requires review,no,yes
https://funnytools.win/en/tools/age-calculator/,tool,en,UNKNOWN (no current URL-level Coverage sample),yes,sitemap-en.xml,14,medium,low/unknown,87,KEEP,,medium,distinct current route with passing technical checks,no,no
https://funnytools.win/en/tools/apa-7-report-generator/,tool,en,UNKNOWN (no current URL-level Coverage sample),yes,sitemap-en.xml,16,high,high,83,MERGE,https://funnytools.win/en/tools/spss-result-interpreter/,review,quality/link/similarity risk requires review,no,yes
https://funnytools.win/en/tools/bar-chart-maker/,tool,en,UNKNOWN (no current URL-level Coverage sample),yes,sitemap-en.xml,14,medium,high,82,MERGE,https://funnytools.win/en/tools/pie-chart-maker/,review,distinct current route with passing technical checks,no,yes
https://funnytools.win/en/tools/barcode-generator/,tool,en,UNKNOWN (no current URL-level Coverage sample),yes,sitemap-en.xml,10,medium,low/unknown,87,KEEP,,medium,distinct current route with passing technical checks,no,no
https://funnytools.win/en/tools/base64/,tool,en,UNKNOWN (no current URL-level Coverage sample),yes,sitemap-en.xml,12,medium,low/unknown,84,KEEP,,medium,distinct current route with passing technical checks,no,no
https://funnytools.win/en/tools/break-reminder/,tool,en,UNKNOWN (no current URL-level Coverage sample),yes,sitemap-en.xml,10,medium,low/unknown,84,KEEP,,medium,distinct current route with passing technical checks,no,no
https://funnytools.win/en/tools/bulk-image-compressor/,tool,en,UNKNOWN (no current URL-level Coverage sample),yes,sitemap-en.xml,4,medium,low/unknown,83,KEEP,,medium,distinct current route with passing technical checks,no,no
https://funnytools.win/en/tools/business-days/,tool,en,UNKNOWN (no current URL-level Coverage sample),yes,sitemap-en.xml,17,medium,low/unknown,84,KEEP,,medium,distinct current route with passing technical checks,no,no
https://funnytools.win/en/tools/cad-2d/,tool,en,Not indexed,yes,sitemap-en.xml,13,medium,low/unknown,88,KEEP,,medium,distinct current route with passing technical checks,no,no
https://funnytools.win/en/tools/case-converter/,tool,en,UNKNOWN (no current URL-level Coverage sample),yes,sitemap-en.xml,22,medium,low/unknown,85,KEEP,,medium,distinct current route with passing technical checks,no,no
https://funnytools.win/en/tools/character-counter/,tool,en,Not indexed,yes,sitemap-en.xml,31,medium,low/unknown,85,KEEP,,medium,distinct current route with passing technical checks,no,no
https://funnytools.win/en/tools/class-rank-percentile-calculator/,tool,en,UNKNOWN (no current URL-level Coverage sample),yes,sitemap-en.xml,14,high,high,81,MERGE,https://funnytools.win/en/tools/percentile-rank-calculator/,review,quality/link/similarity risk requires review,no,yes
https://funnytools.win/en/tools/color-generator/,tool,en,UNKNOWN (no current URL-level Coverage sample),yes,sitemap-en.xml,13,low,low/unknown,87,KEEP,,medium,distinct current route with passing technical checks,no,no
https://funnytools.win/en/tools/compound-interest/,tool,en,UNKNOWN (no current URL-level Coverage sample),yes,sitemap-en.xml,13,medium,low/unknown,85,KEEP,,medium,distinct current route with passing technical checks,no,no
https://funnytools.win/en/tools/countdown-timer/,tool,en,UNKNOWN (no current URL-level Coverage sample),yes,sitemap-en.xml,21,medium,low/unknown,87,KEEP,,medium,distinct current route with passing technical checks,no,no
https://funnytools.win/en/tools/cronbach-alpha-calculator/,tool,en,UNKNOWN (no current URL-level Coverage sample),yes,sitemap-en.xml,7,medium,low/unknown,86,KEEP,,medium,distinct current route with passing technical checks,no,no
https://funnytools.win/en/tools/csv-to-json/,tool,en,UNKNOWN (no current URL-level Coverage sample),yes,sitemap-en.xml,12,high,high,84,MERGE,https://funnytools.win/en/tools/json-to-csv/,review,quality/link/similarity risk requires review,no,yes
https://funnytools.win/en/tools/date-difference/,tool,en,UNKNOWN (no current URL-level Coverage sample),yes,sitemap-en.xml,16,medium,low/unknown,84,KEEP,,medium,distinct current route with passing technical checks,no,no
https://funnytools.win/en/tools/delete-pdf-pages/,tool,en,UNKNOWN (no current URL-level Coverage sample),yes,sitemap-en.xml,14,high,high,82,MERGE,https://funnytools.win/en/tools/extract-pdf-pages/,review,quality/link/similarity risk requires review,no,yes
https://funnytools.win/en/tools/dice-roller/,tool,en,UNKNOWN (no current URL-level Coverage sample),yes,sitemap-en.xml,15,medium,low/unknown,86,KEEP,,medium,distinct current route with passing technical checks,no,no
https://funnytools.win/en/tools/extract-pdf-pages/,tool,en,UNKNOWN (no current URL-level Coverage sample),yes,sitemap-en.xml,15,high,high,82,MERGE,https://funnytools.win/en/tools/delete-pdf-pages/,review,quality/link/similarity risk requires review,no,yes
https://funnytools.win/en/tools/flowchart/,tool,en,UNKNOWN (no current URL-level Coverage sample),yes,sitemap-en.xml,12,low,low/unknown,89,KEEP,,medium,distinct current route with passing technical checks,no,no
https://funnytools.win/en/tools/gpa-calculator/,tool,en,UNKNOWN (no current URL-level Coverage sample),yes,sitemap-en.xml,14,medium,low/unknown,90,KEEP,,medium,distinct current route with passing technical checks,no,no
https://funnytools.win/en/tools/grade-average/,tool,en,Not indexed,yes,sitemap-en.xml,23,medium,low/unknown,84,KEEP,,medium,distinct current route with passing technical checks,no,no
https://funnytools.win/en/tools/group-generator/,tool,en,UNKNOWN (no current URL-level Coverage sample),yes,sitemap-en.xml,23,high,low/unknown,84,IMPROVE,,review,quality/link/similarity risk requires review,no,yes
https://funnytools.win/en/tools/image-compressor/,tool,en,UNKNOWN (no current URL-level Coverage sample),yes,sitemap-en.xml,40,medium,low/unknown,84,KEEP,,medium,distinct current route with passing technical checks,no,no
https://funnytools.win/en/tools/image-crop/,tool,en,UNKNOWN (no current URL-level Coverage sample),yes,sitemap-en.xml,16,medium,low/unknown,84,KEEP,,medium,distinct current route with passing technical checks,no,no
https://funnytools.win/en/tools/image-resizer/,tool,en,UNKNOWN (no current URL-level Coverage sample),yes,sitemap-en.xml,37,medium,low/unknown,84,KEEP,,medium,distinct current route with passing technical checks,no,no
https://funnytools.win/en/tools/image-rotate-flip/,tool,en,UNKNOWN (no current URL-level Coverage sample),yes,sitemap-en.xml,9,medium,low/unknown,82,KEEP,,medium,distinct current route with passing technical checks,no,no
https://funnytools.win/en/tools/image-to-base64/,tool,en,UNKNOWN (no current URL-level Coverage sample),yes,sitemap-en.xml,10,medium,low/unknown,87,KEEP,,medium,distinct current route with passing technical checks,no,no
https://funnytools.win/en/tools/image-to-dxf/,tool,en,UNKNOWN (no current URL-level Coverage sample),yes,sitemap-en.xml,9,low,low/unknown,88,KEEP,,medium,distinct current route with passing technical checks,no,no
https://funnytools.win/en/tools/images-to-pdf/,tool,en,UNKNOWN (no current URL-level Coverage sample),yes,sitemap-en.xml,18,medium,low/unknown,86,KEEP,,medium,distinct current route with passing technical checks,no,no
https://funnytools.win/en/tools/independent-samples-t-test-calculator/,tool,en,UNKNOWN (no current URL-level Coverage sample),yes,sitemap-en.xml,10,medium,low/unknown,82,KEEP,,medium,distinct current route with passing technical checks,no,no
https://funnytools.win/en/tools/,hub,en,Not indexed,yes,sitemap-en.xml,194,medium,low/unknown,56,KEEP,,medium,distinct current route with passing technical checks,no,no
https://funnytools.win/en/tools/inflation/,tool,en,UNKNOWN (no current URL-level Coverage sample),yes,sitemap-en.xml,12,medium,low/unknown,85,KEEP,,medium,distinct current route with passing technical checks,no,no
https://funnytools.win/en/tools/jpg-to-png/,tool,en,UNKNOWN (no current URL-level Coverage sample),yes,sitemap-en.xml,18,high,high,82,MERGE,https://funnytools.win/en/tools/png-to-jpg/,review,quality/link/similarity risk requires review,no,yes
https://funnytools.win/en/tools/jpg-to-webp/,tool,en,UNKNOWN (no current URL-level Coverage sample),yes,sitemap-en.xml,15,high,high,82,MERGE,https://funnytools.win/en/tools/webp-to-jpg/,review,quality/link/similarity risk requires review,no,yes
https://funnytools.win/en/tools/json-formatter/,tool,en,UNKNOWN (no current URL-level Coverage sample),yes,sitemap-en.xml,23,medium,low/unknown,87,KEEP,,medium,distinct current route with passing technical checks,no,no
https://funnytools.win/en/tools/json-to-csv/,tool,en,UNKNOWN (no current URL-level Coverage sample),yes,sitemap-en.xml,10,high,high,84,MERGE,https://funnytools.win/en/tools/csv-to-json/,review,quality/link/similarity risk requires review,no,yes
https://funnytools.win/en/tools/markdown-previewer/,tool,en,UNKNOWN (no current URL-level Coverage sample),yes,sitemap-en.xml,9,low,low/unknown,88,KEEP,,medium,distinct current route with passing technical checks,no,no
https://funnytools.win/en/tools/merge-pdf/,tool,en,UNKNOWN (no current URL-level Coverage sample),yes,sitemap-en.xml,27,medium,low/unknown,84,KEEP,,medium,distinct current route with passing technical checks,no,no
https://funnytools.win/en/tools/mortgage-payment/,tool,en,UNKNOWN (no current URL-level Coverage sample),yes,sitemap-en.xml,13,medium,low/unknown,86,KEEP,,medium,distinct current route with passing technical checks,no,no
https://funnytools.win/en/tools/net-salary/,tool,en,UNKNOWN (no current URL-level Coverage sample),yes,sitemap-en.xml,12,medium,low/unknown,87,KEEP,,medium,distinct current route with passing technical checks,no,no
https://funnytools.win/en/tools/normalized-score-converter/,tool,en,UNKNOWN (no current URL-level Coverage sample),yes,sitemap-en.xml,13,high,high,80,MERGE,https://funnytools.win/en/tools/z-score-calculator/,review,quality/link/similarity risk requires review,no,yes
https://funnytools.win/en/tools/overtime-pay/,tool,en,UNKNOWN (no current URL-level Coverage sample),yes,sitemap-en.xml,13,medium,low/unknown,88,KEEP,,medium,distinct current route with passing technical checks,no,no
https://funnytools.win/en/tools/password-generator/,tool,en,UNKNOWN (no current URL-level Coverage sample),yes,sitemap-en.xml,13,low,low/unknown,87,KEEP,,medium,distinct current route with passing technical checks,no,no
https://funnytools.win/en/tools/pdf-compressor/,tool,en,UNKNOWN (no current URL-level Coverage sample),yes,sitemap-en.xml,27,medium,low/unknown,86,KEEP,,medium,distinct current route with passing technical checks,no,no
https://funnytools.win/en/tools/pdf-page-reorder/,tool,en,UNKNOWN (no current URL-level Coverage sample),yes,sitemap-en.xml,22,medium,low/unknown,84,KEEP,,medium,distinct current route with passing technical checks,no,no
https://funnytools.win/en/tools/pdf-table-to-excel/,tool,en,UNKNOWN (no current URL-level Coverage sample),yes,sitemap-en.xml,7,medium,low/unknown,84,KEEP,,medium,distinct current route with passing technical checks,no,no
https://funnytools.win/en/tools/pdf-to-image/,tool,en,UNKNOWN (no current URL-level Coverage sample),yes,sitemap-en.xml,23,medium,low/unknown,84,KEEP,,medium,distinct current route with passing technical checks,no,no
https://funnytools.win/en/tools/pdf-to-word/,tool,en,UNKNOWN (no current URL-level Coverage sample),yes,sitemap-en.xml,12,medium,low/unknown,84,KEEP,,medium,distinct current route with passing technical checks,no,no
https://funnytools.win/en/tools/percentage-calculator/,tool,en,UNKNOWN (no current URL-level Coverage sample),yes,sitemap-en.xml,11,low,low/unknown,84,KEEP,,medium,distinct current route with passing technical checks,no,no
https://funnytools.win/en/tools/percentile-rank-calculator/,tool,en,UNKNOWN (no current URL-level Coverage sample),yes,sitemap-en.xml,21,high,high,80,MERGE,https://funnytools.win/en/tools/class-rank-percentile-calculator/,review,quality/link/similarity risk requires review,no,yes
https://funnytools.win/en/tools/pie-chart-maker/,tool,en,UNKNOWN (no current URL-level Coverage sample),yes,sitemap-en.xml,13,medium,high,86,MERGE,https://funnytools.win/en/tools/bar-chart-maker/,review,distinct current route with passing technical checks,no,yes
https://funnytools.win/en/tools/png-to-jpg/,tool,en,UNKNOWN (no current URL-level Coverage sample),yes,sitemap-en.xml,23,high,high,82,MERGE,https://funnytools.win/en/tools/jpg-to-png/,review,quality/link/similarity risk requires review,no,yes
https://funnytools.win/en/tools/pomodoro-timer/,tool,en,UNKNOWN (no current URL-level Coverage sample),yes,sitemap-en.xml,14,medium,low/unknown,86,KEEP,,medium,distinct current route with passing technical checks,no,no
https://funnytools.win/en/tools/qr-code-generator/,tool,en,UNKNOWN (no current URL-level Coverage sample),yes,sitemap-en.xml,41,medium,low/unknown,87,KEEP,,medium,distinct current route with passing technical checks,no,no
https://funnytools.win/en/tools/random-group-generator/,tool,en,UNKNOWN (no current URL-level Coverage sample),yes,sitemap-en.xml,32,high,low/unknown,84,IMPROVE,,review,quality/link/similarity risk requires review,no,yes
https://funnytools.win/en/tools/random-name-picker/,tool,en,UNKNOWN (no current URL-level Coverage sample),yes,sitemap-en.xml,22,medium,low/unknown,84,KEEP,,medium,distinct current route with passing technical checks,no,no
https://funnytools.win/en/tools/random-number-picker/,tool,en,UNKNOWN (no current URL-level Coverage sample),yes,sitemap-en.xml,23,medium,low/unknown,85,KEEP,,medium,distinct current route with passing technical checks,no,no
https://funnytools.win/en/tools/random-student-picker/,tool,en,UNKNOWN (no current URL-level Coverage sample),yes,sitemap-en.xml,26,medium,low/unknown,85,KEEP,,medium,distinct current route with passing technical checks,no,no
https://funnytools.win/en/tools/random-wheel/,tool,en,UNKNOWN (no current URL-level Coverage sample),yes,sitemap-en.xml,19,medium,low/unknown,84,KEEP,,medium,distinct current route with passing technical checks,no,no
https://funnytools.win/en/tools/remove-duplicate-lines/,tool,en,UNKNOWN (no current URL-level Coverage sample),yes,sitemap-en.xml,12,medium,low/unknown,82,KEEP,,medium,distinct current route with passing technical checks,no,no
https://funnytools.win/en/tools/remove-empty-lines/,tool,en,UNKNOWN (no current URL-level Coverage sample),yes,sitemap-en.xml,13,medium,low/unknown,84,KEEP,,medium,distinct current route with passing technical checks,no,no
https://funnytools.win/en/tools/rotate-pdf/,tool,en,UNKNOWN (no current URL-level Coverage sample),yes,sitemap-en.xml,11,medium,low/unknown,84,KEEP,,medium,distinct current route with passing technical checks,no,no
https://funnytools.win/en/tools/savings-goal/,tool,en,Not indexed,yes,sitemap-en.xml,13,medium,low/unknown,85,KEEP,,medium,distinct current route with passing technical checks,no,no
https://funnytools.win/en/tools/seating-chart/,tool,en,UNKNOWN (no current URL-level Coverage sample),yes,sitemap-en.xml,19,medium,low/unknown,87,KEEP,,medium,distinct current route with passing technical checks,no,no
https://funnytools.win/en/tools/sketchpad/,tool,en,UNKNOWN (no current URL-level Coverage sample),yes,sitemap-en.xml,13,medium,low/unknown,88,KEEP,,medium,distinct current route with passing technical checks,no,no
https://funnytools.win/en/tools/sort-lines/,tool,en,UNKNOWN (no current URL-level Coverage sample),yes,sitemap-en.xml,15,medium,low/unknown,82,KEEP,,medium,distinct current route with passing technical checks,no,no
https://funnytools.win/en/tools/split-pdf/,tool,en,UNKNOWN (no current URL-level Coverage sample),yes,sitemap-en.xml,25,medium,low/unknown,84,KEEP,,medium,distinct current route with passing technical checks,no,no
https://funnytools.win/en/tools/spss-result-interpreter/,tool,en,UNKNOWN (no current URL-level Coverage sample),yes,sitemap-en.xml,13,high,high,83,MERGE,https://funnytools.win/en/tools/apa-7-report-generator/,review,quality/link/similarity risk requires review,no,yes
https://funnytools.win/en/tools/standard-deviation/,tool,en,UNKNOWN (no current URL-level Coverage sample),yes,sitemap-en.xml,21,high,high,83,MERGE,https://funnytools.win/en/tools/z-score-calculator/,review,quality/link/similarity risk requires review,no,yes
https://funnytools.win/en/tools/stopwatch/,tool,en,UNKNOWN (no current URL-level Coverage sample),yes,sitemap-en.xml,13,medium,low/unknown,86,KEEP,,medium,distinct current route with passing technical checks,no,no
https://funnytools.win/en/tools/t-score-calculator/,tool,en,UNKNOWN (no current URL-level Coverage sample),yes,sitemap-en.xml,24,high,high,83,MERGE,https://funnytools.win/en/tools/z-score-calculator/,review,quality/link/similarity risk requires review,no,yes
https://funnytools.win/en/tools/teacher-exam-score-converter/,tool,en,UNKNOWN (no current URL-level Coverage sample),yes,sitemap-en.xml,14,high,high,83,MERGE,https://funnytools.win/en/tools/weighted-average-calculator/,review,quality/link/similarity risk requires review,no,yes
https://funnytools.win/en/tools/this-or-that/,tool,en,Not indexed,yes,sitemap-en.xml,12,medium,low/unknown,83,KEEP,,medium,distinct current route with passing technical checks,no,no
https://funnytools.win/en/tools/timestamp-converter/,tool,en,UNKNOWN (no current URL-level Coverage sample),yes,sitemap-en.xml,10,low,low/unknown,90,KEEP,,medium,distinct current route with passing technical checks,no,no
https://funnytools.win/en/tools/url-encoder/,tool,en,UNKNOWN (no current URL-level Coverage sample),yes,sitemap-en.xml,21,medium,low/unknown,86,KEEP,,medium,distinct current route with passing technical checks,no,no
https://funnytools.win/en/tools/uuid-generator/,tool,en,UNKNOWN (no current URL-level Coverage sample),yes,sitemap-en.xml,9,low,low/unknown,88,KEEP,,medium,distinct current route with passing technical checks,no,no
https://funnytools.win/en/tools/webp-to-jpg/,tool,en,UNKNOWN (no current URL-level Coverage sample),yes,sitemap-en.xml,10,high,high,81,MERGE,https://funnytools.win/en/tools/jpg-to-webp/,review,quality/link/similarity risk requires review,no,yes
https://funnytools.win/en/tools/weighted-average-calculator/,tool,en,UNKNOWN (no current URL-level Coverage sample),yes,sitemap-en.xml,18,high,high,83,MERGE,https://funnytools.win/en/tools/teacher-exam-score-converter/,review,quality/link/similarity risk requires review,no,yes
https://funnytools.win/en/tools/what-to-eat/,tool,en,UNKNOWN (no current URL-level Coverage sample),yes,sitemap-en.xml,11,medium,low/unknown,84,KEEP,,medium,distinct current route with passing technical checks,no,no
https://funnytools.win/en/tools/word-counter/,tool,en,UNKNOWN (no current URL-level Coverage sample),yes,sitemap-en.xml,24,medium,low/unknown,85,KEEP,,medium,distinct current route with passing technical checks,no,no
https://funnytools.win/en/tools/z-score-calculator/,tool,en,UNKNOWN (no current URL-level Coverage sample),yes,sitemap-en.xml,23,high,high,83,MERGE,https://funnytools.win/en/tools/t-score-calculator/,review,quality/link/similarity risk requires review,no,yes
https://funnytools.win/en/workflows/creator-social-toolkit/,workflow,en,UNKNOWN (no current URL-level Coverage sample),yes,sitemap-en.xml,24,medium,low/unknown,68,KEEP,,medium,distinct current route with passing technical checks,no,no
https://funnytools.win/en/workflows/daily-decision-toolkit/,workflow,en,UNKNOWN (no current URL-level Coverage sample),yes,sitemap-en.xml,14,medium,low/unknown,70,KEEP,,medium,distinct current route with passing technical checks,no,no
https://funnytools.win/en/workflows/graduate-statistics-report-toolkit/,workflow,en,UNKNOWN (no current URL-level Coverage sample),yes,sitemap-en.xml,18,medium,low/unknown,71,KEEP,,medium,distinct current route with passing technical checks,no,no
https://funnytools.win/en/workflows/,hub,en,UNKNOWN (no current URL-level Coverage sample),yes,sitemap-en.xml,193,low,low/unknown,51,KEEP,,medium,distinct current route with passing technical checks,no,no
https://funnytools.win/en/workflows/office-document-toolkit/,workflow,en,UNKNOWN (no current URL-level Coverage sample),yes,sitemap-en.xml,35,medium,low/unknown,68,KEEP,,medium,distinct current route with passing technical checks,no,no
https://funnytools.win/en/workflows/student-report-toolkit/,workflow,en,UNKNOWN (no current URL-level Coverage sample),yes,sitemap-en.xml,18,medium,low/unknown,68,KEEP,,medium,distinct current route with passing technical checks,no,no
https://funnytools.win/en/workflows/teacher-classroom-random-toolkit/,workflow,en,UNKNOWN (no current URL-level Coverage sample),yes,sitemap-en.xml,31,medium,low/unknown,69,KEEP,,medium,distinct current route with passing technical checks,no,no
https://funnytools.win/en/workflows/teacher-exam-score-toolkit/,workflow,en,UNKNOWN (no current URL-level Coverage sample),yes,sitemap-en.xml,17,high,low/unknown,74,IMPROVE,,review,quality/link/similarity risk requires review,no,yes
https://funnytools.win/es/apoyar-funnytools/,support,es,UNKNOWN (no current URL-level Coverage sample),yes,sitemap-es.xml,141,high,low/unknown,48,IMPROVE,,review,quality/link/similarity risk requires review,no,yes
https://funnytools.win/es/aviso-legal/,other,es,UNKNOWN (no current URL-level Coverage sample),yes,sitemap-es.xml,141,high,low/unknown,47,IMPROVE,,review,quality/link/similarity risk requires review,no,yes
https://funnytools.win/es/categorias/azar/,category,es,UNKNOWN (no current URL-level Coverage sample),yes,sitemap-es.xml,141,high,low/unknown,59,IMPROVE,,review,quality/link/similarity risk requires review,no,yes
https://funnytools.win/es/categorias/dibujo/,category,es,UNKNOWN (no current URL-level Coverage sample),yes,sitemap-es.xml,141,high,low/unknown,59,IMPROVE,,review,quality/link/similarity risk requires review,no,yes
https://funnytools.win/es/categorias/dinero/,category,es,UNKNOWN (no current URL-level Coverage sample),yes,sitemap-es.xml,141,medium,low/unknown,60,KEEP,,medium,distinct current route with passing technical checks,no,no
https://funnytools.win/es/categorias/estadistica/,category,es,UNKNOWN (no current URL-level Coverage sample),yes,sitemap-es.xml,141,high,low/unknown,58,IMPROVE,,review,quality/link/similarity risk requires review,no,yes
https://funnytools.win/es/categorias/estudio/,category,es,UNKNOWN (no current URL-level Coverage sample),yes,sitemap-es.xml,141,high,low/unknown,58,IMPROVE,,review,quality/link/similarity risk requires review,no,yes
https://funnytools.win/es/categorias/imagen/,category,es,UNKNOWN (no current URL-level Coverage sample),yes,sitemap-es.xml,141,high,low/unknown,59,IMPROVE,,review,quality/link/similarity risk requires review,no,yes
https://funnytools.win/es/categorias/pdf/,category,es,UNKNOWN (no current URL-level Coverage sample),yes,sitemap-es.xml,141,high,low/unknown,59,IMPROVE,,review,quality/link/similarity risk requires review,no,yes
https://funnytools.win/es/categorias/texto/,category,es,UNKNOWN (no current URL-level Coverage sample),yes,sitemap-es.xml,141,high,low/unknown,59,IMPROVE,,review,quality/link/similarity risk requires review,no,yes
https://funnytools.win/es/categorias/tiempo/,category,es,UNKNOWN (no current URL-level Coverage sample),yes,sitemap-es.xml,141,high,low/unknown,59,IMPROVE,,review,quality/link/similarity risk requires review,no,yes
https://funnytools.win/es/como-funcionan-las-herramientas/,legal,es,UNKNOWN (no current URL-level Coverage sample),yes,sitemap-es.xml,142,high,low/unknown,46,IMPROVE,,review,quality/link/similarity risk requires review,no,yes
https://funnytools.win/es/condiciones-de-uso/,legal,es,UNKNOWN (no current URL-level Coverage sample),yes,sitemap-es.xml,141,high,low/unknown,46,IMPROVE,,review,quality/link/similarity risk requires review,no,yes
https://funnytools.win/es/contacto/,legal,es,UNKNOWN (no current URL-level Coverage sample),yes,sitemap-es.xml,141,high,low/unknown,46,IMPROVE,,review,quality/link/similarity risk requires review,no,yes
https://funnytools.win/es/estadisticas-educativas/,other,es,UNKNOWN (no current URL-level Coverage sample),yes,sitemap-es.xml,141,high,low/unknown,47,IMPROVE,,review,quality/link/similarity risk requires review,no,yes
https://funnytools.win/es/flujos/actividades-aleatorias-aula/,workflow,es,UNKNOWN (no current URL-level Coverage sample),yes,sitemap-es.xml,5,high,low/unknown,68,IMPROVE,,review,quality/link/similarity risk requires review,no,yes
https://funnytools.win/es/flujos/calcular-nota-oposicion-docente/,workflow,es,UNKNOWN (no current URL-level Coverage sample),yes,sitemap-es.xml,5,medium,low/unknown,70,KEEP,,medium,distinct current route with passing technical checks,no,no
https://funnytools.win/es/flujos/contenido-redes-sociales/,workflow,es,UNKNOWN (no current URL-level Coverage sample),yes,sitemap-es.xml,4,high,low/unknown,66,IMPROVE,,review,quality/link/similarity risk requires review,no,yes
https://funnytools.win/es/flujos/decisiones-cotidianas/,workflow,es,UNKNOWN (no current URL-level Coverage sample),yes,sitemap-es.xml,141,high,low/unknown,68,IMPROVE,,review,quality/link/similarity risk requires review,no,yes
https://funnytools.win/es/flujos/documentos-oficina/,workflow,es,UNKNOWN (no current URL-level Coverage sample),yes,sitemap-es.xml,4,high,low/unknown,67,IMPROVE,,review,quality/link/similarity risk requires review,no,yes
https://funnytools.win/es/flujos/entrega-informe-estudiantil/,workflow,es,UNKNOWN (no current URL-level Coverage sample),yes,sitemap-es.xml,4,high,low/unknown,67,IMPROVE,,review,quality/link/similarity risk requires review,no,yes
https://funnytools.win/es/flujos/,hub,es,UNKNOWN (no current URL-level Coverage sample),yes,sitemap-es.xml,141,high,low/unknown,46,IMPROVE,,review,quality/link/similarity risk requires review,no,yes
https://funnytools.win/es/flujos/informe-estadistico-investigacion/,workflow,es,UNKNOWN (no current URL-level Coverage sample),yes,sitemap-es.xml,141,high,low/unknown,70,IMPROVE,,review,quality/link/similarity risk requires review,no,yes
https://funnytools.win/es/guias/a4-o-letter-para-imprimir/,guide,es,UNKNOWN (no current URL-level Coverage sample),yes,sitemap-es.xml,141,medium,low/unknown,66,KEEP,,medium,distinct current route with passing technical checks,no,no
https://funnytools.win/es/guias/agrupamientos-equitativos-aula/,guide,es,UNKNOWN (no current URL-level Coverage sample),yes,sitemap-es.xml,141,high,high,64,MERGE,https://funnytools.win/es/guias/grupos-aleatorios-clase/,review,quality/link/similarity risk requires review,no,yes
https://funnytools.win/es/guias/anova-formato-apa-7/,guide,es,UNKNOWN (no current URL-level Coverage sample),yes,sitemap-es.xml,141,high,high,64,MERGE,https://funnytools.win/es/guias/interaccion-anova-dos-factores/,review,quality/link/similarity risk requires review,no,yes
https://funnytools.win/es/guias/calcular-nota-oposicion-docente/,guide,es,UNKNOWN (no current URL-level Coverage sample),yes,sitemap-es.xml,141,medium,low/unknown,67,KEEP,,medium,distinct current route with passing technical checks,no,no
https://funnytools.win/es/guias/calcular-porcentajes-rapido/,guide,es,UNKNOWN (no current URL-level Coverage sample),yes,sitemap-es.xml,141,medium,low/unknown,69,KEEP,,medium,distinct current route with passing technical checks,no,no
https://funnytools.win/es/guias/codigos-qr-en-el-aula/,guide,es,UNKNOWN (no current URL-level Coverage sample),yes,sitemap-es.xml,141,high,low/unknown,65,IMPROVE,,review,quality/link/similarity risk requires review,no,yes
https://funnytools.win/es/guias/comprimir-fotos-para-email/,guide,es,UNKNOWN (no current URL-level Coverage sample),yes,sitemap-es.xml,141,high,low/unknown,65,IMPROVE,,review,quality/link/similarity risk requires review,no,yes
https://funnytools.win/es/guias/contrasena-segura-fuerte/,guide,es,UNKNOWN (no current URL-level Coverage sample),yes,sitemap-es.xml,140,high,low/unknown,67,IMPROVE,,review,quality/link/similarity risk requires review,no,yes
https://funnytools.win/es/guias/fluidez-tablas-multiplicar/,guide,es,UNKNOWN (no current URL-level Coverage sample),yes,sitemap-es.xml,140,medium,low/unknown,67,KEEP,,medium,distinct current route with passing technical checks,no,no
https://funnytools.win/es/guias/fotos-a-pdf-desde-movil/,guide,es,UNKNOWN (no current URL-level Coverage sample),yes,sitemap-es.xml,141,high,high,64,MERGE,https://funnytools.win/es/guias/unir-pdf-sin-subir-archivos/,review,quality/link/similarity risk requires review,no,yes
https://funnytools.win/es/guias/grafico-barras-trabajo-escolar/,guide,es,UNKNOWN (no current URL-level Coverage sample),yes,sitemap-es.xml,141,high,low/unknown,67,IMPROVE,,review,quality/link/similarity risk requires review,no,yes
https://funnytools.win/es/guias/grupos-aleatorios-clase/,guide,es,UNKNOWN (no current URL-level Coverage sample),yes,sitemap-es.xml,141,high,high,64,MERGE,https://funnytools.win/es/guias/agrupamientos-equitativos-aula/,review,quality/link/similarity risk requires review,no,yes
https://funnytools.win/es/guias/,hub,es,UNKNOWN (no current URL-level Coverage sample),yes,sitemap-es.xml,141,high,low/unknown,46,IMPROVE,,review,quality/link/similarity risk requires review,no,yes
https://funnytools.win/es/guias/interaccion-anova-dos-factores/,guide,es,UNKNOWN (no current URL-level Coverage sample),yes,sitemap-es.xml,141,high,high,64,MERGE,https://funnytools.win/es/guias/anova-formato-apa-7/,review,quality/link/similarity risk requires review,no,yes
https://funnytools.win/es/guias/kb-mb-gb-tb-conversion/,guide,es,UNKNOWN (no current URL-level Coverage sample),yes,sitemap-es.xml,140,medium,low/unknown,68,KEEP,,medium,distinct current route with passing technical checks,no,no
https://funnytools.win/es/guias/limite-palabras-ensayos-examenes/,guide,es,UNKNOWN (no current URL-level Coverage sample),yes,sitemap-es.xml,141,high,low/unknown,66,IMPROVE,,review,quality/link/similarity risk requires review,no,yes
https://funnytools.win/es/guias/prueba-levene-spss/,guide,es,UNKNOWN (no current URL-level Coverage sample),yes,sitemap-es.xml,141,high,low/unknown,65,IMPROVE,,review,quality/link/similarity risk requires review,no,yes
https://funnytools.win/es/guias/prueba-t-formato-apa-7/,guide,es,UNKNOWN (no current URL-level Coverage sample),yes,sitemap-es.xml,141,high,low/unknown,65,IMPROVE,,review,quality/link/similarity risk requires review,no,yes
https://funnytools.win/es/guias/puntuacion-t-interpretacion/,guide,es,UNKNOWN (no current URL-level Coverage sample),yes,sitemap-es.xml,141,high,low/unknown,66,IMPROVE,,review,quality/link/similarity risk requires review,no,yes
https://funnytools.win/es/guias/puntuacion-z-interpretacion/,guide,es,UNKNOWN (no current URL-level Coverage sample),yes,sitemap-es.xml,141,high,low/unknown,66,IMPROVE,,review,quality/link/similarity risk requires review,no,yes
https://funnytools.win/es/guias/rango-percentil-interpretacion/,guide,es,UNKNOWN (no current URL-level Coverage sample),yes,sitemap-es.xml,141,high,low/unknown,67,IMPROVE,,review,quality/link/similarity risk requires review,no,yes
https://funnytools.win/es/guias/ruleta-sorteos-clase/,guide,es,UNKNOWN (no current URL-level Coverage sample),yes,sitemap-es.xml,141,high,high,65,MERGE,https://funnytools.win/es/guias/selector-aleatorio-alumnos/,review,quality/link/similarity risk requires review,no,yes
https://funnytools.win/es/guias/selector-aleatorio-alumnos/,guide,es,UNKNOWN (no current URL-level Coverage sample),yes,sitemap-es.xml,141,high,high,65,MERGE,https://funnytools.win/es/guias/ruleta-sorteos-clase/,review,quality/link/similarity risk requires review,no,yes
https://funnytools.win/es/guias/temporizador-clase/,guide,es,UNKNOWN (no current URL-level Coverage sample),yes,sitemap-es.xml,141,medium,low/unknown,67,KEEP,,medium,distinct current route with passing technical checks,no,no
https://funnytools.win/es/guias/unir-pdf-sin-subir-archivos/,guide,es,UNKNOWN (no current URL-level Coverage sample),yes,sitemap-es.xml,141,high,high,64,MERGE,https://funnytools.win/es/guias/fotos-a-pdf-desde-movil/,review,quality/link/similarity risk requires review,no,yes
https://funnytools.win/es/herramientas/cad-2d-online/,tool,es,UNKNOWN (no current URL-level Coverage sample),yes,sitemap-es.xml,142,medium,low/unknown,86,KEEP,,medium,distinct current route with passing technical checks,no,no
https://funnytools.win/es/herramientas/calculadora-alfa-cronbach/,tool,es,UNKNOWN (no current URL-level Coverage sample),yes,sitemap-es.xml,141,medium,low/unknown,87,KEEP,,medium,distinct current route with passing technical checks,no,no
https://funnytools.win/es/herramientas/calculadora-de-edad/,tool,es,UNKNOWN (no current URL-level Coverage sample),yes,sitemap-es.xml,142,medium,low/unknown,84,KEEP,,medium,distinct current route with passing technical checks,no,no
https://funnytools.win/es/herramientas/calculadora-desviacion-estandar/,tool,es,UNKNOWN (no current URL-level Coverage sample),yes,sitemap-es.xml,142,medium,low/unknown,85,KEEP,,medium,distinct current route with passing technical checks,no,no
https://funnytools.win/es/herramientas/calculadora-dias-laborables/,tool,es,UNKNOWN (no current URL-level Coverage sample),yes,sitemap-es.xml,142,high,high,83,MERGE,https://funnytools.win/es/herramientas/calcular-diferencia-entre-fechas/,review,quality/link/similarity risk requires review,no,yes
https://funnytools.win/es/herramientas/calculadora-gpa/,tool,es,UNKNOWN (no current URL-level Coverage sample),yes,sitemap-es.xml,141,medium,low/unknown,86,KEEP,,medium,distinct current route with passing technical checks,no,no
https://funnytools.win/es/herramientas/calculadora-hipoteca/,tool,es,UNKNOWN (no current URL-level Coverage sample),yes,sitemap-es.xml,142,medium,low/unknown,86,KEEP,,medium,distinct current route with passing technical checks,no,no
https://funnytools.win/es/herramientas/calculadora-horas-extra/,tool,es,UNKNOWN (no current URL-level Coverage sample),yes,sitemap-es.xml,142,medium,low/unknown,88,KEEP,,medium,distinct current route with passing technical checks,no,no
https://funnytools.win/es/herramientas/calculadora-inflacion/,tool,es,UNKNOWN (no current URL-level Coverage sample),yes,sitemap-es.xml,142,medium,low/unknown,86,KEEP,,medium,distinct current route with passing technical checks,no,no
https://funnytools.win/es/herramientas/calculadora-interes-compuesto/,tool,es,UNKNOWN (no current URL-level Coverage sample),yes,sitemap-es.xml,142,high,high,83,MERGE,https://funnytools.win/es/herramientas/calculadora-meta-ahorro/,review,quality/link/similarity risk requires review,no,yes
https://funnytools.win/es/herramientas/calculadora-media-ponderada/,tool,es,UNKNOWN (no current URL-level Coverage sample),yes,sitemap-es.xml,142,medium,low/unknown,84,KEEP,,medium,distinct current route with passing technical checks,no,no
https://funnytools.win/es/herramientas/calculadora-meta-ahorro/,tool,es,UNKNOWN (no current URL-level Coverage sample),yes,sitemap-es.xml,142,high,high,83,MERGE,https://funnytools.win/es/herramientas/calculadora-interes-compuesto/,review,quality/link/similarity risk requires review,no,yes
https://funnytools.win/es/herramientas/calculadora-nota-oposicion-docente/,tool,es,UNKNOWN (no current URL-level Coverage sample),yes,sitemap-es.xml,141,medium,low/unknown,86,KEEP,,medium,distinct current route with passing technical checks,no,no
https://funnytools.win/es/herramientas/calculadora-percentil-ranking-clase/,tool,es,UNKNOWN (no current URL-level Coverage sample),yes,sitemap-es.xml,141,medium,low/unknown,85,KEEP,,medium,distinct current route with passing technical checks,no,no
https://funnytools.win/es/herramientas/calculadora-porcentajes/,tool,es,UNKNOWN (no current URL-level Coverage sample),yes,sitemap-es.xml,142,medium,low/unknown,87,KEEP,,medium,distinct current route with passing technical checks,no,no
https://funnytools.win/es/herramientas/calculadora-promedio-notas/,tool,es,UNKNOWN (no current URL-level Coverage sample),yes,sitemap-es.xml,142,medium,low/unknown,84,KEEP,,medium,distinct current route with passing technical checks,no,no
https://funnytools.win/es/herramientas/calculadora-puntuacion-t/,tool,es,UNKNOWN (no current URL-level Coverage sample),yes,sitemap-es.xml,142,high,low/unknown,84,IMPROVE,,review,quality/link/similarity risk requires review,no,yes
https://funnytools.win/es/herramientas/calculadora-puntuacion-z/,tool,es,UNKNOWN (no current URL-level Coverage sample),yes,sitemap-es.xml,142,high,low/unknown,84,IMPROVE,,review,quality/link/similarity risk requires review,no,yes
https://funnytools.win/es/herramientas/calculadora-rango-percentil/,tool,es,UNKNOWN (no current URL-level Coverage sample),yes,sitemap-es.xml,142,high,low/unknown,85,IMPROVE,,review,quality/link/similarity risk requires review,no,yes
https://funnytools.win/es/herramientas/calculadora-sueldo-neto/,tool,es,UNKNOWN (no current URL-level Coverage sample),yes,sitemap-es.xml,142,medium,low/unknown,88,KEEP,,medium,distinct current route with passing technical checks,no,no
https://funnytools.win/es/herramientas/calculadora-t-muestras-independientes/,tool,es,UNKNOWN (no current URL-level Coverage sample),yes,sitemap-es.xml,141,high,low/unknown,85,IMPROVE,,review,quality/link/similarity risk requires review,no,yes
https://funnytools.win/es/herramientas/calcular-diferencia-entre-fechas/,tool,es,UNKNOWN (no current URL-level Coverage sample),yes,sitemap-es.xml,142,high,high,83,MERGE,https://funnytools.win/es/herramientas/calculadora-dias-laborables/,review,quality/link/similarity risk requires review,no,yes
https://funnytools.win/es/herramientas/codificar-decodificar-base64/,tool,es,UNKNOWN (no current URL-level Coverage sample),yes,sitemap-es.xml,142,medium,low/unknown,87,KEEP,,medium,distinct current route with passing technical checks,no,no
https://funnytools.win/es/herramientas/codificar-decodificar-url/,tool,es,UNKNOWN (no current URL-level Coverage sample),yes,sitemap-es.xml,142,medium,low/unknown,86,KEEP,,medium,distinct current route with passing technical checks,no,no
https://funnytools.win/es/herramientas/comprimir-imagenes/,tool,es,UNKNOWN (no current URL-level Coverage sample),yes,sitemap-es.xml,142,high,high,83,MERGE,https://funnytools.win/es/herramientas/convertir-png-a-jpg/,review,quality/link/similarity risk requires review,no,yes
https://funnytools.win/es/herramientas/comprimir-pdf/,tool,es,UNKNOWN (no current URL-level Coverage sample),yes,sitemap-es.xml,142,high,low/unknown,84,IMPROVE,,review,quality/link/similarity risk requires review,no,yes
https://funnytools.win/es/herramientas/contador-caracteres/,tool,es,UNKNOWN (no current URL-level Coverage sample),yes,sitemap-es.xml,142,medium,low/unknown,84,KEEP,,medium,distinct current route with passing technical checks,no,no
https://funnytools.win/es/herramientas/contador-palabras/,tool,es,UNKNOWN (no current URL-level Coverage sample),yes,sitemap-es.xml,142,high,low/unknown,84,IMPROVE,,review,quality/link/similarity risk requires review,no,yes
https://funnytools.win/es/herramientas/conversor-puntuaciones-estandarizadas/,tool,es,UNKNOWN (no current URL-level Coverage sample),yes,sitemap-es.xml,141,medium,low/unknown,85,KEEP,,medium,distinct current route with passing technical checks,no,no
https://funnytools.win/es/herramientas/convertir-csv-a-json/,tool,es,UNKNOWN (no current URL-level Coverage sample),yes,sitemap-es.xml,142,high,high,83,MERGE,https://funnytools.win/es/herramientas/convertir-json-a-csv/,review,quality/link/similarity risk requires review,no,yes
https://funnytools.win/es/herramientas/convertir-imagen-base64/,tool,es,UNKNOWN (no current URL-level Coverage sample),yes,sitemap-es.xml,142,medium,low/unknown,85,KEEP,,medium,distinct current route with passing technical checks,no,no
https://funnytools.win/es/herramientas/convertir-imagenes-a-pdf/,tool,es,UNKNOWN (no current URL-level Coverage sample),yes,sitemap-es.xml,142,high,low/unknown,84,IMPROVE,,review,quality/link/similarity risk requires review,no,yes
https://funnytools.win/es/herramientas/convertir-jpg-a-png/,tool,es,UNKNOWN (no current URL-level Coverage sample),yes,sitemap-es.xml,142,high,high,82,MERGE,https://funnytools.win/es/herramientas/convertir-png-a-jpg/,review,quality/link/similarity risk requires review,no,yes
https://funnytools.win/es/herramientas/convertir-jpg-a-webp/,tool,es,UNKNOWN (no current URL-level Coverage sample),yes,sitemap-es.xml,142,high,high,82,MERGE,https://funnytools.win/es/herramientas/convertir-webp-a-jpg/,review,quality/link/similarity risk requires review,no,yes
https://funnytools.win/es/herramientas/convertir-json-a-csv/,tool,es,UNKNOWN (no current URL-level Coverage sample),yes,sitemap-es.xml,142,high,high,83,MERGE,https://funnytools.win/es/herramientas/convertir-csv-a-json/,review,quality/link/similarity risk requires review,no,yes
https://funnytools.win/es/herramientas/convertir-mayusculas-minusculas/,tool,es,UNKNOWN (no current URL-level Coverage sample),yes,sitemap-es.xml,142,medium,low/unknown,86,KEEP,,medium,distinct current route with passing technical checks,no,no
https://funnytools.win/es/herramientas/convertir-pdf-a-imagen/,tool,es,UNKNOWN (no current URL-level Coverage sample),yes,sitemap-es.xml,142,medium,low/unknown,84,KEEP,,medium,distinct current route with passing technical checks,no,no
https://funnytools.win/es/herramientas/convertir-png-a-jpg/,tool,es,UNKNOWN (no current URL-level Coverage sample),yes,sitemap-es.xml,142,high,high,82,MERGE,https://funnytools.win/es/herramientas/convertir-jpg-a-png/,review,quality/link/similarity risk requires review,no,yes
https://funnytools.win/es/herramientas/convertir-timestamp-unix/,tool,es,UNKNOWN (no current URL-level Coverage sample),yes,sitemap-es.xml,142,medium,low/unknown,86,KEEP,,medium,distinct current route with passing technical checks,no,no
https://funnytools.win/es/herramientas/convertir-webp-a-jpg/,tool,es,UNKNOWN (no current URL-level Coverage sample),yes,sitemap-es.xml,142,high,high,82,MERGE,https://funnytools.win/es/herramientas/convertir-jpg-a-webp/,review,quality/link/similarity risk requires review,no,yes
https://funnytools.win/es/herramientas/crear-diagrama-flujo/,tool,es,UNKNOWN (no current URL-level Coverage sample),yes,sitemap-es.xml,142,medium,low/unknown,86,KEEP,,medium,distinct current route with passing technical checks,no,no
https://funnytools.win/es/herramientas/crear-grafico-barras/,tool,es,UNKNOWN (no current URL-level Coverage sample),yes,sitemap-es.xml,142,high,high,83,MERGE,https://funnytools.win/es/herramientas/crear-grafico-circular/,review,quality/link/similarity risk requires review,no,yes
https://funnytools.win/es/herramientas/crear-grafico-circular/,tool,es,UNKNOWN (no current URL-level Coverage sample),yes,sitemap-es.xml,142,high,high,83,MERGE,https://funnytools.win/es/herramientas/crear-grafico-barras/,review,quality/link/similarity risk requires review,no,yes
https://funnytools.win/es/herramientas/crear-grupos-clase/,tool,es,UNKNOWN (no current URL-level Coverage sample),yes,sitemap-es.xml,142,high,low/unknown,83,IMPROVE,,review,quality/link/similarity risk requires review,no,yes
https://funnytools.win/es/herramientas/crear-plano-asientos-aula/,tool,es,UNKNOWN (no current URL-level Coverage sample),yes,sitemap-es.xml,142,medium,low/unknown,84,KEEP,,medium,distinct current route with passing technical checks,no,no
https://funnytools.win/es/herramientas/cronometro-online/,tool,es,UNKNOWN (no current URL-level Coverage sample),yes,sitemap-es.xml,142,medium,low/unknown,85,KEEP,,medium,distinct current route with passing technical checks,no,no
https://funnytools.win/es/herramientas/decidir-entre-dos-opciones/,tool,es,UNKNOWN (no current URL-level Coverage sample),yes,sitemap-es.xml,142,high,low/unknown,84,IMPROVE,,review,quality/link/similarity risk requires review,no,yes
https://funnytools.win/es/herramientas/dividir-pdf/,tool,es,UNKNOWN (no current URL-level Coverage sample),yes,sitemap-es.xml,142,high,high,83,MERGE,https://funnytools.win/es/herramientas/extraer-paginas-pdf/,review,quality/link/similarity risk requires review,no,yes
https://funnytools.win/es/herramientas/editor-markdown-online/,tool,es,UNKNOWN (no current URL-level Coverage sample),yes,sitemap-es.xml,142,medium,low/unknown,86,KEEP,,medium,distinct current route with passing technical checks,no,no
https://funnytools.win/es/herramientas/eliminar-lineas-duplicadas/,tool,es,UNKNOWN (no current URL-level Coverage sample),yes,sitemap-es.xml,142,high,high,83,MERGE,https://funnytools.win/es/herramientas/ordenar-lineas-texto/,review,quality/link/similarity risk requires review,no,yes
https://funnytools.win/es/herramientas/eliminar-lineas-vacias/,tool,es,UNKNOWN (no current URL-level Coverage sample),yes,sitemap-es.xml,142,medium,low/unknown,85,KEEP,,medium,distinct current route with passing technical checks,no,no
https://funnytools.win/es/herramientas/eliminar-paginas-pdf/,tool,es,UNKNOWN (no current URL-level Coverage sample),yes,sitemap-es.xml,142,high,high,83,MERGE,https://funnytools.win/es/herramientas/extraer-paginas-pdf/,review,quality/link/similarity risk requires review,no,yes
https://funnytools.win/es/herramientas/extraer-paginas-pdf/,tool,es,UNKNOWN (no current URL-level Coverage sample),yes,sitemap-es.xml,142,high,high,83,MERGE,https://funnytools.win/es/herramientas/eliminar-paginas-pdf/,review,quality/link/similarity risk requires review,no,yes
https://funnytools.win/es/herramientas/formatear-validar-json/,tool,es,UNKNOWN (no current URL-level Coverage sample),yes,sitemap-es.xml,142,medium,low/unknown,85,KEEP,,medium,distinct current route with passing technical checks,no,no
https://funnytools.win/es/herramientas/generador-codigo-barras/,tool,es,UNKNOWN (no current URL-level Coverage sample),yes,sitemap-es.xml,142,medium,low/unknown,85,KEEP,,medium,distinct current route with passing technical checks,no,no
https://funnytools.win/es/herramientas/generador-codigo-qr/,tool,es,UNKNOWN (no current URL-level Coverage sample),yes,sitemap-es.xml,142,high,low/unknown,85,IMPROVE,,review,quality/link/similarity risk requires review,no,yes
https://funnytools.win/es/herramientas/generador-colores-hex-rgb-hsl/,tool,es,UNKNOWN (no current URL-level Coverage sample),yes,sitemap-es.xml,142,medium,low/unknown,86,KEEP,,medium,distinct current route with passing technical checks,no,no
https://funnytools.win/es/herramientas/generador-contrasenas-seguras/,tool,es,UNKNOWN (no current URL-level Coverage sample),yes,sitemap-es.xml,142,high,low/unknown,85,IMPROVE,,review,quality/link/similarity risk requires review,no,yes
https://funnytools.win/es/herramientas/generador-grupos-aleatorios/,tool,es,UNKNOWN (no current URL-level Coverage sample),yes,sitemap-es.xml,142,high,high,83,MERGE,https://funnytools.win/es/herramientas/sorteo-nombres-aleatorio/,review,quality/link/similarity risk requires review,no,yes
https://funnytools.win/es/herramientas/generador-informe-apa-7/,tool,es,UNKNOWN (no current URL-level Coverage sample),yes,sitemap-es.xml,141,high,high,83,MERGE,https://funnytools.win/es/herramientas/interpretar-resultados-spss/,review,quality/link/similarity risk requires review,no,yes
https://funnytools.win/es/herramientas/generador-numeros-aleatorios/,tool,es,UNKNOWN (no current URL-level Coverage sample),yes,sitemap-es.xml,142,medium,low/unknown,84,KEEP,,medium,distinct current route with passing technical checks,no,no
https://funnytools.win/es/herramientas/generador-uuid-v4/,tool,es,UNKNOWN (no current URL-level Coverage sample),yes,sitemap-es.xml,142,medium,low/unknown,87,KEEP,,medium,distinct current route with passing technical checks,no,no
https://funnytools.win/es/herramientas/,hub,es,UNKNOWN (no current URL-level Coverage sample),yes,sitemap-es.xml,142,high,low/unknown,48,IMPROVE,,review,quality/link/similarity risk requires review,no,yes
https://funnytools.win/es/herramientas/interpretar-resultados-spss/,tool,es,UNKNOWN (no current URL-level Coverage sample),yes,sitemap-es.xml,141,high,high,83,MERGE,https://funnytools.win/es/herramientas/generador-informe-apa-7/,review,quality/link/similarity risk requires review,no,yes
https://funnytools.win/es/herramientas/ordenar-lineas-texto/,tool,es,UNKNOWN (no current URL-level Coverage sample),yes,sitemap-es.xml,142,high,high,83,MERGE,https://funnytools.win/es/herramientas/eliminar-lineas-duplicadas/,review,quality/link/similarity risk requires review,no,yes
https://funnytools.win/es/herramientas/ordenar-paginas-pdf/,tool,es,UNKNOWN (no current URL-level Coverage sample),yes,sitemap-es.xml,142,high,high,84,MERGE,https://funnytools.win/es/herramientas/extraer-paginas-pdf/,review,quality/link/similarity risk requires review,no,yes
https://funnytools.win/es/herramientas/pizarra-dibujo-online/,tool,es,UNKNOWN (no current URL-level Coverage sample),yes,sitemap-es.xml,142,medium,low/unknown,85,KEEP,,medium,distinct current route with passing technical checks,no,no
https://funnytools.win/es/herramientas/que-comer-hoy/,tool,es,UNKNOWN (no current URL-level Coverage sample),yes,sitemap-es.xml,142,medium,low/unknown,84,KEEP,,medium,distinct current route with passing technical checks,no,no
https://funnytools.win/es/herramientas/recordatorio-descansos/,tool,es,UNKNOWN (no current URL-level Coverage sample),yes,sitemap-es.xml,142,high,high,83,MERGE,https://funnytools.win/es/herramientas/temporizador-pomodoro/,review,quality/link/similarity risk requires review,no,yes
https://funnytools.win/es/herramientas/recortar-imagen/,tool,es,UNKNOWN (no current URL-level Coverage sample),yes,sitemap-es.xml,142,high,high,83,MERGE,https://funnytools.win/es/herramientas/redimensionar-imagen/,review,quality/link/similarity risk requires review,no,yes
https://funnytools.win/es/herramientas/redimensionar-imagen/,tool,es,UNKNOWN (no current URL-level Coverage sample),yes,sitemap-es.xml,142,high,high,83,MERGE,https://funnytools.win/es/herramientas/recortar-imagen/,review,quality/link/similarity risk requires review,no,yes
https://funnytools.win/es/herramientas/rotar-pdf/,tool,es,UNKNOWN (no current URL-level Coverage sample),yes,sitemap-es.xml,142,high,high,83,MERGE,https://funnytools.win/es/herramientas/eliminar-paginas-pdf/,review,quality/link/similarity risk requires review,no,yes
https://funnytools.win/es/herramientas/rotar-voltear-imagen/,tool,es,UNKNOWN (no current URL-level Coverage sample),yes,sitemap-es.xml,142,medium,low/unknown,84,KEEP,,medium,distinct current route with passing technical checks,no,no
https://funnytools.win/es/herramientas/ruleta-aleatoria/,tool,es,UNKNOWN (no current URL-level Coverage sample),yes,sitemap-es.xml,142,high,high,84,MERGE,https://funnytools.win/es/herramientas/sorteo-nombres-aleatorio/,review,quality/link/similarity risk requires review,no,yes
https://funnytools.win/es/herramientas/selector-aleatorio-alumnos/,tool,es,UNKNOWN (no current URL-level Coverage sample),yes,sitemap-es.xml,142,high,low/unknown,84,IMPROVE,,review,quality/link/similarity risk requires review,no,yes
https://funnytools.win/es/herramientas/sorteo-nombres-aleatorio/,tool,es,UNKNOWN (no current URL-level Coverage sample),yes,sitemap-es.xml,142,high,high,84,MERGE,https://funnytools.win/es/herramientas/generador-grupos-aleatorios/,review,quality/link/similarity risk requires review,no,yes
https://funnytools.win/es/herramientas/temporizador-online/,tool,es,UNKNOWN (no current URL-level Coverage sample),yes,sitemap-es.xml,142,high,high,83,MERGE,https://funnytools.win/es/herramientas/recordatorio-descansos/,review,quality/link/similarity risk requires review,no,yes
https://funnytools.win/es/herramientas/temporizador-pomodoro/,tool,es,UNKNOWN (no current URL-level Coverage sample),yes,sitemap-es.xml,142,high,high,83,MERGE,https://funnytools.win/es/herramientas/recordatorio-descansos/,review,quality/link/similarity risk requires review,no,yes
https://funnytools.win/es/herramientas/tirar-dados-online/,tool,es,UNKNOWN (no current URL-level Coverage sample),yes,sitemap-es.xml,142,medium,low/unknown,86,KEEP,,medium,distinct current route with passing technical checks,no,no
https://funnytools.win/es/herramientas/unir-pdf/,tool,es,UNKNOWN (no current URL-level Coverage sample),yes,sitemap-es.xml,142,high,high,84,MERGE,https://funnytools.win/es/herramientas/dividir-pdf/,review,quality/link/similarity risk requires review,no,yes
https://funnytools.win/es/,home,es,UNKNOWN (no current URL-level Coverage sample),yes,sitemap-es.xml,216,high,low/unknown,63,IMPROVE,,review,quality/link/similarity risk requires review,no,yes
https://funnytools.win/es/para/creadores/,audience,es,UNKNOWN (no current URL-level Coverage sample),yes,sitemap-es.xml,4,high,low/unknown,55,IMPROVE,,review,quality/link/similarity risk requires review,no,yes
https://funnytools.win/es/para/desarrolladores/,audience,es,UNKNOWN (no current URL-level Coverage sample),yes,sitemap-es.xml,4,high,low/unknown,56,IMPROVE,,review,quality/link/similarity risk requires review,no,yes
https://funnytools.win/es/para/disenadores/,audience,es,UNKNOWN (no current URL-level Coverage sample),yes,sitemap-es.xml,4,high,low/unknown,55,IMPROVE,,review,quality/link/similarity risk requires review,no,yes
https://funnytools.win/es/para/docentes/,audience,es,UNKNOWN (no current URL-level Coverage sample),yes,sitemap-es.xml,4,high,low/unknown,56,IMPROVE,,review,quality/link/similarity risk requires review,no,yes
https://funnytools.win/es/para/estudiantes/,audience,es,UNKNOWN (no current URL-level Coverage sample),yes,sitemap-es.xml,4,high,low/unknown,56,IMPROVE,,review,quality/link/similarity risk requires review,no,yes
https://funnytools.win/es/para/,hub,es,UNKNOWN (no current URL-level Coverage sample),yes,sitemap-es.xml,141,high,low/unknown,46,IMPROVE,,review,quality/link/similarity risk requires review,no,yes
https://funnytools.win/es/para/oficina/,audience,es,UNKNOWN (no current URL-level Coverage sample),yes,sitemap-es.xml,4,high,low/unknown,55,IMPROVE,,review,quality/link/similarity risk requires review,no,yes
https://funnytools.win/es/privacidad/,legal,es,UNKNOWN (no current URL-level Coverage sample),yes,sitemap-es.xml,142,high,low/unknown,46,IMPROVE,,review,quality/link/similarity risk requires review,no,yes
https://funnytools.win/es/sobre-funnytools/,legal,es,UNKNOWN (no current URL-level Coverage sample),yes,sitemap-es.xml,141,high,low/unknown,46,IMPROVE,,review,quality/link/similarity risk requires review,no,yes
https://funnytools.win/es/tienda/,support,es,UNKNOWN (no current URL-level Coverage sample),yes,sitemap-es.xml,141,medium,low/unknown,48,IMPROVE,,review,quality/link/similarity risk requires review,no,yes
https://funnytools.win/find-tools/,other,zh-TW,UNKNOWN (no current URL-level Coverage sample),yes,sitemap-guides.xml,310,high,low/unknown,48,IMPROVE,,review,quality/link/similarity risk requires review,no,yes
https://funnytools.win/for/creators/,audience,zh-TW,UNKNOWN (no current URL-level Coverage sample),yes,sitemap-guides.xml,7,high,low/unknown,58,IMPROVE,,review,quality/link/similarity risk requires review,no,yes
https://funnytools.win/for/designers/,audience,zh-TW,UNKNOWN (no current URL-level Coverage sample),yes,sitemap-guides.xml,7,high,low/unknown,59,IMPROVE,,review,quality/link/similarity risk requires review,no,yes
https://funnytools.win/for/developers/,audience,zh-TW,UNKNOWN (no current URL-level Coverage sample),yes,sitemap-guides.xml,10,medium,low/unknown,60,KEEP,,medium,distinct current route with passing technical checks,no,no
https://funnytools.win/for/,hub,zh-TW,UNKNOWN (no current URL-level Coverage sample),yes,sitemap-guides.xml,312,medium,low/unknown,48,IMPROVE,,review,quality/link/similarity risk requires review,no,yes
https://funnytools.win/for/office-workers/,audience,zh-TW,UNKNOWN (no current URL-level Coverage sample),yes,sitemap-guides.xml,9,high,low/unknown,59,IMPROVE,,review,quality/link/similarity risk requires review,no,yes
https://funnytools.win/for/students/,audience,zh-TW,UNKNOWN (no current URL-level Coverage sample),yes,sitemap-guides.xml,8,high,low/unknown,58,IMPROVE,,review,quality/link/similarity risk requires review,no,yes
https://funnytools.win/for/teachers/,audience,zh-TW,UNKNOWN (no current URL-level Coverage sample),yes,sitemap-guides.xml,8,high,low/unknown,60,IMPROVE,,review,quality/link/similarity risk requires review,no,yes
https://funnytools.win/fr/confidentialite/,legal,fr,UNKNOWN (no current URL-level Coverage sample),yes,sitemap-fr.xml,78,high,low/unknown,46,IMPROVE,,review,quality/link/similarity risk requires review,no,yes
https://funnytools.win/fr/fonctionnement-outils/,legal,fr,UNKNOWN (no current URL-level Coverage sample),yes,sitemap-fr.xml,78,high,low/unknown,46,IMPROVE,,review,quality/link/similarity risk requires review,no,yes
https://funnytools.win/fr/,home,fr,UNKNOWN (no current URL-level Coverage sample),yes,sitemap-fr.xml,216,high,low/unknown,63,IMPROVE,,review,quality/link/similarity risk requires review,no,yes
https://funnytools.win/fr/outils/calcul-moyenne-notes/,tool,fr,UNKNOWN (no current URL-level Coverage sample),yes,sitemap-fr.xml,78,high,high,83,MERGE,https://funnytools.win/fr/outils/calculateur-moyenne-ponderee/,review,quality/link/similarity risk requires review,no,yes
https://funnytools.win/fr/outils/calculateur-age/,tool,fr,UNKNOWN (no current URL-level Coverage sample),yes,sitemap-fr.xml,7,medium,low/unknown,85,KEEP,,medium,distinct current route with passing technical checks,no,no
https://funnytools.win/fr/outils/calculateur-ecart-type/,tool,fr,UNKNOWN (no current URL-level Coverage sample),yes,sitemap-fr.xml,9,medium,low/unknown,86,KEEP,,medium,distinct current route with passing technical checks,no,no
https://funnytools.win/fr/outils/calculateur-heures-supplementaires/,tool,fr,UNKNOWN (no current URL-level Coverage sample),yes,sitemap-fr.xml,7,medium,low/unknown,86,KEEP,,medium,distinct current route with passing technical checks,no,no
https://funnytools.win/fr/outils/calculateur-inflation-pouvoir-achat/,tool,fr,UNKNOWN (no current URL-level Coverage sample),yes,sitemap-fr.xml,6,medium,low/unknown,86,KEEP,,medium,distinct current route with passing technical checks,no,no
https://funnytools.win/fr/outils/calculateur-interets-composes/,tool,fr,UNKNOWN (no current URL-level Coverage sample),yes,sitemap-fr.xml,7,high,high,84,MERGE,https://funnytools.win/fr/outils/calculateur-objectif-epargne/,review,quality/link/similarity risk requires review,no,yes
https://funnytools.win/fr/outils/calculateur-jours-ouvres/,tool,fr,UNKNOWN (no current URL-level Coverage sample),yes,sitemap-fr.xml,7,medium,low/unknown,84,KEEP,,medium,distinct current route with passing technical checks,no,no
https://funnytools.win/fr/outils/calculateur-mensualite-pret-immobilier/,tool,fr,UNKNOWN (no current URL-level Coverage sample),yes,sitemap-fr.xml,6,medium,low/unknown,85,KEEP,,medium,distinct current route with passing technical checks,no,no
https://funnytools.win/fr/outils/calculateur-moyenne-ponderee/,tool,fr,UNKNOWN (no current URL-level Coverage sample),yes,sitemap-fr.xml,6,high,high,83,MERGE,https://funnytools.win/fr/outils/calcul-moyenne-notes/,review,quality/link/similarity risk requires review,no,yes
https://funnytools.win/fr/outils/calculateur-objectif-epargne/,tool,fr,UNKNOWN (no current URL-level Coverage sample),yes,sitemap-fr.xml,9,high,high,84,MERGE,https://funnytools.win/fr/outils/calculateur-interets-composes/,review,quality/link/similarity risk requires review,no,yes
https://funnytools.win/fr/outils/calculateur-pourcentage/,tool,fr,UNKNOWN (no current URL-level Coverage sample),yes,sitemap-fr.xml,7,medium,low/unknown,87,KEEP,,medium,distinct current route with passing technical checks,no,no
https://funnytools.win/fr/outils/calculateur-rang-percentile/,tool,fr,UNKNOWN (no current URL-level Coverage sample),yes,sitemap-fr.xml,7,medium,low/unknown,87,KEEP,,medium,distinct current route with passing technical checks,no,no
https://funnytools.win/fr/outils/calculateur-salaire-net/,tool,fr,UNKNOWN (no current URL-level Coverage sample),yes,sitemap-fr.xml,7,medium,low/unknown,86,KEEP,,medium,distinct current route with passing technical checks,no,no
https://funnytools.win/fr/outils/calculateur-score-t/,tool,fr,UNKNOWN (no current URL-level Coverage sample),yes,sitemap-fr.xml,6,medium,low/unknown,85,KEEP,,medium,distinct current route with passing technical checks,no,no
https://funnytools.win/fr/outils/calculateur-score-z/,tool,fr,UNKNOWN (no current URL-level Coverage sample),yes,sitemap-fr.xml,7,medium,low/unknown,85,KEEP,,medium,distinct current route with passing technical checks,no,no
https://funnytools.win/fr/outils/calculer-difference-entre-dates/,tool,fr,UNKNOWN (no current URL-level Coverage sample),yes,sitemap-fr.xml,7,medium,low/unknown,84,KEEP,,medium,distinct current route with passing technical checks,no,no
https://funnytools.win/fr/outils/cao-2d-en-ligne/,tool,fr,UNKNOWN (no current URL-level Coverage sample),yes,sitemap-fr.xml,7,medium,low/unknown,85,KEEP,,medium,distinct current route with passing technical checks,no,no
https://funnytools.win/fr/outils/choisir-entre-deux-options/,tool,fr,UNKNOWN (no current URL-level Coverage sample),yes,sitemap-fr.xml,7,medium,low/unknown,84,KEEP,,medium,distinct current route with passing technical checks,no,no
https://funnytools.win/fr/outils/chronometre-en-ligne/,tool,fr,UNKNOWN (no current URL-level Coverage sample),yes,sitemap-fr.xml,7,medium,low/unknown,85,KEEP,,medium,distinct current route with passing technical checks,no,no
https://funnytools.win/fr/outils/compresser-image/,tool,fr,UNKNOWN (no current URL-level Coverage sample),yes,sitemap-fr.xml,10,high,high,83,MERGE,https://funnytools.win/fr/outils/redimensionner-image/,review,quality/link/similarity risk requires review,no,yes
https://funnytools.win/fr/outils/compresser-pdf/,tool,fr,UNKNOWN (no current URL-level Coverage sample),yes,sitemap-fr.xml,7,medium,low/unknown,84,KEEP,,medium,distinct current route with passing technical checks,no,no
https://funnytools.win/fr/outils/compteur-caracteres/,tool,fr,UNKNOWN (no current URL-level Coverage sample),yes,sitemap-fr.xml,8,medium,low/unknown,85,KEEP,,medium,distinct current route with passing technical checks,no,no
https://funnytools.win/fr/outils/compteur-mots/,tool,fr,UNKNOWN (no current URL-level Coverage sample),yes,sitemap-fr.xml,7,medium,low/unknown,85,KEEP,,medium,distinct current route with passing technical checks,no,no
https://funnytools.win/fr/outils/convertir-csv-en-json/,tool,fr,UNKNOWN (no current URL-level Coverage sample),yes,sitemap-fr.xml,7,high,high,83,MERGE,https://funnytools.win/fr/outils/convertir-json-en-csv/,review,quality/link/similarity risk requires review,no,yes
https://funnytools.win/fr/outils/convertir-image-en-base64/,tool,fr,UNKNOWN (no current URL-level Coverage sample),yes,sitemap-fr.xml,6,medium,low/unknown,85,KEEP,,medium,distinct current route with passing technical checks,no,no
https://funnytools.win/fr/outils/convertir-images-en-pdf/,tool,fr,UNKNOWN (no current URL-level Coverage sample),yes,sitemap-fr.xml,6,medium,low/unknown,84,KEEP,,medium,distinct current route with passing technical checks,no,no
https://funnytools.win/fr/outils/convertir-jpg-en-png/,tool,fr,UNKNOWN (no current URL-level Coverage sample),yes,sitemap-fr.xml,6,high,high,83,MERGE,https://funnytools.win/fr/outils/convertir-png-en-jpg/,review,quality/link/similarity risk requires review,no,yes
https://funnytools.win/fr/outils/convertir-jpg-en-webp/,tool,fr,UNKNOWN (no current URL-level Coverage sample),yes,sitemap-fr.xml,7,high,high,83,MERGE,https://funnytools.win/fr/outils/convertir-webp-en-jpg/,review,quality/link/similarity risk requires review,no,yes
https://funnytools.win/fr/outils/convertir-json-en-csv/,tool,fr,UNKNOWN (no current URL-level Coverage sample),yes,sitemap-fr.xml,7,high,high,83,MERGE,https://funnytools.win/fr/outils/convertir-csv-en-json/,review,quality/link/similarity risk requires review,no,yes
https://funnytools.win/fr/outils/convertir-majuscules-minuscules/,tool,fr,UNKNOWN (no current URL-level Coverage sample),yes,sitemap-fr.xml,6,medium,low/unknown,86,KEEP,,medium,distinct current route with passing technical checks,no,no
https://funnytools.win/fr/outils/convertir-pdf-en-image/,tool,fr,UNKNOWN (no current URL-level Coverage sample),yes,sitemap-fr.xml,6,medium,low/unknown,84,KEEP,,medium,distinct current route with passing technical checks,no,no
https://funnytools.win/fr/outils/convertir-png-en-jpg/,tool,fr,UNKNOWN (no current URL-level Coverage sample),yes,sitemap-fr.xml,7,high,high,83,MERGE,https://funnytools.win/fr/outils/convertir-jpg-en-png/,review,quality/link/similarity risk requires review,no,yes
https://funnytools.win/fr/outils/convertir-timestamp-unix/,tool,fr,UNKNOWN (no current URL-level Coverage sample),yes,sitemap-fr.xml,6,medium,low/unknown,87,KEEP,,medium,distinct current route with passing technical checks,no,no
https://funnytools.win/fr/outils/convertir-webp-en-jpg/,tool,fr,UNKNOWN (no current URL-level Coverage sample),yes,sitemap-fr.xml,6,high,high,83,MERGE,https://funnytools.win/fr/outils/convertir-png-en-jpg/,review,quality/link/similarity risk requires review,no,yes
https://funnytools.win/fr/outils/creer-diagramme-circulaire/,tool,fr,UNKNOWN (no current URL-level Coverage sample),yes,sitemap-fr.xml,6,high,high,83,MERGE,https://funnytools.win/fr/outils/creer-graphique-barres/,review,quality/link/similarity risk requires review,no,yes
https://funnytools.win/fr/outils/creer-diagramme-flux/,tool,fr,UNKNOWN (no current URL-level Coverage sample),yes,sitemap-fr.xml,7,medium,low/unknown,85,KEEP,,medium,distinct current route with passing technical checks,no,no
https://funnytools.win/fr/outils/creer-graphique-barres/,tool,fr,UNKNOWN (no current URL-level Coverage sample),yes,sitemap-fr.xml,8,high,high,83,MERGE,https://funnytools.win/fr/outils/creer-diagramme-circulaire/,review,quality/link/similarity risk requires review,no,yes
https://funnytools.win/fr/outils/diviser-pdf/,tool,fr,UNKNOWN (no current URL-level Coverage sample),yes,sitemap-fr.xml,6,high,high,83,MERGE,https://funnytools.win/fr/outils/fusionner-pdf/,review,quality/link/similarity risk requires review,no,yes
https://funnytools.win/fr/outils/editeur-markdown-en-ligne/,tool,fr,UNKNOWN (no current URL-level Coverage sample),yes,sitemap-fr.xml,6,medium,low/unknown,85,KEEP,,medium,distinct current route with passing technical checks,no,no
https://funnytools.win/fr/outils/encoder-decoder-base64/,tool,fr,UNKNOWN (no current URL-level Coverage sample),yes,sitemap-fr.xml,8,medium,low/unknown,85,KEEP,,medium,distinct current route with passing technical checks,no,no
https://funnytools.win/fr/outils/encoder-decoder-url/,tool,fr,UNKNOWN (no current URL-level Coverage sample),yes,sitemap-fr.xml,6,medium,low/unknown,86,KEEP,,medium,distinct current route with passing technical checks,no,no
https://funnytools.win/fr/outils/extraire-pages-pdf/,tool,fr,UNKNOWN (no current URL-level Coverage sample),yes,sitemap-fr.xml,8,high,high,84,MERGE,https://funnytools.win/fr/outils/supprimer-pages-pdf/,review,quality/link/similarity risk requires review,no,yes
https://funnytools.win/fr/outils/faire-pivoter-image/,tool,fr,UNKNOWN (no current URL-level Coverage sample),yes,sitemap-fr.xml,6,medium,low/unknown,84,KEEP,,medium,distinct current route with passing technical checks,no,no
https://funnytools.win/fr/outils/faire-pivoter-pdf/,tool,fr,UNKNOWN (no current URL-level Coverage sample),yes,sitemap-fr.xml,6,medium,low/unknown,84,KEEP,,medium,distinct current route with passing technical checks,no,no
https://funnytools.win/fr/outils/formater-valider-json/,tool,fr,UNKNOWN (no current URL-level Coverage sample),yes,sitemap-fr.xml,10,medium,low/unknown,85,KEEP,,medium,distinct current route with passing technical checks,no,no
https://funnytools.win/fr/outils/fusionner-pdf/,tool,fr,UNKNOWN (no current URL-level Coverage sample),yes,sitemap-fr.xml,78,high,high,83,MERGE,https://funnytools.win/fr/outils/diviser-pdf/,review,quality/link/similarity risk requires review,no,yes
https://funnytools.win/fr/outils/generateur-code-barres/,tool,fr,UNKNOWN (no current URL-level Coverage sample),yes,sitemap-fr.xml,6,medium,low/unknown,85,KEEP,,medium,distinct current route with passing technical checks,no,no
https://funnytools.win/fr/outils/generateur-code-qr/,tool,fr,UNKNOWN (no current URL-level Coverage sample),yes,sitemap-fr.xml,8,medium,low/unknown,85,KEEP,,medium,distinct current route with passing technical checks,no,no
https://funnytools.win/fr/outils/generateur-couleurs-hex-rgb-hsl/,tool,fr,UNKNOWN (no current URL-level Coverage sample),yes,sitemap-fr.xml,7,medium,low/unknown,86,KEEP,,medium,distinct current route with passing technical checks,no,no
https://funnytools.win/fr/outils/generateur-groupes-aleatoires/,tool,fr,UNKNOWN (no current URL-level Coverage sample),yes,sitemap-fr.xml,6,high,high,83,MERGE,https://funnytools.win/fr/outils/tirage-au-sort-noms/,review,quality/link/similarity risk requires review,no,yes
https://funnytools.win/fr/outils/generateur-groupes-classe/,tool,fr,UNKNOWN (no current URL-level Coverage sample),yes,sitemap-fr.xml,7,high,low/unknown,83,IMPROVE,,review,quality/link/similarity risk requires review,no,yes
https://funnytools.win/fr/outils/generateur-mot-de-passe-securise/,tool,fr,UNKNOWN (no current URL-level Coverage sample),yes,sitemap-fr.xml,6,medium,low/unknown,85,KEEP,,medium,distinct current route with passing technical checks,no,no
https://funnytools.win/fr/outils/generateur-nombres-aleatoires/,tool,fr,UNKNOWN (no current URL-level Coverage sample),yes,sitemap-fr.xml,8,high,high,83,MERGE,https://funnytools.win/fr/outils/tirage-au-sort-noms/,review,quality/link/similarity risk requires review,no,yes
https://funnytools.win/fr/outils/generateur-uuid-v4/,tool,fr,UNKNOWN (no current URL-level Coverage sample),yes,sitemap-fr.xml,7,medium,low/unknown,86,KEEP,,medium,distinct current route with passing technical checks,no,no
https://funnytools.win/fr/outils/,hub,fr,UNKNOWN (no current URL-level Coverage sample),yes,sitemap-fr.xml,78,high,low/unknown,63,IMPROVE,,review,quality/link/similarity risk requires review,no,yes
https://funnytools.win/fr/outils/lancer-des-en-ligne/,tool,fr,UNKNOWN (no current URL-level Coverage sample),yes,sitemap-fr.xml,6,medium,low/unknown,85,KEEP,,medium,distinct current route with passing technical checks,no,no
https://funnytools.win/fr/outils/minuteur-en-ligne/,tool,fr,UNKNOWN (no current URL-level Coverage sample),yes,sitemap-fr.xml,8,high,high,84,MERGE,https://funnytools.win/fr/outils/rappel-pause-ecran/,review,quality/link/similarity risk requires review,no,yes
https://funnytools.win/fr/outils/minuteur-pomodoro/,tool,fr,UNKNOWN (no current URL-level Coverage sample),yes,sitemap-fr.xml,7,high,high,83,MERGE,https://funnytools.win/fr/outils/rappel-pause-ecran/,review,quality/link/similarity risk requires review,no,yes
https://funnytools.win/fr/outils/plan-de-classe-en-ligne/,tool,fr,UNKNOWN (no current URL-level Coverage sample),yes,sitemap-fr.xml,7,medium,low/unknown,84,KEEP,,medium,distinct current route with passing technical checks,no,no
https://funnytools.win/fr/outils/quoi-manger-ce-soir/,tool,fr,UNKNOWN (no current URL-level Coverage sample),yes,sitemap-fr.xml,6,medium,low/unknown,84,KEEP,,medium,distinct current route with passing technical checks,no,no
https://funnytools.win/fr/outils/rappel-pause-ecran/,tool,fr,UNKNOWN (no current URL-level Coverage sample),yes,sitemap-fr.xml,7,high,high,83,MERGE,https://funnytools.win/fr/outils/minuteur-pomodoro/,review,quality/link/similarity risk requires review,no,yes
https://funnytools.win/fr/outils/recadrer-image/,tool,fr,UNKNOWN (no current URL-level Coverage sample),yes,sitemap-fr.xml,7,high,high,84,MERGE,https://funnytools.win/fr/outils/redimensionner-image/,review,quality/link/similarity risk requires review,no,yes
https://funnytools.win/fr/outils/redimensionner-image/,tool,fr,UNKNOWN (no current URL-level Coverage sample),yes,sitemap-fr.xml,8,high,high,83,MERGE,https://funnytools.win/fr/outils/compresser-image/,review,quality/link/similarity risk requires review,no,yes
https://funnytools.win/fr/outils/reorganiser-pages-pdf/,tool,fr,UNKNOWN (no current URL-level Coverage sample),yes,sitemap-fr.xml,7,high,high,84,MERGE,https://funnytools.win/fr/outils/diviser-pdf/,review,quality/link/similarity risk requires review,no,yes
https://funnytools.win/fr/outils/roue-aleatoire/,tool,fr,UNKNOWN (no current URL-level Coverage sample),yes,sitemap-fr.xml,8,high,high,83,MERGE,https://funnytools.win/fr/outils/tirage-au-sort-noms/,review,quality/link/similarity risk requires review,no,yes
https://funnytools.win/fr/outils/supprimer-lignes-doublons/,tool,fr,UNKNOWN (no current URL-level Coverage sample),yes,sitemap-fr.xml,8,high,high,83,MERGE,https://funnytools.win/fr/outils/trier-lignes-texte/,review,quality/link/similarity risk requires review,no,yes
https://funnytools.win/fr/outils/supprimer-lignes-vides/,tool,fr,UNKNOWN (no current URL-level Coverage sample),yes,sitemap-fr.xml,7,medium,low/unknown,85,KEEP,,medium,distinct current route with passing technical checks,no,no
https://funnytools.win/fr/outils/supprimer-pages-pdf/,tool,fr,UNKNOWN (no current URL-level Coverage sample),yes,sitemap-fr.xml,8,high,high,84,MERGE,https://funnytools.win/fr/outils/extraire-pages-pdf/,review,quality/link/similarity risk requires review,no,yes
https://funnytools.win/fr/outils/tableau-blanc-dessin-en-ligne/,tool,fr,UNKNOWN (no current URL-level Coverage sample),yes,sitemap-fr.xml,7,medium,low/unknown,84,KEEP,,medium,distinct current route with passing technical checks,no,no
https://funnytools.win/fr/outils/tirage-au-sort-eleves/,tool,fr,UNKNOWN (no current URL-level Coverage sample),yes,sitemap-fr.xml,6,high,low/unknown,84,IMPROVE,,review,quality/link/similarity risk requires review,no,yes
https://funnytools.win/fr/outils/tirage-au-sort-noms/,tool,fr,UNKNOWN (no current URL-level Coverage sample),yes,sitemap-fr.xml,8,high,high,83,MERGE,https://funnytools.win/fr/outils/roue-aleatoire/,review,quality/link/similarity risk requires review,no,yes
https://funnytools.win/fr/outils/trier-lignes-texte/,tool,fr,UNKNOWN (no current URL-level Coverage sample),yes,sitemap-fr.xml,6,high,high,83,MERGE,https://funnytools.win/fr/outils/supprimer-lignes-doublons/,review,quality/link/similarity risk requires review,no,yes
https://funnytools.win/guides/2d-cad-drawing-board-workflow-guide/,guide,zh-TW,UNKNOWN (no current URL-level Coverage sample),yes,sitemap-guides.xml,3,medium,low/unknown,64,WAIT,,review,recent publication or current evidence window is too short,no,no
https://funnytools.win/guides/a4-vs-us-letter-printing-guide/,guide,zh-TW,UNKNOWN (no current URL-level Coverage sample),yes,sitemap-guides.xml,10,medium,low/unknown,66,KEEP,,medium,distinct current route with passing technical checks,no,no
https://funnytools.win/guides/age-calculator-school-cutoff-guide/,guide,zh-TW,UNKNOWN (no current URL-level Coverage sample),yes,sitemap-guides.xml,5,medium,low/unknown,69,KEEP,,medium,distinct current route with passing technical checks,no,no
https://funnytools.win/guides/anova-apa-format-guide/,guide,zh-TW,UNKNOWN (no current URL-level Coverage sample),yes,sitemap-guides.xml,11,medium,low/unknown,63,KEEP,,medium,distinct current route with passing technical checks,no,no
https://funnytools.win/guides/anova-post-hoc-tukey-bonferroni/,guide,zh-TW,UNKNOWN (no current URL-level Coverage sample),yes,sitemap-guides.xml,2,medium,low/unknown,62,KEEP,,medium,distinct current route with passing technical checks,no,no
https://funnytools.win/guides/bar-chart-school-report-guide/,guide,zh-TW,UNKNOWN (no current URL-level Coverage sample),yes,sitemap-guides.xml,11,medium,low/unknown,65,KEEP,,medium,distinct current route with passing technical checks,no,no
https://funnytools.win/guides/barcode-printing-quiet-zone-svg-guide/,guide,zh-TW,UNKNOWN (no current URL-level Coverage sample),yes,sitemap-guides.xml,5,medium,low/unknown,66,KEEP,,medium,distinct current route with passing technical checks,no,no
https://funnytools.win/guides/base64-utf8-unicode-guide/,guide,zh-TW,UNKNOWN (no current URL-level Coverage sample),yes,sitemap-guides.xml,4,medium,low/unknown,63,KEEP,,medium,distinct current route with passing technical checks,no,no
https://funnytools.win/guides/break-reminder-work-interval-guide/,guide,zh-TW,UNKNOWN (no current URL-level Coverage sample),yes,sitemap-guides.xml,4,medium,low/unknown,63,KEEP,,medium,distinct current route with passing technical checks,no,no
https://funnytools.win/guides/business-days-calendar-days-guide/,guide,zh-TW,UNKNOWN (no current URL-level Coverage sample),yes,sitemap-guides.xml,5,high,low/unknown,65,IMPROVE,,review,quality/link/similarity risk requires review,no,yes
https://funnytools.win/guides/cad-grid-snap-orthogonal-guide/,guide,zh-TW,UNKNOWN (no current URL-level Coverage sample),yes,sitemap-guides.xml,5,medium,low/unknown,67,KEEP,,medium,distinct current route with passing technical checks,no,no
https://funnytools.win/guides/camelcase-snake-case-kebab-case-guide/,guide,zh-TW,UNKNOWN (no current URL-level Coverage sample),yes,sitemap-guides.xml,5,medium,low/unknown,67,WAIT,,review,recent publication or current evidence window is too short,no,no
https://funnytools.win/guides/chart-flowchart-alt-text-accessibility/,guide,zh-TW,UNKNOWN (no current URL-level Coverage sample),yes,sitemap-guides.xml,7,medium,low/unknown,67,KEEP,,medium,distinct current route with passing technical checks,no,no
https://funnytools.win/guides/chart-or-flowchart-selection-guide/,guide,zh-TW,UNKNOWN (no current URL-level Coverage sample),yes,sitemap-guides.xml,8,medium,low/unknown,64,KEEP,,medium,distinct current route with passing technical checks,no,no
https://funnytools.win/guides/chinese-english-mixed-word-count-guide/,guide,zh-TW,UNKNOWN (no current URL-level Coverage sample),yes,sitemap-guides.xml,4,high,high,62,WAIT,https://funnytools.win/guides/word-count-vs-character-count-guide/,review,recent publication or current evidence window is too short,no,no
https://funnytools.win/guides/classroom-group-roles-rotation-guide/,guide,zh-TW,UNKNOWN (no current URL-level Coverage sample),yes,sitemap-guides.xml,7,high,high,65,WAIT,https://funnytools.win/guides/classroom-random-group-size-balance-guide/,review,recent publication or current evidence window is too short,no,no
https://funnytools.win/guides/classroom-lottery-tool-guide/,guide,zh-TW,UNKNOWN (no current URL-level Coverage sample),yes,sitemap-guides.xml,15,high,high,63,MERGE,https://funnytools.win/guides/classroom-random-picker-guide/,review,quality/link/similarity risk requires review,no,yes
https://funnytools.win/guides/classroom-random-group-absent-student-repair-guide/,guide,zh-TW,UNKNOWN (no current URL-level Coverage sample),yes,sitemap-guides.xml,4,high,high,61,WAIT,https://funnytools.win/guides/classroom-random-group-size-balance-guide/,review,recent publication or current evidence window is too short,no,no
https://funnytools.win/guides/classroom-random-group-guide/,guide,zh-TW,UNKNOWN (no current URL-level Coverage sample),yes,sitemap-guides.xml,22,high,high,62,MERGE,https://funnytools.win/guides/fair-student-grouping-guide/,review,quality/link/similarity risk requires review,no,yes
https://funnytools.win/guides/classroom-random-group-materials-handoff-guide/,guide,zh-TW,UNKNOWN (no current URL-level Coverage sample),yes,sitemap-guides.xml,2,medium,low/unknown,59,WAIT,,review,recent publication or current evidence window is too short,no,no
https://funnytools.win/guides/classroom-random-group-no-repeat-guide/,guide,zh-TW,UNKNOWN (no current URL-level Coverage sample),yes,sitemap-guides.xml,7,high,high,64,WAIT,https://funnytools.win/guides/fair-student-grouping-guide/,review,recent publication or current evidence window is too short,no,no
https://funnytools.win/guides/classroom-random-group-seat-transition-guide/,guide,zh-TW,UNKNOWN (no current URL-level Coverage sample),yes,sitemap-guides.xml,3,medium,low/unknown,61,WAIT,,review,recent publication or current evidence window is too short,no,no
https://funnytools.win/guides/classroom-random-group-shareable-result-guide/,guide,zh-TW,UNKNOWN (no current URL-level Coverage sample),yes,sitemap-guides.xml,4,high,high,63,WAIT,https://funnytools.win/guides/classroom-random-group-size-balance-guide/,review,recent publication or current evidence window is too short,no,no
https://funnytools.win/guides/classroom-random-group-size-balance-guide/,guide,zh-TW,UNKNOWN (no current URL-level Coverage sample),yes,sitemap-guides.xml,5,high,high,63,WAIT,https://funnytools.win/guides/classroom-random-group-absent-student-repair-guide/,review,recent publication or current evidence window is too short,no,no
https://funnytools.win/guides/classroom-random-picker-guide/,guide,zh-TW,UNKNOWN (no current URL-level Coverage sample),yes,sitemap-guides.xml,21,high,high,62,MERGE,https://funnytools.win/guides/classroom-lottery-tool-guide/,review,quality/link/similarity risk requires review,no,yes
https://funnytools.win/guides/classroom-timer-guide/,guide,zh-TW,UNKNOWN (no current URL-level Coverage sample),yes,sitemap-guides.xml,19,medium,low/unknown,65,KEEP,,medium,distinct current route with passing technical checks,no,no
https://funnytools.win/guides/clean-copied-text-from-pdf-web-guide/,guide,zh-TW,UNKNOWN (no current URL-level Coverage sample),yes,sitemap-guides.xml,7,medium,low/unknown,66,WAIT,,review,recent publication or current evidence window is too short,no,no
https://funnytools.win/guides/code128-vs-code39-guide/,guide,zh-TW,UNKNOWN (no current URL-level Coverage sample),yes,sitemap-guides.xml,8,medium,low/unknown,66,KEEP,,medium,distinct current route with passing technical checks,no,no
https://funnytools.win/guides/compress-image-to-upload-limit/,guide,zh-TW,UNKNOWN (no current URL-level Coverage sample),yes,sitemap-guides.xml,6,medium,low/unknown,65,KEEP,,medium,distinct current route with passing technical checks,no,no
https://funnytools.win/guides/compress-pdf-to-upload-limit/,guide,zh-TW,UNKNOWN (no current URL-level Coverage sample),yes,sitemap-guides.xml,8,medium,low/unknown,65,KEEP,,medium,distinct current route with passing technical checks,no,no
https://funnytools.win/guides/confidence-interval-95-guide/,guide,zh-TW,UNKNOWN (no current URL-level Coverage sample),yes,sitemap-guides.xml,10,medium,low/unknown,67,KEEP,,medium,distinct current route with passing technical checks,no,no
https://funnytools.win/guides/countdown-stopwatch-pomodoro-comparison/,guide,zh-TW,UNKNOWN (no current URL-level Coverage sample),yes,sitemap-guides.xml,5,medium,low/unknown,66,KEEP,,medium,distinct current route with passing technical checks,no,no
https://funnytools.win/guides/cronbach-alpha-interpretation/,guide,zh-TW,UNKNOWN (no current URL-level Coverage sample),yes,sitemap-guides.xml,2,medium,low/unknown,64,KEEP,,medium,distinct current route with passing technical checks,no,no
https://funnytools.win/guides/crop-vs-resize-vs-compress-image/,guide,zh-TW,UNKNOWN (no current URL-level Coverage sample),yes,sitemap-guides.xml,5,medium,low/unknown,65,KEEP,,medium,distinct current route with passing technical checks,no,no
https://funnytools.win/guides/csv-to-json-conversion-guide/,guide,zh-TW,UNKNOWN (no current URL-level Coverage sample),yes,sitemap-guides.xml,7,medium,low/unknown,65,KEEP,,medium,distinct current route with passing technical checks,no,no
https://funnytools.win/guides/csv-to-json-header-duplicate-column-guide/,guide,zh-TW,UNKNOWN (no current URL-level Coverage sample),yes,sitemap-guides.xml,6,high,low/unknown,66,WAIT,,review,recent publication or current evidence window is too short,no,no
https://funnytools.win/guides/csv-utf8-bom-excel-garbled-text/,guide,zh-TW,UNKNOWN (no current URL-level Coverage sample),yes,sitemap-guides.xml,7,medium,low/unknown,65,KEEP,,medium,distinct current route with passing technical checks,no,no
https://funnytools.win/guides/cvc-word-families-guide/,guide,zh-TW,UNKNOWN (no current URL-level Coverage sample),yes,sitemap-guides.xml,4,low,low/unknown,68,KEEP,,medium,distinct current route with passing technical checks,no,no
https://funnytools.win/guides/date-arithmetic-end-of-month-dst-guide/,guide,zh-TW,UNKNOWN (no current URL-level Coverage sample),yes,sitemap-guides.xml,6,medium,low/unknown,67,KEEP,,medium,distinct current route with passing technical checks,no,no
https://funnytools.win/guides/date-difference-inclusive-exclusive-guide/,guide,zh-TW,UNKNOWN (no current URL-level Coverage sample),yes,sitemap-guides.xml,6,medium,low/unknown,65,KEEP,,medium,distinct current route with passing technical checks,no,no
https://funnytools.win/guides/decision-tree-vs-flowchart-guide/,guide,zh-TW,UNKNOWN (no current URL-level Coverage sample),yes,sitemap-guides.xml,4,medium,low/unknown,65,KEEP,,medium,distinct current route with passing technical checks,no,no
https://funnytools.win/guides/delete-blank-pages-from-pdf/,guide,zh-TW,UNKNOWN (no current URL-level Coverage sample),yes,sitemap-guides.xml,4,medium,low/unknown,62,KEEP,,medium,distinct current route with passing technical checks,no,no
https://funnytools.win/guides/dice-probability-random-streaks-guide/,guide,zh-TW,UNKNOWN (no current URL-level Coverage sample),yes,sitemap-guides.xml,3,low,low/unknown,67,KEEP,,medium,distinct current route with passing technical checks,no,no
https://funnytools.win/guides/ean13-upca-check-digit-gs1-guide/,guide,zh-TW,UNKNOWN (no current URL-level Coverage sample),yes,sitemap-guides.xml,9,medium,low/unknown,69,KEEP,,medium,distinct current route with passing technical checks,no,no
https://funnytools.win/guides/effect-size-guide/,guide,zh-TW,UNKNOWN (no current URL-level Coverage sample),yes,sitemap-guides.xml,13,medium,low/unknown,65,KEEP,,medium,distinct current route with passing technical checks,no,no
https://funnytools.win/guides/emoji-character-count-grapheme-guide/,guide,zh-TW,UNKNOWN (no current URL-level Coverage sample),yes,sitemap-guides.xml,9,medium,low/unknown,67,WAIT,,review,recent publication or current evidence window is too short,no,no
https://funnytools.win/guides/extra-credit-over-100-grade-guide/,guide,zh-TW,UNKNOWN (no current URL-level Coverage sample),yes,sitemap-guides.xml,6,medium,low/unknown,67,KEEP,,medium,distinct current route with passing technical checks,no,no
https://funnytools.win/guides/extract-specific-pages-from-pdf/,guide,zh-TW,UNKNOWN (no current URL-level Coverage sample),yes,sitemap-guides.xml,9,medium,low/unknown,64,KEEP,,medium,distinct current route with passing technical checks,no,no
https://funnytools.win/guides/fair-random-draw-audit-guide/,guide,zh-TW,UNKNOWN (no current URL-level Coverage sample),yes,sitemap-guides.xml,8,medium,low/unknown,64,KEEP,,medium,distinct current route with passing technical checks,no,no
https://funnytools.win/guides/fair-student-grouping-guide/,guide,zh-TW,UNKNOWN (no current URL-level Coverage sample),yes,sitemap-guides.xml,16,high,high,60,MERGE,https://funnytools.win/guides/classroom-random-group-guide/,review,quality/link/similarity risk requires review,no,yes
https://funnytools.win/guides/file-size-units-guide/,guide,zh-TW,UNKNOWN (no current URL-level Coverage sample),yes,sitemap-guides.xml,5,medium,low/unknown,68,KEEP,,medium,distinct current route with passing technical checks,no,no
https://funnytools.win/guides/final-exam-score-needed-guide/,guide,zh-TW,UNKNOWN (no current URL-level Coverage sample),yes,sitemap-guides.xml,8,medium,low/unknown,66,KEEP,,medium,distinct current route with passing technical checks,no,no
https://funnytools.win/guides/flowchart-design-checklist/,guide,zh-TW,UNKNOWN (no current URL-level Coverage sample),yes,sitemap-guides.xml,5,medium,low/unknown,65,KEEP,,medium,distinct current route with passing technical checks,no,no
https://funnytools.win/guides/flowchart-symbols-guide/,guide,zh-TW,UNKNOWN (no current URL-level Coverage sample),yes,sitemap-guides.xml,4,medium,low/unknown,63,KEEP,,medium,distinct current route with passing technical checks,no,no
https://funnytools.win/guides/gpa-4-0-vs-4-3-guide/,guide,zh-TW,UNKNOWN (no current URL-level Coverage sample),yes,sitemap-guides.xml,7,medium,low/unknown,65,KEEP,,medium,distinct current route with passing technical checks,no,no
https://funnytools.win/guides/gpa-credit-weighted-formula-guide/,guide,zh-TW,UNKNOWN (no current URL-level Coverage sample),yes,sitemap-guides.xml,8,medium,low/unknown,66,KEEP,,medium,distinct current route with passing technical checks,no,no
https://funnytools.win/guides/grade-rounding-cutoff-guide/,guide,zh-TW,UNKNOWN (no current URL-level Coverage sample),yes,sitemap-guides.xml,4,low,low/unknown,66,KEEP,,medium,distinct current route with passing technical checks,no,no
https://funnytools.win/guides/grades-gpa/,guide,zh-TW,UNKNOWN (no current URL-level Coverage sample),yes,sitemap-guides.xml,17,medium,low/unknown,66,KEEP,,medium,distinct current route with passing technical checks,no,no
https://funnytools.win/guides/household-physics-demos-guide/,guide,zh-TW,UNKNOWN (no current URL-level Coverage sample),yes,sitemap-guides.xml,3,low,low/unknown,65,KEEP,,medium,distinct current route with passing technical checks,no,no
https://funnytools.win/guides/image-base64-data-uri-guide/,guide,zh-TW,UNKNOWN (no current URL-level Coverage sample),yes,sitemap-guides.xml,4,medium,low/unknown,63,KEEP,,medium,distinct current route with passing technical checks,no,no
https://funnytools.win/guides/image-color-profile-web-print-guide/,guide,zh-TW,UNKNOWN (no current URL-level Coverage sample),yes,sitemap-guides.xml,3,medium,low/unknown,64,WAIT,,review,recent publication or current evidence window is too short,no,no
https://funnytools.win/guides/image-compression-email-guide/,guide,zh-TW,UNKNOWN (no current URL-level Coverage sample),yes,sitemap-guides.xml,12,medium,low/unknown,66,KEEP,,medium,distinct current route with passing technical checks,no,no
https://funnytools.win/guides/image-compression-quality-size-guide/,guide,zh-TW,UNKNOWN (no current URL-level Coverage sample),yes,sitemap-guides.xml,8,high,low/unknown,65,WAIT,,review,recent publication or current evidence window is too short,no,no
https://funnytools.win/guides/image-compressor-metadata-privacy-guide/,guide,zh-TW,UNKNOWN (no current URL-level Coverage sample),yes,sitemap-guides.xml,4,medium,low/unknown,65,WAIT,,review,recent publication or current evidence window is too short,no,no
https://funnytools.win/guides/image-resampling-quality-guide/,guide,zh-TW,UNKNOWN (no current URL-level Coverage sample),yes,sitemap-guides.xml,3,high,high,60,WAIT,https://funnytools.win/guides/image-resolution-print-web-guide/,review,recent publication or current evidence window is too short,no,no
https://funnytools.win/guides/image-resize-aspect-ratio-guide/,guide,zh-TW,UNKNOWN (no current URL-level Coverage sample),yes,sitemap-guides.xml,7,high,high,65,WAIT,https://funnytools.win/guides/image-resampling-quality-guide/,review,recent publication or current evidence window is too short,no,no
https://funnytools.win/guides/image-resolution-print-web-guide/,guide,zh-TW,UNKNOWN (no current URL-level Coverage sample),yes,sitemap-guides.xml,5,high,high,64,WAIT,https://funnytools.win/guides/image-resampling-quality-guide/,review,recent publication or current evidence window is too short,no,no
https://funnytools.win/guides/image-upload-failed-troubleshooting/,guide,zh-TW,UNKNOWN (no current URL-level Coverage sample),yes,sitemap-guides.xml,3,medium,low/unknown,62,KEEP,,medium,distinct current route with passing technical checks,no,no
https://funnytools.win/guides/independent-vs-paired-t-test/,guide,zh-TW,UNKNOWN (no current URL-level Coverage sample),yes,sitemap-guides.xml,6,medium,low/unknown,64,KEEP,,medium,distinct current route with passing technical checks,no,no
https://funnytools.win/guides/,hub,zh-TW,UNKNOWN (no current URL-level Coverage sample),yes,sitemap-guides.xml,312,medium,low/unknown,50,KEEP,,medium,distinct current route with passing technical checks,no,no
https://funnytools.win/guides/invisible-spaces-nbsp-zero-width-guide/,guide,zh-TW,UNKNOWN (no current URL-level Coverage sample),yes,sitemap-guides.xml,8,medium,low/unknown,68,WAIT,,review,recent publication or current evidence window is too short,no,no
https://funnytools.win/guides/iso-8601-utc-offset-guide/,guide,zh-TW,UNKNOWN (no current URL-level Coverage sample),yes,sitemap-guides.xml,5,low,low/unknown,69,KEEP,,medium,distinct current route with passing technical checks,no,no
https://funnytools.win/guides/jpg-png-webp-which-to-use/,guide,zh-TW,UNKNOWN (no current URL-level Coverage sample),yes,sitemap-guides.xml,12,medium,low/unknown,66,KEEP,,medium,distinct current route with passing technical checks,no,no
https://funnytools.win/guides/json-error-fix-guide/,guide,zh-TW,UNKNOWN (no current URL-level Coverage sample),yes,sitemap-guides.xml,10,medium,low/unknown,66,KEEP,,medium,distinct current route with passing technical checks,no,no
https://funnytools.win/guides/json-formatter-trailing-comma-error-guide/,guide,zh-TW,UNKNOWN (no current URL-level Coverage sample),yes,sitemap-guides.xml,5,high,low/unknown,66,WAIT,,review,recent publication or current evidence window is too short,no,no
https://funnytools.win/guides/json-to-csv-excel-guide/,guide,zh-TW,UNKNOWN (no current URL-level Coverage sample),yes,sitemap-guides.xml,6,medium,low/unknown,65,KEEP,,medium,distinct current route with passing technical checks,no,no
https://funnytools.win/guides/line-breaks-lf-crlf-guide/,guide,zh-TW,UNKNOWN (no current URL-level Coverage sample),yes,sitemap-guides.xml,5,low,low/unknown,68,WAIT,,review,recent publication or current evidence window is too short,no,no
https://funnytools.win/guides/markdown-syntax-preview-guide/,guide,zh-TW,UNKNOWN (no current URL-level Coverage sample),yes,sitemap-guides.xml,3,low,low/unknown,67,KEEP,,medium,distinct current route with passing technical checks,no,no
https://funnytools.win/guides/mean-median-mode-when-to-use/,guide,zh-TW,UNKNOWN (no current URL-level Coverage sample),yes,sitemap-guides.xml,3,low,low/unknown,65,KEEP,,medium,distinct current route with passing technical checks,no,no
https://funnytools.win/guides/merge-pdf-bookmarks-navigation-guide/,guide,zh-TW,UNKNOWN (no current URL-level Coverage sample),yes,sitemap-guides.xml,4,high,high,63,WAIT,https://funnytools.win/guides/pdf-page-reorder-appendix-merge-check-guide/,review,recent publication or current evidence window is too short,no,no
https://funnytools.win/guides/merge-pdf-page-size-orientation-guide/,guide,zh-TW,UNKNOWN (no current URL-level Coverage sample),yes,sitemap-guides.xml,8,medium,low/unknown,66,WAIT,,review,recent publication or current evidence window is too short,no,no
https://funnytools.win/guides/merge-pdf-private-guide/,guide,zh-TW,UNKNOWN (no current URL-level Coverage sample),yes,sitemap-guides.xml,15,high,low/unknown,65,IMPROVE,,review,quality/link/similarity risk requires review,no,yes
https://funnytools.win/guides/merge-pdf-reading-order-checklist-guide/,guide,zh-TW,UNKNOWN (no current URL-level Coverage sample),yes,sitemap-guides.xml,9,high,high,64,WAIT,https://funnytools.win/guides/pdf-page-reorder-appendix-merge-check-guide/,review,recent publication or current evidence window is too short,no,no
https://funnytools.win/guides/misleading-chart-common-errors/,guide,zh-TW,UNKNOWN (no current URL-level Coverage sample),yes,sitemap-guides.xml,5,medium,low/unknown,65,KEEP,,medium,distinct current route with passing technical checks,no,no
https://funnytools.win/guides/missing-assignment-zero-exempt-guide/,guide,zh-TW,UNKNOWN (no current URL-level Coverage sample),yes,sitemap-guides.xml,7,medium,low/unknown,67,KEEP,,medium,distinct current route with passing technical checks,no,no
https://funnytools.win/guides/multiplication-fact-fluency-guide/,guide,zh-TW,UNKNOWN (no current URL-level Coverage sample),yes,sitemap-guides.xml,5,medium,low/unknown,69,KEEP,,medium,distinct current route with passing technical checks,no,no
https://funnytools.win/guides/optimize-images-for-website/,guide,zh-TW,UNKNOWN (no current URL-level Coverage sample),yes,sitemap-guides.xml,5,medium,low/unknown,68,KEEP,,medium,distinct current route with passing technical checks,no,no
https://funnytools.win/guides/outlier-detection-iqr-z-score-boxplot/,guide,zh-TW,UNKNOWN (no current URL-level Coverage sample),yes,sitemap-guides.xml,4,low,low/unknown,67,KEEP,,medium,distinct current route with passing technical checks,no,no
https://funnytools.win/guides/p-value-interpretation/,guide,zh-TW,UNKNOWN (no current URL-level Coverage sample),yes,sitemap-guides.xml,14,medium,low/unknown,64,KEEP,,medium,distinct current route with passing technical checks,no,no
https://funnytools.win/guides/password-manager-mfa-passkey-guide/,guide,zh-TW,UNKNOWN (no current URL-level Coverage sample),yes,sitemap-guides.xml,4,medium,low/unknown,64,KEEP,,medium,distinct current route with passing technical checks,no,no
https://funnytools.win/guides/password-strength-basics-guide/,guide,zh-TW,UNKNOWN (no current URL-level Coverage sample),yes,sitemap-guides.xml,6,medium,low/unknown,66,KEEP,,medium,distinct current route with passing technical checks,no,no
https://funnytools.win/guides/pdf-accessibility-reading-order-check-guide/,guide,zh-TW,UNKNOWN (no current URL-level Coverage sample),yes,sitemap-guides.xml,2,medium,low/unknown,59,WAIT,,review,recent publication or current evidence window is too short,no,no
https://funnytools.win/guides/pdf-compressor-email-attachment-guide/,guide,zh-TW,UNKNOWN (no current URL-level Coverage sample),yes,sitemap-guides.xml,5,medium,low/unknown,65,WAIT,,review,recent publication or current evidence window is too short,no,no
https://funnytools.win/guides/pdf-compressor-form-fields-links-guide/,guide,zh-TW,UNKNOWN (no current URL-level Coverage sample),yes,sitemap-guides.xml,3,medium,low/unknown,61,WAIT,,review,recent publication or current evidence window is too short,no,no
https://funnytools.win/guides/pdf-page-reorder-appendix-merge-check-guide/,guide,zh-TW,UNKNOWN (no current URL-level Coverage sample),yes,sitemap-guides.xml,4,high,high,62,WAIT,https://funnytools.win/guides/merge-pdf-reading-order-checklist-guide/,review,recent publication or current evidence window is too short,no,no
https://funnytools.win/guides/pdf-split-vs-extract-vs-delete/,guide,zh-TW,UNKNOWN (no current URL-level Coverage sample),yes,sitemap-guides.xml,8,medium,low/unknown,65,WAIT,,review,recent publication or current evidence window is too short,no,no
https://funnytools.win/guides/pdf-table-to-excel-header-check-guide/,guide,zh-TW,UNKNOWN (no current URL-level Coverage sample),yes,sitemap-guides.xml,5,medium,low/unknown,66,WAIT,,review,recent publication or current evidence window is too short,no,no
https://funnytools.win/guides/pdf-to-image-background-contrast-guide/,guide,zh-TW,UNKNOWN (no current URL-level Coverage sample),yes,sitemap-guides.xml,5,medium,low/unknown,66,WAIT,,review,recent publication or current evidence window is too short,no,no
https://funnytools.win/guides/pdf-to-image-multipage-download-guide/,guide,zh-TW,UNKNOWN (no current URL-level Coverage sample),yes,sitemap-guides.xml,7,high,high,65,WAIT,https://funnytools.win/guides/split-pdf-page-range-planning-guide/,review,recent publication or current evidence window is too short,no,no
https://funnytools.win/guides/pdf-to-image-print-crop-marks-guide/,guide,zh-TW,UNKNOWN (no current URL-level Coverage sample),yes,sitemap-guides.xml,3,medium,low/unknown,62,WAIT,,review,recent publication or current evidence window is too short,no,no
https://funnytools.win/guides/pdf-to-image-raster-text-search-guide/,guide,zh-TW,UNKNOWN (no current URL-level Coverage sample),yes,sitemap-guides.xml,9,medium,low/unknown,66,WAIT,,review,recent publication or current evidence window is too short,no,no
https://funnytools.win/guides/pdf-to-image-resolution-guide/,guide,zh-TW,UNKNOWN (no current URL-level Coverage sample),yes,sitemap-guides.xml,11,high,low/unknown,65,WAIT,,review,recent publication or current evidence window is too short,no,no
https://funnytools.win/guides/pdf-to-jpg-vs-png/,guide,zh-TW,UNKNOWN (no current URL-level Coverage sample),yes,sitemap-guides.xml,6,medium,low/unknown,65,KEEP,,medium,distinct current route with passing technical checks,no,no
https://funnytools.win/guides/pdf-to-word-form-field-editing-guide/,guide,zh-TW,UNKNOWN (no current URL-level Coverage sample),yes,sitemap-guides.xml,4,medium,low/unknown,64,WAIT,,review,recent publication or current evidence window is too short,no,no
https://funnytools.win/guides/pdf-to-word-layout-fidelity-guide/,guide,zh-TW,UNKNOWN (no current URL-level Coverage sample),yes,sitemap-guides.xml,9,high,high,65,WAIT,https://funnytools.win/guides/pdf-to-word-ocr-language-check-guide/,review,recent publication or current evidence window is too short,no,no
https://funnytools.win/guides/pdf-to-word-ocr-language-check-guide/,guide,zh-TW,UNKNOWN (no current URL-level Coverage sample),yes,sitemap-guides.xml,2,high,high,59,WAIT,https://funnytools.win/guides/pdf-to-word-layout-fidelity-guide/,review,recent publication or current evidence window is too short,no,no
https://funnytools.win/guides/pdf-to-word-review-track-changes-guide/,guide,zh-TW,UNKNOWN (no current URL-level Coverage sample),yes,sitemap-guides.xml,6,medium,low/unknown,66,WAIT,,review,recent publication or current evidence window is too short,no,no
https://funnytools.win/guides/pdf-upload-failed-troubleshooting/,guide,zh-TW,UNKNOWN (no current URL-level Coverage sample),yes,sitemap-guides.xml,3,medium,low/unknown,62,WAIT,,review,recent publication or current evidence window is too short,no,no
https://funnytools.win/guides/pearson-vs-spearman-correlation/,guide,zh-TW,UNKNOWN (no current URL-level Coverage sample),yes,sitemap-guides.xml,3,low,low/unknown,65,KEEP,,medium,distinct current route with passing technical checks,no,no
https://funnytools.win/guides/percentage-grade-to-gpa-conversion-guide/,guide,zh-TW,UNKNOWN (no current URL-level Coverage sample),yes,sitemap-guides.xml,7,medium,low/unknown,66,WAIT,,review,recent publication or current evidence window is too short,no,no
https://funnytools.win/guides/percentage-shortcuts-guide/,guide,zh-TW,UNKNOWN (no current URL-level Coverage sample),yes,sitemap-guides.xml,9,medium,low/unknown,68,KEEP,,medium,distinct current route with passing technical checks,no,no
https://funnytools.win/guides/percentile-rank-guide/,guide,zh-TW,UNKNOWN (no current URL-level Coverage sample),yes,sitemap-guides.xml,32,high,low/unknown,63,IMPROVE,,review,quality/link/similarity risk requires review,no,yes
https://funnytools.win/guides/photos-to-pdf-phone-guide/,guide,zh-TW,UNKNOWN (no current URL-level Coverage sample),yes,sitemap-guides.xml,9,medium,low/unknown,68,KEEP,,medium,distinct current route with passing technical checks,no,no
https://funnytools.win/guides/pie-chart-percentage-guide/,guide,zh-TW,UNKNOWN (no current URL-level Coverage sample),yes,sitemap-guides.xml,4,medium,low/unknown,63,KEEP,,medium,distinct current route with passing technical checks,no,no
https://funnytools.win/guides/png-to-jpg-transparency-background/,guide,zh-TW,UNKNOWN (no current URL-level Coverage sample),yes,sitemap-guides.xml,5,medium,low/unknown,66,KEEP,,medium,distinct current route with passing technical checks,no,no
https://funnytools.win/guides/pomodoro-25-5-focus-interval-guide/,guide,zh-TW,UNKNOWN (no current URL-level Coverage sample),yes,sitemap-guides.xml,5,medium,low/unknown,65,KEEP,,medium,distinct current route with passing technical checks,no,no
https://funnytools.win/guides/qr-barcode/,guide,zh-TW,UNKNOWN (no current URL-level Coverage sample),yes,sitemap-guides.xml,12,medium,low/unknown,66,KEEP,,medium,distinct current route with passing technical checks,no,no
https://funnytools.win/guides/qr-code-accessible-fallback-guide/,guide,zh-TW,UNKNOWN (no current URL-level Coverage sample),yes,sitemap-guides.xml,3,medium,low/unknown,61,WAIT,,review,recent publication or current evidence window is too short,no,no
https://funnytools.win/guides/qr-code-before-print-testing-guide/,guide,zh-TW,UNKNOWN (no current URL-level Coverage sample),yes,sitemap-guides.xml,12,medium,low/unknown,66,WAIT,,review,recent publication or current evidence window is too short,no,no
https://funnytools.win/guides/qr-code-classroom-guide/,guide,zh-TW,UNKNOWN (no current URL-level Coverage sample),yes,sitemap-guides.xml,7,medium,low/unknown,68,KEEP,,medium,distinct current route with passing technical checks,no,no
https://funnytools.win/guides/qr-code-destination-change-log-guide/,guide,zh-TW,UNKNOWN (no current URL-level Coverage sample),yes,sitemap-guides.xml,4,high,high,63,WAIT,https://funnytools.win/guides/qr-code-event-page-expiry-guide/,review,recent publication or current evidence window is too short,no,no
https://funnytools.win/guides/qr-code-event-page-expiry-guide/,guide,zh-TW,UNKNOWN (no current URL-level Coverage sample),yes,sitemap-guides.xml,7,high,high,65,WAIT,https://funnytools.win/guides/qr-code-destination-change-log-guide/,review,recent publication or current evidence window is too short,no,no
https://funnytools.win/guides/qr-code-mobile-landing-page-guide/,guide,zh-TW,UNKNOWN (no current URL-level Coverage sample),yes,sitemap-guides.xml,11,high,high,65,WAIT,https://funnytools.win/guides/qr-code-multilingual-switch-testing-guide/,review,recent publication or current evidence window is too short,no,no
https://funnytools.win/guides/qr-code-multi-placement-consistency-guide/,guide,zh-TW,UNKNOWN (no current URL-level Coverage sample),yes,sitemap-guides.xml,2,medium,low/unknown,60,WAIT,,review,recent publication or current evidence window is too short,no,no
https://funnytools.win/guides/qr-code-multilingual-switch-testing-guide/,guide,zh-TW,UNKNOWN (no current URL-level Coverage sample),yes,sitemap-guides.xml,4,high,high,63,WAIT,https://funnytools.win/guides/qr-code-mobile-landing-page-guide/,review,recent publication or current evidence window is too short,no,no
https://funnytools.win/guides/qr-code-not-scanning-print-guide/,guide,zh-TW,UNKNOWN (no current URL-level Coverage sample),yes,sitemap-guides.xml,7,medium,low/unknown,68,KEEP,,medium,distinct current route with passing technical checks,no,no
https://funnytools.win/guides/qr-code-payload-length-guide/,guide,zh-TW,UNKNOWN (no current URL-level Coverage sample),yes,sitemap-guides.xml,6,medium,low/unknown,66,WAIT,,review,recent publication or current evidence window is too short,no,no
https://funnytools.win/guides/qr-code-phishing-security-guide/,guide,zh-TW,UNKNOWN (no current URL-level Coverage sample),yes,sitemap-guides.xml,7,low,low/unknown,69,KEEP,,medium,distinct current route with passing technical checks,no,no
https://funnytools.win/guides/qr-code-scan-failure-field-troubleshooting-guide/,guide,zh-TW,UNKNOWN (no current URL-level Coverage sample),yes,sitemap-guides.xml,3,medium,low/unknown,62,WAIT,,review,recent publication or current evidence window is too short,no,no
https://funnytools.win/guides/qr-code-utm-campaign-link-guide/,guide,zh-TW,UNKNOWN (no current URL-level Coverage sample),yes,sitemap-guides.xml,5,medium,low/unknown,65,WAIT,,review,recent publication or current evidence window is too short,no,no
https://funnytools.win/guides/qr-code-vs-barcode-guide/,guide,zh-TW,UNKNOWN (no current URL-level Coverage sample),yes,sitemap-guides.xml,6,medium,low/unknown,65,KEEP,,medium,distinct current route with passing technical checks,no,no
https://funnytools.win/guides/qr-error-correction-logo-guide/,guide,zh-TW,UNKNOWN (no current URL-level Coverage sample),yes,sitemap-guides.xml,4,low,low/unknown,66,KEEP,,medium,distinct current route with passing technical checks,no,no
https://funnytools.win/guides/r-squared-adjusted-r-squared/,guide,zh-TW,UNKNOWN (no current URL-level Coverage sample),yes,sitemap-guides.xml,3,low,low/unknown,66,KEEP,,medium,distinct current route with passing technical checks,no,no
https://funnytools.win/guides/random-password-length-security-guide/,guide,zh-TW,UNKNOWN (no current URL-level Coverage sample),yes,sitemap-guides.xml,6,medium,low/unknown,65,KEEP,,medium,distinct current route with passing technical checks,no,no
https://funnytools.win/guides/random-sampling-with-without-replacement/,guide,zh-TW,UNKNOWN (no current URL-level Coverage sample),yes,sitemap-guides.xml,5,medium,low/unknown,64,KEEP,,medium,distinct current route with passing technical checks,no,no
https://funnytools.win/guides/reading-time-estimate-guide/,guide,zh-TW,UNKNOWN (no current URL-level Coverage sample),yes,sitemap-guides.xml,3,medium,low/unknown,64,WAIT,,review,recent publication or current evidence window is too short,no,no
https://funnytools.win/guides/rejection-sampling-modulo-bias-guide/,guide,zh-TW,UNKNOWN (no current URL-level Coverage sample),yes,sitemap-guides.xml,8,low,low/unknown,68,KEEP,,medium,distinct current route with passing technical checks,no,no
https://funnytools.win/guides/remove-duplicate-lines-guide/,guide,zh-TW,UNKNOWN (no current URL-level Coverage sample),yes,sitemap-guides.xml,3,medium,low/unknown,63,KEEP,,medium,distinct current route with passing technical checks,no,no
https://funnytools.win/guides/reorder-rotate-pdf-pages/,guide,zh-TW,UNKNOWN (no current URL-level Coverage sample),yes,sitemap-guides.xml,4,medium,low/unknown,64,KEEP,,medium,distinct current route with passing technical checks,no,no
https://funnytools.win/guides/resize-image-without-distortion/,guide,zh-TW,UNKNOWN (no current URL-level Coverage sample),yes,sitemap-guides.xml,4,medium,low/unknown,65,KEEP,,medium,distinct current route with passing technical checks,no,no
https://funnytools.win/guides/scanned-pdf-searchable-ocr-guide/,guide,zh-TW,UNKNOWN (no current URL-level Coverage sample),yes,sitemap-guides.xml,2,medium,low/unknown,62,KEEP,,medium,distinct current route with passing technical checks,no,no
https://funnytools.win/guides/seating-chart-changeover-routine-guide/,guide,zh-TW,UNKNOWN (no current URL-level Coverage sample),yes,sitemap-guides.xml,4,high,high,62,WAIT,https://funnytools.win/guides/seating-chart-student-needs-intake-guide/,review,recent publication or current evidence window is too short,no,no
https://funnytools.win/guides/seating-chart-student-needs-intake-guide/,guide,zh-TW,UNKNOWN (no current URL-level Coverage sample),yes,sitemap-guides.xml,6,high,high,64,WAIT,https://funnytools.win/guides/seating-chart-changeover-routine-guide/,review,recent publication or current evidence window is too short,no,no
https://funnytools.win/guides/secure-random-vs-math-random-guide/,guide,zh-TW,UNKNOWN (no current URL-level Coverage sample),yes,sitemap-guides.xml,11,low,low/unknown,69,KEEP,,medium,distinct current route with passing technical checks,no,no
https://funnytools.win/guides/semester-vs-cumulative-gpa-guide/,guide,zh-TW,UNKNOWN (no current URL-level Coverage sample),yes,sitemap-guides.xml,6,medium,low/unknown,66,KEEP,,medium,distinct current route with passing technical checks,no,no
https://funnytools.win/guides/shapiro-wilk-normality-test/,guide,zh-TW,UNKNOWN (no current URL-level Coverage sample),yes,sitemap-guides.xml,4,low,low/unknown,67,KEEP,,medium,distinct current route with passing technical checks,no,no
https://funnytools.win/guides/split-pdf-output-naming-batch-delivery-guide/,guide,zh-TW,UNKNOWN (no current URL-level Coverage sample),yes,sitemap-guides.xml,3,medium,low/unknown,61,WAIT,,review,recent publication or current evidence window is too short,no,no
https://funnytools.win/guides/split-pdf-page-range-planning-guide/,guide,zh-TW,UNKNOWN (no current URL-level Coverage sample),yes,sitemap-guides.xml,8,high,high,65,WAIT,https://funnytools.win/guides/pdf-to-image-multipage-download-guide/,review,recent publication or current evidence window is too short,no,no
https://funnytools.win/guides/spss-levene-test-guide/,guide,zh-TW,UNKNOWN (no current URL-level Coverage sample),yes,sitemap-guides.xml,12,medium,low/unknown,63,KEEP,,medium,distinct current route with passing technical checks,no,no
https://funnytools.win/guides/standard-deviation-vs-standard-error/,guide,zh-TW,UNKNOWN (no current URL-level Coverage sample),yes,sitemap-guides.xml,6,medium,low/unknown,69,KEEP,,medium,distinct current route with passing technical checks,no,no
https://funnytools.win/guides/static-vs-dynamic-qr-code-guide/,guide,zh-TW,UNKNOWN (no current URL-level Coverage sample),yes,sitemap-guides.xml,9,low,low/unknown,69,KEEP,,medium,distinct current route with passing technical checks,no,no
https://funnytools.win/guides/statistical-test-selection/,guide,zh-TW,UNKNOWN (no current URL-level Coverage sample),yes,sitemap-guides.xml,10,medium,low/unknown,64,KEEP,,medium,distinct current route with passing technical checks,no,no
https://funnytools.win/guides/statistical-vs-practical-significance/,guide,zh-TW,UNKNOWN (no current URL-level Coverage sample),yes,sitemap-guides.xml,2,medium,low/unknown,58,KEEP,,medium,distinct current route with passing technical checks,no,no
https://funnytools.win/guides/svg-vs-png-diagram-export/,guide,zh-TW,UNKNOWN (no current URL-level Coverage sample),yes,sitemap-guides.xml,13,low,low/unknown,68,KEEP,,medium,distinct current route with passing technical checks,no,no
https://funnytools.win/guides/t-score-calculator-guide/,guide,zh-TW,UNKNOWN (no current URL-level Coverage sample),yes,sitemap-guides.xml,38,high,high,64,MERGE,https://funnytools.win/guides/z-score-calculator-guide/,review,quality/link/similarity risk requires review,no,yes
https://funnytools.win/guides/t-test-apa-format-guide/,guide,zh-TW,UNKNOWN (no current URL-level Coverage sample),yes,sitemap-guides.xml,11,high,low/unknown,62,IMPROVE,,review,quality/link/similarity risk requires review,no,yes
https://funnytools.win/guides/teacher-exam-weighted-score-guide/,guide,zh-TW,UNKNOWN (no current URL-level Coverage sample),yes,sitemap-guides.xml,19,high,low/unknown,65,IMPROVE,,review,quality/link/similarity risk requires review,no,yes
https://funnytools.win/guides/text-sort-alphabetical-numeric-length-guide/,guide,zh-TW,UNKNOWN (no current URL-level Coverage sample),yes,sitemap-guides.xml,3,medium,low/unknown,62,WAIT,,review,recent publication or current evidence window is too short,no,no
https://funnytools.win/guides/text-writing/,guide,zh-TW,UNKNOWN (no current URL-level Coverage sample),yes,sitemap-guides.xml,24,medium,low/unknown,65,KEEP,,medium,distinct current route with passing technical checks,no,no
https://funnytools.win/guides/title-case-vs-sentence-case-guide/,guide,zh-TW,UNKNOWN (no current URL-level Coverage sample),yes,sitemap-guides.xml,5,medium,low/unknown,67,WAIT,,review,recent publication or current evidence window is too short,no,no
https://funnytools.win/guides/two-way-anova-interaction-guide/,guide,zh-TW,UNKNOWN (no current URL-level Coverage sample),yes,sitemap-guides.xml,8,medium,low/unknown,64,KEEP,,medium,distinct current route with passing technical checks,no,no
https://funnytools.win/guides/unit-price-comparison-guide/,guide,zh-TW,UNKNOWN (no current URL-level Coverage sample),yes,sitemap-guides.xml,3,medium,low/unknown,63,KEEP,,medium,distinct current route with passing technical checks,no,no
https://funnytools.win/guides/unix-timestamp-seconds-milliseconds-guide/,guide,zh-TW,UNKNOWN (no current URL-level Coverage sample),yes,sitemap-guides.xml,6,low,low/unknown,69,KEEP,,medium,distinct current route with passing technical checks,no,no
https://funnytools.win/guides/url-encoding-percent-encoding-guide/,guide,zh-TW,UNKNOWN (no current URL-level Coverage sample),yes,sitemap-guides.xml,5,low,low/unknown,71,KEEP,,medium,distinct current route with passing technical checks,no,no
https://funnytools.win/guides/utf8-bytes-vs-characters-guide/,guide,zh-TW,UNKNOWN (no current URL-level Coverage sample),yes,sitemap-guides.xml,6,medium,low/unknown,67,WAIT,,review,recent publication or current evidence window is too short,no,no
https://funnytools.win/guides/uuid-v4-collision-probability-guide/,guide,zh-TW,UNKNOWN (no current URL-level Coverage sample),yes,sitemap-guides.xml,6,medium,low/unknown,69,KEEP,,medium,distinct current route with passing technical checks,no,no
https://funnytools.win/guides/uuid-v4-vs-v7-guide/,guide,zh-TW,UNKNOWN (no current URL-level Coverage sample),yes,sitemap-guides.xml,3,low,low/unknown,63,KEEP,,medium,distinct current route with passing technical checks,no,no
https://funnytools.win/guides/visual-schedule-slots-guide/,guide,zh-TW,UNKNOWN (no current URL-level Coverage sample),yes,sitemap-guides.xml,3,medium,low/unknown,64,KEEP,,medium,distinct current route with passing technical checks,no,no
https://funnytools.win/guides/weighted-grade-weights-not-100-guide/,guide,zh-TW,UNKNOWN (no current URL-level Coverage sample),yes,sitemap-guides.xml,9,medium,low/unknown,66,KEEP,,medium,distinct current route with passing technical checks,no,no
https://funnytools.win/guides/wifi-qr-code-format-security-guide/,guide,zh-TW,UNKNOWN (no current URL-level Coverage sample),yes,sitemap-guides.xml,3,low,low/unknown,66,KEEP,,medium,distinct current route with passing technical checks,no,no
https://funnytools.win/guides/word-count-essay-limits-guide/,guide,zh-TW,UNKNOWN (no current URL-level Coverage sample),yes,sitemap-guides.xml,6,medium,low/unknown,67,KEEP,,medium,distinct current route with passing technical checks,no,no
https://funnytools.win/guides/word-count-vs-character-count-guide/,guide,zh-TW,UNKNOWN (no current URL-level Coverage sample),yes,sitemap-guides.xml,6,high,high,64,WAIT,https://funnytools.win/guides/chinese-english-mixed-word-count-guide/,review,recent publication or current evidence window is too short,no,no
https://funnytools.win/guides/work-deadline-business-day-planning/,guide,zh-TW,UNKNOWN (no current URL-level Coverage sample),yes,sitemap-guides.xml,5,medium,low/unknown,66,KEEP,,medium,distinct current route with passing technical checks,no,no
https://funnytools.win/guides/z-score-calculator-guide/,guide,zh-TW,UNKNOWN (no current URL-level Coverage sample),yes,sitemap-guides.xml,24,high,high,63,MERGE,https://funnytools.win/guides/t-score-calculator-guide/,review,quality/link/similarity risk requires review,no,yes
https://funnytools.win/,home,zh-TW,Indexed,yes,sitemap-guides.xml,526,high,low/unknown,63,IMPROVE,,review,quality/link/similarity risk requires review,no,yes
https://funnytools.win/methodology/accessibility-compatibility/,methodology,zh-TW,UNKNOWN (no current URL-level Coverage sample),yes,sitemap-guides.xml,1,low,low/unknown,46,IMPROVE,,review,quality/link/similarity risk requires review,no,yes
https://funnytools.win/methodology/ai-assisted-content/,methodology,zh-TW,UNKNOWN (no current URL-level Coverage sample),yes,sitemap-guides.xml,2,low,low/unknown,48,IMPROVE,,review,quality/link/similarity risk requires review,no,yes
https://funnytools.win/methodology/browser-local-processing/,methodology,zh-TW,UNKNOWN (no current URL-level Coverage sample),yes,sitemap-guides.xml,80,medium,low/unknown,52,KEEP,,medium,distinct current route with passing technical checks,no,no
https://funnytools.win/methodology/calculator-formula-verification/,methodology,zh-TW,UNKNOWN (no current URL-level Coverage sample),yes,sitemap-guides.xml,4,low,low/unknown,49,IMPROVE,,review,quality/link/similarity risk requires review,no,yes
https://funnytools.win/methodology/content-sourcing-corrections/,methodology,zh-TW,UNKNOWN (no current URL-level Coverage sample),yes,sitemap-guides.xml,3,low,low/unknown,49,IMPROVE,,review,quality/link/similarity risk requires review,no,yes
https://funnytools.win/methodology/file-tool-verification/,methodology,zh-TW,UNKNOWN (no current URL-level Coverage sample),yes,sitemap-guides.xml,5,low,low/unknown,52,KEEP,,medium,distinct current route with passing technical checks,no,no
https://funnytools.win/methodology/,hub,zh-TW,UNKNOWN (no current URL-level Coverage sample),yes,sitemap-guides.xml,310,medium,low/unknown,50,KEEP,,medium,distinct current route with passing technical checks,no,no
https://funnytools.win/methodology/public-test-cases/,methodology,zh-TW,UNKNOWN (no current URL-level Coverage sample),yes,sitemap-guides.xml,89,low,low/unknown,52,KEEP,,medium,distinct current route with passing technical checks,no,no
https://funnytools.win/methodology/randomness-security/,methodology,zh-TW,UNKNOWN (no current URL-level Coverage sample),yes,sitemap-guides.xml,1,low,low/unknown,45,IMPROVE,,review,quality/link/similarity risk requires review,no,yes
https://funnytools.win/methodology/tool-verification/,methodology,zh-TW,UNKNOWN (no current URL-level Coverage sample),yes,sitemap-guides.xml,90,medium,low/unknown,51,KEEP,,medium,distinct current route with passing technical checks,no,no
https://funnytools.win/privacy/,legal,zh-TW,UNKNOWN (no current URL-level Coverage sample),yes,sitemap-guides.xml,316,medium,low/unknown,48,IMPROVE,,review,quality/link/similarity risk requires review,no,yes
https://funnytools.win/shop/,support,zh-TW,UNKNOWN (no current URL-level Coverage sample),yes,sitemap-guides.xml,312,low,low/unknown,54,KEEP,,medium,distinct current route with passing technical checks,no,no
https://funnytools.win/support/,support,zh-TW,UNKNOWN (no current URL-level Coverage sample),yes,sitemap-guides.xml,712,medium,low/unknown,54,KEEP,,medium,distinct current route with passing technical checks,no,no
https://funnytools.win/support-us/,support,zh-TW,UNKNOWN (no current URL-level Coverage sample),no,not in sitemap,0,not applicable,low/unknown,,RETIRE,,review,intentional excluded route; preserve current policy,no,no
https://funnytools.win/terms/,legal,zh-TW,UNKNOWN (no current URL-level Coverage sample),yes,sitemap-guides.xml,313,medium,low/unknown,49,IMPROVE,,review,quality/link/similarity risk requires review,no,yes
https://funnytools.win/tools/age-calculator/,tool,zh-TW,UNKNOWN (no current URL-level Coverage sample),yes,sitemap-tools.xml,17,high,high,83,MERGE,https://funnytools.win/tools/date-difference/,review,quality/link/similarity risk requires review,no,yes
https://funnytools.win/tools/apa-7-report-generator/,tool,zh-TW,UNKNOWN (no current URL-level Coverage sample),yes,sitemap-tools.xml,18,high,high,82,MERGE,https://funnytools.win/tools/spss-result-interpreter/,review,quality/link/similarity risk requires review,no,yes
https://funnytools.win/tools/bar-chart-maker/,tool,zh-TW,UNKNOWN (no current URL-level Coverage sample),yes,sitemap-tools.xml,20,high,high,82,MERGE,https://funnytools.win/tools/pie-chart-maker/,review,quality/link/similarity risk requires review,no,yes
https://funnytools.win/tools/barcode-generator/,tool,zh-TW,UNKNOWN (no current URL-level Coverage sample),yes,sitemap-tools.xml,18,medium,low/unknown,86,KEEP,,medium,distinct current route with passing technical checks,no,no
https://funnytools.win/tools/base64/,tool,zh-TW,UNKNOWN (no current URL-level Coverage sample),yes,sitemap-tools.xml,17,high,high,82,MERGE,https://funnytools.win/tools/url-encoder/,review,quality/link/similarity risk requires review,no,yes
https://funnytools.win/tools/break-reminder/,tool,zh-TW,UNKNOWN (no current URL-level Coverage sample),yes,sitemap-tools.xml,13,high,high,84,MERGE,https://funnytools.win/tools/pomodoro-timer/,review,quality/link/similarity risk requires review,no,yes
https://funnytools.win/tools/bulk-image-compressor/,tool,zh-TW,UNKNOWN (no current URL-level Coverage sample),yes,sitemap-tools.xml,6,high,high,83,MERGE,https://funnytools.win/tools/image-compressor/,review,quality/link/similarity risk requires review,no,yes
https://funnytools.win/tools/business-days/,tool,zh-TW,UNKNOWN (no current URL-level Coverage sample),yes,sitemap-tools.xml,23,high,high,82,MERGE,https://funnytools.win/tools/date-difference/,review,quality/link/similarity risk requires review,no,yes
https://funnytools.win/tools/cad-2d/,tool,zh-TW,UNKNOWN (no current URL-level Coverage sample),yes,sitemap-tools.xml,18,medium,low/unknown,86,KEEP,,medium,distinct current route with passing technical checks,no,no
https://funnytools.win/tools/case-converter/,tool,zh-TW,UNKNOWN (no current URL-level Coverage sample),yes,sitemap-tools.xml,29,high,high,83,MERGE,https://funnytools.win/tools/word-counter/,review,quality/link/similarity risk requires review,no,yes
https://funnytools.win/tools/character-counter/,tool,zh-TW,UNKNOWN (no current URL-level Coverage sample),yes,sitemap-tools.xml,41,high,high,83,MERGE,https://funnytools.win/tools/word-counter/,review,quality/link/similarity risk requires review,no,yes
https://funnytools.win/tools/class-rank-percentile-calculator/,tool,zh-TW,UNKNOWN (no current URL-level Coverage sample),yes,sitemap-tools.xml,16,high,high,83,MERGE,https://funnytools.win/tools/percentile-rank-calculator/,review,quality/link/similarity risk requires review,no,yes
https://funnytools.win/tools/color-generator/,tool,zh-TW,UNKNOWN (no current URL-level Coverage sample),yes,sitemap-tools.xml,15,medium,low/unknown,87,KEEP,,medium,distinct current route with passing technical checks,no,no
https://funnytools.win/tools/compound-interest/,tool,zh-TW,UNKNOWN (no current URL-level Coverage sample),yes,sitemap-tools.xml,17,medium,low/unknown,84,KEEP,,medium,distinct current route with passing technical checks,no,no
https://funnytools.win/tools/countdown-timer/,tool,zh-TW,UNKNOWN (no current URL-level Coverage sample),yes,sitemap-tools.xml,29,high,low/unknown,84,IMPROVE,,review,quality/link/similarity risk requires review,no,yes
https://funnytools.win/tools/cronbach-alpha-calculator/,tool,zh-TW,UNKNOWN (no current URL-level Coverage sample),yes,sitemap-tools.xml,10,high,high,84,MERGE,https://funnytools.win/tools/standard-deviation/,review,quality/link/similarity risk requires review,no,yes
https://funnytools.win/tools/csv-to-json/,tool,zh-TW,UNKNOWN (no current URL-level Coverage sample),yes,sitemap-tools.xml,17,high,high,82,MERGE,https://funnytools.win/tools/json-to-csv/,review,quality/link/similarity risk requires review,no,yes
https://funnytools.win/tools/date-difference/,tool,zh-TW,UNKNOWN (no current URL-level Coverage sample),yes,sitemap-tools.xml,22,high,high,82,MERGE,https://funnytools.win/tools/business-days/,review,quality/link/similarity risk requires review,no,yes
https://funnytools.win/tools/delete-pdf-pages/,tool,zh-TW,UNKNOWN (no current URL-level Coverage sample),yes,sitemap-tools.xml,18,high,high,81,MERGE,https://funnytools.win/tools/extract-pdf-pages/,review,quality/link/similarity risk requires review,no,yes
https://funnytools.win/tools/dice-roller/,tool,zh-TW,UNKNOWN (no current URL-level Coverage sample),yes,sitemap-tools.xml,19,medium,low/unknown,85,KEEP,,medium,distinct current route with passing technical checks,no,no
https://funnytools.win/tools/extract-pdf-pages/,tool,zh-TW,UNKNOWN (no current URL-level Coverage sample),yes,sitemap-tools.xml,21,high,high,81,MERGE,https://funnytools.win/tools/delete-pdf-pages/,review,quality/link/similarity risk requires review,no,yes
https://funnytools.win/tools/flowchart/,tool,zh-TW,UNKNOWN (no current URL-level Coverage sample),yes,sitemap-tools.xml,21,medium,low/unknown,86,KEEP,,medium,distinct current route with passing technical checks,no,no
https://funnytools.win/tools/gpa-calculator/,tool,zh-TW,UNKNOWN (no current URL-level Coverage sample),yes,sitemap-tools.xml,21,medium,low/unknown,86,KEEP,,medium,distinct current route with passing technical checks,no,no
https://funnytools.win/tools/grade-average/,tool,zh-TW,Not indexed,yes,sitemap-tools.xml,37,high,high,82,MERGE,https://funnytools.win/tools/weighted-average-calculator/,review,quality/link/similarity risk requires review,no,yes
https://funnytools.win/tools/group-generator/,tool,zh-TW,UNKNOWN (no current URL-level Coverage sample),yes,sitemap-tools.xml,25,high,high,82,MERGE,https://funnytools.win/tools/random-student-picker/,review,quality/link/similarity risk requires review,no,yes
https://funnytools.win/tools/image-compressor/,tool,zh-TW,Not indexed,yes,sitemap-tools.xml,55,high,high,82,MERGE,https://funnytools.win/tools/jpg-to-webp/,review,quality/link/similarity risk requires review,no,yes
https://funnytools.win/tools/image-crop/,tool,zh-TW,UNKNOWN (no current URL-level Coverage sample),yes,sitemap-tools.xml,23,high,high,84,MERGE,https://funnytools.win/tools/jpg-to-png/,review,quality/link/similarity risk requires review,no,yes
https://funnytools.win/tools/image-resizer/,tool,zh-TW,UNKNOWN (no current URL-level Coverage sample),yes,sitemap-tools.xml,47,high,high,83,MERGE,https://funnytools.win/tools/image-compressor/,review,quality/link/similarity risk requires review,no,yes
https://funnytools.win/tools/image-rotate-flip/,tool,zh-TW,UNKNOWN (no current URL-level Coverage sample),yes,sitemap-tools.xml,11,high,high,82,MERGE,https://funnytools.win/tools/jpg-to-png/,review,quality/link/similarity risk requires review,no,yes
https://funnytools.win/tools/image-to-base64/,tool,zh-TW,UNKNOWN (no current URL-level Coverage sample),yes,sitemap-tools.xml,13,medium,low/unknown,84,KEEP,,medium,distinct current route with passing technical checks,no,no
https://funnytools.win/tools/image-to-dxf/,tool,zh-TW,UNKNOWN (no current URL-level Coverage sample),yes,sitemap-tools.xml,11,medium,low/unknown,86,KEEP,,medium,distinct current route with passing technical checks,no,no
https://funnytools.win/tools/images-to-pdf/,tool,zh-TW,UNKNOWN (no current URL-level Coverage sample),yes,sitemap-tools.xml,27,high,high,84,MERGE,https://funnytools.win/tools/pdf-compressor/,review,quality/link/similarity risk requires review,no,yes
https://funnytools.win/tools/independent-samples-t-test-calculator/,tool,zh-TW,UNKNOWN (no current URL-level Coverage sample),yes,sitemap-tools.xml,16,high,high,83,MERGE,https://funnytools.win/tools/standard-deviation/,review,quality/link/similarity risk requires review,no,yes
https://funnytools.win/tools/,hub,zh-TW,Not indexed,yes,sitemap-guides.xml,314,high,low/unknown,51,IMPROVE,,review,quality/link/similarity risk requires review,no,yes
https://funnytools.win/tools/inflation/,tool,zh-TW,UNKNOWN (no current URL-level Coverage sample),yes,sitemap-tools.xml,14,medium,low/unknown,84,KEEP,,medium,distinct current route with passing technical checks,no,no
https://funnytools.win/tools/jpg-to-png/,tool,zh-TW,UNKNOWN (no current URL-level Coverage sample),yes,sitemap-tools.xml,24,high,high,81,MERGE,https://funnytools.win/tools/png-to-jpg/,review,quality/link/similarity risk requires review,no,yes
https://funnytools.win/tools/jpg-to-webp/,tool,zh-TW,UNKNOWN (no current URL-level Coverage sample),yes,sitemap-tools.xml,19,high,high,81,MERGE,https://funnytools.win/tools/webp-to-jpg/,review,quality/link/similarity risk requires review,no,yes
https://funnytools.win/tools/json-formatter/,tool,zh-TW,UNKNOWN (no current URL-level Coverage sample),yes,sitemap-tools.xml,27,high,high,84,MERGE,https://funnytools.win/tools/csv-to-json/,review,quality/link/similarity risk requires review,no,yes
https://funnytools.win/tools/json-to-csv/,tool,zh-TW,UNKNOWN (no current URL-level Coverage sample),yes,sitemap-tools.xml,14,high,high,82,MERGE,https://funnytools.win/tools/csv-to-json/,review,quality/link/similarity risk requires review,no,yes
https://funnytools.win/tools/markdown-previewer/,tool,zh-TW,UNKNOWN (no current URL-level Coverage sample),yes,sitemap-tools.xml,13,medium,low/unknown,85,KEEP,,medium,distinct current route with passing technical checks,no,no
https://funnytools.win/tools/merge-pdf/,tool,zh-TW,Not indexed,yes,sitemap-tools.xml,36,high,high,83,MERGE,https://funnytools.win/tools/pdf-page-reorder/,review,quality/link/similarity risk requires review,no,yes
https://funnytools.win/tools/mortgage-payment/,tool,zh-TW,UNKNOWN (no current URL-level Coverage sample),yes,sitemap-tools.xml,17,high,high,83,MERGE,https://funnytools.win/tools/savings-goal/,review,quality/link/similarity risk requires review,no,yes
https://funnytools.win/tools/net-salary/,tool,zh-TW,UNKNOWN (no current URL-level Coverage sample),yes,sitemap-tools.xml,14,medium,low/unknown,84,KEEP,,medium,distinct current route with passing technical checks,no,no
https://funnytools.win/tools/normalized-score-converter/,tool,zh-TW,UNKNOWN (no current URL-level Coverage sample),yes,sitemap-tools.xml,15,high,high,81,MERGE,https://funnytools.win/tools/z-score-calculator/,review,quality/link/similarity risk requires review,no,yes
https://funnytools.win/tools/overtime-pay/,tool,zh-TW,UNKNOWN (no current URL-level Coverage sample),yes,sitemap-tools.xml,15,medium,low/unknown,84,KEEP,,medium,distinct current route with passing technical checks,no,no
https://funnytools.win/tools/password-generator/,tool,zh-TW,UNKNOWN (no current URL-level Coverage sample),yes,sitemap-tools.xml,20,medium,low/unknown,85,KEEP,,medium,distinct current route with passing technical checks,no,no
https://funnytools.win/tools/pdf-compressor/,tool,zh-TW,UNKNOWN (no current URL-level Coverage sample),yes,sitemap-tools.xml,32,high,high,84,MERGE,https://funnytools.win/tools/images-to-pdf/,review,quality/link/similarity risk requires review,no,yes
https://funnytools.win/tools/pdf-page-reorder/,tool,zh-TW,UNKNOWN (no current URL-level Coverage sample),yes,sitemap-tools.xml,24,high,high,82,MERGE,https://funnytools.win/tools/extract-pdf-pages/,review,quality/link/similarity risk requires review,no,yes
https://funnytools.win/tools/pdf-table-to-excel/,tool,zh-TW,UNKNOWN (no current URL-level Coverage sample),yes,sitemap-tools.xml,9,high,high,83,MERGE,https://funnytools.win/tools/pdf-to-word/,review,quality/link/similarity risk requires review,no,yes
https://funnytools.win/tools/pdf-to-image/,tool,zh-TW,UNKNOWN (no current URL-level Coverage sample),yes,sitemap-tools.xml,27,high,high,83,MERGE,https://funnytools.win/tools/pdf-page-reorder/,review,quality/link/similarity risk requires review,no,yes
https://funnytools.win/tools/pdf-to-word/,tool,zh-TW,UNKNOWN (no current URL-level Coverage sample),yes,sitemap-tools.xml,14,high,high,83,MERGE,https://funnytools.win/tools/pdf-table-to-excel/,review,quality/link/similarity risk requires review,no,yes
https://funnytools.win/tools/percentage-calculator/,tool,zh-TW,UNKNOWN (no current URL-level Coverage sample),yes,sitemap-tools.xml,19,high,low/unknown,85,IMPROVE,,review,quality/link/similarity risk requires review,no,yes
https://funnytools.win/tools/percentile-rank-calculator/,tool,zh-TW,UNKNOWN (no current URL-level Coverage sample),yes,sitemap-tools.xml,23,high,high,83,MERGE,https://funnytools.win/tools/z-score-calculator/,review,quality/link/similarity risk requires review,no,yes
https://funnytools.win/tools/pie-chart-maker/,tool,zh-TW,UNKNOWN (no current URL-level Coverage sample),yes,sitemap-tools.xml,19,high,high,83,MERGE,https://funnytools.win/tools/bar-chart-maker/,review,quality/link/similarity risk requires review,no,yes
https://funnytools.win/tools/png-to-jpg/,tool,zh-TW,UNKNOWN (no current URL-level Coverage sample),yes,sitemap-tools.xml,28,high,high,81,MERGE,https://funnytools.win/tools/jpg-to-png/,review,quality/link/similarity risk requires review,no,yes
https://funnytools.win/tools/pomodoro-timer/,tool,zh-TW,UNKNOWN (no current URL-level Coverage sample),yes,sitemap-tools.xml,20,high,high,84,MERGE,https://funnytools.win/tools/break-reminder/,review,quality/link/similarity risk requires review,no,yes
https://funnytools.win/tools/qr-code-generator/,tool,zh-TW,Not indexed,yes,sitemap-tools.xml,56,medium,low/unknown,85,KEEP,,medium,distinct current route with passing technical checks,no,no
https://funnytools.win/tools/random-group-generator/,tool,zh-TW,UNKNOWN (no current URL-level Coverage sample),yes,sitemap-tools.xml,34,high,low/unknown,82,IMPROVE,,review,quality/link/similarity risk requires review,no,yes
https://funnytools.win/tools/random-name-picker/,tool,zh-TW,UNKNOWN (no current URL-level Coverage sample),yes,sitemap-tools.xml,27,high,high,82,MERGE,https://funnytools.win/tools/random-wheel/,review,quality/link/similarity risk requires review,no,yes
https://funnytools.win/tools/random-number-picker/,tool,zh-TW,Not indexed,yes,sitemap-tools.xml,29,high,high,83,MERGE,https://funnytools.win/tools/random-name-picker/,review,quality/link/similarity risk requires review,no,yes
https://funnytools.win/tools/random-student-picker/,tool,zh-TW,UNKNOWN (no current URL-level Coverage sample),yes,sitemap-tools.xml,28,high,high,82,MERGE,https://funnytools.win/tools/group-generator/,review,quality/link/similarity risk requires review,no,yes
https://funnytools.win/tools/random-wheel/,tool,zh-TW,UNKNOWN (no current URL-level Coverage sample),yes,sitemap-tools.xml,24,high,high,83,MERGE,https://funnytools.win/tools/random-name-picker/,review,quality/link/similarity risk requires review,no,yes
https://funnytools.win/tools/remove-duplicate-lines/,tool,zh-TW,UNKNOWN (no current URL-level Coverage sample),yes,sitemap-tools.xml,15,high,high,81,MERGE,https://funnytools.win/tools/sort-lines/,review,quality/link/similarity risk requires review,no,yes
https://funnytools.win/tools/remove-empty-lines/,tool,zh-TW,UNKNOWN (no current URL-level Coverage sample),yes,sitemap-tools.xml,20,high,high,82,MERGE,https://funnytools.win/tools/remove-duplicate-lines/,review,quality/link/similarity risk requires review,no,yes
https://funnytools.win/tools/rotate-pdf/,tool,zh-TW,Not indexed,yes,sitemap-tools.xml,14,high,high,83,MERGE,https://funnytools.win/tools/pdf-page-reorder/,review,quality/link/similarity risk requires review,no,yes
https://funnytools.win/tools/savings-goal/,tool,zh-TW,UNKNOWN (no current URL-level Coverage sample),yes,sitemap-tools.xml,15,high,high,83,MERGE,https://funnytools.win/tools/mortgage-payment/,review,quality/link/similarity risk requires review,no,yes
https://funnytools.win/tools/seating-chart/,tool,zh-TW,UNKNOWN (no current URL-level Coverage sample),yes,sitemap-tools.xml,21,medium,low/unknown,86,KEEP,,medium,distinct current route with passing technical checks,no,no
https://funnytools.win/tools/sketchpad/,tool,zh-TW,UNKNOWN (no current URL-level Coverage sample),yes,sitemap-tools.xml,17,medium,low/unknown,85,KEEP,,medium,distinct current route with passing technical checks,no,no
https://funnytools.win/tools/sort-lines/,tool,zh-TW,UNKNOWN (no current URL-level Coverage sample),yes,sitemap-tools.xml,23,high,high,82,MERGE,https://funnytools.win/tools/remove-duplicate-lines/,review,quality/link/similarity risk requires review,no,yes
https://funnytools.win/tools/split-pdf/,tool,zh-TW,UNKNOWN (no current URL-level Coverage sample),yes,sitemap-tools.xml,30,high,high,83,MERGE,https://funnytools.win/tools/extract-pdf-pages/,review,quality/link/similarity risk requires review,no,yes
https://funnytools.win/tools/spss-result-interpreter/,tool,zh-TW,UNKNOWN (no current URL-level Coverage sample),yes,sitemap-tools.xml,15,high,high,82,MERGE,https://funnytools.win/tools/apa-7-report-generator/,review,quality/link/similarity risk requires review,no,yes
https://funnytools.win/tools/standard-deviation/,tool,zh-TW,UNKNOWN (no current URL-level Coverage sample),yes,sitemap-tools.xml,28,high,high,82,MERGE,https://funnytools.win/tools/z-score-calculator/,review,quality/link/similarity risk requires review,no,yes
https://funnytools.win/tools/stopwatch/,tool,zh-TW,UNKNOWN (no current URL-level Coverage sample),yes,sitemap-tools.xml,19,medium,low/unknown,84,KEEP,,medium,distinct current route with passing technical checks,no,no
https://funnytools.win/tools/t-score-calculator/,tool,zh-TW,UNKNOWN (no current URL-level Coverage sample),yes,sitemap-tools.xml,26,high,high,82,MERGE,https://funnytools.win/tools/z-score-calculator/,review,quality/link/similarity risk requires review,no,yes
https://funnytools.win/tools/teacher-exam-score-converter/,tool,zh-TW,UNKNOWN (no current URL-level Coverage sample),yes,sitemap-tools.xml,16,high,high,82,MERGE,https://funnytools.win/tools/weighted-average-calculator/,review,quality/link/similarity risk requires review,no,yes
https://funnytools.win/tools/this-or-that/,tool,zh-TW,UNKNOWN (no current URL-level Coverage sample),yes,sitemap-tools.xml,16,high,high,84,MERGE,https://funnytools.win/tools/random-wheel/,review,quality/link/similarity risk requires review,no,yes
https://funnytools.win/tools/timestamp-converter/,tool,zh-TW,UNKNOWN (no current URL-level Coverage sample),yes,sitemap-tools.xml,16,medium,low/unknown,87,KEEP,,medium,distinct current route with passing technical checks,no,no
https://funnytools.win/tools/url-encoder/,tool,zh-TW,UNKNOWN (no current URL-level Coverage sample),yes,sitemap-tools.xml,24,high,high,83,MERGE,https://funnytools.win/tools/base64/,review,quality/link/similarity risk requires review,no,yes
https://funnytools.win/tools/uuid-generator/,tool,zh-TW,UNKNOWN (no current URL-level Coverage sample),yes,sitemap-tools.xml,15,medium,low/unknown,85,KEEP,,medium,distinct current route with passing technical checks,no,no
https://funnytools.win/tools/webp-to-jpg/,tool,zh-TW,UNKNOWN (no current URL-level Coverage sample),yes,sitemap-tools.xml,14,high,high,81,MERGE,https://funnytools.win/tools/jpg-to-webp/,review,quality/link/similarity risk requires review,no,yes
https://funnytools.win/tools/weighted-average-calculator/,tool,zh-TW,UNKNOWN (no current URL-level Coverage sample),yes,sitemap-tools.xml,29,high,high,82,MERGE,https://funnytools.win/tools/teacher-exam-score-converter/,review,quality/link/similarity risk requires review,no,yes
https://funnytools.win/tools/what-to-eat/,tool,zh-TW,UNKNOWN (no current URL-level Coverage sample),yes,sitemap-tools.xml,15,medium,low/unknown,84,KEEP,,medium,distinct current route with passing technical checks,no,no
https://funnytools.win/tools/word-counter/,tool,zh-TW,Not indexed,yes,sitemap-tools.xml,34,high,high,83,MERGE,https://funnytools.win/tools/character-counter/,review,quality/link/similarity risk requires review,no,yes
https://funnytools.win/tools/z-score-calculator/,tool,zh-TW,UNKNOWN (no current URL-level Coverage sample),yes,sitemap-tools.xml,25,high,high,82,MERGE,https://funnytools.win/tools/standard-deviation/,review,quality/link/similarity risk requires review,no,yes
https://funnytools.win/workflows/creator-social-toolkit/,workflow,zh-TW,UNKNOWN (no current URL-level Coverage sample),yes,sitemap-workflows.xml,24,high,low/unknown,68,IMPROVE,,review,quality/link/similarity risk requires review,no,yes
https://funnytools.win/workflows/daily-decision-toolkit/,workflow,zh-TW,UNKNOWN (no current URL-level Coverage sample),yes,sitemap-workflows.xml,14,medium,low/unknown,69,KEEP,,medium,distinct current route with passing technical checks,no,no
https://funnytools.win/workflows/grade-gpa-check-toolkit/,workflow,zh-TW,UNKNOWN (no current URL-level Coverage sample),yes,sitemap-workflows.xml,11,medium,low/unknown,69,KEEP,,medium,distinct current route with passing technical checks,no,no
https://funnytools.win/workflows/graduate-statistics-report-toolkit/,workflow,zh-TW,UNKNOWN (no current URL-level Coverage sample),yes,sitemap-workflows.xml,18,high,low/unknown,71,IMPROVE,,review,quality/link/similarity risk requires review,no,yes
https://funnytools.win/workflows/,hub,zh-TW,UNKNOWN (no current URL-level Coverage sample),yes,sitemap-workflows.xml,312,medium,low/unknown,48,IMPROVE,,review,quality/link/similarity risk requires review,no,yes
https://funnytools.win/workflows/office-document-toolkit/,workflow,zh-TW,UNKNOWN (no current URL-level Coverage sample),yes,sitemap-workflows.xml,42,high,low/unknown,68,IMPROVE,,review,quality/link/similarity risk requires review,no,yes
https://funnytools.win/workflows/qr-barcode-publishing-toolkit/,workflow,zh-TW,UNKNOWN (no current URL-level Coverage sample),yes,sitemap-workflows.xml,15,medium,low/unknown,70,KEEP,,medium,distinct current route with passing technical checks,no,no
https://funnytools.win/workflows/student-report-toolkit/,workflow,zh-TW,UNKNOWN (no current URL-level Coverage sample),yes,sitemap-workflows.xml,19,high,low/unknown,68,IMPROVE,,review,quality/link/similarity risk requires review,no,yes
https://funnytools.win/workflows/teacher-classroom-random-toolkit/,workflow,zh-TW,UNKNOWN (no current URL-level Coverage sample),yes,sitemap-workflows.xml,32,high,low/unknown,69,IMPROVE,,review,quality/link/similarity risk requires review,no,yes
https://funnytools.win/workflows/teacher-exam-score-toolkit/,workflow,zh-TW,UNKNOWN (no current URL-level Coverage sample),yes,sitemap-workflows.xml,19,high,low/unknown,73,IMPROVE,,review,quality/link/similarity risk requires review,no,yes
https://funnytools.win/workflows/text-cleanup-publishing-toolkit/,workflow,zh-TW,UNKNOWN (no current URL-level Coverage sample),yes,sitemap-workflows.xml,12,medium,low/unknown,72,KEEP,,medium,distinct current route with passing technical checks,no,no
https://funnytools.win/workflows/verify-tool-result/,workflow,zh-TW,UNKNOWN (no current URL-level Coverage sample),yes,sitemap-workflows.xml,6,low,low/unknown,68,KEEP,,medium,distinct current route with passing technical checks,no,no
https://funnytools.win/zh/about/,redirect,zh-TW,UNKNOWN (no current URL-level Coverage sample),no,not in sitemap,0,not applicable,low/unknown,,RETIRE,,review,intentional excluded route; preserve current policy,no,no
https://funnytools.win/zh/about-tools/,redirect,zh-TW,UNKNOWN (no current URL-level Coverage sample),no,not in sitemap,0,not applicable,low/unknown,,RETIRE,,review,intentional excluded route; preserve current policy,no,no
https://funnytools.win/zh/category/draw/,redirect,zh-TW,UNKNOWN (no current URL-level Coverage sample),no,not in sitemap,0,not applicable,low/unknown,,RETIRE,,review,intentional excluded route; preserve current policy,no,no
https://funnytools.win/zh/category/image/,redirect,zh-TW,UNKNOWN (no current URL-level Coverage sample),no,not in sitemap,0,not applicable,low/unknown,,RETIRE,,review,intentional excluded route; preserve current policy,no,no
https://funnytools.win/zh/category/money/,redirect,zh-TW,UNKNOWN (no current URL-level Coverage sample),no,not in sitemap,0,not applicable,low/unknown,,RETIRE,,review,intentional excluded route; preserve current policy,no,no
https://funnytools.win/zh/category/pdf/,redirect,zh-TW,UNKNOWN (no current URL-level Coverage sample),no,not in sitemap,0,not applicable,low/unknown,,RETIRE,,review,intentional excluded route; preserve current policy,no,no
https://funnytools.win/zh/category/random/,redirect,zh-TW,UNKNOWN (no current URL-level Coverage sample),no,not in sitemap,0,not applicable,low/unknown,,RETIRE,,review,intentional excluded route; preserve current policy,no,no
https://funnytools.win/zh/category/statistics/,redirect,zh-TW,UNKNOWN (no current URL-level Coverage sample),no,not in sitemap,0,not applicable,low/unknown,,RETIRE,,review,intentional excluded route; preserve current policy,no,no
https://funnytools.win/zh/category/study/,redirect,zh-TW,UNKNOWN (no current URL-level Coverage sample),no,not in sitemap,0,not applicable,low/unknown,,RETIRE,,review,intentional excluded route; preserve current policy,no,no
https://funnytools.win/zh/category/text/,redirect,zh-TW,UNKNOWN (no current URL-level Coverage sample),no,not in sitemap,0,not applicable,low/unknown,,RETIRE,,review,intentional excluded route; preserve current policy,no,no
https://funnytools.win/zh/category/time/,redirect,zh-TW,UNKNOWN (no current URL-level Coverage sample),no,not in sitemap,0,not applicable,low/unknown,,RETIRE,,review,intentional excluded route; preserve current policy,no,no
https://funnytools.win/zh/contact/,redirect,zh-TW,UNKNOWN (no current URL-level Coverage sample),no,not in sitemap,0,not applicable,low/unknown,,RETIRE,,review,intentional excluded route; preserve current policy,no,no
https://funnytools.win/zh/disclaimer/,redirect,zh-TW,UNKNOWN (no current URL-level Coverage sample),no,not in sitemap,0,not applicable,low/unknown,,RETIRE,,review,intentional excluded route; preserve current policy,no,no
https://funnytools.win/zh/embed/age-calculator/,redirect,zh-TW,UNKNOWN (no current URL-level Coverage sample),no,not in sitemap,0,not applicable,low/unknown,,RETIRE,,review,intentional excluded route; preserve current policy,no,no
https://funnytools.win/zh/embed/apa-7-report-generator/,redirect,zh-TW,UNKNOWN (no current URL-level Coverage sample),no,not in sitemap,0,not applicable,low/unknown,,RETIRE,,review,intentional excluded route; preserve current policy,no,no
https://funnytools.win/zh/embed/bar-chart-maker/,redirect,zh-TW,UNKNOWN (no current URL-level Coverage sample),no,not in sitemap,0,not applicable,low/unknown,,RETIRE,,review,intentional excluded route; preserve current policy,no,no
https://funnytools.win/zh/embed/barcode-generator/,redirect,zh-TW,UNKNOWN (no current URL-level Coverage sample),no,not in sitemap,0,not applicable,low/unknown,,RETIRE,,review,intentional excluded route; preserve current policy,no,no
https://funnytools.win/zh/embed/break-reminder/,redirect,zh-TW,UNKNOWN (no current URL-level Coverage sample),no,not in sitemap,0,not applicable,low/unknown,,RETIRE,,review,intentional excluded route; preserve current policy,no,no
https://funnytools.win/zh/embed/business-days/,redirect,zh-TW,UNKNOWN (no current URL-level Coverage sample),no,not in sitemap,0,not applicable,low/unknown,,RETIRE,,review,intentional excluded route; preserve current policy,no,no
https://funnytools.win/zh/embed/cad-2d/,redirect,zh-TW,UNKNOWN (no current URL-level Coverage sample),no,not in sitemap,0,not applicable,low/unknown,,RETIRE,,review,intentional excluded route; preserve current policy,no,no
https://funnytools.win/zh/embed/character-counter/,redirect,zh-TW,UNKNOWN (no current URL-level Coverage sample),no,not in sitemap,0,not applicable,low/unknown,,RETIRE,,review,intentional excluded route; preserve current policy,no,no
https://funnytools.win/zh/embed/class-rank-percentile-calculator/,redirect,zh-TW,UNKNOWN (no current URL-level Coverage sample),no,not in sitemap,0,not applicable,low/unknown,,RETIRE,,review,intentional excluded route; preserve current policy,no,no
https://funnytools.win/zh/embed/color-generator/,redirect,zh-TW,UNKNOWN (no current URL-level Coverage sample),no,not in sitemap,0,not applicable,low/unknown,,RETIRE,,review,intentional excluded route; preserve current policy,no,no
https://funnytools.win/zh/embed/compound-interest/,redirect,zh-TW,UNKNOWN (no current URL-level Coverage sample),no,not in sitemap,0,not applicable,low/unknown,,RETIRE,,review,intentional excluded route; preserve current policy,no,no
https://funnytools.win/zh/embed/countdown-timer/,redirect,zh-TW,UNKNOWN (no current URL-level Coverage sample),no,not in sitemap,0,not applicable,low/unknown,,RETIRE,,review,intentional excluded route; preserve current policy,no,no
https://funnytools.win/zh/embed/date-difference/,redirect,zh-TW,UNKNOWN (no current URL-level Coverage sample),no,not in sitemap,0,not applicable,low/unknown,,RETIRE,,review,intentional excluded route; preserve current policy,no,no
https://funnytools.win/zh/embed/dice-roller/,redirect,zh-TW,UNKNOWN (no current URL-level Coverage sample),no,not in sitemap,0,not applicable,low/unknown,,RETIRE,,review,intentional excluded route; preserve current policy,no,no
https://funnytools.win/zh/embed/flowchart/,redirect,zh-TW,UNKNOWN (no current URL-level Coverage sample),no,not in sitemap,0,not applicable,low/unknown,,RETIRE,,review,intentional excluded route; preserve current policy,no,no
https://funnytools.win/zh/embed/gpa-calculator/,redirect,zh-TW,UNKNOWN (no current URL-level Coverage sample),no,not in sitemap,0,not applicable,low/unknown,,RETIRE,,review,intentional excluded route; preserve current policy,no,no
https://funnytools.win/zh/embed/grade-average/,redirect,zh-TW,UNKNOWN (no current URL-level Coverage sample),no,not in sitemap,0,not applicable,low/unknown,,RETIRE,,review,intentional excluded route; preserve current policy,no,no
https://funnytools.win/zh/embed/group-generator/,redirect,zh-TW,UNKNOWN (no current URL-level Coverage sample),no,not in sitemap,0,not applicable,low/unknown,,RETIRE,,review,intentional excluded route; preserve current policy,no,no
https://funnytools.win/zh/embed/image-compressor/,redirect,zh-TW,UNKNOWN (no current URL-level Coverage sample),no,not in sitemap,0,not applicable,low/unknown,,RETIRE,,review,intentional excluded route; preserve current policy,no,no
https://funnytools.win/zh/embed/image-crop/,redirect,zh-TW,UNKNOWN (no current URL-level Coverage sample),no,not in sitemap,0,not applicable,low/unknown,,RETIRE,,review,intentional excluded route; preserve current policy,no,no
https://funnytools.win/zh/embed/image-resizer/,redirect,zh-TW,UNKNOWN (no current URL-level Coverage sample),no,not in sitemap,0,not applicable,low/unknown,,RETIRE,,review,intentional excluded route; preserve current policy,no,no
https://funnytools.win/zh/embed/image-rotate-flip/,redirect,zh-TW,UNKNOWN (no current URL-level Coverage sample),no,not in sitemap,0,not applicable,low/unknown,,RETIRE,,review,intentional excluded route; preserve current policy,no,no
https://funnytools.win/zh/embed/inflation/,redirect,zh-TW,UNKNOWN (no current URL-level Coverage sample),no,not in sitemap,0,not applicable,low/unknown,,RETIRE,,review,intentional excluded route; preserve current policy,no,no
https://funnytools.win/zh/embed/jpg-to-png/,redirect,zh-TW,UNKNOWN (no current URL-level Coverage sample),no,not in sitemap,0,not applicable,low/unknown,,RETIRE,,review,intentional excluded route; preserve current policy,no,no
https://funnytools.win/zh/embed/jpg-to-webp/,redirect,zh-TW,UNKNOWN (no current URL-level Coverage sample),no,not in sitemap,0,not applicable,low/unknown,,RETIRE,,review,intentional excluded route; preserve current policy,no,no
https://funnytools.win/zh/embed/markdown-previewer/,redirect,zh-TW,UNKNOWN (no current URL-level Coverage sample),no,not in sitemap,0,not applicable,low/unknown,,RETIRE,,review,intentional excluded route; preserve current policy,no,no
https://funnytools.win/zh/embed/mortgage-payment/,redirect,zh-TW,UNKNOWN (no current URL-level Coverage sample),no,not in sitemap,0,not applicable,low/unknown,,RETIRE,,review,intentional excluded route; preserve current policy,no,no
https://funnytools.win/zh/embed/net-salary/,redirect,zh-TW,UNKNOWN (no current URL-level Coverage sample),no,not in sitemap,0,not applicable,low/unknown,,RETIRE,,review,intentional excluded route; preserve current policy,no,no
https://funnytools.win/zh/embed/normalized-score-converter/,redirect,zh-TW,UNKNOWN (no current URL-level Coverage sample),no,not in sitemap,0,not applicable,low/unknown,,RETIRE,,review,intentional excluded route; preserve current policy,no,no
https://funnytools.win/zh/embed/overtime-pay/,redirect,zh-TW,UNKNOWN (no current URL-level Coverage sample),no,not in sitemap,0,not applicable,low/unknown,,RETIRE,,review,intentional excluded route; preserve current policy,no,no
https://funnytools.win/zh/embed/password-generator/,redirect,zh-TW,UNKNOWN (no current URL-level Coverage sample),no,not in sitemap,0,not applicable,low/unknown,,RETIRE,,review,intentional excluded route; preserve current policy,no,no
https://funnytools.win/zh/embed/percentage-calculator/,redirect,zh-TW,UNKNOWN (no current URL-level Coverage sample),no,not in sitemap,0,not applicable,low/unknown,,RETIRE,,review,intentional excluded route; preserve current policy,no,no
https://funnytools.win/zh/embed/percentile-rank-calculator/,redirect,zh-TW,UNKNOWN (no current URL-level Coverage sample),no,not in sitemap,0,not applicable,low/unknown,,RETIRE,,review,intentional excluded route; preserve current policy,no,no
https://funnytools.win/zh/embed/pie-chart-maker/,redirect,zh-TW,UNKNOWN (no current URL-level Coverage sample),no,not in sitemap,0,not applicable,low/unknown,,RETIRE,,review,intentional excluded route; preserve current policy,no,no
https://funnytools.win/zh/embed/png-to-jpg/,redirect,zh-TW,UNKNOWN (no current URL-level Coverage sample),no,not in sitemap,0,not applicable,low/unknown,,RETIRE,,review,intentional excluded route; preserve current policy,no,no
https://funnytools.win/zh/embed/pomodoro-timer/,redirect,zh-TW,UNKNOWN (no current URL-level Coverage sample),no,not in sitemap,0,not applicable,low/unknown,,RETIRE,,review,intentional excluded route; preserve current policy,no,no
https://funnytools.win/zh/embed/qr-code-generator/,redirect,zh-TW,UNKNOWN (no current URL-level Coverage sample),no,not in sitemap,0,not applicable,low/unknown,,RETIRE,,review,intentional excluded route; preserve current policy,no,no
https://funnytools.win/zh/embed/random-group-generator/,redirect,zh-TW,UNKNOWN (no current URL-level Coverage sample),no,not in sitemap,0,not applicable,low/unknown,,RETIRE,,review,intentional excluded route; preserve current policy,no,no
https://funnytools.win/zh/embed/random-name-picker/,redirect,zh-TW,UNKNOWN (no current URL-level Coverage sample),no,not in sitemap,0,not applicable,low/unknown,,RETIRE,,review,intentional excluded route; preserve current policy,no,no
https://funnytools.win/zh/embed/random-number-picker/,redirect,zh-TW,UNKNOWN (no current URL-level Coverage sample),no,not in sitemap,0,not applicable,low/unknown,,RETIRE,,review,intentional excluded route; preserve current policy,no,no
https://funnytools.win/zh/embed/random-student-picker/,redirect,zh-TW,UNKNOWN (no current URL-level Coverage sample),no,not in sitemap,0,not applicable,low/unknown,,RETIRE,,review,intentional excluded route; preserve current policy,no,no
https://funnytools.win/zh/embed/random-wheel/,redirect,zh-TW,UNKNOWN (no current URL-level Coverage sample),no,not in sitemap,0,not applicable,low/unknown,,RETIRE,,review,intentional excluded route; preserve current policy,no,no
https://funnytools.win/zh/embed/remove-duplicate-lines/,redirect,zh-TW,UNKNOWN (no current URL-level Coverage sample),no,not in sitemap,0,not applicable,low/unknown,,RETIRE,,review,intentional excluded route; preserve current policy,no,no
https://funnytools.win/zh/embed/remove-empty-lines/,redirect,zh-TW,UNKNOWN (no current URL-level Coverage sample),no,not in sitemap,0,not applicable,low/unknown,,RETIRE,,review,intentional excluded route; preserve current policy,no,no
https://funnytools.win/zh/embed/savings-goal/,redirect,zh-TW,UNKNOWN (no current URL-level Coverage sample),no,not in sitemap,0,not applicable,low/unknown,,RETIRE,,review,intentional excluded route; preserve current policy,no,no
https://funnytools.win/zh/embed/seating-chart/,redirect,zh-TW,UNKNOWN (no current URL-level Coverage sample),no,not in sitemap,0,not applicable,low/unknown,,RETIRE,,review,intentional excluded route; preserve current policy,no,no
https://funnytools.win/zh/embed/sketchpad/,redirect,zh-TW,UNKNOWN (no current URL-level Coverage sample),no,not in sitemap,0,not applicable,low/unknown,,RETIRE,,review,intentional excluded route; preserve current policy,no,no
https://funnytools.win/zh/embed/sort-lines/,redirect,zh-TW,UNKNOWN (no current URL-level Coverage sample),no,not in sitemap,0,not applicable,low/unknown,,RETIRE,,review,intentional excluded route; preserve current policy,no,no
https://funnytools.win/zh/embed/spss-result-interpreter/,redirect,zh-TW,UNKNOWN (no current URL-level Coverage sample),no,not in sitemap,0,not applicable,low/unknown,,RETIRE,,review,intentional excluded route; preserve current policy,no,no
https://funnytools.win/zh/embed/standard-deviation/,redirect,zh-TW,UNKNOWN (no current URL-level Coverage sample),no,not in sitemap,0,not applicable,low/unknown,,RETIRE,,review,intentional excluded route; preserve current policy,no,no
https://funnytools.win/zh/embed/stopwatch/,redirect,zh-TW,UNKNOWN (no current URL-level Coverage sample),no,not in sitemap,0,not applicable,low/unknown,,RETIRE,,review,intentional excluded route; preserve current policy,no,no
https://funnytools.win/zh/embed/t-score-calculator/,redirect,zh-TW,UNKNOWN (no current URL-level Coverage sample),no,not in sitemap,0,not applicable,low/unknown,,RETIRE,,review,intentional excluded route; preserve current policy,no,no
https://funnytools.win/zh/embed/teacher-exam-score-converter/,redirect,zh-TW,UNKNOWN (no current URL-level Coverage sample),no,not in sitemap,0,not applicable,low/unknown,,RETIRE,,review,intentional excluded route; preserve current policy,no,no
https://funnytools.win/zh/embed/this-or-that/,redirect,zh-TW,UNKNOWN (no current URL-level Coverage sample),no,not in sitemap,0,not applicable,low/unknown,,RETIRE,,review,intentional excluded route; preserve current policy,no,no
https://funnytools.win/zh/embed/timestamp-converter/,redirect,zh-TW,UNKNOWN (no current URL-level Coverage sample),no,not in sitemap,0,not applicable,low/unknown,,RETIRE,,review,intentional excluded route; preserve current policy,no,no
https://funnytools.win/zh/embed/uuid-generator/,redirect,zh-TW,UNKNOWN (no current URL-level Coverage sample),no,not in sitemap,0,not applicable,low/unknown,,RETIRE,,review,intentional excluded route; preserve current policy,no,no
https://funnytools.win/zh/embed/webp-to-jpg/,redirect,zh-TW,UNKNOWN (no current URL-level Coverage sample),no,not in sitemap,0,not applicable,low/unknown,,RETIRE,,review,intentional excluded route; preserve current policy,no,no
https://funnytools.win/zh/embed/weighted-average-calculator/,redirect,zh-TW,UNKNOWN (no current URL-level Coverage sample),no,not in sitemap,0,not applicable,low/unknown,,RETIRE,,review,intentional excluded route; preserve current policy,no,no
https://funnytools.win/zh/embed/what-to-eat/,redirect,zh-TW,UNKNOWN (no current URL-level Coverage sample),no,not in sitemap,0,not applicable,low/unknown,,RETIRE,,review,intentional excluded route; preserve current policy,no,no
https://funnytools.win/zh/embed/word-counter/,redirect,zh-TW,UNKNOWN (no current URL-level Coverage sample),no,not in sitemap,0,not applicable,low/unknown,,RETIRE,,review,intentional excluded route; preserve current policy,no,no
https://funnytools.win/zh/embed/z-score-calculator/,redirect,zh-TW,UNKNOWN (no current URL-level Coverage sample),no,not in sitemap,0,not applicable,low/unknown,,RETIRE,,review,intentional excluded route; preserve current policy,no,no
https://funnytools.win/zh/,redirect,zh-TW,UNKNOWN (no current URL-level Coverage sample),no,not in sitemap,0,not applicable,low/unknown,,RETIRE,,review,intentional excluded route; preserve current policy,no,no
https://funnytools.win/zh/privacy/,redirect,zh-TW,UNKNOWN (no current URL-level Coverage sample),no,not in sitemap,0,not applicable,low/unknown,,RETIRE,,review,intentional excluded route; preserve current policy,no,no
https://funnytools.win/zh/terms/,redirect,zh-TW,UNKNOWN (no current URL-level Coverage sample),no,not in sitemap,0,not applicable,low/unknown,,RETIRE,,review,intentional excluded route; preserve current policy,no,no
https://funnytools.win/zh/tools/age-calculator/,redirect,zh-TW,UNKNOWN (no current URL-level Coverage sample),no,not in sitemap,0,not applicable,low/unknown,,RETIRE,,review,intentional excluded route; preserve current policy,no,no
https://funnytools.win/zh/tools/apa-7-report-generator/,redirect,zh-TW,UNKNOWN (no current URL-level Coverage sample),no,not in sitemap,0,not applicable,low/unknown,,RETIRE,,review,intentional excluded route; preserve current policy,no,no
https://funnytools.win/zh/tools/bar-chart-maker/,redirect,zh-TW,UNKNOWN (no current URL-level Coverage sample),no,not in sitemap,0,not applicable,low/unknown,,RETIRE,,review,intentional excluded route; preserve current policy,no,no
https://funnytools.win/zh/tools/barcode-generator/,redirect,zh-TW,UNKNOWN (no current URL-level Coverage sample),no,not in sitemap,0,not applicable,low/unknown,,RETIRE,,review,intentional excluded route; preserve current policy,no,no
https://funnytools.win/zh/tools/base64/,redirect,zh-TW,UNKNOWN (no current URL-level Coverage sample),no,not in sitemap,0,not applicable,low/unknown,,RETIRE,,review,intentional excluded route; preserve current policy,no,no
https://funnytools.win/zh/tools/break-reminder/,redirect,zh-TW,UNKNOWN (no current URL-level Coverage sample),no,not in sitemap,0,not applicable,low/unknown,,RETIRE,,review,intentional excluded route; preserve current policy,no,no
https://funnytools.win/zh/tools/bulk-image-compressor/,redirect,zh-TW,UNKNOWN (no current URL-level Coverage sample),no,not in sitemap,0,not applicable,low/unknown,,RETIRE,,review,intentional excluded route; preserve current policy,no,no
https://funnytools.win/zh/tools/business-days/,redirect,zh-TW,UNKNOWN (no current URL-level Coverage sample),no,not in sitemap,0,not applicable,low/unknown,,RETIRE,,review,intentional excluded route; preserve current policy,no,no
https://funnytools.win/zh/tools/cad-2d/,redirect,zh-TW,UNKNOWN (no current URL-level Coverage sample),no,not in sitemap,0,not applicable,low/unknown,,RETIRE,,review,intentional excluded route; preserve current policy,no,no
https://funnytools.win/zh/tools/case-converter/,redirect,zh-TW,UNKNOWN (no current URL-level Coverage sample),no,not in sitemap,0,not applicable,low/unknown,,RETIRE,,review,intentional excluded route; preserve current policy,no,no
https://funnytools.win/zh/tools/character-counter/,redirect,zh-TW,UNKNOWN (no current URL-level Coverage sample),no,not in sitemap,0,not applicable,low/unknown,,RETIRE,,review,intentional excluded route; preserve current policy,no,no
https://funnytools.win/zh/tools/class-rank-percentile-calculator/,redirect,zh-TW,UNKNOWN (no current URL-level Coverage sample),no,not in sitemap,0,not applicable,low/unknown,,RETIRE,,review,intentional excluded route; preserve current policy,no,no
https://funnytools.win/zh/tools/color-generator/,redirect,zh-TW,UNKNOWN (no current URL-level Coverage sample),no,not in sitemap,0,not applicable,low/unknown,,RETIRE,,review,intentional excluded route; preserve current policy,no,no
https://funnytools.win/zh/tools/compound-interest/,redirect,zh-TW,UNKNOWN (no current URL-level Coverage sample),no,not in sitemap,0,not applicable,low/unknown,,RETIRE,,review,intentional excluded route; preserve current policy,no,no
https://funnytools.win/zh/tools/countdown-timer/,redirect,zh-TW,UNKNOWN (no current URL-level Coverage sample),no,not in sitemap,0,not applicable,low/unknown,,RETIRE,,review,intentional excluded route; preserve current policy,no,no
https://funnytools.win/zh/tools/cronbach-alpha-calculator/,redirect,zh-TW,UNKNOWN (no current URL-level Coverage sample),no,not in sitemap,0,not applicable,low/unknown,,RETIRE,,review,intentional excluded route; preserve current policy,no,no
https://funnytools.win/zh/tools/csv-to-json/,redirect,zh-TW,UNKNOWN (no current URL-level Coverage sample),no,not in sitemap,0,not applicable,low/unknown,,RETIRE,,review,intentional excluded route; preserve current policy,no,no
https://funnytools.win/zh/tools/date-difference/,redirect,zh-TW,UNKNOWN (no current URL-level Coverage sample),no,not in sitemap,0,not applicable,low/unknown,,RETIRE,,review,intentional excluded route; preserve current policy,no,no
https://funnytools.win/zh/tools/delete-pdf-pages/,redirect,zh-TW,UNKNOWN (no current URL-level Coverage sample),no,not in sitemap,0,not applicable,low/unknown,,RETIRE,,review,intentional excluded route; preserve current policy,no,no
https://funnytools.win/zh/tools/dice-roller/,redirect,zh-TW,UNKNOWN (no current URL-level Coverage sample),no,not in sitemap,0,not applicable,low/unknown,,RETIRE,,review,intentional excluded route; preserve current policy,no,no
https://funnytools.win/zh/tools/extract-pdf-pages/,redirect,zh-TW,UNKNOWN (no current URL-level Coverage sample),no,not in sitemap,0,not applicable,low/unknown,,RETIRE,,review,intentional excluded route; preserve current policy,no,no
https://funnytools.win/zh/tools/flowchart/,redirect,zh-TW,UNKNOWN (no current URL-level Coverage sample),no,not in sitemap,0,not applicable,low/unknown,,RETIRE,,review,intentional excluded route; preserve current policy,no,no
https://funnytools.win/zh/tools/gpa-calculator/,redirect,zh-TW,UNKNOWN (no current URL-level Coverage sample),no,not in sitemap,0,not applicable,low/unknown,,RETIRE,,review,intentional excluded route; preserve current policy,no,no
https://funnytools.win/zh/tools/grade-average/,redirect,zh-TW,UNKNOWN (no current URL-level Coverage sample),no,not in sitemap,0,not applicable,low/unknown,,RETIRE,,review,intentional excluded route; preserve current policy,no,no
https://funnytools.win/zh/tools/group-generator/,redirect,zh-TW,UNKNOWN (no current URL-level Coverage sample),no,not in sitemap,0,not applicable,low/unknown,,RETIRE,,review,intentional excluded route; preserve current policy,no,no
https://funnytools.win/zh/tools/image-compressor/,redirect,zh-TW,UNKNOWN (no current URL-level Coverage sample),no,not in sitemap,0,not applicable,low/unknown,,RETIRE,,review,intentional excluded route; preserve current policy,no,no
https://funnytools.win/zh/tools/image-crop/,redirect,zh-TW,UNKNOWN (no current URL-level Coverage sample),no,not in sitemap,0,not applicable,low/unknown,,RETIRE,,review,intentional excluded route; preserve current policy,no,no
https://funnytools.win/zh/tools/image-resizer/,redirect,zh-TW,UNKNOWN (no current URL-level Coverage sample),no,not in sitemap,0,not applicable,low/unknown,,RETIRE,,review,intentional excluded route; preserve current policy,no,no
https://funnytools.win/zh/tools/image-rotate-flip/,redirect,zh-TW,UNKNOWN (no current URL-level Coverage sample),no,not in sitemap,0,not applicable,low/unknown,,RETIRE,,review,intentional excluded route; preserve current policy,no,no
https://funnytools.win/zh/tools/image-to-base64/,redirect,zh-TW,UNKNOWN (no current URL-level Coverage sample),no,not in sitemap,0,not applicable,low/unknown,,RETIRE,,review,intentional excluded route; preserve current policy,no,no
https://funnytools.win/zh/tools/image-to-dxf/,redirect,zh-TW,UNKNOWN (no current URL-level Coverage sample),no,not in sitemap,0,not applicable,low/unknown,,RETIRE,,review,intentional excluded route; preserve current policy,no,no
https://funnytools.win/zh/tools/images-to-pdf/,redirect,zh-TW,UNKNOWN (no current URL-level Coverage sample),no,not in sitemap,0,not applicable,low/unknown,,RETIRE,,review,intentional excluded route; preserve current policy,no,no
https://funnytools.win/zh/tools/independent-samples-t-test-calculator/,redirect,zh-TW,UNKNOWN (no current URL-level Coverage sample),no,not in sitemap,0,not applicable,low/unknown,,RETIRE,,review,intentional excluded route; preserve current policy,no,no
https://funnytools.win/zh/tools/,redirect,zh-TW,UNKNOWN (no current URL-level Coverage sample),no,not in sitemap,0,not applicable,low/unknown,,RETIRE,,review,intentional excluded route; preserve current policy,no,no
https://funnytools.win/zh/tools/inflation/,redirect,zh-TW,UNKNOWN (no current URL-level Coverage sample),no,not in sitemap,0,not applicable,low/unknown,,RETIRE,,review,intentional excluded route; preserve current policy,no,no
https://funnytools.win/zh/tools/jpg-to-png/,redirect,zh-TW,UNKNOWN (no current URL-level Coverage sample),no,not in sitemap,0,not applicable,low/unknown,,RETIRE,,review,intentional excluded route; preserve current policy,no,no
https://funnytools.win/zh/tools/jpg-to-webp/,redirect,zh-TW,UNKNOWN (no current URL-level Coverage sample),no,not in sitemap,0,not applicable,low/unknown,,RETIRE,,review,intentional excluded route; preserve current policy,no,no
https://funnytools.win/zh/tools/json-formatter/,redirect,zh-TW,UNKNOWN (no current URL-level Coverage sample),no,not in sitemap,0,not applicable,low/unknown,,RETIRE,,review,intentional excluded route; preserve current policy,no,no
https://funnytools.win/zh/tools/json-to-csv/,redirect,zh-TW,UNKNOWN (no current URL-level Coverage sample),no,not in sitemap,0,not applicable,low/unknown,,RETIRE,,review,intentional excluded route; preserve current policy,no,no
https://funnytools.win/zh/tools/markdown-previewer/,redirect,zh-TW,UNKNOWN (no current URL-level Coverage sample),no,not in sitemap,0,not applicable,low/unknown,,RETIRE,,review,intentional excluded route; preserve current policy,no,no
https://funnytools.win/zh/tools/merge-pdf/,redirect,zh-TW,UNKNOWN (no current URL-level Coverage sample),no,not in sitemap,0,not applicable,low/unknown,,RETIRE,,review,intentional excluded route; preserve current policy,no,no
https://funnytools.win/zh/tools/mortgage-payment/,redirect,zh-TW,UNKNOWN (no current URL-level Coverage sample),no,not in sitemap,0,not applicable,low/unknown,,RETIRE,,review,intentional excluded route; preserve current policy,no,no
https://funnytools.win/zh/tools/net-salary/,redirect,zh-TW,UNKNOWN (no current URL-level Coverage sample),no,not in sitemap,0,not applicable,low/unknown,,RETIRE,,review,intentional excluded route; preserve current policy,no,no
https://funnytools.win/zh/tools/normalized-score-converter/,redirect,zh-TW,UNKNOWN (no current URL-level Coverage sample),no,not in sitemap,0,not applicable,low/unknown,,RETIRE,,review,intentional excluded route; preserve current policy,no,no
https://funnytools.win/zh/tools/overtime-pay/,redirect,zh-TW,UNKNOWN (no current URL-level Coverage sample),no,not in sitemap,0,not applicable,low/unknown,,RETIRE,,review,intentional excluded route; preserve current policy,no,no
https://funnytools.win/zh/tools/password-generator/,redirect,zh-TW,UNKNOWN (no current URL-level Coverage sample),no,not in sitemap,0,not applicable,low/unknown,,RETIRE,,review,intentional excluded route; preserve current policy,no,no
https://funnytools.win/zh/tools/pdf-compressor/,redirect,zh-TW,UNKNOWN (no current URL-level Coverage sample),no,not in sitemap,0,not applicable,low/unknown,,RETIRE,,review,intentional excluded route; preserve current policy,no,no
https://funnytools.win/zh/tools/pdf-page-reorder/,redirect,zh-TW,UNKNOWN (no current URL-level Coverage sample),no,not in sitemap,0,not applicable,low/unknown,,RETIRE,,review,intentional excluded route; preserve current policy,no,no
https://funnytools.win/zh/tools/pdf-table-to-excel/,redirect,zh-TW,UNKNOWN (no current URL-level Coverage sample),no,not in sitemap,0,not applicable,low/unknown,,RETIRE,,review,intentional excluded route; preserve current policy,no,no
https://funnytools.win/zh/tools/pdf-to-image/,redirect,zh-TW,UNKNOWN (no current URL-level Coverage sample),no,not in sitemap,0,not applicable,low/unknown,,RETIRE,,review,intentional excluded route; preserve current policy,no,no
https://funnytools.win/zh/tools/pdf-to-word/,redirect,zh-TW,UNKNOWN (no current URL-level Coverage sample),no,not in sitemap,0,not applicable,low/unknown,,RETIRE,,review,intentional excluded route; preserve current policy,no,no
https://funnytools.win/zh/tools/percentage-calculator/,redirect,zh-TW,UNKNOWN (no current URL-level Coverage sample),no,not in sitemap,0,not applicable,low/unknown,,RETIRE,,review,intentional excluded route; preserve current policy,no,no
https://funnytools.win/zh/tools/percentile-rank-calculator/,redirect,zh-TW,UNKNOWN (no current URL-level Coverage sample),no,not in sitemap,0,not applicable,low/unknown,,RETIRE,,review,intentional excluded route; preserve current policy,no,no
https://funnytools.win/zh/tools/pie-chart-maker/,redirect,zh-TW,UNKNOWN (no current URL-level Coverage sample),no,not in sitemap,0,not applicable,low/unknown,,RETIRE,,review,intentional excluded route; preserve current policy,no,no
https://funnytools.win/zh/tools/png-to-jpg/,redirect,zh-TW,UNKNOWN (no current URL-level Coverage sample),no,not in sitemap,0,not applicable,low/unknown,,RETIRE,,review,intentional excluded route; preserve current policy,no,no
https://funnytools.win/zh/tools/pomodoro-timer/,redirect,zh-TW,UNKNOWN (no current URL-level Coverage sample),no,not in sitemap,0,not applicable,low/unknown,,RETIRE,,review,intentional excluded route; preserve current policy,no,no
https://funnytools.win/zh/tools/qr-code-generator/,redirect,zh-TW,UNKNOWN (no current URL-level Coverage sample),no,not in sitemap,0,not applicable,low/unknown,,RETIRE,,review,intentional excluded route; preserve current policy,no,no
https://funnytools.win/zh/tools/random-group-generator/,redirect,zh-TW,UNKNOWN (no current URL-level Coverage sample),no,not in sitemap,0,not applicable,low/unknown,,RETIRE,,review,intentional excluded route; preserve current policy,no,no
https://funnytools.win/zh/tools/random-name-picker/,redirect,zh-TW,UNKNOWN (no current URL-level Coverage sample),no,not in sitemap,0,not applicable,low/unknown,,RETIRE,,review,intentional excluded route; preserve current policy,no,no
https://funnytools.win/zh/tools/random-number-picker/,redirect,zh-TW,UNKNOWN (no current URL-level Coverage sample),no,not in sitemap,0,not applicable,low/unknown,,RETIRE,,review,intentional excluded route; preserve current policy,no,no
https://funnytools.win/zh/tools/random-student-picker/,redirect,zh-TW,UNKNOWN (no current URL-level Coverage sample),no,not in sitemap,0,not applicable,low/unknown,,RETIRE,,review,intentional excluded route; preserve current policy,no,no
https://funnytools.win/zh/tools/random-wheel/,redirect,zh-TW,UNKNOWN (no current URL-level Coverage sample),no,not in sitemap,0,not applicable,low/unknown,,RETIRE,,review,intentional excluded route; preserve current policy,no,no
https://funnytools.win/zh/tools/remove-duplicate-lines/,redirect,zh-TW,UNKNOWN (no current URL-level Coverage sample),no,not in sitemap,0,not applicable,low/unknown,,RETIRE,,review,intentional excluded route; preserve current policy,no,no
https://funnytools.win/zh/tools/remove-empty-lines/,redirect,zh-TW,UNKNOWN (no current URL-level Coverage sample),no,not in sitemap,0,not applicable,low/unknown,,RETIRE,,review,intentional excluded route; preserve current policy,no,no
https://funnytools.win/zh/tools/rotate-pdf/,redirect,zh-TW,UNKNOWN (no current URL-level Coverage sample),no,not in sitemap,0,not applicable,low/unknown,,RETIRE,,review,intentional excluded route; preserve current policy,no,no
https://funnytools.win/zh/tools/savings-goal/,redirect,zh-TW,UNKNOWN (no current URL-level Coverage sample),no,not in sitemap,0,not applicable,low/unknown,,RETIRE,,review,intentional excluded route; preserve current policy,no,no
https://funnytools.win/zh/tools/seating-chart/,redirect,zh-TW,UNKNOWN (no current URL-level Coverage sample),no,not in sitemap,0,not applicable,low/unknown,,RETIRE,,review,intentional excluded route; preserve current policy,no,no
https://funnytools.win/zh/tools/sketchpad/,redirect,zh-TW,UNKNOWN (no current URL-level Coverage sample),no,not in sitemap,0,not applicable,low/unknown,,RETIRE,,review,intentional excluded route; preserve current policy,no,no
https://funnytools.win/zh/tools/sort-lines/,redirect,zh-TW,UNKNOWN (no current URL-level Coverage sample),no,not in sitemap,0,not applicable,low/unknown,,RETIRE,,review,intentional excluded route; preserve current policy,no,no
https://funnytools.win/zh/tools/split-pdf/,redirect,zh-TW,UNKNOWN (no current URL-level Coverage sample),no,not in sitemap,0,not applicable,low/unknown,,RETIRE,,review,intentional excluded route; preserve current policy,no,no
https://funnytools.win/zh/tools/spss-result-interpreter/,redirect,zh-TW,UNKNOWN (no current URL-level Coverage sample),no,not in sitemap,0,not applicable,low/unknown,,RETIRE,,review,intentional excluded route; preserve current policy,no,no
https://funnytools.win/zh/tools/standard-deviation/,redirect,zh-TW,UNKNOWN (no current URL-level Coverage sample),no,not in sitemap,0,not applicable,low/unknown,,RETIRE,,review,intentional excluded route; preserve current policy,no,no
https://funnytools.win/zh/tools/stopwatch/,redirect,zh-TW,UNKNOWN (no current URL-level Coverage sample),no,not in sitemap,0,not applicable,low/unknown,,RETIRE,,review,intentional excluded route; preserve current policy,no,no
https://funnytools.win/zh/tools/t-score-calculator/,redirect,zh-TW,UNKNOWN (no current URL-level Coverage sample),no,not in sitemap,0,not applicable,low/unknown,,RETIRE,,review,intentional excluded route; preserve current policy,no,no
https://funnytools.win/zh/tools/teacher-exam-score-converter/,redirect,zh-TW,UNKNOWN (no current URL-level Coverage sample),no,not in sitemap,0,not applicable,low/unknown,,RETIRE,,review,intentional excluded route; preserve current policy,no,no
https://funnytools.win/zh/tools/this-or-that/,redirect,zh-TW,UNKNOWN (no current URL-level Coverage sample),no,not in sitemap,0,not applicable,low/unknown,,RETIRE,,review,intentional excluded route; preserve current policy,no,no
https://funnytools.win/zh/tools/timestamp-converter/,redirect,zh-TW,UNKNOWN (no current URL-level Coverage sample),no,not in sitemap,0,not applicable,low/unknown,,RETIRE,,review,intentional excluded route; preserve current policy,no,no
https://funnytools.win/zh/tools/url-encoder/,redirect,zh-TW,UNKNOWN (no current URL-level Coverage sample),no,not in sitemap,0,not applicable,low/unknown,,RETIRE,,review,intentional excluded route; preserve current policy,no,no
https://funnytools.win/zh/tools/uuid-generator/,redirect,zh-TW,UNKNOWN (no current URL-level Coverage sample),no,not in sitemap,0,not applicable,low/unknown,,RETIRE,,review,intentional excluded route; preserve current policy,no,no
https://funnytools.win/zh/tools/webp-to-jpg/,redirect,zh-TW,UNKNOWN (no current URL-level Coverage sample),no,not in sitemap,0,not applicable,low/unknown,,RETIRE,,review,intentional excluded route; preserve current policy,no,no
https://funnytools.win/zh/tools/weighted-average-calculator/,redirect,zh-TW,UNKNOWN (no current URL-level Coverage sample),no,not in sitemap,0,not applicable,low/unknown,,RETIRE,,review,intentional excluded route; preserve current policy,no,no
https://funnytools.win/zh/tools/what-to-eat/,redirect,zh-TW,UNKNOWN (no current URL-level Coverage sample),no,not in sitemap,0,not applicable,low/unknown,,RETIRE,,review,intentional excluded route; preserve current policy,no,no
https://funnytools.win/zh/tools/word-counter/,redirect,zh-TW,UNKNOWN (no current URL-level Coverage sample),no,not in sitemap,0,not applicable,low/unknown,,RETIRE,,review,intentional excluded route; preserve current policy,no,no
https://funnytools.win/zh/tools/z-score-calculator/,redirect,zh-TW,UNKNOWN (no current URL-level Coverage sample),no,not in sitemap,0,not applicable,low/unknown,,RETIRE,,review,intentional excluded route; preserve current policy,no,no
