source_url,source_locale,target_url,target_locale,link_text,context,indexable,allowed,enforced,reason
"https://funnytools.win/en/guides/2d-cad-drawing-board-workflow-guide/","en","https://funnytools.win/affiliate-disclosure/","zh","Full disclosure (Traditional Chinese)","content","false","true","false","intent:disclosure-only-zh"
"https://funnytools.win/en/guides/a4-vs-us-letter-printing-guide/","en","https://funnytools.win/affiliate-disclosure/","zh","Full disclosure (Traditional Chinese)","content","false","true","false","intent:disclosure-only-zh"
"https://funnytools.win/en/guides/anova-apa-format-guide/","en","https://funnytools.win/affiliate-disclosure/","zh","Full disclosure (Traditional Chinese)","content","false","true","false","intent:disclosure-only-zh"
"https://funnytools.win/en/guides/bar-chart-school-report-guide/","en","https://funnytools.win/affiliate-disclosure/","zh","Full disclosure (Traditional Chinese)","content","false","true","false","intent:disclosure-only-zh"
"https://funnytools.win/en/guides/classroom-group-roles-rotation-guide/","en","https://funnytools.win/affiliate-disclosure/","zh","Full disclosure (Traditional Chinese)","content","false","true","false","intent:disclosure-only-zh"
"https://funnytools.win/en/guides/classroom-lottery-tool-guide/","en","https://funnytools.win/affiliate-disclosure/","zh","Full disclosure (Traditional Chinese)","content","false","true","false","intent:disclosure-only-zh"
"https://funnytools.win/en/guides/classroom-random-group-absent-student-repair-guide/","en","https://funnytools.win/affiliate-disclosure/","zh","Full disclosure (Traditional Chinese)","content","false","true","false","intent:disclosure-only-zh"
"https://funnytools.win/en/guides/classroom-random-group-guide/","en","https://funnytools.win/affiliate-disclosure/","zh","Full disclosure (Traditional Chinese)","content","false","true","false","intent:disclosure-only-zh"
"https://funnytools.win/en/guides/classroom-random-group-materials-handoff-guide/","en","https://funnytools.win/affiliate-disclosure/","zh","Full disclosure (Traditional Chinese)","content","false","true","false","intent:disclosure-only-zh"
"https://funnytools.win/en/guides/classroom-random-group-no-repeat-guide/","en","https://funnytools.win/affiliate-disclosure/","zh","Full disclosure (Traditional Chinese)","content","false","true","false","intent:disclosure-only-zh"
"https://funnytools.win/en/guides/classroom-random-group-seat-transition-guide/","en","https://funnytools.win/affiliate-disclosure/","zh","Full disclosure (Traditional Chinese)","content","false","true","false","intent:disclosure-only-zh"
"https://funnytools.win/en/guides/classroom-random-group-shareable-result-guide/","en","https://funnytools.win/affiliate-disclosure/","zh","Full disclosure (Traditional Chinese)","content","false","true","false","intent:disclosure-only-zh"
"https://funnytools.win/en/guides/classroom-random-group-size-balance-guide/","en","https://funnytools.win/affiliate-disclosure/","zh","Full disclosure (Traditional Chinese)","content","false","true","false","intent:disclosure-only-zh"
"https://funnytools.win/en/guides/classroom-random-picker-guide/","en","https://funnytools.win/affiliate-disclosure/","zh","Full disclosure (Traditional Chinese)","content","false","true","false","intent:disclosure-only-zh"
"https://funnytools.win/en/guides/classroom-timer-guide/","en","https://funnytools.win/affiliate-disclosure/","zh","Full disclosure (Traditional Chinese)","content","false","true","false","intent:disclosure-only-zh"
"https://funnytools.win/en/guides/csv-to-json-header-duplicate-column-guide/","en","https://funnytools.win/affiliate-disclosure/","zh","Full disclosure (Traditional Chinese)","content","false","true","false","intent:disclosure-only-zh"
"https://funnytools.win/en/guides/fair-student-grouping-guide/","en","https://funnytools.win/affiliate-disclosure/","zh","Full disclosure (Traditional Chinese)","content","false","true","false","intent:disclosure-only-zh"
"https://funnytools.win/en/guides/image-color-profile-web-print-guide/","en","https://funnytools.win/affiliate-disclosure/","zh","Full disclosure (Traditional Chinese)","content","false","true","false","intent:disclosure-only-zh"
"https://funnytools.win/en/guides/image-compression-email-guide/","en","https://funnytools.win/affiliate-disclosure/","zh","Full disclosure (Traditional Chinese)","content","false","true","false","intent:disclosure-only-zh"
"https://funnytools.win/en/guides/image-compression-quality-size-guide/","en","https://funnytools.win/affiliate-disclosure/","zh","Full disclosure (Traditional Chinese)","content","false","true","false","intent:disclosure-only-zh"
"https://funnytools.win/en/guides/image-compressor-metadata-privacy-guide/","en","https://funnytools.win/affiliate-disclosure/","zh","Full disclosure (Traditional Chinese)","content","false","true","false","intent:disclosure-only-zh"
"https://funnytools.win/en/guides/image-resampling-quality-guide/","en","https://funnytools.win/affiliate-disclosure/","zh","Full disclosure (Traditional Chinese)","content","false","true","false","intent:disclosure-only-zh"
"https://funnytools.win/en/guides/image-resize-aspect-ratio-guide/","en","https://funnytools.win/affiliate-disclosure/","zh","Full disclosure (Traditional Chinese)","content","false","true","false","intent:disclosure-only-zh"
"https://funnytools.win/en/guides/image-resolution-print-web-guide/","en","https://funnytools.win/affiliate-disclosure/","zh","Full disclosure (Traditional Chinese)","content","false","true","false","intent:disclosure-only-zh"
"https://funnytools.win/en/guides/json-formatter-trailing-comma-error-guide/","en","https://funnytools.win/affiliate-disclosure/","zh","Full disclosure (Traditional Chinese)","content","false","true","false","intent:disclosure-only-zh"
"https://funnytools.win/en/guides/merge-pdf-bookmarks-navigation-guide/","en","https://funnytools.win/affiliate-disclosure/","zh","Full disclosure (Traditional Chinese)","content","false","true","false","intent:disclosure-only-zh"
"https://funnytools.win/en/guides/merge-pdf-page-size-orientation-guide/","en","https://funnytools.win/affiliate-disclosure/","zh","Full disclosure (Traditional Chinese)","content","false","true","false","intent:disclosure-only-zh"
"https://funnytools.win/en/guides/merge-pdf-private-guide/","en","https://funnytools.win/affiliate-disclosure/","zh","Full disclosure (Traditional Chinese)","content","false","true","false","intent:disclosure-only-zh"
"https://funnytools.win/en/guides/merge-pdf-reading-order-checklist-guide/","en","https://funnytools.win/affiliate-disclosure/","zh","Full disclosure (Traditional Chinese)","content","false","true","false","intent:disclosure-only-zh"
"https://funnytools.win/en/guides/pdf-accessibility-reading-order-check-guide/","en","https://funnytools.win/affiliate-disclosure/","zh","Full disclosure (Traditional Chinese)","content","false","true","false","intent:disclosure-only-zh"
"https://funnytools.win/en/guides/pdf-compressor-email-attachment-guide/","en","https://funnytools.win/affiliate-disclosure/","zh","Full disclosure (Traditional Chinese)","content","false","true","false","intent:disclosure-only-zh"
"https://funnytools.win/en/guides/pdf-compressor-form-fields-links-guide/","en","https://funnytools.win/affiliate-disclosure/","zh","Full disclosure (Traditional Chinese)","content","false","true","false","intent:disclosure-only-zh"
"https://funnytools.win/en/guides/pdf-page-reorder-appendix-merge-check-guide/","en","https://funnytools.win/affiliate-disclosure/","zh","Full disclosure (Traditional Chinese)","content","false","true","false","intent:disclosure-only-zh"
"https://funnytools.win/en/guides/pdf-split-vs-extract-vs-delete/","en","https://funnytools.win/affiliate-disclosure/","zh","Full disclosure (Traditional Chinese)","content","false","true","false","intent:disclosure-only-zh"
"https://funnytools.win/en/guides/pdf-table-to-excel-header-check-guide/","en","https://funnytools.win/affiliate-disclosure/","zh","Full disclosure (Traditional Chinese)","content","false","true","false","intent:disclosure-only-zh"
"https://funnytools.win/en/guides/pdf-to-image-background-contrast-guide/","en","https://funnytools.win/affiliate-disclosure/","zh","Full disclosure (Traditional Chinese)","content","false","true","false","intent:disclosure-only-zh"
"https://funnytools.win/en/guides/pdf-to-image-multipage-download-guide/","en","https://funnytools.win/affiliate-disclosure/","zh","Full disclosure (Traditional Chinese)","content","false","true","false","intent:disclosure-only-zh"
"https://funnytools.win/en/guides/pdf-to-image-print-crop-marks-guide/","en","https://funnytools.win/affiliate-disclosure/","zh","Full disclosure (Traditional Chinese)","content","false","true","false","intent:disclosure-only-zh"
"https://funnytools.win/en/guides/pdf-to-image-raster-text-search-guide/","en","https://funnytools.win/affiliate-disclosure/","zh","Full disclosure (Traditional Chinese)","content","false","true","false","intent:disclosure-only-zh"
"https://funnytools.win/en/guides/pdf-to-image-resolution-guide/","en","https://funnytools.win/affiliate-disclosure/","zh","Full disclosure (Traditional Chinese)","content","false","true","false","intent:disclosure-only-zh"
"https://funnytools.win/en/guides/pdf-to-word-form-field-editing-guide/","en","https://funnytools.win/affiliate-disclosure/","zh","Full disclosure (Traditional Chinese)","content","false","true","false","intent:disclosure-only-zh"
"https://funnytools.win/en/guides/pdf-to-word-layout-fidelity-guide/","en","https://funnytools.win/affiliate-disclosure/","zh","Full disclosure (Traditional Chinese)","content","false","true","false","intent:disclosure-only-zh"
"https://funnytools.win/en/guides/pdf-to-word-ocr-language-check-guide/","en","https://funnytools.win/affiliate-disclosure/","zh","Full disclosure (Traditional Chinese)","content","false","true","false","intent:disclosure-only-zh"
"https://funnytools.win/en/guides/pdf-to-word-review-track-changes-guide/","en","https://funnytools.win/affiliate-disclosure/","zh","Full disclosure (Traditional Chinese)","content","false","true","false","intent:disclosure-only-zh"
"https://funnytools.win/en/guides/pdf-upload-failed-troubleshooting/","en","https://funnytools.win/affiliate-disclosure/","zh","Full disclosure (Traditional Chinese)","content","false","true","false","intent:disclosure-only-zh"
"https://funnytools.win/en/guides/percentage-grade-to-gpa-conversion-guide/","en","https://funnytools.win/affiliate-disclosure/","zh","Full disclosure (Traditional Chinese)","content","false","true","false","intent:disclosure-only-zh"
"https://funnytools.win/en/guides/percentage-shortcuts-guide/","en","https://funnytools.win/affiliate-disclosure/","zh","Full disclosure (Traditional Chinese)","content","false","true","false","intent:disclosure-only-zh"
"https://funnytools.win/en/guides/percentile-rank-guide/","en","https://funnytools.win/affiliate-disclosure/","zh","Full disclosure (Traditional Chinese)","content","false","true","false","intent:disclosure-only-zh"
"https://funnytools.win/en/guides/photos-to-pdf-phone-guide/","en","https://funnytools.win/affiliate-disclosure/","zh","Full disclosure (Traditional Chinese)","content","false","true","false","intent:disclosure-only-zh"
"https://funnytools.win/en/guides/qr-code-accessible-fallback-guide/","en","https://funnytools.win/affiliate-disclosure/","zh","Full disclosure (Traditional Chinese)","content","false","true","false","intent:disclosure-only-zh"
"https://funnytools.win/en/guides/qr-code-before-print-testing-guide/","en","https://funnytools.win/affiliate-disclosure/","zh","Full disclosure (Traditional Chinese)","content","false","true","false","intent:disclosure-only-zh"
"https://funnytools.win/en/guides/qr-code-classroom-guide/","en","https://funnytools.win/affiliate-disclosure/","zh","Full disclosure (Traditional Chinese)","content","false","true","false","intent:disclosure-only-zh"
"https://funnytools.win/en/guides/qr-code-destination-change-log-guide/","en","https://funnytools.win/affiliate-disclosure/","zh","Full disclosure (Traditional Chinese)","content","false","true","false","intent:disclosure-only-zh"
"https://funnytools.win/en/guides/qr-code-event-page-expiry-guide/","en","https://funnytools.win/affiliate-disclosure/","zh","Full disclosure (Traditional Chinese)","content","false","true","false","intent:disclosure-only-zh"
"https://funnytools.win/en/guides/qr-code-mobile-landing-page-guide/","en","https://funnytools.win/affiliate-disclosure/","zh","Full disclosure (Traditional Chinese)","content","false","true","false","intent:disclosure-only-zh"
"https://funnytools.win/en/guides/qr-code-multi-placement-consistency-guide/","en","https://funnytools.win/affiliate-disclosure/","zh","Full disclosure (Traditional Chinese)","content","false","true","false","intent:disclosure-only-zh"
"https://funnytools.win/en/guides/qr-code-multilingual-switch-testing-guide/","en","https://funnytools.win/affiliate-disclosure/","zh","Full disclosure (Traditional Chinese)","content","false","true","false","intent:disclosure-only-zh"
"https://funnytools.win/en/guides/qr-code-payload-length-guide/","en","https://funnytools.win/affiliate-disclosure/","zh","Full disclosure (Traditional Chinese)","content","false","true","false","intent:disclosure-only-zh"
"https://funnytools.win/en/guides/qr-code-scan-failure-field-troubleshooting-guide/","en","https://funnytools.win/affiliate-disclosure/","zh","Full disclosure (Traditional Chinese)","content","false","true","false","intent:disclosure-only-zh"
"https://funnytools.win/en/guides/qr-code-utm-campaign-link-guide/","en","https://funnytools.win/affiliate-disclosure/","zh","Full disclosure (Traditional Chinese)","content","false","true","false","intent:disclosure-only-zh"
"https://funnytools.win/en/guides/seating-chart-changeover-routine-guide/","en","https://funnytools.win/affiliate-disclosure/","zh","Full disclosure (Traditional Chinese)","content","false","true","false","intent:disclosure-only-zh"
"https://funnytools.win/en/guides/seating-chart-student-needs-intake-guide/","en","https://funnytools.win/affiliate-disclosure/","zh","Full disclosure (Traditional Chinese)","content","false","true","false","intent:disclosure-only-zh"
"https://funnytools.win/en/guides/split-pdf-output-naming-batch-delivery-guide/","en","https://funnytools.win/affiliate-disclosure/","zh","Full disclosure (Traditional Chinese)","content","false","true","false","intent:disclosure-only-zh"
"https://funnytools.win/en/guides/split-pdf-page-range-planning-guide/","en","https://funnytools.win/affiliate-disclosure/","zh","Full disclosure (Traditional Chinese)","content","false","true","false","intent:disclosure-only-zh"
"https://funnytools.win/en/guides/spss-levene-test-guide/","en","https://funnytools.win/affiliate-disclosure/","zh","Full disclosure (Traditional Chinese)","content","false","true","false","intent:disclosure-only-zh"
"https://funnytools.win/en/guides/t-score-calculator-guide/","en","https://funnytools.win/affiliate-disclosure/","zh","Full disclosure (Traditional Chinese)","content","false","true","false","intent:disclosure-only-zh"
"https://funnytools.win/en/guides/t-test-apa-format-guide/","en","https://funnytools.win/affiliate-disclosure/","zh","Full disclosure (Traditional Chinese)","content","false","true","false","intent:disclosure-only-zh"
"https://funnytools.win/en/guides/teacher-exam-weighted-score-guide/","en","https://funnytools.win/affiliate-disclosure/","zh","Full disclosure (Traditional Chinese)","content","false","true","false","intent:disclosure-only-zh"
"https://funnytools.win/en/guides/two-way-anova-interaction-guide/","en","https://funnytools.win/affiliate-disclosure/","zh","Full disclosure (Traditional Chinese)","content","false","true","false","intent:disclosure-only-zh"
"https://funnytools.win/en/guides/word-count-essay-limits-guide/","en","https://funnytools.win/affiliate-disclosure/","zh","Full disclosure (Traditional Chinese)","content","false","true","false","intent:disclosure-only-zh"
"https://funnytools.win/en/guides/z-score-calculator-guide/","en","https://funnytools.win/affiliate-disclosure/","zh","Full disclosure (Traditional Chinese)","content","false","true","false","intent:disclosure-only-zh"
"https://funnytools.win/en/tools/age-calculator/","en","https://funnytools.win/affiliate-disclosure/","zh","Full disclosure (Traditional Chinese)","content","false","true","false","intent:disclosure-only-zh"
"https://funnytools.win/en/tools/apa-7-report-generator/","en","https://funnytools.win/affiliate-disclosure/","zh","Full disclosure (Traditional Chinese)","content","false","true","false","intent:disclosure-only-zh"
"https://funnytools.win/en/tools/bar-chart-maker/","en","https://funnytools.win/affiliate-disclosure/","zh","Full disclosure (Traditional Chinese)","content","false","true","false","intent:disclosure-only-zh"
"https://funnytools.win/en/tools/barcode-generator/","en","https://funnytools.win/affiliate-disclosure/","zh","Full disclosure (Traditional Chinese)","content","false","true","false","intent:disclosure-only-zh"
"https://funnytools.win/en/tools/base64/","en","https://funnytools.win/affiliate-disclosure/","zh","Full disclosure (Traditional Chinese)","content","false","true","false","intent:disclosure-only-zh"
"https://funnytools.win/en/tools/break-reminder/","en","https://funnytools.win/affiliate-disclosure/","zh","Full disclosure (Traditional Chinese)","content","false","true","false","intent:disclosure-only-zh"
"https://funnytools.win/en/tools/bulk-image-compressor/","en","https://funnytools.win/affiliate-disclosure/","zh","Full disclosure (Traditional Chinese)","content","false","true","false","intent:disclosure-only-zh"
"https://funnytools.win/en/tools/business-days/","en","https://funnytools.win/affiliate-disclosure/","zh","Full disclosure (Traditional Chinese)","content","false","true","false","intent:disclosure-only-zh"
"https://funnytools.win/en/tools/cad-2d/","en","https://funnytools.win/affiliate-disclosure/","zh","Full disclosure (Traditional Chinese)","content","false","true","false","intent:disclosure-only-zh"
"https://funnytools.win/en/tools/case-converter/","en","https://funnytools.win/affiliate-disclosure/","zh","Full disclosure (Traditional Chinese)","content","false","true","false","intent:disclosure-only-zh"
"https://funnytools.win/en/tools/character-counter/","en","https://funnytools.win/affiliate-disclosure/","zh","Full disclosure (Traditional Chinese)","content","false","true","false","intent:disclosure-only-zh"
"https://funnytools.win/en/tools/class-rank-percentile-calculator/","en","https://funnytools.win/affiliate-disclosure/","zh","Full disclosure (Traditional Chinese)","content","false","true","false","intent:disclosure-only-zh"
"https://funnytools.win/en/tools/color-generator/","en","https://funnytools.win/affiliate-disclosure/","zh","Full disclosure (Traditional Chinese)","content","false","true","false","intent:disclosure-only-zh"
"https://funnytools.win/en/tools/compound-interest/","en","https://funnytools.win/affiliate-disclosure/","zh","Full disclosure (Traditional Chinese)","content","false","true","false","intent:disclosure-only-zh"
"https://funnytools.win/en/tools/countdown-timer/","en","https://funnytools.win/affiliate-disclosure/","zh","Full disclosure (Traditional Chinese)","content","false","true","false","intent:disclosure-only-zh"
"https://funnytools.win/en/tools/cronbach-alpha-calculator/","en","https://funnytools.win/affiliate-disclosure/","zh","Full disclosure (Traditional Chinese)","content","false","true","false","intent:disclosure-only-zh"
"https://funnytools.win/en/tools/csv-to-json/","en","https://funnytools.win/affiliate-disclosure/","zh","Full disclosure (Traditional Chinese)","content","false","true","false","intent:disclosure-only-zh"
"https://funnytools.win/en/tools/date-difference/","en","https://funnytools.win/affiliate-disclosure/","zh","Full disclosure (Traditional Chinese)","content","false","true","false","intent:disclosure-only-zh"
"https://funnytools.win/en/tools/delete-pdf-pages/","en","https://funnytools.win/affiliate-disclosure/","zh","Full disclosure (Traditional Chinese)","content","false","true","false","intent:disclosure-only-zh"
"https://funnytools.win/en/tools/dice-roller/","en","https://funnytools.win/affiliate-disclosure/","zh","Full disclosure (Traditional Chinese)","content","false","true","false","intent:disclosure-only-zh"
"https://funnytools.win/en/tools/extract-pdf-pages/","en","https://funnytools.win/affiliate-disclosure/","zh","Full disclosure (Traditional Chinese)","content","false","true","false","intent:disclosure-only-zh"
"https://funnytools.win/en/tools/flowchart/","en","https://funnytools.win/affiliate-disclosure/","zh","Full disclosure (Traditional Chinese)","content","false","true","false","intent:disclosure-only-zh"
"https://funnytools.win/en/tools/gpa-calculator/","en","https://funnytools.win/affiliate-disclosure/","zh","Full disclosure (Traditional Chinese)","content","false","true","false","intent:disclosure-only-zh"
"https://funnytools.win/en/tools/grade-average/","en","https://funnytools.win/affiliate-disclosure/","zh","Full disclosure (Traditional Chinese)","content","false","true","false","intent:disclosure-only-zh"
"https://funnytools.win/en/tools/group-generator/","en","https://funnytools.win/affiliate-disclosure/","zh","Full disclosure (Traditional Chinese)","content","false","true","false","intent:disclosure-only-zh"
"https://funnytools.win/en/tools/image-compressor/","en","https://funnytools.win/affiliate-disclosure/","zh","Full disclosure (Traditional Chinese)","content","false","true","false","intent:disclosure-only-zh"
"https://funnytools.win/en/tools/image-crop/","en","https://funnytools.win/affiliate-disclosure/","zh","Full disclosure (Traditional Chinese)","content","false","true","false","intent:disclosure-only-zh"
"https://funnytools.win/en/tools/image-resizer/","en","https://funnytools.win/affiliate-disclosure/","zh","Full disclosure (Traditional Chinese)","content","false","true","false","intent:disclosure-only-zh"
"https://funnytools.win/en/tools/image-rotate-flip/","en","https://funnytools.win/affiliate-disclosure/","zh","Full disclosure (Traditional Chinese)","content","false","true","false","intent:disclosure-only-zh"
"https://funnytools.win/en/tools/image-to-base64/","en","https://funnytools.win/affiliate-disclosure/","zh","Full disclosure (Traditional Chinese)","content","false","true","false","intent:disclosure-only-zh"
"https://funnytools.win/en/tools/image-to-dxf/","en","https://funnytools.win/affiliate-disclosure/","zh","Full disclosure (Traditional Chinese)","content","false","true","false","intent:disclosure-only-zh"
"https://funnytools.win/en/tools/images-to-pdf/","en","https://funnytools.win/affiliate-disclosure/","zh","Full disclosure (Traditional Chinese)","content","false","true","false","intent:disclosure-only-zh"
"https://funnytools.win/en/tools/independent-samples-t-test-calculator/","en","https://funnytools.win/affiliate-disclosure/","zh","Full disclosure (Traditional Chinese)","content","false","true","false","intent:disclosure-only-zh"
"https://funnytools.win/en/tools/inflation/","en","https://funnytools.win/affiliate-disclosure/","zh","Full disclosure (Traditional Chinese)","content","false","true","false","intent:disclosure-only-zh"
"https://funnytools.win/en/tools/jpg-to-png/","en","https://funnytools.win/affiliate-disclosure/","zh","Full disclosure (Traditional Chinese)","content","false","true","false","intent:disclosure-only-zh"
"https://funnytools.win/en/tools/jpg-to-webp/","en","https://funnytools.win/affiliate-disclosure/","zh","Full disclosure (Traditional Chinese)","content","false","true","false","intent:disclosure-only-zh"
"https://funnytools.win/en/tools/json-formatter/","en","https://funnytools.win/affiliate-disclosure/","zh","Full disclosure (Traditional Chinese)","content","false","true","false","intent:disclosure-only-zh"
"https://funnytools.win/en/tools/json-to-csv/","en","https://funnytools.win/affiliate-disclosure/","zh","Full disclosure (Traditional Chinese)","content","false","true","false","intent:disclosure-only-zh"
"https://funnytools.win/en/tools/markdown-previewer/","en","https://funnytools.win/affiliate-disclosure/","zh","Full disclosure (Traditional Chinese)","content","false","true","false","intent:disclosure-only-zh"
"https://funnytools.win/en/tools/merge-pdf/","en","https://funnytools.win/affiliate-disclosure/","zh","Full disclosure (Traditional Chinese)","content","false","true","false","intent:disclosure-only-zh"
"https://funnytools.win/en/tools/mortgage-payment/","en","https://funnytools.win/affiliate-disclosure/","zh","Full disclosure (Traditional Chinese)","content","false","true","false","intent:disclosure-only-zh"
"https://funnytools.win/en/tools/net-salary/","en","https://funnytools.win/affiliate-disclosure/","zh","Full disclosure (Traditional Chinese)","content","false","true","false","intent:disclosure-only-zh"
"https://funnytools.win/en/tools/normalized-score-converter/","en","https://funnytools.win/affiliate-disclosure/","zh","Full disclosure (Traditional Chinese)","content","false","true","false","intent:disclosure-only-zh"
"https://funnytools.win/en/tools/overtime-pay/","en","https://funnytools.win/affiliate-disclosure/","zh","Full disclosure (Traditional Chinese)","content","false","true","false","intent:disclosure-only-zh"
"https://funnytools.win/en/tools/password-generator/","en","https://funnytools.win/affiliate-disclosure/","zh","Full disclosure (Traditional Chinese)","content","false","true","false","intent:disclosure-only-zh"
"https://funnytools.win/en/tools/pdf-compressor/","en","https://funnytools.win/affiliate-disclosure/","zh","Full disclosure (Traditional Chinese)","content","false","true","false","intent:disclosure-only-zh"
"https://funnytools.win/en/tools/pdf-page-reorder/","en","https://funnytools.win/affiliate-disclosure/","zh","Full disclosure (Traditional Chinese)","content","false","true","false","intent:disclosure-only-zh"
"https://funnytools.win/en/tools/pdf-table-to-excel/","en","https://funnytools.win/affiliate-disclosure/","zh","Full disclosure (Traditional Chinese)","content","false","true","false","intent:disclosure-only-zh"
"https://funnytools.win/en/tools/pdf-to-image/","en","https://funnytools.win/affiliate-disclosure/","zh","Full disclosure (Traditional Chinese)","content","false","true","false","intent:disclosure-only-zh"
"https://funnytools.win/en/tools/pdf-to-word/","en","https://funnytools.win/affiliate-disclosure/","zh","Full disclosure (Traditional Chinese)","content","false","true","false","intent:disclosure-only-zh"
"https://funnytools.win/en/tools/percentage-calculator/","en","https://funnytools.win/affiliate-disclosure/","zh","Full disclosure (Traditional Chinese)","content","false","true","false","intent:disclosure-only-zh"
"https://funnytools.win/en/tools/percentile-rank-calculator/","en","https://funnytools.win/affiliate-disclosure/","zh","Full disclosure (Traditional Chinese)","content","false","true","false","intent:disclosure-only-zh"
"https://funnytools.win/en/tools/pie-chart-maker/","en","https://funnytools.win/affiliate-disclosure/","zh","Full disclosure (Traditional Chinese)","content","false","true","false","intent:disclosure-only-zh"
"https://funnytools.win/en/tools/png-to-jpg/","en","https://funnytools.win/affiliate-disclosure/","zh","Full disclosure (Traditional Chinese)","content","false","true","false","intent:disclosure-only-zh"
"https://funnytools.win/en/tools/pomodoro-timer/","en","https://funnytools.win/affiliate-disclosure/","zh","Full disclosure (Traditional Chinese)","content","false","true","false","intent:disclosure-only-zh"
"https://funnytools.win/en/tools/qr-code-generator/","en","https://funnytools.win/affiliate-disclosure/","zh","Full disclosure (Traditional Chinese)","content","false","true","false","intent:disclosure-only-zh"
"https://funnytools.win/en/tools/random-group-generator/","en","https://funnytools.win/affiliate-disclosure/","zh","Full disclosure (Traditional Chinese)","content","false","true","false","intent:disclosure-only-zh"
"https://funnytools.win/en/tools/random-name-picker/","en","https://funnytools.win/affiliate-disclosure/","zh","Full disclosure (Traditional Chinese)","content","false","true","false","intent:disclosure-only-zh"
"https://funnytools.win/en/tools/random-number-picker/","en","https://funnytools.win/affiliate-disclosure/","zh","Full disclosure (Traditional Chinese)","content","false","true","false","intent:disclosure-only-zh"
"https://funnytools.win/en/tools/random-student-picker/","en","https://funnytools.win/affiliate-disclosure/","zh","Full disclosure (Traditional Chinese)","content","false","true","false","intent:disclosure-only-zh"
"https://funnytools.win/en/tools/random-wheel/","en","https://funnytools.win/affiliate-disclosure/","zh","Full disclosure (Traditional Chinese)","content","false","true","false","intent:disclosure-only-zh"
"https://funnytools.win/en/tools/remove-duplicate-lines/","en","https://funnytools.win/affiliate-disclosure/","zh","Full disclosure (Traditional Chinese)","content","false","true","false","intent:disclosure-only-zh"
"https://funnytools.win/en/tools/remove-empty-lines/","en","https://funnytools.win/affiliate-disclosure/","zh","Full disclosure (Traditional Chinese)","content","false","true","false","intent:disclosure-only-zh"
"https://funnytools.win/en/tools/rotate-pdf/","en","https://funnytools.win/affiliate-disclosure/","zh","Full disclosure (Traditional Chinese)","content","false","true","false","intent:disclosure-only-zh"
"https://funnytools.win/en/tools/savings-goal/","en","https://funnytools.win/affiliate-disclosure/","zh","Full disclosure (Traditional Chinese)","content","false","true","false","intent:disclosure-only-zh"
"https://funnytools.win/en/tools/seating-chart/","en","https://funnytools.win/affiliate-disclosure/","zh","Full disclosure (Traditional Chinese)","content","false","true","false","intent:disclosure-only-zh"
"https://funnytools.win/en/tools/sketchpad/","en","https://funnytools.win/affiliate-disclosure/","zh","Full disclosure (Traditional Chinese)","content","false","true","false","intent:disclosure-only-zh"
"https://funnytools.win/en/tools/sort-lines/","en","https://funnytools.win/affiliate-disclosure/","zh","Full disclosure (Traditional Chinese)","content","false","true","false","intent:disclosure-only-zh"
"https://funnytools.win/en/tools/split-pdf/","en","https://funnytools.win/affiliate-disclosure/","zh","Full disclosure (Traditional Chinese)","content","false","true","false","intent:disclosure-only-zh"
"https://funnytools.win/en/tools/spss-result-interpreter/","en","https://funnytools.win/affiliate-disclosure/","zh","Full disclosure (Traditional Chinese)","content","false","true","false","intent:disclosure-only-zh"
"https://funnytools.win/en/tools/standard-deviation/","en","https://funnytools.win/affiliate-disclosure/","zh","Full disclosure (Traditional Chinese)","content","false","true","false","intent:disclosure-only-zh"
"https://funnytools.win/en/tools/stopwatch/","en","https://funnytools.win/affiliate-disclosure/","zh","Full disclosure (Traditional Chinese)","content","false","true","false","intent:disclosure-only-zh"
"https://funnytools.win/en/tools/t-score-calculator/","en","https://funnytools.win/affiliate-disclosure/","zh","Full disclosure (Traditional Chinese)","content","false","true","false","intent:disclosure-only-zh"
"https://funnytools.win/en/tools/teacher-exam-score-converter/","en","https://funnytools.win/affiliate-disclosure/","zh","Full disclosure (Traditional Chinese)","content","false","true","false","intent:disclosure-only-zh"
"https://funnytools.win/en/tools/this-or-that/","en","https://funnytools.win/affiliate-disclosure/","zh","Full disclosure (Traditional Chinese)","content","false","true","false","intent:disclosure-only-zh"
"https://funnytools.win/en/tools/timestamp-converter/","en","https://funnytools.win/affiliate-disclosure/","zh","Full disclosure (Traditional Chinese)","content","false","true","false","intent:disclosure-only-zh"
"https://funnytools.win/en/tools/url-encoder/","en","https://funnytools.win/affiliate-disclosure/","zh","Full disclosure (Traditional Chinese)","content","false","true","false","intent:disclosure-only-zh"
"https://funnytools.win/en/tools/uuid-generator/","en","https://funnytools.win/affiliate-disclosure/","zh","Full disclosure (Traditional Chinese)","content","false","true","false","intent:disclosure-only-zh"
"https://funnytools.win/en/tools/webp-to-jpg/","en","https://funnytools.win/affiliate-disclosure/","zh","Full disclosure (Traditional Chinese)","content","false","true","false","intent:disclosure-only-zh"
"https://funnytools.win/en/tools/weighted-average-calculator/","en","https://funnytools.win/affiliate-disclosure/","zh","Full disclosure (Traditional Chinese)","content","false","true","false","intent:disclosure-only-zh"
"https://funnytools.win/en/tools/what-to-eat/","en","https://funnytools.win/affiliate-disclosure/","zh","Full disclosure (Traditional Chinese)","content","false","true","false","intent:disclosure-only-zh"
"https://funnytools.win/en/tools/word-counter/","en","https://funnytools.win/affiliate-disclosure/","zh","Full disclosure (Traditional Chinese)","content","false","true","false","intent:disclosure-only-zh"
"https://funnytools.win/en/tools/z-score-calculator/","en","https://funnytools.win/affiliate-disclosure/","zh","Full disclosure (Traditional Chinese)","content","false","true","false","intent:disclosure-only-zh"
"https://funnytools.win/es/apoyar-funnytools/","es","https://funnytools.win/support/","zh","繁中","content","false","true","false","language-switch"
"https://funnytools.win/es/apoyar-funnytools/","es","https://funnytools.win/en/support/","en","English","content","false","true","false","language-switch"
"https://funnytools.win/es/apoyar-funnytools/","es","https://funnytools.win/support/","zh","繁中","nav","false","true","true","language-switch"
"https://funnytools.win/es/apoyar-funnytools/","es","https://funnytools.win/en/support/","en","English","nav","false","true","true","language-switch"
"https://funnytools.win/es/apoyar-funnytools/","es","https://funnytools.win/affiliate-disclosure/","zh","Información completa (en chino tradicional)","content","false","true","false","intent:disclosure-only-zh"
"https://funnytools.win/es/apoyar-funnytools/","es","https://funnytools.win/","zh","繁體中文","nav","false","true","true","language-switch"
"https://funnytools.win/es/apoyar-funnytools/","es","https://funnytools.win/en/","en","English","nav","false","true","true","language-switch"
"https://funnytools.win/es/apoyar-funnytools/","es","https://funnytools.win/fr/","fr","Français","nav","false","true","true","language-switch"
"https://funnytools.win/es/aviso-legal/","es","https://funnytools.win/disclaimer/","zh","繁中","content","false","true","false","language-switch"
"https://funnytools.win/es/aviso-legal/","es","https://funnytools.win/en/disclaimer/","en","English","content","false","true","false","language-switch"
"https://funnytools.win/es/aviso-legal/","es","https://funnytools.win/disclaimer/","zh","繁中","nav","false","true","true","language-switch"
"https://funnytools.win/es/aviso-legal/","es","https://funnytools.win/en/disclaimer/","en","English","nav","false","true","true","language-switch"
"https://funnytools.win/es/aviso-legal/","es","https://funnytools.win/affiliate-disclosure/","zh","Información completa (en chino tradicional)","content","false","true","false","intent:disclosure-only-zh"
"https://funnytools.win/es/aviso-legal/","es","https://funnytools.win/","zh","繁體中文","nav","false","true","true","language-switch"
"https://funnytools.win/es/aviso-legal/","es","https://funnytools.win/en/","en","English","nav","false","true","true","language-switch"
"https://funnytools.win/es/aviso-legal/","es","https://funnytools.win/fr/","fr","Français","nav","false","true","true","language-switch"
"https://funnytools.win/es/categorias/azar/","es","https://funnytools.win/category/random/","zh","繁中","content","false","true","false","language-switch"
"https://funnytools.win/es/categorias/azar/","es","https://funnytools.win/en/category/random/","en","English","content","false","true","false","language-switch"
"https://funnytools.win/es/categorias/azar/","es","https://funnytools.win/category/random/","zh","繁中","nav","false","true","true","language-switch"
"https://funnytools.win/es/categorias/azar/","es","https://funnytools.win/en/category/random/","en","English","nav","false","true","true","language-switch"
"https://funnytools.win/es/categorias/azar/","es","https://funnytools.win/affiliate-disclosure/","zh","Información completa (en chino tradicional)","content","false","true","false","intent:disclosure-only-zh"
"https://funnytools.win/es/categorias/azar/","es","https://funnytools.win/","zh","繁體中文","nav","false","true","true","language-switch"
"https://funnytools.win/es/categorias/azar/","es","https://funnytools.win/en/","en","English","nav","false","true","true","language-switch"
"https://funnytools.win/es/categorias/azar/","es","https://funnytools.win/fr/","fr","Français","nav","false","true","true","language-switch"
"https://funnytools.win/es/categorias/dibujo/","es","https://funnytools.win/category/draw/","zh","繁中","content","false","true","false","language-switch"
"https://funnytools.win/es/categorias/dibujo/","es","https://funnytools.win/en/category/draw/","en","English","content","false","true","false","language-switch"
"https://funnytools.win/es/categorias/dibujo/","es","https://funnytools.win/category/draw/","zh","繁中","nav","false","true","true","language-switch"
"https://funnytools.win/es/categorias/dibujo/","es","https://funnytools.win/en/category/draw/","en","English","nav","false","true","true","language-switch"
"https://funnytools.win/es/categorias/dibujo/","es","https://funnytools.win/affiliate-disclosure/","zh","Información completa (en chino tradicional)","content","false","true","false","intent:disclosure-only-zh"
"https://funnytools.win/es/categorias/dibujo/","es","https://funnytools.win/","zh","繁體中文","nav","false","true","true","language-switch"
"https://funnytools.win/es/categorias/dibujo/","es","https://funnytools.win/en/","en","English","nav","false","true","true","language-switch"
"https://funnytools.win/es/categorias/dibujo/","es","https://funnytools.win/fr/","fr","Français","nav","false","true","true","language-switch"
"https://funnytools.win/es/categorias/dinero/","es","https://funnytools.win/category/money/","zh","繁中","content","false","true","false","language-switch"
"https://funnytools.win/es/categorias/dinero/","es","https://funnytools.win/en/category/money/","en","English","content","false","true","false","language-switch"
"https://funnytools.win/es/categorias/dinero/","es","https://funnytools.win/category/money/","zh","繁中","nav","false","true","true","language-switch"
"https://funnytools.win/es/categorias/dinero/","es","https://funnytools.win/en/category/money/","en","English","nav","false","true","true","language-switch"
"https://funnytools.win/es/categorias/dinero/","es","https://funnytools.win/affiliate-disclosure/","zh","Información completa (en chino tradicional)","content","false","true","false","intent:disclosure-only-zh"
"https://funnytools.win/es/categorias/dinero/","es","https://funnytools.win/","zh","繁體中文","nav","false","true","true","language-switch"
"https://funnytools.win/es/categorias/dinero/","es","https://funnytools.win/en/","en","English","nav","false","true","true","language-switch"
"https://funnytools.win/es/categorias/dinero/","es","https://funnytools.win/fr/","fr","Français","nav","false","true","true","language-switch"
"https://funnytools.win/es/categorias/estadistica/","es","https://funnytools.win/category/statistics/","zh","繁中","content","false","true","false","language-switch"
"https://funnytools.win/es/categorias/estadistica/","es","https://funnytools.win/en/category/statistics/","en","English","content","false","true","false","language-switch"
"https://funnytools.win/es/categorias/estadistica/","es","https://funnytools.win/category/statistics/","zh","繁中","nav","false","true","true","language-switch"
"https://funnytools.win/es/categorias/estadistica/","es","https://funnytools.win/en/category/statistics/","en","English","nav","false","true","true","language-switch"
"https://funnytools.win/es/categorias/estadistica/","es","https://funnytools.win/affiliate-disclosure/","zh","Información completa (en chino tradicional)","content","false","true","false","intent:disclosure-only-zh"
"https://funnytools.win/es/categorias/estadistica/","es","https://funnytools.win/","zh","繁體中文","nav","false","true","true","language-switch"
"https://funnytools.win/es/categorias/estadistica/","es","https://funnytools.win/en/","en","English","nav","false","true","true","language-switch"
"https://funnytools.win/es/categorias/estadistica/","es","https://funnytools.win/fr/","fr","Français","nav","false","true","true","language-switch"
"https://funnytools.win/es/categorias/estudio/","es","https://funnytools.win/category/study/","zh","繁中","content","false","true","false","language-switch"
"https://funnytools.win/es/categorias/estudio/","es","https://funnytools.win/en/category/study/","en","English","content","false","true","false","language-switch"
"https://funnytools.win/es/categorias/estudio/","es","https://funnytools.win/category/study/","zh","繁中","nav","false","true","true","language-switch"
"https://funnytools.win/es/categorias/estudio/","es","https://funnytools.win/en/category/study/","en","English","nav","false","true","true","language-switch"
"https://funnytools.win/es/categorias/estudio/","es","https://funnytools.win/affiliate-disclosure/","zh","Información completa (en chino tradicional)","content","false","true","false","intent:disclosure-only-zh"
"https://funnytools.win/es/categorias/estudio/","es","https://funnytools.win/","zh","繁體中文","nav","false","true","true","language-switch"
"https://funnytools.win/es/categorias/estudio/","es","https://funnytools.win/en/","en","English","nav","false","true","true","language-switch"
"https://funnytools.win/es/categorias/estudio/","es","https://funnytools.win/fr/","fr","Français","nav","false","true","true","language-switch"
"https://funnytools.win/es/categorias/imagen/","es","https://funnytools.win/category/image/","zh","繁中","content","false","true","false","language-switch"
"https://funnytools.win/es/categorias/imagen/","es","https://funnytools.win/en/category/image/","en","English","content","false","true","false","language-switch"
"https://funnytools.win/es/categorias/imagen/","es","https://funnytools.win/category/image/","zh","繁中","nav","false","true","true","language-switch"
"https://funnytools.win/es/categorias/imagen/","es","https://funnytools.win/en/category/image/","en","English","nav","false","true","true","language-switch"
"https://funnytools.win/es/categorias/imagen/","es","https://funnytools.win/affiliate-disclosure/","zh","Información completa (en chino tradicional)","content","false","true","false","intent:disclosure-only-zh"
"https://funnytools.win/es/categorias/imagen/","es","https://funnytools.win/","zh","繁體中文","nav","false","true","true","language-switch"
"https://funnytools.win/es/categorias/imagen/","es","https://funnytools.win/en/","en","English","nav","false","true","true","language-switch"
"https://funnytools.win/es/categorias/imagen/","es","https://funnytools.win/fr/","fr","Français","nav","false","true","true","language-switch"
"https://funnytools.win/es/categorias/pdf/","es","https://funnytools.win/category/pdf/","zh","繁中","content","false","true","false","language-switch"
"https://funnytools.win/es/categorias/pdf/","es","https://funnytools.win/en/category/pdf/","en","English","content","false","true","false","language-switch"
"https://funnytools.win/es/categorias/pdf/","es","https://funnytools.win/category/pdf/","zh","繁中","nav","false","true","true","language-switch"
"https://funnytools.win/es/categorias/pdf/","es","https://funnytools.win/en/category/pdf/","en","English","nav","false","true","true","language-switch"
"https://funnytools.win/es/categorias/pdf/","es","https://funnytools.win/affiliate-disclosure/","zh","Información completa (en chino tradicional)","content","false","true","false","intent:disclosure-only-zh"
"https://funnytools.win/es/categorias/pdf/","es","https://funnytools.win/","zh","繁體中文","nav","false","true","true","language-switch"
"https://funnytools.win/es/categorias/pdf/","es","https://funnytools.win/en/","en","English","nav","false","true","true","language-switch"
"https://funnytools.win/es/categorias/pdf/","es","https://funnytools.win/fr/","fr","Français","nav","false","true","true","language-switch"
"https://funnytools.win/es/categorias/texto/","es","https://funnytools.win/category/text/","zh","繁中","content","false","true","false","language-switch"
"https://funnytools.win/es/categorias/texto/","es","https://funnytools.win/en/category/text/","en","English","content","false","true","false","language-switch"
"https://funnytools.win/es/categorias/texto/","es","https://funnytools.win/category/text/","zh","繁中","nav","false","true","true","language-switch"
"https://funnytools.win/es/categorias/texto/","es","https://funnytools.win/en/category/text/","en","English","nav","false","true","true","language-switch"
"https://funnytools.win/es/categorias/texto/","es","https://funnytools.win/affiliate-disclosure/","zh","Información completa (en chino tradicional)","content","false","true","false","intent:disclosure-only-zh"
"https://funnytools.win/es/categorias/texto/","es","https://funnytools.win/","zh","繁體中文","nav","false","true","true","language-switch"
"https://funnytools.win/es/categorias/texto/","es","https://funnytools.win/en/","en","English","nav","false","true","true","language-switch"
"https://funnytools.win/es/categorias/texto/","es","https://funnytools.win/fr/","fr","Français","nav","false","true","true","language-switch"
"https://funnytools.win/es/categorias/tiempo/","es","https://funnytools.win/category/time/","zh","繁中","content","false","true","false","language-switch"
"https://funnytools.win/es/categorias/tiempo/","es","https://funnytools.win/en/category/time/","en","English","content","false","true","false","language-switch"
"https://funnytools.win/es/categorias/tiempo/","es","https://funnytools.win/category/time/","zh","繁中","nav","false","true","true","language-switch"
"https://funnytools.win/es/categorias/tiempo/","es","https://funnytools.win/en/category/time/","en","English","nav","false","true","true","language-switch"
"https://funnytools.win/es/categorias/tiempo/","es","https://funnytools.win/affiliate-disclosure/","zh","Información completa (en chino tradicional)","content","false","true","false","intent:disclosure-only-zh"
"https://funnytools.win/es/categorias/tiempo/","es","https://funnytools.win/","zh","繁體中文","nav","false","true","true","language-switch"
"https://funnytools.win/es/categorias/tiempo/","es","https://funnytools.win/en/","en","English","nav","false","true","true","language-switch"
"https://funnytools.win/es/categorias/tiempo/","es","https://funnytools.win/fr/","fr","Français","nav","false","true","true","language-switch"
"https://funnytools.win/es/como-funcionan-las-herramientas/","es","https://funnytools.win/about-tools/","zh","繁中","content","false","true","false","language-switch"
"https://funnytools.win/es/como-funcionan-las-herramientas/","es","https://funnytools.win/en/about-tools/","en","English","content","false","true","false","language-switch"
"https://funnytools.win/es/como-funcionan-las-herramientas/","es","https://funnytools.win/fr/fonctionnement-outils/","fr","Français","content","false","true","false","language-switch"
"https://funnytools.win/es/como-funcionan-las-herramientas/","es","https://funnytools.win/about-tools/","zh","繁中","nav","false","true","true","language-switch"
"https://funnytools.win/es/como-funcionan-las-herramientas/","es","https://funnytools.win/en/about-tools/","en","English","nav","false","true","true","language-switch"
"https://funnytools.win/es/como-funcionan-las-herramientas/","es","https://funnytools.win/fr/fonctionnement-outils/","fr","Français","nav","false","true","true","language-switch"
"https://funnytools.win/es/como-funcionan-las-herramientas/","es","https://funnytools.win/affiliate-disclosure/","zh","Información completa (en chino tradicional)","content","false","true","false","intent:disclosure-only-zh"
"https://funnytools.win/es/como-funcionan-las-herramientas/","es","https://funnytools.win/","zh","繁體中文","nav","false","true","true","language-switch"
"https://funnytools.win/es/como-funcionan-las-herramientas/","es","https://funnytools.win/en/","en","English","nav","false","true","true","language-switch"
"https://funnytools.win/es/como-funcionan-las-herramientas/","es","https://funnytools.win/fr/","fr","Français","nav","false","true","true","language-switch"
"https://funnytools.win/es/condiciones-de-uso/","es","https://funnytools.win/terms/","zh","繁中","content","false","true","false","language-switch"
"https://funnytools.win/es/condiciones-de-uso/","es","https://funnytools.win/en/terms/","en","English","content","false","true","false","language-switch"
"https://funnytools.win/es/condiciones-de-uso/","es","https://funnytools.win/terms/","zh","繁中","nav","false","true","true","language-switch"
"https://funnytools.win/es/condiciones-de-uso/","es","https://funnytools.win/en/terms/","en","English","nav","false","true","true","language-switch"
"https://funnytools.win/es/condiciones-de-uso/","es","https://funnytools.win/affiliate-disclosure/","zh","Información completa (en chino tradicional)","content","false","true","false","intent:disclosure-only-zh"
"https://funnytools.win/es/condiciones-de-uso/","es","https://funnytools.win/","zh","繁體中文","nav","false","true","true","language-switch"
"https://funnytools.win/es/condiciones-de-uso/","es","https://funnytools.win/en/","en","English","nav","false","true","true","language-switch"
"https://funnytools.win/es/condiciones-de-uso/","es","https://funnytools.win/fr/","fr","Français","nav","false","true","true","language-switch"
"https://funnytools.win/es/contacto/","es","https://funnytools.win/contact/","zh","繁中","content","false","true","false","language-switch"
"https://funnytools.win/es/contacto/","es","https://funnytools.win/en/contact/","en","English","content","false","true","false","language-switch"
"https://funnytools.win/es/contacto/","es","https://funnytools.win/contact/","zh","繁中","nav","false","true","true","language-switch"
"https://funnytools.win/es/contacto/","es","https://funnytools.win/en/contact/","en","English","nav","false","true","true","language-switch"
"https://funnytools.win/es/contacto/","es","https://funnytools.win/affiliate-disclosure/","zh","Información completa (en chino tradicional)","content","false","true","false","intent:disclosure-only-zh"
"https://funnytools.win/es/contacto/","es","https://funnytools.win/","zh","繁體中文","nav","false","true","true","language-switch"
"https://funnytools.win/es/contacto/","es","https://funnytools.win/en/","en","English","nav","false","true","true","language-switch"
"https://funnytools.win/es/contacto/","es","https://funnytools.win/fr/","fr","Français","nav","false","true","true","language-switch"
"https://funnytools.win/es/estadisticas-educativas/","es","https://funnytools.win/education-statistics/","zh","繁中","content","false","true","false","language-switch"
"https://funnytools.win/es/estadisticas-educativas/","es","https://funnytools.win/en/education-statistics/","en","English","content","false","true","false","language-switch"
"https://funnytools.win/es/estadisticas-educativas/","es","https://funnytools.win/education-statistics/","zh","繁中","nav","false","true","true","language-switch"
"https://funnytools.win/es/estadisticas-educativas/","es","https://funnytools.win/en/education-statistics/","en","English","nav","false","true","true","language-switch"
"https://funnytools.win/es/estadisticas-educativas/","es","https://funnytools.win/affiliate-disclosure/","zh","Información completa (en chino tradicional)","content","false","true","false","intent:disclosure-only-zh"
"https://funnytools.win/es/estadisticas-educativas/","es","https://funnytools.win/","zh","繁體中文","nav","false","true","true","language-switch"
"https://funnytools.win/es/estadisticas-educativas/","es","https://funnytools.win/en/","en","English","nav","false","true","true","language-switch"
"https://funnytools.win/es/estadisticas-educativas/","es","https://funnytools.win/fr/","fr","Français","nav","false","true","true","language-switch"
"https://funnytools.win/es/flujos/actividades-aleatorias-aula/","es","https://funnytools.win/workflows/teacher-classroom-random-toolkit/","zh","繁中","content","false","true","false","language-switch"
"https://funnytools.win/es/flujos/actividades-aleatorias-aula/","es","https://funnytools.win/en/workflows/teacher-classroom-random-toolkit/","en","English","content","false","true","false","language-switch"
"https://funnytools.win/es/flujos/actividades-aleatorias-aula/","es","https://funnytools.win/workflows/teacher-classroom-random-toolkit/","zh","繁中","nav","false","true","true","language-switch"
"https://funnytools.win/es/flujos/actividades-aleatorias-aula/","es","https://funnytools.win/en/workflows/teacher-classroom-random-toolkit/","en","English","nav","false","true","true","language-switch"
"https://funnytools.win/es/flujos/actividades-aleatorias-aula/","es","https://funnytools.win/affiliate-disclosure/","zh","Información completa (en chino tradicional)","content","false","true","false","intent:disclosure-only-zh"
"https://funnytools.win/es/flujos/actividades-aleatorias-aula/","es","https://funnytools.win/","zh","繁體中文","nav","false","true","true","language-switch"
"https://funnytools.win/es/flujos/actividades-aleatorias-aula/","es","https://funnytools.win/en/","en","English","nav","false","true","true","language-switch"
"https://funnytools.win/es/flujos/actividades-aleatorias-aula/","es","https://funnytools.win/fr/","fr","Français","nav","false","true","true","language-switch"
"https://funnytools.win/es/flujos/calcular-nota-oposicion-docente/","es","https://funnytools.win/workflows/teacher-exam-score-toolkit/","zh","繁中","content","false","true","false","language-switch"
"https://funnytools.win/es/flujos/calcular-nota-oposicion-docente/","es","https://funnytools.win/en/workflows/teacher-exam-score-toolkit/","en","English","content","false","true","false","language-switch"
"https://funnytools.win/es/flujos/calcular-nota-oposicion-docente/","es","https://funnytools.win/workflows/teacher-exam-score-toolkit/","zh","繁中","nav","false","true","true","language-switch"
"https://funnytools.win/es/flujos/calcular-nota-oposicion-docente/","es","https://funnytools.win/en/workflows/teacher-exam-score-toolkit/","en","English","nav","false","true","true","language-switch"
"https://funnytools.win/es/flujos/calcular-nota-oposicion-docente/","es","https://funnytools.win/affiliate-disclosure/","zh","Información completa (en chino tradicional)","content","false","true","false","intent:disclosure-only-zh"
"https://funnytools.win/es/flujos/calcular-nota-oposicion-docente/","es","https://funnytools.win/","zh","繁體中文","nav","false","true","true","language-switch"
"https://funnytools.win/es/flujos/calcular-nota-oposicion-docente/","es","https://funnytools.win/en/","en","English","nav","false","true","true","language-switch"
"https://funnytools.win/es/flujos/calcular-nota-oposicion-docente/","es","https://funnytools.win/fr/","fr","Français","nav","false","true","true","language-switch"
"https://funnytools.win/es/flujos/contenido-redes-sociales/","es","https://funnytools.win/workflows/creator-social-toolkit/","zh","繁中","content","false","true","false","language-switch"
"https://funnytools.win/es/flujos/contenido-redes-sociales/","es","https://funnytools.win/en/workflows/creator-social-toolkit/","en","English","content","false","true","false","language-switch"
"https://funnytools.win/es/flujos/contenido-redes-sociales/","es","https://funnytools.win/workflows/creator-social-toolkit/","zh","繁中","nav","false","true","true","language-switch"
"https://funnytools.win/es/flujos/contenido-redes-sociales/","es","https://funnytools.win/en/workflows/creator-social-toolkit/","en","English","nav","false","true","true","language-switch"
"https://funnytools.win/es/flujos/contenido-redes-sociales/","es","https://funnytools.win/affiliate-disclosure/","zh","Información completa (en chino tradicional)","content","false","true","false","intent:disclosure-only-zh"
"https://funnytools.win/es/flujos/contenido-redes-sociales/","es","https://funnytools.win/","zh","繁體中文","nav","false","true","true","language-switch"
"https://funnytools.win/es/flujos/contenido-redes-sociales/","es","https://funnytools.win/en/","en","English","nav","false","true","true","language-switch"
"https://funnytools.win/es/flujos/contenido-redes-sociales/","es","https://funnytools.win/fr/","fr","Français","nav","false","true","true","language-switch"
"https://funnytools.win/es/flujos/decisiones-cotidianas/","es","https://funnytools.win/workflows/daily-decision-toolkit/","zh","繁中","content","false","true","false","language-switch"
"https://funnytools.win/es/flujos/decisiones-cotidianas/","es","https://funnytools.win/en/workflows/daily-decision-toolkit/","en","English","content","false","true","false","language-switch"
"https://funnytools.win/es/flujos/decisiones-cotidianas/","es","https://funnytools.win/workflows/daily-decision-toolkit/","zh","繁中","nav","false","true","true","language-switch"
"https://funnytools.win/es/flujos/decisiones-cotidianas/","es","https://funnytools.win/en/workflows/daily-decision-toolkit/","en","English","nav","false","true","true","language-switch"
"https://funnytools.win/es/flujos/decisiones-cotidianas/","es","https://funnytools.win/affiliate-disclosure/","zh","Información completa (en chino tradicional)","content","false","true","false","intent:disclosure-only-zh"
"https://funnytools.win/es/flujos/decisiones-cotidianas/","es","https://funnytools.win/","zh","繁體中文","nav","false","true","true","language-switch"
"https://funnytools.win/es/flujos/decisiones-cotidianas/","es","https://funnytools.win/en/","en","English","nav","false","true","true","language-switch"
"https://funnytools.win/es/flujos/decisiones-cotidianas/","es","https://funnytools.win/fr/","fr","Français","nav","false","true","true","language-switch"
"https://funnytools.win/es/flujos/documentos-oficina/","es","https://funnytools.win/workflows/office-document-toolkit/","zh","繁中","content","false","true","false","language-switch"
"https://funnytools.win/es/flujos/documentos-oficina/","es","https://funnytools.win/en/workflows/office-document-toolkit/","en","English","content","false","true","false","language-switch"
"https://funnytools.win/es/flujos/documentos-oficina/","es","https://funnytools.win/workflows/office-document-toolkit/","zh","繁中","nav","false","true","true","language-switch"
"https://funnytools.win/es/flujos/documentos-oficina/","es","https://funnytools.win/en/workflows/office-document-toolkit/","en","English","nav","false","true","true","language-switch"
"https://funnytools.win/es/flujos/documentos-oficina/","es","https://funnytools.win/affiliate-disclosure/","zh","Información completa (en chino tradicional)","content","false","true","false","intent:disclosure-only-zh"
"https://funnytools.win/es/flujos/documentos-oficina/","es","https://funnytools.win/","zh","繁體中文","nav","false","true","true","language-switch"
"https://funnytools.win/es/flujos/documentos-oficina/","es","https://funnytools.win/en/","en","English","nav","false","true","true","language-switch"
"https://funnytools.win/es/flujos/documentos-oficina/","es","https://funnytools.win/fr/","fr","Français","nav","false","true","true","language-switch"
"https://funnytools.win/es/flujos/entrega-informe-estudiantil/","es","https://funnytools.win/workflows/student-report-toolkit/","zh","繁中","content","false","true","false","language-switch"
"https://funnytools.win/es/flujos/entrega-informe-estudiantil/","es","https://funnytools.win/en/workflows/student-report-toolkit/","en","English","content","false","true","false","language-switch"
"https://funnytools.win/es/flujos/entrega-informe-estudiantil/","es","https://funnytools.win/workflows/student-report-toolkit/","zh","繁中","nav","false","true","true","language-switch"
"https://funnytools.win/es/flujos/entrega-informe-estudiantil/","es","https://funnytools.win/en/workflows/student-report-toolkit/","en","English","nav","false","true","true","language-switch"
"https://funnytools.win/es/flujos/entrega-informe-estudiantil/","es","https://funnytools.win/affiliate-disclosure/","zh","Información completa (en chino tradicional)","content","false","true","false","intent:disclosure-only-zh"
"https://funnytools.win/es/flujos/entrega-informe-estudiantil/","es","https://funnytools.win/","zh","繁體中文","nav","false","true","true","language-switch"
"https://funnytools.win/es/flujos/entrega-informe-estudiantil/","es","https://funnytools.win/en/","en","English","nav","false","true","true","language-switch"
"https://funnytools.win/es/flujos/entrega-informe-estudiantil/","es","https://funnytools.win/fr/","fr","Français","nav","false","true","true","language-switch"
"https://funnytools.win/es/flujos/","es","https://funnytools.win/workflows/","zh","繁中","content","false","true","false","language-switch"
"https://funnytools.win/es/flujos/","es","https://funnytools.win/en/workflows/","en","English","content","false","true","false","language-switch"
"https://funnytools.win/es/flujos/","es","https://funnytools.win/workflows/","zh","繁中","nav","false","true","true","language-switch"
"https://funnytools.win/es/flujos/","es","https://funnytools.win/en/workflows/","en","English","nav","false","true","true","language-switch"
"https://funnytools.win/es/flujos/","es","https://funnytools.win/affiliate-disclosure/","zh","Información completa (en chino tradicional)","content","false","true","false","intent:disclosure-only-zh"
"https://funnytools.win/es/flujos/","es","https://funnytools.win/","zh","繁體中文","nav","false","true","true","language-switch"
"https://funnytools.win/es/flujos/","es","https://funnytools.win/en/","en","English","nav","false","true","true","language-switch"
"https://funnytools.win/es/flujos/","es","https://funnytools.win/fr/","fr","Français","nav","false","true","true","language-switch"
"https://funnytools.win/es/flujos/informe-estadistico-investigacion/","es","https://funnytools.win/workflows/graduate-statistics-report-toolkit/","zh","繁中","content","false","true","false","language-switch"
"https://funnytools.win/es/flujos/informe-estadistico-investigacion/","es","https://funnytools.win/en/workflows/graduate-statistics-report-toolkit/","en","English","content","false","true","false","language-switch"
"https://funnytools.win/es/flujos/informe-estadistico-investigacion/","es","https://funnytools.win/workflows/graduate-statistics-report-toolkit/","zh","繁中","nav","false","true","true","language-switch"
"https://funnytools.win/es/flujos/informe-estadistico-investigacion/","es","https://funnytools.win/en/workflows/graduate-statistics-report-toolkit/","en","English","nav","false","true","true","language-switch"
"https://funnytools.win/es/flujos/informe-estadistico-investigacion/","es","https://funnytools.win/affiliate-disclosure/","zh","Información completa (en chino tradicional)","content","false","true","false","intent:disclosure-only-zh"
"https://funnytools.win/es/flujos/informe-estadistico-investigacion/","es","https://funnytools.win/","zh","繁體中文","nav","false","true","true","language-switch"
"https://funnytools.win/es/flujos/informe-estadistico-investigacion/","es","https://funnytools.win/en/","en","English","nav","false","true","true","language-switch"
"https://funnytools.win/es/flujos/informe-estadistico-investigacion/","es","https://funnytools.win/fr/","fr","Français","nav","false","true","true","language-switch"
"https://funnytools.win/es/guias/a4-o-letter-para-imprimir/","es","https://funnytools.win/guides/a4-vs-us-letter-printing-guide/","zh","繁中","content","false","true","false","language-switch"
"https://funnytools.win/es/guias/a4-o-letter-para-imprimir/","es","https://funnytools.win/en/guides/a4-vs-us-letter-printing-guide/","en","English","content","false","true","false","language-switch"
"https://funnytools.win/es/guias/a4-o-letter-para-imprimir/","es","https://funnytools.win/guides/a4-vs-us-letter-printing-guide/","zh","繁中","nav","false","true","true","language-switch"
"https://funnytools.win/es/guias/a4-o-letter-para-imprimir/","es","https://funnytools.win/en/guides/a4-vs-us-letter-printing-guide/","en","English","nav","false","true","true","language-switch"
"https://funnytools.win/es/guias/a4-o-letter-para-imprimir/","es","https://funnytools.win/affiliate-disclosure/","zh","Información completa (en chino tradicional)","content","false","true","false","intent:disclosure-only-zh"
"https://funnytools.win/es/guias/a4-o-letter-para-imprimir/","es","https://funnytools.win/","zh","繁體中文","nav","false","true","true","language-switch"
"https://funnytools.win/es/guias/a4-o-letter-para-imprimir/","es","https://funnytools.win/en/","en","English","nav","false","true","true","language-switch"
"https://funnytools.win/es/guias/a4-o-letter-para-imprimir/","es","https://funnytools.win/fr/","fr","Français","nav","false","true","true","language-switch"
"https://funnytools.win/es/guias/agrupamientos-equitativos-aula/","es","https://funnytools.win/guides/fair-student-grouping-guide/","zh","繁中","content","false","true","false","language-switch"
"https://funnytools.win/es/guias/agrupamientos-equitativos-aula/","es","https://funnytools.win/en/guides/fair-student-grouping-guide/","en","English","content","false","true","false","language-switch"
"https://funnytools.win/es/guias/agrupamientos-equitativos-aula/","es","https://funnytools.win/guides/fair-student-grouping-guide/","zh","繁中","nav","false","true","true","language-switch"
"https://funnytools.win/es/guias/agrupamientos-equitativos-aula/","es","https://funnytools.win/en/guides/fair-student-grouping-guide/","en","English","nav","false","true","true","language-switch"
"https://funnytools.win/es/guias/agrupamientos-equitativos-aula/","es","https://funnytools.win/affiliate-disclosure/","zh","Información completa (en chino tradicional)","content","false","true","false","intent:disclosure-only-zh"
"https://funnytools.win/es/guias/agrupamientos-equitativos-aula/","es","https://funnytools.win/","zh","繁體中文","nav","false","true","true","language-switch"
"https://funnytools.win/es/guias/agrupamientos-equitativos-aula/","es","https://funnytools.win/en/","en","English","nav","false","true","true","language-switch"
"https://funnytools.win/es/guias/agrupamientos-equitativos-aula/","es","https://funnytools.win/fr/","fr","Français","nav","false","true","true","language-switch"
"https://funnytools.win/es/guias/anova-formato-apa-7/","es","https://funnytools.win/guides/anova-apa-format-guide/","zh","繁中","content","false","true","false","language-switch"
"https://funnytools.win/es/guias/anova-formato-apa-7/","es","https://funnytools.win/en/guides/anova-apa-format-guide/","en","English","content","false","true","false","language-switch"
"https://funnytools.win/es/guias/anova-formato-apa-7/","es","https://funnytools.win/guides/anova-apa-format-guide/","zh","繁中","nav","false","true","true","language-switch"
"https://funnytools.win/es/guias/anova-formato-apa-7/","es","https://funnytools.win/en/guides/anova-apa-format-guide/","en","English","nav","false","true","true","language-switch"
"https://funnytools.win/es/guias/anova-formato-apa-7/","es","https://funnytools.win/affiliate-disclosure/","zh","Información completa (en chino tradicional)","content","false","true","false","intent:disclosure-only-zh"
"https://funnytools.win/es/guias/anova-formato-apa-7/","es","https://funnytools.win/","zh","繁體中文","nav","false","true","true","language-switch"
"https://funnytools.win/es/guias/anova-formato-apa-7/","es","https://funnytools.win/en/","en","English","nav","false","true","true","language-switch"
"https://funnytools.win/es/guias/anova-formato-apa-7/","es","https://funnytools.win/fr/","fr","Français","nav","false","true","true","language-switch"
"https://funnytools.win/es/guias/calcular-nota-oposicion-docente/","es","https://funnytools.win/guides/teacher-exam-weighted-score-guide/","zh","繁中","content","false","true","false","language-switch"
"https://funnytools.win/es/guias/calcular-nota-oposicion-docente/","es","https://funnytools.win/en/guides/teacher-exam-weighted-score-guide/","en","English","content","false","true","false","language-switch"
"https://funnytools.win/es/guias/calcular-nota-oposicion-docente/","es","https://funnytools.win/guides/teacher-exam-weighted-score-guide/","zh","繁中","nav","false","true","true","language-switch"
"https://funnytools.win/es/guias/calcular-nota-oposicion-docente/","es","https://funnytools.win/en/guides/teacher-exam-weighted-score-guide/","en","English","nav","false","true","true","language-switch"
"https://funnytools.win/es/guias/calcular-nota-oposicion-docente/","es","https://funnytools.win/affiliate-disclosure/","zh","Información completa (en chino tradicional)","content","false","true","false","intent:disclosure-only-zh"
"https://funnytools.win/es/guias/calcular-nota-oposicion-docente/","es","https://funnytools.win/","zh","繁體中文","nav","false","true","true","language-switch"
"https://funnytools.win/es/guias/calcular-nota-oposicion-docente/","es","https://funnytools.win/en/","en","English","nav","false","true","true","language-switch"
"https://funnytools.win/es/guias/calcular-nota-oposicion-docente/","es","https://funnytools.win/fr/","fr","Français","nav","false","true","true","language-switch"
"https://funnytools.win/es/guias/calcular-porcentajes-rapido/","es","https://funnytools.win/guides/percentage-shortcuts-guide/","zh","繁中","content","false","true","false","language-switch"
"https://funnytools.win/es/guias/calcular-porcentajes-rapido/","es","https://funnytools.win/en/guides/percentage-shortcuts-guide/","en","English","content","false","true","false","language-switch"
"https://funnytools.win/es/guias/calcular-porcentajes-rapido/","es","https://funnytools.win/guides/percentage-shortcuts-guide/","zh","繁中","nav","false","true","true","language-switch"
"https://funnytools.win/es/guias/calcular-porcentajes-rapido/","es","https://funnytools.win/en/guides/percentage-shortcuts-guide/","en","English","nav","false","true","true","language-switch"
"https://funnytools.win/es/guias/calcular-porcentajes-rapido/","es","https://funnytools.win/affiliate-disclosure/","zh","Información completa (en chino tradicional)","content","false","true","false","intent:disclosure-only-zh"
"https://funnytools.win/es/guias/calcular-porcentajes-rapido/","es","https://funnytools.win/","zh","繁體中文","nav","false","true","true","language-switch"
"https://funnytools.win/es/guias/calcular-porcentajes-rapido/","es","https://funnytools.win/en/","en","English","nav","false","true","true","language-switch"
"https://funnytools.win/es/guias/calcular-porcentajes-rapido/","es","https://funnytools.win/fr/","fr","Français","nav","false","true","true","language-switch"
"https://funnytools.win/es/guias/codigos-qr-en-el-aula/","es","https://funnytools.win/guides/qr-code-classroom-guide/","zh","繁中","content","false","true","false","language-switch"
"https://funnytools.win/es/guias/codigos-qr-en-el-aula/","es","https://funnytools.win/en/guides/qr-code-classroom-guide/","en","English","content","false","true","false","language-switch"
"https://funnytools.win/es/guias/codigos-qr-en-el-aula/","es","https://funnytools.win/guides/qr-code-classroom-guide/","zh","繁中","nav","false","true","true","language-switch"
"https://funnytools.win/es/guias/codigos-qr-en-el-aula/","es","https://funnytools.win/en/guides/qr-code-classroom-guide/","en","English","nav","false","true","true","language-switch"
"https://funnytools.win/es/guias/codigos-qr-en-el-aula/","es","https://funnytools.win/affiliate-disclosure/","zh","Información completa (en chino tradicional)","content","false","true","false","intent:disclosure-only-zh"
"https://funnytools.win/es/guias/codigos-qr-en-el-aula/","es","https://funnytools.win/","zh","繁體中文","nav","false","true","true","language-switch"
"https://funnytools.win/es/guias/codigos-qr-en-el-aula/","es","https://funnytools.win/en/","en","English","nav","false","true","true","language-switch"
"https://funnytools.win/es/guias/codigos-qr-en-el-aula/","es","https://funnytools.win/fr/","fr","Français","nav","false","true","true","language-switch"
"https://funnytools.win/es/guias/comprimir-fotos-para-email/","es","https://funnytools.win/guides/image-compression-email-guide/","zh","繁中","content","false","true","false","language-switch"
"https://funnytools.win/es/guias/comprimir-fotos-para-email/","es","https://funnytools.win/en/guides/image-compression-email-guide/","en","English","content","false","true","false","language-switch"
"https://funnytools.win/es/guias/comprimir-fotos-para-email/","es","https://funnytools.win/guides/image-compression-email-guide/","zh","繁中","nav","false","true","true","language-switch"
"https://funnytools.win/es/guias/comprimir-fotos-para-email/","es","https://funnytools.win/en/guides/image-compression-email-guide/","en","English","nav","false","true","true","language-switch"
"https://funnytools.win/es/guias/comprimir-fotos-para-email/","es","https://funnytools.win/affiliate-disclosure/","zh","Información completa (en chino tradicional)","content","false","true","false","intent:disclosure-only-zh"
"https://funnytools.win/es/guias/comprimir-fotos-para-email/","es","https://funnytools.win/","zh","繁體中文","nav","false","true","true","language-switch"
"https://funnytools.win/es/guias/comprimir-fotos-para-email/","es","https://funnytools.win/en/","en","English","nav","false","true","true","language-switch"
"https://funnytools.win/es/guias/comprimir-fotos-para-email/","es","https://funnytools.win/fr/","fr","Français","nav","false","true","true","language-switch"
"https://funnytools.win/es/guias/contrasena-segura-fuerte/","es","https://funnytools.win/guides/password-strength-basics-guide/","zh","繁中","content","false","true","false","language-switch"
"https://funnytools.win/es/guias/contrasena-segura-fuerte/","es","https://funnytools.win/guides/password-strength-basics-guide/","zh","繁中","nav","false","true","true","language-switch"
"https://funnytools.win/es/guias/contrasena-segura-fuerte/","es","https://funnytools.win/affiliate-disclosure/","zh","Información completa (en chino tradicional)","content","false","true","false","intent:disclosure-only-zh"
"https://funnytools.win/es/guias/contrasena-segura-fuerte/","es","https://funnytools.win/","zh","繁體中文","nav","false","true","true","language-switch"
"https://funnytools.win/es/guias/contrasena-segura-fuerte/","es","https://funnytools.win/en/","en","English","nav","false","true","true","language-switch"
"https://funnytools.win/es/guias/contrasena-segura-fuerte/","es","https://funnytools.win/fr/","fr","Français","nav","false","true","true","language-switch"
"https://funnytools.win/es/guias/fluidez-tablas-multiplicar/","es","https://funnytools.win/guides/multiplication-fact-fluency-guide/","zh","繁中","content","false","true","false","language-switch"
"https://funnytools.win/es/guias/fluidez-tablas-multiplicar/","es","https://funnytools.win/guides/multiplication-fact-fluency-guide/","zh","繁中","nav","false","true","true","language-switch"
"https://funnytools.win/es/guias/fluidez-tablas-multiplicar/","es","https://funnytools.win/affiliate-disclosure/","zh","Información completa (en chino tradicional)","content","false","true","false","intent:disclosure-only-zh"
"https://funnytools.win/es/guias/fluidez-tablas-multiplicar/","es","https://funnytools.win/","zh","繁體中文","nav","false","true","true","language-switch"
"https://funnytools.win/es/guias/fluidez-tablas-multiplicar/","es","https://funnytools.win/en/","en","English","nav","false","true","true","language-switch"
"https://funnytools.win/es/guias/fluidez-tablas-multiplicar/","es","https://funnytools.win/fr/","fr","Français","nav","false","true","true","language-switch"
"https://funnytools.win/es/guias/fotos-a-pdf-desde-movil/","es","https://funnytools.win/guides/photos-to-pdf-phone-guide/","zh","繁中","content","false","true","false","language-switch"
"https://funnytools.win/es/guias/fotos-a-pdf-desde-movil/","es","https://funnytools.win/en/guides/photos-to-pdf-phone-guide/","en","English","content","false","true","false","language-switch"
"https://funnytools.win/es/guias/fotos-a-pdf-desde-movil/","es","https://funnytools.win/guides/photos-to-pdf-phone-guide/","zh","繁中","nav","false","true","true","language-switch"
"https://funnytools.win/es/guias/fotos-a-pdf-desde-movil/","es","https://funnytools.win/en/guides/photos-to-pdf-phone-guide/","en","English","nav","false","true","true","language-switch"
"https://funnytools.win/es/guias/fotos-a-pdf-desde-movil/","es","https://funnytools.win/affiliate-disclosure/","zh","Información completa (en chino tradicional)","content","false","true","false","intent:disclosure-only-zh"
"https://funnytools.win/es/guias/fotos-a-pdf-desde-movil/","es","https://funnytools.win/","zh","繁體中文","nav","false","true","true","language-switch"
"https://funnytools.win/es/guias/fotos-a-pdf-desde-movil/","es","https://funnytools.win/en/","en","English","nav","false","true","true","language-switch"
"https://funnytools.win/es/guias/fotos-a-pdf-desde-movil/","es","https://funnytools.win/fr/","fr","Français","nav","false","true","true","language-switch"
"https://funnytools.win/es/guias/grafico-barras-trabajo-escolar/","es","https://funnytools.win/guides/bar-chart-school-report-guide/","zh","繁中","content","false","true","false","language-switch"
"https://funnytools.win/es/guias/grafico-barras-trabajo-escolar/","es","https://funnytools.win/en/guides/bar-chart-school-report-guide/","en","English","content","false","true","false","language-switch"
"https://funnytools.win/es/guias/grafico-barras-trabajo-escolar/","es","https://funnytools.win/guides/bar-chart-school-report-guide/","zh","繁中","nav","false","true","true","language-switch"
"https://funnytools.win/es/guias/grafico-barras-trabajo-escolar/","es","https://funnytools.win/en/guides/bar-chart-school-report-guide/","en","English","nav","false","true","true","language-switch"
"https://funnytools.win/es/guias/grafico-barras-trabajo-escolar/","es","https://funnytools.win/affiliate-disclosure/","zh","Información completa (en chino tradicional)","content","false","true","false","intent:disclosure-only-zh"
"https://funnytools.win/es/guias/grafico-barras-trabajo-escolar/","es","https://funnytools.win/","zh","繁體中文","nav","false","true","true","language-switch"
"https://funnytools.win/es/guias/grafico-barras-trabajo-escolar/","es","https://funnytools.win/en/","en","English","nav","false","true","true","language-switch"
"https://funnytools.win/es/guias/grafico-barras-trabajo-escolar/","es","https://funnytools.win/fr/","fr","Français","nav","false","true","true","language-switch"
"https://funnytools.win/es/guias/grupos-aleatorios-clase/","es","https://funnytools.win/guides/classroom-random-group-guide/","zh","繁中","content","false","true","false","language-switch"
"https://funnytools.win/es/guias/grupos-aleatorios-clase/","es","https://funnytools.win/en/guides/classroom-random-group-guide/","en","English","content","false","true","false","language-switch"
"https://funnytools.win/es/guias/grupos-aleatorios-clase/","es","https://funnytools.win/guides/classroom-random-group-guide/","zh","繁中","nav","false","true","true","language-switch"
"https://funnytools.win/es/guias/grupos-aleatorios-clase/","es","https://funnytools.win/en/guides/classroom-random-group-guide/","en","English","nav","false","true","true","language-switch"
"https://funnytools.win/es/guias/grupos-aleatorios-clase/","es","https://funnytools.win/affiliate-disclosure/","zh","Información completa (en chino tradicional)","content","false","true","false","intent:disclosure-only-zh"
"https://funnytools.win/es/guias/grupos-aleatorios-clase/","es","https://funnytools.win/","zh","繁體中文","nav","false","true","true","language-switch"
"https://funnytools.win/es/guias/grupos-aleatorios-clase/","es","https://funnytools.win/en/","en","English","nav","false","true","true","language-switch"
"https://funnytools.win/es/guias/grupos-aleatorios-clase/","es","https://funnytools.win/fr/","fr","Français","nav","false","true","true","language-switch"
"https://funnytools.win/es/guias/","es","https://funnytools.win/guides/","zh","繁中","content","false","true","false","language-switch"
"https://funnytools.win/es/guias/","es","https://funnytools.win/en/guides/","en","English","content","false","true","false","language-switch"
"https://funnytools.win/es/guias/","es","https://funnytools.win/guides/","zh","繁中","nav","false","true","true","language-switch"
"https://funnytools.win/es/guias/","es","https://funnytools.win/en/guides/","en","English","nav","false","true","true","language-switch"
"https://funnytools.win/es/guias/","es","https://funnytools.win/affiliate-disclosure/","zh","Información completa (en chino tradicional)","content","false","true","false","intent:disclosure-only-zh"
"https://funnytools.win/es/guias/","es","https://funnytools.win/","zh","繁體中文","nav","false","true","true","language-switch"
"https://funnytools.win/es/guias/","es","https://funnytools.win/en/","en","English","nav","false","true","true","language-switch"
"https://funnytools.win/es/guias/","es","https://funnytools.win/fr/","fr","Français","nav","false","true","true","language-switch"
"https://funnytools.win/es/guias/interaccion-anova-dos-factores/","es","https://funnytools.win/guides/two-way-anova-interaction-guide/","zh","繁中","content","false","true","false","language-switch"
"https://funnytools.win/es/guias/interaccion-anova-dos-factores/","es","https://funnytools.win/en/guides/two-way-anova-interaction-guide/","en","English","content","false","true","false","language-switch"
"https://funnytools.win/es/guias/interaccion-anova-dos-factores/","es","https://funnytools.win/guides/two-way-anova-interaction-guide/","zh","繁中","nav","false","true","true","language-switch"
"https://funnytools.win/es/guias/interaccion-anova-dos-factores/","es","https://funnytools.win/en/guides/two-way-anova-interaction-guide/","en","English","nav","false","true","true","language-switch"
"https://funnytools.win/es/guias/interaccion-anova-dos-factores/","es","https://funnytools.win/affiliate-disclosure/","zh","Información completa (en chino tradicional)","content","false","true","false","intent:disclosure-only-zh"
"https://funnytools.win/es/guias/interaccion-anova-dos-factores/","es","https://funnytools.win/","zh","繁體中文","nav","false","true","true","language-switch"
"https://funnytools.win/es/guias/interaccion-anova-dos-factores/","es","https://funnytools.win/en/","en","English","nav","false","true","true","language-switch"
"https://funnytools.win/es/guias/interaccion-anova-dos-factores/","es","https://funnytools.win/fr/","fr","Français","nav","false","true","true","language-switch"
"https://funnytools.win/es/guias/kb-mb-gb-tb-conversion/","es","https://funnytools.win/guides/file-size-units-guide/","zh","繁中","content","false","true","false","language-switch"
"https://funnytools.win/es/guias/kb-mb-gb-tb-conversion/","es","https://funnytools.win/guides/file-size-units-guide/","zh","繁中","nav","false","true","true","language-switch"
"https://funnytools.win/es/guias/kb-mb-gb-tb-conversion/","es","https://funnytools.win/affiliate-disclosure/","zh","Información completa (en chino tradicional)","content","false","true","false","intent:disclosure-only-zh"
"https://funnytools.win/es/guias/kb-mb-gb-tb-conversion/","es","https://funnytools.win/","zh","繁體中文","nav","false","true","true","language-switch"
"https://funnytools.win/es/guias/kb-mb-gb-tb-conversion/","es","https://funnytools.win/en/","en","English","nav","false","true","true","language-switch"
"https://funnytools.win/es/guias/kb-mb-gb-tb-conversion/","es","https://funnytools.win/fr/","fr","Français","nav","false","true","true","language-switch"
"https://funnytools.win/es/guias/limite-palabras-ensayos-examenes/","es","https://funnytools.win/guides/word-count-essay-limits-guide/","zh","繁中","content","false","true","false","language-switch"
"https://funnytools.win/es/guias/limite-palabras-ensayos-examenes/","es","https://funnytools.win/en/guides/word-count-essay-limits-guide/","en","English","content","false","true","false","language-switch"
"https://funnytools.win/es/guias/limite-palabras-ensayos-examenes/","es","https://funnytools.win/guides/word-count-essay-limits-guide/","zh","繁中","nav","false","true","true","language-switch"
"https://funnytools.win/es/guias/limite-palabras-ensayos-examenes/","es","https://funnytools.win/en/guides/word-count-essay-limits-guide/","en","English","nav","false","true","true","language-switch"
"https://funnytools.win/es/guias/limite-palabras-ensayos-examenes/","es","https://funnytools.win/affiliate-disclosure/","zh","Información completa (en chino tradicional)","content","false","true","false","intent:disclosure-only-zh"
"https://funnytools.win/es/guias/limite-palabras-ensayos-examenes/","es","https://funnytools.win/","zh","繁體中文","nav","false","true","true","language-switch"
"https://funnytools.win/es/guias/limite-palabras-ensayos-examenes/","es","https://funnytools.win/en/","en","English","nav","false","true","true","language-switch"
"https://funnytools.win/es/guias/limite-palabras-ensayos-examenes/","es","https://funnytools.win/fr/","fr","Français","nav","false","true","true","language-switch"
"https://funnytools.win/es/guias/prueba-levene-spss/","es","https://funnytools.win/guides/spss-levene-test-guide/","zh","繁中","content","false","true","false","language-switch"
"https://funnytools.win/es/guias/prueba-levene-spss/","es","https://funnytools.win/en/guides/spss-levene-test-guide/","en","English","content","false","true","false","language-switch"
"https://funnytools.win/es/guias/prueba-levene-spss/","es","https://funnytools.win/guides/spss-levene-test-guide/","zh","繁中","nav","false","true","true","language-switch"
"https://funnytools.win/es/guias/prueba-levene-spss/","es","https://funnytools.win/en/guides/spss-levene-test-guide/","en","English","nav","false","true","true","language-switch"
"https://funnytools.win/es/guias/prueba-levene-spss/","es","https://funnytools.win/affiliate-disclosure/","zh","Información completa (en chino tradicional)","content","false","true","false","intent:disclosure-only-zh"
"https://funnytools.win/es/guias/prueba-levene-spss/","es","https://funnytools.win/","zh","繁體中文","nav","false","true","true","language-switch"
"https://funnytools.win/es/guias/prueba-levene-spss/","es","https://funnytools.win/en/","en","English","nav","false","true","true","language-switch"
"https://funnytools.win/es/guias/prueba-levene-spss/","es","https://funnytools.win/fr/","fr","Français","nav","false","true","true","language-switch"
"https://funnytools.win/es/guias/prueba-t-formato-apa-7/","es","https://funnytools.win/guides/t-test-apa-format-guide/","zh","繁中","content","false","true","false","language-switch"
"https://funnytools.win/es/guias/prueba-t-formato-apa-7/","es","https://funnytools.win/en/guides/t-test-apa-format-guide/","en","English","content","false","true","false","language-switch"
"https://funnytools.win/es/guias/prueba-t-formato-apa-7/","es","https://funnytools.win/guides/t-test-apa-format-guide/","zh","繁中","nav","false","true","true","language-switch"
"https://funnytools.win/es/guias/prueba-t-formato-apa-7/","es","https://funnytools.win/en/guides/t-test-apa-format-guide/","en","English","nav","false","true","true","language-switch"
"https://funnytools.win/es/guias/prueba-t-formato-apa-7/","es","https://funnytools.win/affiliate-disclosure/","zh","Información completa (en chino tradicional)","content","false","true","false","intent:disclosure-only-zh"
"https://funnytools.win/es/guias/prueba-t-formato-apa-7/","es","https://funnytools.win/","zh","繁體中文","nav","false","true","true","language-switch"
"https://funnytools.win/es/guias/prueba-t-formato-apa-7/","es","https://funnytools.win/en/","en","English","nav","false","true","true","language-switch"
"https://funnytools.win/es/guias/prueba-t-formato-apa-7/","es","https://funnytools.win/fr/","fr","Français","nav","false","true","true","language-switch"
"https://funnytools.win/es/guias/puntuacion-t-interpretacion/","es","https://funnytools.win/guides/t-score-calculator-guide/","zh","繁中","content","false","true","false","language-switch"
"https://funnytools.win/es/guias/puntuacion-t-interpretacion/","es","https://funnytools.win/en/guides/t-score-calculator-guide/","en","English","content","false","true","false","language-switch"
"https://funnytools.win/es/guias/puntuacion-t-interpretacion/","es","https://funnytools.win/guides/t-score-calculator-guide/","zh","繁中","nav","false","true","true","language-switch"
"https://funnytools.win/es/guias/puntuacion-t-interpretacion/","es","https://funnytools.win/en/guides/t-score-calculator-guide/","en","English","nav","false","true","true","language-switch"
"https://funnytools.win/es/guias/puntuacion-t-interpretacion/","es","https://funnytools.win/affiliate-disclosure/","zh","Información completa (en chino tradicional)","content","false","true","false","intent:disclosure-only-zh"
"https://funnytools.win/es/guias/puntuacion-t-interpretacion/","es","https://funnytools.win/","zh","繁體中文","nav","false","true","true","language-switch"
"https://funnytools.win/es/guias/puntuacion-t-interpretacion/","es","https://funnytools.win/en/","en","English","nav","false","true","true","language-switch"
"https://funnytools.win/es/guias/puntuacion-t-interpretacion/","es","https://funnytools.win/fr/","fr","Français","nav","false","true","true","language-switch"
"https://funnytools.win/es/guias/puntuacion-z-interpretacion/","es","https://funnytools.win/guides/z-score-calculator-guide/","zh","繁中","content","false","true","false","language-switch"
"https://funnytools.win/es/guias/puntuacion-z-interpretacion/","es","https://funnytools.win/en/guides/z-score-calculator-guide/","en","English","content","false","true","false","language-switch"
"https://funnytools.win/es/guias/puntuacion-z-interpretacion/","es","https://funnytools.win/guides/z-score-calculator-guide/","zh","繁中","nav","false","true","true","language-switch"
"https://funnytools.win/es/guias/puntuacion-z-interpretacion/","es","https://funnytools.win/en/guides/z-score-calculator-guide/","en","English","nav","false","true","true","language-switch"
"https://funnytools.win/es/guias/puntuacion-z-interpretacion/","es","https://funnytools.win/affiliate-disclosure/","zh","Información completa (en chino tradicional)","content","false","true","false","intent:disclosure-only-zh"
"https://funnytools.win/es/guias/puntuacion-z-interpretacion/","es","https://funnytools.win/","zh","繁體中文","nav","false","true","true","language-switch"
"https://funnytools.win/es/guias/puntuacion-z-interpretacion/","es","https://funnytools.win/en/","en","English","nav","false","true","true","language-switch"
"https://funnytools.win/es/guias/puntuacion-z-interpretacion/","es","https://funnytools.win/fr/","fr","Français","nav","false","true","true","language-switch"
"https://funnytools.win/es/guias/rango-percentil-interpretacion/","es","https://funnytools.win/guides/percentile-rank-guide/","zh","繁中","content","false","true","false","language-switch"
"https://funnytools.win/es/guias/rango-percentil-interpretacion/","es","https://funnytools.win/en/guides/percentile-rank-guide/","en","English","content","false","true","false","language-switch"
"https://funnytools.win/es/guias/rango-percentil-interpretacion/","es","https://funnytools.win/guides/percentile-rank-guide/","zh","繁中","nav","false","true","true","language-switch"
"https://funnytools.win/es/guias/rango-percentil-interpretacion/","es","https://funnytools.win/en/guides/percentile-rank-guide/","en","English","nav","false","true","true","language-switch"
"https://funnytools.win/es/guias/rango-percentil-interpretacion/","es","https://funnytools.win/affiliate-disclosure/","zh","Información completa (en chino tradicional)","content","false","true","false","intent:disclosure-only-zh"
"https://funnytools.win/es/guias/rango-percentil-interpretacion/","es","https://funnytools.win/","zh","繁體中文","nav","false","true","true","language-switch"
"https://funnytools.win/es/guias/rango-percentil-interpretacion/","es","https://funnytools.win/en/","en","English","nav","false","true","true","language-switch"
"https://funnytools.win/es/guias/rango-percentil-interpretacion/","es","https://funnytools.win/fr/","fr","Français","nav","false","true","true","language-switch"
"https://funnytools.win/es/guias/ruleta-sorteos-clase/","es","https://funnytools.win/guides/classroom-lottery-tool-guide/","zh","繁中","content","false","true","false","language-switch"
"https://funnytools.win/es/guias/ruleta-sorteos-clase/","es","https://funnytools.win/en/guides/classroom-lottery-tool-guide/","en","English","content","false","true","false","language-switch"
"https://funnytools.win/es/guias/ruleta-sorteos-clase/","es","https://funnytools.win/guides/classroom-lottery-tool-guide/","zh","繁中","nav","false","true","true","language-switch"
"https://funnytools.win/es/guias/ruleta-sorteos-clase/","es","https://funnytools.win/en/guides/classroom-lottery-tool-guide/","en","English","nav","false","true","true","language-switch"
"https://funnytools.win/es/guias/ruleta-sorteos-clase/","es","https://funnytools.win/affiliate-disclosure/","zh","Información completa (en chino tradicional)","content","false","true","false","intent:disclosure-only-zh"
"https://funnytools.win/es/guias/ruleta-sorteos-clase/","es","https://funnytools.win/","zh","繁體中文","nav","false","true","true","language-switch"
"https://funnytools.win/es/guias/ruleta-sorteos-clase/","es","https://funnytools.win/en/","en","English","nav","false","true","true","language-switch"
"https://funnytools.win/es/guias/ruleta-sorteos-clase/","es","https://funnytools.win/fr/","fr","Français","nav","false","true","true","language-switch"
"https://funnytools.win/es/guias/selector-aleatorio-alumnos/","es","https://funnytools.win/guides/classroom-random-picker-guide/","zh","繁中","content","false","true","false","language-switch"
"https://funnytools.win/es/guias/selector-aleatorio-alumnos/","es","https://funnytools.win/en/guides/classroom-random-picker-guide/","en","English","content","false","true","false","language-switch"
"https://funnytools.win/es/guias/selector-aleatorio-alumnos/","es","https://funnytools.win/guides/classroom-random-picker-guide/","zh","繁中","nav","false","true","true","language-switch"
"https://funnytools.win/es/guias/selector-aleatorio-alumnos/","es","https://funnytools.win/en/guides/classroom-random-picker-guide/","en","English","nav","false","true","true","language-switch"
"https://funnytools.win/es/guias/selector-aleatorio-alumnos/","es","https://funnytools.win/affiliate-disclosure/","zh","Información completa (en chino tradicional)","content","false","true","false","intent:disclosure-only-zh"
"https://funnytools.win/es/guias/selector-aleatorio-alumnos/","es","https://funnytools.win/","zh","繁體中文","nav","false","true","true","language-switch"
"https://funnytools.win/es/guias/selector-aleatorio-alumnos/","es","https://funnytools.win/en/","en","English","nav","false","true","true","language-switch"
"https://funnytools.win/es/guias/selector-aleatorio-alumnos/","es","https://funnytools.win/fr/","fr","Français","nav","false","true","true","language-switch"
"https://funnytools.win/es/guias/temporizador-clase/","es","https://funnytools.win/guides/classroom-timer-guide/","zh","繁中","content","false","true","false","language-switch"
"https://funnytools.win/es/guias/temporizador-clase/","es","https://funnytools.win/en/guides/classroom-timer-guide/","en","English","content","false","true","false","language-switch"
"https://funnytools.win/es/guias/temporizador-clase/","es","https://funnytools.win/guides/classroom-timer-guide/","zh","繁中","nav","false","true","true","language-switch"
"https://funnytools.win/es/guias/temporizador-clase/","es","https://funnytools.win/en/guides/classroom-timer-guide/","en","English","nav","false","true","true","language-switch"
"https://funnytools.win/es/guias/temporizador-clase/","es","https://funnytools.win/affiliate-disclosure/","zh","Información completa (en chino tradicional)","content","false","true","false","intent:disclosure-only-zh"
"https://funnytools.win/es/guias/temporizador-clase/","es","https://funnytools.win/","zh","繁體中文","nav","false","true","true","language-switch"
"https://funnytools.win/es/guias/temporizador-clase/","es","https://funnytools.win/en/","en","English","nav","false","true","true","language-switch"
"https://funnytools.win/es/guias/temporizador-clase/","es","https://funnytools.win/fr/","fr","Français","nav","false","true","true","language-switch"
"https://funnytools.win/es/guias/unir-pdf-sin-subir-archivos/","es","https://funnytools.win/guides/merge-pdf-private-guide/","zh","繁中","content","false","true","false","language-switch"
"https://funnytools.win/es/guias/unir-pdf-sin-subir-archivos/","es","https://funnytools.win/en/guides/merge-pdf-private-guide/","en","English","content","false","true","false","language-switch"
"https://funnytools.win/es/guias/unir-pdf-sin-subir-archivos/","es","https://funnytools.win/guides/merge-pdf-private-guide/","zh","繁中","nav","false","true","true","language-switch"
"https://funnytools.win/es/guias/unir-pdf-sin-subir-archivos/","es","https://funnytools.win/en/guides/merge-pdf-private-guide/","en","English","nav","false","true","true","language-switch"
"https://funnytools.win/es/guias/unir-pdf-sin-subir-archivos/","es","https://funnytools.win/affiliate-disclosure/","zh","Información completa (en chino tradicional)","content","false","true","false","intent:disclosure-only-zh"
"https://funnytools.win/es/guias/unir-pdf-sin-subir-archivos/","es","https://funnytools.win/","zh","繁體中文","nav","false","true","true","language-switch"
"https://funnytools.win/es/guias/unir-pdf-sin-subir-archivos/","es","https://funnytools.win/en/","en","English","nav","false","true","true","language-switch"
"https://funnytools.win/es/guias/unir-pdf-sin-subir-archivos/","es","https://funnytools.win/fr/","fr","Français","nav","false","true","true","language-switch"
"https://funnytools.win/es/herramientas/cad-2d-online/","es","https://funnytools.win/tools/cad-2d/","zh","繁中","content","false","true","false","language-switch"
"https://funnytools.win/es/herramientas/cad-2d-online/","es","https://funnytools.win/en/tools/cad-2d/","en","English","content","false","true","false","language-switch"
"https://funnytools.win/es/herramientas/cad-2d-online/","es","https://funnytools.win/fr/outils/cao-2d-en-ligne/","fr","Français","content","false","true","false","language-switch"
"https://funnytools.win/es/herramientas/cad-2d-online/","es","https://funnytools.win/tools/cad-2d/","zh","繁中","nav","false","true","true","language-switch"
"https://funnytools.win/es/herramientas/cad-2d-online/","es","https://funnytools.win/en/tools/cad-2d/","en","English","nav","false","true","true","language-switch"
"https://funnytools.win/es/herramientas/cad-2d-online/","es","https://funnytools.win/fr/outils/cao-2d-en-ligne/","fr","Français","nav","false","true","true","language-switch"
"https://funnytools.win/es/herramientas/cad-2d-online/","es","https://funnytools.win/affiliate-disclosure/","zh","Información completa (en chino tradicional)","content","false","true","false","intent:disclosure-only-zh"
"https://funnytools.win/es/herramientas/cad-2d-online/","es","https://funnytools.win/","zh","繁體中文","nav","false","true","true","language-switch"
"https://funnytools.win/es/herramientas/cad-2d-online/","es","https://funnytools.win/en/","en","English","nav","false","true","true","language-switch"
"https://funnytools.win/es/herramientas/cad-2d-online/","es","https://funnytools.win/fr/","fr","Français","nav","false","true","true","language-switch"
"https://funnytools.win/es/herramientas/calculadora-alfa-cronbach/","es","https://funnytools.win/tools/cronbach-alpha-calculator/","zh","繁中","content","false","true","false","language-switch"
"https://funnytools.win/es/herramientas/calculadora-alfa-cronbach/","es","https://funnytools.win/en/tools/cronbach-alpha-calculator/","en","English","content","false","true","false","language-switch"
"https://funnytools.win/es/herramientas/calculadora-alfa-cronbach/","es","https://funnytools.win/tools/cronbach-alpha-calculator/","zh","繁中","nav","false","true","true","language-switch"
"https://funnytools.win/es/herramientas/calculadora-alfa-cronbach/","es","https://funnytools.win/en/tools/cronbach-alpha-calculator/","en","English","nav","false","true","true","language-switch"
"https://funnytools.win/es/herramientas/calculadora-alfa-cronbach/","es","https://funnytools.win/affiliate-disclosure/","zh","Información completa (en chino tradicional)","content","false","true","false","intent:disclosure-only-zh"
"https://funnytools.win/es/herramientas/calculadora-alfa-cronbach/","es","https://funnytools.win/","zh","繁體中文","nav","false","true","true","language-switch"
"https://funnytools.win/es/herramientas/calculadora-alfa-cronbach/","es","https://funnytools.win/en/","en","English","nav","false","true","true","language-switch"
"https://funnytools.win/es/herramientas/calculadora-alfa-cronbach/","es","https://funnytools.win/fr/","fr","Français","nav","false","true","true","language-switch"
"https://funnytools.win/es/herramientas/calculadora-de-edad/","es","https://funnytools.win/tools/age-calculator/","zh","繁中","content","false","true","false","language-switch"
"https://funnytools.win/es/herramientas/calculadora-de-edad/","es","https://funnytools.win/en/tools/age-calculator/","en","English","content","false","true","false","language-switch"
"https://funnytools.win/es/herramientas/calculadora-de-edad/","es","https://funnytools.win/fr/outils/calculateur-age/","fr","Français","content","false","true","false","language-switch"
"https://funnytools.win/es/herramientas/calculadora-de-edad/","es","https://funnytools.win/tools/age-calculator/","zh","繁中","nav","false","true","true","language-switch"
"https://funnytools.win/es/herramientas/calculadora-de-edad/","es","https://funnytools.win/en/tools/age-calculator/","en","English","nav","false","true","true","language-switch"
"https://funnytools.win/es/herramientas/calculadora-de-edad/","es","https://funnytools.win/fr/outils/calculateur-age/","fr","Français","nav","false","true","true","language-switch"
"https://funnytools.win/es/herramientas/calculadora-de-edad/","es","https://funnytools.win/affiliate-disclosure/","zh","Información completa (en chino tradicional)","content","false","true","false","intent:disclosure-only-zh"
"https://funnytools.win/es/herramientas/calculadora-de-edad/","es","https://funnytools.win/","zh","繁體中文","nav","false","true","true","language-switch"
"https://funnytools.win/es/herramientas/calculadora-de-edad/","es","https://funnytools.win/en/","en","English","nav","false","true","true","language-switch"
"https://funnytools.win/es/herramientas/calculadora-de-edad/","es","https://funnytools.win/fr/","fr","Français","nav","false","true","true","language-switch"
"https://funnytools.win/es/herramientas/calculadora-desviacion-estandar/","es","https://funnytools.win/tools/standard-deviation/","zh","繁中","content","false","true","false","language-switch"
"https://funnytools.win/es/herramientas/calculadora-desviacion-estandar/","es","https://funnytools.win/en/tools/standard-deviation/","en","English","content","false","true","false","language-switch"
"https://funnytools.win/es/herramientas/calculadora-desviacion-estandar/","es","https://funnytools.win/fr/outils/calculateur-ecart-type/","fr","Français","content","false","true","false","language-switch"
"https://funnytools.win/es/herramientas/calculadora-desviacion-estandar/","es","https://funnytools.win/tools/standard-deviation/","zh","繁中","nav","false","true","true","language-switch"
"https://funnytools.win/es/herramientas/calculadora-desviacion-estandar/","es","https://funnytools.win/en/tools/standard-deviation/","en","English","nav","false","true","true","language-switch"
"https://funnytools.win/es/herramientas/calculadora-desviacion-estandar/","es","https://funnytools.win/fr/outils/calculateur-ecart-type/","fr","Français","nav","false","true","true","language-switch"
"https://funnytools.win/es/herramientas/calculadora-desviacion-estandar/","es","https://funnytools.win/affiliate-disclosure/","zh","Información completa (en chino tradicional)","content","false","true","false","intent:disclosure-only-zh"
"https://funnytools.win/es/herramientas/calculadora-desviacion-estandar/","es","https://funnytools.win/","zh","繁體中文","nav","false","true","true","language-switch"
"https://funnytools.win/es/herramientas/calculadora-desviacion-estandar/","es","https://funnytools.win/en/","en","English","nav","false","true","true","language-switch"
"https://funnytools.win/es/herramientas/calculadora-desviacion-estandar/","es","https://funnytools.win/fr/","fr","Français","nav","false","true","true","language-switch"
"https://funnytools.win/es/herramientas/calculadora-dias-laborables/","es","https://funnytools.win/tools/business-days/","zh","繁中","content","false","true","false","language-switch"
"https://funnytools.win/es/herramientas/calculadora-dias-laborables/","es","https://funnytools.win/en/tools/business-days/","en","English","content","false","true","false","language-switch"
"https://funnytools.win/es/herramientas/calculadora-dias-laborables/","es","https://funnytools.win/fr/outils/calculateur-jours-ouvres/","fr","Français","content","false","true","false","language-switch"
"https://funnytools.win/es/herramientas/calculadora-dias-laborables/","es","https://funnytools.win/tools/business-days/","zh","繁中","nav","false","true","true","language-switch"
"https://funnytools.win/es/herramientas/calculadora-dias-laborables/","es","https://funnytools.win/en/tools/business-days/","en","English","nav","false","true","true","language-switch"
"https://funnytools.win/es/herramientas/calculadora-dias-laborables/","es","https://funnytools.win/fr/outils/calculateur-jours-ouvres/","fr","Français","nav","false","true","true","language-switch"
"https://funnytools.win/es/herramientas/calculadora-dias-laborables/","es","https://funnytools.win/affiliate-disclosure/","zh","Información completa (en chino tradicional)","content","false","true","false","intent:disclosure-only-zh"
"https://funnytools.win/es/herramientas/calculadora-dias-laborables/","es","https://funnytools.win/","zh","繁體中文","nav","false","true","true","language-switch"
"https://funnytools.win/es/herramientas/calculadora-dias-laborables/","es","https://funnytools.win/en/","en","English","nav","false","true","true","language-switch"
"https://funnytools.win/es/herramientas/calculadora-dias-laborables/","es","https://funnytools.win/fr/","fr","Français","nav","false","true","true","language-switch"
"https://funnytools.win/es/herramientas/calculadora-gpa/","es","https://funnytools.win/tools/gpa-calculator/","zh","繁中","content","false","true","false","language-switch"
"https://funnytools.win/es/herramientas/calculadora-gpa/","es","https://funnytools.win/en/tools/gpa-calculator/","en","English","content","false","true","false","language-switch"
"https://funnytools.win/es/herramientas/calculadora-gpa/","es","https://funnytools.win/tools/gpa-calculator/","zh","繁中","nav","false","true","true","language-switch"
"https://funnytools.win/es/herramientas/calculadora-gpa/","es","https://funnytools.win/en/tools/gpa-calculator/","en","English","nav","false","true","true","language-switch"
"https://funnytools.win/es/herramientas/calculadora-gpa/","es","https://funnytools.win/affiliate-disclosure/","zh","Información completa (en chino tradicional)","content","false","true","false","intent:disclosure-only-zh"
"https://funnytools.win/es/herramientas/calculadora-gpa/","es","https://funnytools.win/","zh","繁體中文","nav","false","true","true","language-switch"
"https://funnytools.win/es/herramientas/calculadora-gpa/","es","https://funnytools.win/en/","en","English","nav","false","true","true","language-switch"
"https://funnytools.win/es/herramientas/calculadora-gpa/","es","https://funnytools.win/fr/","fr","Français","nav","false","true","true","language-switch"
"https://funnytools.win/es/herramientas/calculadora-hipoteca/","es","https://funnytools.win/tools/mortgage-payment/","zh","繁中","content","false","true","false","language-switch"
"https://funnytools.win/es/herramientas/calculadora-hipoteca/","es","https://funnytools.win/en/tools/mortgage-payment/","en","English","content","false","true","false","language-switch"
"https://funnytools.win/es/herramientas/calculadora-hipoteca/","es","https://funnytools.win/fr/outils/calculateur-mensualite-pret-immobilier/","fr","Français","content","false","true","false","language-switch"
"https://funnytools.win/es/herramientas/calculadora-hipoteca/","es","https://funnytools.win/tools/mortgage-payment/","zh","繁中","nav","false","true","true","language-switch"
"https://funnytools.win/es/herramientas/calculadora-hipoteca/","es","https://funnytools.win/en/tools/mortgage-payment/","en","English","nav","false","true","true","language-switch"
"https://funnytools.win/es/herramientas/calculadora-hipoteca/","es","https://funnytools.win/fr/outils/calculateur-mensualite-pret-immobilier/","fr","Français","nav","false","true","true","language-switch"
"https://funnytools.win/es/herramientas/calculadora-hipoteca/","es","https://funnytools.win/affiliate-disclosure/","zh","Información completa (en chino tradicional)","content","false","true","false","intent:disclosure-only-zh"
"https://funnytools.win/es/herramientas/calculadora-hipoteca/","es","https://funnytools.win/","zh","繁體中文","nav","false","true","true","language-switch"
"https://funnytools.win/es/herramientas/calculadora-hipoteca/","es","https://funnytools.win/en/","en","English","nav","false","true","true","language-switch"
"https://funnytools.win/es/herramientas/calculadora-hipoteca/","es","https://funnytools.win/fr/","fr","Français","nav","false","true","true","language-switch"
"https://funnytools.win/es/herramientas/calculadora-horas-extra/","es","https://funnytools.win/tools/overtime-pay/","zh","繁中","content","false","true","false","language-switch"
"https://funnytools.win/es/herramientas/calculadora-horas-extra/","es","https://funnytools.win/en/tools/overtime-pay/","en","English","content","false","true","false","language-switch"
"https://funnytools.win/es/herramientas/calculadora-horas-extra/","es","https://funnytools.win/fr/outils/calculateur-heures-supplementaires/","fr","Français","content","false","true","false","language-switch"
"https://funnytools.win/es/herramientas/calculadora-horas-extra/","es","https://funnytools.win/tools/overtime-pay/","zh","繁中","nav","false","true","true","language-switch"
"https://funnytools.win/es/herramientas/calculadora-horas-extra/","es","https://funnytools.win/en/tools/overtime-pay/","en","English","nav","false","true","true","language-switch"
"https://funnytools.win/es/herramientas/calculadora-horas-extra/","es","https://funnytools.win/fr/outils/calculateur-heures-supplementaires/","fr","Français","nav","false","true","true","language-switch"
"https://funnytools.win/es/herramientas/calculadora-horas-extra/","es","https://funnytools.win/affiliate-disclosure/","zh","Información completa (en chino tradicional)","content","false","true","false","intent:disclosure-only-zh"
"https://funnytools.win/es/herramientas/calculadora-horas-extra/","es","https://funnytools.win/","zh","繁體中文","nav","false","true","true","language-switch"
"https://funnytools.win/es/herramientas/calculadora-horas-extra/","es","https://funnytools.win/en/","en","English","nav","false","true","true","language-switch"
"https://funnytools.win/es/herramientas/calculadora-horas-extra/","es","https://funnytools.win/fr/","fr","Français","nav","false","true","true","language-switch"
"https://funnytools.win/es/herramientas/calculadora-inflacion/","es","https://funnytools.win/tools/inflation/","zh","繁中","content","false","true","false","language-switch"
"https://funnytools.win/es/herramientas/calculadora-inflacion/","es","https://funnytools.win/en/tools/inflation/","en","English","content","false","true","false","language-switch"
"https://funnytools.win/es/herramientas/calculadora-inflacion/","es","https://funnytools.win/fr/outils/calculateur-inflation-pouvoir-achat/","fr","Français","content","false","true","false","language-switch"
"https://funnytools.win/es/herramientas/calculadora-inflacion/","es","https://funnytools.win/tools/inflation/","zh","繁中","nav","false","true","true","language-switch"
"https://funnytools.win/es/herramientas/calculadora-inflacion/","es","https://funnytools.win/en/tools/inflation/","en","English","nav","false","true","true","language-switch"
"https://funnytools.win/es/herramientas/calculadora-inflacion/","es","https://funnytools.win/fr/outils/calculateur-inflation-pouvoir-achat/","fr","Français","nav","false","true","true","language-switch"
"https://funnytools.win/es/herramientas/calculadora-inflacion/","es","https://funnytools.win/affiliate-disclosure/","zh","Información completa (en chino tradicional)","content","false","true","false","intent:disclosure-only-zh"
"https://funnytools.win/es/herramientas/calculadora-inflacion/","es","https://funnytools.win/","zh","繁體中文","nav","false","true","true","language-switch"
"https://funnytools.win/es/herramientas/calculadora-inflacion/","es","https://funnytools.win/en/","en","English","nav","false","true","true","language-switch"
"https://funnytools.win/es/herramientas/calculadora-inflacion/","es","https://funnytools.win/fr/","fr","Français","nav","false","true","true","language-switch"
"https://funnytools.win/es/herramientas/calculadora-interes-compuesto/","es","https://funnytools.win/tools/compound-interest/","zh","繁中","content","false","true","false","language-switch"
"https://funnytools.win/es/herramientas/calculadora-interes-compuesto/","es","https://funnytools.win/en/tools/compound-interest/","en","English","content","false","true","false","language-switch"
"https://funnytools.win/es/herramientas/calculadora-interes-compuesto/","es","https://funnytools.win/fr/outils/calculateur-interets-composes/","fr","Français","content","false","true","false","language-switch"
"https://funnytools.win/es/herramientas/calculadora-interes-compuesto/","es","https://funnytools.win/tools/compound-interest/","zh","繁中","nav","false","true","true","language-switch"
"https://funnytools.win/es/herramientas/calculadora-interes-compuesto/","es","https://funnytools.win/en/tools/compound-interest/","en","English","nav","false","true","true","language-switch"
"https://funnytools.win/es/herramientas/calculadora-interes-compuesto/","es","https://funnytools.win/fr/outils/calculateur-interets-composes/","fr","Français","nav","false","true","true","language-switch"
"https://funnytools.win/es/herramientas/calculadora-interes-compuesto/","es","https://funnytools.win/affiliate-disclosure/","zh","Información completa (en chino tradicional)","content","false","true","false","intent:disclosure-only-zh"
"https://funnytools.win/es/herramientas/calculadora-interes-compuesto/","es","https://funnytools.win/","zh","繁體中文","nav","false","true","true","language-switch"
"https://funnytools.win/es/herramientas/calculadora-interes-compuesto/","es","https://funnytools.win/en/","en","English","nav","false","true","true","language-switch"
"https://funnytools.win/es/herramientas/calculadora-interes-compuesto/","es","https://funnytools.win/fr/","fr","Français","nav","false","true","true","language-switch"
"https://funnytools.win/es/herramientas/calculadora-media-ponderada/","es","https://funnytools.win/tools/weighted-average-calculator/","zh","繁中","content","false","true","false","language-switch"
"https://funnytools.win/es/herramientas/calculadora-media-ponderada/","es","https://funnytools.win/en/tools/weighted-average-calculator/","en","English","content","false","true","false","language-switch"
"https://funnytools.win/es/herramientas/calculadora-media-ponderada/","es","https://funnytools.win/fr/outils/calculateur-moyenne-ponderee/","fr","Français","content","false","true","false","language-switch"
"https://funnytools.win/es/herramientas/calculadora-media-ponderada/","es","https://funnytools.win/tools/weighted-average-calculator/","zh","繁中","nav","false","true","true","language-switch"
"https://funnytools.win/es/herramientas/calculadora-media-ponderada/","es","https://funnytools.win/en/tools/weighted-average-calculator/","en","English","nav","false","true","true","language-switch"
"https://funnytools.win/es/herramientas/calculadora-media-ponderada/","es","https://funnytools.win/fr/outils/calculateur-moyenne-ponderee/","fr","Français","nav","false","true","true","language-switch"
"https://funnytools.win/es/herramientas/calculadora-media-ponderada/","es","https://funnytools.win/affiliate-disclosure/","zh","Información completa (en chino tradicional)","content","false","true","false","intent:disclosure-only-zh"
"https://funnytools.win/es/herramientas/calculadora-media-ponderada/","es","https://funnytools.win/","zh","繁體中文","nav","false","true","true","language-switch"
"https://funnytools.win/es/herramientas/calculadora-media-ponderada/","es","https://funnytools.win/en/","en","English","nav","false","true","true","language-switch"
"https://funnytools.win/es/herramientas/calculadora-media-ponderada/","es","https://funnytools.win/fr/","fr","Français","nav","false","true","true","language-switch"
"https://funnytools.win/es/herramientas/calculadora-meta-ahorro/","es","https://funnytools.win/tools/savings-goal/","zh","繁中","content","false","true","false","language-switch"
"https://funnytools.win/es/herramientas/calculadora-meta-ahorro/","es","https://funnytools.win/en/tools/savings-goal/","en","English","content","false","true","false","language-switch"
"https://funnytools.win/es/herramientas/calculadora-meta-ahorro/","es","https://funnytools.win/fr/outils/calculateur-objectif-epargne/","fr","Français","content","false","true","false","language-switch"
"https://funnytools.win/es/herramientas/calculadora-meta-ahorro/","es","https://funnytools.win/tools/savings-goal/","zh","繁中","nav","false","true","true","language-switch"
"https://funnytools.win/es/herramientas/calculadora-meta-ahorro/","es","https://funnytools.win/en/tools/savings-goal/","en","English","nav","false","true","true","language-switch"
"https://funnytools.win/es/herramientas/calculadora-meta-ahorro/","es","https://funnytools.win/fr/outils/calculateur-objectif-epargne/","fr","Français","nav","false","true","true","language-switch"
"https://funnytools.win/es/herramientas/calculadora-meta-ahorro/","es","https://funnytools.win/affiliate-disclosure/","zh","Información completa (en chino tradicional)","content","false","true","false","intent:disclosure-only-zh"
"https://funnytools.win/es/herramientas/calculadora-meta-ahorro/","es","https://funnytools.win/","zh","繁體中文","nav","false","true","true","language-switch"
"https://funnytools.win/es/herramientas/calculadora-meta-ahorro/","es","https://funnytools.win/en/","en","English","nav","false","true","true","language-switch"
"https://funnytools.win/es/herramientas/calculadora-meta-ahorro/","es","https://funnytools.win/fr/","fr","Français","nav","false","true","true","language-switch"
"https://funnytools.win/es/herramientas/calculadora-nota-oposicion-docente/","es","https://funnytools.win/tools/teacher-exam-score-converter/","zh","繁中","content","false","true","false","language-switch"
"https://funnytools.win/es/herramientas/calculadora-nota-oposicion-docente/","es","https://funnytools.win/en/tools/teacher-exam-score-converter/","en","English","content","false","true","false","language-switch"
"https://funnytools.win/es/herramientas/calculadora-nota-oposicion-docente/","es","https://funnytools.win/tools/teacher-exam-score-converter/","zh","繁中","nav","false","true","true","language-switch"
"https://funnytools.win/es/herramientas/calculadora-nota-oposicion-docente/","es","https://funnytools.win/en/tools/teacher-exam-score-converter/","en","English","nav","false","true","true","language-switch"
"https://funnytools.win/es/herramientas/calculadora-nota-oposicion-docente/","es","https://funnytools.win/affiliate-disclosure/","zh","Información completa (en chino tradicional)","content","false","true","false","intent:disclosure-only-zh"
"https://funnytools.win/es/herramientas/calculadora-nota-oposicion-docente/","es","https://funnytools.win/","zh","繁體中文","nav","false","true","true","language-switch"
"https://funnytools.win/es/herramientas/calculadora-nota-oposicion-docente/","es","https://funnytools.win/en/","en","English","nav","false","true","true","language-switch"
"https://funnytools.win/es/herramientas/calculadora-nota-oposicion-docente/","es","https://funnytools.win/fr/","fr","Français","nav","false","true","true","language-switch"
"https://funnytools.win/es/herramientas/calculadora-percentil-ranking-clase/","es","https://funnytools.win/tools/class-rank-percentile-calculator/","zh","繁中","content","false","true","false","language-switch"
"https://funnytools.win/es/herramientas/calculadora-percentil-ranking-clase/","es","https://funnytools.win/en/tools/class-rank-percentile-calculator/","en","English","content","false","true","false","language-switch"
"https://funnytools.win/es/herramientas/calculadora-percentil-ranking-clase/","es","https://funnytools.win/tools/class-rank-percentile-calculator/","zh","繁中","nav","false","true","true","language-switch"
"https://funnytools.win/es/herramientas/calculadora-percentil-ranking-clase/","es","https://funnytools.win/en/tools/class-rank-percentile-calculator/","en","English","nav","false","true","true","language-switch"
"https://funnytools.win/es/herramientas/calculadora-percentil-ranking-clase/","es","https://funnytools.win/affiliate-disclosure/","zh","Información completa (en chino tradicional)","content","false","true","false","intent:disclosure-only-zh"
"https://funnytools.win/es/herramientas/calculadora-percentil-ranking-clase/","es","https://funnytools.win/","zh","繁體中文","nav","false","true","true","language-switch"
"https://funnytools.win/es/herramientas/calculadora-percentil-ranking-clase/","es","https://funnytools.win/en/","en","English","nav","false","true","true","language-switch"
"https://funnytools.win/es/herramientas/calculadora-percentil-ranking-clase/","es","https://funnytools.win/fr/","fr","Français","nav","false","true","true","language-switch"
"https://funnytools.win/es/herramientas/calculadora-porcentajes/","es","https://funnytools.win/tools/percentage-calculator/","zh","繁中","content","false","true","false","language-switch"
"https://funnytools.win/es/herramientas/calculadora-porcentajes/","es","https://funnytools.win/en/tools/percentage-calculator/","en","English","content","false","true","false","language-switch"
"https://funnytools.win/es/herramientas/calculadora-porcentajes/","es","https://funnytools.win/fr/outils/calculateur-pourcentage/","fr","Français","content","false","true","false","language-switch"
"https://funnytools.win/es/herramientas/calculadora-porcentajes/","es","https://funnytools.win/tools/percentage-calculator/","zh","繁中","nav","false","true","true","language-switch"
"https://funnytools.win/es/herramientas/calculadora-porcentajes/","es","https://funnytools.win/en/tools/percentage-calculator/","en","English","nav","false","true","true","language-switch"
"https://funnytools.win/es/herramientas/calculadora-porcentajes/","es","https://funnytools.win/fr/outils/calculateur-pourcentage/","fr","Français","nav","false","true","true","language-switch"
"https://funnytools.win/es/herramientas/calculadora-porcentajes/","es","https://funnytools.win/affiliate-disclosure/","zh","Información completa (en chino tradicional)","content","false","true","false","intent:disclosure-only-zh"
"https://funnytools.win/es/herramientas/calculadora-porcentajes/","es","https://funnytools.win/","zh","繁體中文","nav","false","true","true","language-switch"
"https://funnytools.win/es/herramientas/calculadora-porcentajes/","es","https://funnytools.win/en/","en","English","nav","false","true","true","language-switch"
"https://funnytools.win/es/herramientas/calculadora-porcentajes/","es","https://funnytools.win/fr/","fr","Français","nav","false","true","true","language-switch"
"https://funnytools.win/es/herramientas/calculadora-promedio-notas/","es","https://funnytools.win/tools/grade-average/","zh","繁中","content","false","true","false","language-switch"
"https://funnytools.win/es/herramientas/calculadora-promedio-notas/","es","https://funnytools.win/en/tools/grade-average/","en","English","content","false","true","false","language-switch"
"https://funnytools.win/es/herramientas/calculadora-promedio-notas/","es","https://funnytools.win/fr/outils/calcul-moyenne-notes/","fr","Français","content","false","true","false","language-switch"
"https://funnytools.win/es/herramientas/calculadora-promedio-notas/","es","https://funnytools.win/tools/grade-average/","zh","繁中","nav","false","true","true","language-switch"
"https://funnytools.win/es/herramientas/calculadora-promedio-notas/","es","https://funnytools.win/en/tools/grade-average/","en","English","nav","false","true","true","language-switch"
"https://funnytools.win/es/herramientas/calculadora-promedio-notas/","es","https://funnytools.win/fr/outils/calcul-moyenne-notes/","fr","Français","nav","false","true","true","language-switch"
"https://funnytools.win/es/herramientas/calculadora-promedio-notas/","es","https://funnytools.win/affiliate-disclosure/","zh","Información completa (en chino tradicional)","content","false","true","false","intent:disclosure-only-zh"
"https://funnytools.win/es/herramientas/calculadora-promedio-notas/","es","https://funnytools.win/","zh","繁體中文","nav","false","true","true","language-switch"
"https://funnytools.win/es/herramientas/calculadora-promedio-notas/","es","https://funnytools.win/en/","en","English","nav","false","true","true","language-switch"
"https://funnytools.win/es/herramientas/calculadora-promedio-notas/","es","https://funnytools.win/fr/","fr","Français","nav","false","true","true","language-switch"
"https://funnytools.win/es/herramientas/calculadora-puntuacion-t/","es","https://funnytools.win/tools/t-score-calculator/","zh","繁中","content","false","true","false","language-switch"
"https://funnytools.win/es/herramientas/calculadora-puntuacion-t/","es","https://funnytools.win/en/tools/t-score-calculator/","en","English","content","false","true","false","language-switch"
"https://funnytools.win/es/herramientas/calculadora-puntuacion-t/","es","https://funnytools.win/fr/outils/calculateur-score-t/","fr","Français","content","false","true","false","language-switch"
"https://funnytools.win/es/herramientas/calculadora-puntuacion-t/","es","https://funnytools.win/tools/t-score-calculator/","zh","繁中","nav","false","true","true","language-switch"
"https://funnytools.win/es/herramientas/calculadora-puntuacion-t/","es","https://funnytools.win/en/tools/t-score-calculator/","en","English","nav","false","true","true","language-switch"
"https://funnytools.win/es/herramientas/calculadora-puntuacion-t/","es","https://funnytools.win/fr/outils/calculateur-score-t/","fr","Français","nav","false","true","true","language-switch"
"https://funnytools.win/es/herramientas/calculadora-puntuacion-t/","es","https://funnytools.win/affiliate-disclosure/","zh","Información completa (en chino tradicional)","content","false","true","false","intent:disclosure-only-zh"
"https://funnytools.win/es/herramientas/calculadora-puntuacion-t/","es","https://funnytools.win/","zh","繁體中文","nav","false","true","true","language-switch"
"https://funnytools.win/es/herramientas/calculadora-puntuacion-t/","es","https://funnytools.win/en/","en","English","nav","false","true","true","language-switch"
"https://funnytools.win/es/herramientas/calculadora-puntuacion-t/","es","https://funnytools.win/fr/","fr","Français","nav","false","true","true","language-switch"
"https://funnytools.win/es/herramientas/calculadora-puntuacion-z/","es","https://funnytools.win/tools/z-score-calculator/","zh","繁中","content","false","true","false","language-switch"
"https://funnytools.win/es/herramientas/calculadora-puntuacion-z/","es","https://funnytools.win/en/tools/z-score-calculator/","en","English","content","false","true","false","language-switch"
"https://funnytools.win/es/herramientas/calculadora-puntuacion-z/","es","https://funnytools.win/fr/outils/calculateur-score-z/","fr","Français","content","false","true","false","language-switch"
"https://funnytools.win/es/herramientas/calculadora-puntuacion-z/","es","https://funnytools.win/tools/z-score-calculator/","zh","繁中","nav","false","true","true","language-switch"
"https://funnytools.win/es/herramientas/calculadora-puntuacion-z/","es","https://funnytools.win/en/tools/z-score-calculator/","en","English","nav","false","true","true","language-switch"
"https://funnytools.win/es/herramientas/calculadora-puntuacion-z/","es","https://funnytools.win/fr/outils/calculateur-score-z/","fr","Français","nav","false","true","true","language-switch"
"https://funnytools.win/es/herramientas/calculadora-puntuacion-z/","es","https://funnytools.win/affiliate-disclosure/","zh","Información completa (en chino tradicional)","content","false","true","false","intent:disclosure-only-zh"
"https://funnytools.win/es/herramientas/calculadora-puntuacion-z/","es","https://funnytools.win/","zh","繁體中文","nav","false","true","true","language-switch"
"https://funnytools.win/es/herramientas/calculadora-puntuacion-z/","es","https://funnytools.win/en/","en","English","nav","false","true","true","language-switch"
"https://funnytools.win/es/herramientas/calculadora-puntuacion-z/","es","https://funnytools.win/fr/","fr","Français","nav","false","true","true","language-switch"
"https://funnytools.win/es/herramientas/calculadora-rango-percentil/","es","https://funnytools.win/tools/percentile-rank-calculator/","zh","繁中","content","false","true","false","language-switch"
"https://funnytools.win/es/herramientas/calculadora-rango-percentil/","es","https://funnytools.win/en/tools/percentile-rank-calculator/","en","English","content","false","true","false","language-switch"
"https://funnytools.win/es/herramientas/calculadora-rango-percentil/","es","https://funnytools.win/fr/outils/calculateur-rang-percentile/","fr","Français","content","false","true","false","language-switch"
"https://funnytools.win/es/herramientas/calculadora-rango-percentil/","es","https://funnytools.win/tools/percentile-rank-calculator/","zh","繁中","nav","false","true","true","language-switch"
"https://funnytools.win/es/herramientas/calculadora-rango-percentil/","es","https://funnytools.win/en/tools/percentile-rank-calculator/","en","English","nav","false","true","true","language-switch"
"https://funnytools.win/es/herramientas/calculadora-rango-percentil/","es","https://funnytools.win/fr/outils/calculateur-rang-percentile/","fr","Français","nav","false","true","true","language-switch"
"https://funnytools.win/es/herramientas/calculadora-rango-percentil/","es","https://funnytools.win/affiliate-disclosure/","zh","Información completa (en chino tradicional)","content","false","true","false","intent:disclosure-only-zh"
"https://funnytools.win/es/herramientas/calculadora-rango-percentil/","es","https://funnytools.win/","zh","繁體中文","nav","false","true","true","language-switch"
"https://funnytools.win/es/herramientas/calculadora-rango-percentil/","es","https://funnytools.win/en/","en","English","nav","false","true","true","language-switch"
"https://funnytools.win/es/herramientas/calculadora-rango-percentil/","es","https://funnytools.win/fr/","fr","Français","nav","false","true","true","language-switch"
"https://funnytools.win/es/herramientas/calculadora-sueldo-neto/","es","https://funnytools.win/tools/net-salary/","zh","繁中","content","false","true","false","language-switch"
"https://funnytools.win/es/herramientas/calculadora-sueldo-neto/","es","https://funnytools.win/en/tools/net-salary/","en","English","content","false","true","false","language-switch"
"https://funnytools.win/es/herramientas/calculadora-sueldo-neto/","es","https://funnytools.win/fr/outils/calculateur-salaire-net/","fr","Français","content","false","true","false","language-switch"
"https://funnytools.win/es/herramientas/calculadora-sueldo-neto/","es","https://funnytools.win/tools/net-salary/","zh","繁中","nav","false","true","true","language-switch"
"https://funnytools.win/es/herramientas/calculadora-sueldo-neto/","es","https://funnytools.win/en/tools/net-salary/","en","English","nav","false","true","true","language-switch"
"https://funnytools.win/es/herramientas/calculadora-sueldo-neto/","es","https://funnytools.win/fr/outils/calculateur-salaire-net/","fr","Français","nav","false","true","true","language-switch"
"https://funnytools.win/es/herramientas/calculadora-sueldo-neto/","es","https://funnytools.win/affiliate-disclosure/","zh","Información completa (en chino tradicional)","content","false","true","false","intent:disclosure-only-zh"
"https://funnytools.win/es/herramientas/calculadora-sueldo-neto/","es","https://funnytools.win/","zh","繁體中文","nav","false","true","true","language-switch"
"https://funnytools.win/es/herramientas/calculadora-sueldo-neto/","es","https://funnytools.win/en/","en","English","nav","false","true","true","language-switch"
"https://funnytools.win/es/herramientas/calculadora-sueldo-neto/","es","https://funnytools.win/fr/","fr","Français","nav","false","true","true","language-switch"
"https://funnytools.win/es/herramientas/calculadora-t-muestras-independientes/","es","https://funnytools.win/tools/independent-samples-t-test-calculator/","zh","繁中","content","false","true","false","language-switch"
"https://funnytools.win/es/herramientas/calculadora-t-muestras-independientes/","es","https://funnytools.win/en/tools/independent-samples-t-test-calculator/","en","English","content","false","true","false","language-switch"
"https://funnytools.win/es/herramientas/calculadora-t-muestras-independientes/","es","https://funnytools.win/tools/independent-samples-t-test-calculator/","zh","繁中","nav","false","true","true","language-switch"
"https://funnytools.win/es/herramientas/calculadora-t-muestras-independientes/","es","https://funnytools.win/en/tools/independent-samples-t-test-calculator/","en","English","nav","false","true","true","language-switch"
"https://funnytools.win/es/herramientas/calculadora-t-muestras-independientes/","es","https://funnytools.win/affiliate-disclosure/","zh","Información completa (en chino tradicional)","content","false","true","false","intent:disclosure-only-zh"
"https://funnytools.win/es/herramientas/calculadora-t-muestras-independientes/","es","https://funnytools.win/","zh","繁體中文","nav","false","true","true","language-switch"
"https://funnytools.win/es/herramientas/calculadora-t-muestras-independientes/","es","https://funnytools.win/en/","en","English","nav","false","true","true","language-switch"
"https://funnytools.win/es/herramientas/calculadora-t-muestras-independientes/","es","https://funnytools.win/fr/","fr","Français","nav","false","true","true","language-switch"
"https://funnytools.win/es/herramientas/calcular-diferencia-entre-fechas/","es","https://funnytools.win/tools/date-difference/","zh","繁中","content","false","true","false","language-switch"
"https://funnytools.win/es/herramientas/calcular-diferencia-entre-fechas/","es","https://funnytools.win/en/tools/date-difference/","en","English","content","false","true","false","language-switch"
"https://funnytools.win/es/herramientas/calcular-diferencia-entre-fechas/","es","https://funnytools.win/fr/outils/calculer-difference-entre-dates/","fr","Français","content","false","true","false","language-switch"
"https://funnytools.win/es/herramientas/calcular-diferencia-entre-fechas/","es","https://funnytools.win/tools/date-difference/","zh","繁中","nav","false","true","true","language-switch"
"https://funnytools.win/es/herramientas/calcular-diferencia-entre-fechas/","es","https://funnytools.win/en/tools/date-difference/","en","English","nav","false","true","true","language-switch"
"https://funnytools.win/es/herramientas/calcular-diferencia-entre-fechas/","es","https://funnytools.win/fr/outils/calculer-difference-entre-dates/","fr","Français","nav","false","true","true","language-switch"
"https://funnytools.win/es/herramientas/calcular-diferencia-entre-fechas/","es","https://funnytools.win/affiliate-disclosure/","zh","Información completa (en chino tradicional)","content","false","true","false","intent:disclosure-only-zh"
"https://funnytools.win/es/herramientas/calcular-diferencia-entre-fechas/","es","https://funnytools.win/","zh","繁體中文","nav","false","true","true","language-switch"
"https://funnytools.win/es/herramientas/calcular-diferencia-entre-fechas/","es","https://funnytools.win/en/","en","English","nav","false","true","true","language-switch"
"https://funnytools.win/es/herramientas/calcular-diferencia-entre-fechas/","es","https://funnytools.win/fr/","fr","Français","nav","false","true","true","language-switch"
"https://funnytools.win/es/herramientas/codificar-decodificar-base64/","es","https://funnytools.win/tools/base64/","zh","繁中","content","false","true","false","language-switch"
"https://funnytools.win/es/herramientas/codificar-decodificar-base64/","es","https://funnytools.win/en/tools/base64/","en","English","content","false","true","false","language-switch"
"https://funnytools.win/es/herramientas/codificar-decodificar-base64/","es","https://funnytools.win/fr/outils/encoder-decoder-base64/","fr","Français","content","false","true","false","language-switch"
"https://funnytools.win/es/herramientas/codificar-decodificar-base64/","es","https://funnytools.win/tools/base64/","zh","繁中","nav","false","true","true","language-switch"
"https://funnytools.win/es/herramientas/codificar-decodificar-base64/","es","https://funnytools.win/en/tools/base64/","en","English","nav","false","true","true","language-switch"
"https://funnytools.win/es/herramientas/codificar-decodificar-base64/","es","https://funnytools.win/fr/outils/encoder-decoder-base64/","fr","Français","nav","false","true","true","language-switch"
"https://funnytools.win/es/herramientas/codificar-decodificar-base64/","es","https://funnytools.win/affiliate-disclosure/","zh","Información completa (en chino tradicional)","content","false","true","false","intent:disclosure-only-zh"
"https://funnytools.win/es/herramientas/codificar-decodificar-base64/","es","https://funnytools.win/","zh","繁體中文","nav","false","true","true","language-switch"
"https://funnytools.win/es/herramientas/codificar-decodificar-base64/","es","https://funnytools.win/en/","en","English","nav","false","true","true","language-switch"
"https://funnytools.win/es/herramientas/codificar-decodificar-base64/","es","https://funnytools.win/fr/","fr","Français","nav","false","true","true","language-switch"
"https://funnytools.win/es/herramientas/codificar-decodificar-url/","es","https://funnytools.win/tools/url-encoder/","zh","繁中","content","false","true","false","language-switch"
"https://funnytools.win/es/herramientas/codificar-decodificar-url/","es","https://funnytools.win/en/tools/url-encoder/","en","English","content","false","true","false","language-switch"
"https://funnytools.win/es/herramientas/codificar-decodificar-url/","es","https://funnytools.win/fr/outils/encoder-decoder-url/","fr","Français","content","false","true","false","language-switch"
"https://funnytools.win/es/herramientas/codificar-decodificar-url/","es","https://funnytools.win/tools/url-encoder/","zh","繁中","nav","false","true","true","language-switch"
"https://funnytools.win/es/herramientas/codificar-decodificar-url/","es","https://funnytools.win/en/tools/url-encoder/","en","English","nav","false","true","true","language-switch"
"https://funnytools.win/es/herramientas/codificar-decodificar-url/","es","https://funnytools.win/fr/outils/encoder-decoder-url/","fr","Français","nav","false","true","true","language-switch"
"https://funnytools.win/es/herramientas/codificar-decodificar-url/","es","https://funnytools.win/affiliate-disclosure/","zh","Información completa (en chino tradicional)","content","false","true","false","intent:disclosure-only-zh"
"https://funnytools.win/es/herramientas/codificar-decodificar-url/","es","https://funnytools.win/","zh","繁體中文","nav","false","true","true","language-switch"
"https://funnytools.win/es/herramientas/codificar-decodificar-url/","es","https://funnytools.win/en/","en","English","nav","false","true","true","language-switch"
"https://funnytools.win/es/herramientas/codificar-decodificar-url/","es","https://funnytools.win/fr/","fr","Français","nav","false","true","true","language-switch"
"https://funnytools.win/es/herramientas/comprimir-imagenes/","es","https://funnytools.win/tools/image-compressor/","zh","繁中","content","false","true","false","language-switch"
"https://funnytools.win/es/herramientas/comprimir-imagenes/","es","https://funnytools.win/en/tools/image-compressor/","en","English","content","false","true","false","language-switch"
"https://funnytools.win/es/herramientas/comprimir-imagenes/","es","https://funnytools.win/fr/outils/compresser-image/","fr","Français","content","false","true","false","language-switch"
"https://funnytools.win/es/herramientas/comprimir-imagenes/","es","https://funnytools.win/tools/image-compressor/","zh","繁中","nav","false","true","true","language-switch"
"https://funnytools.win/es/herramientas/comprimir-imagenes/","es","https://funnytools.win/en/tools/image-compressor/","en","English","nav","false","true","true","language-switch"
"https://funnytools.win/es/herramientas/comprimir-imagenes/","es","https://funnytools.win/fr/outils/compresser-image/","fr","Français","nav","false","true","true","language-switch"
"https://funnytools.win/es/herramientas/comprimir-imagenes/","es","https://funnytools.win/affiliate-disclosure/","zh","Información completa (en chino tradicional)","content","false","true","false","intent:disclosure-only-zh"
"https://funnytools.win/es/herramientas/comprimir-imagenes/","es","https://funnytools.win/","zh","繁體中文","nav","false","true","true","language-switch"
"https://funnytools.win/es/herramientas/comprimir-imagenes/","es","https://funnytools.win/en/","en","English","nav","false","true","true","language-switch"
"https://funnytools.win/es/herramientas/comprimir-imagenes/","es","https://funnytools.win/fr/","fr","Français","nav","false","true","true","language-switch"
"https://funnytools.win/es/herramientas/comprimir-pdf/","es","https://funnytools.win/tools/pdf-compressor/","zh","繁中","content","false","true","false","language-switch"
"https://funnytools.win/es/herramientas/comprimir-pdf/","es","https://funnytools.win/en/tools/pdf-compressor/","en","English","content","false","true","false","language-switch"
"https://funnytools.win/es/herramientas/comprimir-pdf/","es","https://funnytools.win/fr/outils/compresser-pdf/","fr","Français","content","false","true","false","language-switch"
"https://funnytools.win/es/herramientas/comprimir-pdf/","es","https://funnytools.win/tools/pdf-compressor/","zh","繁中","nav","false","true","true","language-switch"
"https://funnytools.win/es/herramientas/comprimir-pdf/","es","https://funnytools.win/en/tools/pdf-compressor/","en","English","nav","false","true","true","language-switch"
"https://funnytools.win/es/herramientas/comprimir-pdf/","es","https://funnytools.win/fr/outils/compresser-pdf/","fr","Français","nav","false","true","true","language-switch"
"https://funnytools.win/es/herramientas/comprimir-pdf/","es","https://funnytools.win/affiliate-disclosure/","zh","Información completa (en chino tradicional)","content","false","true","false","intent:disclosure-only-zh"
"https://funnytools.win/es/herramientas/comprimir-pdf/","es","https://funnytools.win/","zh","繁體中文","nav","false","true","true","language-switch"
"https://funnytools.win/es/herramientas/comprimir-pdf/","es","https://funnytools.win/en/","en","English","nav","false","true","true","language-switch"
"https://funnytools.win/es/herramientas/comprimir-pdf/","es","https://funnytools.win/fr/","fr","Français","nav","false","true","true","language-switch"
"https://funnytools.win/es/herramientas/contador-caracteres/","es","https://funnytools.win/tools/character-counter/","zh","繁中","content","false","true","false","language-switch"
"https://funnytools.win/es/herramientas/contador-caracteres/","es","https://funnytools.win/en/tools/character-counter/","en","English","content","false","true","false","language-switch"
"https://funnytools.win/es/herramientas/contador-caracteres/","es","https://funnytools.win/fr/outils/compteur-caracteres/","fr","Français","content","false","true","false","language-switch"
"https://funnytools.win/es/herramientas/contador-caracteres/","es","https://funnytools.win/tools/character-counter/","zh","繁中","nav","false","true","true","language-switch"
"https://funnytools.win/es/herramientas/contador-caracteres/","es","https://funnytools.win/en/tools/character-counter/","en","English","nav","false","true","true","language-switch"
"https://funnytools.win/es/herramientas/contador-caracteres/","es","https://funnytools.win/fr/outils/compteur-caracteres/","fr","Français","nav","false","true","true","language-switch"
"https://funnytools.win/es/herramientas/contador-caracteres/","es","https://funnytools.win/affiliate-disclosure/","zh","Información completa (en chino tradicional)","content","false","true","false","intent:disclosure-only-zh"
"https://funnytools.win/es/herramientas/contador-caracteres/","es","https://funnytools.win/","zh","繁體中文","nav","false","true","true","language-switch"
"https://funnytools.win/es/herramientas/contador-caracteres/","es","https://funnytools.win/en/","en","English","nav","false","true","true","language-switch"
"https://funnytools.win/es/herramientas/contador-caracteres/","es","https://funnytools.win/fr/","fr","Français","nav","false","true","true","language-switch"
"https://funnytools.win/es/herramientas/contador-palabras/","es","https://funnytools.win/tools/word-counter/","zh","繁中","content","false","true","false","language-switch"
"https://funnytools.win/es/herramientas/contador-palabras/","es","https://funnytools.win/en/tools/word-counter/","en","English","content","false","true","false","language-switch"
"https://funnytools.win/es/herramientas/contador-palabras/","es","https://funnytools.win/fr/outils/compteur-mots/","fr","Français","content","false","true","false","language-switch"
"https://funnytools.win/es/herramientas/contador-palabras/","es","https://funnytools.win/tools/word-counter/","zh","繁中","nav","false","true","true","language-switch"
"https://funnytools.win/es/herramientas/contador-palabras/","es","https://funnytools.win/en/tools/word-counter/","en","English","nav","false","true","true","language-switch"
"https://funnytools.win/es/herramientas/contador-palabras/","es","https://funnytools.win/fr/outils/compteur-mots/","fr","Français","nav","false","true","true","language-switch"
"https://funnytools.win/es/herramientas/contador-palabras/","es","https://funnytools.win/affiliate-disclosure/","zh","Información completa (en chino tradicional)","content","false","true","false","intent:disclosure-only-zh"
"https://funnytools.win/es/herramientas/contador-palabras/","es","https://funnytools.win/","zh","繁體中文","nav","false","true","true","language-switch"
"https://funnytools.win/es/herramientas/contador-palabras/","es","https://funnytools.win/en/","en","English","nav","false","true","true","language-switch"
"https://funnytools.win/es/herramientas/contador-palabras/","es","https://funnytools.win/fr/","fr","Français","nav","false","true","true","language-switch"
"https://funnytools.win/es/herramientas/conversor-puntuaciones-estandarizadas/","es","https://funnytools.win/tools/normalized-score-converter/","zh","繁中","content","false","true","false","language-switch"
"https://funnytools.win/es/herramientas/conversor-puntuaciones-estandarizadas/","es","https://funnytools.win/en/tools/normalized-score-converter/","en","English","content","false","true","false","language-switch"
"https://funnytools.win/es/herramientas/conversor-puntuaciones-estandarizadas/","es","https://funnytools.win/tools/normalized-score-converter/","zh","繁中","nav","false","true","true","language-switch"
"https://funnytools.win/es/herramientas/conversor-puntuaciones-estandarizadas/","es","https://funnytools.win/en/tools/normalized-score-converter/","en","English","nav","false","true","true","language-switch"
"https://funnytools.win/es/herramientas/conversor-puntuaciones-estandarizadas/","es","https://funnytools.win/affiliate-disclosure/","zh","Información completa (en chino tradicional)","content","false","true","false","intent:disclosure-only-zh"
"https://funnytools.win/es/herramientas/conversor-puntuaciones-estandarizadas/","es","https://funnytools.win/","zh","繁體中文","nav","false","true","true","language-switch"
"https://funnytools.win/es/herramientas/conversor-puntuaciones-estandarizadas/","es","https://funnytools.win/en/","en","English","nav","false","true","true","language-switch"
"https://funnytools.win/es/herramientas/conversor-puntuaciones-estandarizadas/","es","https://funnytools.win/fr/","fr","Français","nav","false","true","true","language-switch"
"https://funnytools.win/es/herramientas/convertir-csv-a-json/","es","https://funnytools.win/tools/csv-to-json/","zh","繁中","content","false","true","false","language-switch"
"https://funnytools.win/es/herramientas/convertir-csv-a-json/","es","https://funnytools.win/en/tools/csv-to-json/","en","English","content","false","true","false","language-switch"
"https://funnytools.win/es/herramientas/convertir-csv-a-json/","es","https://funnytools.win/fr/outils/convertir-csv-en-json/","fr","Français","content","false","true","false","language-switch"
"https://funnytools.win/es/herramientas/convertir-csv-a-json/","es","https://funnytools.win/tools/csv-to-json/","zh","繁中","nav","false","true","true","language-switch"
"https://funnytools.win/es/herramientas/convertir-csv-a-json/","es","https://funnytools.win/en/tools/csv-to-json/","en","English","nav","false","true","true","language-switch"
"https://funnytools.win/es/herramientas/convertir-csv-a-json/","es","https://funnytools.win/fr/outils/convertir-csv-en-json/","fr","Français","nav","false","true","true","language-switch"
"https://funnytools.win/es/herramientas/convertir-csv-a-json/","es","https://funnytools.win/affiliate-disclosure/","zh","Información completa (en chino tradicional)","content","false","true","false","intent:disclosure-only-zh"
"https://funnytools.win/es/herramientas/convertir-csv-a-json/","es","https://funnytools.win/","zh","繁體中文","nav","false","true","true","language-switch"
"https://funnytools.win/es/herramientas/convertir-csv-a-json/","es","https://funnytools.win/en/","en","English","nav","false","true","true","language-switch"
"https://funnytools.win/es/herramientas/convertir-csv-a-json/","es","https://funnytools.win/fr/","fr","Français","nav","false","true","true","language-switch"
"https://funnytools.win/es/herramientas/convertir-imagen-base64/","es","https://funnytools.win/tools/image-to-base64/","zh","繁中","content","false","true","false","language-switch"
"https://funnytools.win/es/herramientas/convertir-imagen-base64/","es","https://funnytools.win/en/tools/image-to-base64/","en","English","content","false","true","false","language-switch"
"https://funnytools.win/es/herramientas/convertir-imagen-base64/","es","https://funnytools.win/fr/outils/convertir-image-en-base64/","fr","Français","content","false","true","false","language-switch"
"https://funnytools.win/es/herramientas/convertir-imagen-base64/","es","https://funnytools.win/tools/image-to-base64/","zh","繁中","nav","false","true","true","language-switch"
"https://funnytools.win/es/herramientas/convertir-imagen-base64/","es","https://funnytools.win/en/tools/image-to-base64/","en","English","nav","false","true","true","language-switch"
"https://funnytools.win/es/herramientas/convertir-imagen-base64/","es","https://funnytools.win/fr/outils/convertir-image-en-base64/","fr","Français","nav","false","true","true","language-switch"
"https://funnytools.win/es/herramientas/convertir-imagen-base64/","es","https://funnytools.win/affiliate-disclosure/","zh","Información completa (en chino tradicional)","content","false","true","false","intent:disclosure-only-zh"
"https://funnytools.win/es/herramientas/convertir-imagen-base64/","es","https://funnytools.win/","zh","繁體中文","nav","false","true","true","language-switch"
"https://funnytools.win/es/herramientas/convertir-imagen-base64/","es","https://funnytools.win/en/","en","English","nav","false","true","true","language-switch"
"https://funnytools.win/es/herramientas/convertir-imagen-base64/","es","https://funnytools.win/fr/","fr","Français","nav","false","true","true","language-switch"
"https://funnytools.win/es/herramientas/convertir-imagenes-a-pdf/","es","https://funnytools.win/tools/images-to-pdf/","zh","繁中","content","false","true","false","language-switch"
"https://funnytools.win/es/herramientas/convertir-imagenes-a-pdf/","es","https://funnytools.win/en/tools/images-to-pdf/","en","English","content","false","true","false","language-switch"
"https://funnytools.win/es/herramientas/convertir-imagenes-a-pdf/","es","https://funnytools.win/fr/outils/convertir-images-en-pdf/","fr","Français","content","false","true","false","language-switch"
"https://funnytools.win/es/herramientas/convertir-imagenes-a-pdf/","es","https://funnytools.win/tools/images-to-pdf/","zh","繁中","nav","false","true","true","language-switch"
"https://funnytools.win/es/herramientas/convertir-imagenes-a-pdf/","es","https://funnytools.win/en/tools/images-to-pdf/","en","English","nav","false","true","true","language-switch"
"https://funnytools.win/es/herramientas/convertir-imagenes-a-pdf/","es","https://funnytools.win/fr/outils/convertir-images-en-pdf/","fr","Français","nav","false","true","true","language-switch"
"https://funnytools.win/es/herramientas/convertir-imagenes-a-pdf/","es","https://funnytools.win/affiliate-disclosure/","zh","Información completa (en chino tradicional)","content","false","true","false","intent:disclosure-only-zh"
"https://funnytools.win/es/herramientas/convertir-imagenes-a-pdf/","es","https://funnytools.win/","zh","繁體中文","nav","false","true","true","language-switch"
"https://funnytools.win/es/herramientas/convertir-imagenes-a-pdf/","es","https://funnytools.win/en/","en","English","nav","false","true","true","language-switch"
"https://funnytools.win/es/herramientas/convertir-imagenes-a-pdf/","es","https://funnytools.win/fr/","fr","Français","nav","false","true","true","language-switch"
"https://funnytools.win/es/herramientas/convertir-jpg-a-png/","es","https://funnytools.win/tools/jpg-to-png/","zh","繁中","content","false","true","false","language-switch"
"https://funnytools.win/es/herramientas/convertir-jpg-a-png/","es","https://funnytools.win/en/tools/jpg-to-png/","en","English","content","false","true","false","language-switch"
"https://funnytools.win/es/herramientas/convertir-jpg-a-png/","es","https://funnytools.win/fr/outils/convertir-jpg-en-png/","fr","Français","content","false","true","false","language-switch"
"https://funnytools.win/es/herramientas/convertir-jpg-a-png/","es","https://funnytools.win/tools/jpg-to-png/","zh","繁中","nav","false","true","true","language-switch"
"https://funnytools.win/es/herramientas/convertir-jpg-a-png/","es","https://funnytools.win/en/tools/jpg-to-png/","en","English","nav","false","true","true","language-switch"
"https://funnytools.win/es/herramientas/convertir-jpg-a-png/","es","https://funnytools.win/fr/outils/convertir-jpg-en-png/","fr","Français","nav","false","true","true","language-switch"
"https://funnytools.win/es/herramientas/convertir-jpg-a-png/","es","https://funnytools.win/affiliate-disclosure/","zh","Información completa (en chino tradicional)","content","false","true","false","intent:disclosure-only-zh"
"https://funnytools.win/es/herramientas/convertir-jpg-a-png/","es","https://funnytools.win/","zh","繁體中文","nav","false","true","true","language-switch"
"https://funnytools.win/es/herramientas/convertir-jpg-a-png/","es","https://funnytools.win/en/","en","English","nav","false","true","true","language-switch"
"https://funnytools.win/es/herramientas/convertir-jpg-a-png/","es","https://funnytools.win/fr/","fr","Français","nav","false","true","true","language-switch"
"https://funnytools.win/es/herramientas/convertir-jpg-a-webp/","es","https://funnytools.win/tools/jpg-to-webp/","zh","繁中","content","false","true","false","language-switch"
"https://funnytools.win/es/herramientas/convertir-jpg-a-webp/","es","https://funnytools.win/en/tools/jpg-to-webp/","en","English","content","false","true","false","language-switch"
"https://funnytools.win/es/herramientas/convertir-jpg-a-webp/","es","https://funnytools.win/fr/outils/convertir-jpg-en-webp/","fr","Français","content","false","true","false","language-switch"
"https://funnytools.win/es/herramientas/convertir-jpg-a-webp/","es","https://funnytools.win/tools/jpg-to-webp/","zh","繁中","nav","false","true","true","language-switch"
"https://funnytools.win/es/herramientas/convertir-jpg-a-webp/","es","https://funnytools.win/en/tools/jpg-to-webp/","en","English","nav","false","true","true","language-switch"
"https://funnytools.win/es/herramientas/convertir-jpg-a-webp/","es","https://funnytools.win/fr/outils/convertir-jpg-en-webp/","fr","Français","nav","false","true","true","language-switch"
"https://funnytools.win/es/herramientas/convertir-jpg-a-webp/","es","https://funnytools.win/affiliate-disclosure/","zh","Información completa (en chino tradicional)","content","false","true","false","intent:disclosure-only-zh"
"https://funnytools.win/es/herramientas/convertir-jpg-a-webp/","es","https://funnytools.win/","zh","繁體中文","nav","false","true","true","language-switch"
"https://funnytools.win/es/herramientas/convertir-jpg-a-webp/","es","https://funnytools.win/en/","en","English","nav","false","true","true","language-switch"
"https://funnytools.win/es/herramientas/convertir-jpg-a-webp/","es","https://funnytools.win/fr/","fr","Français","nav","false","true","true","language-switch"
"https://funnytools.win/es/herramientas/convertir-json-a-csv/","es","https://funnytools.win/tools/json-to-csv/","zh","繁中","content","false","true","false","language-switch"
"https://funnytools.win/es/herramientas/convertir-json-a-csv/","es","https://funnytools.win/en/tools/json-to-csv/","en","English","content","false","true","false","language-switch"
"https://funnytools.win/es/herramientas/convertir-json-a-csv/","es","https://funnytools.win/fr/outils/convertir-json-en-csv/","fr","Français","content","false","true","false","language-switch"
"https://funnytools.win/es/herramientas/convertir-json-a-csv/","es","https://funnytools.win/tools/json-to-csv/","zh","繁中","nav","false","true","true","language-switch"
"https://funnytools.win/es/herramientas/convertir-json-a-csv/","es","https://funnytools.win/en/tools/json-to-csv/","en","English","nav","false","true","true","language-switch"
"https://funnytools.win/es/herramientas/convertir-json-a-csv/","es","https://funnytools.win/fr/outils/convertir-json-en-csv/","fr","Français","nav","false","true","true","language-switch"
"https://funnytools.win/es/herramientas/convertir-json-a-csv/","es","https://funnytools.win/affiliate-disclosure/","zh","Información completa (en chino tradicional)","content","false","true","false","intent:disclosure-only-zh"
"https://funnytools.win/es/herramientas/convertir-json-a-csv/","es","https://funnytools.win/","zh","繁體中文","nav","false","true","true","language-switch"
"https://funnytools.win/es/herramientas/convertir-json-a-csv/","es","https://funnytools.win/en/","en","English","nav","false","true","true","language-switch"
"https://funnytools.win/es/herramientas/convertir-json-a-csv/","es","https://funnytools.win/fr/","fr","Français","nav","false","true","true","language-switch"
"https://funnytools.win/es/herramientas/convertir-mayusculas-minusculas/","es","https://funnytools.win/tools/case-converter/","zh","繁中","content","false","true","false","language-switch"
"https://funnytools.win/es/herramientas/convertir-mayusculas-minusculas/","es","https://funnytools.win/en/tools/case-converter/","en","English","content","false","true","false","language-switch"
"https://funnytools.win/es/herramientas/convertir-mayusculas-minusculas/","es","https://funnytools.win/fr/outils/convertir-majuscules-minuscules/","fr","Français","content","false","true","false","language-switch"
"https://funnytools.win/es/herramientas/convertir-mayusculas-minusculas/","es","https://funnytools.win/tools/case-converter/","zh","繁中","nav","false","true","true","language-switch"
"https://funnytools.win/es/herramientas/convertir-mayusculas-minusculas/","es","https://funnytools.win/en/tools/case-converter/","en","English","nav","false","true","true","language-switch"
"https://funnytools.win/es/herramientas/convertir-mayusculas-minusculas/","es","https://funnytools.win/fr/outils/convertir-majuscules-minuscules/","fr","Français","nav","false","true","true","language-switch"
"https://funnytools.win/es/herramientas/convertir-mayusculas-minusculas/","es","https://funnytools.win/affiliate-disclosure/","zh","Información completa (en chino tradicional)","content","false","true","false","intent:disclosure-only-zh"
"https://funnytools.win/es/herramientas/convertir-mayusculas-minusculas/","es","https://funnytools.win/","zh","繁體中文","nav","false","true","true","language-switch"
"https://funnytools.win/es/herramientas/convertir-mayusculas-minusculas/","es","https://funnytools.win/en/","en","English","nav","false","true","true","language-switch"
"https://funnytools.win/es/herramientas/convertir-mayusculas-minusculas/","es","https://funnytools.win/fr/","fr","Français","nav","false","true","true","language-switch"
"https://funnytools.win/es/herramientas/convertir-pdf-a-imagen/","es","https://funnytools.win/tools/pdf-to-image/","zh","繁中","content","false","true","false","language-switch"
"https://funnytools.win/es/herramientas/convertir-pdf-a-imagen/","es","https://funnytools.win/en/tools/pdf-to-image/","en","English","content","false","true","false","language-switch"
"https://funnytools.win/es/herramientas/convertir-pdf-a-imagen/","es","https://funnytools.win/fr/outils/convertir-pdf-en-image/","fr","Français","content","false","true","false","language-switch"
"https://funnytools.win/es/herramientas/convertir-pdf-a-imagen/","es","https://funnytools.win/tools/pdf-to-image/","zh","繁中","nav","false","true","true","language-switch"
"https://funnytools.win/es/herramientas/convertir-pdf-a-imagen/","es","https://funnytools.win/en/tools/pdf-to-image/","en","English","nav","false","true","true","language-switch"
"https://funnytools.win/es/herramientas/convertir-pdf-a-imagen/","es","https://funnytools.win/fr/outils/convertir-pdf-en-image/","fr","Français","nav","false","true","true","language-switch"
"https://funnytools.win/es/herramientas/convertir-pdf-a-imagen/","es","https://funnytools.win/affiliate-disclosure/","zh","Información completa (en chino tradicional)","content","false","true","false","intent:disclosure-only-zh"
"https://funnytools.win/es/herramientas/convertir-pdf-a-imagen/","es","https://funnytools.win/","zh","繁體中文","nav","false","true","true","language-switch"
"https://funnytools.win/es/herramientas/convertir-pdf-a-imagen/","es","https://funnytools.win/en/","en","English","nav","false","true","true","language-switch"
"https://funnytools.win/es/herramientas/convertir-pdf-a-imagen/","es","https://funnytools.win/fr/","fr","Français","nav","false","true","true","language-switch"
"https://funnytools.win/es/herramientas/convertir-png-a-jpg/","es","https://funnytools.win/tools/png-to-jpg/","zh","繁中","content","false","true","false","language-switch"
"https://funnytools.win/es/herramientas/convertir-png-a-jpg/","es","https://funnytools.win/en/tools/png-to-jpg/","en","English","content","false","true","false","language-switch"
"https://funnytools.win/es/herramientas/convertir-png-a-jpg/","es","https://funnytools.win/fr/outils/convertir-png-en-jpg/","fr","Français","content","false","true","false","language-switch"
"https://funnytools.win/es/herramientas/convertir-png-a-jpg/","es","https://funnytools.win/tools/png-to-jpg/","zh","繁中","nav","false","true","true","language-switch"
"https://funnytools.win/es/herramientas/convertir-png-a-jpg/","es","https://funnytools.win/en/tools/png-to-jpg/","en","English","nav","false","true","true","language-switch"
"https://funnytools.win/es/herramientas/convertir-png-a-jpg/","es","https://funnytools.win/fr/outils/convertir-png-en-jpg/","fr","Français","nav","false","true","true","language-switch"
"https://funnytools.win/es/herramientas/convertir-png-a-jpg/","es","https://funnytools.win/affiliate-disclosure/","zh","Información completa (en chino tradicional)","content","false","true","false","intent:disclosure-only-zh"
"https://funnytools.win/es/herramientas/convertir-png-a-jpg/","es","https://funnytools.win/","zh","繁體中文","nav","false","true","true","language-switch"
"https://funnytools.win/es/herramientas/convertir-png-a-jpg/","es","https://funnytools.win/en/","en","English","nav","false","true","true","language-switch"
"https://funnytools.win/es/herramientas/convertir-png-a-jpg/","es","https://funnytools.win/fr/","fr","Français","nav","false","true","true","language-switch"
"https://funnytools.win/es/herramientas/convertir-timestamp-unix/","es","https://funnytools.win/tools/timestamp-converter/","zh","繁中","content","false","true","false","language-switch"
"https://funnytools.win/es/herramientas/convertir-timestamp-unix/","es","https://funnytools.win/en/tools/timestamp-converter/","en","English","content","false","true","false","language-switch"
"https://funnytools.win/es/herramientas/convertir-timestamp-unix/","es","https://funnytools.win/fr/outils/convertir-timestamp-unix/","fr","Français","content","false","true","false","language-switch"
"https://funnytools.win/es/herramientas/convertir-timestamp-unix/","es","https://funnytools.win/tools/timestamp-converter/","zh","繁中","nav","false","true","true","language-switch"
"https://funnytools.win/es/herramientas/convertir-timestamp-unix/","es","https://funnytools.win/en/tools/timestamp-converter/","en","English","nav","false","true","true","language-switch"
"https://funnytools.win/es/herramientas/convertir-timestamp-unix/","es","https://funnytools.win/fr/outils/convertir-timestamp-unix/","fr","Français","nav","false","true","true","language-switch"
"https://funnytools.win/es/herramientas/convertir-timestamp-unix/","es","https://funnytools.win/affiliate-disclosure/","zh","Información completa (en chino tradicional)","content","false","true","false","intent:disclosure-only-zh"
"https://funnytools.win/es/herramientas/convertir-timestamp-unix/","es","https://funnytools.win/","zh","繁體中文","nav","false","true","true","language-switch"
"https://funnytools.win/es/herramientas/convertir-timestamp-unix/","es","https://funnytools.win/en/","en","English","nav","false","true","true","language-switch"
"https://funnytools.win/es/herramientas/convertir-timestamp-unix/","es","https://funnytools.win/fr/","fr","Français","nav","false","true","true","language-switch"
"https://funnytools.win/es/herramientas/convertir-webp-a-jpg/","es","https://funnytools.win/tools/webp-to-jpg/","zh","繁中","content","false","true","false","language-switch"
"https://funnytools.win/es/herramientas/convertir-webp-a-jpg/","es","https://funnytools.win/en/tools/webp-to-jpg/","en","English","content","false","true","false","language-switch"
"https://funnytools.win/es/herramientas/convertir-webp-a-jpg/","es","https://funnytools.win/fr/outils/convertir-webp-en-jpg/","fr","Français","content","false","true","false","language-switch"
"https://funnytools.win/es/herramientas/convertir-webp-a-jpg/","es","https://funnytools.win/tools/webp-to-jpg/","zh","繁中","nav","false","true","true","language-switch"
"https://funnytools.win/es/herramientas/convertir-webp-a-jpg/","es","https://funnytools.win/en/tools/webp-to-jpg/","en","English","nav","false","true","true","language-switch"
"https://funnytools.win/es/herramientas/convertir-webp-a-jpg/","es","https://funnytools.win/fr/outils/convertir-webp-en-jpg/","fr","Français","nav","false","true","true","language-switch"
"https://funnytools.win/es/herramientas/convertir-webp-a-jpg/","es","https://funnytools.win/affiliate-disclosure/","zh","Información completa (en chino tradicional)","content","false","true","false","intent:disclosure-only-zh"
"https://funnytools.win/es/herramientas/convertir-webp-a-jpg/","es","https://funnytools.win/","zh","繁體中文","nav","false","true","true","language-switch"
"https://funnytools.win/es/herramientas/convertir-webp-a-jpg/","es","https://funnytools.win/en/","en","English","nav","false","true","true","language-switch"
"https://funnytools.win/es/herramientas/convertir-webp-a-jpg/","es","https://funnytools.win/fr/","fr","Français","nav","false","true","true","language-switch"
"https://funnytools.win/es/herramientas/crear-diagrama-flujo/","es","https://funnytools.win/tools/flowchart/","zh","繁中","content","false","true","false","language-switch"
"https://funnytools.win/es/herramientas/crear-diagrama-flujo/","es","https://funnytools.win/en/tools/flowchart/","en","English","content","false","true","false","language-switch"
"https://funnytools.win/es/herramientas/crear-diagrama-flujo/","es","https://funnytools.win/fr/outils/creer-diagramme-flux/","fr","Français","content","false","true","false","language-switch"
"https://funnytools.win/es/herramientas/crear-diagrama-flujo/","es","https://funnytools.win/tools/flowchart/","zh","繁中","nav","false","true","true","language-switch"
"https://funnytools.win/es/herramientas/crear-diagrama-flujo/","es","https://funnytools.win/en/tools/flowchart/","en","English","nav","false","true","true","language-switch"
"https://funnytools.win/es/herramientas/crear-diagrama-flujo/","es","https://funnytools.win/fr/outils/creer-diagramme-flux/","fr","Français","nav","false","true","true","language-switch"
"https://funnytools.win/es/herramientas/crear-diagrama-flujo/","es","https://funnytools.win/affiliate-disclosure/","zh","Información completa (en chino tradicional)","content","false","true","false","intent:disclosure-only-zh"
"https://funnytools.win/es/herramientas/crear-diagrama-flujo/","es","https://funnytools.win/","zh","繁體中文","nav","false","true","true","language-switch"
"https://funnytools.win/es/herramientas/crear-diagrama-flujo/","es","https://funnytools.win/en/","en","English","nav","false","true","true","language-switch"
"https://funnytools.win/es/herramientas/crear-diagrama-flujo/","es","https://funnytools.win/fr/","fr","Français","nav","false","true","true","language-switch"
"https://funnytools.win/es/herramientas/crear-grafico-barras/","es","https://funnytools.win/tools/bar-chart-maker/","zh","繁中","content","false","true","false","language-switch"
"https://funnytools.win/es/herramientas/crear-grafico-barras/","es","https://funnytools.win/en/tools/bar-chart-maker/","en","English","content","false","true","false","language-switch"
"https://funnytools.win/es/herramientas/crear-grafico-barras/","es","https://funnytools.win/fr/outils/creer-graphique-barres/","fr","Français","content","false","true","false","language-switch"
"https://funnytools.win/es/herramientas/crear-grafico-barras/","es","https://funnytools.win/tools/bar-chart-maker/","zh","繁中","nav","false","true","true","language-switch"
"https://funnytools.win/es/herramientas/crear-grafico-barras/","es","https://funnytools.win/en/tools/bar-chart-maker/","en","English","nav","false","true","true","language-switch"
"https://funnytools.win/es/herramientas/crear-grafico-barras/","es","https://funnytools.win/fr/outils/creer-graphique-barres/","fr","Français","nav","false","true","true","language-switch"
"https://funnytools.win/es/herramientas/crear-grafico-barras/","es","https://funnytools.win/affiliate-disclosure/","zh","Información completa (en chino tradicional)","content","false","true","false","intent:disclosure-only-zh"
"https://funnytools.win/es/herramientas/crear-grafico-barras/","es","https://funnytools.win/","zh","繁體中文","nav","false","true","true","language-switch"
"https://funnytools.win/es/herramientas/crear-grafico-barras/","es","https://funnytools.win/en/","en","English","nav","false","true","true","language-switch"
"https://funnytools.win/es/herramientas/crear-grafico-barras/","es","https://funnytools.win/fr/","fr","Français","nav","false","true","true","language-switch"
"https://funnytools.win/es/herramientas/crear-grafico-circular/","es","https://funnytools.win/tools/pie-chart-maker/","zh","繁中","content","false","true","false","language-switch"
"https://funnytools.win/es/herramientas/crear-grafico-circular/","es","https://funnytools.win/en/tools/pie-chart-maker/","en","English","content","false","true","false","language-switch"
"https://funnytools.win/es/herramientas/crear-grafico-circular/","es","https://funnytools.win/fr/outils/creer-diagramme-circulaire/","fr","Français","content","false","true","false","language-switch"
"https://funnytools.win/es/herramientas/crear-grafico-circular/","es","https://funnytools.win/tools/pie-chart-maker/","zh","繁中","nav","false","true","true","language-switch"
"https://funnytools.win/es/herramientas/crear-grafico-circular/","es","https://funnytools.win/en/tools/pie-chart-maker/","en","English","nav","false","true","true","language-switch"
"https://funnytools.win/es/herramientas/crear-grafico-circular/","es","https://funnytools.win/fr/outils/creer-diagramme-circulaire/","fr","Français","nav","false","true","true","language-switch"
"https://funnytools.win/es/herramientas/crear-grafico-circular/","es","https://funnytools.win/affiliate-disclosure/","zh","Información completa (en chino tradicional)","content","false","true","false","intent:disclosure-only-zh"
"https://funnytools.win/es/herramientas/crear-grafico-circular/","es","https://funnytools.win/","zh","繁體中文","nav","false","true","true","language-switch"
"https://funnytools.win/es/herramientas/crear-grafico-circular/","es","https://funnytools.win/en/","en","English","nav","false","true","true","language-switch"
"https://funnytools.win/es/herramientas/crear-grafico-circular/","es","https://funnytools.win/fr/","fr","Français","nav","false","true","true","language-switch"
"https://funnytools.win/es/herramientas/crear-grupos-clase/","es","https://funnytools.win/tools/group-generator/","zh","繁中","content","false","true","false","language-switch"
"https://funnytools.win/es/herramientas/crear-grupos-clase/","es","https://funnytools.win/en/tools/group-generator/","en","English","content","false","true","false","language-switch"
"https://funnytools.win/es/herramientas/crear-grupos-clase/","es","https://funnytools.win/fr/outils/generateur-groupes-classe/","fr","Français","content","false","true","false","language-switch"
"https://funnytools.win/es/herramientas/crear-grupos-clase/","es","https://funnytools.win/tools/group-generator/","zh","繁中","nav","false","true","true","language-switch"
"https://funnytools.win/es/herramientas/crear-grupos-clase/","es","https://funnytools.win/en/tools/group-generator/","en","English","nav","false","true","true","language-switch"
"https://funnytools.win/es/herramientas/crear-grupos-clase/","es","https://funnytools.win/fr/outils/generateur-groupes-classe/","fr","Français","nav","false","true","true","language-switch"
"https://funnytools.win/es/herramientas/crear-grupos-clase/","es","https://funnytools.win/affiliate-disclosure/","zh","Información completa (en chino tradicional)","content","false","true","false","intent:disclosure-only-zh"
"https://funnytools.win/es/herramientas/crear-grupos-clase/","es","https://funnytools.win/","zh","繁體中文","nav","false","true","true","language-switch"
"https://funnytools.win/es/herramientas/crear-grupos-clase/","es","https://funnytools.win/en/","en","English","nav","false","true","true","language-switch"
"https://funnytools.win/es/herramientas/crear-grupos-clase/","es","https://funnytools.win/fr/","fr","Français","nav","false","true","true","language-switch"
"https://funnytools.win/es/herramientas/crear-plano-asientos-aula/","es","https://funnytools.win/tools/seating-chart/","zh","繁中","content","false","true","false","language-switch"
"https://funnytools.win/es/herramientas/crear-plano-asientos-aula/","es","https://funnytools.win/en/tools/seating-chart/","en","English","content","false","true","false","language-switch"
"https://funnytools.win/es/herramientas/crear-plano-asientos-aula/","es","https://funnytools.win/fr/outils/plan-de-classe-en-ligne/","fr","Français","content","false","true","false","language-switch"
"https://funnytools.win/es/herramientas/crear-plano-asientos-aula/","es","https://funnytools.win/tools/seating-chart/","zh","繁中","nav","false","true","true","language-switch"
"https://funnytools.win/es/herramientas/crear-plano-asientos-aula/","es","https://funnytools.win/en/tools/seating-chart/","en","English","nav","false","true","true","language-switch"
"https://funnytools.win/es/herramientas/crear-plano-asientos-aula/","es","https://funnytools.win/fr/outils/plan-de-classe-en-ligne/","fr","Français","nav","false","true","true","language-switch"
"https://funnytools.win/es/herramientas/crear-plano-asientos-aula/","es","https://funnytools.win/affiliate-disclosure/","zh","Información completa (en chino tradicional)","content","false","true","false","intent:disclosure-only-zh"
"https://funnytools.win/es/herramientas/crear-plano-asientos-aula/","es","https://funnytools.win/","zh","繁體中文","nav","false","true","true","language-switch"
"https://funnytools.win/es/herramientas/crear-plano-asientos-aula/","es","https://funnytools.win/en/","en","English","nav","false","true","true","language-switch"
"https://funnytools.win/es/herramientas/crear-plano-asientos-aula/","es","https://funnytools.win/fr/","fr","Français","nav","false","true","true","language-switch"
"https://funnytools.win/es/herramientas/cronometro-online/","es","https://funnytools.win/tools/stopwatch/","zh","繁中","content","false","true","false","language-switch"
"https://funnytools.win/es/herramientas/cronometro-online/","es","https://funnytools.win/en/tools/stopwatch/","en","English","content","false","true","false","language-switch"
"https://funnytools.win/es/herramientas/cronometro-online/","es","https://funnytools.win/fr/outils/chronometre-en-ligne/","fr","Français","content","false","true","false","language-switch"
"https://funnytools.win/es/herramientas/cronometro-online/","es","https://funnytools.win/tools/stopwatch/","zh","繁中","nav","false","true","true","language-switch"
"https://funnytools.win/es/herramientas/cronometro-online/","es","https://funnytools.win/en/tools/stopwatch/","en","English","nav","false","true","true","language-switch"
"https://funnytools.win/es/herramientas/cronometro-online/","es","https://funnytools.win/fr/outils/chronometre-en-ligne/","fr","Français","nav","false","true","true","language-switch"
"https://funnytools.win/es/herramientas/cronometro-online/","es","https://funnytools.win/affiliate-disclosure/","zh","Información completa (en chino tradicional)","content","false","true","false","intent:disclosure-only-zh"
"https://funnytools.win/es/herramientas/cronometro-online/","es","https://funnytools.win/","zh","繁體中文","nav","false","true","true","language-switch"
"https://funnytools.win/es/herramientas/cronometro-online/","es","https://funnytools.win/en/","en","English","nav","false","true","true","language-switch"
"https://funnytools.win/es/herramientas/cronometro-online/","es","https://funnytools.win/fr/","fr","Français","nav","false","true","true","language-switch"
"https://funnytools.win/es/herramientas/decidir-entre-dos-opciones/","es","https://funnytools.win/tools/this-or-that/","zh","繁中","content","false","true","false","language-switch"
"https://funnytools.win/es/herramientas/decidir-entre-dos-opciones/","es","https://funnytools.win/en/tools/this-or-that/","en","English","content","false","true","false","language-switch"
"https://funnytools.win/es/herramientas/decidir-entre-dos-opciones/","es","https://funnytools.win/fr/outils/choisir-entre-deux-options/","fr","Français","content","false","true","false","language-switch"
"https://funnytools.win/es/herramientas/decidir-entre-dos-opciones/","es","https://funnytools.win/tools/this-or-that/","zh","繁中","nav","false","true","true","language-switch"
"https://funnytools.win/es/herramientas/decidir-entre-dos-opciones/","es","https://funnytools.win/en/tools/this-or-that/","en","English","nav","false","true","true","language-switch"
"https://funnytools.win/es/herramientas/decidir-entre-dos-opciones/","es","https://funnytools.win/fr/outils/choisir-entre-deux-options/","fr","Français","nav","false","true","true","language-switch"
"https://funnytools.win/es/herramientas/decidir-entre-dos-opciones/","es","https://funnytools.win/affiliate-disclosure/","zh","Información completa (en chino tradicional)","content","false","true","false","intent:disclosure-only-zh"
"https://funnytools.win/es/herramientas/decidir-entre-dos-opciones/","es","https://funnytools.win/","zh","繁體中文","nav","false","true","true","language-switch"
"https://funnytools.win/es/herramientas/decidir-entre-dos-opciones/","es","https://funnytools.win/en/","en","English","nav","false","true","true","language-switch"
"https://funnytools.win/es/herramientas/decidir-entre-dos-opciones/","es","https://funnytools.win/fr/","fr","Français","nav","false","true","true","language-switch"
"https://funnytools.win/es/herramientas/dividir-pdf/","es","https://funnytools.win/tools/split-pdf/","zh","繁中","content","false","true","false","language-switch"
"https://funnytools.win/es/herramientas/dividir-pdf/","es","https://funnytools.win/en/tools/split-pdf/","en","English","content","false","true","false","language-switch"
"https://funnytools.win/es/herramientas/dividir-pdf/","es","https://funnytools.win/fr/outils/diviser-pdf/","fr","Français","content","false","true","false","language-switch"
"https://funnytools.win/es/herramientas/dividir-pdf/","es","https://funnytools.win/tools/split-pdf/","zh","繁中","nav","false","true","true","language-switch"
"https://funnytools.win/es/herramientas/dividir-pdf/","es","https://funnytools.win/en/tools/split-pdf/","en","English","nav","false","true","true","language-switch"
"https://funnytools.win/es/herramientas/dividir-pdf/","es","https://funnytools.win/fr/outils/diviser-pdf/","fr","Français","nav","false","true","true","language-switch"
"https://funnytools.win/es/herramientas/dividir-pdf/","es","https://funnytools.win/affiliate-disclosure/","zh","Información completa (en chino tradicional)","content","false","true","false","intent:disclosure-only-zh"
"https://funnytools.win/es/herramientas/dividir-pdf/","es","https://funnytools.win/","zh","繁體中文","nav","false","true","true","language-switch"
"https://funnytools.win/es/herramientas/dividir-pdf/","es","https://funnytools.win/en/","en","English","nav","false","true","true","language-switch"
"https://funnytools.win/es/herramientas/dividir-pdf/","es","https://funnytools.win/fr/","fr","Français","nav","false","true","true","language-switch"
"https://funnytools.win/es/herramientas/editor-markdown-online/","es","https://funnytools.win/tools/markdown-previewer/","zh","繁中","content","false","true","false","language-switch"
"https://funnytools.win/es/herramientas/editor-markdown-online/","es","https://funnytools.win/en/tools/markdown-previewer/","en","English","content","false","true","false","language-switch"
"https://funnytools.win/es/herramientas/editor-markdown-online/","es","https://funnytools.win/fr/outils/editeur-markdown-en-ligne/","fr","Français","content","false","true","false","language-switch"
"https://funnytools.win/es/herramientas/editor-markdown-online/","es","https://funnytools.win/tools/markdown-previewer/","zh","繁中","nav","false","true","true","language-switch"
"https://funnytools.win/es/herramientas/editor-markdown-online/","es","https://funnytools.win/en/tools/markdown-previewer/","en","English","nav","false","true","true","language-switch"
"https://funnytools.win/es/herramientas/editor-markdown-online/","es","https://funnytools.win/fr/outils/editeur-markdown-en-ligne/","fr","Français","nav","false","true","true","language-switch"
"https://funnytools.win/es/herramientas/editor-markdown-online/","es","https://funnytools.win/affiliate-disclosure/","zh","Información completa (en chino tradicional)","content","false","true","false","intent:disclosure-only-zh"
"https://funnytools.win/es/herramientas/editor-markdown-online/","es","https://funnytools.win/","zh","繁體中文","nav","false","true","true","language-switch"
"https://funnytools.win/es/herramientas/editor-markdown-online/","es","https://funnytools.win/en/","en","English","nav","false","true","true","language-switch"
"https://funnytools.win/es/herramientas/editor-markdown-online/","es","https://funnytools.win/fr/","fr","Français","nav","false","true","true","language-switch"
"https://funnytools.win/es/herramientas/eliminar-lineas-duplicadas/","es","https://funnytools.win/tools/remove-duplicate-lines/","zh","繁中","content","false","true","false","language-switch"
"https://funnytools.win/es/herramientas/eliminar-lineas-duplicadas/","es","https://funnytools.win/en/tools/remove-duplicate-lines/","en","English","content","false","true","false","language-switch"
"https://funnytools.win/es/herramientas/eliminar-lineas-duplicadas/","es","https://funnytools.win/fr/outils/supprimer-lignes-doublons/","fr","Français","content","false","true","false","language-switch"
"https://funnytools.win/es/herramientas/eliminar-lineas-duplicadas/","es","https://funnytools.win/tools/remove-duplicate-lines/","zh","繁中","nav","false","true","true","language-switch"
"https://funnytools.win/es/herramientas/eliminar-lineas-duplicadas/","es","https://funnytools.win/en/tools/remove-duplicate-lines/","en","English","nav","false","true","true","language-switch"
"https://funnytools.win/es/herramientas/eliminar-lineas-duplicadas/","es","https://funnytools.win/fr/outils/supprimer-lignes-doublons/","fr","Français","nav","false","true","true","language-switch"
"https://funnytools.win/es/herramientas/eliminar-lineas-duplicadas/","es","https://funnytools.win/affiliate-disclosure/","zh","Información completa (en chino tradicional)","content","false","true","false","intent:disclosure-only-zh"
"https://funnytools.win/es/herramientas/eliminar-lineas-duplicadas/","es","https://funnytools.win/","zh","繁體中文","nav","false","true","true","language-switch"
"https://funnytools.win/es/herramientas/eliminar-lineas-duplicadas/","es","https://funnytools.win/en/","en","English","nav","false","true","true","language-switch"
"https://funnytools.win/es/herramientas/eliminar-lineas-duplicadas/","es","https://funnytools.win/fr/","fr","Français","nav","false","true","true","language-switch"
"https://funnytools.win/es/herramientas/eliminar-lineas-vacias/","es","https://funnytools.win/tools/remove-empty-lines/","zh","繁中","content","false","true","false","language-switch"
"https://funnytools.win/es/herramientas/eliminar-lineas-vacias/","es","https://funnytools.win/en/tools/remove-empty-lines/","en","English","content","false","true","false","language-switch"
"https://funnytools.win/es/herramientas/eliminar-lineas-vacias/","es","https://funnytools.win/fr/outils/supprimer-lignes-vides/","fr","Français","content","false","true","false","language-switch"
"https://funnytools.win/es/herramientas/eliminar-lineas-vacias/","es","https://funnytools.win/tools/remove-empty-lines/","zh","繁中","nav","false","true","true","language-switch"
"https://funnytools.win/es/herramientas/eliminar-lineas-vacias/","es","https://funnytools.win/en/tools/remove-empty-lines/","en","English","nav","false","true","true","language-switch"
"https://funnytools.win/es/herramientas/eliminar-lineas-vacias/","es","https://funnytools.win/fr/outils/supprimer-lignes-vides/","fr","Français","nav","false","true","true","language-switch"
"https://funnytools.win/es/herramientas/eliminar-lineas-vacias/","es","https://funnytools.win/affiliate-disclosure/","zh","Información completa (en chino tradicional)","content","false","true","false","intent:disclosure-only-zh"
"https://funnytools.win/es/herramientas/eliminar-lineas-vacias/","es","https://funnytools.win/","zh","繁體中文","nav","false","true","true","language-switch"
"https://funnytools.win/es/herramientas/eliminar-lineas-vacias/","es","https://funnytools.win/en/","en","English","nav","false","true","true","language-switch"
"https://funnytools.win/es/herramientas/eliminar-lineas-vacias/","es","https://funnytools.win/fr/","fr","Français","nav","false","true","true","language-switch"
"https://funnytools.win/es/herramientas/eliminar-paginas-pdf/","es","https://funnytools.win/tools/delete-pdf-pages/","zh","繁中","content","false","true","false","language-switch"
"https://funnytools.win/es/herramientas/eliminar-paginas-pdf/","es","https://funnytools.win/en/tools/delete-pdf-pages/","en","English","content","false","true","false","language-switch"
"https://funnytools.win/es/herramientas/eliminar-paginas-pdf/","es","https://funnytools.win/fr/outils/supprimer-pages-pdf/","fr","Français","content","false","true","false","language-switch"
"https://funnytools.win/es/herramientas/eliminar-paginas-pdf/","es","https://funnytools.win/tools/delete-pdf-pages/","zh","繁中","nav","false","true","true","language-switch"
"https://funnytools.win/es/herramientas/eliminar-paginas-pdf/","es","https://funnytools.win/en/tools/delete-pdf-pages/","en","English","nav","false","true","true","language-switch"
"https://funnytools.win/es/herramientas/eliminar-paginas-pdf/","es","https://funnytools.win/fr/outils/supprimer-pages-pdf/","fr","Français","nav","false","true","true","language-switch"
"https://funnytools.win/es/herramientas/eliminar-paginas-pdf/","es","https://funnytools.win/affiliate-disclosure/","zh","Información completa (en chino tradicional)","content","false","true","false","intent:disclosure-only-zh"
"https://funnytools.win/es/herramientas/eliminar-paginas-pdf/","es","https://funnytools.win/","zh","繁體中文","nav","false","true","true","language-switch"
"https://funnytools.win/es/herramientas/eliminar-paginas-pdf/","es","https://funnytools.win/en/","en","English","nav","false","true","true","language-switch"
"https://funnytools.win/es/herramientas/eliminar-paginas-pdf/","es","https://funnytools.win/fr/","fr","Français","nav","false","true","true","language-switch"
"https://funnytools.win/es/herramientas/extraer-paginas-pdf/","es","https://funnytools.win/tools/extract-pdf-pages/","zh","繁中","content","false","true","false","language-switch"
"https://funnytools.win/es/herramientas/extraer-paginas-pdf/","es","https://funnytools.win/en/tools/extract-pdf-pages/","en","English","content","false","true","false","language-switch"
"https://funnytools.win/es/herramientas/extraer-paginas-pdf/","es","https://funnytools.win/fr/outils/extraire-pages-pdf/","fr","Français","content","false","true","false","language-switch"
"https://funnytools.win/es/herramientas/extraer-paginas-pdf/","es","https://funnytools.win/tools/extract-pdf-pages/","zh","繁中","nav","false","true","true","language-switch"
"https://funnytools.win/es/herramientas/extraer-paginas-pdf/","es","https://funnytools.win/en/tools/extract-pdf-pages/","en","English","nav","false","true","true","language-switch"
"https://funnytools.win/es/herramientas/extraer-paginas-pdf/","es","https://funnytools.win/fr/outils/extraire-pages-pdf/","fr","Français","nav","false","true","true","language-switch"
"https://funnytools.win/es/herramientas/extraer-paginas-pdf/","es","https://funnytools.win/affiliate-disclosure/","zh","Información completa (en chino tradicional)","content","false","true","false","intent:disclosure-only-zh"
"https://funnytools.win/es/herramientas/extraer-paginas-pdf/","es","https://funnytools.win/","zh","繁體中文","nav","false","true","true","language-switch"
"https://funnytools.win/es/herramientas/extraer-paginas-pdf/","es","https://funnytools.win/en/","en","English","nav","false","true","true","language-switch"
"https://funnytools.win/es/herramientas/extraer-paginas-pdf/","es","https://funnytools.win/fr/","fr","Français","nav","false","true","true","language-switch"
"https://funnytools.win/es/herramientas/formatear-validar-json/","es","https://funnytools.win/tools/json-formatter/","zh","繁中","content","false","true","false","language-switch"
"https://funnytools.win/es/herramientas/formatear-validar-json/","es","https://funnytools.win/en/tools/json-formatter/","en","English","content","false","true","false","language-switch"
"https://funnytools.win/es/herramientas/formatear-validar-json/","es","https://funnytools.win/fr/outils/formater-valider-json/","fr","Français","content","false","true","false","language-switch"
"https://funnytools.win/es/herramientas/formatear-validar-json/","es","https://funnytools.win/tools/json-formatter/","zh","繁中","nav","false","true","true","language-switch"
"https://funnytools.win/es/herramientas/formatear-validar-json/","es","https://funnytools.win/en/tools/json-formatter/","en","English","nav","false","true","true","language-switch"
"https://funnytools.win/es/herramientas/formatear-validar-json/","es","https://funnytools.win/fr/outils/formater-valider-json/","fr","Français","nav","false","true","true","language-switch"
"https://funnytools.win/es/herramientas/formatear-validar-json/","es","https://funnytools.win/affiliate-disclosure/","zh","Información completa (en chino tradicional)","content","false","true","false","intent:disclosure-only-zh"
"https://funnytools.win/es/herramientas/formatear-validar-json/","es","https://funnytools.win/","zh","繁體中文","nav","false","true","true","language-switch"
"https://funnytools.win/es/herramientas/formatear-validar-json/","es","https://funnytools.win/en/","en","English","nav","false","true","true","language-switch"
"https://funnytools.win/es/herramientas/formatear-validar-json/","es","https://funnytools.win/fr/","fr","Français","nav","false","true","true","language-switch"
"https://funnytools.win/es/herramientas/generador-codigo-barras/","es","https://funnytools.win/tools/barcode-generator/","zh","繁中","content","false","true","false","language-switch"
"https://funnytools.win/es/herramientas/generador-codigo-barras/","es","https://funnytools.win/en/tools/barcode-generator/","en","English","content","false","true","false","language-switch"
"https://funnytools.win/es/herramientas/generador-codigo-barras/","es","https://funnytools.win/fr/outils/generateur-code-barres/","fr","Français","content","false","true","false","language-switch"
"https://funnytools.win/es/herramientas/generador-codigo-barras/","es","https://funnytools.win/tools/barcode-generator/","zh","繁中","nav","false","true","true","language-switch"
"https://funnytools.win/es/herramientas/generador-codigo-barras/","es","https://funnytools.win/en/tools/barcode-generator/","en","English","nav","false","true","true","language-switch"
"https://funnytools.win/es/herramientas/generador-codigo-barras/","es","https://funnytools.win/fr/outils/generateur-code-barres/","fr","Français","nav","false","true","true","language-switch"
"https://funnytools.win/es/herramientas/generador-codigo-barras/","es","https://funnytools.win/affiliate-disclosure/","zh","Información completa (en chino tradicional)","content","false","true","false","intent:disclosure-only-zh"
"https://funnytools.win/es/herramientas/generador-codigo-barras/","es","https://funnytools.win/","zh","繁體中文","nav","false","true","true","language-switch"
"https://funnytools.win/es/herramientas/generador-codigo-barras/","es","https://funnytools.win/en/","en","English","nav","false","true","true","language-switch"
"https://funnytools.win/es/herramientas/generador-codigo-barras/","es","https://funnytools.win/fr/","fr","Français","nav","false","true","true","language-switch"
"https://funnytools.win/es/herramientas/generador-codigo-qr/","es","https://funnytools.win/tools/qr-code-generator/","zh","繁中","content","false","true","false","language-switch"
"https://funnytools.win/es/herramientas/generador-codigo-qr/","es","https://funnytools.win/en/tools/qr-code-generator/","en","English","content","false","true","false","language-switch"
"https://funnytools.win/es/herramientas/generador-codigo-qr/","es","https://funnytools.win/fr/outils/generateur-code-qr/","fr","Français","content","false","true","false","language-switch"
"https://funnytools.win/es/herramientas/generador-codigo-qr/","es","https://funnytools.win/tools/qr-code-generator/","zh","繁中","nav","false","true","true","language-switch"
"https://funnytools.win/es/herramientas/generador-codigo-qr/","es","https://funnytools.win/en/tools/qr-code-generator/","en","English","nav","false","true","true","language-switch"
"https://funnytools.win/es/herramientas/generador-codigo-qr/","es","https://funnytools.win/fr/outils/generateur-code-qr/","fr","Français","nav","false","true","true","language-switch"
"https://funnytools.win/es/herramientas/generador-codigo-qr/","es","https://funnytools.win/affiliate-disclosure/","zh","Información completa (en chino tradicional)","content","false","true","false","intent:disclosure-only-zh"
"https://funnytools.win/es/herramientas/generador-codigo-qr/","es","https://funnytools.win/","zh","繁體中文","nav","false","true","true","language-switch"
"https://funnytools.win/es/herramientas/generador-codigo-qr/","es","https://funnytools.win/en/","en","English","nav","false","true","true","language-switch"
"https://funnytools.win/es/herramientas/generador-codigo-qr/","es","https://funnytools.win/fr/","fr","Français","nav","false","true","true","language-switch"
"https://funnytools.win/es/herramientas/generador-colores-hex-rgb-hsl/","es","https://funnytools.win/tools/color-generator/","zh","繁中","content","false","true","false","language-switch"
"https://funnytools.win/es/herramientas/generador-colores-hex-rgb-hsl/","es","https://funnytools.win/en/tools/color-generator/","en","English","content","false","true","false","language-switch"
"https://funnytools.win/es/herramientas/generador-colores-hex-rgb-hsl/","es","https://funnytools.win/fr/outils/generateur-couleurs-hex-rgb-hsl/","fr","Français","content","false","true","false","language-switch"
"https://funnytools.win/es/herramientas/generador-colores-hex-rgb-hsl/","es","https://funnytools.win/tools/color-generator/","zh","繁中","nav","false","true","true","language-switch"
"https://funnytools.win/es/herramientas/generador-colores-hex-rgb-hsl/","es","https://funnytools.win/en/tools/color-generator/","en","English","nav","false","true","true","language-switch"
"https://funnytools.win/es/herramientas/generador-colores-hex-rgb-hsl/","es","https://funnytools.win/fr/outils/generateur-couleurs-hex-rgb-hsl/","fr","Français","nav","false","true","true","language-switch"
"https://funnytools.win/es/herramientas/generador-colores-hex-rgb-hsl/","es","https://funnytools.win/affiliate-disclosure/","zh","Información completa (en chino tradicional)","content","false","true","false","intent:disclosure-only-zh"
"https://funnytools.win/es/herramientas/generador-colores-hex-rgb-hsl/","es","https://funnytools.win/","zh","繁體中文","nav","false","true","true","language-switch"
"https://funnytools.win/es/herramientas/generador-colores-hex-rgb-hsl/","es","https://funnytools.win/en/","en","English","nav","false","true","true","language-switch"
"https://funnytools.win/es/herramientas/generador-colores-hex-rgb-hsl/","es","https://funnytools.win/fr/","fr","Français","nav","false","true","true","language-switch"
"https://funnytools.win/es/herramientas/generador-contrasenas-seguras/","es","https://funnytools.win/tools/password-generator/","zh","繁中","content","false","true","false","language-switch"
"https://funnytools.win/es/herramientas/generador-contrasenas-seguras/","es","https://funnytools.win/en/tools/password-generator/","en","English","content","false","true","false","language-switch"
"https://funnytools.win/es/herramientas/generador-contrasenas-seguras/","es","https://funnytools.win/fr/outils/generateur-mot-de-passe-securise/","fr","Français","content","false","true","false","language-switch"
"https://funnytools.win/es/herramientas/generador-contrasenas-seguras/","es","https://funnytools.win/tools/password-generator/","zh","繁中","nav","false","true","true","language-switch"
"https://funnytools.win/es/herramientas/generador-contrasenas-seguras/","es","https://funnytools.win/en/tools/password-generator/","en","English","nav","false","true","true","language-switch"
"https://funnytools.win/es/herramientas/generador-contrasenas-seguras/","es","https://funnytools.win/fr/outils/generateur-mot-de-passe-securise/","fr","Français","nav","false","true","true","language-switch"
"https://funnytools.win/es/herramientas/generador-contrasenas-seguras/","es","https://funnytools.win/affiliate-disclosure/","zh","Información completa (en chino tradicional)","content","false","true","false","intent:disclosure-only-zh"
"https://funnytools.win/es/herramientas/generador-contrasenas-seguras/","es","https://funnytools.win/","zh","繁體中文","nav","false","true","true","language-switch"
"https://funnytools.win/es/herramientas/generador-contrasenas-seguras/","es","https://funnytools.win/en/","en","English","nav","false","true","true","language-switch"
"https://funnytools.win/es/herramientas/generador-contrasenas-seguras/","es","https://funnytools.win/fr/","fr","Français","nav","false","true","true","language-switch"
"https://funnytools.win/es/herramientas/generador-grupos-aleatorios/","es","https://funnytools.win/tools/random-group-generator/","zh","繁中","content","false","true","false","language-switch"
"https://funnytools.win/es/herramientas/generador-grupos-aleatorios/","es","https://funnytools.win/en/tools/random-group-generator/","en","English","content","false","true","false","language-switch"
"https://funnytools.win/es/herramientas/generador-grupos-aleatorios/","es","https://funnytools.win/fr/outils/generateur-groupes-aleatoires/","fr","Français","content","false","true","false","language-switch"
"https://funnytools.win/es/herramientas/generador-grupos-aleatorios/","es","https://funnytools.win/tools/random-group-generator/","zh","繁中","nav","false","true","true","language-switch"
"https://funnytools.win/es/herramientas/generador-grupos-aleatorios/","es","https://funnytools.win/en/tools/random-group-generator/","en","English","nav","false","true","true","language-switch"
"https://funnytools.win/es/herramientas/generador-grupos-aleatorios/","es","https://funnytools.win/fr/outils/generateur-groupes-aleatoires/","fr","Français","nav","false","true","true","language-switch"
"https://funnytools.win/es/herramientas/generador-grupos-aleatorios/","es","https://funnytools.win/affiliate-disclosure/","zh","Información completa (en chino tradicional)","content","false","true","false","intent:disclosure-only-zh"
"https://funnytools.win/es/herramientas/generador-grupos-aleatorios/","es","https://funnytools.win/","zh","繁體中文","nav","false","true","true","language-switch"
"https://funnytools.win/es/herramientas/generador-grupos-aleatorios/","es","https://funnytools.win/en/","en","English","nav","false","true","true","language-switch"
"https://funnytools.win/es/herramientas/generador-grupos-aleatorios/","es","https://funnytools.win/fr/","fr","Français","nav","false","true","true","language-switch"
"https://funnytools.win/es/herramientas/generador-informe-apa-7/","es","https://funnytools.win/tools/apa-7-report-generator/","zh","繁中","content","false","true","false","language-switch"
"https://funnytools.win/es/herramientas/generador-informe-apa-7/","es","https://funnytools.win/en/tools/apa-7-report-generator/","en","English","content","false","true","false","language-switch"
"https://funnytools.win/es/herramientas/generador-informe-apa-7/","es","https://funnytools.win/tools/apa-7-report-generator/","zh","繁中","nav","false","true","true","language-switch"
"https://funnytools.win/es/herramientas/generador-informe-apa-7/","es","https://funnytools.win/en/tools/apa-7-report-generator/","en","English","nav","false","true","true","language-switch"
"https://funnytools.win/es/herramientas/generador-informe-apa-7/","es","https://funnytools.win/affiliate-disclosure/","zh","Información completa (en chino tradicional)","content","false","true","false","intent:disclosure-only-zh"
"https://funnytools.win/es/herramientas/generador-informe-apa-7/","es","https://funnytools.win/","zh","繁體中文","nav","false","true","true","language-switch"
"https://funnytools.win/es/herramientas/generador-informe-apa-7/","es","https://funnytools.win/en/","en","English","nav","false","true","true","language-switch"
"https://funnytools.win/es/herramientas/generador-informe-apa-7/","es","https://funnytools.win/fr/","fr","Français","nav","false","true","true","language-switch"
"https://funnytools.win/es/herramientas/generador-numeros-aleatorios/","es","https://funnytools.win/tools/random-number-picker/","zh","繁中","content","false","true","false","language-switch"
"https://funnytools.win/es/herramientas/generador-numeros-aleatorios/","es","https://funnytools.win/en/tools/random-number-picker/","en","English","content","false","true","false","language-switch"
"https://funnytools.win/es/herramientas/generador-numeros-aleatorios/","es","https://funnytools.win/fr/outils/generateur-nombres-aleatoires/","fr","Français","content","false","true","false","language-switch"
"https://funnytools.win/es/herramientas/generador-numeros-aleatorios/","es","https://funnytools.win/tools/random-number-picker/","zh","繁中","nav","false","true","true","language-switch"
"https://funnytools.win/es/herramientas/generador-numeros-aleatorios/","es","https://funnytools.win/en/tools/random-number-picker/","en","English","nav","false","true","true","language-switch"
"https://funnytools.win/es/herramientas/generador-numeros-aleatorios/","es","https://funnytools.win/fr/outils/generateur-nombres-aleatoires/","fr","Français","nav","false","true","true","language-switch"
"https://funnytools.win/es/herramientas/generador-numeros-aleatorios/","es","https://funnytools.win/affiliate-disclosure/","zh","Información completa (en chino tradicional)","content","false","true","false","intent:disclosure-only-zh"
"https://funnytools.win/es/herramientas/generador-numeros-aleatorios/","es","https://funnytools.win/","zh","繁體中文","nav","false","true","true","language-switch"
"https://funnytools.win/es/herramientas/generador-numeros-aleatorios/","es","https://funnytools.win/en/","en","English","nav","false","true","true","language-switch"
"https://funnytools.win/es/herramientas/generador-numeros-aleatorios/","es","https://funnytools.win/fr/","fr","Français","nav","false","true","true","language-switch"
"https://funnytools.win/es/herramientas/generador-uuid-v4/","es","https://funnytools.win/tools/uuid-generator/","zh","繁中","content","false","true","false","language-switch"
"https://funnytools.win/es/herramientas/generador-uuid-v4/","es","https://funnytools.win/en/tools/uuid-generator/","en","English","content","false","true","false","language-switch"
"https://funnytools.win/es/herramientas/generador-uuid-v4/","es","https://funnytools.win/fr/outils/generateur-uuid-v4/","fr","Français","content","false","true","false","language-switch"
"https://funnytools.win/es/herramientas/generador-uuid-v4/","es","https://funnytools.win/tools/uuid-generator/","zh","繁中","nav","false","true","true","language-switch"
"https://funnytools.win/es/herramientas/generador-uuid-v4/","es","https://funnytools.win/en/tools/uuid-generator/","en","English","nav","false","true","true","language-switch"
"https://funnytools.win/es/herramientas/generador-uuid-v4/","es","https://funnytools.win/fr/outils/generateur-uuid-v4/","fr","Français","nav","false","true","true","language-switch"
"https://funnytools.win/es/herramientas/generador-uuid-v4/","es","https://funnytools.win/affiliate-disclosure/","zh","Información completa (en chino tradicional)","content","false","true","false","intent:disclosure-only-zh"
"https://funnytools.win/es/herramientas/generador-uuid-v4/","es","https://funnytools.win/","zh","繁體中文","nav","false","true","true","language-switch"
"https://funnytools.win/es/herramientas/generador-uuid-v4/","es","https://funnytools.win/en/","en","English","nav","false","true","true","language-switch"
"https://funnytools.win/es/herramientas/generador-uuid-v4/","es","https://funnytools.win/fr/","fr","Français","nav","false","true","true","language-switch"
"https://funnytools.win/es/herramientas/","es","https://funnytools.win/tools/","zh","繁中","content","false","true","false","language-switch"
"https://funnytools.win/es/herramientas/","es","https://funnytools.win/en/tools/","en","English","content","false","true","false","language-switch"
"https://funnytools.win/es/herramientas/","es","https://funnytools.win/fr/outils/","fr","Français","content","false","true","false","language-switch"
"https://funnytools.win/es/herramientas/","es","https://funnytools.win/tools/","zh","繁中","nav","false","true","true","language-switch"
"https://funnytools.win/es/herramientas/","es","https://funnytools.win/en/tools/","en","English","nav","false","true","true","language-switch"
"https://funnytools.win/es/herramientas/","es","https://funnytools.win/fr/outils/","fr","Français","nav","false","true","true","language-switch"
"https://funnytools.win/es/herramientas/","es","https://funnytools.win/affiliate-disclosure/","zh","Información completa (en chino tradicional)","content","false","true","false","intent:disclosure-only-zh"
"https://funnytools.win/es/herramientas/","es","https://funnytools.win/","zh","繁體中文","nav","false","true","true","language-switch"
"https://funnytools.win/es/herramientas/","es","https://funnytools.win/en/","en","English","nav","false","true","true","language-switch"
"https://funnytools.win/es/herramientas/","es","https://funnytools.win/fr/","fr","Français","nav","false","true","true","language-switch"
"https://funnytools.win/es/herramientas/interpretar-resultados-spss/","es","https://funnytools.win/tools/spss-result-interpreter/","zh","繁中","content","false","true","false","language-switch"
"https://funnytools.win/es/herramientas/interpretar-resultados-spss/","es","https://funnytools.win/en/tools/spss-result-interpreter/","en","English","content","false","true","false","language-switch"
"https://funnytools.win/es/herramientas/interpretar-resultados-spss/","es","https://funnytools.win/tools/spss-result-interpreter/","zh","繁中","nav","false","true","true","language-switch"
"https://funnytools.win/es/herramientas/interpretar-resultados-spss/","es","https://funnytools.win/en/tools/spss-result-interpreter/","en","English","nav","false","true","true","language-switch"
"https://funnytools.win/es/herramientas/interpretar-resultados-spss/","es","https://funnytools.win/affiliate-disclosure/","zh","Información completa (en chino tradicional)","content","false","true","false","intent:disclosure-only-zh"
"https://funnytools.win/es/herramientas/interpretar-resultados-spss/","es","https://funnytools.win/","zh","繁體中文","nav","false","true","true","language-switch"
"https://funnytools.win/es/herramientas/interpretar-resultados-spss/","es","https://funnytools.win/en/","en","English","nav","false","true","true","language-switch"
"https://funnytools.win/es/herramientas/interpretar-resultados-spss/","es","https://funnytools.win/fr/","fr","Français","nav","false","true","true","language-switch"
"https://funnytools.win/es/herramientas/ordenar-lineas-texto/","es","https://funnytools.win/tools/sort-lines/","zh","繁中","content","false","true","false","language-switch"
"https://funnytools.win/es/herramientas/ordenar-lineas-texto/","es","https://funnytools.win/en/tools/sort-lines/","en","English","content","false","true","false","language-switch"
"https://funnytools.win/es/herramientas/ordenar-lineas-texto/","es","https://funnytools.win/fr/outils/trier-lignes-texte/","fr","Français","content","false","true","false","language-switch"
"https://funnytools.win/es/herramientas/ordenar-lineas-texto/","es","https://funnytools.win/tools/sort-lines/","zh","繁中","nav","false","true","true","language-switch"
"https://funnytools.win/es/herramientas/ordenar-lineas-texto/","es","https://funnytools.win/en/tools/sort-lines/","en","English","nav","false","true","true","language-switch"
"https://funnytools.win/es/herramientas/ordenar-lineas-texto/","es","https://funnytools.win/fr/outils/trier-lignes-texte/","fr","Français","nav","false","true","true","language-switch"
"https://funnytools.win/es/herramientas/ordenar-lineas-texto/","es","https://funnytools.win/affiliate-disclosure/","zh","Información completa (en chino tradicional)","content","false","true","false","intent:disclosure-only-zh"
"https://funnytools.win/es/herramientas/ordenar-lineas-texto/","es","https://funnytools.win/","zh","繁體中文","nav","false","true","true","language-switch"
"https://funnytools.win/es/herramientas/ordenar-lineas-texto/","es","https://funnytools.win/en/","en","English","nav","false","true","true","language-switch"
"https://funnytools.win/es/herramientas/ordenar-lineas-texto/","es","https://funnytools.win/fr/","fr","Français","nav","false","true","true","language-switch"
"https://funnytools.win/es/herramientas/ordenar-paginas-pdf/","es","https://funnytools.win/tools/pdf-page-reorder/","zh","繁中","content","false","true","false","language-switch"
"https://funnytools.win/es/herramientas/ordenar-paginas-pdf/","es","https://funnytools.win/en/tools/pdf-page-reorder/","en","English","content","false","true","false","language-switch"
"https://funnytools.win/es/herramientas/ordenar-paginas-pdf/","es","https://funnytools.win/fr/outils/reorganiser-pages-pdf/","fr","Français","content","false","true","false","language-switch"
"https://funnytools.win/es/herramientas/ordenar-paginas-pdf/","es","https://funnytools.win/tools/pdf-page-reorder/","zh","繁中","nav","false","true","true","language-switch"
"https://funnytools.win/es/herramientas/ordenar-paginas-pdf/","es","https://funnytools.win/en/tools/pdf-page-reorder/","en","English","nav","false","true","true","language-switch"
"https://funnytools.win/es/herramientas/ordenar-paginas-pdf/","es","https://funnytools.win/fr/outils/reorganiser-pages-pdf/","fr","Français","nav","false","true","true","language-switch"
"https://funnytools.win/es/herramientas/ordenar-paginas-pdf/","es","https://funnytools.win/affiliate-disclosure/","zh","Información completa (en chino tradicional)","content","false","true","false","intent:disclosure-only-zh"
"https://funnytools.win/es/herramientas/ordenar-paginas-pdf/","es","https://funnytools.win/","zh","繁體中文","nav","false","true","true","language-switch"
"https://funnytools.win/es/herramientas/ordenar-paginas-pdf/","es","https://funnytools.win/en/","en","English","nav","false","true","true","language-switch"
"https://funnytools.win/es/herramientas/ordenar-paginas-pdf/","es","https://funnytools.win/fr/","fr","Français","nav","false","true","true","language-switch"
"https://funnytools.win/es/herramientas/pizarra-dibujo-online/","es","https://funnytools.win/tools/sketchpad/","zh","繁中","content","false","true","false","language-switch"
"https://funnytools.win/es/herramientas/pizarra-dibujo-online/","es","https://funnytools.win/en/tools/sketchpad/","en","English","content","false","true","false","language-switch"
"https://funnytools.win/es/herramientas/pizarra-dibujo-online/","es","https://funnytools.win/fr/outils/tableau-blanc-dessin-en-ligne/","fr","Français","content","false","true","false","language-switch"
"https://funnytools.win/es/herramientas/pizarra-dibujo-online/","es","https://funnytools.win/tools/sketchpad/","zh","繁中","nav","false","true","true","language-switch"
"https://funnytools.win/es/herramientas/pizarra-dibujo-online/","es","https://funnytools.win/en/tools/sketchpad/","en","English","nav","false","true","true","language-switch"
"https://funnytools.win/es/herramientas/pizarra-dibujo-online/","es","https://funnytools.win/fr/outils/tableau-blanc-dessin-en-ligne/","fr","Français","nav","false","true","true","language-switch"
"https://funnytools.win/es/herramientas/pizarra-dibujo-online/","es","https://funnytools.win/affiliate-disclosure/","zh","Información completa (en chino tradicional)","content","false","true","false","intent:disclosure-only-zh"
"https://funnytools.win/es/herramientas/pizarra-dibujo-online/","es","https://funnytools.win/","zh","繁體中文","nav","false","true","true","language-switch"
"https://funnytools.win/es/herramientas/pizarra-dibujo-online/","es","https://funnytools.win/en/","en","English","nav","false","true","true","language-switch"
"https://funnytools.win/es/herramientas/pizarra-dibujo-online/","es","https://funnytools.win/fr/","fr","Français","nav","false","true","true","language-switch"
"https://funnytools.win/es/herramientas/que-comer-hoy/","es","https://funnytools.win/tools/what-to-eat/","zh","繁中","content","false","true","false","language-switch"
"https://funnytools.win/es/herramientas/que-comer-hoy/","es","https://funnytools.win/en/tools/what-to-eat/","en","English","content","false","true","false","language-switch"
"https://funnytools.win/es/herramientas/que-comer-hoy/","es","https://funnytools.win/fr/outils/quoi-manger-ce-soir/","fr","Français","content","false","true","false","language-switch"
"https://funnytools.win/es/herramientas/que-comer-hoy/","es","https://funnytools.win/tools/what-to-eat/","zh","繁中","nav","false","true","true","language-switch"
"https://funnytools.win/es/herramientas/que-comer-hoy/","es","https://funnytools.win/en/tools/what-to-eat/","en","English","nav","false","true","true","language-switch"
"https://funnytools.win/es/herramientas/que-comer-hoy/","es","https://funnytools.win/fr/outils/quoi-manger-ce-soir/","fr","Français","nav","false","true","true","language-switch"
"https://funnytools.win/es/herramientas/que-comer-hoy/","es","https://funnytools.win/affiliate-disclosure/","zh","Información completa (en chino tradicional)","content","false","true","false","intent:disclosure-only-zh"
"https://funnytools.win/es/herramientas/que-comer-hoy/","es","https://funnytools.win/","zh","繁體中文","nav","false","true","true","language-switch"
"https://funnytools.win/es/herramientas/que-comer-hoy/","es","https://funnytools.win/en/","en","English","nav","false","true","true","language-switch"
"https://funnytools.win/es/herramientas/que-comer-hoy/","es","https://funnytools.win/fr/","fr","Français","nav","false","true","true","language-switch"
"https://funnytools.win/es/herramientas/recordatorio-descansos/","es","https://funnytools.win/tools/break-reminder/","zh","繁中","content","false","true","false","language-switch"
"https://funnytools.win/es/herramientas/recordatorio-descansos/","es","https://funnytools.win/en/tools/break-reminder/","en","English","content","false","true","false","language-switch"
"https://funnytools.win/es/herramientas/recordatorio-descansos/","es","https://funnytools.win/fr/outils/rappel-pause-ecran/","fr","Français","content","false","true","false","language-switch"
"https://funnytools.win/es/herramientas/recordatorio-descansos/","es","https://funnytools.win/tools/break-reminder/","zh","繁中","nav","false","true","true","language-switch"
"https://funnytools.win/es/herramientas/recordatorio-descansos/","es","https://funnytools.win/en/tools/break-reminder/","en","English","nav","false","true","true","language-switch"
"https://funnytools.win/es/herramientas/recordatorio-descansos/","es","https://funnytools.win/fr/outils/rappel-pause-ecran/","fr","Français","nav","false","true","true","language-switch"
"https://funnytools.win/es/herramientas/recordatorio-descansos/","es","https://funnytools.win/affiliate-disclosure/","zh","Información completa (en chino tradicional)","content","false","true","false","intent:disclosure-only-zh"
"https://funnytools.win/es/herramientas/recordatorio-descansos/","es","https://funnytools.win/","zh","繁體中文","nav","false","true","true","language-switch"
"https://funnytools.win/es/herramientas/recordatorio-descansos/","es","https://funnytools.win/en/","en","English","nav","false","true","true","language-switch"
"https://funnytools.win/es/herramientas/recordatorio-descansos/","es","https://funnytools.win/fr/","fr","Français","nav","false","true","true","language-switch"
"https://funnytools.win/es/herramientas/recortar-imagen/","es","https://funnytools.win/tools/image-crop/","zh","繁中","content","false","true","false","language-switch"
"https://funnytools.win/es/herramientas/recortar-imagen/","es","https://funnytools.win/en/tools/image-crop/","en","English","content","false","true","false","language-switch"
"https://funnytools.win/es/herramientas/recortar-imagen/","es","https://funnytools.win/fr/outils/recadrer-image/","fr","Français","content","false","true","false","language-switch"
"https://funnytools.win/es/herramientas/recortar-imagen/","es","https://funnytools.win/tools/image-crop/","zh","繁中","nav","false","true","true","language-switch"
"https://funnytools.win/es/herramientas/recortar-imagen/","es","https://funnytools.win/en/tools/image-crop/","en","English","nav","false","true","true","language-switch"
"https://funnytools.win/es/herramientas/recortar-imagen/","es","https://funnytools.win/fr/outils/recadrer-image/","fr","Français","nav","false","true","true","language-switch"
"https://funnytools.win/es/herramientas/recortar-imagen/","es","https://funnytools.win/affiliate-disclosure/","zh","Información completa (en chino tradicional)","content","false","true","false","intent:disclosure-only-zh"
"https://funnytools.win/es/herramientas/recortar-imagen/","es","https://funnytools.win/","zh","繁體中文","nav","false","true","true","language-switch"
"https://funnytools.win/es/herramientas/recortar-imagen/","es","https://funnytools.win/en/","en","English","nav","false","true","true","language-switch"
"https://funnytools.win/es/herramientas/recortar-imagen/","es","https://funnytools.win/fr/","fr","Français","nav","false","true","true","language-switch"
"https://funnytools.win/es/herramientas/redimensionar-imagen/","es","https://funnytools.win/tools/image-resizer/","zh","繁中","content","false","true","false","language-switch"
"https://funnytools.win/es/herramientas/redimensionar-imagen/","es","https://funnytools.win/en/tools/image-resizer/","en","English","content","false","true","false","language-switch"
"https://funnytools.win/es/herramientas/redimensionar-imagen/","es","https://funnytools.win/fr/outils/redimensionner-image/","fr","Français","content","false","true","false","language-switch"
"https://funnytools.win/es/herramientas/redimensionar-imagen/","es","https://funnytools.win/tools/image-resizer/","zh","繁中","nav","false","true","true","language-switch"
"https://funnytools.win/es/herramientas/redimensionar-imagen/","es","https://funnytools.win/en/tools/image-resizer/","en","English","nav","false","true","true","language-switch"
"https://funnytools.win/es/herramientas/redimensionar-imagen/","es","https://funnytools.win/fr/outils/redimensionner-image/","fr","Français","nav","false","true","true","language-switch"
"https://funnytools.win/es/herramientas/redimensionar-imagen/","es","https://funnytools.win/affiliate-disclosure/","zh","Información completa (en chino tradicional)","content","false","true","false","intent:disclosure-only-zh"
"https://funnytools.win/es/herramientas/redimensionar-imagen/","es","https://funnytools.win/","zh","繁體中文","nav","false","true","true","language-switch"
"https://funnytools.win/es/herramientas/redimensionar-imagen/","es","https://funnytools.win/en/","en","English","nav","false","true","true","language-switch"
"https://funnytools.win/es/herramientas/redimensionar-imagen/","es","https://funnytools.win/fr/","fr","Français","nav","false","true","true","language-switch"
"https://funnytools.win/es/herramientas/rotar-pdf/","es","https://funnytools.win/tools/rotate-pdf/","zh","繁中","content","false","true","false","language-switch"
"https://funnytools.win/es/herramientas/rotar-pdf/","es","https://funnytools.win/en/tools/rotate-pdf/","en","English","content","false","true","false","language-switch"
"https://funnytools.win/es/herramientas/rotar-pdf/","es","https://funnytools.win/fr/outils/faire-pivoter-pdf/","fr","Français","content","false","true","false","language-switch"
"https://funnytools.win/es/herramientas/rotar-pdf/","es","https://funnytools.win/tools/rotate-pdf/","zh","繁中","nav","false","true","true","language-switch"
"https://funnytools.win/es/herramientas/rotar-pdf/","es","https://funnytools.win/en/tools/rotate-pdf/","en","English","nav","false","true","true","language-switch"
"https://funnytools.win/es/herramientas/rotar-pdf/","es","https://funnytools.win/fr/outils/faire-pivoter-pdf/","fr","Français","nav","false","true","true","language-switch"
"https://funnytools.win/es/herramientas/rotar-pdf/","es","https://funnytools.win/affiliate-disclosure/","zh","Información completa (en chino tradicional)","content","false","true","false","intent:disclosure-only-zh"
"https://funnytools.win/es/herramientas/rotar-pdf/","es","https://funnytools.win/","zh","繁體中文","nav","false","true","true","language-switch"
"https://funnytools.win/es/herramientas/rotar-pdf/","es","https://funnytools.win/en/","en","English","nav","false","true","true","language-switch"
"https://funnytools.win/es/herramientas/rotar-pdf/","es","https://funnytools.win/fr/","fr","Français","nav","false","true","true","language-switch"
"https://funnytools.win/es/herramientas/rotar-voltear-imagen/","es","https://funnytools.win/tools/image-rotate-flip/","zh","繁中","content","false","true","false","language-switch"
"https://funnytools.win/es/herramientas/rotar-voltear-imagen/","es","https://funnytools.win/en/tools/image-rotate-flip/","en","English","content","false","true","false","language-switch"
"https://funnytools.win/es/herramientas/rotar-voltear-imagen/","es","https://funnytools.win/fr/outils/faire-pivoter-image/","fr","Français","content","false","true","false","language-switch"
"https://funnytools.win/es/herramientas/rotar-voltear-imagen/","es","https://funnytools.win/tools/image-rotate-flip/","zh","繁中","nav","false","true","true","language-switch"
"https://funnytools.win/es/herramientas/rotar-voltear-imagen/","es","https://funnytools.win/en/tools/image-rotate-flip/","en","English","nav","false","true","true","language-switch"
"https://funnytools.win/es/herramientas/rotar-voltear-imagen/","es","https://funnytools.win/fr/outils/faire-pivoter-image/","fr","Français","nav","false","true","true","language-switch"
"https://funnytools.win/es/herramientas/rotar-voltear-imagen/","es","https://funnytools.win/affiliate-disclosure/","zh","Información completa (en chino tradicional)","content","false","true","false","intent:disclosure-only-zh"
"https://funnytools.win/es/herramientas/rotar-voltear-imagen/","es","https://funnytools.win/","zh","繁體中文","nav","false","true","true","language-switch"
"https://funnytools.win/es/herramientas/rotar-voltear-imagen/","es","https://funnytools.win/en/","en","English","nav","false","true","true","language-switch"
"https://funnytools.win/es/herramientas/rotar-voltear-imagen/","es","https://funnytools.win/fr/","fr","Français","nav","false","true","true","language-switch"
"https://funnytools.win/es/herramientas/ruleta-aleatoria/","es","https://funnytools.win/tools/random-wheel/","zh","繁中","content","false","true","false","language-switch"
"https://funnytools.win/es/herramientas/ruleta-aleatoria/","es","https://funnytools.win/en/tools/random-wheel/","en","English","content","false","true","false","language-switch"
"https://funnytools.win/es/herramientas/ruleta-aleatoria/","es","https://funnytools.win/fr/outils/roue-aleatoire/","fr","Français","content","false","true","false","language-switch"
"https://funnytools.win/es/herramientas/ruleta-aleatoria/","es","https://funnytools.win/tools/random-wheel/","zh","繁中","nav","false","true","true","language-switch"
"https://funnytools.win/es/herramientas/ruleta-aleatoria/","es","https://funnytools.win/en/tools/random-wheel/","en","English","nav","false","true","true","language-switch"
"https://funnytools.win/es/herramientas/ruleta-aleatoria/","es","https://funnytools.win/fr/outils/roue-aleatoire/","fr","Français","nav","false","true","true","language-switch"
"https://funnytools.win/es/herramientas/ruleta-aleatoria/","es","https://funnytools.win/affiliate-disclosure/","zh","Información completa (en chino tradicional)","content","false","true","false","intent:disclosure-only-zh"
"https://funnytools.win/es/herramientas/ruleta-aleatoria/","es","https://funnytools.win/","zh","繁體中文","nav","false","true","true","language-switch"
"https://funnytools.win/es/herramientas/ruleta-aleatoria/","es","https://funnytools.win/en/","en","English","nav","false","true","true","language-switch"
"https://funnytools.win/es/herramientas/ruleta-aleatoria/","es","https://funnytools.win/fr/","fr","Français","nav","false","true","true","language-switch"
"https://funnytools.win/es/herramientas/selector-aleatorio-alumnos/","es","https://funnytools.win/tools/random-student-picker/","zh","繁中","content","false","true","false","language-switch"
"https://funnytools.win/es/herramientas/selector-aleatorio-alumnos/","es","https://funnytools.win/en/tools/random-student-picker/","en","English","content","false","true","false","language-switch"
"https://funnytools.win/es/herramientas/selector-aleatorio-alumnos/","es","https://funnytools.win/fr/outils/tirage-au-sort-eleves/","fr","Français","content","false","true","false","language-switch"
"https://funnytools.win/es/herramientas/selector-aleatorio-alumnos/","es","https://funnytools.win/tools/random-student-picker/","zh","繁中","nav","false","true","true","language-switch"
"https://funnytools.win/es/herramientas/selector-aleatorio-alumnos/","es","https://funnytools.win/en/tools/random-student-picker/","en","English","nav","false","true","true","language-switch"
"https://funnytools.win/es/herramientas/selector-aleatorio-alumnos/","es","https://funnytools.win/fr/outils/tirage-au-sort-eleves/","fr","Français","nav","false","true","true","language-switch"
"https://funnytools.win/es/herramientas/selector-aleatorio-alumnos/","es","https://funnytools.win/affiliate-disclosure/","zh","Información completa (en chino tradicional)","content","false","true","false","intent:disclosure-only-zh"
"https://funnytools.win/es/herramientas/selector-aleatorio-alumnos/","es","https://funnytools.win/","zh","繁體中文","nav","false","true","true","language-switch"
"https://funnytools.win/es/herramientas/selector-aleatorio-alumnos/","es","https://funnytools.win/en/","en","English","nav","false","true","true","language-switch"
"https://funnytools.win/es/herramientas/selector-aleatorio-alumnos/","es","https://funnytools.win/fr/","fr","Français","nav","false","true","true","language-switch"
"https://funnytools.win/es/herramientas/sorteo-nombres-aleatorio/","es","https://funnytools.win/tools/random-name-picker/","zh","繁中","content","false","true","false","language-switch"
"https://funnytools.win/es/herramientas/sorteo-nombres-aleatorio/","es","https://funnytools.win/en/tools/random-name-picker/","en","English","content","false","true","false","language-switch"
"https://funnytools.win/es/herramientas/sorteo-nombres-aleatorio/","es","https://funnytools.win/fr/outils/tirage-au-sort-noms/","fr","Français","content","false","true","false","language-switch"
"https://funnytools.win/es/herramientas/sorteo-nombres-aleatorio/","es","https://funnytools.win/tools/random-name-picker/","zh","繁中","nav","false","true","true","language-switch"
"https://funnytools.win/es/herramientas/sorteo-nombres-aleatorio/","es","https://funnytools.win/en/tools/random-name-picker/","en","English","nav","false","true","true","language-switch"
"https://funnytools.win/es/herramientas/sorteo-nombres-aleatorio/","es","https://funnytools.win/fr/outils/tirage-au-sort-noms/","fr","Français","nav","false","true","true","language-switch"
"https://funnytools.win/es/herramientas/sorteo-nombres-aleatorio/","es","https://funnytools.win/affiliate-disclosure/","zh","Información completa (en chino tradicional)","content","false","true","false","intent:disclosure-only-zh"
"https://funnytools.win/es/herramientas/sorteo-nombres-aleatorio/","es","https://funnytools.win/","zh","繁體中文","nav","false","true","true","language-switch"
"https://funnytools.win/es/herramientas/sorteo-nombres-aleatorio/","es","https://funnytools.win/en/","en","English","nav","false","true","true","language-switch"
"https://funnytools.win/es/herramientas/sorteo-nombres-aleatorio/","es","https://funnytools.win/fr/","fr","Français","nav","false","true","true","language-switch"
"https://funnytools.win/es/herramientas/temporizador-online/","es","https://funnytools.win/tools/countdown-timer/","zh","繁中","content","false","true","false","language-switch"
"https://funnytools.win/es/herramientas/temporizador-online/","es","https://funnytools.win/en/tools/countdown-timer/","en","English","content","false","true","false","language-switch"
"https://funnytools.win/es/herramientas/temporizador-online/","es","https://funnytools.win/fr/outils/minuteur-en-ligne/","fr","Français","content","false","true","false","language-switch"
"https://funnytools.win/es/herramientas/temporizador-online/","es","https://funnytools.win/tools/countdown-timer/","zh","繁中","nav","false","true","true","language-switch"
"https://funnytools.win/es/herramientas/temporizador-online/","es","https://funnytools.win/en/tools/countdown-timer/","en","English","nav","false","true","true","language-switch"
"https://funnytools.win/es/herramientas/temporizador-online/","es","https://funnytools.win/fr/outils/minuteur-en-ligne/","fr","Français","nav","false","true","true","language-switch"
"https://funnytools.win/es/herramientas/temporizador-online/","es","https://funnytools.win/affiliate-disclosure/","zh","Información completa (en chino tradicional)","content","false","true","false","intent:disclosure-only-zh"
"https://funnytools.win/es/herramientas/temporizador-online/","es","https://funnytools.win/","zh","繁體中文","nav","false","true","true","language-switch"
"https://funnytools.win/es/herramientas/temporizador-online/","es","https://funnytools.win/en/","en","English","nav","false","true","true","language-switch"
"https://funnytools.win/es/herramientas/temporizador-online/","es","https://funnytools.win/fr/","fr","Français","nav","false","true","true","language-switch"
"https://funnytools.win/es/herramientas/temporizador-pomodoro/","es","https://funnytools.win/tools/pomodoro-timer/","zh","繁中","content","false","true","false","language-switch"
"https://funnytools.win/es/herramientas/temporizador-pomodoro/","es","https://funnytools.win/en/tools/pomodoro-timer/","en","English","content","false","true","false","language-switch"
"https://funnytools.win/es/herramientas/temporizador-pomodoro/","es","https://funnytools.win/fr/outils/minuteur-pomodoro/","fr","Français","content","false","true","false","language-switch"
"https://funnytools.win/es/herramientas/temporizador-pomodoro/","es","https://funnytools.win/tools/pomodoro-timer/","zh","繁中","nav","false","true","true","language-switch"
"https://funnytools.win/es/herramientas/temporizador-pomodoro/","es","https://funnytools.win/en/tools/pomodoro-timer/","en","English","nav","false","true","true","language-switch"
"https://funnytools.win/es/herramientas/temporizador-pomodoro/","es","https://funnytools.win/fr/outils/minuteur-pomodoro/","fr","Français","nav","false","true","true","language-switch"
"https://funnytools.win/es/herramientas/temporizador-pomodoro/","es","https://funnytools.win/affiliate-disclosure/","zh","Información completa (en chino tradicional)","content","false","true","false","intent:disclosure-only-zh"
"https://funnytools.win/es/herramientas/temporizador-pomodoro/","es","https://funnytools.win/","zh","繁體中文","nav","false","true","true","language-switch"
"https://funnytools.win/es/herramientas/temporizador-pomodoro/","es","https://funnytools.win/en/","en","English","nav","false","true","true","language-switch"
"https://funnytools.win/es/herramientas/temporizador-pomodoro/","es","https://funnytools.win/fr/","fr","Français","nav","false","true","true","language-switch"
"https://funnytools.win/es/herramientas/tirar-dados-online/","es","https://funnytools.win/tools/dice-roller/","zh","繁中","content","false","true","false","language-switch"
"https://funnytools.win/es/herramientas/tirar-dados-online/","es","https://funnytools.win/en/tools/dice-roller/","en","English","content","false","true","false","language-switch"
"https://funnytools.win/es/herramientas/tirar-dados-online/","es","https://funnytools.win/fr/outils/lancer-des-en-ligne/","fr","Français","content","false","true","false","language-switch"
"https://funnytools.win/es/herramientas/tirar-dados-online/","es","https://funnytools.win/tools/dice-roller/","zh","繁中","nav","false","true","true","language-switch"
"https://funnytools.win/es/herramientas/tirar-dados-online/","es","https://funnytools.win/en/tools/dice-roller/","en","English","nav","false","true","true","language-switch"
"https://funnytools.win/es/herramientas/tirar-dados-online/","es","https://funnytools.win/fr/outils/lancer-des-en-ligne/","fr","Français","nav","false","true","true","language-switch"
"https://funnytools.win/es/herramientas/tirar-dados-online/","es","https://funnytools.win/affiliate-disclosure/","zh","Información completa (en chino tradicional)","content","false","true","false","intent:disclosure-only-zh"
"https://funnytools.win/es/herramientas/tirar-dados-online/","es","https://funnytools.win/","zh","繁體中文","nav","false","true","true","language-switch"
"https://funnytools.win/es/herramientas/tirar-dados-online/","es","https://funnytools.win/en/","en","English","nav","false","true","true","language-switch"
"https://funnytools.win/es/herramientas/tirar-dados-online/","es","https://funnytools.win/fr/","fr","Français","nav","false","true","true","language-switch"
"https://funnytools.win/es/herramientas/unir-pdf/","es","https://funnytools.win/tools/merge-pdf/","zh","繁中","content","false","true","false","language-switch"
"https://funnytools.win/es/herramientas/unir-pdf/","es","https://funnytools.win/en/tools/merge-pdf/","en","English","content","false","true","false","language-switch"
"https://funnytools.win/es/herramientas/unir-pdf/","es","https://funnytools.win/fr/outils/fusionner-pdf/","fr","Français","content","false","true","false","language-switch"
"https://funnytools.win/es/herramientas/unir-pdf/","es","https://funnytools.win/tools/merge-pdf/","zh","繁中","nav","false","true","true","language-switch"
"https://funnytools.win/es/herramientas/unir-pdf/","es","https://funnytools.win/en/tools/merge-pdf/","en","English","nav","false","true","true","language-switch"
"https://funnytools.win/es/herramientas/unir-pdf/","es","https://funnytools.win/fr/outils/fusionner-pdf/","fr","Français","nav","false","true","true","language-switch"
"https://funnytools.win/es/herramientas/unir-pdf/","es","https://funnytools.win/affiliate-disclosure/","zh","Información completa (en chino tradicional)","content","false","true","false","intent:disclosure-only-zh"
"https://funnytools.win/es/herramientas/unir-pdf/","es","https://funnytools.win/","zh","繁體中文","nav","false","true","true","language-switch"
"https://funnytools.win/es/herramientas/unir-pdf/","es","https://funnytools.win/en/","en","English","nav","false","true","true","language-switch"
"https://funnytools.win/es/herramientas/unir-pdf/","es","https://funnytools.win/fr/","fr","Français","nav","false","true","true","language-switch"
"https://funnytools.win/es/","es","https://funnytools.win/","zh","繁中","content","false","true","false","language-switch"
"https://funnytools.win/es/","es","https://funnytools.win/en/","en","English","content","false","true","false","language-switch"
"https://funnytools.win/es/","es","https://funnytools.win/fr/","fr","Français","content","false","true","false","language-switch"
"https://funnytools.win/es/","es","https://funnytools.win/","zh","繁中","nav","false","true","true","language-switch"
"https://funnytools.win/es/","es","https://funnytools.win/en/","en","English","nav","false","true","true","language-switch"
"https://funnytools.win/es/","es","https://funnytools.win/fr/","fr","Français","nav","false","true","true","language-switch"
"https://funnytools.win/es/","es","https://funnytools.win/affiliate-disclosure/","zh","Información completa (en chino tradicional)","content","false","true","false","intent:disclosure-only-zh"
"https://funnytools.win/es/","es","https://funnytools.win/","zh","繁體中文","nav","false","true","true","language-switch"
"https://funnytools.win/es/","es","https://funnytools.win/en/","en","English","nav","false","true","true","language-switch"
"https://funnytools.win/es/","es","https://funnytools.win/fr/","fr","Français","nav","false","true","true","language-switch"
"https://funnytools.win/es/para/creadores/","es","https://funnytools.win/for/creators/","zh","繁中","content","false","true","false","language-switch"
"https://funnytools.win/es/para/creadores/","es","https://funnytools.win/en/for/creators/","en","English","content","false","true","false","language-switch"
"https://funnytools.win/es/para/creadores/","es","https://funnytools.win/for/creators/","zh","繁中","nav","false","true","true","language-switch"
"https://funnytools.win/es/para/creadores/","es","https://funnytools.win/en/for/creators/","en","English","nav","false","true","true","language-switch"
"https://funnytools.win/es/para/creadores/","es","https://funnytools.win/affiliate-disclosure/","zh","Información completa (en chino tradicional)","content","false","true","false","intent:disclosure-only-zh"
"https://funnytools.win/es/para/creadores/","es","https://funnytools.win/","zh","繁體中文","nav","false","true","true","language-switch"
"https://funnytools.win/es/para/creadores/","es","https://funnytools.win/en/","en","English","nav","false","true","true","language-switch"
"https://funnytools.win/es/para/creadores/","es","https://funnytools.win/fr/","fr","Français","nav","false","true","true","language-switch"
"https://funnytools.win/es/para/desarrolladores/","es","https://funnytools.win/for/developers/","zh","繁中","content","false","true","false","language-switch"
"https://funnytools.win/es/para/desarrolladores/","es","https://funnytools.win/en/for/developers/","en","English","content","false","true","false","language-switch"
"https://funnytools.win/es/para/desarrolladores/","es","https://funnytools.win/for/developers/","zh","繁中","nav","false","true","true","language-switch"
"https://funnytools.win/es/para/desarrolladores/","es","https://funnytools.win/en/for/developers/","en","English","nav","false","true","true","language-switch"
"https://funnytools.win/es/para/desarrolladores/","es","https://funnytools.win/affiliate-disclosure/","zh","Información completa (en chino tradicional)","content","false","true","false","intent:disclosure-only-zh"
"https://funnytools.win/es/para/desarrolladores/","es","https://funnytools.win/","zh","繁體中文","nav","false","true","true","language-switch"
"https://funnytools.win/es/para/desarrolladores/","es","https://funnytools.win/en/","en","English","nav","false","true","true","language-switch"
"https://funnytools.win/es/para/desarrolladores/","es","https://funnytools.win/fr/","fr","Français","nav","false","true","true","language-switch"
"https://funnytools.win/es/para/disenadores/","es","https://funnytools.win/for/designers/","zh","繁中","content","false","true","false","language-switch"
"https://funnytools.win/es/para/disenadores/","es","https://funnytools.win/en/for/designers/","en","English","content","false","true","false","language-switch"
"https://funnytools.win/es/para/disenadores/","es","https://funnytools.win/for/designers/","zh","繁中","nav","false","true","true","language-switch"
"https://funnytools.win/es/para/disenadores/","es","https://funnytools.win/en/for/designers/","en","English","nav","false","true","true","language-switch"
"https://funnytools.win/es/para/disenadores/","es","https://funnytools.win/affiliate-disclosure/","zh","Información completa (en chino tradicional)","content","false","true","false","intent:disclosure-only-zh"
"https://funnytools.win/es/para/disenadores/","es","https://funnytools.win/","zh","繁體中文","nav","false","true","true","language-switch"
"https://funnytools.win/es/para/disenadores/","es","https://funnytools.win/en/","en","English","nav","false","true","true","language-switch"
"https://funnytools.win/es/para/disenadores/","es","https://funnytools.win/fr/","fr","Français","nav","false","true","true","language-switch"
"https://funnytools.win/es/para/docentes/","es","https://funnytools.win/for/teachers/","zh","繁中","content","false","true","false","language-switch"
"https://funnytools.win/es/para/docentes/","es","https://funnytools.win/en/for/teachers/","en","English","content","false","true","false","language-switch"
"https://funnytools.win/es/para/docentes/","es","https://funnytools.win/for/teachers/","zh","繁中","nav","false","true","true","language-switch"
"https://funnytools.win/es/para/docentes/","es","https://funnytools.win/en/for/teachers/","en","English","nav","false","true","true","language-switch"
"https://funnytools.win/es/para/docentes/","es","https://funnytools.win/affiliate-disclosure/","zh","Información completa (en chino tradicional)","content","false","true","false","intent:disclosure-only-zh"
"https://funnytools.win/es/para/docentes/","es","https://funnytools.win/","zh","繁體中文","nav","false","true","true","language-switch"
"https://funnytools.win/es/para/docentes/","es","https://funnytools.win/en/","en","English","nav","false","true","true","language-switch"
"https://funnytools.win/es/para/docentes/","es","https://funnytools.win/fr/","fr","Français","nav","false","true","true","language-switch"
"https://funnytools.win/es/para/estudiantes/","es","https://funnytools.win/for/students/","zh","繁中","content","false","true","false","language-switch"
"https://funnytools.win/es/para/estudiantes/","es","https://funnytools.win/en/for/students/","en","English","content","false","true","false","language-switch"
"https://funnytools.win/es/para/estudiantes/","es","https://funnytools.win/for/students/","zh","繁中","nav","false","true","true","language-switch"
"https://funnytools.win/es/para/estudiantes/","es","https://funnytools.win/en/for/students/","en","English","nav","false","true","true","language-switch"
"https://funnytools.win/es/para/estudiantes/","es","https://funnytools.win/affiliate-disclosure/","zh","Información completa (en chino tradicional)","content","false","true","false","intent:disclosure-only-zh"
"https://funnytools.win/es/para/estudiantes/","es","https://funnytools.win/","zh","繁體中文","nav","false","true","true","language-switch"
"https://funnytools.win/es/para/estudiantes/","es","https://funnytools.win/en/","en","English","nav","false","true","true","language-switch"
"https://funnytools.win/es/para/estudiantes/","es","https://funnytools.win/fr/","fr","Français","nav","false","true","true","language-switch"
"https://funnytools.win/es/para/","es","https://funnytools.win/for/","zh","繁中","content","false","true","false","language-switch"
"https://funnytools.win/es/para/","es","https://funnytools.win/en/for/","en","English","content","false","true","false","language-switch"
"https://funnytools.win/es/para/","es","https://funnytools.win/for/","zh","繁中","nav","false","true","true","language-switch"
"https://funnytools.win/es/para/","es","https://funnytools.win/en/for/","en","English","nav","false","true","true","language-switch"
"https://funnytools.win/es/para/","es","https://funnytools.win/affiliate-disclosure/","zh","Información completa (en chino tradicional)","content","false","true","false","intent:disclosure-only-zh"
"https://funnytools.win/es/para/","es","https://funnytools.win/","zh","繁體中文","nav","false","true","true","language-switch"
"https://funnytools.win/es/para/","es","https://funnytools.win/en/","en","English","nav","false","true","true","language-switch"
"https://funnytools.win/es/para/","es","https://funnytools.win/fr/","fr","Français","nav","false","true","true","language-switch"
"https://funnytools.win/es/para/oficina/","es","https://funnytools.win/for/office-workers/","zh","繁中","content","false","true","false","language-switch"
"https://funnytools.win/es/para/oficina/","es","https://funnytools.win/en/for/office-workers/","en","English","content","false","true","false","language-switch"
"https://funnytools.win/es/para/oficina/","es","https://funnytools.win/for/office-workers/","zh","繁中","nav","false","true","true","language-switch"
"https://funnytools.win/es/para/oficina/","es","https://funnytools.win/en/for/office-workers/","en","English","nav","false","true","true","language-switch"
"https://funnytools.win/es/para/oficina/","es","https://funnytools.win/affiliate-disclosure/","zh","Información completa (en chino tradicional)","content","false","true","false","intent:disclosure-only-zh"
"https://funnytools.win/es/para/oficina/","es","https://funnytools.win/","zh","繁體中文","nav","false","true","true","language-switch"
"https://funnytools.win/es/para/oficina/","es","https://funnytools.win/en/","en","English","nav","false","true","true","language-switch"
"https://funnytools.win/es/para/oficina/","es","https://funnytools.win/fr/","fr","Français","nav","false","true","true","language-switch"
"https://funnytools.win/es/privacidad/","es","https://funnytools.win/privacy/","zh","繁中","content","false","true","false","language-switch"
"https://funnytools.win/es/privacidad/","es","https://funnytools.win/en/privacy/","en","English","content","false","true","false","language-switch"
"https://funnytools.win/es/privacidad/","es","https://funnytools.win/fr/confidentialite/","fr","Français","content","false","true","false","language-switch"
"https://funnytools.win/es/privacidad/","es","https://funnytools.win/privacy/","zh","繁中","nav","false","true","true","language-switch"
"https://funnytools.win/es/privacidad/","es","https://funnytools.win/en/privacy/","en","English","nav","false","true","true","language-switch"
"https://funnytools.win/es/privacidad/","es","https://funnytools.win/fr/confidentialite/","fr","Français","nav","false","true","true","language-switch"
"https://funnytools.win/es/privacidad/","es","https://funnytools.win/affiliate-disclosure/","zh","Información completa (en chino tradicional)","content","false","true","false","intent:disclosure-only-zh"
"https://funnytools.win/es/privacidad/","es","https://funnytools.win/","zh","繁體中文","nav","false","true","true","language-switch"
"https://funnytools.win/es/privacidad/","es","https://funnytools.win/en/","en","English","nav","false","true","true","language-switch"
"https://funnytools.win/es/privacidad/","es","https://funnytools.win/fr/","fr","Français","nav","false","true","true","language-switch"
"https://funnytools.win/es/sobre-funnytools/","es","https://funnytools.win/about/","zh","繁中","content","false","true","false","language-switch"
"https://funnytools.win/es/sobre-funnytools/","es","https://funnytools.win/en/about/","en","English","content","false","true","false","language-switch"
"https://funnytools.win/es/sobre-funnytools/","es","https://funnytools.win/about/","zh","繁中","nav","false","true","true","language-switch"
"https://funnytools.win/es/sobre-funnytools/","es","https://funnytools.win/en/about/","en","English","nav","false","true","true","language-switch"
"https://funnytools.win/es/sobre-funnytools/","es","https://funnytools.win/affiliate-disclosure/","zh","Información completa (en chino tradicional)","content","false","true","false","intent:disclosure-only-zh"
"https://funnytools.win/es/sobre-funnytools/","es","https://funnytools.win/","zh","繁體中文","nav","false","true","true","language-switch"
"https://funnytools.win/es/sobre-funnytools/","es","https://funnytools.win/en/","en","English","nav","false","true","true","language-switch"
"https://funnytools.win/es/sobre-funnytools/","es","https://funnytools.win/fr/","fr","Français","nav","false","true","true","language-switch"
"https://funnytools.win/es/tienda/","es","https://funnytools.win/shop/","zh","繁中","content","false","true","false","language-switch"
"https://funnytools.win/es/tienda/","es","https://funnytools.win/en/shop/","en","English","content","false","true","false","language-switch"
"https://funnytools.win/es/tienda/","es","https://funnytools.win/shop/","zh","繁中","nav","false","true","true","language-switch"
"https://funnytools.win/es/tienda/","es","https://funnytools.win/en/shop/","en","English","nav","false","true","true","language-switch"
"https://funnytools.win/es/tienda/","es","https://funnytools.win/affiliate-disclosure/","zh","Información completa (en chino tradicional)","content","false","true","false","intent:disclosure-only-zh"
"https://funnytools.win/es/tienda/","es","https://funnytools.win/","zh","繁體中文","nav","false","true","true","language-switch"
"https://funnytools.win/es/tienda/","es","https://funnytools.win/en/","en","English","nav","false","true","true","language-switch"
"https://funnytools.win/es/tienda/","es","https://funnytools.win/fr/","fr","Français","nav","false","true","true","language-switch"
"https://funnytools.win/fr/confidentialite/","fr","https://funnytools.win/privacy/","zh","繁中","content","false","true","false","language-switch"
"https://funnytools.win/fr/confidentialite/","fr","https://funnytools.win/en/privacy/","en","English","content","false","true","false","language-switch"
"https://funnytools.win/fr/confidentialite/","fr","https://funnytools.win/es/privacidad/","es","Español","content","false","true","false","language-switch"
"https://funnytools.win/fr/confidentialite/","fr","https://funnytools.win/privacy/","zh","繁中","nav","false","true","true","language-switch"
"https://funnytools.win/fr/confidentialite/","fr","https://funnytools.win/en/privacy/","en","English","nav","false","true","true","language-switch"
"https://funnytools.win/fr/confidentialite/","fr","https://funnytools.win/es/privacidad/","es","Español","nav","false","true","true","language-switch"
"https://funnytools.win/fr/confidentialite/","fr","https://funnytools.win/affiliate-disclosure/","zh","Informations complètes (en chinois traditionnel)","content","false","true","false","intent:disclosure-only-zh"
"https://funnytools.win/fr/confidentialite/","fr","https://funnytools.win/support/","zh","Voir les produits (en chinois traditionnel) →","content","false","true","false","intent:support-only-zh"
"https://funnytools.win/fr/confidentialite/","fr","https://funnytools.win/","zh","繁體中文","nav","false","true","true","language-switch"
"https://funnytools.win/fr/confidentialite/","fr","https://funnytools.win/en/","en","English","nav","false","true","true","language-switch"
"https://funnytools.win/fr/confidentialite/","fr","https://funnytools.win/es/","es","Español","nav","false","true","true","language-switch"
"https://funnytools.win/fr/fonctionnement-outils/","fr","https://funnytools.win/about-tools/","zh","繁中","content","false","true","false","language-switch"
"https://funnytools.win/fr/fonctionnement-outils/","fr","https://funnytools.win/en/about-tools/","en","English","content","false","true","false","language-switch"
"https://funnytools.win/fr/fonctionnement-outils/","fr","https://funnytools.win/es/como-funcionan-las-herramientas/","es","Español","content","false","true","false","language-switch"
"https://funnytools.win/fr/fonctionnement-outils/","fr","https://funnytools.win/about-tools/","zh","繁中","nav","false","true","true","language-switch"
"https://funnytools.win/fr/fonctionnement-outils/","fr","https://funnytools.win/en/about-tools/","en","English","nav","false","true","true","language-switch"
"https://funnytools.win/fr/fonctionnement-outils/","fr","https://funnytools.win/es/como-funcionan-las-herramientas/","es","Español","nav","false","true","true","language-switch"
"https://funnytools.win/fr/fonctionnement-outils/","fr","https://funnytools.win/affiliate-disclosure/","zh","Informations complètes (en chinois traditionnel)","content","false","true","false","intent:disclosure-only-zh"
"https://funnytools.win/fr/fonctionnement-outils/","fr","https://funnytools.win/support/","zh","Voir les produits (en chinois traditionnel) →","content","false","true","false","intent:support-only-zh"
"https://funnytools.win/fr/fonctionnement-outils/","fr","https://funnytools.win/","zh","繁體中文","nav","false","true","true","language-switch"
"https://funnytools.win/fr/fonctionnement-outils/","fr","https://funnytools.win/en/","en","English","nav","false","true","true","language-switch"
"https://funnytools.win/fr/fonctionnement-outils/","fr","https://funnytools.win/es/","es","Español","nav","false","true","true","language-switch"
"https://funnytools.win/fr/","fr","https://funnytools.win/","zh","繁中","content","false","true","false","language-switch"
"https://funnytools.win/fr/","fr","https://funnytools.win/en/","en","English","content","false","true","false","language-switch"
"https://funnytools.win/fr/","fr","https://funnytools.win/es/","es","Español","content","false","true","false","language-switch"
"https://funnytools.win/fr/","fr","https://funnytools.win/","zh","繁中","nav","false","true","true","language-switch"
"https://funnytools.win/fr/","fr","https://funnytools.win/en/","en","English","nav","false","true","true","language-switch"
"https://funnytools.win/fr/","fr","https://funnytools.win/es/","es","Español","nav","false","true","true","language-switch"
"https://funnytools.win/fr/","fr","https://funnytools.win/affiliate-disclosure/","zh","Informations complètes (en chinois traditionnel)","content","false","true","false","intent:disclosure-only-zh"
"https://funnytools.win/fr/","fr","https://funnytools.win/support/","zh","Voir les produits (en chinois traditionnel) →","content","false","true","false","intent:support-only-zh"
"https://funnytools.win/fr/","fr","https://funnytools.win/","zh","繁體中文","nav","false","true","true","language-switch"
"https://funnytools.win/fr/","fr","https://funnytools.win/en/","en","English","nav","false","true","true","language-switch"
"https://funnytools.win/fr/","fr","https://funnytools.win/es/","es","Español","nav","false","true","true","language-switch"
"https://funnytools.win/fr/outils/calcul-moyenne-notes/","fr","https://funnytools.win/tools/grade-average/","zh","繁中","content","false","true","false","language-switch"
"https://funnytools.win/fr/outils/calcul-moyenne-notes/","fr","https://funnytools.win/en/tools/grade-average/","en","English","content","false","true","false","language-switch"
"https://funnytools.win/fr/outils/calcul-moyenne-notes/","fr","https://funnytools.win/es/herramientas/calculadora-promedio-notas/","es","Español","content","false","true","false","language-switch"
"https://funnytools.win/fr/outils/calcul-moyenne-notes/","fr","https://funnytools.win/tools/grade-average/","zh","繁中","nav","false","true","true","language-switch"
"https://funnytools.win/fr/outils/calcul-moyenne-notes/","fr","https://funnytools.win/en/tools/grade-average/","en","English","nav","false","true","true","language-switch"
"https://funnytools.win/fr/outils/calcul-moyenne-notes/","fr","https://funnytools.win/es/herramientas/calculadora-promedio-notas/","es","Español","nav","false","true","true","language-switch"
"https://funnytools.win/fr/outils/calcul-moyenne-notes/","fr","https://funnytools.win/affiliate-disclosure/","zh","Informations complètes (en chinois traditionnel)","content","false","true","false","intent:disclosure-only-zh"
"https://funnytools.win/fr/outils/calcul-moyenne-notes/","fr","https://funnytools.win/support/","zh","Voir les produits (en chinois traditionnel) →","content","false","true","false","intent:support-only-zh"
"https://funnytools.win/fr/outils/calcul-moyenne-notes/","fr","https://funnytools.win/","zh","繁體中文","nav","false","true","true","language-switch"
"https://funnytools.win/fr/outils/calcul-moyenne-notes/","fr","https://funnytools.win/en/","en","English","nav","false","true","true","language-switch"
"https://funnytools.win/fr/outils/calcul-moyenne-notes/","fr","https://funnytools.win/es/","es","Español","nav","false","true","true","language-switch"
"https://funnytools.win/fr/outils/calculateur-age/","fr","https://funnytools.win/tools/age-calculator/","zh","繁中","content","false","true","false","language-switch"
"https://funnytools.win/fr/outils/calculateur-age/","fr","https://funnytools.win/en/tools/age-calculator/","en","English","content","false","true","false","language-switch"
"https://funnytools.win/fr/outils/calculateur-age/","fr","https://funnytools.win/es/herramientas/calculadora-de-edad/","es","Español","content","false","true","false","language-switch"
"https://funnytools.win/fr/outils/calculateur-age/","fr","https://funnytools.win/tools/age-calculator/","zh","繁中","nav","false","true","true","language-switch"
"https://funnytools.win/fr/outils/calculateur-age/","fr","https://funnytools.win/en/tools/age-calculator/","en","English","nav","false","true","true","language-switch"
"https://funnytools.win/fr/outils/calculateur-age/","fr","https://funnytools.win/es/herramientas/calculadora-de-edad/","es","Español","nav","false","true","true","language-switch"
"https://funnytools.win/fr/outils/calculateur-age/","fr","https://funnytools.win/affiliate-disclosure/","zh","Informations complètes (en chinois traditionnel)","content","false","true","false","intent:disclosure-only-zh"
"https://funnytools.win/fr/outils/calculateur-age/","fr","https://funnytools.win/support/","zh","Voir les produits (en chinois traditionnel) →","content","false","true","false","intent:support-only-zh"
"https://funnytools.win/fr/outils/calculateur-age/","fr","https://funnytools.win/","zh","繁體中文","nav","false","true","true","language-switch"
"https://funnytools.win/fr/outils/calculateur-age/","fr","https://funnytools.win/en/","en","English","nav","false","true","true","language-switch"
"https://funnytools.win/fr/outils/calculateur-age/","fr","https://funnytools.win/es/","es","Español","nav","false","true","true","language-switch"
"https://funnytools.win/fr/outils/calculateur-ecart-type/","fr","https://funnytools.win/tools/standard-deviation/","zh","繁中","content","false","true","false","language-switch"
"https://funnytools.win/fr/outils/calculateur-ecart-type/","fr","https://funnytools.win/en/tools/standard-deviation/","en","English","content","false","true","false","language-switch"
"https://funnytools.win/fr/outils/calculateur-ecart-type/","fr","https://funnytools.win/es/herramientas/calculadora-desviacion-estandar/","es","Español","content","false","true","false","language-switch"
"https://funnytools.win/fr/outils/calculateur-ecart-type/","fr","https://funnytools.win/tools/standard-deviation/","zh","繁中","nav","false","true","true","language-switch"
"https://funnytools.win/fr/outils/calculateur-ecart-type/","fr","https://funnytools.win/en/tools/standard-deviation/","en","English","nav","false","true","true","language-switch"
"https://funnytools.win/fr/outils/calculateur-ecart-type/","fr","https://funnytools.win/es/herramientas/calculadora-desviacion-estandar/","es","Español","nav","false","true","true","language-switch"
"https://funnytools.win/fr/outils/calculateur-ecart-type/","fr","https://funnytools.win/affiliate-disclosure/","zh","Informations complètes (en chinois traditionnel)","content","false","true","false","intent:disclosure-only-zh"
"https://funnytools.win/fr/outils/calculateur-ecart-type/","fr","https://funnytools.win/support/","zh","Voir les produits (en chinois traditionnel) →","content","false","true","false","intent:support-only-zh"
"https://funnytools.win/fr/outils/calculateur-ecart-type/","fr","https://funnytools.win/","zh","繁體中文","nav","false","true","true","language-switch"
"https://funnytools.win/fr/outils/calculateur-ecart-type/","fr","https://funnytools.win/en/","en","English","nav","false","true","true","language-switch"
"https://funnytools.win/fr/outils/calculateur-ecart-type/","fr","https://funnytools.win/es/","es","Español","nav","false","true","true","language-switch"
"https://funnytools.win/fr/outils/calculateur-heures-supplementaires/","fr","https://funnytools.win/tools/overtime-pay/","zh","繁中","content","false","true","false","language-switch"
"https://funnytools.win/fr/outils/calculateur-heures-supplementaires/","fr","https://funnytools.win/en/tools/overtime-pay/","en","English","content","false","true","false","language-switch"
"https://funnytools.win/fr/outils/calculateur-heures-supplementaires/","fr","https://funnytools.win/es/herramientas/calculadora-horas-extra/","es","Español","content","false","true","false","language-switch"
"https://funnytools.win/fr/outils/calculateur-heures-supplementaires/","fr","https://funnytools.win/tools/overtime-pay/","zh","繁中","nav","false","true","true","language-switch"
"https://funnytools.win/fr/outils/calculateur-heures-supplementaires/","fr","https://funnytools.win/en/tools/overtime-pay/","en","English","nav","false","true","true","language-switch"
"https://funnytools.win/fr/outils/calculateur-heures-supplementaires/","fr","https://funnytools.win/es/herramientas/calculadora-horas-extra/","es","Español","nav","false","true","true","language-switch"
"https://funnytools.win/fr/outils/calculateur-heures-supplementaires/","fr","https://funnytools.win/affiliate-disclosure/","zh","Informations complètes (en chinois traditionnel)","content","false","true","false","intent:disclosure-only-zh"
"https://funnytools.win/fr/outils/calculateur-heures-supplementaires/","fr","https://funnytools.win/support/","zh","Voir les produits (en chinois traditionnel) →","content","false","true","false","intent:support-only-zh"
"https://funnytools.win/fr/outils/calculateur-heures-supplementaires/","fr","https://funnytools.win/","zh","繁體中文","nav","false","true","true","language-switch"
"https://funnytools.win/fr/outils/calculateur-heures-supplementaires/","fr","https://funnytools.win/en/","en","English","nav","false","true","true","language-switch"
"https://funnytools.win/fr/outils/calculateur-heures-supplementaires/","fr","https://funnytools.win/es/","es","Español","nav","false","true","true","language-switch"
"https://funnytools.win/fr/outils/calculateur-inflation-pouvoir-achat/","fr","https://funnytools.win/tools/inflation/","zh","繁中","content","false","true","false","language-switch"
"https://funnytools.win/fr/outils/calculateur-inflation-pouvoir-achat/","fr","https://funnytools.win/en/tools/inflation/","en","English","content","false","true","false","language-switch"
"https://funnytools.win/fr/outils/calculateur-inflation-pouvoir-achat/","fr","https://funnytools.win/es/herramientas/calculadora-inflacion/","es","Español","content","false","true","false","language-switch"
"https://funnytools.win/fr/outils/calculateur-inflation-pouvoir-achat/","fr","https://funnytools.win/tools/inflation/","zh","繁中","nav","false","true","true","language-switch"
"https://funnytools.win/fr/outils/calculateur-inflation-pouvoir-achat/","fr","https://funnytools.win/en/tools/inflation/","en","English","nav","false","true","true","language-switch"
"https://funnytools.win/fr/outils/calculateur-inflation-pouvoir-achat/","fr","https://funnytools.win/es/herramientas/calculadora-inflacion/","es","Español","nav","false","true","true","language-switch"
"https://funnytools.win/fr/outils/calculateur-inflation-pouvoir-achat/","fr","https://funnytools.win/affiliate-disclosure/","zh","Informations complètes (en chinois traditionnel)","content","false","true","false","intent:disclosure-only-zh"
"https://funnytools.win/fr/outils/calculateur-inflation-pouvoir-achat/","fr","https://funnytools.win/support/","zh","Voir les produits (en chinois traditionnel) →","content","false","true","false","intent:support-only-zh"
"https://funnytools.win/fr/outils/calculateur-inflation-pouvoir-achat/","fr","https://funnytools.win/","zh","繁體中文","nav","false","true","true","language-switch"
"https://funnytools.win/fr/outils/calculateur-inflation-pouvoir-achat/","fr","https://funnytools.win/en/","en","English","nav","false","true","true","language-switch"
"https://funnytools.win/fr/outils/calculateur-inflation-pouvoir-achat/","fr","https://funnytools.win/es/","es","Español","nav","false","true","true","language-switch"
"https://funnytools.win/fr/outils/calculateur-interets-composes/","fr","https://funnytools.win/tools/compound-interest/","zh","繁中","content","false","true","false","language-switch"
"https://funnytools.win/fr/outils/calculateur-interets-composes/","fr","https://funnytools.win/en/tools/compound-interest/","en","English","content","false","true","false","language-switch"
"https://funnytools.win/fr/outils/calculateur-interets-composes/","fr","https://funnytools.win/es/herramientas/calculadora-interes-compuesto/","es","Español","content","false","true","false","language-switch"
"https://funnytools.win/fr/outils/calculateur-interets-composes/","fr","https://funnytools.win/tools/compound-interest/","zh","繁中","nav","false","true","true","language-switch"
"https://funnytools.win/fr/outils/calculateur-interets-composes/","fr","https://funnytools.win/en/tools/compound-interest/","en","English","nav","false","true","true","language-switch"
"https://funnytools.win/fr/outils/calculateur-interets-composes/","fr","https://funnytools.win/es/herramientas/calculadora-interes-compuesto/","es","Español","nav","false","true","true","language-switch"
"https://funnytools.win/fr/outils/calculateur-interets-composes/","fr","https://funnytools.win/affiliate-disclosure/","zh","Informations complètes (en chinois traditionnel)","content","false","true","false","intent:disclosure-only-zh"
"https://funnytools.win/fr/outils/calculateur-interets-composes/","fr","https://funnytools.win/support/","zh","Voir les produits (en chinois traditionnel) →","content","false","true","false","intent:support-only-zh"
"https://funnytools.win/fr/outils/calculateur-interets-composes/","fr","https://funnytools.win/","zh","繁體中文","nav","false","true","true","language-switch"
"https://funnytools.win/fr/outils/calculateur-interets-composes/","fr","https://funnytools.win/en/","en","English","nav","false","true","true","language-switch"
"https://funnytools.win/fr/outils/calculateur-interets-composes/","fr","https://funnytools.win/es/","es","Español","nav","false","true","true","language-switch"
"https://funnytools.win/fr/outils/calculateur-jours-ouvres/","fr","https://funnytools.win/tools/business-days/","zh","繁中","content","false","true","false","language-switch"
"https://funnytools.win/fr/outils/calculateur-jours-ouvres/","fr","https://funnytools.win/en/tools/business-days/","en","English","content","false","true","false","language-switch"
"https://funnytools.win/fr/outils/calculateur-jours-ouvres/","fr","https://funnytools.win/es/herramientas/calculadora-dias-laborables/","es","Español","content","false","true","false","language-switch"
"https://funnytools.win/fr/outils/calculateur-jours-ouvres/","fr","https://funnytools.win/tools/business-days/","zh","繁中","nav","false","true","true","language-switch"
"https://funnytools.win/fr/outils/calculateur-jours-ouvres/","fr","https://funnytools.win/en/tools/business-days/","en","English","nav","false","true","true","language-switch"
"https://funnytools.win/fr/outils/calculateur-jours-ouvres/","fr","https://funnytools.win/es/herramientas/calculadora-dias-laborables/","es","Español","nav","false","true","true","language-switch"
"https://funnytools.win/fr/outils/calculateur-jours-ouvres/","fr","https://funnytools.win/affiliate-disclosure/","zh","Informations complètes (en chinois traditionnel)","content","false","true","false","intent:disclosure-only-zh"
"https://funnytools.win/fr/outils/calculateur-jours-ouvres/","fr","https://funnytools.win/support/","zh","Voir les produits (en chinois traditionnel) →","content","false","true","false","intent:support-only-zh"
"https://funnytools.win/fr/outils/calculateur-jours-ouvres/","fr","https://funnytools.win/","zh","繁體中文","nav","false","true","true","language-switch"
"https://funnytools.win/fr/outils/calculateur-jours-ouvres/","fr","https://funnytools.win/en/","en","English","nav","false","true","true","language-switch"
"https://funnytools.win/fr/outils/calculateur-jours-ouvres/","fr","https://funnytools.win/es/","es","Español","nav","false","true","true","language-switch"
"https://funnytools.win/fr/outils/calculateur-mensualite-pret-immobilier/","fr","https://funnytools.win/tools/mortgage-payment/","zh","繁中","content","false","true","false","language-switch"
"https://funnytools.win/fr/outils/calculateur-mensualite-pret-immobilier/","fr","https://funnytools.win/en/tools/mortgage-payment/","en","English","content","false","true","false","language-switch"
"https://funnytools.win/fr/outils/calculateur-mensualite-pret-immobilier/","fr","https://funnytools.win/es/herramientas/calculadora-hipoteca/","es","Español","content","false","true","false","language-switch"
"https://funnytools.win/fr/outils/calculateur-mensualite-pret-immobilier/","fr","https://funnytools.win/tools/mortgage-payment/","zh","繁中","nav","false","true","true","language-switch"
"https://funnytools.win/fr/outils/calculateur-mensualite-pret-immobilier/","fr","https://funnytools.win/en/tools/mortgage-payment/","en","English","nav","false","true","true","language-switch"
"https://funnytools.win/fr/outils/calculateur-mensualite-pret-immobilier/","fr","https://funnytools.win/es/herramientas/calculadora-hipoteca/","es","Español","nav","false","true","true","language-switch"
"https://funnytools.win/fr/outils/calculateur-mensualite-pret-immobilier/","fr","https://funnytools.win/affiliate-disclosure/","zh","Informations complètes (en chinois traditionnel)","content","false","true","false","intent:disclosure-only-zh"
"https://funnytools.win/fr/outils/calculateur-mensualite-pret-immobilier/","fr","https://funnytools.win/support/","zh","Voir les produits (en chinois traditionnel) →","content","false","true","false","intent:support-only-zh"
"https://funnytools.win/fr/outils/calculateur-mensualite-pret-immobilier/","fr","https://funnytools.win/","zh","繁體中文","nav","false","true","true","language-switch"
"https://funnytools.win/fr/outils/calculateur-mensualite-pret-immobilier/","fr","https://funnytools.win/en/","en","English","nav","false","true","true","language-switch"
"https://funnytools.win/fr/outils/calculateur-mensualite-pret-immobilier/","fr","https://funnytools.win/es/","es","Español","nav","false","true","true","language-switch"
"https://funnytools.win/fr/outils/calculateur-moyenne-ponderee/","fr","https://funnytools.win/tools/weighted-average-calculator/","zh","繁中","content","false","true","false","language-switch"
"https://funnytools.win/fr/outils/calculateur-moyenne-ponderee/","fr","https://funnytools.win/en/tools/weighted-average-calculator/","en","English","content","false","true","false","language-switch"
"https://funnytools.win/fr/outils/calculateur-moyenne-ponderee/","fr","https://funnytools.win/es/herramientas/calculadora-media-ponderada/","es","Español","content","false","true","false","language-switch"
"https://funnytools.win/fr/outils/calculateur-moyenne-ponderee/","fr","https://funnytools.win/tools/weighted-average-calculator/","zh","繁中","nav","false","true","true","language-switch"
"https://funnytools.win/fr/outils/calculateur-moyenne-ponderee/","fr","https://funnytools.win/en/tools/weighted-average-calculator/","en","English","nav","false","true","true","language-switch"
"https://funnytools.win/fr/outils/calculateur-moyenne-ponderee/","fr","https://funnytools.win/es/herramientas/calculadora-media-ponderada/","es","Español","nav","false","true","true","language-switch"
"https://funnytools.win/fr/outils/calculateur-moyenne-ponderee/","fr","https://funnytools.win/affiliate-disclosure/","zh","Informations complètes (en chinois traditionnel)","content","false","true","false","intent:disclosure-only-zh"
"https://funnytools.win/fr/outils/calculateur-moyenne-ponderee/","fr","https://funnytools.win/support/","zh","Voir les produits (en chinois traditionnel) →","content","false","true","false","intent:support-only-zh"
"https://funnytools.win/fr/outils/calculateur-moyenne-ponderee/","fr","https://funnytools.win/","zh","繁體中文","nav","false","true","true","language-switch"
"https://funnytools.win/fr/outils/calculateur-moyenne-ponderee/","fr","https://funnytools.win/en/","en","English","nav","false","true","true","language-switch"
"https://funnytools.win/fr/outils/calculateur-moyenne-ponderee/","fr","https://funnytools.win/es/","es","Español","nav","false","true","true","language-switch"
"https://funnytools.win/fr/outils/calculateur-objectif-epargne/","fr","https://funnytools.win/tools/savings-goal/","zh","繁中","content","false","true","false","language-switch"
"https://funnytools.win/fr/outils/calculateur-objectif-epargne/","fr","https://funnytools.win/en/tools/savings-goal/","en","English","content","false","true","false","language-switch"
"https://funnytools.win/fr/outils/calculateur-objectif-epargne/","fr","https://funnytools.win/es/herramientas/calculadora-meta-ahorro/","es","Español","content","false","true","false","language-switch"
"https://funnytools.win/fr/outils/calculateur-objectif-epargne/","fr","https://funnytools.win/tools/savings-goal/","zh","繁中","nav","false","true","true","language-switch"
"https://funnytools.win/fr/outils/calculateur-objectif-epargne/","fr","https://funnytools.win/en/tools/savings-goal/","en","English","nav","false","true","true","language-switch"
"https://funnytools.win/fr/outils/calculateur-objectif-epargne/","fr","https://funnytools.win/es/herramientas/calculadora-meta-ahorro/","es","Español","nav","false","true","true","language-switch"
"https://funnytools.win/fr/outils/calculateur-objectif-epargne/","fr","https://funnytools.win/affiliate-disclosure/","zh","Informations complètes (en chinois traditionnel)","content","false","true","false","intent:disclosure-only-zh"
"https://funnytools.win/fr/outils/calculateur-objectif-epargne/","fr","https://funnytools.win/support/","zh","Voir les produits (en chinois traditionnel) →","content","false","true","false","intent:support-only-zh"
"https://funnytools.win/fr/outils/calculateur-objectif-epargne/","fr","https://funnytools.win/","zh","繁體中文","nav","false","true","true","language-switch"
"https://funnytools.win/fr/outils/calculateur-objectif-epargne/","fr","https://funnytools.win/en/","en","English","nav","false","true","true","language-switch"
"https://funnytools.win/fr/outils/calculateur-objectif-epargne/","fr","https://funnytools.win/es/","es","Español","nav","false","true","true","language-switch"
"https://funnytools.win/fr/outils/calculateur-pourcentage/","fr","https://funnytools.win/tools/percentage-calculator/","zh","繁中","content","false","true","false","language-switch"
"https://funnytools.win/fr/outils/calculateur-pourcentage/","fr","https://funnytools.win/en/tools/percentage-calculator/","en","English","content","false","true","false","language-switch"
"https://funnytools.win/fr/outils/calculateur-pourcentage/","fr","https://funnytools.win/es/herramientas/calculadora-porcentajes/","es","Español","content","false","true","false","language-switch"
"https://funnytools.win/fr/outils/calculateur-pourcentage/","fr","https://funnytools.win/tools/percentage-calculator/","zh","繁中","nav","false","true","true","language-switch"
"https://funnytools.win/fr/outils/calculateur-pourcentage/","fr","https://funnytools.win/en/tools/percentage-calculator/","en","English","nav","false","true","true","language-switch"
"https://funnytools.win/fr/outils/calculateur-pourcentage/","fr","https://funnytools.win/es/herramientas/calculadora-porcentajes/","es","Español","nav","false","true","true","language-switch"
"https://funnytools.win/fr/outils/calculateur-pourcentage/","fr","https://funnytools.win/affiliate-disclosure/","zh","Informations complètes (en chinois traditionnel)","content","false","true","false","intent:disclosure-only-zh"
"https://funnytools.win/fr/outils/calculateur-pourcentage/","fr","https://funnytools.win/support/","zh","Voir les produits (en chinois traditionnel) →","content","false","true","false","intent:support-only-zh"
"https://funnytools.win/fr/outils/calculateur-pourcentage/","fr","https://funnytools.win/","zh","繁體中文","nav","false","true","true","language-switch"
"https://funnytools.win/fr/outils/calculateur-pourcentage/","fr","https://funnytools.win/en/","en","English","nav","false","true","true","language-switch"
"https://funnytools.win/fr/outils/calculateur-pourcentage/","fr","https://funnytools.win/es/","es","Español","nav","false","true","true","language-switch"
"https://funnytools.win/fr/outils/calculateur-rang-percentile/","fr","https://funnytools.win/tools/percentile-rank-calculator/","zh","繁中","content","false","true","false","language-switch"
"https://funnytools.win/fr/outils/calculateur-rang-percentile/","fr","https://funnytools.win/en/tools/percentile-rank-calculator/","en","English","content","false","true","false","language-switch"
"https://funnytools.win/fr/outils/calculateur-rang-percentile/","fr","https://funnytools.win/es/herramientas/calculadora-rango-percentil/","es","Español","content","false","true","false","language-switch"
"https://funnytools.win/fr/outils/calculateur-rang-percentile/","fr","https://funnytools.win/tools/percentile-rank-calculator/","zh","繁中","nav","false","true","true","language-switch"
"https://funnytools.win/fr/outils/calculateur-rang-percentile/","fr","https://funnytools.win/en/tools/percentile-rank-calculator/","en","English","nav","false","true","true","language-switch"
"https://funnytools.win/fr/outils/calculateur-rang-percentile/","fr","https://funnytools.win/es/herramientas/calculadora-rango-percentil/","es","Español","nav","false","true","true","language-switch"
"https://funnytools.win/fr/outils/calculateur-rang-percentile/","fr","https://funnytools.win/affiliate-disclosure/","zh","Informations complètes (en chinois traditionnel)","content","false","true","false","intent:disclosure-only-zh"
"https://funnytools.win/fr/outils/calculateur-rang-percentile/","fr","https://funnytools.win/support/","zh","Voir les produits (en chinois traditionnel) →","content","false","true","false","intent:support-only-zh"
"https://funnytools.win/fr/outils/calculateur-rang-percentile/","fr","https://funnytools.win/","zh","繁體中文","nav","false","true","true","language-switch"
"https://funnytools.win/fr/outils/calculateur-rang-percentile/","fr","https://funnytools.win/en/","en","English","nav","false","true","true","language-switch"
"https://funnytools.win/fr/outils/calculateur-rang-percentile/","fr","https://funnytools.win/es/","es","Español","nav","false","true","true","language-switch"
"https://funnytools.win/fr/outils/calculateur-salaire-net/","fr","https://funnytools.win/tools/net-salary/","zh","繁中","content","false","true","false","language-switch"
"https://funnytools.win/fr/outils/calculateur-salaire-net/","fr","https://funnytools.win/en/tools/net-salary/","en","English","content","false","true","false","language-switch"
"https://funnytools.win/fr/outils/calculateur-salaire-net/","fr","https://funnytools.win/es/herramientas/calculadora-sueldo-neto/","es","Español","content","false","true","false","language-switch"
"https://funnytools.win/fr/outils/calculateur-salaire-net/","fr","https://funnytools.win/tools/net-salary/","zh","繁中","nav","false","true","true","language-switch"
"https://funnytools.win/fr/outils/calculateur-salaire-net/","fr","https://funnytools.win/en/tools/net-salary/","en","English","nav","false","true","true","language-switch"
"https://funnytools.win/fr/outils/calculateur-salaire-net/","fr","https://funnytools.win/es/herramientas/calculadora-sueldo-neto/","es","Español","nav","false","true","true","language-switch"
"https://funnytools.win/fr/outils/calculateur-salaire-net/","fr","https://funnytools.win/affiliate-disclosure/","zh","Informations complètes (en chinois traditionnel)","content","false","true","false","intent:disclosure-only-zh"
"https://funnytools.win/fr/outils/calculateur-salaire-net/","fr","https://funnytools.win/support/","zh","Voir les produits (en chinois traditionnel) →","content","false","true","false","intent:support-only-zh"
"https://funnytools.win/fr/outils/calculateur-salaire-net/","fr","https://funnytools.win/","zh","繁體中文","nav","false","true","true","language-switch"
"https://funnytools.win/fr/outils/calculateur-salaire-net/","fr","https://funnytools.win/en/","en","English","nav","false","true","true","language-switch"
"https://funnytools.win/fr/outils/calculateur-salaire-net/","fr","https://funnytools.win/es/","es","Español","nav","false","true","true","language-switch"
"https://funnytools.win/fr/outils/calculateur-score-t/","fr","https://funnytools.win/tools/t-score-calculator/","zh","繁中","content","false","true","false","language-switch"
"https://funnytools.win/fr/outils/calculateur-score-t/","fr","https://funnytools.win/en/tools/t-score-calculator/","en","English","content","false","true","false","language-switch"
"https://funnytools.win/fr/outils/calculateur-score-t/","fr","https://funnytools.win/es/herramientas/calculadora-puntuacion-t/","es","Español","content","false","true","false","language-switch"
"https://funnytools.win/fr/outils/calculateur-score-t/","fr","https://funnytools.win/tools/t-score-calculator/","zh","繁中","nav","false","true","true","language-switch"
"https://funnytools.win/fr/outils/calculateur-score-t/","fr","https://funnytools.win/en/tools/t-score-calculator/","en","English","nav","false","true","true","language-switch"
"https://funnytools.win/fr/outils/calculateur-score-t/","fr","https://funnytools.win/es/herramientas/calculadora-puntuacion-t/","es","Español","nav","false","true","true","language-switch"
"https://funnytools.win/fr/outils/calculateur-score-t/","fr","https://funnytools.win/affiliate-disclosure/","zh","Informations complètes (en chinois traditionnel)","content","false","true","false","intent:disclosure-only-zh"
"https://funnytools.win/fr/outils/calculateur-score-t/","fr","https://funnytools.win/support/","zh","Voir les produits (en chinois traditionnel) →","content","false","true","false","intent:support-only-zh"
"https://funnytools.win/fr/outils/calculateur-score-t/","fr","https://funnytools.win/","zh","繁體中文","nav","false","true","true","language-switch"
"https://funnytools.win/fr/outils/calculateur-score-t/","fr","https://funnytools.win/en/","en","English","nav","false","true","true","language-switch"
"https://funnytools.win/fr/outils/calculateur-score-t/","fr","https://funnytools.win/es/","es","Español","nav","false","true","true","language-switch"
"https://funnytools.win/fr/outils/calculateur-score-z/","fr","https://funnytools.win/tools/z-score-calculator/","zh","繁中","content","false","true","false","language-switch"
"https://funnytools.win/fr/outils/calculateur-score-z/","fr","https://funnytools.win/en/tools/z-score-calculator/","en","English","content","false","true","false","language-switch"
"https://funnytools.win/fr/outils/calculateur-score-z/","fr","https://funnytools.win/es/herramientas/calculadora-puntuacion-z/","es","Español","content","false","true","false","language-switch"
"https://funnytools.win/fr/outils/calculateur-score-z/","fr","https://funnytools.win/tools/z-score-calculator/","zh","繁中","nav","false","true","true","language-switch"
"https://funnytools.win/fr/outils/calculateur-score-z/","fr","https://funnytools.win/en/tools/z-score-calculator/","en","English","nav","false","true","true","language-switch"
"https://funnytools.win/fr/outils/calculateur-score-z/","fr","https://funnytools.win/es/herramientas/calculadora-puntuacion-z/","es","Español","nav","false","true","true","language-switch"
"https://funnytools.win/fr/outils/calculateur-score-z/","fr","https://funnytools.win/affiliate-disclosure/","zh","Informations complètes (en chinois traditionnel)","content","false","true","false","intent:disclosure-only-zh"
"https://funnytools.win/fr/outils/calculateur-score-z/","fr","https://funnytools.win/support/","zh","Voir les produits (en chinois traditionnel) →","content","false","true","false","intent:support-only-zh"
"https://funnytools.win/fr/outils/calculateur-score-z/","fr","https://funnytools.win/","zh","繁體中文","nav","false","true","true","language-switch"
"https://funnytools.win/fr/outils/calculateur-score-z/","fr","https://funnytools.win/en/","en","English","nav","false","true","true","language-switch"
"https://funnytools.win/fr/outils/calculateur-score-z/","fr","https://funnytools.win/es/","es","Español","nav","false","true","true","language-switch"
"https://funnytools.win/fr/outils/calculer-difference-entre-dates/","fr","https://funnytools.win/tools/date-difference/","zh","繁中","content","false","true","false","language-switch"
"https://funnytools.win/fr/outils/calculer-difference-entre-dates/","fr","https://funnytools.win/en/tools/date-difference/","en","English","content","false","true","false","language-switch"
"https://funnytools.win/fr/outils/calculer-difference-entre-dates/","fr","https://funnytools.win/es/herramientas/calcular-diferencia-entre-fechas/","es","Español","content","false","true","false","language-switch"
"https://funnytools.win/fr/outils/calculer-difference-entre-dates/","fr","https://funnytools.win/tools/date-difference/","zh","繁中","nav","false","true","true","language-switch"
"https://funnytools.win/fr/outils/calculer-difference-entre-dates/","fr","https://funnytools.win/en/tools/date-difference/","en","English","nav","false","true","true","language-switch"
"https://funnytools.win/fr/outils/calculer-difference-entre-dates/","fr","https://funnytools.win/es/herramientas/calcular-diferencia-entre-fechas/","es","Español","nav","false","true","true","language-switch"
"https://funnytools.win/fr/outils/calculer-difference-entre-dates/","fr","https://funnytools.win/affiliate-disclosure/","zh","Informations complètes (en chinois traditionnel)","content","false","true","false","intent:disclosure-only-zh"
"https://funnytools.win/fr/outils/calculer-difference-entre-dates/","fr","https://funnytools.win/support/","zh","Voir les produits (en chinois traditionnel) →","content","false","true","false","intent:support-only-zh"
"https://funnytools.win/fr/outils/calculer-difference-entre-dates/","fr","https://funnytools.win/","zh","繁體中文","nav","false","true","true","language-switch"
"https://funnytools.win/fr/outils/calculer-difference-entre-dates/","fr","https://funnytools.win/en/","en","English","nav","false","true","true","language-switch"
"https://funnytools.win/fr/outils/calculer-difference-entre-dates/","fr","https://funnytools.win/es/","es","Español","nav","false","true","true","language-switch"
"https://funnytools.win/fr/outils/cao-2d-en-ligne/","fr","https://funnytools.win/tools/cad-2d/","zh","繁中","content","false","true","false","language-switch"
"https://funnytools.win/fr/outils/cao-2d-en-ligne/","fr","https://funnytools.win/en/tools/cad-2d/","en","English","content","false","true","false","language-switch"
"https://funnytools.win/fr/outils/cao-2d-en-ligne/","fr","https://funnytools.win/es/herramientas/cad-2d-online/","es","Español","content","false","true","false","language-switch"
"https://funnytools.win/fr/outils/cao-2d-en-ligne/","fr","https://funnytools.win/tools/cad-2d/","zh","繁中","nav","false","true","true","language-switch"
"https://funnytools.win/fr/outils/cao-2d-en-ligne/","fr","https://funnytools.win/en/tools/cad-2d/","en","English","nav","false","true","true","language-switch"
"https://funnytools.win/fr/outils/cao-2d-en-ligne/","fr","https://funnytools.win/es/herramientas/cad-2d-online/","es","Español","nav","false","true","true","language-switch"
"https://funnytools.win/fr/outils/cao-2d-en-ligne/","fr","https://funnytools.win/affiliate-disclosure/","zh","Informations complètes (en chinois traditionnel)","content","false","true","false","intent:disclosure-only-zh"
"https://funnytools.win/fr/outils/cao-2d-en-ligne/","fr","https://funnytools.win/support/","zh","Voir les produits (en chinois traditionnel) →","content","false","true","false","intent:support-only-zh"
"https://funnytools.win/fr/outils/cao-2d-en-ligne/","fr","https://funnytools.win/","zh","繁體中文","nav","false","true","true","language-switch"
"https://funnytools.win/fr/outils/cao-2d-en-ligne/","fr","https://funnytools.win/en/","en","English","nav","false","true","true","language-switch"
"https://funnytools.win/fr/outils/cao-2d-en-ligne/","fr","https://funnytools.win/es/","es","Español","nav","false","true","true","language-switch"
"https://funnytools.win/fr/outils/choisir-entre-deux-options/","fr","https://funnytools.win/tools/this-or-that/","zh","繁中","content","false","true","false","language-switch"
"https://funnytools.win/fr/outils/choisir-entre-deux-options/","fr","https://funnytools.win/en/tools/this-or-that/","en","English","content","false","true","false","language-switch"
"https://funnytools.win/fr/outils/choisir-entre-deux-options/","fr","https://funnytools.win/es/herramientas/decidir-entre-dos-opciones/","es","Español","content","false","true","false","language-switch"
"https://funnytools.win/fr/outils/choisir-entre-deux-options/","fr","https://funnytools.win/tools/this-or-that/","zh","繁中","nav","false","true","true","language-switch"
"https://funnytools.win/fr/outils/choisir-entre-deux-options/","fr","https://funnytools.win/en/tools/this-or-that/","en","English","nav","false","true","true","language-switch"
"https://funnytools.win/fr/outils/choisir-entre-deux-options/","fr","https://funnytools.win/es/herramientas/decidir-entre-dos-opciones/","es","Español","nav","false","true","true","language-switch"
"https://funnytools.win/fr/outils/choisir-entre-deux-options/","fr","https://funnytools.win/affiliate-disclosure/","zh","Informations complètes (en chinois traditionnel)","content","false","true","false","intent:disclosure-only-zh"
"https://funnytools.win/fr/outils/choisir-entre-deux-options/","fr","https://funnytools.win/support/","zh","Voir les produits (en chinois traditionnel) →","content","false","true","false","intent:support-only-zh"
"https://funnytools.win/fr/outils/choisir-entre-deux-options/","fr","https://funnytools.win/","zh","繁體中文","nav","false","true","true","language-switch"
"https://funnytools.win/fr/outils/choisir-entre-deux-options/","fr","https://funnytools.win/en/","en","English","nav","false","true","true","language-switch"
"https://funnytools.win/fr/outils/choisir-entre-deux-options/","fr","https://funnytools.win/es/","es","Español","nav","false","true","true","language-switch"
"https://funnytools.win/fr/outils/chronometre-en-ligne/","fr","https://funnytools.win/tools/stopwatch/","zh","繁中","content","false","true","false","language-switch"
"https://funnytools.win/fr/outils/chronometre-en-ligne/","fr","https://funnytools.win/en/tools/stopwatch/","en","English","content","false","true","false","language-switch"
"https://funnytools.win/fr/outils/chronometre-en-ligne/","fr","https://funnytools.win/es/herramientas/cronometro-online/","es","Español","content","false","true","false","language-switch"
"https://funnytools.win/fr/outils/chronometre-en-ligne/","fr","https://funnytools.win/tools/stopwatch/","zh","繁中","nav","false","true","true","language-switch"
"https://funnytools.win/fr/outils/chronometre-en-ligne/","fr","https://funnytools.win/en/tools/stopwatch/","en","English","nav","false","true","true","language-switch"
"https://funnytools.win/fr/outils/chronometre-en-ligne/","fr","https://funnytools.win/es/herramientas/cronometro-online/","es","Español","nav","false","true","true","language-switch"
"https://funnytools.win/fr/outils/chronometre-en-ligne/","fr","https://funnytools.win/affiliate-disclosure/","zh","Informations complètes (en chinois traditionnel)","content","false","true","false","intent:disclosure-only-zh"
"https://funnytools.win/fr/outils/chronometre-en-ligne/","fr","https://funnytools.win/support/","zh","Voir les produits (en chinois traditionnel) →","content","false","true","false","intent:support-only-zh"
"https://funnytools.win/fr/outils/chronometre-en-ligne/","fr","https://funnytools.win/","zh","繁體中文","nav","false","true","true","language-switch"
"https://funnytools.win/fr/outils/chronometre-en-ligne/","fr","https://funnytools.win/en/","en","English","nav","false","true","true","language-switch"
"https://funnytools.win/fr/outils/chronometre-en-ligne/","fr","https://funnytools.win/es/","es","Español","nav","false","true","true","language-switch"
"https://funnytools.win/fr/outils/compresser-image/","fr","https://funnytools.win/tools/image-compressor/","zh","繁中","content","false","true","false","language-switch"
"https://funnytools.win/fr/outils/compresser-image/","fr","https://funnytools.win/en/tools/image-compressor/","en","English","content","false","true","false","language-switch"
"https://funnytools.win/fr/outils/compresser-image/","fr","https://funnytools.win/es/herramientas/comprimir-imagenes/","es","Español","content","false","true","false","language-switch"
"https://funnytools.win/fr/outils/compresser-image/","fr","https://funnytools.win/tools/image-compressor/","zh","繁中","nav","false","true","true","language-switch"
"https://funnytools.win/fr/outils/compresser-image/","fr","https://funnytools.win/en/tools/image-compressor/","en","English","nav","false","true","true","language-switch"
"https://funnytools.win/fr/outils/compresser-image/","fr","https://funnytools.win/es/herramientas/comprimir-imagenes/","es","Español","nav","false","true","true","language-switch"
"https://funnytools.win/fr/outils/compresser-image/","fr","https://funnytools.win/affiliate-disclosure/","zh","Informations complètes (en chinois traditionnel)","content","false","true","false","intent:disclosure-only-zh"
"https://funnytools.win/fr/outils/compresser-image/","fr","https://funnytools.win/support/","zh","Voir les produits (en chinois traditionnel) →","content","false","true","false","intent:support-only-zh"
"https://funnytools.win/fr/outils/compresser-image/","fr","https://funnytools.win/","zh","繁體中文","nav","false","true","true","language-switch"
"https://funnytools.win/fr/outils/compresser-image/","fr","https://funnytools.win/en/","en","English","nav","false","true","true","language-switch"
"https://funnytools.win/fr/outils/compresser-image/","fr","https://funnytools.win/es/","es","Español","nav","false","true","true","language-switch"
"https://funnytools.win/fr/outils/compresser-pdf/","fr","https://funnytools.win/tools/pdf-compressor/","zh","繁中","content","false","true","false","language-switch"
"https://funnytools.win/fr/outils/compresser-pdf/","fr","https://funnytools.win/en/tools/pdf-compressor/","en","English","content","false","true","false","language-switch"
"https://funnytools.win/fr/outils/compresser-pdf/","fr","https://funnytools.win/es/herramientas/comprimir-pdf/","es","Español","content","false","true","false","language-switch"
"https://funnytools.win/fr/outils/compresser-pdf/","fr","https://funnytools.win/tools/pdf-compressor/","zh","繁中","nav","false","true","true","language-switch"
"https://funnytools.win/fr/outils/compresser-pdf/","fr","https://funnytools.win/en/tools/pdf-compressor/","en","English","nav","false","true","true","language-switch"
"https://funnytools.win/fr/outils/compresser-pdf/","fr","https://funnytools.win/es/herramientas/comprimir-pdf/","es","Español","nav","false","true","true","language-switch"
"https://funnytools.win/fr/outils/compresser-pdf/","fr","https://funnytools.win/affiliate-disclosure/","zh","Informations complètes (en chinois traditionnel)","content","false","true","false","intent:disclosure-only-zh"
"https://funnytools.win/fr/outils/compresser-pdf/","fr","https://funnytools.win/support/","zh","Voir les produits (en chinois traditionnel) →","content","false","true","false","intent:support-only-zh"
"https://funnytools.win/fr/outils/compresser-pdf/","fr","https://funnytools.win/","zh","繁體中文","nav","false","true","true","language-switch"
"https://funnytools.win/fr/outils/compresser-pdf/","fr","https://funnytools.win/en/","en","English","nav","false","true","true","language-switch"
"https://funnytools.win/fr/outils/compresser-pdf/","fr","https://funnytools.win/es/","es","Español","nav","false","true","true","language-switch"
"https://funnytools.win/fr/outils/compteur-caracteres/","fr","https://funnytools.win/tools/character-counter/","zh","繁中","content","false","true","false","language-switch"
"https://funnytools.win/fr/outils/compteur-caracteres/","fr","https://funnytools.win/en/tools/character-counter/","en","English","content","false","true","false","language-switch"
"https://funnytools.win/fr/outils/compteur-caracteres/","fr","https://funnytools.win/es/herramientas/contador-caracteres/","es","Español","content","false","true","false","language-switch"
"https://funnytools.win/fr/outils/compteur-caracteres/","fr","https://funnytools.win/tools/character-counter/","zh","繁中","nav","false","true","true","language-switch"
"https://funnytools.win/fr/outils/compteur-caracteres/","fr","https://funnytools.win/en/tools/character-counter/","en","English","nav","false","true","true","language-switch"
"https://funnytools.win/fr/outils/compteur-caracteres/","fr","https://funnytools.win/es/herramientas/contador-caracteres/","es","Español","nav","false","true","true","language-switch"
"https://funnytools.win/fr/outils/compteur-caracteres/","fr","https://funnytools.win/affiliate-disclosure/","zh","Informations complètes (en chinois traditionnel)","content","false","true","false","intent:disclosure-only-zh"
"https://funnytools.win/fr/outils/compteur-caracteres/","fr","https://funnytools.win/support/","zh","Voir les produits (en chinois traditionnel) →","content","false","true","false","intent:support-only-zh"
"https://funnytools.win/fr/outils/compteur-caracteres/","fr","https://funnytools.win/","zh","繁體中文","nav","false","true","true","language-switch"
"https://funnytools.win/fr/outils/compteur-caracteres/","fr","https://funnytools.win/en/","en","English","nav","false","true","true","language-switch"
"https://funnytools.win/fr/outils/compteur-caracteres/","fr","https://funnytools.win/es/","es","Español","nav","false","true","true","language-switch"
"https://funnytools.win/fr/outils/compteur-mots/","fr","https://funnytools.win/tools/word-counter/","zh","繁中","content","false","true","false","language-switch"
"https://funnytools.win/fr/outils/compteur-mots/","fr","https://funnytools.win/en/tools/word-counter/","en","English","content","false","true","false","language-switch"
"https://funnytools.win/fr/outils/compteur-mots/","fr","https://funnytools.win/es/herramientas/contador-palabras/","es","Español","content","false","true","false","language-switch"
"https://funnytools.win/fr/outils/compteur-mots/","fr","https://funnytools.win/tools/word-counter/","zh","繁中","nav","false","true","true","language-switch"
"https://funnytools.win/fr/outils/compteur-mots/","fr","https://funnytools.win/en/tools/word-counter/","en","English","nav","false","true","true","language-switch"
"https://funnytools.win/fr/outils/compteur-mots/","fr","https://funnytools.win/es/herramientas/contador-palabras/","es","Español","nav","false","true","true","language-switch"
"https://funnytools.win/fr/outils/compteur-mots/","fr","https://funnytools.win/affiliate-disclosure/","zh","Informations complètes (en chinois traditionnel)","content","false","true","false","intent:disclosure-only-zh"
"https://funnytools.win/fr/outils/compteur-mots/","fr","https://funnytools.win/support/","zh","Voir les produits (en chinois traditionnel) →","content","false","true","false","intent:support-only-zh"
"https://funnytools.win/fr/outils/compteur-mots/","fr","https://funnytools.win/","zh","繁體中文","nav","false","true","true","language-switch"
"https://funnytools.win/fr/outils/compteur-mots/","fr","https://funnytools.win/en/","en","English","nav","false","true","true","language-switch"
"https://funnytools.win/fr/outils/compteur-mots/","fr","https://funnytools.win/es/","es","Español","nav","false","true","true","language-switch"
"https://funnytools.win/fr/outils/convertir-csv-en-json/","fr","https://funnytools.win/tools/csv-to-json/","zh","繁中","content","false","true","false","language-switch"
"https://funnytools.win/fr/outils/convertir-csv-en-json/","fr","https://funnytools.win/en/tools/csv-to-json/","en","English","content","false","true","false","language-switch"
"https://funnytools.win/fr/outils/convertir-csv-en-json/","fr","https://funnytools.win/es/herramientas/convertir-csv-a-json/","es","Español","content","false","true","false","language-switch"
"https://funnytools.win/fr/outils/convertir-csv-en-json/","fr","https://funnytools.win/tools/csv-to-json/","zh","繁中","nav","false","true","true","language-switch"
"https://funnytools.win/fr/outils/convertir-csv-en-json/","fr","https://funnytools.win/en/tools/csv-to-json/","en","English","nav","false","true","true","language-switch"
"https://funnytools.win/fr/outils/convertir-csv-en-json/","fr","https://funnytools.win/es/herramientas/convertir-csv-a-json/","es","Español","nav","false","true","true","language-switch"
"https://funnytools.win/fr/outils/convertir-csv-en-json/","fr","https://funnytools.win/affiliate-disclosure/","zh","Informations complètes (en chinois traditionnel)","content","false","true","false","intent:disclosure-only-zh"
"https://funnytools.win/fr/outils/convertir-csv-en-json/","fr","https://funnytools.win/support/","zh","Voir les produits (en chinois traditionnel) →","content","false","true","false","intent:support-only-zh"
"https://funnytools.win/fr/outils/convertir-csv-en-json/","fr","https://funnytools.win/","zh","繁體中文","nav","false","true","true","language-switch"
"https://funnytools.win/fr/outils/convertir-csv-en-json/","fr","https://funnytools.win/en/","en","English","nav","false","true","true","language-switch"
"https://funnytools.win/fr/outils/convertir-csv-en-json/","fr","https://funnytools.win/es/","es","Español","nav","false","true","true","language-switch"
"https://funnytools.win/fr/outils/convertir-image-en-base64/","fr","https://funnytools.win/tools/image-to-base64/","zh","繁中","content","false","true","false","language-switch"
"https://funnytools.win/fr/outils/convertir-image-en-base64/","fr","https://funnytools.win/en/tools/image-to-base64/","en","English","content","false","true","false","language-switch"
"https://funnytools.win/fr/outils/convertir-image-en-base64/","fr","https://funnytools.win/es/herramientas/convertir-imagen-base64/","es","Español","content","false","true","false","language-switch"
"https://funnytools.win/fr/outils/convertir-image-en-base64/","fr","https://funnytools.win/tools/image-to-base64/","zh","繁中","nav","false","true","true","language-switch"
"https://funnytools.win/fr/outils/convertir-image-en-base64/","fr","https://funnytools.win/en/tools/image-to-base64/","en","English","nav","false","true","true","language-switch"
"https://funnytools.win/fr/outils/convertir-image-en-base64/","fr","https://funnytools.win/es/herramientas/convertir-imagen-base64/","es","Español","nav","false","true","true","language-switch"
"https://funnytools.win/fr/outils/convertir-image-en-base64/","fr","https://funnytools.win/affiliate-disclosure/","zh","Informations complètes (en chinois traditionnel)","content","false","true","false","intent:disclosure-only-zh"
"https://funnytools.win/fr/outils/convertir-image-en-base64/","fr","https://funnytools.win/support/","zh","Voir les produits (en chinois traditionnel) →","content","false","true","false","intent:support-only-zh"
"https://funnytools.win/fr/outils/convertir-image-en-base64/","fr","https://funnytools.win/","zh","繁體中文","nav","false","true","true","language-switch"
"https://funnytools.win/fr/outils/convertir-image-en-base64/","fr","https://funnytools.win/en/","en","English","nav","false","true","true","language-switch"
"https://funnytools.win/fr/outils/convertir-image-en-base64/","fr","https://funnytools.win/es/","es","Español","nav","false","true","true","language-switch"
"https://funnytools.win/fr/outils/convertir-images-en-pdf/","fr","https://funnytools.win/tools/images-to-pdf/","zh","繁中","content","false","true","false","language-switch"
"https://funnytools.win/fr/outils/convertir-images-en-pdf/","fr","https://funnytools.win/en/tools/images-to-pdf/","en","English","content","false","true","false","language-switch"
"https://funnytools.win/fr/outils/convertir-images-en-pdf/","fr","https://funnytools.win/es/herramientas/convertir-imagenes-a-pdf/","es","Español","content","false","true","false","language-switch"
"https://funnytools.win/fr/outils/convertir-images-en-pdf/","fr","https://funnytools.win/tools/images-to-pdf/","zh","繁中","nav","false","true","true","language-switch"
"https://funnytools.win/fr/outils/convertir-images-en-pdf/","fr","https://funnytools.win/en/tools/images-to-pdf/","en","English","nav","false","true","true","language-switch"
"https://funnytools.win/fr/outils/convertir-images-en-pdf/","fr","https://funnytools.win/es/herramientas/convertir-imagenes-a-pdf/","es","Español","nav","false","true","true","language-switch"
"https://funnytools.win/fr/outils/convertir-images-en-pdf/","fr","https://funnytools.win/affiliate-disclosure/","zh","Informations complètes (en chinois traditionnel)","content","false","true","false","intent:disclosure-only-zh"
"https://funnytools.win/fr/outils/convertir-images-en-pdf/","fr","https://funnytools.win/support/","zh","Voir les produits (en chinois traditionnel) →","content","false","true","false","intent:support-only-zh"
"https://funnytools.win/fr/outils/convertir-images-en-pdf/","fr","https://funnytools.win/","zh","繁體中文","nav","false","true","true","language-switch"
"https://funnytools.win/fr/outils/convertir-images-en-pdf/","fr","https://funnytools.win/en/","en","English","nav","false","true","true","language-switch"
"https://funnytools.win/fr/outils/convertir-images-en-pdf/","fr","https://funnytools.win/es/","es","Español","nav","false","true","true","language-switch"
"https://funnytools.win/fr/outils/convertir-jpg-en-png/","fr","https://funnytools.win/tools/jpg-to-png/","zh","繁中","content","false","true","false","language-switch"
"https://funnytools.win/fr/outils/convertir-jpg-en-png/","fr","https://funnytools.win/en/tools/jpg-to-png/","en","English","content","false","true","false","language-switch"
"https://funnytools.win/fr/outils/convertir-jpg-en-png/","fr","https://funnytools.win/es/herramientas/convertir-jpg-a-png/","es","Español","content","false","true","false","language-switch"
"https://funnytools.win/fr/outils/convertir-jpg-en-png/","fr","https://funnytools.win/tools/jpg-to-png/","zh","繁中","nav","false","true","true","language-switch"
"https://funnytools.win/fr/outils/convertir-jpg-en-png/","fr","https://funnytools.win/en/tools/jpg-to-png/","en","English","nav","false","true","true","language-switch"
"https://funnytools.win/fr/outils/convertir-jpg-en-png/","fr","https://funnytools.win/es/herramientas/convertir-jpg-a-png/","es","Español","nav","false","true","true","language-switch"
"https://funnytools.win/fr/outils/convertir-jpg-en-png/","fr","https://funnytools.win/affiliate-disclosure/","zh","Informations complètes (en chinois traditionnel)","content","false","true","false","intent:disclosure-only-zh"
"https://funnytools.win/fr/outils/convertir-jpg-en-png/","fr","https://funnytools.win/support/","zh","Voir les produits (en chinois traditionnel) →","content","false","true","false","intent:support-only-zh"
"https://funnytools.win/fr/outils/convertir-jpg-en-png/","fr","https://funnytools.win/","zh","繁體中文","nav","false","true","true","language-switch"
"https://funnytools.win/fr/outils/convertir-jpg-en-png/","fr","https://funnytools.win/en/","en","English","nav","false","true","true","language-switch"
"https://funnytools.win/fr/outils/convertir-jpg-en-png/","fr","https://funnytools.win/es/","es","Español","nav","false","true","true","language-switch"
"https://funnytools.win/fr/outils/convertir-jpg-en-webp/","fr","https://funnytools.win/tools/jpg-to-webp/","zh","繁中","content","false","true","false","language-switch"
"https://funnytools.win/fr/outils/convertir-jpg-en-webp/","fr","https://funnytools.win/en/tools/jpg-to-webp/","en","English","content","false","true","false","language-switch"
"https://funnytools.win/fr/outils/convertir-jpg-en-webp/","fr","https://funnytools.win/es/herramientas/convertir-jpg-a-webp/","es","Español","content","false","true","false","language-switch"
"https://funnytools.win/fr/outils/convertir-jpg-en-webp/","fr","https://funnytools.win/tools/jpg-to-webp/","zh","繁中","nav","false","true","true","language-switch"
"https://funnytools.win/fr/outils/convertir-jpg-en-webp/","fr","https://funnytools.win/en/tools/jpg-to-webp/","en","English","nav","false","true","true","language-switch"
"https://funnytools.win/fr/outils/convertir-jpg-en-webp/","fr","https://funnytools.win/es/herramientas/convertir-jpg-a-webp/","es","Español","nav","false","true","true","language-switch"
"https://funnytools.win/fr/outils/convertir-jpg-en-webp/","fr","https://funnytools.win/affiliate-disclosure/","zh","Informations complètes (en chinois traditionnel)","content","false","true","false","intent:disclosure-only-zh"
"https://funnytools.win/fr/outils/convertir-jpg-en-webp/","fr","https://funnytools.win/support/","zh","Voir les produits (en chinois traditionnel) →","content","false","true","false","intent:support-only-zh"
"https://funnytools.win/fr/outils/convertir-jpg-en-webp/","fr","https://funnytools.win/","zh","繁體中文","nav","false","true","true","language-switch"
"https://funnytools.win/fr/outils/convertir-jpg-en-webp/","fr","https://funnytools.win/en/","en","English","nav","false","true","true","language-switch"
"https://funnytools.win/fr/outils/convertir-jpg-en-webp/","fr","https://funnytools.win/es/","es","Español","nav","false","true","true","language-switch"
"https://funnytools.win/fr/outils/convertir-json-en-csv/","fr","https://funnytools.win/tools/json-to-csv/","zh","繁中","content","false","true","false","language-switch"
"https://funnytools.win/fr/outils/convertir-json-en-csv/","fr","https://funnytools.win/en/tools/json-to-csv/","en","English","content","false","true","false","language-switch"
"https://funnytools.win/fr/outils/convertir-json-en-csv/","fr","https://funnytools.win/es/herramientas/convertir-json-a-csv/","es","Español","content","false","true","false","language-switch"
"https://funnytools.win/fr/outils/convertir-json-en-csv/","fr","https://funnytools.win/tools/json-to-csv/","zh","繁中","nav","false","true","true","language-switch"
"https://funnytools.win/fr/outils/convertir-json-en-csv/","fr","https://funnytools.win/en/tools/json-to-csv/","en","English","nav","false","true","true","language-switch"
"https://funnytools.win/fr/outils/convertir-json-en-csv/","fr","https://funnytools.win/es/herramientas/convertir-json-a-csv/","es","Español","nav","false","true","true","language-switch"
"https://funnytools.win/fr/outils/convertir-json-en-csv/","fr","https://funnytools.win/affiliate-disclosure/","zh","Informations complètes (en chinois traditionnel)","content","false","true","false","intent:disclosure-only-zh"
"https://funnytools.win/fr/outils/convertir-json-en-csv/","fr","https://funnytools.win/support/","zh","Voir les produits (en chinois traditionnel) →","content","false","true","false","intent:support-only-zh"
"https://funnytools.win/fr/outils/convertir-json-en-csv/","fr","https://funnytools.win/","zh","繁體中文","nav","false","true","true","language-switch"
"https://funnytools.win/fr/outils/convertir-json-en-csv/","fr","https://funnytools.win/en/","en","English","nav","false","true","true","language-switch"
"https://funnytools.win/fr/outils/convertir-json-en-csv/","fr","https://funnytools.win/es/","es","Español","nav","false","true","true","language-switch"
"https://funnytools.win/fr/outils/convertir-majuscules-minuscules/","fr","https://funnytools.win/tools/case-converter/","zh","繁中","content","false","true","false","language-switch"
"https://funnytools.win/fr/outils/convertir-majuscules-minuscules/","fr","https://funnytools.win/en/tools/case-converter/","en","English","content","false","true","false","language-switch"
"https://funnytools.win/fr/outils/convertir-majuscules-minuscules/","fr","https://funnytools.win/es/herramientas/convertir-mayusculas-minusculas/","es","Español","content","false","true","false","language-switch"
"https://funnytools.win/fr/outils/convertir-majuscules-minuscules/","fr","https://funnytools.win/tools/case-converter/","zh","繁中","nav","false","true","true","language-switch"
"https://funnytools.win/fr/outils/convertir-majuscules-minuscules/","fr","https://funnytools.win/en/tools/case-converter/","en","English","nav","false","true","true","language-switch"
"https://funnytools.win/fr/outils/convertir-majuscules-minuscules/","fr","https://funnytools.win/es/herramientas/convertir-mayusculas-minusculas/","es","Español","nav","false","true","true","language-switch"
"https://funnytools.win/fr/outils/convertir-majuscules-minuscules/","fr","https://funnytools.win/affiliate-disclosure/","zh","Informations complètes (en chinois traditionnel)","content","false","true","false","intent:disclosure-only-zh"
"https://funnytools.win/fr/outils/convertir-majuscules-minuscules/","fr","https://funnytools.win/support/","zh","Voir les produits (en chinois traditionnel) →","content","false","true","false","intent:support-only-zh"
"https://funnytools.win/fr/outils/convertir-majuscules-minuscules/","fr","https://funnytools.win/","zh","繁體中文","nav","false","true","true","language-switch"
"https://funnytools.win/fr/outils/convertir-majuscules-minuscules/","fr","https://funnytools.win/en/","en","English","nav","false","true","true","language-switch"
"https://funnytools.win/fr/outils/convertir-majuscules-minuscules/","fr","https://funnytools.win/es/","es","Español","nav","false","true","true","language-switch"
"https://funnytools.win/fr/outils/convertir-pdf-en-image/","fr","https://funnytools.win/tools/pdf-to-image/","zh","繁中","content","false","true","false","language-switch"
"https://funnytools.win/fr/outils/convertir-pdf-en-image/","fr","https://funnytools.win/en/tools/pdf-to-image/","en","English","content","false","true","false","language-switch"
"https://funnytools.win/fr/outils/convertir-pdf-en-image/","fr","https://funnytools.win/es/herramientas/convertir-pdf-a-imagen/","es","Español","content","false","true","false","language-switch"
"https://funnytools.win/fr/outils/convertir-pdf-en-image/","fr","https://funnytools.win/tools/pdf-to-image/","zh","繁中","nav","false","true","true","language-switch"
"https://funnytools.win/fr/outils/convertir-pdf-en-image/","fr","https://funnytools.win/en/tools/pdf-to-image/","en","English","nav","false","true","true","language-switch"
"https://funnytools.win/fr/outils/convertir-pdf-en-image/","fr","https://funnytools.win/es/herramientas/convertir-pdf-a-imagen/","es","Español","nav","false","true","true","language-switch"
"https://funnytools.win/fr/outils/convertir-pdf-en-image/","fr","https://funnytools.win/affiliate-disclosure/","zh","Informations complètes (en chinois traditionnel)","content","false","true","false","intent:disclosure-only-zh"
"https://funnytools.win/fr/outils/convertir-pdf-en-image/","fr","https://funnytools.win/support/","zh","Voir les produits (en chinois traditionnel) →","content","false","true","false","intent:support-only-zh"
"https://funnytools.win/fr/outils/convertir-pdf-en-image/","fr","https://funnytools.win/","zh","繁體中文","nav","false","true","true","language-switch"
"https://funnytools.win/fr/outils/convertir-pdf-en-image/","fr","https://funnytools.win/en/","en","English","nav","false","true","true","language-switch"
"https://funnytools.win/fr/outils/convertir-pdf-en-image/","fr","https://funnytools.win/es/","es","Español","nav","false","true","true","language-switch"
"https://funnytools.win/fr/outils/convertir-png-en-jpg/","fr","https://funnytools.win/tools/png-to-jpg/","zh","繁中","content","false","true","false","language-switch"
"https://funnytools.win/fr/outils/convertir-png-en-jpg/","fr","https://funnytools.win/en/tools/png-to-jpg/","en","English","content","false","true","false","language-switch"
"https://funnytools.win/fr/outils/convertir-png-en-jpg/","fr","https://funnytools.win/es/herramientas/convertir-png-a-jpg/","es","Español","content","false","true","false","language-switch"
"https://funnytools.win/fr/outils/convertir-png-en-jpg/","fr","https://funnytools.win/tools/png-to-jpg/","zh","繁中","nav","false","true","true","language-switch"
"https://funnytools.win/fr/outils/convertir-png-en-jpg/","fr","https://funnytools.win/en/tools/png-to-jpg/","en","English","nav","false","true","true","language-switch"
"https://funnytools.win/fr/outils/convertir-png-en-jpg/","fr","https://funnytools.win/es/herramientas/convertir-png-a-jpg/","es","Español","nav","false","true","true","language-switch"
"https://funnytools.win/fr/outils/convertir-png-en-jpg/","fr","https://funnytools.win/affiliate-disclosure/","zh","Informations complètes (en chinois traditionnel)","content","false","true","false","intent:disclosure-only-zh"
"https://funnytools.win/fr/outils/convertir-png-en-jpg/","fr","https://funnytools.win/support/","zh","Voir les produits (en chinois traditionnel) →","content","false","true","false","intent:support-only-zh"
"https://funnytools.win/fr/outils/convertir-png-en-jpg/","fr","https://funnytools.win/","zh","繁體中文","nav","false","true","true","language-switch"
"https://funnytools.win/fr/outils/convertir-png-en-jpg/","fr","https://funnytools.win/en/","en","English","nav","false","true","true","language-switch"
"https://funnytools.win/fr/outils/convertir-png-en-jpg/","fr","https://funnytools.win/es/","es","Español","nav","false","true","true","language-switch"
"https://funnytools.win/fr/outils/convertir-timestamp-unix/","fr","https://funnytools.win/tools/timestamp-converter/","zh","繁中","content","false","true","false","language-switch"
"https://funnytools.win/fr/outils/convertir-timestamp-unix/","fr","https://funnytools.win/en/tools/timestamp-converter/","en","English","content","false","true","false","language-switch"
"https://funnytools.win/fr/outils/convertir-timestamp-unix/","fr","https://funnytools.win/es/herramientas/convertir-timestamp-unix/","es","Español","content","false","true","false","language-switch"
"https://funnytools.win/fr/outils/convertir-timestamp-unix/","fr","https://funnytools.win/tools/timestamp-converter/","zh","繁中","nav","false","true","true","language-switch"
"https://funnytools.win/fr/outils/convertir-timestamp-unix/","fr","https://funnytools.win/en/tools/timestamp-converter/","en","English","nav","false","true","true","language-switch"
"https://funnytools.win/fr/outils/convertir-timestamp-unix/","fr","https://funnytools.win/es/herramientas/convertir-timestamp-unix/","es","Español","nav","false","true","true","language-switch"
"https://funnytools.win/fr/outils/convertir-timestamp-unix/","fr","https://funnytools.win/affiliate-disclosure/","zh","Informations complètes (en chinois traditionnel)","content","false","true","false","intent:disclosure-only-zh"
"https://funnytools.win/fr/outils/convertir-timestamp-unix/","fr","https://funnytools.win/support/","zh","Voir les produits (en chinois traditionnel) →","content","false","true","false","intent:support-only-zh"
"https://funnytools.win/fr/outils/convertir-timestamp-unix/","fr","https://funnytools.win/","zh","繁體中文","nav","false","true","true","language-switch"
"https://funnytools.win/fr/outils/convertir-timestamp-unix/","fr","https://funnytools.win/en/","en","English","nav","false","true","true","language-switch"
"https://funnytools.win/fr/outils/convertir-timestamp-unix/","fr","https://funnytools.win/es/","es","Español","nav","false","true","true","language-switch"
"https://funnytools.win/fr/outils/convertir-webp-en-jpg/","fr","https://funnytools.win/tools/webp-to-jpg/","zh","繁中","content","false","true","false","language-switch"
"https://funnytools.win/fr/outils/convertir-webp-en-jpg/","fr","https://funnytools.win/en/tools/webp-to-jpg/","en","English","content","false","true","false","language-switch"
"https://funnytools.win/fr/outils/convertir-webp-en-jpg/","fr","https://funnytools.win/es/herramientas/convertir-webp-a-jpg/","es","Español","content","false","true","false","language-switch"
"https://funnytools.win/fr/outils/convertir-webp-en-jpg/","fr","https://funnytools.win/tools/webp-to-jpg/","zh","繁中","nav","false","true","true","language-switch"
"https://funnytools.win/fr/outils/convertir-webp-en-jpg/","fr","https://funnytools.win/en/tools/webp-to-jpg/","en","English","nav","false","true","true","language-switch"
"https://funnytools.win/fr/outils/convertir-webp-en-jpg/","fr","https://funnytools.win/es/herramientas/convertir-webp-a-jpg/","es","Español","nav","false","true","true","language-switch"
"https://funnytools.win/fr/outils/convertir-webp-en-jpg/","fr","https://funnytools.win/affiliate-disclosure/","zh","Informations complètes (en chinois traditionnel)","content","false","true","false","intent:disclosure-only-zh"
"https://funnytools.win/fr/outils/convertir-webp-en-jpg/","fr","https://funnytools.win/support/","zh","Voir les produits (en chinois traditionnel) →","content","false","true","false","intent:support-only-zh"
"https://funnytools.win/fr/outils/convertir-webp-en-jpg/","fr","https://funnytools.win/","zh","繁體中文","nav","false","true","true","language-switch"
"https://funnytools.win/fr/outils/convertir-webp-en-jpg/","fr","https://funnytools.win/en/","en","English","nav","false","true","true","language-switch"
"https://funnytools.win/fr/outils/convertir-webp-en-jpg/","fr","https://funnytools.win/es/","es","Español","nav","false","true","true","language-switch"
"https://funnytools.win/fr/outils/creer-diagramme-circulaire/","fr","https://funnytools.win/tools/pie-chart-maker/","zh","繁中","content","false","true","false","language-switch"
"https://funnytools.win/fr/outils/creer-diagramme-circulaire/","fr","https://funnytools.win/en/tools/pie-chart-maker/","en","English","content","false","true","false","language-switch"
"https://funnytools.win/fr/outils/creer-diagramme-circulaire/","fr","https://funnytools.win/es/herramientas/crear-grafico-circular/","es","Español","content","false","true","false","language-switch"
"https://funnytools.win/fr/outils/creer-diagramme-circulaire/","fr","https://funnytools.win/tools/pie-chart-maker/","zh","繁中","nav","false","true","true","language-switch"
"https://funnytools.win/fr/outils/creer-diagramme-circulaire/","fr","https://funnytools.win/en/tools/pie-chart-maker/","en","English","nav","false","true","true","language-switch"
"https://funnytools.win/fr/outils/creer-diagramme-circulaire/","fr","https://funnytools.win/es/herramientas/crear-grafico-circular/","es","Español","nav","false","true","true","language-switch"
"https://funnytools.win/fr/outils/creer-diagramme-circulaire/","fr","https://funnytools.win/affiliate-disclosure/","zh","Informations complètes (en chinois traditionnel)","content","false","true","false","intent:disclosure-only-zh"
"https://funnytools.win/fr/outils/creer-diagramme-circulaire/","fr","https://funnytools.win/support/","zh","Voir les produits (en chinois traditionnel) →","content","false","true","false","intent:support-only-zh"
"https://funnytools.win/fr/outils/creer-diagramme-circulaire/","fr","https://funnytools.win/","zh","繁體中文","nav","false","true","true","language-switch"
"https://funnytools.win/fr/outils/creer-diagramme-circulaire/","fr","https://funnytools.win/en/","en","English","nav","false","true","true","language-switch"
"https://funnytools.win/fr/outils/creer-diagramme-circulaire/","fr","https://funnytools.win/es/","es","Español","nav","false","true","true","language-switch"
"https://funnytools.win/fr/outils/creer-diagramme-flux/","fr","https://funnytools.win/tools/flowchart/","zh","繁中","content","false","true","false","language-switch"
"https://funnytools.win/fr/outils/creer-diagramme-flux/","fr","https://funnytools.win/en/tools/flowchart/","en","English","content","false","true","false","language-switch"
"https://funnytools.win/fr/outils/creer-diagramme-flux/","fr","https://funnytools.win/es/herramientas/crear-diagrama-flujo/","es","Español","content","false","true","false","language-switch"
"https://funnytools.win/fr/outils/creer-diagramme-flux/","fr","https://funnytools.win/tools/flowchart/","zh","繁中","nav","false","true","true","language-switch"
"https://funnytools.win/fr/outils/creer-diagramme-flux/","fr","https://funnytools.win/en/tools/flowchart/","en","English","nav","false","true","true","language-switch"
"https://funnytools.win/fr/outils/creer-diagramme-flux/","fr","https://funnytools.win/es/herramientas/crear-diagrama-flujo/","es","Español","nav","false","true","true","language-switch"
"https://funnytools.win/fr/outils/creer-diagramme-flux/","fr","https://funnytools.win/affiliate-disclosure/","zh","Informations complètes (en chinois traditionnel)","content","false","true","false","intent:disclosure-only-zh"
"https://funnytools.win/fr/outils/creer-diagramme-flux/","fr","https://funnytools.win/support/","zh","Voir les produits (en chinois traditionnel) →","content","false","true","false","intent:support-only-zh"
"https://funnytools.win/fr/outils/creer-diagramme-flux/","fr","https://funnytools.win/","zh","繁體中文","nav","false","true","true","language-switch"
"https://funnytools.win/fr/outils/creer-diagramme-flux/","fr","https://funnytools.win/en/","en","English","nav","false","true","true","language-switch"
"https://funnytools.win/fr/outils/creer-diagramme-flux/","fr","https://funnytools.win/es/","es","Español","nav","false","true","true","language-switch"
"https://funnytools.win/fr/outils/creer-graphique-barres/","fr","https://funnytools.win/tools/bar-chart-maker/","zh","繁中","content","false","true","false","language-switch"
"https://funnytools.win/fr/outils/creer-graphique-barres/","fr","https://funnytools.win/en/tools/bar-chart-maker/","en","English","content","false","true","false","language-switch"
"https://funnytools.win/fr/outils/creer-graphique-barres/","fr","https://funnytools.win/es/herramientas/crear-grafico-barras/","es","Español","content","false","true","false","language-switch"
"https://funnytools.win/fr/outils/creer-graphique-barres/","fr","https://funnytools.win/tools/bar-chart-maker/","zh","繁中","nav","false","true","true","language-switch"
"https://funnytools.win/fr/outils/creer-graphique-barres/","fr","https://funnytools.win/en/tools/bar-chart-maker/","en","English","nav","false","true","true","language-switch"
"https://funnytools.win/fr/outils/creer-graphique-barres/","fr","https://funnytools.win/es/herramientas/crear-grafico-barras/","es","Español","nav","false","true","true","language-switch"
"https://funnytools.win/fr/outils/creer-graphique-barres/","fr","https://funnytools.win/affiliate-disclosure/","zh","Informations complètes (en chinois traditionnel)","content","false","true","false","intent:disclosure-only-zh"
"https://funnytools.win/fr/outils/creer-graphique-barres/","fr","https://funnytools.win/support/","zh","Voir les produits (en chinois traditionnel) →","content","false","true","false","intent:support-only-zh"
"https://funnytools.win/fr/outils/creer-graphique-barres/","fr","https://funnytools.win/","zh","繁體中文","nav","false","true","true","language-switch"
"https://funnytools.win/fr/outils/creer-graphique-barres/","fr","https://funnytools.win/en/","en","English","nav","false","true","true","language-switch"
"https://funnytools.win/fr/outils/creer-graphique-barres/","fr","https://funnytools.win/es/","es","Español","nav","false","true","true","language-switch"
"https://funnytools.win/fr/outils/diviser-pdf/","fr","https://funnytools.win/tools/split-pdf/","zh","繁中","content","false","true","false","language-switch"
"https://funnytools.win/fr/outils/diviser-pdf/","fr","https://funnytools.win/en/tools/split-pdf/","en","English","content","false","true","false","language-switch"
"https://funnytools.win/fr/outils/diviser-pdf/","fr","https://funnytools.win/es/herramientas/dividir-pdf/","es","Español","content","false","true","false","language-switch"
"https://funnytools.win/fr/outils/diviser-pdf/","fr","https://funnytools.win/tools/split-pdf/","zh","繁中","nav","false","true","true","language-switch"
"https://funnytools.win/fr/outils/diviser-pdf/","fr","https://funnytools.win/en/tools/split-pdf/","en","English","nav","false","true","true","language-switch"
"https://funnytools.win/fr/outils/diviser-pdf/","fr","https://funnytools.win/es/herramientas/dividir-pdf/","es","Español","nav","false","true","true","language-switch"
"https://funnytools.win/fr/outils/diviser-pdf/","fr","https://funnytools.win/affiliate-disclosure/","zh","Informations complètes (en chinois traditionnel)","content","false","true","false","intent:disclosure-only-zh"
"https://funnytools.win/fr/outils/diviser-pdf/","fr","https://funnytools.win/support/","zh","Voir les produits (en chinois traditionnel) →","content","false","true","false","intent:support-only-zh"
"https://funnytools.win/fr/outils/diviser-pdf/","fr","https://funnytools.win/","zh","繁體中文","nav","false","true","true","language-switch"
"https://funnytools.win/fr/outils/diviser-pdf/","fr","https://funnytools.win/en/","en","English","nav","false","true","true","language-switch"
"https://funnytools.win/fr/outils/diviser-pdf/","fr","https://funnytools.win/es/","es","Español","nav","false","true","true","language-switch"
"https://funnytools.win/fr/outils/editeur-markdown-en-ligne/","fr","https://funnytools.win/tools/markdown-previewer/","zh","繁中","content","false","true","false","language-switch"
"https://funnytools.win/fr/outils/editeur-markdown-en-ligne/","fr","https://funnytools.win/en/tools/markdown-previewer/","en","English","content","false","true","false","language-switch"
"https://funnytools.win/fr/outils/editeur-markdown-en-ligne/","fr","https://funnytools.win/es/herramientas/editor-markdown-online/","es","Español","content","false","true","false","language-switch"
"https://funnytools.win/fr/outils/editeur-markdown-en-ligne/","fr","https://funnytools.win/tools/markdown-previewer/","zh","繁中","nav","false","true","true","language-switch"
"https://funnytools.win/fr/outils/editeur-markdown-en-ligne/","fr","https://funnytools.win/en/tools/markdown-previewer/","en","English","nav","false","true","true","language-switch"
"https://funnytools.win/fr/outils/editeur-markdown-en-ligne/","fr","https://funnytools.win/es/herramientas/editor-markdown-online/","es","Español","nav","false","true","true","language-switch"
"https://funnytools.win/fr/outils/editeur-markdown-en-ligne/","fr","https://funnytools.win/affiliate-disclosure/","zh","Informations complètes (en chinois traditionnel)","content","false","true","false","intent:disclosure-only-zh"
"https://funnytools.win/fr/outils/editeur-markdown-en-ligne/","fr","https://funnytools.win/support/","zh","Voir les produits (en chinois traditionnel) →","content","false","true","false","intent:support-only-zh"
"https://funnytools.win/fr/outils/editeur-markdown-en-ligne/","fr","https://funnytools.win/","zh","繁體中文","nav","false","true","true","language-switch"
"https://funnytools.win/fr/outils/editeur-markdown-en-ligne/","fr","https://funnytools.win/en/","en","English","nav","false","true","true","language-switch"
"https://funnytools.win/fr/outils/editeur-markdown-en-ligne/","fr","https://funnytools.win/es/","es","Español","nav","false","true","true","language-switch"
"https://funnytools.win/fr/outils/encoder-decoder-base64/","fr","https://funnytools.win/tools/base64/","zh","繁中","content","false","true","false","language-switch"
"https://funnytools.win/fr/outils/encoder-decoder-base64/","fr","https://funnytools.win/en/tools/base64/","en","English","content","false","true","false","language-switch"
"https://funnytools.win/fr/outils/encoder-decoder-base64/","fr","https://funnytools.win/es/herramientas/codificar-decodificar-base64/","es","Español","content","false","true","false","language-switch"
"https://funnytools.win/fr/outils/encoder-decoder-base64/","fr","https://funnytools.win/tools/base64/","zh","繁中","nav","false","true","true","language-switch"
"https://funnytools.win/fr/outils/encoder-decoder-base64/","fr","https://funnytools.win/en/tools/base64/","en","English","nav","false","true","true","language-switch"
"https://funnytools.win/fr/outils/encoder-decoder-base64/","fr","https://funnytools.win/es/herramientas/codificar-decodificar-base64/","es","Español","nav","false","true","true","language-switch"
"https://funnytools.win/fr/outils/encoder-decoder-base64/","fr","https://funnytools.win/affiliate-disclosure/","zh","Informations complètes (en chinois traditionnel)","content","false","true","false","intent:disclosure-only-zh"
"https://funnytools.win/fr/outils/encoder-decoder-base64/","fr","https://funnytools.win/support/","zh","Voir les produits (en chinois traditionnel) →","content","false","true","false","intent:support-only-zh"
"https://funnytools.win/fr/outils/encoder-decoder-base64/","fr","https://funnytools.win/","zh","繁體中文","nav","false","true","true","language-switch"
"https://funnytools.win/fr/outils/encoder-decoder-base64/","fr","https://funnytools.win/en/","en","English","nav","false","true","true","language-switch"
"https://funnytools.win/fr/outils/encoder-decoder-base64/","fr","https://funnytools.win/es/","es","Español","nav","false","true","true","language-switch"
"https://funnytools.win/fr/outils/encoder-decoder-url/","fr","https://funnytools.win/tools/url-encoder/","zh","繁中","content","false","true","false","language-switch"
"https://funnytools.win/fr/outils/encoder-decoder-url/","fr","https://funnytools.win/en/tools/url-encoder/","en","English","content","false","true","false","language-switch"
"https://funnytools.win/fr/outils/encoder-decoder-url/","fr","https://funnytools.win/es/herramientas/codificar-decodificar-url/","es","Español","content","false","true","false","language-switch"
"https://funnytools.win/fr/outils/encoder-decoder-url/","fr","https://funnytools.win/tools/url-encoder/","zh","繁中","nav","false","true","true","language-switch"
"https://funnytools.win/fr/outils/encoder-decoder-url/","fr","https://funnytools.win/en/tools/url-encoder/","en","English","nav","false","true","true","language-switch"
"https://funnytools.win/fr/outils/encoder-decoder-url/","fr","https://funnytools.win/es/herramientas/codificar-decodificar-url/","es","Español","nav","false","true","true","language-switch"
"https://funnytools.win/fr/outils/encoder-decoder-url/","fr","https://funnytools.win/affiliate-disclosure/","zh","Informations complètes (en chinois traditionnel)","content","false","true","false","intent:disclosure-only-zh"
"https://funnytools.win/fr/outils/encoder-decoder-url/","fr","https://funnytools.win/support/","zh","Voir les produits (en chinois traditionnel) →","content","false","true","false","intent:support-only-zh"
"https://funnytools.win/fr/outils/encoder-decoder-url/","fr","https://funnytools.win/","zh","繁體中文","nav","false","true","true","language-switch"
"https://funnytools.win/fr/outils/encoder-decoder-url/","fr","https://funnytools.win/en/","en","English","nav","false","true","true","language-switch"
"https://funnytools.win/fr/outils/encoder-decoder-url/","fr","https://funnytools.win/es/","es","Español","nav","false","true","true","language-switch"
"https://funnytools.win/fr/outils/extraire-pages-pdf/","fr","https://funnytools.win/tools/extract-pdf-pages/","zh","繁中","content","false","true","false","language-switch"
"https://funnytools.win/fr/outils/extraire-pages-pdf/","fr","https://funnytools.win/en/tools/extract-pdf-pages/","en","English","content","false","true","false","language-switch"
"https://funnytools.win/fr/outils/extraire-pages-pdf/","fr","https://funnytools.win/es/herramientas/extraer-paginas-pdf/","es","Español","content","false","true","false","language-switch"
"https://funnytools.win/fr/outils/extraire-pages-pdf/","fr","https://funnytools.win/tools/extract-pdf-pages/","zh","繁中","nav","false","true","true","language-switch"
"https://funnytools.win/fr/outils/extraire-pages-pdf/","fr","https://funnytools.win/en/tools/extract-pdf-pages/","en","English","nav","false","true","true","language-switch"
"https://funnytools.win/fr/outils/extraire-pages-pdf/","fr","https://funnytools.win/es/herramientas/extraer-paginas-pdf/","es","Español","nav","false","true","true","language-switch"
"https://funnytools.win/fr/outils/extraire-pages-pdf/","fr","https://funnytools.win/affiliate-disclosure/","zh","Informations complètes (en chinois traditionnel)","content","false","true","false","intent:disclosure-only-zh"
"https://funnytools.win/fr/outils/extraire-pages-pdf/","fr","https://funnytools.win/support/","zh","Voir les produits (en chinois traditionnel) →","content","false","true","false","intent:support-only-zh"
"https://funnytools.win/fr/outils/extraire-pages-pdf/","fr","https://funnytools.win/","zh","繁體中文","nav","false","true","true","language-switch"
"https://funnytools.win/fr/outils/extraire-pages-pdf/","fr","https://funnytools.win/en/","en","English","nav","false","true","true","language-switch"
"https://funnytools.win/fr/outils/extraire-pages-pdf/","fr","https://funnytools.win/es/","es","Español","nav","false","true","true","language-switch"
"https://funnytools.win/fr/outils/faire-pivoter-image/","fr","https://funnytools.win/tools/image-rotate-flip/","zh","繁中","content","false","true","false","language-switch"
"https://funnytools.win/fr/outils/faire-pivoter-image/","fr","https://funnytools.win/en/tools/image-rotate-flip/","en","English","content","false","true","false","language-switch"
"https://funnytools.win/fr/outils/faire-pivoter-image/","fr","https://funnytools.win/es/herramientas/rotar-voltear-imagen/","es","Español","content","false","true","false","language-switch"
"https://funnytools.win/fr/outils/faire-pivoter-image/","fr","https://funnytools.win/tools/image-rotate-flip/","zh","繁中","nav","false","true","true","language-switch"
"https://funnytools.win/fr/outils/faire-pivoter-image/","fr","https://funnytools.win/en/tools/image-rotate-flip/","en","English","nav","false","true","true","language-switch"
"https://funnytools.win/fr/outils/faire-pivoter-image/","fr","https://funnytools.win/es/herramientas/rotar-voltear-imagen/","es","Español","nav","false","true","true","language-switch"
"https://funnytools.win/fr/outils/faire-pivoter-image/","fr","https://funnytools.win/affiliate-disclosure/","zh","Informations complètes (en chinois traditionnel)","content","false","true","false","intent:disclosure-only-zh"
"https://funnytools.win/fr/outils/faire-pivoter-image/","fr","https://funnytools.win/support/","zh","Voir les produits (en chinois traditionnel) →","content","false","true","false","intent:support-only-zh"
"https://funnytools.win/fr/outils/faire-pivoter-image/","fr","https://funnytools.win/","zh","繁體中文","nav","false","true","true","language-switch"
"https://funnytools.win/fr/outils/faire-pivoter-image/","fr","https://funnytools.win/en/","en","English","nav","false","true","true","language-switch"
"https://funnytools.win/fr/outils/faire-pivoter-image/","fr","https://funnytools.win/es/","es","Español","nav","false","true","true","language-switch"
"https://funnytools.win/fr/outils/faire-pivoter-pdf/","fr","https://funnytools.win/tools/rotate-pdf/","zh","繁中","content","false","true","false","language-switch"
"https://funnytools.win/fr/outils/faire-pivoter-pdf/","fr","https://funnytools.win/en/tools/rotate-pdf/","en","English","content","false","true","false","language-switch"
"https://funnytools.win/fr/outils/faire-pivoter-pdf/","fr","https://funnytools.win/es/herramientas/rotar-pdf/","es","Español","content","false","true","false","language-switch"
"https://funnytools.win/fr/outils/faire-pivoter-pdf/","fr","https://funnytools.win/tools/rotate-pdf/","zh","繁中","nav","false","true","true","language-switch"
"https://funnytools.win/fr/outils/faire-pivoter-pdf/","fr","https://funnytools.win/en/tools/rotate-pdf/","en","English","nav","false","true","true","language-switch"
"https://funnytools.win/fr/outils/faire-pivoter-pdf/","fr","https://funnytools.win/es/herramientas/rotar-pdf/","es","Español","nav","false","true","true","language-switch"
"https://funnytools.win/fr/outils/faire-pivoter-pdf/","fr","https://funnytools.win/affiliate-disclosure/","zh","Informations complètes (en chinois traditionnel)","content","false","true","false","intent:disclosure-only-zh"
"https://funnytools.win/fr/outils/faire-pivoter-pdf/","fr","https://funnytools.win/support/","zh","Voir les produits (en chinois traditionnel) →","content","false","true","false","intent:support-only-zh"
"https://funnytools.win/fr/outils/faire-pivoter-pdf/","fr","https://funnytools.win/","zh","繁體中文","nav","false","true","true","language-switch"
"https://funnytools.win/fr/outils/faire-pivoter-pdf/","fr","https://funnytools.win/en/","en","English","nav","false","true","true","language-switch"
"https://funnytools.win/fr/outils/faire-pivoter-pdf/","fr","https://funnytools.win/es/","es","Español","nav","false","true","true","language-switch"
"https://funnytools.win/fr/outils/formater-valider-json/","fr","https://funnytools.win/tools/json-formatter/","zh","繁中","content","false","true","false","language-switch"
"https://funnytools.win/fr/outils/formater-valider-json/","fr","https://funnytools.win/en/tools/json-formatter/","en","English","content","false","true","false","language-switch"
"https://funnytools.win/fr/outils/formater-valider-json/","fr","https://funnytools.win/es/herramientas/formatear-validar-json/","es","Español","content","false","true","false","language-switch"
"https://funnytools.win/fr/outils/formater-valider-json/","fr","https://funnytools.win/tools/json-formatter/","zh","繁中","nav","false","true","true","language-switch"
"https://funnytools.win/fr/outils/formater-valider-json/","fr","https://funnytools.win/en/tools/json-formatter/","en","English","nav","false","true","true","language-switch"
"https://funnytools.win/fr/outils/formater-valider-json/","fr","https://funnytools.win/es/herramientas/formatear-validar-json/","es","Español","nav","false","true","true","language-switch"
"https://funnytools.win/fr/outils/formater-valider-json/","fr","https://funnytools.win/affiliate-disclosure/","zh","Informations complètes (en chinois traditionnel)","content","false","true","false","intent:disclosure-only-zh"
"https://funnytools.win/fr/outils/formater-valider-json/","fr","https://funnytools.win/support/","zh","Voir les produits (en chinois traditionnel) →","content","false","true","false","intent:support-only-zh"
"https://funnytools.win/fr/outils/formater-valider-json/","fr","https://funnytools.win/","zh","繁體中文","nav","false","true","true","language-switch"
"https://funnytools.win/fr/outils/formater-valider-json/","fr","https://funnytools.win/en/","en","English","nav","false","true","true","language-switch"
"https://funnytools.win/fr/outils/formater-valider-json/","fr","https://funnytools.win/es/","es","Español","nav","false","true","true","language-switch"
"https://funnytools.win/fr/outils/fusionner-pdf/","fr","https://funnytools.win/tools/merge-pdf/","zh","繁中","content","false","true","false","language-switch"
"https://funnytools.win/fr/outils/fusionner-pdf/","fr","https://funnytools.win/en/tools/merge-pdf/","en","English","content","false","true","false","language-switch"
"https://funnytools.win/fr/outils/fusionner-pdf/","fr","https://funnytools.win/es/herramientas/unir-pdf/","es","Español","content","false","true","false","language-switch"
"https://funnytools.win/fr/outils/fusionner-pdf/","fr","https://funnytools.win/tools/merge-pdf/","zh","繁中","nav","false","true","true","language-switch"
"https://funnytools.win/fr/outils/fusionner-pdf/","fr","https://funnytools.win/en/tools/merge-pdf/","en","English","nav","false","true","true","language-switch"
"https://funnytools.win/fr/outils/fusionner-pdf/","fr","https://funnytools.win/es/herramientas/unir-pdf/","es","Español","nav","false","true","true","language-switch"
"https://funnytools.win/fr/outils/fusionner-pdf/","fr","https://funnytools.win/affiliate-disclosure/","zh","Informations complètes (en chinois traditionnel)","content","false","true","false","intent:disclosure-only-zh"
"https://funnytools.win/fr/outils/fusionner-pdf/","fr","https://funnytools.win/support/","zh","Voir les produits (en chinois traditionnel) →","content","false","true","false","intent:support-only-zh"
"https://funnytools.win/fr/outils/fusionner-pdf/","fr","https://funnytools.win/","zh","繁體中文","nav","false","true","true","language-switch"
"https://funnytools.win/fr/outils/fusionner-pdf/","fr","https://funnytools.win/en/","en","English","nav","false","true","true","language-switch"
"https://funnytools.win/fr/outils/fusionner-pdf/","fr","https://funnytools.win/es/","es","Español","nav","false","true","true","language-switch"
"https://funnytools.win/fr/outils/generateur-code-barres/","fr","https://funnytools.win/tools/barcode-generator/","zh","繁中","content","false","true","false","language-switch"
"https://funnytools.win/fr/outils/generateur-code-barres/","fr","https://funnytools.win/en/tools/barcode-generator/","en","English","content","false","true","false","language-switch"
"https://funnytools.win/fr/outils/generateur-code-barres/","fr","https://funnytools.win/es/herramientas/generador-codigo-barras/","es","Español","content","false","true","false","language-switch"
"https://funnytools.win/fr/outils/generateur-code-barres/","fr","https://funnytools.win/tools/barcode-generator/","zh","繁中","nav","false","true","true","language-switch"
"https://funnytools.win/fr/outils/generateur-code-barres/","fr","https://funnytools.win/en/tools/barcode-generator/","en","English","nav","false","true","true","language-switch"
"https://funnytools.win/fr/outils/generateur-code-barres/","fr","https://funnytools.win/es/herramientas/generador-codigo-barras/","es","Español","nav","false","true","true","language-switch"
"https://funnytools.win/fr/outils/generateur-code-barres/","fr","https://funnytools.win/affiliate-disclosure/","zh","Informations complètes (en chinois traditionnel)","content","false","true","false","intent:disclosure-only-zh"
"https://funnytools.win/fr/outils/generateur-code-barres/","fr","https://funnytools.win/support/","zh","Voir les produits (en chinois traditionnel) →","content","false","true","false","intent:support-only-zh"
"https://funnytools.win/fr/outils/generateur-code-barres/","fr","https://funnytools.win/","zh","繁體中文","nav","false","true","true","language-switch"
"https://funnytools.win/fr/outils/generateur-code-barres/","fr","https://funnytools.win/en/","en","English","nav","false","true","true","language-switch"
"https://funnytools.win/fr/outils/generateur-code-barres/","fr","https://funnytools.win/es/","es","Español","nav","false","true","true","language-switch"
"https://funnytools.win/fr/outils/generateur-code-qr/","fr","https://funnytools.win/tools/qr-code-generator/","zh","繁中","content","false","true","false","language-switch"
"https://funnytools.win/fr/outils/generateur-code-qr/","fr","https://funnytools.win/en/tools/qr-code-generator/","en","English","content","false","true","false","language-switch"
"https://funnytools.win/fr/outils/generateur-code-qr/","fr","https://funnytools.win/es/herramientas/generador-codigo-qr/","es","Español","content","false","true","false","language-switch"
"https://funnytools.win/fr/outils/generateur-code-qr/","fr","https://funnytools.win/tools/qr-code-generator/","zh","繁中","nav","false","true","true","language-switch"
"https://funnytools.win/fr/outils/generateur-code-qr/","fr","https://funnytools.win/en/tools/qr-code-generator/","en","English","nav","false","true","true","language-switch"
"https://funnytools.win/fr/outils/generateur-code-qr/","fr","https://funnytools.win/es/herramientas/generador-codigo-qr/","es","Español","nav","false","true","true","language-switch"
"https://funnytools.win/fr/outils/generateur-code-qr/","fr","https://funnytools.win/affiliate-disclosure/","zh","Informations complètes (en chinois traditionnel)","content","false","true","false","intent:disclosure-only-zh"
"https://funnytools.win/fr/outils/generateur-code-qr/","fr","https://funnytools.win/support/","zh","Voir les produits (en chinois traditionnel) →","content","false","true","false","intent:support-only-zh"
"https://funnytools.win/fr/outils/generateur-code-qr/","fr","https://funnytools.win/","zh","繁體中文","nav","false","true","true","language-switch"
"https://funnytools.win/fr/outils/generateur-code-qr/","fr","https://funnytools.win/en/","en","English","nav","false","true","true","language-switch"
"https://funnytools.win/fr/outils/generateur-code-qr/","fr","https://funnytools.win/es/","es","Español","nav","false","true","true","language-switch"
"https://funnytools.win/fr/outils/generateur-couleurs-hex-rgb-hsl/","fr","https://funnytools.win/tools/color-generator/","zh","繁中","content","false","true","false","language-switch"
"https://funnytools.win/fr/outils/generateur-couleurs-hex-rgb-hsl/","fr","https://funnytools.win/en/tools/color-generator/","en","English","content","false","true","false","language-switch"
"https://funnytools.win/fr/outils/generateur-couleurs-hex-rgb-hsl/","fr","https://funnytools.win/es/herramientas/generador-colores-hex-rgb-hsl/","es","Español","content","false","true","false","language-switch"
"https://funnytools.win/fr/outils/generateur-couleurs-hex-rgb-hsl/","fr","https://funnytools.win/tools/color-generator/","zh","繁中","nav","false","true","true","language-switch"
"https://funnytools.win/fr/outils/generateur-couleurs-hex-rgb-hsl/","fr","https://funnytools.win/en/tools/color-generator/","en","English","nav","false","true","true","language-switch"
"https://funnytools.win/fr/outils/generateur-couleurs-hex-rgb-hsl/","fr","https://funnytools.win/es/herramientas/generador-colores-hex-rgb-hsl/","es","Español","nav","false","true","true","language-switch"
"https://funnytools.win/fr/outils/generateur-couleurs-hex-rgb-hsl/","fr","https://funnytools.win/affiliate-disclosure/","zh","Informations complètes (en chinois traditionnel)","content","false","true","false","intent:disclosure-only-zh"
"https://funnytools.win/fr/outils/generateur-couleurs-hex-rgb-hsl/","fr","https://funnytools.win/support/","zh","Voir les produits (en chinois traditionnel) →","content","false","true","false","intent:support-only-zh"
"https://funnytools.win/fr/outils/generateur-couleurs-hex-rgb-hsl/","fr","https://funnytools.win/","zh","繁體中文","nav","false","true","true","language-switch"
"https://funnytools.win/fr/outils/generateur-couleurs-hex-rgb-hsl/","fr","https://funnytools.win/en/","en","English","nav","false","true","true","language-switch"
"https://funnytools.win/fr/outils/generateur-couleurs-hex-rgb-hsl/","fr","https://funnytools.win/es/","es","Español","nav","false","true","true","language-switch"
"https://funnytools.win/fr/outils/generateur-groupes-aleatoires/","fr","https://funnytools.win/tools/random-group-generator/","zh","繁中","content","false","true","false","language-switch"
"https://funnytools.win/fr/outils/generateur-groupes-aleatoires/","fr","https://funnytools.win/en/tools/random-group-generator/","en","English","content","false","true","false","language-switch"
"https://funnytools.win/fr/outils/generateur-groupes-aleatoires/","fr","https://funnytools.win/es/herramientas/generador-grupos-aleatorios/","es","Español","content","false","true","false","language-switch"
"https://funnytools.win/fr/outils/generateur-groupes-aleatoires/","fr","https://funnytools.win/tools/random-group-generator/","zh","繁中","nav","false","true","true","language-switch"
"https://funnytools.win/fr/outils/generateur-groupes-aleatoires/","fr","https://funnytools.win/en/tools/random-group-generator/","en","English","nav","false","true","true","language-switch"
"https://funnytools.win/fr/outils/generateur-groupes-aleatoires/","fr","https://funnytools.win/es/herramientas/generador-grupos-aleatorios/","es","Español","nav","false","true","true","language-switch"
"https://funnytools.win/fr/outils/generateur-groupes-aleatoires/","fr","https://funnytools.win/affiliate-disclosure/","zh","Informations complètes (en chinois traditionnel)","content","false","true","false","intent:disclosure-only-zh"
"https://funnytools.win/fr/outils/generateur-groupes-aleatoires/","fr","https://funnytools.win/support/","zh","Voir les produits (en chinois traditionnel) →","content","false","true","false","intent:support-only-zh"
"https://funnytools.win/fr/outils/generateur-groupes-aleatoires/","fr","https://funnytools.win/","zh","繁體中文","nav","false","true","true","language-switch"
"https://funnytools.win/fr/outils/generateur-groupes-aleatoires/","fr","https://funnytools.win/en/","en","English","nav","false","true","true","language-switch"
"https://funnytools.win/fr/outils/generateur-groupes-aleatoires/","fr","https://funnytools.win/es/","es","Español","nav","false","true","true","language-switch"
"https://funnytools.win/fr/outils/generateur-groupes-classe/","fr","https://funnytools.win/tools/group-generator/","zh","繁中","content","false","true","false","language-switch"
"https://funnytools.win/fr/outils/generateur-groupes-classe/","fr","https://funnytools.win/en/tools/group-generator/","en","English","content","false","true","false","language-switch"
"https://funnytools.win/fr/outils/generateur-groupes-classe/","fr","https://funnytools.win/es/herramientas/crear-grupos-clase/","es","Español","content","false","true","false","language-switch"
"https://funnytools.win/fr/outils/generateur-groupes-classe/","fr","https://funnytools.win/tools/group-generator/","zh","繁中","nav","false","true","true","language-switch"
"https://funnytools.win/fr/outils/generateur-groupes-classe/","fr","https://funnytools.win/en/tools/group-generator/","en","English","nav","false","true","true","language-switch"
"https://funnytools.win/fr/outils/generateur-groupes-classe/","fr","https://funnytools.win/es/herramientas/crear-grupos-clase/","es","Español","nav","false","true","true","language-switch"
"https://funnytools.win/fr/outils/generateur-groupes-classe/","fr","https://funnytools.win/affiliate-disclosure/","zh","Informations complètes (en chinois traditionnel)","content","false","true","false","intent:disclosure-only-zh"
"https://funnytools.win/fr/outils/generateur-groupes-classe/","fr","https://funnytools.win/support/","zh","Voir les produits (en chinois traditionnel) →","content","false","true","false","intent:support-only-zh"
"https://funnytools.win/fr/outils/generateur-groupes-classe/","fr","https://funnytools.win/","zh","繁體中文","nav","false","true","true","language-switch"
"https://funnytools.win/fr/outils/generateur-groupes-classe/","fr","https://funnytools.win/en/","en","English","nav","false","true","true","language-switch"
"https://funnytools.win/fr/outils/generateur-groupes-classe/","fr","https://funnytools.win/es/","es","Español","nav","false","true","true","language-switch"
"https://funnytools.win/fr/outils/generateur-mot-de-passe-securise/","fr","https://funnytools.win/tools/password-generator/","zh","繁中","content","false","true","false","language-switch"
"https://funnytools.win/fr/outils/generateur-mot-de-passe-securise/","fr","https://funnytools.win/en/tools/password-generator/","en","English","content","false","true","false","language-switch"
"https://funnytools.win/fr/outils/generateur-mot-de-passe-securise/","fr","https://funnytools.win/es/herramientas/generador-contrasenas-seguras/","es","Español","content","false","true","false","language-switch"
"https://funnytools.win/fr/outils/generateur-mot-de-passe-securise/","fr","https://funnytools.win/tools/password-generator/","zh","繁中","nav","false","true","true","language-switch"
"https://funnytools.win/fr/outils/generateur-mot-de-passe-securise/","fr","https://funnytools.win/en/tools/password-generator/","en","English","nav","false","true","true","language-switch"
"https://funnytools.win/fr/outils/generateur-mot-de-passe-securise/","fr","https://funnytools.win/es/herramientas/generador-contrasenas-seguras/","es","Español","nav","false","true","true","language-switch"
"https://funnytools.win/fr/outils/generateur-mot-de-passe-securise/","fr","https://funnytools.win/affiliate-disclosure/","zh","Informations complètes (en chinois traditionnel)","content","false","true","false","intent:disclosure-only-zh"
"https://funnytools.win/fr/outils/generateur-mot-de-passe-securise/","fr","https://funnytools.win/support/","zh","Voir les produits (en chinois traditionnel) →","content","false","true","false","intent:support-only-zh"
"https://funnytools.win/fr/outils/generateur-mot-de-passe-securise/","fr","https://funnytools.win/","zh","繁體中文","nav","false","true","true","language-switch"
"https://funnytools.win/fr/outils/generateur-mot-de-passe-securise/","fr","https://funnytools.win/en/","en","English","nav","false","true","true","language-switch"
"https://funnytools.win/fr/outils/generateur-mot-de-passe-securise/","fr","https://funnytools.win/es/","es","Español","nav","false","true","true","language-switch"
"https://funnytools.win/fr/outils/generateur-nombres-aleatoires/","fr","https://funnytools.win/tools/random-number-picker/","zh","繁中","content","false","true","false","language-switch"
"https://funnytools.win/fr/outils/generateur-nombres-aleatoires/","fr","https://funnytools.win/en/tools/random-number-picker/","en","English","content","false","true","false","language-switch"
"https://funnytools.win/fr/outils/generateur-nombres-aleatoires/","fr","https://funnytools.win/es/herramientas/generador-numeros-aleatorios/","es","Español","content","false","true","false","language-switch"
"https://funnytools.win/fr/outils/generateur-nombres-aleatoires/","fr","https://funnytools.win/tools/random-number-picker/","zh","繁中","nav","false","true","true","language-switch"
"https://funnytools.win/fr/outils/generateur-nombres-aleatoires/","fr","https://funnytools.win/en/tools/random-number-picker/","en","English","nav","false","true","true","language-switch"
"https://funnytools.win/fr/outils/generateur-nombres-aleatoires/","fr","https://funnytools.win/es/herramientas/generador-numeros-aleatorios/","es","Español","nav","false","true","true","language-switch"
"https://funnytools.win/fr/outils/generateur-nombres-aleatoires/","fr","https://funnytools.win/affiliate-disclosure/","zh","Informations complètes (en chinois traditionnel)","content","false","true","false","intent:disclosure-only-zh"
"https://funnytools.win/fr/outils/generateur-nombres-aleatoires/","fr","https://funnytools.win/support/","zh","Voir les produits (en chinois traditionnel) →","content","false","true","false","intent:support-only-zh"
"https://funnytools.win/fr/outils/generateur-nombres-aleatoires/","fr","https://funnytools.win/","zh","繁體中文","nav","false","true","true","language-switch"
"https://funnytools.win/fr/outils/generateur-nombres-aleatoires/","fr","https://funnytools.win/en/","en","English","nav","false","true","true","language-switch"
"https://funnytools.win/fr/outils/generateur-nombres-aleatoires/","fr","https://funnytools.win/es/","es","Español","nav","false","true","true","language-switch"
"https://funnytools.win/fr/outils/generateur-uuid-v4/","fr","https://funnytools.win/tools/uuid-generator/","zh","繁中","content","false","true","false","language-switch"
"https://funnytools.win/fr/outils/generateur-uuid-v4/","fr","https://funnytools.win/en/tools/uuid-generator/","en","English","content","false","true","false","language-switch"
"https://funnytools.win/fr/outils/generateur-uuid-v4/","fr","https://funnytools.win/es/herramientas/generador-uuid-v4/","es","Español","content","false","true","false","language-switch"
"https://funnytools.win/fr/outils/generateur-uuid-v4/","fr","https://funnytools.win/tools/uuid-generator/","zh","繁中","nav","false","true","true","language-switch"
"https://funnytools.win/fr/outils/generateur-uuid-v4/","fr","https://funnytools.win/en/tools/uuid-generator/","en","English","nav","false","true","true","language-switch"
"https://funnytools.win/fr/outils/generateur-uuid-v4/","fr","https://funnytools.win/es/herramientas/generador-uuid-v4/","es","Español","nav","false","true","true","language-switch"
"https://funnytools.win/fr/outils/generateur-uuid-v4/","fr","https://funnytools.win/affiliate-disclosure/","zh","Informations complètes (en chinois traditionnel)","content","false","true","false","intent:disclosure-only-zh"
"https://funnytools.win/fr/outils/generateur-uuid-v4/","fr","https://funnytools.win/support/","zh","Voir les produits (en chinois traditionnel) →","content","false","true","false","intent:support-only-zh"
"https://funnytools.win/fr/outils/generateur-uuid-v4/","fr","https://funnytools.win/","zh","繁體中文","nav","false","true","true","language-switch"
"https://funnytools.win/fr/outils/generateur-uuid-v4/","fr","https://funnytools.win/en/","en","English","nav","false","true","true","language-switch"
"https://funnytools.win/fr/outils/generateur-uuid-v4/","fr","https://funnytools.win/es/","es","Español","nav","false","true","true","language-switch"
"https://funnytools.win/fr/outils/","fr","https://funnytools.win/tools/","zh","繁中","content","false","true","false","language-switch"
"https://funnytools.win/fr/outils/","fr","https://funnytools.win/en/tools/","en","English","content","false","true","false","language-switch"
"https://funnytools.win/fr/outils/","fr","https://funnytools.win/es/herramientas/","es","Español","content","false","true","false","language-switch"
"https://funnytools.win/fr/outils/","fr","https://funnytools.win/tools/","zh","繁中","nav","false","true","true","language-switch"
"https://funnytools.win/fr/outils/","fr","https://funnytools.win/en/tools/","en","English","nav","false","true","true","language-switch"
"https://funnytools.win/fr/outils/","fr","https://funnytools.win/es/herramientas/","es","Español","nav","false","true","true","language-switch"
"https://funnytools.win/fr/outils/","fr","https://funnytools.win/affiliate-disclosure/","zh","Informations complètes (en chinois traditionnel)","content","false","true","false","intent:disclosure-only-zh"
"https://funnytools.win/fr/outils/","fr","https://funnytools.win/support/","zh","Voir les produits (en chinois traditionnel) →","content","false","true","false","intent:support-only-zh"
"https://funnytools.win/fr/outils/","fr","https://funnytools.win/","zh","繁體中文","nav","false","true","true","language-switch"
"https://funnytools.win/fr/outils/","fr","https://funnytools.win/en/","en","English","nav","false","true","true","language-switch"
"https://funnytools.win/fr/outils/","fr","https://funnytools.win/es/","es","Español","nav","false","true","true","language-switch"
"https://funnytools.win/fr/outils/lancer-des-en-ligne/","fr","https://funnytools.win/tools/dice-roller/","zh","繁中","content","false","true","false","language-switch"
"https://funnytools.win/fr/outils/lancer-des-en-ligne/","fr","https://funnytools.win/en/tools/dice-roller/","en","English","content","false","true","false","language-switch"
"https://funnytools.win/fr/outils/lancer-des-en-ligne/","fr","https://funnytools.win/es/herramientas/tirar-dados-online/","es","Español","content","false","true","false","language-switch"
"https://funnytools.win/fr/outils/lancer-des-en-ligne/","fr","https://funnytools.win/tools/dice-roller/","zh","繁中","nav","false","true","true","language-switch"
"https://funnytools.win/fr/outils/lancer-des-en-ligne/","fr","https://funnytools.win/en/tools/dice-roller/","en","English","nav","false","true","true","language-switch"
"https://funnytools.win/fr/outils/lancer-des-en-ligne/","fr","https://funnytools.win/es/herramientas/tirar-dados-online/","es","Español","nav","false","true","true","language-switch"
"https://funnytools.win/fr/outils/lancer-des-en-ligne/","fr","https://funnytools.win/affiliate-disclosure/","zh","Informations complètes (en chinois traditionnel)","content","false","true","false","intent:disclosure-only-zh"
"https://funnytools.win/fr/outils/lancer-des-en-ligne/","fr","https://funnytools.win/support/","zh","Voir les produits (en chinois traditionnel) →","content","false","true","false","intent:support-only-zh"
"https://funnytools.win/fr/outils/lancer-des-en-ligne/","fr","https://funnytools.win/","zh","繁體中文","nav","false","true","true","language-switch"
"https://funnytools.win/fr/outils/lancer-des-en-ligne/","fr","https://funnytools.win/en/","en","English","nav","false","true","true","language-switch"
"https://funnytools.win/fr/outils/lancer-des-en-ligne/","fr","https://funnytools.win/es/","es","Español","nav","false","true","true","language-switch"
"https://funnytools.win/fr/outils/minuteur-en-ligne/","fr","https://funnytools.win/tools/countdown-timer/","zh","繁中","content","false","true","false","language-switch"
"https://funnytools.win/fr/outils/minuteur-en-ligne/","fr","https://funnytools.win/en/tools/countdown-timer/","en","English","content","false","true","false","language-switch"
"https://funnytools.win/fr/outils/minuteur-en-ligne/","fr","https://funnytools.win/es/herramientas/temporizador-online/","es","Español","content","false","true","false","language-switch"
"https://funnytools.win/fr/outils/minuteur-en-ligne/","fr","https://funnytools.win/tools/countdown-timer/","zh","繁中","nav","false","true","true","language-switch"
"https://funnytools.win/fr/outils/minuteur-en-ligne/","fr","https://funnytools.win/en/tools/countdown-timer/","en","English","nav","false","true","true","language-switch"
"https://funnytools.win/fr/outils/minuteur-en-ligne/","fr","https://funnytools.win/es/herramientas/temporizador-online/","es","Español","nav","false","true","true","language-switch"
"https://funnytools.win/fr/outils/minuteur-en-ligne/","fr","https://funnytools.win/affiliate-disclosure/","zh","Informations complètes (en chinois traditionnel)","content","false","true","false","intent:disclosure-only-zh"
"https://funnytools.win/fr/outils/minuteur-en-ligne/","fr","https://funnytools.win/support/","zh","Voir les produits (en chinois traditionnel) →","content","false","true","false","intent:support-only-zh"
"https://funnytools.win/fr/outils/minuteur-en-ligne/","fr","https://funnytools.win/","zh","繁體中文","nav","false","true","true","language-switch"
"https://funnytools.win/fr/outils/minuteur-en-ligne/","fr","https://funnytools.win/en/","en","English","nav","false","true","true","language-switch"
"https://funnytools.win/fr/outils/minuteur-en-ligne/","fr","https://funnytools.win/es/","es","Español","nav","false","true","true","language-switch"
"https://funnytools.win/fr/outils/minuteur-pomodoro/","fr","https://funnytools.win/tools/pomodoro-timer/","zh","繁中","content","false","true","false","language-switch"
"https://funnytools.win/fr/outils/minuteur-pomodoro/","fr","https://funnytools.win/en/tools/pomodoro-timer/","en","English","content","false","true","false","language-switch"
"https://funnytools.win/fr/outils/minuteur-pomodoro/","fr","https://funnytools.win/es/herramientas/temporizador-pomodoro/","es","Español","content","false","true","false","language-switch"
"https://funnytools.win/fr/outils/minuteur-pomodoro/","fr","https://funnytools.win/tools/pomodoro-timer/","zh","繁中","nav","false","true","true","language-switch"
"https://funnytools.win/fr/outils/minuteur-pomodoro/","fr","https://funnytools.win/en/tools/pomodoro-timer/","en","English","nav","false","true","true","language-switch"
"https://funnytools.win/fr/outils/minuteur-pomodoro/","fr","https://funnytools.win/es/herramientas/temporizador-pomodoro/","es","Español","nav","false","true","true","language-switch"
"https://funnytools.win/fr/outils/minuteur-pomodoro/","fr","https://funnytools.win/affiliate-disclosure/","zh","Informations complètes (en chinois traditionnel)","content","false","true","false","intent:disclosure-only-zh"
"https://funnytools.win/fr/outils/minuteur-pomodoro/","fr","https://funnytools.win/support/","zh","Voir les produits (en chinois traditionnel) →","content","false","true","false","intent:support-only-zh"
"https://funnytools.win/fr/outils/minuteur-pomodoro/","fr","https://funnytools.win/","zh","繁體中文","nav","false","true","true","language-switch"
"https://funnytools.win/fr/outils/minuteur-pomodoro/","fr","https://funnytools.win/en/","en","English","nav","false","true","true","language-switch"
"https://funnytools.win/fr/outils/minuteur-pomodoro/","fr","https://funnytools.win/es/","es","Español","nav","false","true","true","language-switch"
"https://funnytools.win/fr/outils/plan-de-classe-en-ligne/","fr","https://funnytools.win/tools/seating-chart/","zh","繁中","content","false","true","false","language-switch"
"https://funnytools.win/fr/outils/plan-de-classe-en-ligne/","fr","https://funnytools.win/en/tools/seating-chart/","en","English","content","false","true","false","language-switch"
"https://funnytools.win/fr/outils/plan-de-classe-en-ligne/","fr","https://funnytools.win/es/herramientas/crear-plano-asientos-aula/","es","Español","content","false","true","false","language-switch"
"https://funnytools.win/fr/outils/plan-de-classe-en-ligne/","fr","https://funnytools.win/tools/seating-chart/","zh","繁中","nav","false","true","true","language-switch"
"https://funnytools.win/fr/outils/plan-de-classe-en-ligne/","fr","https://funnytools.win/en/tools/seating-chart/","en","English","nav","false","true","true","language-switch"
"https://funnytools.win/fr/outils/plan-de-classe-en-ligne/","fr","https://funnytools.win/es/herramientas/crear-plano-asientos-aula/","es","Español","nav","false","true","true","language-switch"
"https://funnytools.win/fr/outils/plan-de-classe-en-ligne/","fr","https://funnytools.win/affiliate-disclosure/","zh","Informations complètes (en chinois traditionnel)","content","false","true","false","intent:disclosure-only-zh"
"https://funnytools.win/fr/outils/plan-de-classe-en-ligne/","fr","https://funnytools.win/support/","zh","Voir les produits (en chinois traditionnel) →","content","false","true","false","intent:support-only-zh"
"https://funnytools.win/fr/outils/plan-de-classe-en-ligne/","fr","https://funnytools.win/","zh","繁體中文","nav","false","true","true","language-switch"
"https://funnytools.win/fr/outils/plan-de-classe-en-ligne/","fr","https://funnytools.win/en/","en","English","nav","false","true","true","language-switch"
"https://funnytools.win/fr/outils/plan-de-classe-en-ligne/","fr","https://funnytools.win/es/","es","Español","nav","false","true","true","language-switch"
"https://funnytools.win/fr/outils/quoi-manger-ce-soir/","fr","https://funnytools.win/tools/what-to-eat/","zh","繁中","content","false","true","false","language-switch"
"https://funnytools.win/fr/outils/quoi-manger-ce-soir/","fr","https://funnytools.win/en/tools/what-to-eat/","en","English","content","false","true","false","language-switch"
"https://funnytools.win/fr/outils/quoi-manger-ce-soir/","fr","https://funnytools.win/es/herramientas/que-comer-hoy/","es","Español","content","false","true","false","language-switch"
"https://funnytools.win/fr/outils/quoi-manger-ce-soir/","fr","https://funnytools.win/tools/what-to-eat/","zh","繁中","nav","false","true","true","language-switch"
"https://funnytools.win/fr/outils/quoi-manger-ce-soir/","fr","https://funnytools.win/en/tools/what-to-eat/","en","English","nav","false","true","true","language-switch"
"https://funnytools.win/fr/outils/quoi-manger-ce-soir/","fr","https://funnytools.win/es/herramientas/que-comer-hoy/","es","Español","nav","false","true","true","language-switch"
"https://funnytools.win/fr/outils/quoi-manger-ce-soir/","fr","https://funnytools.win/affiliate-disclosure/","zh","Informations complètes (en chinois traditionnel)","content","false","true","false","intent:disclosure-only-zh"
"https://funnytools.win/fr/outils/quoi-manger-ce-soir/","fr","https://funnytools.win/support/","zh","Voir les produits (en chinois traditionnel) →","content","false","true","false","intent:support-only-zh"
"https://funnytools.win/fr/outils/quoi-manger-ce-soir/","fr","https://funnytools.win/","zh","繁體中文","nav","false","true","true","language-switch"
"https://funnytools.win/fr/outils/quoi-manger-ce-soir/","fr","https://funnytools.win/en/","en","English","nav","false","true","true","language-switch"
"https://funnytools.win/fr/outils/quoi-manger-ce-soir/","fr","https://funnytools.win/es/","es","Español","nav","false","true","true","language-switch"
"https://funnytools.win/fr/outils/rappel-pause-ecran/","fr","https://funnytools.win/tools/break-reminder/","zh","繁中","content","false","true","false","language-switch"
"https://funnytools.win/fr/outils/rappel-pause-ecran/","fr","https://funnytools.win/en/tools/break-reminder/","en","English","content","false","true","false","language-switch"
"https://funnytools.win/fr/outils/rappel-pause-ecran/","fr","https://funnytools.win/es/herramientas/recordatorio-descansos/","es","Español","content","false","true","false","language-switch"
"https://funnytools.win/fr/outils/rappel-pause-ecran/","fr","https://funnytools.win/tools/break-reminder/","zh","繁中","nav","false","true","true","language-switch"
"https://funnytools.win/fr/outils/rappel-pause-ecran/","fr","https://funnytools.win/en/tools/break-reminder/","en","English","nav","false","true","true","language-switch"
"https://funnytools.win/fr/outils/rappel-pause-ecran/","fr","https://funnytools.win/es/herramientas/recordatorio-descansos/","es","Español","nav","false","true","true","language-switch"
"https://funnytools.win/fr/outils/rappel-pause-ecran/","fr","https://funnytools.win/affiliate-disclosure/","zh","Informations complètes (en chinois traditionnel)","content","false","true","false","intent:disclosure-only-zh"
"https://funnytools.win/fr/outils/rappel-pause-ecran/","fr","https://funnytools.win/support/","zh","Voir les produits (en chinois traditionnel) →","content","false","true","false","intent:support-only-zh"
"https://funnytools.win/fr/outils/rappel-pause-ecran/","fr","https://funnytools.win/","zh","繁體中文","nav","false","true","true","language-switch"
"https://funnytools.win/fr/outils/rappel-pause-ecran/","fr","https://funnytools.win/en/","en","English","nav","false","true","true","language-switch"
"https://funnytools.win/fr/outils/rappel-pause-ecran/","fr","https://funnytools.win/es/","es","Español","nav","false","true","true","language-switch"
"https://funnytools.win/fr/outils/recadrer-image/","fr","https://funnytools.win/tools/image-crop/","zh","繁中","content","false","true","false","language-switch"
"https://funnytools.win/fr/outils/recadrer-image/","fr","https://funnytools.win/en/tools/image-crop/","en","English","content","false","true","false","language-switch"
"https://funnytools.win/fr/outils/recadrer-image/","fr","https://funnytools.win/es/herramientas/recortar-imagen/","es","Español","content","false","true","false","language-switch"
"https://funnytools.win/fr/outils/recadrer-image/","fr","https://funnytools.win/tools/image-crop/","zh","繁中","nav","false","true","true","language-switch"
"https://funnytools.win/fr/outils/recadrer-image/","fr","https://funnytools.win/en/tools/image-crop/","en","English","nav","false","true","true","language-switch"
"https://funnytools.win/fr/outils/recadrer-image/","fr","https://funnytools.win/es/herramientas/recortar-imagen/","es","Español","nav","false","true","true","language-switch"
"https://funnytools.win/fr/outils/recadrer-image/","fr","https://funnytools.win/affiliate-disclosure/","zh","Informations complètes (en chinois traditionnel)","content","false","true","false","intent:disclosure-only-zh"
"https://funnytools.win/fr/outils/recadrer-image/","fr","https://funnytools.win/support/","zh","Voir les produits (en chinois traditionnel) →","content","false","true","false","intent:support-only-zh"
"https://funnytools.win/fr/outils/recadrer-image/","fr","https://funnytools.win/","zh","繁體中文","nav","false","true","true","language-switch"
"https://funnytools.win/fr/outils/recadrer-image/","fr","https://funnytools.win/en/","en","English","nav","false","true","true","language-switch"
"https://funnytools.win/fr/outils/recadrer-image/","fr","https://funnytools.win/es/","es","Español","nav","false","true","true","language-switch"
"https://funnytools.win/fr/outils/redimensionner-image/","fr","https://funnytools.win/tools/image-resizer/","zh","繁中","content","false","true","false","language-switch"
"https://funnytools.win/fr/outils/redimensionner-image/","fr","https://funnytools.win/en/tools/image-resizer/","en","English","content","false","true","false","language-switch"
"https://funnytools.win/fr/outils/redimensionner-image/","fr","https://funnytools.win/es/herramientas/redimensionar-imagen/","es","Español","content","false","true","false","language-switch"
"https://funnytools.win/fr/outils/redimensionner-image/","fr","https://funnytools.win/tools/image-resizer/","zh","繁中","nav","false","true","true","language-switch"
"https://funnytools.win/fr/outils/redimensionner-image/","fr","https://funnytools.win/en/tools/image-resizer/","en","English","nav","false","true","true","language-switch"
"https://funnytools.win/fr/outils/redimensionner-image/","fr","https://funnytools.win/es/herramientas/redimensionar-imagen/","es","Español","nav","false","true","true","language-switch"
"https://funnytools.win/fr/outils/redimensionner-image/","fr","https://funnytools.win/affiliate-disclosure/","zh","Informations complètes (en chinois traditionnel)","content","false","true","false","intent:disclosure-only-zh"
"https://funnytools.win/fr/outils/redimensionner-image/","fr","https://funnytools.win/support/","zh","Voir les produits (en chinois traditionnel) →","content","false","true","false","intent:support-only-zh"
"https://funnytools.win/fr/outils/redimensionner-image/","fr","https://funnytools.win/","zh","繁體中文","nav","false","true","true","language-switch"
"https://funnytools.win/fr/outils/redimensionner-image/","fr","https://funnytools.win/en/","en","English","nav","false","true","true","language-switch"
"https://funnytools.win/fr/outils/redimensionner-image/","fr","https://funnytools.win/es/","es","Español","nav","false","true","true","language-switch"
"https://funnytools.win/fr/outils/reorganiser-pages-pdf/","fr","https://funnytools.win/tools/pdf-page-reorder/","zh","繁中","content","false","true","false","language-switch"
"https://funnytools.win/fr/outils/reorganiser-pages-pdf/","fr","https://funnytools.win/en/tools/pdf-page-reorder/","en","English","content","false","true","false","language-switch"
"https://funnytools.win/fr/outils/reorganiser-pages-pdf/","fr","https://funnytools.win/es/herramientas/ordenar-paginas-pdf/","es","Español","content","false","true","false","language-switch"
"https://funnytools.win/fr/outils/reorganiser-pages-pdf/","fr","https://funnytools.win/tools/pdf-page-reorder/","zh","繁中","nav","false","true","true","language-switch"
"https://funnytools.win/fr/outils/reorganiser-pages-pdf/","fr","https://funnytools.win/en/tools/pdf-page-reorder/","en","English","nav","false","true","true","language-switch"
"https://funnytools.win/fr/outils/reorganiser-pages-pdf/","fr","https://funnytools.win/es/herramientas/ordenar-paginas-pdf/","es","Español","nav","false","true","true","language-switch"
"https://funnytools.win/fr/outils/reorganiser-pages-pdf/","fr","https://funnytools.win/affiliate-disclosure/","zh","Informations complètes (en chinois traditionnel)","content","false","true","false","intent:disclosure-only-zh"
"https://funnytools.win/fr/outils/reorganiser-pages-pdf/","fr","https://funnytools.win/support/","zh","Voir les produits (en chinois traditionnel) →","content","false","true","false","intent:support-only-zh"
"https://funnytools.win/fr/outils/reorganiser-pages-pdf/","fr","https://funnytools.win/","zh","繁體中文","nav","false","true","true","language-switch"
"https://funnytools.win/fr/outils/reorganiser-pages-pdf/","fr","https://funnytools.win/en/","en","English","nav","false","true","true","language-switch"
"https://funnytools.win/fr/outils/reorganiser-pages-pdf/","fr","https://funnytools.win/es/","es","Español","nav","false","true","true","language-switch"
"https://funnytools.win/fr/outils/roue-aleatoire/","fr","https://funnytools.win/tools/random-wheel/","zh","繁中","content","false","true","false","language-switch"
"https://funnytools.win/fr/outils/roue-aleatoire/","fr","https://funnytools.win/en/tools/random-wheel/","en","English","content","false","true","false","language-switch"
"https://funnytools.win/fr/outils/roue-aleatoire/","fr","https://funnytools.win/es/herramientas/ruleta-aleatoria/","es","Español","content","false","true","false","language-switch"
"https://funnytools.win/fr/outils/roue-aleatoire/","fr","https://funnytools.win/tools/random-wheel/","zh","繁中","nav","false","true","true","language-switch"
"https://funnytools.win/fr/outils/roue-aleatoire/","fr","https://funnytools.win/en/tools/random-wheel/","en","English","nav","false","true","true","language-switch"
"https://funnytools.win/fr/outils/roue-aleatoire/","fr","https://funnytools.win/es/herramientas/ruleta-aleatoria/","es","Español","nav","false","true","true","language-switch"
"https://funnytools.win/fr/outils/roue-aleatoire/","fr","https://funnytools.win/affiliate-disclosure/","zh","Informations complètes (en chinois traditionnel)","content","false","true","false","intent:disclosure-only-zh"
"https://funnytools.win/fr/outils/roue-aleatoire/","fr","https://funnytools.win/support/","zh","Voir les produits (en chinois traditionnel) →","content","false","true","false","intent:support-only-zh"
"https://funnytools.win/fr/outils/roue-aleatoire/","fr","https://funnytools.win/","zh","繁體中文","nav","false","true","true","language-switch"
"https://funnytools.win/fr/outils/roue-aleatoire/","fr","https://funnytools.win/en/","en","English","nav","false","true","true","language-switch"
"https://funnytools.win/fr/outils/roue-aleatoire/","fr","https://funnytools.win/es/","es","Español","nav","false","true","true","language-switch"
"https://funnytools.win/fr/outils/supprimer-lignes-doublons/","fr","https://funnytools.win/tools/remove-duplicate-lines/","zh","繁中","content","false","true","false","language-switch"
"https://funnytools.win/fr/outils/supprimer-lignes-doublons/","fr","https://funnytools.win/en/tools/remove-duplicate-lines/","en","English","content","false","true","false","language-switch"
"https://funnytools.win/fr/outils/supprimer-lignes-doublons/","fr","https://funnytools.win/es/herramientas/eliminar-lineas-duplicadas/","es","Español","content","false","true","false","language-switch"
"https://funnytools.win/fr/outils/supprimer-lignes-doublons/","fr","https://funnytools.win/tools/remove-duplicate-lines/","zh","繁中","nav","false","true","true","language-switch"
"https://funnytools.win/fr/outils/supprimer-lignes-doublons/","fr","https://funnytools.win/en/tools/remove-duplicate-lines/","en","English","nav","false","true","true","language-switch"
"https://funnytools.win/fr/outils/supprimer-lignes-doublons/","fr","https://funnytools.win/es/herramientas/eliminar-lineas-duplicadas/","es","Español","nav","false","true","true","language-switch"
"https://funnytools.win/fr/outils/supprimer-lignes-doublons/","fr","https://funnytools.win/affiliate-disclosure/","zh","Informations complètes (en chinois traditionnel)","content","false","true","false","intent:disclosure-only-zh"
"https://funnytools.win/fr/outils/supprimer-lignes-doublons/","fr","https://funnytools.win/support/","zh","Voir les produits (en chinois traditionnel) →","content","false","true","false","intent:support-only-zh"
"https://funnytools.win/fr/outils/supprimer-lignes-doublons/","fr","https://funnytools.win/","zh","繁體中文","nav","false","true","true","language-switch"
"https://funnytools.win/fr/outils/supprimer-lignes-doublons/","fr","https://funnytools.win/en/","en","English","nav","false","true","true","language-switch"
"https://funnytools.win/fr/outils/supprimer-lignes-doublons/","fr","https://funnytools.win/es/","es","Español","nav","false","true","true","language-switch"
"https://funnytools.win/fr/outils/supprimer-lignes-vides/","fr","https://funnytools.win/tools/remove-empty-lines/","zh","繁中","content","false","true","false","language-switch"
"https://funnytools.win/fr/outils/supprimer-lignes-vides/","fr","https://funnytools.win/en/tools/remove-empty-lines/","en","English","content","false","true","false","language-switch"
"https://funnytools.win/fr/outils/supprimer-lignes-vides/","fr","https://funnytools.win/es/herramientas/eliminar-lineas-vacias/","es","Español","content","false","true","false","language-switch"
"https://funnytools.win/fr/outils/supprimer-lignes-vides/","fr","https://funnytools.win/tools/remove-empty-lines/","zh","繁中","nav","false","true","true","language-switch"
"https://funnytools.win/fr/outils/supprimer-lignes-vides/","fr","https://funnytools.win/en/tools/remove-empty-lines/","en","English","nav","false","true","true","language-switch"
"https://funnytools.win/fr/outils/supprimer-lignes-vides/","fr","https://funnytools.win/es/herramientas/eliminar-lineas-vacias/","es","Español","nav","false","true","true","language-switch"
"https://funnytools.win/fr/outils/supprimer-lignes-vides/","fr","https://funnytools.win/affiliate-disclosure/","zh","Informations complètes (en chinois traditionnel)","content","false","true","false","intent:disclosure-only-zh"
"https://funnytools.win/fr/outils/supprimer-lignes-vides/","fr","https://funnytools.win/support/","zh","Voir les produits (en chinois traditionnel) →","content","false","true","false","intent:support-only-zh"
"https://funnytools.win/fr/outils/supprimer-lignes-vides/","fr","https://funnytools.win/","zh","繁體中文","nav","false","true","true","language-switch"
"https://funnytools.win/fr/outils/supprimer-lignes-vides/","fr","https://funnytools.win/en/","en","English","nav","false","true","true","language-switch"
"https://funnytools.win/fr/outils/supprimer-lignes-vides/","fr","https://funnytools.win/es/","es","Español","nav","false","true","true","language-switch"
"https://funnytools.win/fr/outils/supprimer-pages-pdf/","fr","https://funnytools.win/tools/delete-pdf-pages/","zh","繁中","content","false","true","false","language-switch"
"https://funnytools.win/fr/outils/supprimer-pages-pdf/","fr","https://funnytools.win/en/tools/delete-pdf-pages/","en","English","content","false","true","false","language-switch"
"https://funnytools.win/fr/outils/supprimer-pages-pdf/","fr","https://funnytools.win/es/herramientas/eliminar-paginas-pdf/","es","Español","content","false","true","false","language-switch"
"https://funnytools.win/fr/outils/supprimer-pages-pdf/","fr","https://funnytools.win/tools/delete-pdf-pages/","zh","繁中","nav","false","true","true","language-switch"
"https://funnytools.win/fr/outils/supprimer-pages-pdf/","fr","https://funnytools.win/en/tools/delete-pdf-pages/","en","English","nav","false","true","true","language-switch"
"https://funnytools.win/fr/outils/supprimer-pages-pdf/","fr","https://funnytools.win/es/herramientas/eliminar-paginas-pdf/","es","Español","nav","false","true","true","language-switch"
"https://funnytools.win/fr/outils/supprimer-pages-pdf/","fr","https://funnytools.win/affiliate-disclosure/","zh","Informations complètes (en chinois traditionnel)","content","false","true","false","intent:disclosure-only-zh"
"https://funnytools.win/fr/outils/supprimer-pages-pdf/","fr","https://funnytools.win/support/","zh","Voir les produits (en chinois traditionnel) →","content","false","true","false","intent:support-only-zh"
"https://funnytools.win/fr/outils/supprimer-pages-pdf/","fr","https://funnytools.win/","zh","繁體中文","nav","false","true","true","language-switch"
"https://funnytools.win/fr/outils/supprimer-pages-pdf/","fr","https://funnytools.win/en/","en","English","nav","false","true","true","language-switch"
"https://funnytools.win/fr/outils/supprimer-pages-pdf/","fr","https://funnytools.win/es/","es","Español","nav","false","true","true","language-switch"
"https://funnytools.win/fr/outils/tableau-blanc-dessin-en-ligne/","fr","https://funnytools.win/tools/sketchpad/","zh","繁中","content","false","true","false","language-switch"
"https://funnytools.win/fr/outils/tableau-blanc-dessin-en-ligne/","fr","https://funnytools.win/en/tools/sketchpad/","en","English","content","false","true","false","language-switch"
"https://funnytools.win/fr/outils/tableau-blanc-dessin-en-ligne/","fr","https://funnytools.win/es/herramientas/pizarra-dibujo-online/","es","Español","content","false","true","false","language-switch"
"https://funnytools.win/fr/outils/tableau-blanc-dessin-en-ligne/","fr","https://funnytools.win/tools/sketchpad/","zh","繁中","nav","false","true","true","language-switch"
"https://funnytools.win/fr/outils/tableau-blanc-dessin-en-ligne/","fr","https://funnytools.win/en/tools/sketchpad/","en","English","nav","false","true","true","language-switch"
"https://funnytools.win/fr/outils/tableau-blanc-dessin-en-ligne/","fr","https://funnytools.win/es/herramientas/pizarra-dibujo-online/","es","Español","nav","false","true","true","language-switch"
"https://funnytools.win/fr/outils/tableau-blanc-dessin-en-ligne/","fr","https://funnytools.win/affiliate-disclosure/","zh","Informations complètes (en chinois traditionnel)","content","false","true","false","intent:disclosure-only-zh"
"https://funnytools.win/fr/outils/tableau-blanc-dessin-en-ligne/","fr","https://funnytools.win/support/","zh","Voir les produits (en chinois traditionnel) →","content","false","true","false","intent:support-only-zh"
"https://funnytools.win/fr/outils/tableau-blanc-dessin-en-ligne/","fr","https://funnytools.win/","zh","繁體中文","nav","false","true","true","language-switch"
"https://funnytools.win/fr/outils/tableau-blanc-dessin-en-ligne/","fr","https://funnytools.win/en/","en","English","nav","false","true","true","language-switch"
"https://funnytools.win/fr/outils/tableau-blanc-dessin-en-ligne/","fr","https://funnytools.win/es/","es","Español","nav","false","true","true","language-switch"
"https://funnytools.win/fr/outils/tirage-au-sort-eleves/","fr","https://funnytools.win/tools/random-student-picker/","zh","繁中","content","false","true","false","language-switch"
"https://funnytools.win/fr/outils/tirage-au-sort-eleves/","fr","https://funnytools.win/en/tools/random-student-picker/","en","English","content","false","true","false","language-switch"
"https://funnytools.win/fr/outils/tirage-au-sort-eleves/","fr","https://funnytools.win/es/herramientas/selector-aleatorio-alumnos/","es","Español","content","false","true","false","language-switch"
"https://funnytools.win/fr/outils/tirage-au-sort-eleves/","fr","https://funnytools.win/tools/random-student-picker/","zh","繁中","nav","false","true","true","language-switch"
"https://funnytools.win/fr/outils/tirage-au-sort-eleves/","fr","https://funnytools.win/en/tools/random-student-picker/","en","English","nav","false","true","true","language-switch"
"https://funnytools.win/fr/outils/tirage-au-sort-eleves/","fr","https://funnytools.win/es/herramientas/selector-aleatorio-alumnos/","es","Español","nav","false","true","true","language-switch"
"https://funnytools.win/fr/outils/tirage-au-sort-eleves/","fr","https://funnytools.win/affiliate-disclosure/","zh","Informations complètes (en chinois traditionnel)","content","false","true","false","intent:disclosure-only-zh"
"https://funnytools.win/fr/outils/tirage-au-sort-eleves/","fr","https://funnytools.win/support/","zh","Voir les produits (en chinois traditionnel) →","content","false","true","false","intent:support-only-zh"
"https://funnytools.win/fr/outils/tirage-au-sort-eleves/","fr","https://funnytools.win/","zh","繁體中文","nav","false","true","true","language-switch"
"https://funnytools.win/fr/outils/tirage-au-sort-eleves/","fr","https://funnytools.win/en/","en","English","nav","false","true","true","language-switch"
"https://funnytools.win/fr/outils/tirage-au-sort-eleves/","fr","https://funnytools.win/es/","es","Español","nav","false","true","true","language-switch"
"https://funnytools.win/fr/outils/tirage-au-sort-noms/","fr","https://funnytools.win/tools/random-name-picker/","zh","繁中","content","false","true","false","language-switch"
"https://funnytools.win/fr/outils/tirage-au-sort-noms/","fr","https://funnytools.win/en/tools/random-name-picker/","en","English","content","false","true","false","language-switch"
"https://funnytools.win/fr/outils/tirage-au-sort-noms/","fr","https://funnytools.win/es/herramientas/sorteo-nombres-aleatorio/","es","Español","content","false","true","false","language-switch"
"https://funnytools.win/fr/outils/tirage-au-sort-noms/","fr","https://funnytools.win/tools/random-name-picker/","zh","繁中","nav","false","true","true","language-switch"
"https://funnytools.win/fr/outils/tirage-au-sort-noms/","fr","https://funnytools.win/en/tools/random-name-picker/","en","English","nav","false","true","true","language-switch"
"https://funnytools.win/fr/outils/tirage-au-sort-noms/","fr","https://funnytools.win/es/herramientas/sorteo-nombres-aleatorio/","es","Español","nav","false","true","true","language-switch"
"https://funnytools.win/fr/outils/tirage-au-sort-noms/","fr","https://funnytools.win/affiliate-disclosure/","zh","Informations complètes (en chinois traditionnel)","content","false","true","false","intent:disclosure-only-zh"
"https://funnytools.win/fr/outils/tirage-au-sort-noms/","fr","https://funnytools.win/support/","zh","Voir les produits (en chinois traditionnel) →","content","false","true","false","intent:support-only-zh"
"https://funnytools.win/fr/outils/tirage-au-sort-noms/","fr","https://funnytools.win/","zh","繁體中文","nav","false","true","true","language-switch"
"https://funnytools.win/fr/outils/tirage-au-sort-noms/","fr","https://funnytools.win/en/","en","English","nav","false","true","true","language-switch"
"https://funnytools.win/fr/outils/tirage-au-sort-noms/","fr","https://funnytools.win/es/","es","Español","nav","false","true","true","language-switch"
"https://funnytools.win/fr/outils/trier-lignes-texte/","fr","https://funnytools.win/tools/sort-lines/","zh","繁中","content","false","true","false","language-switch"
"https://funnytools.win/fr/outils/trier-lignes-texte/","fr","https://funnytools.win/en/tools/sort-lines/","en","English","content","false","true","false","language-switch"
"https://funnytools.win/fr/outils/trier-lignes-texte/","fr","https://funnytools.win/es/herramientas/ordenar-lineas-texto/","es","Español","content","false","true","false","language-switch"
"https://funnytools.win/fr/outils/trier-lignes-texte/","fr","https://funnytools.win/tools/sort-lines/","zh","繁中","nav","false","true","true","language-switch"
"https://funnytools.win/fr/outils/trier-lignes-texte/","fr","https://funnytools.win/en/tools/sort-lines/","en","English","nav","false","true","true","language-switch"
"https://funnytools.win/fr/outils/trier-lignes-texte/","fr","https://funnytools.win/es/herramientas/ordenar-lineas-texto/","es","Español","nav","false","true","true","language-switch"
"https://funnytools.win/fr/outils/trier-lignes-texte/","fr","https://funnytools.win/affiliate-disclosure/","zh","Informations complètes (en chinois traditionnel)","content","false","true","false","intent:disclosure-only-zh"
"https://funnytools.win/fr/outils/trier-lignes-texte/","fr","https://funnytools.win/support/","zh","Voir les produits (en chinois traditionnel) →","content","false","true","false","intent:support-only-zh"
"https://funnytools.win/fr/outils/trier-lignes-texte/","fr","https://funnytools.win/","zh","繁體中文","nav","false","true","true","language-switch"
"https://funnytools.win/fr/outils/trier-lignes-texte/","fr","https://funnytools.win/en/","en","English","nav","false","true","true","language-switch"
"https://funnytools.win/fr/outils/trier-lignes-texte/","fr","https://funnytools.win/es/","es","Español","nav","false","true","true","language-switch"
