url,google_status,google_canonical,user_canonical,canonical_category,coverage_state,tool_slug,functional_signature,similarity_pair_count,max_boilerplate_adjusted_similarity,intent_relationships,inspection_result_link
https://funnytools.win/,Indexed,https://funnytools.win/,https://funnytools.win/,SELF_MATCH,已提交並建立索引,,,3,0.812,ADJACENT; UNKNOWN,https://search.google.com/search-console/inspect?resource_id=sc-domain:funnytools.win&id=T1pdpmGF9BeNWiTWekWzjg&utm_medium=link&utm_source=api
https://funnytools.win/about-tools/,Crawled Not Indexed,https://funnytools.win/about-tools/,https://funnytools.win/about-tools/,SELF_MATCH,已檢索 - 目前尚未建立索引,,,0,,,https://search.google.com/search-console/inspect?resource_id=sc-domain:funnytools.win&id=u6n29yCSPbGsWXocJr-HlQ&utm_medium=link&utm_source=api
https://funnytools.win/about/,Crawled Not Indexed,https://funnytools.win/about/,https://funnytools.win/about/,SELF_MATCH,已檢索 - 目前尚未建立索引,,,0,,,https://search.google.com/search-console/inspect?resource_id=sc-domain:funnytools.win&id=zAwy7XcEuG083mNDH9aQ5A&utm_medium=link&utm_source=api
https://funnytools.win/affiliate-disclosure/,Unknown,,,GOOGLE_CANONICAL_ABSENT,Google 無法辨識的網址,,,0,,,https://search.google.com/search-console/inspect?resource_id=sc-domain:funnytools.win&id=OfqDDjIn4l1DGovw3ZK-1A&utm_medium=link&utm_source=api
https://funnytools.win/category/draw/,Crawled Not Indexed,https://funnytools.win/category/draw/,https://funnytools.win/category/draw/,SELF_MATCH,已檢索 - 目前尚未建立索引,,,0,,,https://search.google.com/search-console/inspect?resource_id=sc-domain:funnytools.win&id=rtifPTTO6cQGj7Dd35BxOA&utm_medium=link&utm_source=api
https://funnytools.win/category/image/,Crawled Not Indexed,https://funnytools.win/category/image/,https://funnytools.win/category/image/,SELF_MATCH,已檢索 - 目前尚未建立索引,,,1,0.61,UNKNOWN,https://search.google.com/search-console/inspect?resource_id=sc-domain:funnytools.win&id=97iZxE8xoNAlEFAj9UeCSg&utm_medium=link&utm_source=api
https://funnytools.win/category/money/,Crawled Not Indexed,https://funnytools.win/category/money/,https://funnytools.win/category/money/,SELF_MATCH,已檢索 - 目前尚未建立索引,,,0,,,https://search.google.com/search-console/inspect?resource_id=sc-domain:funnytools.win&id=jtF7_YpzqERcNb3nF7Lf7Q&utm_medium=link&utm_source=api
https://funnytools.win/category/pdf/,Crawled Not Indexed,https://funnytools.win/category/pdf/,https://funnytools.win/category/pdf/,SELF_MATCH,已檢索 - 目前尚未建立索引,,,0,,,https://search.google.com/search-console/inspect?resource_id=sc-domain:funnytools.win&id=mN2DfYeIu63-9pqYO3oMEQ&utm_medium=link&utm_source=api
https://funnytools.win/category/random/,Crawled Not Indexed,https://funnytools.win/category/random/,https://funnytools.win/category/random/,SELF_MATCH,已檢索 - 目前尚未建立索引,,,2,0.567,ADJACENT,https://search.google.com/search-console/inspect?resource_id=sc-domain:funnytools.win&id=vSJi7LjrR0czmF3mU85O3A&utm_medium=link&utm_source=api
https://funnytools.win/category/statistics/,Crawled Not Indexed,https://funnytools.win/category/statistics/,https://funnytools.win/category/statistics/,SELF_MATCH,已檢索 - 目前尚未建立索引,,,6,0.75,ADJACENT,https://search.google.com/search-console/inspect?resource_id=sc-domain:funnytools.win&id=tbS6tSvaLd0ZpUi-KHUUfQ&utm_medium=link&utm_source=api
https://funnytools.win/category/study/,Crawled Not Indexed,https://funnytools.win/category/study/,https://funnytools.win/category/study/,SELF_MATCH,已檢索 - 目前尚未建立索引,,,4,0.693,ADJACENT; UNKNOWN,https://search.google.com/search-console/inspect?resource_id=sc-domain:funnytools.win&id=_j4dVyi1W0T7NNaSua6toA&utm_medium=link&utm_source=api
https://funnytools.win/category/text/,Crawled Not Indexed,https://funnytools.win/category/text/,https://funnytools.win/category/text/,SELF_MATCH,已檢索 - 目前尚未建立索引,,,3,0.639,ADJACENT,https://search.google.com/search-console/inspect?resource_id=sc-domain:funnytools.win&id=dn5Q_sx1jCase0iCCOPIhA&utm_medium=link&utm_source=api
https://funnytools.win/category/time/,Crawled Not Indexed,https://funnytools.win/category/time/,https://funnytools.win/category/time/,SELF_MATCH,已檢索 - 目前尚未建立索引,,,1,0.621,ADJACENT,https://search.google.com/search-console/inspect?resource_id=sc-domain:funnytools.win&id=n5rVfS8IVbwwH89oj0Ugnw&utm_medium=link&utm_source=api
https://funnytools.win/contact/,Crawled Not Indexed,https://funnytools.win/contact/,https://funnytools.win/contact/,SELF_MATCH,已檢索 - 目前尚未建立索引,,,0,,,https://search.google.com/search-console/inspect?resource_id=sc-domain:funnytools.win&id=VfmjqqETdZsZyXPPlVGTrA&utm_medium=link&utm_source=api
https://funnytools.win/disclaimer/,Crawled Not Indexed,https://funnytools.win/disclaimer/,https://funnytools.win/disclaimer/,SELF_MATCH,已檢索 - 目前尚未建立索引,,,0,,,https://search.google.com/search-console/inspect?resource_id=sc-domain:funnytools.win&id=86epDjgR2Ouhtxvc43b8nA&utm_medium=link&utm_source=api
https://funnytools.win/education-statistics/,Crawled Not Indexed,https://funnytools.win/education-statistics/,https://funnytools.win/education-statistics/,SELF_MATCH,已檢索 - 目前尚未建立索引,,,2,0.715,ADJACENT,https://search.google.com/search-console/inspect?resource_id=sc-domain:funnytools.win&id=JEAW9eAXUt396VybZJLewQ&utm_medium=link&utm_source=api
https://funnytools.win/en/,Indexed,https://funnytools.win/en/,https://funnytools.win/en/,SELF_MATCH,Submitted and indexed,,,0,,,https://search.google.com/search-console/inspect?resource_id=sc-domain:funnytools.win&id=Cf1qJ-GYEcDYWjjWJYGQkw&utm_medium=link&utm_source=api
https://funnytools.win/en/about-tools/,Crawled Not Indexed,https://funnytools.win/en/about-tools/,https://funnytools.win/en/about-tools/,SELF_MATCH,Crawled - currently not indexed,,,0,,,https://search.google.com/search-console/inspect?resource_id=sc-domain:funnytools.win&id=G_pqP7uCIpADMWAB2Ra6zw&utm_medium=link&utm_source=api
https://funnytools.win/en/about/,Crawled Not Indexed,https://funnytools.win/en/about/,https://funnytools.win/en/about/,SELF_MATCH,Crawled - currently not indexed,,,0,,,https://search.google.com/search-console/inspect?resource_id=sc-domain:funnytools.win&id=InMvoHCSuwiZr2hKsKP5Wg&utm_medium=link&utm_source=api
https://funnytools.win/en/category/draw/,Crawled Not Indexed,https://funnytools.win/en/category/draw/,https://funnytools.win/en/category/draw/,SELF_MATCH,Crawled - currently not indexed,,,0,,,https://search.google.com/search-console/inspect?resource_id=sc-domain:funnytools.win&id=f7JpSzi5eH6exqXunzaWYg&utm_medium=link&utm_source=api
https://funnytools.win/en/category/image/,Crawled Not Indexed,https://funnytools.win/en/category/image/,https://funnytools.win/en/category/image/,SELF_MATCH,Crawled - currently not indexed,,,0,,,https://search.google.com/search-console/inspect?resource_id=sc-domain:funnytools.win&id=UU4PAG0M3XxzoO796hgjlQ&utm_medium=link&utm_source=api
https://funnytools.win/en/category/money/,Crawled Not Indexed,https://funnytools.win/en/category/money/,https://funnytools.win/en/category/money/,SELF_MATCH,Crawled - currently not indexed,,,0,,,https://search.google.com/search-console/inspect?resource_id=sc-domain:funnytools.win&id=5j0Qr7cKqL_SFUuVMfwtCg&utm_medium=link&utm_source=api
https://funnytools.win/en/category/pdf/,Crawled Not Indexed,https://funnytools.win/en/category/pdf/,https://funnytools.win/en/category/pdf/,SELF_MATCH,Crawled - currently not indexed,,,0,,,https://search.google.com/search-console/inspect?resource_id=sc-domain:funnytools.win&id=FJFuUTTF-3kr1EdW0FFLLQ&utm_medium=link&utm_source=api
https://funnytools.win/en/category/random/,Crawled Not Indexed,https://funnytools.win/en/category/random/,https://funnytools.win/en/category/random/,SELF_MATCH,Crawled - currently not indexed,,,0,,,https://search.google.com/search-console/inspect?resource_id=sc-domain:funnytools.win&id=O5W8pup0rvhHc8r872H2TA&utm_medium=link&utm_source=api
https://funnytools.win/en/category/statistics/,Crawled Not Indexed,https://funnytools.win/en/category/statistics/,https://funnytools.win/en/category/statistics/,SELF_MATCH,Crawled - currently not indexed,,,1,0.561,ADJACENT,https://search.google.com/search-console/inspect?resource_id=sc-domain:funnytools.win&id=t4_ES3Y1GB9WuF6RFff4wg&utm_medium=link&utm_source=api
https://funnytools.win/en/category/study/,Crawled Not Indexed,https://funnytools.win/en/category/study/,https://funnytools.win/en/category/study/,SELF_MATCH,Crawled - currently not indexed,,,0,,,https://search.google.com/search-console/inspect?resource_id=sc-domain:funnytools.win&id=q2ZTHemJkyzfbdmcpmPgQw&utm_medium=link&utm_source=api
https://funnytools.win/en/category/text/,Crawled Not Indexed,https://funnytools.win/en/category/text/,https://funnytools.win/en/category/text/,SELF_MATCH,Crawled - currently not indexed,,,0,,,https://search.google.com/search-console/inspect?resource_id=sc-domain:funnytools.win&id=CiTAYjtK7F0FrfORK8OdlQ&utm_medium=link&utm_source=api
https://funnytools.win/en/category/time/,Crawled Not Indexed,https://funnytools.win/en/category/time/,https://funnytools.win/en/category/time/,SELF_MATCH,Crawled - currently not indexed,,,0,,,https://search.google.com/search-console/inspect?resource_id=sc-domain:funnytools.win&id=Ig5pkZaFtskM-cikS6J0RA&utm_medium=link&utm_source=api
https://funnytools.win/en/contact/,Crawled Not Indexed,https://funnytools.win/en/contact/,https://funnytools.win/en/contact/,SELF_MATCH,Crawled - currently not indexed,,,0,,,https://search.google.com/search-console/inspect?resource_id=sc-domain:funnytools.win&id=-Lfn-QyOKJ8aXZLqOM0hQA&utm_medium=link&utm_source=api
https://funnytools.win/en/disclaimer/,Crawled Not Indexed,https://funnytools.win/en/disclaimer/,https://funnytools.win/en/disclaimer/,SELF_MATCH,Crawled - currently not indexed,,,0,,,https://search.google.com/search-console/inspect?resource_id=sc-domain:funnytools.win&id=MlzMaEMbA6rqfRET5fzpSw&utm_medium=link&utm_source=api
https://funnytools.win/en/education-statistics/,Crawled Not Indexed,https://funnytools.win/en/education-statistics/,https://funnytools.win/en/education-statistics/,SELF_MATCH,Crawled - currently not indexed,,,1,0.561,ADJACENT,https://search.google.com/search-console/inspect?resource_id=sc-domain:funnytools.win&id=xa3BmV6NFEssxZcQszHP3w&utm_medium=link&utm_source=api
https://funnytools.win/en/for/,Crawled Not Indexed,https://funnytools.win/en/for/,https://funnytools.win/en/for/,SELF_MATCH,Crawled - currently not indexed,,,0,,,https://search.google.com/search-console/inspect?resource_id=sc-domain:funnytools.win&id=0paUpYOxufi05FDjU03kcg&utm_medium=link&utm_source=api
https://funnytools.win/en/for/creators/,Crawled Not Indexed,https://funnytools.win/en/for/creators/,https://funnytools.win/en/for/creators/,SELF_MATCH,Crawled - currently not indexed,,,0,,,https://search.google.com/search-console/inspect?resource_id=sc-domain:funnytools.win&id=ajWRIoA4gG36cMabrKk08A&utm_medium=link&utm_source=api
https://funnytools.win/en/for/designers/,Crawled Not Indexed,https://funnytools.win/en/for/designers/,https://funnytools.win/en/for/designers/,SELF_MATCH,Crawled - currently not indexed,,,0,,,https://search.google.com/search-console/inspect?resource_id=sc-domain:funnytools.win&id=6KH2ORzzYNtsqT1AERI6_A&utm_medium=link&utm_source=api
https://funnytools.win/en/for/developers/,Crawled Not Indexed,https://funnytools.win/en/for/developers/,https://funnytools.win/en/for/developers/,SELF_MATCH,Crawled - currently not indexed,,,0,,,https://search.google.com/search-console/inspect?resource_id=sc-domain:funnytools.win&id=IyUkT-oqUV2SatZtq-yelg&utm_medium=link&utm_source=api
https://funnytools.win/en/for/office-workers/,Crawled Not Indexed,https://funnytools.win/en/for/office-workers/,https://funnytools.win/en/for/office-workers/,SELF_MATCH,Crawled - currently not indexed,,,0,,,https://search.google.com/search-console/inspect?resource_id=sc-domain:funnytools.win&id=kBc6-esCX6iTPVV0U_J7kg&utm_medium=link&utm_source=api
https://funnytools.win/en/for/students/,Crawled Not Indexed,https://funnytools.win/en/for/students/,https://funnytools.win/en/for/students/,SELF_MATCH,Crawled - currently not indexed,,,0,,,https://search.google.com/search-console/inspect?resource_id=sc-domain:funnytools.win&id=-jhDOVXiU87boI8YFavmug&utm_medium=link&utm_source=api
https://funnytools.win/en/for/teachers/,Crawled Not Indexed,https://funnytools.win/en/for/teachers/,https://funnytools.win/en/for/teachers/,SELF_MATCH,Crawled - currently not indexed,,,0,,,https://search.google.com/search-console/inspect?resource_id=sc-domain:funnytools.win&id=gr-8X8A-RGFP5_Sz81marg&utm_medium=link&utm_source=api
https://funnytools.win/en/guides/,Crawled Not Indexed,https://funnytools.win/en/guides/,https://funnytools.win/en/guides/,SELF_MATCH,Crawled - currently not indexed,,,0,,,https://search.google.com/search-console/inspect?resource_id=sc-domain:funnytools.win&id=TuNByvz4b2TpQW6mVd02Ng&utm_medium=link&utm_source=api
https://funnytools.win/en/guides/2d-cad-drawing-board-workflow-guide/,Unknown,,,GOOGLE_CANONICAL_ABSENT,URL is unknown to Google,,,0,,,https://search.google.com/search-console/inspect?resource_id=sc-domain:funnytools.win&id=YdRU-qy-63lRxrFYxduk0Q&utm_medium=link&utm_source=api
https://funnytools.win/en/guides/a4-vs-us-letter-printing-guide/,Unknown,,,GOOGLE_CANONICAL_ABSENT,URL is unknown to Google,,,0,,,https://search.google.com/search-console/inspect?resource_id=sc-domain:funnytools.win&id=TisNXTo7jvwaoBgC_4TViQ&utm_medium=link&utm_source=api
https://funnytools.win/en/guides/anova-apa-format-guide/,Unknown,,,GOOGLE_CANONICAL_ABSENT,URL is unknown to Google,,,0,,,https://search.google.com/search-console/inspect?resource_id=sc-domain:funnytools.win&id=orsWVgebWfiyGqQbOl1TgA&utm_medium=link&utm_source=api
https://funnytools.win/en/guides/bar-chart-school-report-guide/,Unknown,,,GOOGLE_CANONICAL_ABSENT,URL is unknown to Google,,,0,,,https://search.google.com/search-console/inspect?resource_id=sc-domain:funnytools.win&id=D9lOGDMrBwDgaapB5mMKkQ&utm_medium=link&utm_source=api
https://funnytools.win/en/guides/classroom-group-roles-rotation-guide/,Unknown,,,GOOGLE_CANONICAL_ABSENT,URL is unknown to Google,,,0,,,https://search.google.com/search-console/inspect?resource_id=sc-domain:funnytools.win&id=kz5KNIxFvyrX-ukU99HMPg&utm_medium=link&utm_source=api
https://funnytools.win/en/guides/classroom-lottery-tool-guide/,Unknown,,,GOOGLE_CANONICAL_ABSENT,URL is unknown to Google,,,0,,,https://search.google.com/search-console/inspect?resource_id=sc-domain:funnytools.win&id=UTBsINja3SPwm_DvO8VMzQ&utm_medium=link&utm_source=api
https://funnytools.win/en/guides/classroom-random-group-absent-student-repair-guide/,Unknown,,,GOOGLE_CANONICAL_ABSENT,URL is unknown to Google,,,1,0.697,ADJACENT,https://search.google.com/search-console/inspect?resource_id=sc-domain:funnytools.win&id=0aBVwTmjjNfQQZCE2-Zsiw&utm_medium=link&utm_source=api
https://funnytools.win/en/guides/classroom-random-group-guide/,Crawled Not Indexed,https://funnytools.win/en/guides/classroom-random-group-guide/,https://funnytools.win/en/guides/classroom-random-group-guide/,SELF_MATCH,Crawled - currently not indexed,,,1,0.727,ADJACENT,https://search.google.com/search-console/inspect?resource_id=sc-domain:funnytools.win&id=aYWBnl4A6rnQaHLZM2dinQ&utm_medium=link&utm_source=api
https://funnytools.win/en/guides/classroom-random-group-materials-handoff-guide/,Unknown,,,GOOGLE_CANONICAL_ABSENT,URL is unknown to Google,,,0,,,https://search.google.com/search-console/inspect?resource_id=sc-domain:funnytools.win&id=ZCaYgSf9Gg3wo_ytrDjBYQ&utm_medium=link&utm_source=api
https://funnytools.win/en/guides/classroom-random-group-no-repeat-guide/,Unknown,,,GOOGLE_CANONICAL_ABSENT,URL is unknown to Google,,,0,,,https://search.google.com/search-console/inspect?resource_id=sc-domain:funnytools.win&id=_Mu26s1h9-L4eMBAuH5LUA&utm_medium=link&utm_source=api
https://funnytools.win/en/guides/classroom-random-group-seat-transition-guide/,Unknown,,,GOOGLE_CANONICAL_ABSENT,URL is unknown to Google,,,0,,,https://search.google.com/search-console/inspect?resource_id=sc-domain:funnytools.win&id=ClYxhhcbrnwSr2CnaSJShw&utm_medium=link&utm_source=api
https://funnytools.win/en/guides/classroom-random-group-shareable-result-guide/,Unknown,,,GOOGLE_CANONICAL_ABSENT,URL is unknown to Google,,,0,,,https://search.google.com/search-console/inspect?resource_id=sc-domain:funnytools.win&id=9KlvTstgTF4_5ASE6Dw_ew&utm_medium=link&utm_source=api
https://funnytools.win/en/guides/classroom-random-group-size-balance-guide/,Unknown,,,GOOGLE_CANONICAL_ABSENT,URL is unknown to Google,,,1,0.697,ADJACENT,https://search.google.com/search-console/inspect?resource_id=sc-domain:funnytools.win&id=KjWXNpOZ1SVm1HJ209yttw&utm_medium=link&utm_source=api
https://funnytools.win/en/guides/classroom-random-picker-guide/,Unknown,,,GOOGLE_CANONICAL_ABSENT,URL is unknown to Google,,,0,,,https://search.google.com/search-console/inspect?resource_id=sc-domain:funnytools.win&id=MxTBqJ7xr4-BJ510m5Hkww&utm_medium=link&utm_source=api
https://funnytools.win/en/guides/classroom-timer-guide/,Crawled Not Indexed,https://funnytools.win/en/guides/classroom-timer-guide/,https://funnytools.win/en/guides/classroom-timer-guide/,SELF_MATCH,Crawled - currently not indexed,,,0,,,https://search.google.com/search-console/inspect?resource_id=sc-domain:funnytools.win&id=Wixvt-13TcAyZMGvbSWF7Q&utm_medium=link&utm_source=api
https://funnytools.win/en/guides/csv-to-json-header-duplicate-column-guide/,Unknown,,,GOOGLE_CANONICAL_ABSENT,URL is unknown to Google,,,0,,,https://search.google.com/search-console/inspect?resource_id=sc-domain:funnytools.win&id=B8Uit9DwWb7UiQuJjJ8Iog&utm_medium=link&utm_source=api
https://funnytools.win/en/guides/fair-student-grouping-guide/,Unknown,,,GOOGLE_CANONICAL_ABSENT,URL is unknown to Google,,,1,0.727,ADJACENT,https://search.google.com/search-console/inspect?resource_id=sc-domain:funnytools.win&id=R5XenAbR-_M38Mmahyxf2Q&utm_medium=link&utm_source=api
https://funnytools.win/en/guides/image-color-profile-web-print-guide/,Unknown,,,GOOGLE_CANONICAL_ABSENT,URL is unknown to Google,,,0,,,https://search.google.com/search-console/inspect?resource_id=sc-domain:funnytools.win&id=RThNhMicpNMBnLIbSbYtnQ&utm_medium=link&utm_source=api
https://funnytools.win/en/guides/image-compression-email-guide/,Unknown,,,GOOGLE_CANONICAL_ABSENT,URL is unknown to Google,,,0,,,https://search.google.com/search-console/inspect?resource_id=sc-domain:funnytools.win&id=o7P36iMt4SJoK3yPygM8gg&utm_medium=link&utm_source=api
https://funnytools.win/en/guides/image-compression-quality-size-guide/,Unknown,,,GOOGLE_CANONICAL_ABSENT,URL is unknown to Google,,,0,,,https://search.google.com/search-console/inspect?resource_id=sc-domain:funnytools.win&id=sgTD2QbE_1OK2dopq-ti0w&utm_medium=link&utm_source=api
https://funnytools.win/en/guides/image-compressor-metadata-privacy-guide/,Unknown,,,GOOGLE_CANONICAL_ABSENT,URL is unknown to Google,,,0,,,https://search.google.com/search-console/inspect?resource_id=sc-domain:funnytools.win&id=RtpIdg45imR6TkgaP0m4Ww&utm_medium=link&utm_source=api
https://funnytools.win/en/guides/image-resampling-quality-guide/,Unknown,,,GOOGLE_CANONICAL_ABSENT,URL is unknown to Google,,,0,,,https://search.google.com/search-console/inspect?resource_id=sc-domain:funnytools.win&id=ouBUfxGNNOjzgy58xP3ssA&utm_medium=link&utm_source=api
https://funnytools.win/en/guides/image-resize-aspect-ratio-guide/,Unknown,,,GOOGLE_CANONICAL_ABSENT,URL is unknown to Google,,,0,,,https://search.google.com/search-console/inspect?resource_id=sc-domain:funnytools.win&id=gMqhkjCVsCBs0yNSlCscvg&utm_medium=link&utm_source=api
https://funnytools.win/en/guides/image-resolution-print-web-guide/,Unknown,,,GOOGLE_CANONICAL_ABSENT,URL is unknown to Google,,,0,,,https://search.google.com/search-console/inspect?resource_id=sc-domain:funnytools.win&id=zkyus8JX-sDACGX5KnCKfA&utm_medium=link&utm_source=api
https://funnytools.win/en/guides/json-formatter-trailing-comma-error-guide/,Unknown,,,GOOGLE_CANONICAL_ABSENT,URL is unknown to Google,,,0,,,https://search.google.com/search-console/inspect?resource_id=sc-domain:funnytools.win&id=ViIWN7dPAGFVLRQ4L_pG2g&utm_medium=link&utm_source=api
https://funnytools.win/en/guides/merge-pdf-bookmarks-navigation-guide/,Unknown,,,GOOGLE_CANONICAL_ABSENT,URL is unknown to Google,,,0,,,https://search.google.com/search-console/inspect?resource_id=sc-domain:funnytools.win&id=3h8HeBapZVCi-kSS0KwZuw&utm_medium=link&utm_source=api
https://funnytools.win/en/guides/merge-pdf-page-size-orientation-guide/,Unknown,,,GOOGLE_CANONICAL_ABSENT,URL is unknown to Google,,,0,,,https://search.google.com/search-console/inspect?resource_id=sc-domain:funnytools.win&id=nOyxeJfwtQizmkA8A8A6Hw&utm_medium=link&utm_source=api
https://funnytools.win/en/guides/merge-pdf-private-guide/,Unknown,,,GOOGLE_CANONICAL_ABSENT,URL is unknown to Google,,,0,,,https://search.google.com/search-console/inspect?resource_id=sc-domain:funnytools.win&id=1dsiPeb1iyTO_Lji0pH1rg&utm_medium=link&utm_source=api
https://funnytools.win/en/guides/merge-pdf-reading-order-checklist-guide/,Unknown,,,GOOGLE_CANONICAL_ABSENT,URL is unknown to Google,,,0,,,https://search.google.com/search-console/inspect?resource_id=sc-domain:funnytools.win&id=_Dc7-YzqwHeqZDRrH2P_pQ&utm_medium=link&utm_source=api
https://funnytools.win/en/guides/pdf-accessibility-reading-order-check-guide/,Unknown,,,GOOGLE_CANONICAL_ABSENT,URL is unknown to Google,,,0,,,https://search.google.com/search-console/inspect?resource_id=sc-domain:funnytools.win&id=NkrlMgdMRjQ0S7jREaOPtA&utm_medium=link&utm_source=api
https://funnytools.win/en/guides/pdf-compressor-email-attachment-guide/,Unknown,,,GOOGLE_CANONICAL_ABSENT,URL is unknown to Google,,,0,,,https://search.google.com/search-console/inspect?resource_id=sc-domain:funnytools.win&id=0lWNb5LJO-Iikd_9kRAYpw&utm_medium=link&utm_source=api
https://funnytools.win/en/guides/pdf-compressor-form-fields-links-guide/,Unknown,,,GOOGLE_CANONICAL_ABSENT,URL is unknown to Google,,,0,,,https://search.google.com/search-console/inspect?resource_id=sc-domain:funnytools.win&id=oBk7__RGWhq88lddvcEPUA&utm_medium=link&utm_source=api
https://funnytools.win/en/guides/pdf-page-reorder-appendix-merge-check-guide/,Unknown,,,GOOGLE_CANONICAL_ABSENT,URL is unknown to Google,,,0,,,https://search.google.com/search-console/inspect?resource_id=sc-domain:funnytools.win&id=ysAqrzxRkrrHmt5kRjYeOw&utm_medium=link&utm_source=api
https://funnytools.win/en/guides/pdf-split-vs-extract-vs-delete/,Unknown,,,GOOGLE_CANONICAL_ABSENT,URL is unknown to Google,,,0,,,https://search.google.com/search-console/inspect?resource_id=sc-domain:funnytools.win&id=Lbq6hjPXpgfMlxXuTICfqw&utm_medium=link&utm_source=api
https://funnytools.win/en/guides/pdf-table-to-excel-header-check-guide/,Unknown,,,GOOGLE_CANONICAL_ABSENT,URL is unknown to Google,,,0,,,https://search.google.com/search-console/inspect?resource_id=sc-domain:funnytools.win&id=KtR7mUuqLqdwWo4sJxsaLA&utm_medium=link&utm_source=api
https://funnytools.win/en/guides/pdf-to-image-background-contrast-guide/,Unknown,,,GOOGLE_CANONICAL_ABSENT,URL is unknown to Google,,,0,,,https://search.google.com/search-console/inspect?resource_id=sc-domain:funnytools.win&id=rIsg41GWyOXj-RQycHY7Iw&utm_medium=link&utm_source=api
https://funnytools.win/en/guides/pdf-to-image-multipage-download-guide/,Unknown,,,GOOGLE_CANONICAL_ABSENT,URL is unknown to Google,,,0,,,https://search.google.com/search-console/inspect?resource_id=sc-domain:funnytools.win&id=NgGIixdUqFOwbwwW1_uZjw&utm_medium=link&utm_source=api
https://funnytools.win/en/guides/pdf-to-image-print-crop-marks-guide/,Unknown,,,GOOGLE_CANONICAL_ABSENT,URL is unknown to Google,,,0,,,https://search.google.com/search-console/inspect?resource_id=sc-domain:funnytools.win&id=53PDcnEFGi4esdjYJC6DDw&utm_medium=link&utm_source=api
https://funnytools.win/en/guides/pdf-to-image-raster-text-search-guide/,Unknown,,,GOOGLE_CANONICAL_ABSENT,URL is unknown to Google,,,0,,,https://search.google.com/search-console/inspect?resource_id=sc-domain:funnytools.win&id=oZOyerk5FgDoHinX34dOSQ&utm_medium=link&utm_source=api
https://funnytools.win/en/guides/pdf-to-image-resolution-guide/,Unknown,,,GOOGLE_CANONICAL_ABSENT,URL is unknown to Google,,,0,,,https://search.google.com/search-console/inspect?resource_id=sc-domain:funnytools.win&id=D6Ejz8GriK851cq-sdNCAg&utm_medium=link&utm_source=api
https://funnytools.win/en/guides/pdf-to-word-form-field-editing-guide/,Unknown,,,GOOGLE_CANONICAL_ABSENT,URL is unknown to Google,,,0,,,https://search.google.com/search-console/inspect?resource_id=sc-domain:funnytools.win&id=g6X9j1I0EN1jjJWu6zhhFQ&utm_medium=link&utm_source=api
https://funnytools.win/en/guides/pdf-to-word-layout-fidelity-guide/,Unknown,,,GOOGLE_CANONICAL_ABSENT,URL is unknown to Google,,,0,,,https://search.google.com/search-console/inspect?resource_id=sc-domain:funnytools.win&id=UVtYsxPWrmFdCZGUEVFroA&utm_medium=link&utm_source=api
https://funnytools.win/en/guides/pdf-to-word-ocr-language-check-guide/,Unknown,,,GOOGLE_CANONICAL_ABSENT,URL is unknown to Google,,,0,,,https://search.google.com/search-console/inspect?resource_id=sc-domain:funnytools.win&id=1p-MlkuBibcJmVPw6_jUCg&utm_medium=link&utm_source=api
https://funnytools.win/en/guides/pdf-to-word-review-track-changes-guide/,Unknown,,,GOOGLE_CANONICAL_ABSENT,URL is unknown to Google,,,0,,,https://search.google.com/search-console/inspect?resource_id=sc-domain:funnytools.win&id=2ZeFhKBInrCG_L81JAJtRw&utm_medium=link&utm_source=api
https://funnytools.win/en/guides/pdf-upload-failed-troubleshooting/,Unknown,,,GOOGLE_CANONICAL_ABSENT,URL is unknown to Google,,,0,,,https://search.google.com/search-console/inspect?resource_id=sc-domain:funnytools.win&id=3MzxRhq7W1_Qs-l1vBNQiQ&utm_medium=link&utm_source=api
https://funnytools.win/en/guides/percentage-grade-to-gpa-conversion-guide/,Unknown,,,GOOGLE_CANONICAL_ABSENT,URL is unknown to Google,,,0,,,https://search.google.com/search-console/inspect?resource_id=sc-domain:funnytools.win&id=yyujAdO0PpXQPolzeefkpQ&utm_medium=link&utm_source=api
https://funnytools.win/en/guides/percentage-shortcuts-guide/,Unknown,,,GOOGLE_CANONICAL_ABSENT,URL is unknown to Google,,,0,,,https://search.google.com/search-console/inspect?resource_id=sc-domain:funnytools.win&id=y24qQRECJBaCIQ7tOkAbPw&utm_medium=link&utm_source=api
https://funnytools.win/en/guides/percentile-rank-guide/,Unknown,,,GOOGLE_CANONICAL_ABSENT,URL is unknown to Google,,,0,,,https://search.google.com/search-console/inspect?resource_id=sc-domain:funnytools.win&id=P_LpAfwM7y2zLed3jaEa_A&utm_medium=link&utm_source=api
https://funnytools.win/en/guides/photos-to-pdf-phone-guide/,Unknown,,,GOOGLE_CANONICAL_ABSENT,URL is unknown to Google,,,0,,,https://search.google.com/search-console/inspect?resource_id=sc-domain:funnytools.win&id=3ZdP2wWenXksQWfLHsPnuA&utm_medium=link&utm_source=api
https://funnytools.win/en/guides/qr-code-accessible-fallback-guide/,Unknown,,,GOOGLE_CANONICAL_ABSENT,URL is unknown to Google,,,0,,,https://search.google.com/search-console/inspect?resource_id=sc-domain:funnytools.win&id=4BJ-P8HC-hvwIHAf5dZbWg&utm_medium=link&utm_source=api
https://funnytools.win/en/guides/qr-code-before-print-testing-guide/,Unknown,,,GOOGLE_CANONICAL_ABSENT,URL is unknown to Google,,,0,,,https://search.google.com/search-console/inspect?resource_id=sc-domain:funnytools.win&id=Sd5LWsjNbt1vngZKJB87Gg&utm_medium=link&utm_source=api
https://funnytools.win/en/guides/qr-code-classroom-guide/,Unknown,,,GOOGLE_CANONICAL_ABSENT,URL is unknown to Google,,,0,,,https://search.google.com/search-console/inspect?resource_id=sc-domain:funnytools.win&id=VYGn89UhzRp_6tchgKIFvw&utm_medium=link&utm_source=api
https://funnytools.win/en/guides/qr-code-destination-change-log-guide/,Unknown,,,GOOGLE_CANONICAL_ABSENT,URL is unknown to Google,,,0,,,https://search.google.com/search-console/inspect?resource_id=sc-domain:funnytools.win&id=MtOgm6h4VSJesGcWSbqg6Q&utm_medium=link&utm_source=api
https://funnytools.win/en/guides/qr-code-event-page-expiry-guide/,Unknown,,,GOOGLE_CANONICAL_ABSENT,URL is unknown to Google,,,0,,,https://search.google.com/search-console/inspect?resource_id=sc-domain:funnytools.win&id=GKUkRMZdnSlZ1CQQjLXRXQ&utm_medium=link&utm_source=api
https://funnytools.win/en/guides/qr-code-mobile-landing-page-guide/,Unknown,,,GOOGLE_CANONICAL_ABSENT,URL is unknown to Google,,,0,,,https://search.google.com/search-console/inspect?resource_id=sc-domain:funnytools.win&id=yN1MpoDj_KK0kT467gHRSA&utm_medium=link&utm_source=api
https://funnytools.win/en/guides/qr-code-multi-placement-consistency-guide/,Unknown,,,GOOGLE_CANONICAL_ABSENT,URL is unknown to Google,,,0,,,https://search.google.com/search-console/inspect?resource_id=sc-domain:funnytools.win&id=DwwbFCdoCwxhQj_io1H_BA&utm_medium=link&utm_source=api
https://funnytools.win/en/guides/qr-code-multilingual-switch-testing-guide/,Unknown,,,GOOGLE_CANONICAL_ABSENT,URL is unknown to Google,,,0,,,https://search.google.com/search-console/inspect?resource_id=sc-domain:funnytools.win&id=v3llHm2C8AB8g4AK3xTMKw&utm_medium=link&utm_source=api
https://funnytools.win/en/guides/qr-code-payload-length-guide/,Unknown,,,GOOGLE_CANONICAL_ABSENT,URL is unknown to Google,,,0,,,https://search.google.com/search-console/inspect?resource_id=sc-domain:funnytools.win&id=YLpF74YyuTw0_cx7nQ-1XA&utm_medium=link&utm_source=api
https://funnytools.win/en/guides/qr-code-scan-failure-field-troubleshooting-guide/,Unknown,,,GOOGLE_CANONICAL_ABSENT,URL is unknown to Google,,,0,,,https://search.google.com/search-console/inspect?resource_id=sc-domain:funnytools.win&id=pdhugKljexuAx3pYjg3VIA&utm_medium=link&utm_source=api
https://funnytools.win/en/guides/qr-code-utm-campaign-link-guide/,Unknown,,,GOOGLE_CANONICAL_ABSENT,URL is unknown to Google,,,0,,,https://search.google.com/search-console/inspect?resource_id=sc-domain:funnytools.win&id=Ibsl2ND6oLue64Q_dl_skQ&utm_medium=link&utm_source=api
https://funnytools.win/en/guides/seating-chart-changeover-routine-guide/,Unknown,,,GOOGLE_CANONICAL_ABSENT,URL is unknown to Google,,,0,,,https://search.google.com/search-console/inspect?resource_id=sc-domain:funnytools.win&id=HORhGRGlTT0MXyouqcgv5w&utm_medium=link&utm_source=api
https://funnytools.win/en/guides/seating-chart-student-needs-intake-guide/,Unknown,,,GOOGLE_CANONICAL_ABSENT,URL is unknown to Google,,,0,,,https://search.google.com/search-console/inspect?resource_id=sc-domain:funnytools.win&id=UxADZypgWsXyPrK34_X_Yw&utm_medium=link&utm_source=api
https://funnytools.win/en/guides/split-pdf-output-naming-batch-delivery-guide/,Unknown,,,GOOGLE_CANONICAL_ABSENT,URL is unknown to Google,,,0,,,https://search.google.com/search-console/inspect?resource_id=sc-domain:funnytools.win&id=aExPkGyP_dCa3_OF9zDMJg&utm_medium=link&utm_source=api
https://funnytools.win/en/guides/split-pdf-page-range-planning-guide/,Unknown,,,GOOGLE_CANONICAL_ABSENT,URL is unknown to Google,,,0,,,https://search.google.com/search-console/inspect?resource_id=sc-domain:funnytools.win&id=eCxdxu7z9GsfIEgJKRL7vQ&utm_medium=link&utm_source=api
https://funnytools.win/en/guides/spss-levene-test-guide/,Crawled Not Indexed,https://funnytools.win/en/guides/spss-levene-test-guide/,https://funnytools.win/en/guides/spss-levene-test-guide/,SELF_MATCH,Crawled - currently not indexed,,,0,,,https://search.google.com/search-console/inspect?resource_id=sc-domain:funnytools.win&id=t5ipsbmw25N3Bnp-v4sMsw&utm_medium=link&utm_source=api
https://funnytools.win/en/guides/t-score-calculator-guide/,Crawled Not Indexed,https://funnytools.win/en/guides/t-score-calculator-guide/,https://funnytools.win/en/guides/t-score-calculator-guide/,SELF_MATCH,Crawled - currently not indexed,,,4,0.815,ADJACENT; COMPLEMENTARY,https://search.google.com/search-console/inspect?resource_id=sc-domain:funnytools.win&id=fsVRA3rnCxVO_197z-2ZXA&utm_medium=link&utm_source=api
https://funnytools.win/en/guides/t-test-apa-format-guide/,Crawled Not Indexed,https://funnytools.win/en/guides/t-test-apa-format-guide/,https://funnytools.win/en/guides/t-test-apa-format-guide/,SELF_MATCH,Crawled - currently not indexed,,,0,,,https://search.google.com/search-console/inspect?resource_id=sc-domain:funnytools.win&id=BPR1p8SDiyou6015S6wVLg&utm_medium=link&utm_source=api
https://funnytools.win/en/guides/teacher-exam-weighted-score-guide/,Crawled Not Indexed,https://funnytools.win/en/guides/teacher-exam-weighted-score-guide/,https://funnytools.win/en/guides/teacher-exam-weighted-score-guide/,SELF_MATCH,Crawled - currently not indexed,,,0,,,https://search.google.com/search-console/inspect?resource_id=sc-domain:funnytools.win&id=1-uE7HpLLd4PRkbd4BE38g&utm_medium=link&utm_source=api
https://funnytools.win/en/guides/two-way-anova-interaction-guide/,Unknown,,,GOOGLE_CANONICAL_ABSENT,URL is unknown to Google,,,0,,,https://search.google.com/search-console/inspect?resource_id=sc-domain:funnytools.win&id=P0qSiD_wXVD0mKAPEFOtCA&utm_medium=link&utm_source=api
https://funnytools.win/en/guides/word-count-essay-limits-guide/,Unknown,,,GOOGLE_CANONICAL_ABSENT,URL is unknown to Google,,,0,,,https://search.google.com/search-console/inspect?resource_id=sc-domain:funnytools.win&id=Vr-GLt2fjzL49hqhKxbQvA&utm_medium=link&utm_source=api
https://funnytools.win/en/guides/z-score-calculator-guide/,Crawled Not Indexed,https://funnytools.win/en/guides/z-score-calculator-guide/,https://funnytools.win/en/guides/z-score-calculator-guide/,SELF_MATCH,Crawled - currently not indexed,,,3,0.745,ADJACENT; COMPLEMENTARY,https://search.google.com/search-console/inspect?resource_id=sc-domain:funnytools.win&id=E_uvP6Oq7Q5FtpNolonSxQ&utm_medium=link&utm_source=api
https://funnytools.win/en/privacy/,Crawled Not Indexed,https://funnytools.win/en/privacy/,https://funnytools.win/en/privacy/,SELF_MATCH,Crawled - currently not indexed,,,0,,,https://search.google.com/search-console/inspect?resource_id=sc-domain:funnytools.win&id=PqgJmFBAbhLuX3hfz9IdoA&utm_medium=link&utm_source=api
https://funnytools.win/en/shop/,Unknown,,,GOOGLE_CANONICAL_ABSENT,URL is unknown to Google,,,0,,,https://search.google.com/search-console/inspect?resource_id=sc-domain:funnytools.win&id=v20K1xS6wM0XkNsYg3d95g&utm_medium=link&utm_source=api
https://funnytools.win/en/support/,Crawled Not Indexed,https://funnytools.win/en/support/,https://funnytools.win/en/support/,SELF_MATCH,Crawled - currently not indexed,,,0,,,https://search.google.com/search-console/inspect?resource_id=sc-domain:funnytools.win&id=ncrpbHZl5JuiMOa8qyIAvg&utm_medium=link&utm_source=api
https://funnytools.win/en/terms/,Crawled Not Indexed,https://funnytools.win/en/terms/,https://funnytools.win/en/terms/,SELF_MATCH,Crawled - currently not indexed,,,0,,,https://search.google.com/search-console/inspect?resource_id=sc-domain:funnytools.win&id=iib_6Gv6lQSpCzEv1DWTIg&utm_medium=link&utm_source=api
https://funnytools.win/en/tools/,Crawled Not Indexed,https://funnytools.win/en/tools/,https://funnytools.win/en/tools/,SELF_MATCH,Crawled - currently not indexed,,,0,,,https://search.google.com/search-console/inspect?resource_id=sc-domain:funnytools.win&id=22X66-TLQdMAyhVGPFwQWg&utm_medium=link&utm_source=api
https://funnytools.win/en/tools/age-calculator/,Unknown,,,GOOGLE_CANONICAL_ABSENT,URL is unknown to Google,age-calculator,calculate|age|age|calculated-result|age|general,0,,,https://search.google.com/search-console/inspect?resource_id=sc-domain:funnytools.win&id=deiplSRQKcEI3Jk8Jbbfjw&utm_medium=link&utm_source=api
https://funnytools.win/en/tools/apa-7-report-generator/,Unknown,,,GOOGLE_CANONICAL_ABSENT,URL is unknown to Google,apa-7-report-generator,generate|apa-7-report|apa-7-report|generated-result|apa-7-report|general,1,0.367,ADJACENT,https://search.google.com/search-console/inspect?resource_id=sc-domain:funnytools.win&id=QryTgzrMI0HsXxTBQkqmgQ&utm_medium=link&utm_source=api
https://funnytools.win/en/tools/bar-chart-maker/,Unknown,,,GOOGLE_CANONICAL_ABSENT,URL is unknown to Google,bar-chart-maker,create|bar-chart|bar-chart|created-artifact|bar-chart|general,0,,,https://search.google.com/search-console/inspect?resource_id=sc-domain:funnytools.win&id=p2e49-2ptWwyRCeuf1Jblg&utm_medium=link&utm_source=api
https://funnytools.win/en/tools/barcode-generator/,Unknown,,,GOOGLE_CANONICAL_ABSENT,URL is unknown to Google,barcode-generator,generate|barcode|barcode|generated-result|barcode|general,0,,,https://search.google.com/search-console/inspect?resource_id=sc-domain:funnytools.win&id=9d35n-G9Hkgej5S6-LQdbw&utm_medium=link&utm_source=api
https://funnytools.win/en/tools/base64/,Crawled Not Indexed,https://funnytools.win/en/tools/base64/,https://funnytools.win/en/tools/base64/,SELF_MATCH,Crawled - currently not indexed,base64,use|base64|base64|tool-result|base64|general,0,,,https://search.google.com/search-console/inspect?resource_id=sc-domain:funnytools.win&id=zTHNFhIRxoYsuS38oV9bJA&utm_medium=link&utm_source=api
https://funnytools.win/en/tools/break-reminder/,Crawled Not Indexed,https://funnytools.win/en/tools/break-reminder/,https://funnytools.win/en/tools/break-reminder/,SELF_MATCH,Crawled - currently not indexed,break-reminder,use|break-reminder|break-reminder|tool-result|break-reminder|general,0,,,https://search.google.com/search-console/inspect?resource_id=sc-domain:funnytools.win&id=_QRvIj3JQJT42VJpJEjONA&utm_medium=link&utm_source=api
https://funnytools.win/en/tools/bulk-image-compressor/,Unknown,,,GOOGLE_CANONICAL_ABSENT,URL is unknown to Google,bulk-image-compressor,compress|bulk-image-compressor|bulk-image-compressor|smaller-file|bulk-image-compressor|general,0,,,https://search.google.com/search-console/inspect?resource_id=sc-domain:funnytools.win&id=w-8XAq4HZWkXC8W3agcTiA&utm_medium=link&utm_source=api
https://funnytools.win/en/tools/business-days/,Crawled Not Indexed,https://funnytools.win/en/tools/business-days/,https://funnytools.win/en/tools/business-days/,SELF_MATCH,Crawled - currently not indexed,business-days,use|business-days|business-days|tool-result|business-days|general,0,,,https://search.google.com/search-console/inspect?resource_id=sc-domain:funnytools.win&id=bL2obD-CXbR_mvVieSSKDA&utm_medium=link&utm_source=api
https://funnytools.win/en/tools/cad-2d/,Crawled Not Indexed,https://funnytools.win/en/tools/cad-2d/,https://funnytools.win/en/tools/cad-2d/,SELF_MATCH,Crawled - currently not indexed,cad-2d,use|cad-2d|cad-2d|tool-result|cad-2d|general,0,,,https://search.google.com/search-console/inspect?resource_id=sc-domain:funnytools.win&id=Vz1nV-GI5eFmTcKVZuMKsA&utm_medium=link&utm_source=api
https://funnytools.win/en/tools/case-converter/,Crawled Not Indexed,https://funnytools.win/en/tools/case-converter/,https://funnytools.win/en/tools/case-converter/,SELF_MATCH,Crawled - currently not indexed,case-converter,use|case-converter|case-converter|tool-result|case-converter|general,0,,,https://search.google.com/search-console/inspect?resource_id=sc-domain:funnytools.win&id=xdmNVvsMcJxuJZG3eVi9Og&utm_medium=link&utm_source=api
https://funnytools.win/en/tools/character-counter/,Crawled Not Indexed,https://funnytools.win/en/tools/character-counter/,https://funnytools.win/en/tools/character-counter/,SELF_MATCH,Crawled - currently not indexed,character-counter,count|character-counter|character-counter|count|character-counter|general,0,,,https://search.google.com/search-console/inspect?resource_id=sc-domain:funnytools.win&id=G0lCBeqAEm_dDIByffVv4Q&utm_medium=link&utm_source=api
https://funnytools.win/en/tools/class-rank-percentile-calculator/,Crawled Not Indexed,https://funnytools.win/en/tools/class-rank-percentile-calculator/,https://funnytools.win/en/tools/class-rank-percentile-calculator/,SELF_MATCH,Crawled - currently not indexed,class-rank-percentile-calculator,calculate|class-rank-percentile|class-rank-percentile|calculated-result|class-rank-percentile|general,1,0.599,ADJACENT,https://search.google.com/search-console/inspect?resource_id=sc-domain:funnytools.win&id=1U_URat-oJS9biC8cEf4Ew&utm_medium=link&utm_source=api
https://funnytools.win/en/tools/color-generator/,Crawled Not Indexed,https://funnytools.win/en/tools/color-generator/,https://funnytools.win/en/tools/color-generator/,SELF_MATCH,Crawled - currently not indexed,color-generator,generate|color|color|generated-result|color|general,0,,,https://search.google.com/search-console/inspect?resource_id=sc-domain:funnytools.win&id=QVghFgG4w-BeC4bWedZeqg&utm_medium=link&utm_source=api
https://funnytools.win/en/tools/compound-interest/,Crawled Not Indexed,https://funnytools.win/en/tools/compound-interest/,https://funnytools.win/en/tools/compound-interest/,SELF_MATCH,Crawled - currently not indexed,compound-interest,use|compound-interest|compound-interest|tool-result|compound-interest|general,0,,,https://search.google.com/search-console/inspect?resource_id=sc-domain:funnytools.win&id=noHdIHtT8qnThQqq6OZcDQ&utm_medium=link&utm_source=api
https://funnytools.win/en/tools/countdown-timer/,Crawled Not Indexed,https://funnytools.win/en/tools/countdown-timer/,https://funnytools.win/en/tools/countdown-timer/,SELF_MATCH,Crawled - currently not indexed,countdown-timer,use|countdown-timer|countdown-timer|tool-result|countdown-timer|general,0,,,https://search.google.com/search-console/inspect?resource_id=sc-domain:funnytools.win&id=9YH4EYczTyrb8K-11mjUHg&utm_medium=link&utm_source=api
https://funnytools.win/en/tools/cronbach-alpha-calculator/,Crawled Not Indexed,https://funnytools.win/en/tools/cronbach-alpha-calculator/,https://funnytools.win/en/tools/cronbach-alpha-calculator/,SELF_MATCH,Crawled - currently not indexed,cronbach-alpha-calculator,calculate|cronbach-alpha|cronbach-alpha|calculated-result|cronbach-alpha|general,0,,,https://search.google.com/search-console/inspect?resource_id=sc-domain:funnytools.win&id=GzWLFTcdsiLDQDRwx4q84Q&utm_medium=link&utm_source=api
https://funnytools.win/en/tools/csv-to-json/,Crawled Not Indexed,https://funnytools.win/en/tools/csv-to-json/,https://funnytools.win/en/tools/csv-to-json/,SELF_MATCH,Crawled - currently not indexed,csv-to-json,convert|csv|json|json-data|data-format-conversion|general,1,0.724,DIFFERENT,https://search.google.com/search-console/inspect?resource_id=sc-domain:funnytools.win&id=O9RQnySqK6re38AmBkuCyw&utm_medium=link&utm_source=api
https://funnytools.win/en/tools/date-difference/,Crawled Not Indexed,https://funnytools.win/en/tools/date-difference/,https://funnytools.win/en/tools/date-difference/,SELF_MATCH,Crawled - currently not indexed,date-difference,use|date-difference|date-difference|tool-result|date-difference|general,0,,,https://search.google.com/search-console/inspect?resource_id=sc-domain:funnytools.win&id=zVqIPMNoNL71XE_5ngtLhA&utm_medium=link&utm_source=api
https://funnytools.win/en/tools/delete-pdf-pages/,Crawled Not Indexed,https://funnytools.win/en/tools/delete-pdf-pages/,https://funnytools.win/en/tools/delete-pdf-pages/,SELF_MATCH,Crawled - currently not indexed,delete-pdf-pages,delete|pdf|pdf|remove-selected-pages|pdf-page-editing|general,1,0.803,DIFFERENT,https://search.google.com/search-console/inspect?resource_id=sc-domain:funnytools.win&id=tydc8qs7xcIii-qFHnsVLw&utm_medium=link&utm_source=api
https://funnytools.win/en/tools/dice-roller/,Crawled Not Indexed,https://funnytools.win/en/tools/dice-roller/,https://funnytools.win/en/tools/dice-roller/,SELF_MATCH,Crawled - currently not indexed,dice-roller,generate|dice-roller|dice-roller|generated-result|dice-roller|general,0,,,https://search.google.com/search-console/inspect?resource_id=sc-domain:funnytools.win&id=H3dpqH6YrhBCnUuKzaTAmg&utm_medium=link&utm_source=api
https://funnytools.win/en/tools/extract-pdf-pages/,Crawled Not Indexed,https://funnytools.win/en/tools/extract-pdf-pages/,https://funnytools.win/en/tools/extract-pdf-pages/,SELF_MATCH,Crawled - currently not indexed,extract-pdf-pages,extract|pdf|pdf|new-document-from-selected-pages|pdf-page-editing|general,1,0.803,DIFFERENT,https://search.google.com/search-console/inspect?resource_id=sc-domain:funnytools.win&id=RdOvaRsD0CPBUqbagapVAA&utm_medium=link&utm_source=api
https://funnytools.win/en/tools/flowchart/,Crawled Not Indexed,https://funnytools.win/en/tools/flowchart/,https://funnytools.win/en/tools/flowchart/,SELF_MATCH,Crawled - currently not indexed,flowchart,create|flowchart|flowchart|created-artifact|flowchart|general,0,,,https://search.google.com/search-console/inspect?resource_id=sc-domain:funnytools.win&id=aKpqKatof3NUkZ9aNmeGNg&utm_medium=link&utm_source=api
https://funnytools.win/en/tools/gpa-calculator/,Crawled Not Indexed,https://funnytools.win/en/tools/gpa-calculator/,https://funnytools.win/en/tools/gpa-calculator/,SELF_MATCH,Crawled - currently not indexed,gpa-calculator,calculate|gpa|gpa|calculated-result|gpa|general,0,,,https://search.google.com/search-console/inspect?resource_id=sc-domain:funnytools.win&id=WfkBZ6IQEYHNJkRjp8P-lw&utm_medium=link&utm_source=api
https://funnytools.win/en/tools/grade-average/,Crawled Not Indexed,https://funnytools.win/en/tools/grade-average/,https://funnytools.win/en/tools/grade-average/,SELF_MATCH,Crawled - currently not indexed,grade-average,calculate|grades|average-grade|grade-average|grade-calculation|general,0,,,https://search.google.com/search-console/inspect?resource_id=sc-domain:funnytools.win&id=kn5h7Uqudl74Q7X8e-k2Yg&utm_medium=link&utm_source=api
https://funnytools.win/en/tools/group-generator/,Crawled Not Indexed,https://funnytools.win/en/tools/group-generator/,https://funnytools.win/en/tools/group-generator/,SELF_MATCH,Crawled - currently not indexed,group-generator,generate|group|group|generated-result|group|general,1,0.593,DIFFERENT,https://search.google.com/search-console/inspect?resource_id=sc-domain:funnytools.win&id=xhcPEtvuYsqz_yVPZ2Haig&utm_medium=link&utm_source=api
https://funnytools.win/en/tools/image-compressor/,Blocked/Error,https://funnytools.win/en/tools/image-compressor/,,SELF_MATCH,Excluded by ‘noindex’ tag,image-compressor,compress|image-compressor|image-compressor|smaller-file|image-compressor|general,0,,,https://search.google.com/search-console/inspect?resource_id=sc-domain:funnytools.win&id=blGRRdX928DreRHFa9O2dg&utm_medium=link&utm_source=api
https://funnytools.win/en/tools/image-crop/,Crawled Not Indexed,https://funnytools.win/en/tools/image-crop/,https://funnytools.win/en/tools/image-crop/,SELF_MATCH,Crawled - currently not indexed,image-crop,transform|image-crop|image-crop|transformed-output|image-crop|general,0,,,https://search.google.com/search-console/inspect?resource_id=sc-domain:funnytools.win&id=ZW_h24vRG3iPBESEp5gGLg&utm_medium=link&utm_source=api
https://funnytools.win/en/tools/image-resizer/,Unknown,,,GOOGLE_CANONICAL_ABSENT,URL is unknown to Google,image-resizer,transform|image-resizer|image-resizer|transformed-output|image-resizer|general,0,,,https://search.google.com/search-console/inspect?resource_id=sc-domain:funnytools.win&id=trMv7jGD6KUF7XLrwt3iig&utm_medium=link&utm_source=api
https://funnytools.win/en/tools/image-rotate-flip/,Crawled Not Indexed,https://funnytools.win/en/tools/image-rotate-flip/,https://funnytools.win/en/tools/image-rotate-flip/,SELF_MATCH,Crawled - currently not indexed,image-rotate-flip,transform|image-rotate-flip|image-rotate-flip|transformed-output|image-rotate-flip|general,0,,,https://search.google.com/search-console/inspect?resource_id=sc-domain:funnytools.win&id=1UWyony99BG9MhqKdYuwAg&utm_medium=link&utm_source=api
https://funnytools.win/en/tools/image-to-base64/,Crawled Not Indexed,https://funnytools.win/en/tools/image-to-base64/,https://funnytools.win/en/tools/image-to-base64/,SELF_MATCH,Crawled - currently not indexed,image-to-base64,convert|image|base64|base64-output|directional-conversion|general,0,,,https://search.google.com/search-console/inspect?resource_id=sc-domain:funnytools.win&id=u2bt77hMs39UKzX2U7dscw&utm_medium=link&utm_source=api
https://funnytools.win/en/tools/image-to-dxf/,Unknown,,,GOOGLE_CANONICAL_ABSENT,URL is unknown to Google,image-to-dxf,convert|image|dxf|dxf-output|directional-conversion|general,0,,,https://search.google.com/search-console/inspect?resource_id=sc-domain:funnytools.win&id=O6eciqijv755GTExAJb2tQ&utm_medium=link&utm_source=api
https://funnytools.win/en/tools/images-to-pdf/,Crawled Not Indexed,https://funnytools.win/en/tools/images-to-pdf/,https://funnytools.win/en/tools/images-to-pdf/,SELF_MATCH,Crawled - currently not indexed,images-to-pdf,convert|images|pdf|pdf-output|directional-conversion|general,0,,,https://search.google.com/search-console/inspect?resource_id=sc-domain:funnytools.win&id=9fJt37Q3toTTRhBtOfgiOw&utm_medium=link&utm_source=api
https://funnytools.win/en/tools/independent-samples-t-test-calculator/,Crawled Not Indexed,https://funnytools.win/en/tools/independent-samples-t-test-calculator/,https://funnytools.win/en/tools/independent-samples-t-test-calculator/,SELF_MATCH,Crawled - currently not indexed,independent-samples-t-test-calculator,calculate|independent-samples-t-test|independent-samples-t-test|calculated-result|independent-samples-t-test|general,0,,,https://search.google.com/search-console/inspect?resource_id=sc-domain:funnytools.win&id=fSCvrzuCVq7rksn-eX0aKA&utm_medium=link&utm_source=api
https://funnytools.win/en/tools/inflation/,Crawled Not Indexed,https://funnytools.win/en/tools/inflation/,https://funnytools.win/en/tools/inflation/,SELF_MATCH,Crawled - currently not indexed,inflation,use|inflation|inflation|tool-result|inflation|general,0,,,https://search.google.com/search-console/inspect?resource_id=sc-domain:funnytools.win&id=WBrAC9WkeEQIfrVuNCqVmw&utm_medium=link&utm_source=api
https://funnytools.win/en/tools/jpg-to-png/,Crawled Not Indexed,https://funnytools.win/en/tools/jpg-to-png/,https://funnytools.win/en/tools/jpg-to-png/,SELF_MATCH,Crawled - currently not indexed,jpg-to-png,convert|jpg|png|png-file|image-format-conversion|general,3,0.841,DIFFERENT,https://search.google.com/search-console/inspect?resource_id=sc-domain:funnytools.win&id=teBycc-7sKFmwQHqdkJdEA&utm_medium=link&utm_source=api
https://funnytools.win/en/tools/jpg-to-webp/,Crawled Not Indexed,https://funnytools.win/en/tools/jpg-to-webp/,https://funnytools.win/en/tools/jpg-to-webp/,SELF_MATCH,Crawled - currently not indexed,jpg-to-webp,convert|jpg|webp|webp-file|image-format-conversion|general,3,0.839,DIFFERENT,https://search.google.com/search-console/inspect?resource_id=sc-domain:funnytools.win&id=M1fq9vVPNZYIXPrfVDzfog&utm_medium=link&utm_source=api
https://funnytools.win/en/tools/json-formatter/,Crawled Not Indexed,https://funnytools.win/en/tools/json-formatter/,https://funnytools.win/en/tools/json-formatter/,SELF_MATCH,Crawled - currently not indexed,json-formatter,format|json-formatter|json-formatter|formatted-output|json-formatter|general,0,,,https://search.google.com/search-console/inspect?resource_id=sc-domain:funnytools.win&id=9zB1vZ7brk7ojR0F7mK_uQ&utm_medium=link&utm_source=api
https://funnytools.win/en/tools/json-to-csv/,Crawled Not Indexed,https://funnytools.win/en/tools/json-to-csv/,https://funnytools.win/en/tools/json-to-csv/,SELF_MATCH,Crawled - currently not indexed,json-to-csv,convert|json|csv|csv-data|data-format-conversion|general,1,0.724,DIFFERENT,https://search.google.com/search-console/inspect?resource_id=sc-domain:funnytools.win&id=bcgknqd-hO1HW0xi7Hyc_w&utm_medium=link&utm_source=api
https://funnytools.win/en/tools/markdown-previewer/,Crawled Not Indexed,https://funnytools.win/en/tools/markdown-previewer/,https://funnytools.win/en/tools/markdown-previewer/,SELF_MATCH,Crawled - currently not indexed,markdown-previewer,preview|markdown-previewer|markdown-previewer|preview|markdown-previewer|general,0,,,https://search.google.com/search-console/inspect?resource_id=sc-domain:funnytools.win&id=z7oLYgDHw6QtWaR8pVQ0gw&utm_medium=link&utm_source=api
https://funnytools.win/en/tools/merge-pdf/,Crawled Not Indexed,https://funnytools.win/en/tools/merge-pdf/,https://funnytools.win/en/tools/merge-pdf/,SELF_MATCH,Crawled - currently not indexed,merge-pdf,merge|pdf-files|pdf|combined-document|pdf-document-assembly|general,0,,,https://search.google.com/search-console/inspect?resource_id=sc-domain:funnytools.win&id=jZB92-PCkimJeQTDe5vl4Q&utm_medium=link&utm_source=api
https://funnytools.win/en/tools/mortgage-payment/,Crawled Not Indexed,https://funnytools.win/en/tools/mortgage-payment/,https://funnytools.win/en/tools/mortgage-payment/,SELF_MATCH,Crawled - currently not indexed,mortgage-payment,use|mortgage-payment|mortgage-payment|tool-result|mortgage-payment|general,0,,,https://search.google.com/search-console/inspect?resource_id=sc-domain:funnytools.win&id=AEJPksKEdeLYkVq6SrsEkw&utm_medium=link&utm_source=api
https://funnytools.win/en/tools/net-salary/,Crawled Not Indexed,https://funnytools.win/en/tools/net-salary/,https://funnytools.win/en/tools/net-salary/,SELF_MATCH,Crawled - currently not indexed,net-salary,calculate|net-salary|net-salary|calculated-result|net-salary|general,0,,,https://search.google.com/search-console/inspect?resource_id=sc-domain:funnytools.win&id=zffpwvLdZxSrcCjnss0mBQ&utm_medium=link&utm_source=api
https://funnytools.win/en/tools/normalized-score-converter/,Crawled Not Indexed,https://funnytools.win/en/tools/normalized-score-converter/,https://funnytools.win/en/tools/normalized-score-converter/,SELF_MATCH,Crawled - currently not indexed,normalized-score-converter,convert|raw-score-and-target-scale|standardized-score|normalized-score|score-standardization|general,1,0.626,ADJACENT,https://search.google.com/search-console/inspect?resource_id=sc-domain:funnytools.win&id=R-Ldy73nABRl_8GixWG4nw&utm_medium=link&utm_source=api
https://funnytools.win/en/tools/overtime-pay/,Crawled Not Indexed,https://funnytools.win/en/tools/overtime-pay/,https://funnytools.win/en/tools/overtime-pay/,SELF_MATCH,Crawled - currently not indexed,overtime-pay,use|overtime-pay|overtime-pay|tool-result|overtime-pay|general,0,,,https://search.google.com/search-console/inspect?resource_id=sc-domain:funnytools.win&id=cX6tUp6peZNQ226gx4lqZw&utm_medium=link&utm_source=api
https://funnytools.win/en/tools/password-generator/,Crawled Not Indexed,https://funnytools.win/en/tools/password-generator/,https://funnytools.win/en/tools/password-generator/,SELF_MATCH,Crawled - currently not indexed,password-generator,generate|password|password|generated-result|password|general,0,,,https://search.google.com/search-console/inspect?resource_id=sc-domain:funnytools.win&id=Ve8YutMI6OdkVnkktPyr2A&utm_medium=link&utm_source=api
https://funnytools.win/en/tools/pdf-compressor/,Crawled Not Indexed,https://funnytools.win/en/tools/pdf-compressor/,https://funnytools.win/en/tools/pdf-compressor/,SELF_MATCH,Crawled - currently not indexed,pdf-compressor,compress|pdf-compressor|pdf-compressor|smaller-file|pdf-compressor|general,0,,,https://search.google.com/search-console/inspect?resource_id=sc-domain:funnytools.win&id=rcv7_Lx_pooo07FuEdm6sA&utm_medium=link&utm_source=api
https://funnytools.win/en/tools/pdf-page-reorder/,Crawled Not Indexed,https://funnytools.win/en/tools/pdf-page-reorder/,https://funnytools.win/en/tools/pdf-page-reorder/,SELF_MATCH,Crawled - currently not indexed,pdf-page-reorder,reorder|pdf|pdf|reordered-document|pdf-page-editing|general,0,,,https://search.google.com/search-console/inspect?resource_id=sc-domain:funnytools.win&id=WQ1Caex-p2umW2UCfAQgtg&utm_medium=link&utm_source=api
https://funnytools.win/en/tools/pdf-table-to-excel/,Unknown,,,GOOGLE_CANONICAL_ABSENT,URL is unknown to Google,pdf-table-to-excel,convert|pdf-table|excel|spreadsheet-data|table-extraction|general,0,,,https://search.google.com/search-console/inspect?resource_id=sc-domain:funnytools.win&id=LG2zb9LI-aNTQ8cb5XWIsQ&utm_medium=link&utm_source=api
https://funnytools.win/en/tools/pdf-to-image/,Unknown,,,GOOGLE_CANONICAL_ABSENT,URL is unknown to Google,pdf-to-image,convert|pdf|image|image-files|pdf-rendering|general,0,,,https://search.google.com/search-console/inspect?resource_id=sc-domain:funnytools.win&id=8nIHj9SMfXUSJhfLV8vdJQ&utm_medium=link&utm_source=api
https://funnytools.win/en/tools/pdf-to-word/,Unknown,,,GOOGLE_CANONICAL_ABSENT,URL is unknown to Google,pdf-to-word,convert|pdf|word|word-document|document-conversion|general,0,,,https://search.google.com/search-console/inspect?resource_id=sc-domain:funnytools.win&id=GSyQTf059zWUrddTjRpQ9w&utm_medium=link&utm_source=api
https://funnytools.win/en/tools/percentage-calculator/,Crawled Not Indexed,https://funnytools.win/en/tools/percentage-calculator/,https://funnytools.win/en/tools/percentage-calculator/,SELF_MATCH,Crawled - currently not indexed,percentage-calculator,calculate|percentage|percentage|calculated-result|percentage|general,0,,,https://search.google.com/search-console/inspect?resource_id=sc-domain:funnytools.win&id=5zd59CSdnRx8VFUGdiiOSQ&utm_medium=link&utm_source=api
https://funnytools.win/en/tools/percentile-rank-calculator/,Crawled Not Indexed,https://funnytools.win/en/tools/percentile-rank-calculator/,https://funnytools.win/en/tools/percentile-rank-calculator/,SELF_MATCH,Crawled - currently not indexed,percentile-rank-calculator,calculate|score-and-distribution|rank|percentile-rank|rank-calculation|general,1,0.599,ADJACENT,https://search.google.com/search-console/inspect?resource_id=sc-domain:funnytools.win&id=CGfvG2D97UNFkfw_v2CbpQ&utm_medium=link&utm_source=api
https://funnytools.win/en/tools/pie-chart-maker/,Crawled Not Indexed,https://funnytools.win/en/tools/pie-chart-maker/,https://funnytools.win/en/tools/pie-chart-maker/,SELF_MATCH,Crawled - currently not indexed,pie-chart-maker,create|pie-chart|pie-chart|created-artifact|pie-chart|general,0,,,https://search.google.com/search-console/inspect?resource_id=sc-domain:funnytools.win&id=WAegVIMfHayJAxSNDIZENA&utm_medium=link&utm_source=api
https://funnytools.win/en/tools/png-to-jpg/,Crawled Not Indexed,https://funnytools.win/en/tools/png-to-jpg/,https://funnytools.win/en/tools/png-to-jpg/,SELF_MATCH,Crawled - currently not indexed,png-to-jpg,convert|png|jpg|jpg-file|image-format-conversion|general,3,0.841,DIFFERENT,https://search.google.com/search-console/inspect?resource_id=sc-domain:funnytools.win&id=JoruiontN3WKTqXOHLu-MA&utm_medium=link&utm_source=api
https://funnytools.win/en/tools/pomodoro-timer/,Unknown,,,GOOGLE_CANONICAL_ABSENT,URL is unknown to Google,pomodoro-timer,use|pomodoro-timer|pomodoro-timer|tool-result|pomodoro-timer|general,0,,,https://search.google.com/search-console/inspect?resource_id=sc-domain:funnytools.win&id=u_OLkx9Q5N3aMXfOa_3yLA&utm_medium=link&utm_source=api
https://funnytools.win/en/tools/qr-code-generator/,Unknown,,,GOOGLE_CANONICAL_ABSENT,URL is unknown to Google,qr-code-generator,generate|qr-code|qr-code|generated-result|qr-code|general,0,,,https://search.google.com/search-console/inspect?resource_id=sc-domain:funnytools.win&id=p-9TlTdKzzLRIVo1uoXBtQ&utm_medium=link&utm_source=api
https://funnytools.win/en/tools/random-group-generator/,Unknown,,,GOOGLE_CANONICAL_ABSENT,URL is unknown to Google,random-group-generator,generate|random-group|random-group|generated-result|random-group|general,1,0.593,DIFFERENT,https://search.google.com/search-console/inspect?resource_id=sc-domain:funnytools.win&id=SfaXVqUHFNET7uWunay6TA&utm_medium=link&utm_source=api
https://funnytools.win/en/tools/random-name-picker/,Crawled Not Indexed,https://funnytools.win/en/tools/random-name-picker/,https://funnytools.win/en/tools/random-name-picker/,SELF_MATCH,Crawled - currently not indexed,random-name-picker,select|random-name-picker|random-name-picker|selected-result|random-name-picker|general,0,,,https://search.google.com/search-console/inspect?resource_id=sc-domain:funnytools.win&id=hYrzCE7Trit2vfQ-K43tgA&utm_medium=link&utm_source=api
https://funnytools.win/en/tools/random-number-picker/,Crawled Not Indexed,https://funnytools.win/en/tools/random-number-picker/,https://funnytools.win/en/tools/random-number-picker/,SELF_MATCH,Crawled - currently not indexed,random-number-picker,select|random-number-picker|random-number-picker|selected-result|random-number-picker|general,0,,,https://search.google.com/search-console/inspect?resource_id=sc-domain:funnytools.win&id=7wx2Nnnh8iQ1C_kaByOfpQ&utm_medium=link&utm_source=api
https://funnytools.win/en/tools/random-student-picker/,Unknown,,,GOOGLE_CANONICAL_ABSENT,URL is unknown to Google,random-student-picker,select|random-student-picker|random-student-picker|selected-result|random-student-picker|general,0,,,https://search.google.com/search-console/inspect?resource_id=sc-domain:funnytools.win&id=SzjDBEcj3onAfJlOd86GPw&utm_medium=link&utm_source=api
https://funnytools.win/en/tools/random-wheel/,Crawled Not Indexed,https://funnytools.win/en/tools/random-wheel/,https://funnytools.win/en/tools/random-wheel/,SELF_MATCH,Crawled - currently not indexed,random-wheel,select|random-wheel|random-wheel|selected-result|random-wheel|general,0,,,https://search.google.com/search-console/inspect?resource_id=sc-domain:funnytools.win&id=Z8-IcUCZ4faVsShmrXXkdg&utm_medium=link&utm_source=api
https://funnytools.win/en/tools/remove-duplicate-lines/,Crawled Not Indexed,https://funnytools.win/en/tools/remove-duplicate-lines/,https://funnytools.win/en/tools/remove-duplicate-lines/,SELF_MATCH,Crawled - currently not indexed,remove-duplicate-lines,remove|remove-duplicate-lines|remove-duplicate-lines|cleaned-output|remove-duplicate-lines|general,0,,,https://search.google.com/search-console/inspect?resource_id=sc-domain:funnytools.win&id=RCoqeGUgE2XvL4XdWJA_sg&utm_medium=link&utm_source=api
https://funnytools.win/en/tools/remove-empty-lines/,Crawled Not Indexed,https://funnytools.win/en/tools/remove-empty-lines/,https://funnytools.win/en/tools/remove-empty-lines/,SELF_MATCH,Crawled - currently not indexed,remove-empty-lines,remove|remove-empty-lines|remove-empty-lines|cleaned-output|remove-empty-lines|general,0,,,https://search.google.com/search-console/inspect?resource_id=sc-domain:funnytools.win&id=yFL5xH3yZlC2Thrp7Utbyg&utm_medium=link&utm_source=api
https://funnytools.win/en/tools/rotate-pdf/,Unknown,,,GOOGLE_CANONICAL_ABSENT,URL is unknown to Google,rotate-pdf,transform|rotate-pdf|rotate-pdf|transformed-output|rotate-pdf|general,0,,,https://search.google.com/search-console/inspect?resource_id=sc-domain:funnytools.win&id=mYyCUKlh2kq8BQ1uEcHo4w&utm_medium=link&utm_source=api
https://funnytools.win/en/tools/savings-goal/,Crawled Not Indexed,https://funnytools.win/en/tools/savings-goal/,https://funnytools.win/en/tools/savings-goal/,SELF_MATCH,Crawled - currently not indexed,savings-goal,use|savings-goal|savings-goal|tool-result|savings-goal|general,0,,,https://search.google.com/search-console/inspect?resource_id=sc-domain:funnytools.win&id=rE1-phKpINsEhQkm-xqckQ&utm_medium=link&utm_source=api
https://funnytools.win/en/tools/seating-chart/,Crawled Not Indexed,https://funnytools.win/en/tools/seating-chart/,https://funnytools.win/en/tools/seating-chart/,SELF_MATCH,Crawled - currently not indexed,seating-chart,use|seating-chart|seating-chart|tool-result|seating-chart|general,0,,,https://search.google.com/search-console/inspect?resource_id=sc-domain:funnytools.win&id=jNYeykowS3eL87Qdk4RHRA&utm_medium=link&utm_source=api
https://funnytools.win/en/tools/sketchpad/,Crawled Not Indexed,https://funnytools.win/en/tools/sketchpad/,https://funnytools.win/en/tools/sketchpad/,SELF_MATCH,Crawled - currently not indexed,sketchpad,create|sketchpad|sketchpad|created-artifact|sketchpad|general,0,,,https://search.google.com/search-console/inspect?resource_id=sc-domain:funnytools.win&id=_tzcEKeCSnvVrzFhB8LRjw&utm_medium=link&utm_source=api
https://funnytools.win/en/tools/sort-lines/,Crawled Not Indexed,https://funnytools.win/en/tools/sort-lines/,https://funnytools.win/en/tools/sort-lines/,SELF_MATCH,Crawled - currently not indexed,sort-lines,sort|sort-lines|sort-lines|sorted-output|sort-lines|general,0,,,https://search.google.com/search-console/inspect?resource_id=sc-domain:funnytools.win&id=yibrzuGCP73eFlmvKsxn0A&utm_medium=link&utm_source=api
https://funnytools.win/en/tools/split-pdf/,Crawled Not Indexed,https://funnytools.win/en/tools/split-pdf/,https://funnytools.win/en/tools/split-pdf/,SELF_MATCH,Crawled - currently not indexed,split-pdf,split|pdf|pdf-files|separate-documents|pdf-document-assembly|general,0,,,https://search.google.com/search-console/inspect?resource_id=sc-domain:funnytools.win&id=sOFnZSCaFMtP4aXTnM7SYQ&utm_medium=link&utm_source=api
https://funnytools.win/en/tools/spss-result-interpreter/,Unknown,,,GOOGLE_CANONICAL_ABSENT,URL is unknown to Google,spss-result-interpreter,interpret|spss-result-interpreter|spss-result-interpreter|interpreted-result|spss-result-interpreter|general,1,0.367,ADJACENT,https://search.google.com/search-console/inspect?resource_id=sc-domain:funnytools.win&id=xY3-PTmhySJ3K6KKY-9YYQ&utm_medium=link&utm_source=api
https://funnytools.win/en/tools/standard-deviation/,Crawled Not Indexed,https://funnytools.win/en/tools/standard-deviation/,https://funnytools.win/en/tools/standard-deviation/,SELF_MATCH,Crawled - currently not indexed,standard-deviation,calculate|raw-scores|summary-statistics|mean-variance-standard-deviation|descriptive-statistics|general,1,0.674,ADJACENT,https://search.google.com/search-console/inspect?resource_id=sc-domain:funnytools.win&id=UCYfS9yjiUdbw_rjdMmgjw&utm_medium=link&utm_source=api
https://funnytools.win/en/tools/stopwatch/,Unknown,,,GOOGLE_CANONICAL_ABSENT,URL is unknown to Google,stopwatch,use|stopwatch|stopwatch|tool-result|stopwatch|general,0,,,https://search.google.com/search-console/inspect?resource_id=sc-domain:funnytools.win&id=Do9PE9cgPt5OuwBnagUpBQ&utm_medium=link&utm_source=api
https://funnytools.win/en/tools/t-score-calculator/,Crawled Not Indexed,https://funnytools.win/en/tools/t-score-calculator/,https://funnytools.win/en/tools/t-score-calculator/,SELF_MATCH,Crawled - currently not indexed,t-score-calculator,calculate|z-score|standardized-score|t-score|score-standardization|general,4,0.815,ADJACENT; COMPLEMENTARY,https://search.google.com/search-console/inspect?resource_id=sc-domain:funnytools.win&id=5j-YPmkvOQiMXrwrIHuioQ&utm_medium=link&utm_source=api
https://funnytools.win/en/tools/teacher-exam-score-converter/,Crawled Not Indexed,https://funnytools.win/en/tools/teacher-exam-score-converter/,https://funnytools.win/en/tools/teacher-exam-score-converter/,SELF_MATCH,Crawled - currently not indexed,teacher-exam-score-converter,calculate|teacher-exam-score-converter|teacher-exam-score-converter|calculated-result|teacher-exam-score-converter|general,1,0.7,ADJACENT,https://search.google.com/search-console/inspect?resource_id=sc-domain:funnytools.win&id=-KpeQJGAdrsPC6LWACjIYg&utm_medium=link&utm_source=api
https://funnytools.win/en/tools/this-or-that/,Crawled Not Indexed,https://funnytools.win/en/tools/this-or-that/,https://funnytools.win/en/tools/this-or-that/,SELF_MATCH,Crawled - currently not indexed,this-or-that,use|this-or-that|this-or-that|tool-result|this-or-that|general,0,,,https://search.google.com/search-console/inspect?resource_id=sc-domain:funnytools.win&id=jlq4kOJgIkzrultvQ8OfBg&utm_medium=link&utm_source=api
https://funnytools.win/en/tools/timestamp-converter/,Crawled Not Indexed,https://funnytools.win/en/tools/timestamp-converter/,https://funnytools.win/en/tools/timestamp-converter/,SELF_MATCH,Crawled - currently not indexed,timestamp-converter,use|timestamp-converter|timestamp-converter|tool-result|timestamp-converter|general,0,,,https://search.google.com/search-console/inspect?resource_id=sc-domain:funnytools.win&id=3z3gsoE-X46JVXY1CxURXA&utm_medium=link&utm_source=api
https://funnytools.win/en/tools/url-encoder/,Crawled Not Indexed,https://funnytools.win/en/tools/url-encoder/,https://funnytools.win/en/tools/url-encoder/,SELF_MATCH,Crawled - currently not indexed,url-encoder,use|url-encoder|url-encoder|tool-result|url-encoder|general,0,,,https://search.google.com/search-console/inspect?resource_id=sc-domain:funnytools.win&id=-6vvqf4bIMXNClvdRXsEnw&utm_medium=link&utm_source=api
https://funnytools.win/en/tools/uuid-generator/,Crawled Not Indexed,https://funnytools.win/en/tools/uuid-generator/,https://funnytools.win/en/tools/uuid-generator/,SELF_MATCH,Crawled - currently not indexed,uuid-generator,generate|uuid|uuid|generated-result|uuid|general,0,,,https://search.google.com/search-console/inspect?resource_id=sc-domain:funnytools.win&id=nDlFtgo15X-nUk_zAkNegw&utm_medium=link&utm_source=api
https://funnytools.win/en/tools/webp-to-jpg/,Crawled Not Indexed,https://funnytools.win/en/tools/webp-to-jpg/,https://funnytools.win/en/tools/webp-to-jpg/,SELF_MATCH,Crawled - currently not indexed,webp-to-jpg,convert|webp|jpg|jpg-file|image-format-conversion|general,3,0.839,DIFFERENT,https://search.google.com/search-console/inspect?resource_id=sc-domain:funnytools.win&id=2KZahfPXkoamxlNoN9BtBA&utm_medium=link&utm_source=api
https://funnytools.win/en/tools/weighted-average-calculator/,Crawled Not Indexed,https://funnytools.win/en/tools/weighted-average-calculator/,https://funnytools.win/en/tools/weighted-average-calculator/,SELF_MATCH,Crawled - currently not indexed,weighted-average-calculator,calculate|values-and-weights|weighted-result|weighted-average|weighted-calculation|general,1,0.7,ADJACENT,https://search.google.com/search-console/inspect?resource_id=sc-domain:funnytools.win&id=fU_cCEuCsRCciFjzOdirHw&utm_medium=link&utm_source=api
https://funnytools.win/en/tools/what-to-eat/,Crawled Not Indexed,https://funnytools.win/en/tools/what-to-eat/,https://funnytools.win/en/tools/what-to-eat/,SELF_MATCH,Crawled - currently not indexed,what-to-eat,convert|what|eat|eat-output|directional-conversion|general,0,,,https://search.google.com/search-console/inspect?resource_id=sc-domain:funnytools.win&id=vBQOHTiCllGGsRtq8hhuaA&utm_medium=link&utm_source=api
https://funnytools.win/en/tools/word-counter/,Crawled Not Indexed,https://funnytools.win/en/tools/word-counter/,https://funnytools.win/en/tools/word-counter/,SELF_MATCH,Crawled - currently not indexed,word-counter,count|word-counter|word-counter|count|word-counter|general,0,,,https://search.google.com/search-console/inspect?resource_id=sc-domain:funnytools.win&id=Df_nWLPu92yTd5LuoT8jFg&utm_medium=link&utm_source=api
https://funnytools.win/en/tools/z-score-calculator/,Crawled Not Indexed,https://funnytools.win/en/tools/z-score-calculator/,https://funnytools.win/en/tools/z-score-calculator/,SELF_MATCH,Crawled - currently not indexed,z-score-calculator,calculate|score-and-distribution|standardized-score|z-score|score-standardization|general,6,0.764,ADJACENT; COMPLEMENTARY,https://search.google.com/search-console/inspect?resource_id=sc-domain:funnytools.win&id=L_QiL46ahGrHN0M-IxQFlA&utm_medium=link&utm_source=api
https://funnytools.win/en/workflows/,Crawled Not Indexed,https://funnytools.win/en/workflows/,https://funnytools.win/en/workflows/,SELF_MATCH,Crawled - currently not indexed,,,0,,,https://search.google.com/search-console/inspect?resource_id=sc-domain:funnytools.win&id=w5iAncYi09sGfDSRyDFRtQ&utm_medium=link&utm_source=api
https://funnytools.win/en/workflows/creator-social-toolkit/,Crawled Not Indexed,https://funnytools.win/en/workflows/creator-social-toolkit/,https://funnytools.win/en/workflows/creator-social-toolkit/,SELF_MATCH,Crawled - currently not indexed,,,0,,,https://search.google.com/search-console/inspect?resource_id=sc-domain:funnytools.win&id=YwuZSCV7tx67hurUgydbEw&utm_medium=link&utm_source=api
https://funnytools.win/en/workflows/daily-decision-toolkit/,Unknown,,,GOOGLE_CANONICAL_ABSENT,URL is unknown to Google,,,0,,,https://search.google.com/search-console/inspect?resource_id=sc-domain:funnytools.win&id=udna2Di5dRaVqQZzsc9HUw&utm_medium=link&utm_source=api
https://funnytools.win/en/workflows/graduate-statistics-report-toolkit/,Crawled Not Indexed,https://funnytools.win/en/workflows/graduate-statistics-report-toolkit/,https://funnytools.win/en/workflows/graduate-statistics-report-toolkit/,SELF_MATCH,Crawled - currently not indexed,,,0,,,https://search.google.com/search-console/inspect?resource_id=sc-domain:funnytools.win&id=hg12qkppd_P7g-oocF4OEg&utm_medium=link&utm_source=api
https://funnytools.win/en/workflows/office-document-toolkit/,Crawled Not Indexed,https://funnytools.win/en/workflows/office-document-toolkit/,https://funnytools.win/en/workflows/office-document-toolkit/,SELF_MATCH,Crawled - currently not indexed,,,0,,,https://search.google.com/search-console/inspect?resource_id=sc-domain:funnytools.win&id=etbIM-agNyObs_pAbA-N7w&utm_medium=link&utm_source=api
https://funnytools.win/en/workflows/student-report-toolkit/,Crawled Not Indexed,https://funnytools.win/en/workflows/student-report-toolkit/,https://funnytools.win/en/workflows/student-report-toolkit/,SELF_MATCH,Crawled - currently not indexed,,,0,,,https://search.google.com/search-console/inspect?resource_id=sc-domain:funnytools.win&id=NvjKUyywMMFWdwD6J20CaA&utm_medium=link&utm_source=api
https://funnytools.win/en/workflows/teacher-classroom-random-toolkit/,Unknown,,,GOOGLE_CANONICAL_ABSENT,URL is unknown to Google,,,0,,,https://search.google.com/search-console/inspect?resource_id=sc-domain:funnytools.win&id=baKpmQ29BhgpJ1HBTohtgw&utm_medium=link&utm_source=api
https://funnytools.win/en/workflows/teacher-exam-score-toolkit/,Crawled Not Indexed,https://funnytools.win/en/workflows/teacher-exam-score-toolkit/,https://funnytools.win/en/workflows/teacher-exam-score-toolkit/,SELF_MATCH,Crawled - currently not indexed,,,3,0.69,ADJACENT,https://search.google.com/search-console/inspect?resource_id=sc-domain:funnytools.win&id=1Fb3uapQ3z14_FNqCcy5nQ&utm_medium=link&utm_source=api
https://funnytools.win/es/,Indexed,https://funnytools.win/es/,https://funnytools.win/es/,SELF_MATCH,Enviada e indexada,,,1,0.884,ADJACENT,https://search.google.com/search-console/inspect?resource_id=sc-domain:funnytools.win&id=NFPug0Z6gOFYTcKmpD6qWw&utm_medium=link&utm_source=api
https://funnytools.win/es/apoyar-funnytools/,Crawled Not Indexed,https://funnytools.win/es/apoyar-funnytools/,https://funnytools.win/es/apoyar-funnytools/,SELF_MATCH,Rastreada: actualmente sin indexar,,,4,0.843,ADJACENT,https://search.google.com/search-console/inspect?resource_id=sc-domain:funnytools.win&id=uyn50_Pnkc6HwdEf04-OnA&utm_medium=link&utm_source=api
https://funnytools.win/es/aviso-legal/,Crawled Not Indexed,https://funnytools.win/es/aviso-legal/,https://funnytools.win/es/aviso-legal/,SELF_MATCH,Rastreada: actualmente sin indexar,,,14,0.857,ADJACENT; UNKNOWN,https://search.google.com/search-console/inspect?resource_id=sc-domain:funnytools.win&id=xpRkZeEFRGSnpk6JRvytwg&utm_medium=link&utm_source=api
https://funnytools.win/es/categorias/azar/,Crawled Not Indexed,https://funnytools.win/es/categorias/azar/,https://funnytools.win/es/categorias/azar/,SELF_MATCH,Rastreada: actualmente sin indexar,,,5,0.827,ADJACENT; UNKNOWN,https://search.google.com/search-console/inspect?resource_id=sc-domain:funnytools.win&id=9V2stI_8tF_r2d_pGZVHbA&utm_medium=link&utm_source=api
https://funnytools.win/es/categorias/dibujo/,Crawled Not Indexed,https://funnytools.win/es/categorias/dibujo/,https://funnytools.win/es/categorias/dibujo/,SELF_MATCH,Rastreada: actualmente sin indexar,,,1,0.794,UNKNOWN,https://search.google.com/search-console/inspect?resource_id=sc-domain:funnytools.win&id=e7-naWyUpDTH9swjQTIC6A&utm_medium=link&utm_source=api
https://funnytools.win/es/categorias/dinero/,Crawled Not Indexed,https://funnytools.win/es/categorias/dinero/,https://funnytools.win/es/categorias/dinero/,SELF_MATCH,Rastreada: actualmente sin indexar,,,0,,,https://search.google.com/search-console/inspect?resource_id=sc-domain:funnytools.win&id=bDr9YCbPUmBDhySvYwFFcA&utm_medium=link&utm_source=api
https://funnytools.win/es/categorias/estadistica/,Crawled Not Indexed,https://funnytools.win/es/categorias/estadistica/,https://funnytools.win/es/categorias/estadistica/,SELF_MATCH,Rastreada: actualmente sin indexar,,,11,0.878,ADJACENT; UNKNOWN,https://search.google.com/search-console/inspect?resource_id=sc-domain:funnytools.win&id=mPgW1sAqQw5O7P-U4X7PPg&utm_medium=link&utm_source=api
https://funnytools.win/es/categorias/estudio/,Unknown,,,GOOGLE_CANONICAL_ABSENT,Google no reconoce esta URL,,,16,0.83,ADJACENT; UNKNOWN,https://search.google.com/search-console/inspect?resource_id=sc-domain:funnytools.win&id=KlqYaJJBx8qpedDCDDCouQ&utm_medium=link&utm_source=api
https://funnytools.win/es/categorias/imagen/,Unknown,,,GOOGLE_CANONICAL_ABSENT,Google no reconoce esta URL,,,5,0.86,ADJACENT; UNKNOWN,https://search.google.com/search-console/inspect?resource_id=sc-domain:funnytools.win&id=iTDPbtnwfm8CUheO17vJ-g&utm_medium=link&utm_source=api
https://funnytools.win/es/categorias/pdf/,Crawled Not Indexed,https://funnytools.win/es/categorias/pdf/,https://funnytools.win/es/categorias/pdf/,SELF_MATCH,Rastreada: actualmente sin indexar,,,7,0.875,ADJACENT; UNKNOWN,https://search.google.com/search-console/inspect?resource_id=sc-domain:funnytools.win&id=t3IYc9CdyzkbtReioNmxXg&utm_medium=link&utm_source=api
https://funnytools.win/es/categorias/texto/,Crawled Not Indexed,https://funnytools.win/es/categorias/texto/,https://funnytools.win/es/categorias/texto/,SELF_MATCH,Rastreada: actualmente sin indexar,,,2,0.811,UNKNOWN,https://search.google.com/search-console/inspect?resource_id=sc-domain:funnytools.win&id=4np8332APXHDmRAgpYekig&utm_medium=link&utm_source=api
https://funnytools.win/es/categorias/tiempo/,Unknown,,,GOOGLE_CANONICAL_ABSENT,Google no reconoce esta URL,,,1,0.784,UNKNOWN,https://search.google.com/search-console/inspect?resource_id=sc-domain:funnytools.win&id=jrC7eJuHkvT6mcI00OhGQw&utm_medium=link&utm_source=api
https://funnytools.win/es/como-funcionan-las-herramientas/,Unknown,,,GOOGLE_CANONICAL_ABSENT,Google no reconoce esta URL,,,9,0.87,ADJACENT; UNKNOWN,https://search.google.com/search-console/inspect?resource_id=sc-domain:funnytools.win&id=yrEQmhFpDZnomh_xmblMGg&utm_medium=link&utm_source=api
https://funnytools.win/es/condiciones-de-uso/,Crawled Not Indexed,https://funnytools.win/es/condiciones-de-uso/,https://funnytools.win/es/condiciones-de-uso/,SELF_MATCH,Rastreada: actualmente sin indexar,,,7,0.853,ADJACENT; UNKNOWN,https://search.google.com/search-console/inspect?resource_id=sc-domain:funnytools.win&id=78v9ihKkwGJZ4f2w0mwxCQ&utm_medium=link&utm_source=api
https://funnytools.win/es/contacto/,Unknown,,,GOOGLE_CANONICAL_ABSENT,Google no reconoce esta URL,,,6,0.851,ADJACENT; UNKNOWN,https://search.google.com/search-console/inspect?resource_id=sc-domain:funnytools.win&id=TLeShk6PqDj5qG_8Z3puTg&utm_medium=link&utm_source=api
https://funnytools.win/es/estadisticas-educativas/,Crawled Not Indexed,https://funnytools.win/es/estadisticas-educativas/,https://funnytools.win/es/estadisticas-educativas/,SELF_MATCH,Rastreada: actualmente sin indexar,,,5,0.878,ADJACENT; UNKNOWN,https://search.google.com/search-console/inspect?resource_id=sc-domain:funnytools.win&id=m-7ZPbhuG0zxU5nzAKzMIg&utm_medium=link&utm_source=api
https://funnytools.win/es/flujos/,Unknown,,,GOOGLE_CANONICAL_ABSENT,Google no reconoce esta URL,,,11,0.811,ADJACENT; UNKNOWN,https://search.google.com/search-console/inspect?resource_id=sc-domain:funnytools.win&id=MVILFWr0QIWuw07vw6AJtw&utm_medium=link&utm_source=api
https://funnytools.win/es/flujos/actividades-aleatorias-aula/,Unknown,,,GOOGLE_CANONICAL_ABSENT,Google no reconoce esta URL,,,2,0.804,UNKNOWN,https://search.google.com/search-console/inspect?resource_id=sc-domain:funnytools.win&id=ICi2giyt8mnUlplCXC1KjQ&utm_medium=link&utm_source=api
https://funnytools.win/es/flujos/calcular-nota-oposicion-docente/,Unknown,,,GOOGLE_CANONICAL_ABSENT,Google no reconoce esta URL,,,0,,,https://search.google.com/search-console/inspect?resource_id=sc-domain:funnytools.win&id=T_UjgxtMU688u6lEYZqegA&utm_medium=link&utm_source=api
https://funnytools.win/es/flujos/contenido-redes-sociales/,Crawled Not Indexed,https://funnytools.win/es/flujos/contenido-redes-sociales/,https://funnytools.win/es/flujos/contenido-redes-sociales/,SELF_MATCH,Rastreada: actualmente sin indexar,,,1,0.82,UNKNOWN,https://search.google.com/search-console/inspect?resource_id=sc-domain:funnytools.win&id=zKwNwMrduMlSoZxIldw7-w&utm_medium=link&utm_source=api
https://funnytools.win/es/flujos/decisiones-cotidianas/,Unknown,,,GOOGLE_CANONICAL_ABSENT,Google no reconoce esta URL,,,4,0.827,UNKNOWN,https://search.google.com/search-console/inspect?resource_id=sc-domain:funnytools.win&id=aA7nU16TlSrai1Cj7GTwkg&utm_medium=link&utm_source=api
https://funnytools.win/es/flujos/documentos-oficina/,Crawled Not Indexed,https://funnytools.win/es/flujos/documentos-oficina/,https://funnytools.win/es/flujos/documentos-oficina/,SELF_MATCH,Rastreada: actualmente sin indexar,,,1,0.797,UNKNOWN,https://search.google.com/search-console/inspect?resource_id=sc-domain:funnytools.win&id=ww3SmB3pd3vxCDVtm76ORg&utm_medium=link&utm_source=api
https://funnytools.win/es/flujos/entrega-informe-estudiantil/,Unknown,,,GOOGLE_CANONICAL_ABSENT,Google no reconoce esta URL,,,1,0.867,UNKNOWN,https://search.google.com/search-console/inspect?resource_id=sc-domain:funnytools.win&id=asxLCIfZhAKbKaNRXAANpw&utm_medium=link&utm_source=api
https://funnytools.win/es/flujos/informe-estadistico-investigacion/,Crawled Not Indexed,https://funnytools.win/es/flujos/informe-estadistico-investigacion/,https://funnytools.win/es/flujos/informe-estadistico-investigacion/,SELF_MATCH,Rastreada: actualmente sin indexar,,,6,0.836,ADJACENT; UNKNOWN,https://search.google.com/search-console/inspect?resource_id=sc-domain:funnytools.win&id=J-fpFQLze2oo8ByTYDmVDg&utm_medium=link&utm_source=api
https://funnytools.win/es/guias/,Unknown,,,GOOGLE_CANONICAL_ABSENT,Google no reconoce esta URL,,,12,0.813,ADJACENT; UNKNOWN,https://search.google.com/search-console/inspect?resource_id=sc-domain:funnytools.win&id=PPdCBoTFDZVhvigYXevTQA&utm_medium=link&utm_source=api
https://funnytools.win/es/guias/a4-o-letter-para-imprimir/,Unknown,,,GOOGLE_CANONICAL_ABSENT,Google no reconoce esta URL,,,0,,,https://search.google.com/search-console/inspect?resource_id=sc-domain:funnytools.win&id=u5NCe5BSqRYlMLYFt2pGCA&utm_medium=link&utm_source=api
https://funnytools.win/es/guias/agrupamientos-equitativos-aula/,Crawled Not Indexed,https://funnytools.win/es/guias/agrupamientos-equitativos-aula/,https://funnytools.win/es/guias/agrupamientos-equitativos-aula/,SELF_MATCH,Rastreada: actualmente sin indexar,,,2,0.836,ADJACENT; UNKNOWN,https://search.google.com/search-console/inspect?resource_id=sc-domain:funnytools.win&id=FuuIqIuaXyCXAmhbrpe3FQ&utm_medium=link&utm_source=api
https://funnytools.win/es/guias/anova-formato-apa-7/,Unknown,,,GOOGLE_CANONICAL_ABSENT,Google no reconoce esta URL,,,3,0.853,ADJACENT; COMPLEMENTARY,https://search.google.com/search-console/inspect?resource_id=sc-domain:funnytools.win&id=ijZpluIJwV6T64n5SKcf3Q&utm_medium=link&utm_source=api
https://funnytools.win/es/guias/calcular-nota-oposicion-docente/,Crawled Not Indexed,https://funnytools.win/es/guias/calcular-nota-oposicion-docente/,https://funnytools.win/es/guias/calcular-nota-oposicion-docente/,SELF_MATCH,Rastreada: actualmente sin indexar,,,0,,,https://search.google.com/search-console/inspect?resource_id=sc-domain:funnytools.win&id=IfhtEr_74NdDuzt6ugeiFQ&utm_medium=link&utm_source=api
https://funnytools.win/es/guias/calcular-porcentajes-rapido/,Unknown,,,GOOGLE_CANONICAL_ABSENT,Google no reconoce esta URL,,,0,,,https://search.google.com/search-console/inspect?resource_id=sc-domain:funnytools.win&id=OjpuQELhlkXg-0n6e7UYrA&utm_medium=link&utm_source=api
https://funnytools.win/es/guias/codigos-qr-en-el-aula/,Unknown,,,GOOGLE_CANONICAL_ABSENT,Google no reconoce esta URL,,,3,0.825,ADJACENT; COMPLEMENTARY; UNKNOWN,https://search.google.com/search-console/inspect?resource_id=sc-domain:funnytools.win&id=j90i5pGBq1Hdbq-bnLui9Q&utm_medium=link&utm_source=api
https://funnytools.win/es/guias/comprimir-fotos-para-email/,Unknown,,,GOOGLE_CANONICAL_ABSENT,Google no reconoce esta URL,,,4,0.86,ADJACENT; COMPLEMENTARY; DIFFERENT; UNKNOWN,https://search.google.com/search-console/inspect?resource_id=sc-domain:funnytools.win&id=Si7NiA0uVDdDdT4Sc_xITQ&utm_medium=link&utm_source=api
https://funnytools.win/es/guias/contrasena-segura-fuerte/,Unknown,,,GOOGLE_CANONICAL_ABSENT,Google no reconoce esta URL,,,1,0.847,COMPLEMENTARY,https://search.google.com/search-console/inspect?resource_id=sc-domain:funnytools.win&id=2DjCWeazD9f5TQ3ugt85hA&utm_medium=link&utm_source=api
https://funnytools.win/es/guias/fluidez-tablas-multiplicar/,Unknown,,,GOOGLE_CANONICAL_ABSENT,Google no reconoce esta URL,,,0,,,https://search.google.com/search-console/inspect?resource_id=sc-domain:funnytools.win&id=0ehfaOvasaCinD8zIh7j-Q&utm_medium=link&utm_source=api
https://funnytools.win/es/guias/fotos-a-pdf-desde-movil/,Unknown,,,GOOGLE_CANONICAL_ABSENT,Google no reconoce esta URL,,,6,0.832,ADJACENT; COMPLEMENTARY; DIFFERENT; UNKNOWN,https://search.google.com/search-console/inspect?resource_id=sc-domain:funnytools.win&id=m5ac2I1Q5j-zz7_0ig0pbw&utm_medium=link&utm_source=api
https://funnytools.win/es/guias/grafico-barras-trabajo-escolar/,Unknown,,,GOOGLE_CANONICAL_ABSENT,Google no reconoce esta URL,,,1,0.815,COMPLEMENTARY,https://search.google.com/search-console/inspect?resource_id=sc-domain:funnytools.win&id=DHlUR5vYa782WoORj_fiDA&utm_medium=link&utm_source=api
https://funnytools.win/es/guias/grupos-aleatorios-clase/,Unknown,,,GOOGLE_CANONICAL_ABSENT,Google no reconoce esta URL,,,3,0.836,ADJACENT; COMPLEMENTARY; UNKNOWN,https://search.google.com/search-console/inspect?resource_id=sc-domain:funnytools.win&id=8XMHttDm3So8YQD_AmiHyg&utm_medium=link&utm_source=api
https://funnytools.win/es/guias/interaccion-anova-dos-factores/,Unknown,,,GOOGLE_CANONICAL_ABSENT,Google no reconoce esta URL,,,1,0.831,ADJACENT,https://search.google.com/search-console/inspect?resource_id=sc-domain:funnytools.win&id=yTJuEPFzgn7U9Sni1Zw5PQ&utm_medium=link&utm_source=api
https://funnytools.win/es/guias/kb-mb-gb-tb-conversion/,Unknown,,,GOOGLE_CANONICAL_ABSENT,Google no reconoce esta URL,,,0,,,https://search.google.com/search-console/inspect?resource_id=sc-domain:funnytools.win&id=oyD4TaLJhkAvHja3jdRqzA&utm_medium=link&utm_source=api
https://funnytools.win/es/guias/limite-palabras-ensayos-examenes/,Unknown,,,GOOGLE_CANONICAL_ABSENT,Google no reconoce esta URL,,,1,0.836,COMPLEMENTARY,https://search.google.com/search-console/inspect?resource_id=sc-domain:funnytools.win&id=7wWSoEemnJ2UWPSVmdYAKw&utm_medium=link&utm_source=api
https://funnytools.win/es/guias/prueba-levene-spss/,Crawled Not Indexed,https://funnytools.win/es/guias/prueba-levene-spss/,https://funnytools.win/es/guias/prueba-levene-spss/,SELF_MATCH,Rastreada: actualmente sin indexar,,,2,0.88,COMPLEMENTARY; DIFFERENT,https://search.google.com/search-console/inspect?resource_id=sc-domain:funnytools.win&id=lshpTiFUcAcDi2eGG4S2fQ&utm_medium=link&utm_source=api
https://funnytools.win/es/guias/prueba-t-formato-apa-7/,Unknown,,,GOOGLE_CANONICAL_ABSENT,Google no reconoce esta URL,,,6,0.836,COMPLEMENTARY; DIFFERENT; UNKNOWN,https://search.google.com/search-console/inspect?resource_id=sc-domain:funnytools.win&id=zFwjR0YXPKVUHUpLzZ-2nQ&utm_medium=link&utm_source=api
https://funnytools.win/es/guias/puntuacion-t-interpretacion/,Crawled Not Indexed,https://funnytools.win/es/guias/puntuacion-t-interpretacion/,https://funnytools.win/es/guias/puntuacion-t-interpretacion/,SELF_MATCH,Rastreada: actualmente sin indexar,,,1,0.857,COMPLEMENTARY,https://search.google.com/search-console/inspect?resource_id=sc-domain:funnytools.win&id=qYTWsmZpQ6p-uESueTkHaQ&utm_medium=link&utm_source=api
https://funnytools.win/es/guias/puntuacion-z-interpretacion/,Crawled Not Indexed,https://funnytools.win/es/guias/puntuacion-z-interpretacion/,https://funnytools.win/es/guias/puntuacion-z-interpretacion/,SELF_MATCH,Rastreada: actualmente sin indexar,,,1,0.825,COMPLEMENTARY,https://search.google.com/search-console/inspect?resource_id=sc-domain:funnytools.win&id=lJveahFjP0sa1lG_GsI61A&utm_medium=link&utm_source=api
https://funnytools.win/es/guias/rango-percentil-interpretacion/,Unknown,,,GOOGLE_CANONICAL_ABSENT,Google no reconoce esta URL,,,1,0.875,COMPLEMENTARY,https://search.google.com/search-console/inspect?resource_id=sc-domain:funnytools.win&id=nmNT33CMguocd1tcmd5z8w&utm_medium=link&utm_source=api
https://funnytools.win/es/guias/ruleta-sorteos-clase/,Unknown,,,GOOGLE_CANONICAL_ABSENT,Google no reconoce esta URL,,,4,0.812,ADJACENT; UNKNOWN,https://search.google.com/search-console/inspect?resource_id=sc-domain:funnytools.win&id=qaYPQpzyvyOuSi6lWdnMAQ&utm_medium=link&utm_source=api
https://funnytools.win/es/guias/selector-aleatorio-alumnos/,Unknown,,,GOOGLE_CANONICAL_ABSENT,Google no reconoce esta URL,,,1,0.798,ADJACENT,https://search.google.com/search-console/inspect?resource_id=sc-domain:funnytools.win&id=eVJQ_IuaKa6fELzSDWTo1w&utm_medium=link&utm_source=api
https://funnytools.win/es/guias/temporizador-clase/,Crawled Not Indexed,https://funnytools.win/es/guias/temporizador-clase/,https://funnytools.win/es/guias/temporizador-clase/,SELF_MATCH,Rastreada: actualmente sin indexar,,,0,,,https://search.google.com/search-console/inspect?resource_id=sc-domain:funnytools.win&id=cnqJYC7g6uOXivnP6MP1-w&utm_medium=link&utm_source=api
https://funnytools.win/es/guias/unir-pdf-sin-subir-archivos/,Unknown,,,GOOGLE_CANONICAL_ABSENT,Google no reconoce esta URL,,,9,0.875,ADJACENT; COMPLEMENTARY; UNKNOWN,https://search.google.com/search-console/inspect?resource_id=sc-domain:funnytools.win&id=NJX_Q_9GkwSp6a-UWb29GA&utm_medium=link&utm_source=api
https://funnytools.win/es/herramientas/,Unknown,,,GOOGLE_CANONICAL_ABSENT,Google no reconoce esta URL,,,1,0.884,ADJACENT,https://search.google.com/search-console/inspect?resource_id=sc-domain:funnytools.win&id=rEC2aZfzorvyHZTEhz8kaQ&utm_medium=link&utm_source=api
https://funnytools.win/es/herramientas/cad-2d-online/,Unknown,,,GOOGLE_CANONICAL_ABSENT,Google no reconoce esta URL,cad-2d,use|cad-2d|cad-2d|tool-result|cad-2d|general,0,,,https://search.google.com/search-console/inspect?resource_id=sc-domain:funnytools.win&id=jfq24JE0P-GSTGj85P0bUg&utm_medium=link&utm_source=api
https://funnytools.win/es/herramientas/calculadora-alfa-cronbach/,Crawled Not Indexed,https://funnytools.win/es/herramientas/calculadora-alfa-cronbach/,https://funnytools.win/es/herramientas/calculadora-alfa-cronbach/,SELF_MATCH,Rastreada: actualmente sin indexar,cronbach-alpha-calculator,calculate|cronbach-alpha|cronbach-alpha|calculated-result|cronbach-alpha|general,0,,,https://search.google.com/search-console/inspect?resource_id=sc-domain:funnytools.win&id=Bay-G47wIz5sndaIBn-2CQ&utm_medium=link&utm_source=api
https://funnytools.win/es/herramientas/calculadora-de-edad/,Unknown,,,GOOGLE_CANONICAL_ABSENT,Google no reconoce esta URL,age-calculator,calculate|age|age|calculated-result|age|general,0,,,https://search.google.com/search-console/inspect?resource_id=sc-domain:funnytools.win&id=NUyzDt-5fTgMbncPxADrUw&utm_medium=link&utm_source=api
https://funnytools.win/es/herramientas/calculadora-desviacion-estandar/,Crawled Not Indexed,https://funnytools.win/es/herramientas/calculadora-desviacion-estandar/,https://funnytools.win/es/herramientas/calculadora-desviacion-estandar/,SELF_MATCH,Rastreada: actualmente sin indexar,standard-deviation,calculate|raw-scores|summary-statistics|mean-variance-standard-deviation|descriptive-statistics|general,0,,,https://search.google.com/search-console/inspect?resource_id=sc-domain:funnytools.win&id=SI9Jmm8zGePStOVv7jar5Q&utm_medium=link&utm_source=api
https://funnytools.win/es/herramientas/calculadora-dias-laborables/,Crawled Not Indexed,https://funnytools.win/es/herramientas/calculadora-dias-laborables/,https://funnytools.win/es/herramientas/calculadora-dias-laborables/,SELF_MATCH,Rastreada: actualmente sin indexar,business-days,use|business-days|business-days|tool-result|business-days|general,1,0.825,ADJACENT,https://search.google.com/search-console/inspect?resource_id=sc-domain:funnytools.win&id=qWi3F_PmLpqnqZgm7_emNg&utm_medium=link&utm_source=api
https://funnytools.win/es/herramientas/calculadora-gpa/,Unknown,,,GOOGLE_CANONICAL_ABSENT,Google no reconoce esta URL,gpa-calculator,calculate|gpa|gpa|calculated-result|gpa|general,0,,,https://search.google.com/search-console/inspect?resource_id=sc-domain:funnytools.win&id=vpbNkhmXyroO3e5g68R7zQ&utm_medium=link&utm_source=api
https://funnytools.win/es/herramientas/calculadora-hipoteca/,Crawled Not Indexed,https://funnytools.win/es/herramientas/calculadora-hipoteca/,https://funnytools.win/es/herramientas/calculadora-hipoteca/,SELF_MATCH,Rastreada: actualmente sin indexar,mortgage-payment,use|mortgage-payment|mortgage-payment|tool-result|mortgage-payment|general,0,,,https://search.google.com/search-console/inspect?resource_id=sc-domain:funnytools.win&id=Ri1LiBDXwDIRrEk5-hApiA&utm_medium=link&utm_source=api
https://funnytools.win/es/herramientas/calculadora-horas-extra/,Unknown,,,GOOGLE_CANONICAL_ABSENT,Google no reconoce esta URL,overtime-pay,use|overtime-pay|overtime-pay|tool-result|overtime-pay|general,0,,,https://search.google.com/search-console/inspect?resource_id=sc-domain:funnytools.win&id=yfswA1_XJ0WKzq31ZICNsg&utm_medium=link&utm_source=api
https://funnytools.win/es/herramientas/calculadora-inflacion/,Crawled Not Indexed,https://funnytools.win/es/herramientas/calculadora-inflacion/,https://funnytools.win/es/herramientas/calculadora-inflacion/,SELF_MATCH,Rastreada: actualmente sin indexar,inflation,use|inflation|inflation|tool-result|inflation|general,0,,,https://search.google.com/search-console/inspect?resource_id=sc-domain:funnytools.win&id=eNmXfpMMYxlU-VRnnTME7g&utm_medium=link&utm_source=api
https://funnytools.win/es/herramientas/calculadora-interes-compuesto/,Crawled Not Indexed,https://funnytools.win/es/herramientas/calculadora-interes-compuesto/,https://funnytools.win/es/herramientas/calculadora-interes-compuesto/,SELF_MATCH,Rastreada: actualmente sin indexar,compound-interest,use|compound-interest|compound-interest|tool-result|compound-interest|general,1,0.834,ADJACENT,https://search.google.com/search-console/inspect?resource_id=sc-domain:funnytools.win&id=i7lpHKeuK0paxElbPMXIpw&utm_medium=link&utm_source=api
https://funnytools.win/es/herramientas/calculadora-media-ponderada/,Crawled Not Indexed,https://funnytools.win/es/herramientas/calculadora-media-ponderada/,https://funnytools.win/es/herramientas/calculadora-media-ponderada/,SELF_MATCH,Rastreada: actualmente sin indexar,weighted-average-calculator,calculate|values-and-weights|weighted-result|weighted-average|weighted-calculation|general,0,,,https://search.google.com/search-console/inspect?resource_id=sc-domain:funnytools.win&id=DgG1IpsjLDbTJuRMvFabMQ&utm_medium=link&utm_source=api
https://funnytools.win/es/herramientas/calculadora-meta-ahorro/,Unknown,,,GOOGLE_CANONICAL_ABSENT,Google no reconoce esta URL,savings-goal,use|savings-goal|savings-goal|tool-result|savings-goal|general,1,0.834,ADJACENT,https://search.google.com/search-console/inspect?resource_id=sc-domain:funnytools.win&id=3ROtUs2PoonEoYKFXWpFLg&utm_medium=link&utm_source=api
https://funnytools.win/es/herramientas/calculadora-nota-oposicion-docente/,Crawled Not Indexed,https://funnytools.win/es/herramientas/calculadora-nota-oposicion-docente/,https://funnytools.win/es/herramientas/calculadora-nota-oposicion-docente/,SELF_MATCH,Rastreada: actualmente sin indexar,teacher-exam-score-converter,calculate|teacher-exam-score-converter|teacher-exam-score-converter|calculated-result|teacher-exam-score-converter|general,0,,,https://search.google.com/search-console/inspect?resource_id=sc-domain:funnytools.win&id=Qepo_P29nzgfK3814l5AZw&utm_medium=link&utm_source=api
https://funnytools.win/es/herramientas/calculadora-percentil-ranking-clase/,Crawled Not Indexed,https://funnytools.win/es/herramientas/calculadora-percentil-ranking-clase/,https://funnytools.win/es/herramientas/calculadora-percentil-ranking-clase/,SELF_MATCH,Rastreada: actualmente sin indexar,class-rank-percentile-calculator,calculate|class-rank-percentile|class-rank-percentile|calculated-result|class-rank-percentile|general,0,,,https://search.google.com/search-console/inspect?resource_id=sc-domain:funnytools.win&id=Dy4Ai2eFEdMR6dlvUNoJpg&utm_medium=link&utm_source=api
https://funnytools.win/es/herramientas/calculadora-porcentajes/,Crawled Not Indexed,https://funnytools.win/es/herramientas/calculadora-porcentajes/,https://funnytools.win/es/herramientas/calculadora-porcentajes/,SELF_MATCH,Rastreada: actualmente sin indexar,percentage-calculator,calculate|percentage|percentage|calculated-result|percentage|general,0,,,https://search.google.com/search-console/inspect?resource_id=sc-domain:funnytools.win&id=0JCKnv25PMDYyLGsiEOkog&utm_medium=link&utm_source=api
https://funnytools.win/es/herramientas/calculadora-promedio-notas/,Crawled Not Indexed,https://funnytools.win/es/herramientas/calculadora-promedio-notas/,https://funnytools.win/es/herramientas/calculadora-promedio-notas/,SELF_MATCH,Rastreada: actualmente sin indexar,grade-average,calculate|grades|average-grade|grade-average|grade-calculation|general,0,,,https://search.google.com/search-console/inspect?resource_id=sc-domain:funnytools.win&id=3R1oRbFbMaFgclxBDTTqvA&utm_medium=link&utm_source=api
https://funnytools.win/es/herramientas/calculadora-puntuacion-t/,Crawled Not Indexed,https://funnytools.win/es/herramientas/calculadora-puntuacion-t/,https://funnytools.win/es/herramientas/calculadora-puntuacion-t/,SELF_MATCH,Rastreada: actualmente sin indexar,t-score-calculator,calculate|z-score|standardized-score|t-score|score-standardization|general,1,0.857,COMPLEMENTARY,https://search.google.com/search-console/inspect?resource_id=sc-domain:funnytools.win&id=ldUcy8q9Ny4-RLWzT9_Nqw&utm_medium=link&utm_source=api
https://funnytools.win/es/herramientas/calculadora-puntuacion-z/,Crawled Not Indexed,https://funnytools.win/es/herramientas/calculadora-puntuacion-z/,https://funnytools.win/es/herramientas/calculadora-puntuacion-z/,SELF_MATCH,Rastreada: actualmente sin indexar,z-score-calculator,calculate|score-and-distribution|standardized-score|z-score|score-standardization|general,2,0.825,ADJACENT; COMPLEMENTARY,https://search.google.com/search-console/inspect?resource_id=sc-domain:funnytools.win&id=Asf51zFOVpK44l5OQ6FxQg&utm_medium=link&utm_source=api
https://funnytools.win/es/herramientas/calculadora-rango-percentil/,Unknown,,,GOOGLE_CANONICAL_ABSENT,Google no reconoce esta URL,percentile-rank-calculator,calculate|score-and-distribution|rank|percentile-rank|rank-calculation|general,1,0.875,COMPLEMENTARY,https://search.google.com/search-console/inspect?resource_id=sc-domain:funnytools.win&id=OPqL6TTibZh3rlRgBEeXog&utm_medium=link&utm_source=api
https://funnytools.win/es/herramientas/calculadora-sueldo-neto/,Unknown,,,GOOGLE_CANONICAL_ABSENT,Google no reconoce esta URL,net-salary,calculate|net-salary|net-salary|calculated-result|net-salary|general,0,,,https://search.google.com/search-console/inspect?resource_id=sc-domain:funnytools.win&id=3KePs011MFZOJ30RK9alug&utm_medium=link&utm_source=api
https://funnytools.win/es/herramientas/calculadora-t-muestras-independientes/,Crawled Not Indexed,https://funnytools.win/es/herramientas/calculadora-t-muestras-independientes/,https://funnytools.win/es/herramientas/calculadora-t-muestras-independientes/,SELF_MATCH,Rastreada: actualmente sin indexar,independent-samples-t-test-calculator,calculate|independent-samples-t-test|independent-samples-t-test|calculated-result|independent-samples-t-test|general,1,0.836,COMPLEMENTARY,https://search.google.com/search-console/inspect?resource_id=sc-domain:funnytools.win&id=q5LdKueGpow0F5vFLjBvqA&utm_medium=link&utm_source=api
https://funnytools.win/es/herramientas/calcular-diferencia-entre-fechas/,Crawled Not Indexed,https://funnytools.win/es/herramientas/calcular-diferencia-entre-fechas/,https://funnytools.win/es/herramientas/calcular-diferencia-entre-fechas/,SELF_MATCH,Rastreada: actualmente sin indexar,date-difference,use|date-difference|date-difference|tool-result|date-difference|general,1,0.825,ADJACENT,https://search.google.com/search-console/inspect?resource_id=sc-domain:funnytools.win&id=ZZ05NergaB7AjH5QUIbIUQ&utm_medium=link&utm_source=api
https://funnytools.win/es/herramientas/codificar-decodificar-base64/,Unknown,,,GOOGLE_CANONICAL_ABSENT,Google no reconoce esta URL,base64,use|base64|base64|tool-result|base64|general,0,,,https://search.google.com/search-console/inspect?resource_id=sc-domain:funnytools.win&id=vEJj2qVBo3gV2HHvdQCVog&utm_medium=link&utm_source=api
https://funnytools.win/es/herramientas/codificar-decodificar-url/,Crawled Not Indexed,,,GOOGLE_CANONICAL_ABSENT,Rastreada: actualmente sin indexar,url-encoder,use|url-encoder|url-encoder|tool-result|url-encoder|general,0,,,https://search.google.com/search-console/inspect?resource_id=sc-domain:funnytools.win&id=Par--DnYz2Ew20aOl2bMCg&utm_medium=link&utm_source=api
https://funnytools.win/es/herramientas/comprimir-imagenes/,Unknown,,,GOOGLE_CANONICAL_ABSENT,Google no reconoce esta URL,image-compressor,compress|image-compressor|image-compressor|smaller-file|image-compressor|general,8,0.869,ADJACENT; COMPLEMENTARY,https://search.google.com/search-console/inspect?resource_id=sc-domain:funnytools.win&id=aOFQCpzpu1ZZszC3S3BuUA&utm_medium=link&utm_source=api
https://funnytools.win/es/herramientas/comprimir-pdf/,Unknown,,,GOOGLE_CANONICAL_ABSENT,Google no reconoce esta URL,pdf-compressor,compress|pdf-compressor|pdf-compressor|smaller-file|pdf-compressor|general,1,0.8,COMPLEMENTARY,https://search.google.com/search-console/inspect?resource_id=sc-domain:funnytools.win&id=hzSrLWMaO2Et-4ba3_rLqA&utm_medium=link&utm_source=api
https://funnytools.win/es/herramientas/contador-caracteres/,Unknown,,,GOOGLE_CANONICAL_ABSENT,Google no reconoce esta URL,character-counter,count|character-counter|character-counter|count|character-counter|general,0,,,https://search.google.com/search-console/inspect?resource_id=sc-domain:funnytools.win&id=c7-cjqajrxOShagJX7KN2Q&utm_medium=link&utm_source=api
https://funnytools.win/es/herramientas/contador-palabras/,Unknown,,,GOOGLE_CANONICAL_ABSENT,Google no reconoce esta URL,word-counter,count|word-counter|word-counter|count|word-counter|general,1,0.836,COMPLEMENTARY,https://search.google.com/search-console/inspect?resource_id=sc-domain:funnytools.win&id=ZNolZHZNybJCWNgvY77Ysg&utm_medium=link&utm_source=api
https://funnytools.win/es/herramientas/conversor-puntuaciones-estandarizadas/,Crawled Not Indexed,https://funnytools.win/es/herramientas/conversor-puntuaciones-estandarizadas/,https://funnytools.win/es/herramientas/conversor-puntuaciones-estandarizadas/,SELF_MATCH,Rastreada: actualmente sin indexar,normalized-score-converter,convert|raw-score-and-target-scale|standardized-score|normalized-score|score-standardization|general,0,,,https://search.google.com/search-console/inspect?resource_id=sc-domain:funnytools.win&id=PIlPYqKqtLhg8EIJgvkOSA&utm_medium=link&utm_source=api
https://funnytools.win/es/herramientas/convertir-csv-a-json/,Crawled Not Indexed,https://funnytools.win/es/herramientas/convertir-csv-a-json/,https://funnytools.win/es/herramientas/convertir-csv-a-json/,SELF_MATCH,Rastreada: actualmente sin indexar,csv-to-json,convert|csv|json|json-data|data-format-conversion|general,1,0.865,DIFFERENT,https://search.google.com/search-console/inspect?resource_id=sc-domain:funnytools.win&id=gagUzjq9LyHN4Da0vhB9Ug&utm_medium=link&utm_source=api
https://funnytools.win/es/herramientas/convertir-imagen-base64/,Unknown,,,GOOGLE_CANONICAL_ABSENT,Google no reconoce esta URL,image-to-base64,convert|image|base64|base64-output|directional-conversion|general,0,,,https://search.google.com/search-console/inspect?resource_id=sc-domain:funnytools.win&id=g0A_zpLkPdKZyqyuyu_dTQ&utm_medium=link&utm_source=api
https://funnytools.win/es/herramientas/convertir-imagenes-a-pdf/,Unknown,,,GOOGLE_CANONICAL_ABSENT,Google no reconoce esta URL,images-to-pdf,convert|images|pdf|pdf-output|directional-conversion|general,1,0.832,COMPLEMENTARY,https://search.google.com/search-console/inspect?resource_id=sc-domain:funnytools.win&id=sVVX2pnJjihrACsl3A0jYA&utm_medium=link&utm_source=api
https://funnytools.win/es/herramientas/convertir-jpg-a-png/,Crawled Not Indexed,https://funnytools.win/es/herramientas/convertir-jpg-a-png/,https://funnytools.win/es/herramientas/convertir-jpg-a-png/,SELF_MATCH,Rastreada: actualmente sin indexar,jpg-to-png,convert|jpg|png|png-file|image-format-conversion|general,3,0.881,ADJACENT; DIFFERENT,https://search.google.com/search-console/inspect?resource_id=sc-domain:funnytools.win&id=_GjtXdG-xcenzSJ3UmuAWQ&utm_medium=link&utm_source=api
https://funnytools.win/es/herramientas/convertir-jpg-a-webp/,Crawled Not Indexed,https://funnytools.win/es/herramientas/convertir-jpg-a-webp/,https://funnytools.win/es/herramientas/convertir-jpg-a-webp/,SELF_MATCH,Rastreada: actualmente sin indexar,jpg-to-webp,convert|jpg|webp|webp-file|image-format-conversion|general,3,0.876,ADJACENT; DIFFERENT,https://search.google.com/search-console/inspect?resource_id=sc-domain:funnytools.win&id=X8zY9BxyATfPuOANTki3cQ&utm_medium=link&utm_source=api
https://funnytools.win/es/herramientas/convertir-json-a-csv/,Unknown,,,GOOGLE_CANONICAL_ABSENT,Google no reconoce esta URL,json-to-csv,convert|json|csv|csv-data|data-format-conversion|general,1,0.865,DIFFERENT,https://search.google.com/search-console/inspect?resource_id=sc-domain:funnytools.win&id=WN-nr4kBE6rMtSCOG6g0tg&utm_medium=link&utm_source=api
https://funnytools.win/es/herramientas/convertir-mayusculas-minusculas/,Crawled Not Indexed,https://funnytools.win/es/herramientas/convertir-mayusculas-minusculas/,https://funnytools.win/es/herramientas/convertir-mayusculas-minusculas/,SELF_MATCH,Rastreada: actualmente sin indexar,case-converter,use|case-converter|case-converter|tool-result|case-converter|general,0,,,https://search.google.com/search-console/inspect?resource_id=sc-domain:funnytools.win&id=fNg4efZRvaVvPI6D3DXWyA&utm_medium=link&utm_source=api
https://funnytools.win/es/herramientas/convertir-pdf-a-imagen/,Unknown,,,GOOGLE_CANONICAL_ABSENT,Google no reconoce esta URL,pdf-to-image,convert|pdf|image|image-files|pdf-rendering|general,0,,,https://search.google.com/search-console/inspect?resource_id=sc-domain:funnytools.win&id=RqtJWxF0Fr7jfGaSg0wySQ&utm_medium=link&utm_source=api
https://funnytools.win/es/herramientas/convertir-png-a-jpg/,Unknown,,,GOOGLE_CANONICAL_ABSENT,Google no reconoce esta URL,png-to-jpg,convert|png|jpg|jpg-file|image-format-conversion|general,4,0.881,ADJACENT; DIFFERENT,https://search.google.com/search-console/inspect?resource_id=sc-domain:funnytools.win&id=_DnJlZ7u6Lun4NV0aaGgYQ&utm_medium=link&utm_source=api
https://funnytools.win/es/herramientas/convertir-timestamp-unix/,Crawled Not Indexed,https://funnytools.win/es/herramientas/convertir-timestamp-unix/,https://funnytools.win/es/herramientas/convertir-timestamp-unix/,SELF_MATCH,Rastreada: actualmente sin indexar,timestamp-converter,use|timestamp-converter|timestamp-converter|tool-result|timestamp-converter|general,0,,,https://search.google.com/search-console/inspect?resource_id=sc-domain:funnytools.win&id=9fGCUBuyVasAXgUXCFoYSw&utm_medium=link&utm_source=api
https://funnytools.win/es/herramientas/convertir-webp-a-jpg/,Unknown,,,GOOGLE_CANONICAL_ABSENT,Google no reconoce esta URL,webp-to-jpg,convert|webp|jpg|jpg-file|image-format-conversion|general,4,0.876,ADJACENT; DIFFERENT,https://search.google.com/search-console/inspect?resource_id=sc-domain:funnytools.win&id=bvdlZMy9NPbYgvQThgx0sg&utm_medium=link&utm_source=api
https://funnytools.win/es/herramientas/crear-diagrama-flujo/,Crawled Not Indexed,https://funnytools.win/es/herramientas/crear-diagrama-flujo/,https://funnytools.win/es/herramientas/crear-diagrama-flujo/,SELF_MATCH,Rastreada: actualmente sin indexar,flowchart,create|flowchart|flowchart|created-artifact|flowchart|general,0,,,https://search.google.com/search-console/inspect?resource_id=sc-domain:funnytools.win&id=nTundTfecpJ_lCGbDsK_aQ&utm_medium=link&utm_source=api
https://funnytools.win/es/herramientas/crear-grafico-barras/,Unknown,,,GOOGLE_CANONICAL_ABSENT,Google no reconoce esta URL,bar-chart-maker,create|bar-chart|bar-chart|created-artifact|bar-chart|general,2,0.831,ADJACENT; COMPLEMENTARY,https://search.google.com/search-console/inspect?resource_id=sc-domain:funnytools.win&id=wtGQwEJwsjdX-HeK_-75jw&utm_medium=link&utm_source=api
https://funnytools.win/es/herramientas/crear-grafico-circular/,Unknown,,,GOOGLE_CANONICAL_ABSENT,Google no reconoce esta URL,pie-chart-maker,create|pie-chart|pie-chart|created-artifact|pie-chart|general,1,0.831,ADJACENT,https://search.google.com/search-console/inspect?resource_id=sc-domain:funnytools.win&id=EIu02zE6MCM0MFb5JtMgog&utm_medium=link&utm_source=api
https://funnytools.win/es/herramientas/crear-grupos-clase/,Unknown,,,GOOGLE_CANONICAL_ABSENT,Google no reconoce esta URL,group-generator,generate|group|group|generated-result|group|general,2,0.828,COMPLEMENTARY; DIFFERENT,https://search.google.com/search-console/inspect?resource_id=sc-domain:funnytools.win&id=yJWGPXp9VXefUWGT1Mw9fQ&utm_medium=link&utm_source=api
https://funnytools.win/es/herramientas/crear-plano-asientos-aula/,Crawled Not Indexed,https://funnytools.win/es/herramientas/crear-plano-asientos-aula/,https://funnytools.win/es/herramientas/crear-plano-asientos-aula/,SELF_MATCH,Rastreada: actualmente sin indexar,seating-chart,use|seating-chart|seating-chart|tool-result|seating-chart|general,0,,,https://search.google.com/search-console/inspect?resource_id=sc-domain:funnytools.win&id=x-48xcxV-0pqkZRH6U3kJw&utm_medium=link&utm_source=api
https://funnytools.win/es/herramientas/cronometro-online/,Unknown,,,GOOGLE_CANONICAL_ABSENT,Google no reconoce esta URL,stopwatch,use|stopwatch|stopwatch|tool-result|stopwatch|general,0,,,https://search.google.com/search-console/inspect?resource_id=sc-domain:funnytools.win&id=TMi7jCKx1llU0Flxtu8kaQ&utm_medium=link&utm_source=api
https://funnytools.win/es/herramientas/decidir-entre-dos-opciones/,Crawled Not Indexed,https://funnytools.win/es/herramientas/decidir-entre-dos-opciones/,https://funnytools.win/es/herramientas/decidir-entre-dos-opciones/,SELF_MATCH,Rastreada: actualmente sin indexar,this-or-that,use|this-or-that|this-or-that|tool-result|this-or-that|general,1,0.802,UNKNOWN,https://search.google.com/search-console/inspect?resource_id=sc-domain:funnytools.win&id=vESwRADFqgaRfxFRmupFmQ&utm_medium=link&utm_source=api
https://funnytools.win/es/herramientas/dividir-pdf/,Crawled Not Indexed,https://funnytools.win/es/herramientas/dividir-pdf/,https://funnytools.win/es/herramientas/dividir-pdf/,SELF_MATCH,Rastreada: actualmente sin indexar,split-pdf,split|pdf|pdf-files|separate-documents|pdf-document-assembly|general,4,0.836,ADJACENT; DIFFERENT,https://search.google.com/search-console/inspect?resource_id=sc-domain:funnytools.win&id=UYyTMMiKXyTNg_HWCI6vZw&utm_medium=link&utm_source=api
https://funnytools.win/es/herramientas/editor-markdown-online/,Crawled Not Indexed,https://funnytools.win/es/herramientas/editor-markdown-online/,https://funnytools.win/es/herramientas/editor-markdown-online/,SELF_MATCH,Rastreada: actualmente sin indexar,markdown-previewer,preview|markdown-previewer|markdown-previewer|preview|markdown-previewer|general,0,,,https://search.google.com/search-console/inspect?resource_id=sc-domain:funnytools.win&id=DIv34Fshqk_SaQm0p9jVDw&utm_medium=link&utm_source=api
https://funnytools.win/es/herramientas/eliminar-lineas-duplicadas/,Unknown,,,GOOGLE_CANONICAL_ABSENT,Google no reconoce esta URL,remove-duplicate-lines,remove|remove-duplicate-lines|remove-duplicate-lines|cleaned-output|remove-duplicate-lines|general,1,0.832,ADJACENT,https://search.google.com/search-console/inspect?resource_id=sc-domain:funnytools.win&id=gD3z_8wsoNWg4tXNsK9R7A&utm_medium=link&utm_source=api
https://funnytools.win/es/herramientas/eliminar-lineas-vacias/,Crawled Not Indexed,https://funnytools.win/es/herramientas/eliminar-lineas-vacias/,https://funnytools.win/es/herramientas/eliminar-lineas-vacias/,SELF_MATCH,Rastreada: actualmente sin indexar,remove-empty-lines,remove|remove-empty-lines|remove-empty-lines|cleaned-output|remove-empty-lines|general,0,,,https://search.google.com/search-console/inspect?resource_id=sc-domain:funnytools.win&id=T1TRUrZbGzLvwWoXtyuLZA&utm_medium=link&utm_source=api
https://funnytools.win/es/herramientas/eliminar-paginas-pdf/,Unknown,,,GOOGLE_CANONICAL_ABSENT,Google no reconoce esta URL,delete-pdf-pages,delete|pdf|pdf|remove-selected-pages|pdf-page-editing|general,5,0.871,ADJACENT; DIFFERENT,https://search.google.com/search-console/inspect?resource_id=sc-domain:funnytools.win&id=6TtsztAUbknB0PfWBTZ4qw&utm_medium=link&utm_source=api
https://funnytools.win/es/herramientas/extraer-paginas-pdf/,Crawled Not Indexed,https://funnytools.win/es/herramientas/extraer-paginas-pdf/,https://funnytools.win/es/herramientas/extraer-paginas-pdf/,SELF_MATCH,Rastreada: actualmente sin indexar,extract-pdf-pages,extract|pdf|pdf|new-document-from-selected-pages|pdf-page-editing|general,6,0.871,ADJACENT; COMPLEMENTARY; DIFFERENT,https://search.google.com/search-console/inspect?resource_id=sc-domain:funnytools.win&id=9ql1W6tA6KiD3VfTMr9Nnw&utm_medium=link&utm_source=api
https://funnytools.win/es/herramientas/formatear-validar-json/,Unknown,,,GOOGLE_CANONICAL_ABSENT,Google no reconoce esta URL,json-formatter,format|json-formatter|json-formatter|formatted-output|json-formatter|general,0,,,https://search.google.com/search-console/inspect?resource_id=sc-domain:funnytools.win&id=JjSwTxy9HdCL61uF5CQKqw&utm_medium=link&utm_source=api
https://funnytools.win/es/herramientas/generador-codigo-barras/,Unknown,,,GOOGLE_CANONICAL_ABSENT,Google no reconoce esta URL,barcode-generator,generate|barcode|barcode|generated-result|barcode|general,0,,,https://search.google.com/search-console/inspect?resource_id=sc-domain:funnytools.win&id=J6VC5fMzA6dKjLiNoujbMA&utm_medium=link&utm_source=api
https://funnytools.win/es/herramientas/generador-codigo-qr/,Unknown,,,GOOGLE_CANONICAL_ABSENT,Google no reconoce esta URL,qr-code-generator,generate|qr-code|qr-code|generated-result|qr-code|general,1,0.825,COMPLEMENTARY,https://search.google.com/search-console/inspect?resource_id=sc-domain:funnytools.win&id=dMYzmxGWDbWPmT7s15XdLg&utm_medium=link&utm_source=api
https://funnytools.win/es/herramientas/generador-colores-hex-rgb-hsl/,Unknown,,,GOOGLE_CANONICAL_ABSENT,Google no reconoce esta URL,color-generator,generate|color|color|generated-result|color|general,0,,,https://search.google.com/search-console/inspect?resource_id=sc-domain:funnytools.win&id=ScGrlNUgKtNi8STdAvwWyw&utm_medium=link&utm_source=api
https://funnytools.win/es/herramientas/generador-contrasenas-seguras/,Unknown,,,GOOGLE_CANONICAL_ABSENT,Google no reconoce esta URL,password-generator,generate|password|password|generated-result|password|general,1,0.847,COMPLEMENTARY,https://search.google.com/search-console/inspect?resource_id=sc-domain:funnytools.win&id=akOWlRAXjNtyLhdbMx1Xzw&utm_medium=link&utm_source=api
https://funnytools.win/es/herramientas/generador-grupos-aleatorios/,Unknown,,,GOOGLE_CANONICAL_ABSENT,Google no reconoce esta URL,random-group-generator,generate|random-group|random-group|generated-result|random-group|general,2,0.828,ADJACENT; DIFFERENT,https://search.google.com/search-console/inspect?resource_id=sc-domain:funnytools.win&id=aQ_nCSSh8s_Zg8gdVzQ2qg&utm_medium=link&utm_source=api
https://funnytools.win/es/herramientas/generador-informe-apa-7/,Unknown,,,GOOGLE_CANONICAL_ABSENT,Google no reconoce esta URL,apa-7-report-generator,generate|apa-7-report|apa-7-report|generated-result|apa-7-report|general,4,0.818,ADJACENT; COMPLEMENTARY,https://search.google.com/search-console/inspect?resource_id=sc-domain:funnytools.win&id=irHHdr7kOZHUqAlLgJUt8g&utm_medium=link&utm_source=api
https://funnytools.win/es/herramientas/generador-numeros-aleatorios/,Crawled Not Indexed,https://funnytools.win/es/herramientas/generador-numeros-aleatorios/,https://funnytools.win/es/herramientas/generador-numeros-aleatorios/,SELF_MATCH,Rastreada: actualmente sin indexar,random-number-picker,select|random-number-picker|random-number-picker|selected-result|random-number-picker|general,0,,,https://search.google.com/search-console/inspect?resource_id=sc-domain:funnytools.win&id=gDLgObLAQ9qVZI58moxLlA&utm_medium=link&utm_source=api
https://funnytools.win/es/herramientas/generador-uuid-v4/,Unknown,,,GOOGLE_CANONICAL_ABSENT,Google no reconoce esta URL,uuid-generator,generate|uuid|uuid|generated-result|uuid|general,0,,,https://search.google.com/search-console/inspect?resource_id=sc-domain:funnytools.win&id=wkj93X6XX93RRUGPapMhAA&utm_medium=link&utm_source=api
https://funnytools.win/es/herramientas/interpretar-resultados-spss/,Unknown,,,GOOGLE_CANONICAL_ABSENT,Google no reconoce esta URL,spss-result-interpreter,interpret|spss-result-interpreter|spss-result-interpreter|interpreted-result|spss-result-interpreter|general,5,0.88,ADJACENT; COMPLEMENTARY,https://search.google.com/search-console/inspect?resource_id=sc-domain:funnytools.win&id=dRFMVtDPSW658hhZ1YtxhA&utm_medium=link&utm_source=api
https://funnytools.win/es/herramientas/ordenar-lineas-texto/,Unknown,,,GOOGLE_CANONICAL_ABSENT,Google no reconoce esta URL,sort-lines,sort|sort-lines|sort-lines|sorted-output|sort-lines|general,1,0.832,ADJACENT,https://search.google.com/search-console/inspect?resource_id=sc-domain:funnytools.win&id=ROTuHN_DUknVUYpprSgL_A&utm_medium=link&utm_source=api
https://funnytools.win/es/herramientas/ordenar-paginas-pdf/,Crawled Not Indexed,https://funnytools.win/es/herramientas/ordenar-paginas-pdf/,https://funnytools.win/es/herramientas/ordenar-paginas-pdf/,SELF_MATCH,Rastreada: actualmente sin indexar,pdf-page-reorder,reorder|pdf|pdf|reordered-document|pdf-page-editing|general,3,0.818,DIFFERENT,https://search.google.com/search-console/inspect?resource_id=sc-domain:funnytools.win&id=_WX-yfMgqTZnAxcYm7ASjQ&utm_medium=link&utm_source=api
https://funnytools.win/es/herramientas/pizarra-dibujo-online/,Crawled Not Indexed,https://funnytools.win/es/herramientas/pizarra-dibujo-online/,https://funnytools.win/es/herramientas/pizarra-dibujo-online/,SELF_MATCH,Rastreada: actualmente sin indexar,sketchpad,create|sketchpad|sketchpad|created-artifact|sketchpad|general,0,,,https://search.google.com/search-console/inspect?resource_id=sc-domain:funnytools.win&id=JJ1a8xNmwYh0LNCW0CEjpA&utm_medium=link&utm_source=api
https://funnytools.win/es/herramientas/que-comer-hoy/,Crawled Not Indexed,,,GOOGLE_CANONICAL_ABSENT,Rastreada: actualmente sin indexar,what-to-eat,convert|what|eat|eat-output|directional-conversion|general,0,,,https://search.google.com/search-console/inspect?resource_id=sc-domain:funnytools.win&id=1iRtcyYjRCBDfheDkuFZug&utm_medium=link&utm_source=api
https://funnytools.win/es/herramientas/recordatorio-descansos/,Crawled Not Indexed,https://funnytools.win/es/herramientas/recordatorio-descansos/,https://funnytools.win/es/herramientas/recordatorio-descansos/,SELF_MATCH,Rastreada: actualmente sin indexar,break-reminder,use|break-reminder|break-reminder|tool-result|break-reminder|general,2,0.866,ADJACENT,https://search.google.com/search-console/inspect?resource_id=sc-domain:funnytools.win&id=mTWBZfcUKjPg1kjg_DUmGg&utm_medium=link&utm_source=api
https://funnytools.win/es/herramientas/recortar-imagen/,Unknown,,,GOOGLE_CANONICAL_ABSENT,Google no reconoce esta URL,image-crop,transform|image-crop|image-crop|transformed-output|image-crop|general,2,0.834,ADJACENT,https://search.google.com/search-console/inspect?resource_id=sc-domain:funnytools.win&id=O9BnPjVoNbV80XQHKEDl7A&utm_medium=link&utm_source=api
https://funnytools.win/es/herramientas/redimensionar-imagen/,Unknown,,,GOOGLE_CANONICAL_ABSENT,Google no reconoce esta URL,image-resizer,transform|image-resizer|image-resizer|transformed-output|image-resizer|general,2,0.834,ADJACENT,https://search.google.com/search-console/inspect?resource_id=sc-domain:funnytools.win&id=lt9QaX_yJ9m7WeX95Sj2yg&utm_medium=link&utm_source=api
https://funnytools.win/es/herramientas/rotar-pdf/,Unknown,,,GOOGLE_CANONICAL_ABSENT,Google no reconoce esta URL,rotate-pdf,transform|rotate-pdf|rotate-pdf|transformed-output|rotate-pdf|general,3,0.839,DIFFERENT,https://search.google.com/search-console/inspect?resource_id=sc-domain:funnytools.win&id=hR7SKh8AcCWAV2SPN745nQ&utm_medium=link&utm_source=api
https://funnytools.win/es/herramientas/rotar-voltear-imagen/,Unknown,,,GOOGLE_CANONICAL_ABSENT,Google no reconoce esta URL,image-rotate-flip,transform|image-rotate-flip|image-rotate-flip|transformed-output|image-rotate-flip|general,0,,,https://search.google.com/search-console/inspect?resource_id=sc-domain:funnytools.win&id=RvfFdFoVTlcEN3Yu2qyUMA&utm_medium=link&utm_source=api
https://funnytools.win/es/herramientas/ruleta-aleatoria/,Crawled Not Indexed,https://funnytools.win/es/herramientas/ruleta-aleatoria/,https://funnytools.win/es/herramientas/ruleta-aleatoria/,SELF_MATCH,Rastreada: actualmente sin indexar,random-wheel,select|random-wheel|random-wheel|selected-result|random-wheel|general,1,0.804,ADJACENT,https://search.google.com/search-console/inspect?resource_id=sc-domain:funnytools.win&id=EJCryfgDGN3Iq4LBTGvuuA&utm_medium=link&utm_source=api
https://funnytools.win/es/herramientas/selector-aleatorio-alumnos/,Unknown,,,GOOGLE_CANONICAL_ABSENT,Google no reconoce esta URL,random-student-picker,select|random-student-picker|random-student-picker|selected-result|random-student-picker|general,1,0.816,DIFFERENT,https://search.google.com/search-console/inspect?resource_id=sc-domain:funnytools.win&id=7cCTDEbiLhFvmWaAlPWt-Q&utm_medium=link&utm_source=api
https://funnytools.win/es/herramientas/sorteo-nombres-aleatorio/,Crawled Not Indexed,https://funnytools.win/es/herramientas/sorteo-nombres-aleatorio/,https://funnytools.win/es/herramientas/sorteo-nombres-aleatorio/,SELF_MATCH,Rastreada: actualmente sin indexar,random-name-picker,select|random-name-picker|random-name-picker|selected-result|random-name-picker|general,3,0.816,ADJACENT; DIFFERENT,https://search.google.com/search-console/inspect?resource_id=sc-domain:funnytools.win&id=SQLnl_f1faZtlCyVncw-IQ&utm_medium=link&utm_source=api
https://funnytools.win/es/herramientas/temporizador-online/,Unknown,,,GOOGLE_CANONICAL_ABSENT,Google no reconoce esta URL,countdown-timer,use|countdown-timer|countdown-timer|tool-result|countdown-timer|general,1,0.827,ADJACENT,https://search.google.com/search-console/inspect?resource_id=sc-domain:funnytools.win&id=JknjDn6-nA2nJL_ufgLrvw&utm_medium=link&utm_source=api
https://funnytools.win/es/herramientas/temporizador-pomodoro/,Unknown,,,GOOGLE_CANONICAL_ABSENT,Google no reconoce esta URL,pomodoro-timer,use|pomodoro-timer|pomodoro-timer|tool-result|pomodoro-timer|general,1,0.866,ADJACENT,https://search.google.com/search-console/inspect?resource_id=sc-domain:funnytools.win&id=g7WguUtSTZGAEUd2kfiAew&utm_medium=link&utm_source=api
https://funnytools.win/es/herramientas/tirar-dados-online/,Crawled Not Indexed,https://funnytools.win/es/herramientas/tirar-dados-online/,https://funnytools.win/es/herramientas/tirar-dados-online/,SELF_MATCH,Rastreada: actualmente sin indexar,dice-roller,generate|dice-roller|dice-roller|generated-result|dice-roller|general,0,,,https://search.google.com/search-console/inspect?resource_id=sc-domain:funnytools.win&id=HN-KhQPgvi8us8X1q3M_gQ&utm_medium=link&utm_source=api
https://funnytools.win/es/herramientas/unir-pdf/,Crawled Not Indexed,https://funnytools.win/es/herramientas/unir-pdf/,https://funnytools.win/es/herramientas/unir-pdf/,SELF_MATCH,Rastreada: actualmente sin indexar,merge-pdf,merge|pdf-files|pdf|combined-document|pdf-document-assembly|general,3,0.847,ADJACENT; COMPLEMENTARY; DIFFERENT,https://search.google.com/search-console/inspect?resource_id=sc-domain:funnytools.win&id=vl_pGzjZZluBaniRLLWyCA&utm_medium=link&utm_source=api
https://funnytools.win/es/para/,Crawled Not Indexed,https://funnytools.win/es/para/,https://funnytools.win/es/para/,SELF_MATCH,Rastreada: actualmente sin indexar,,,5,0.802,ADJACENT; UNKNOWN,https://search.google.com/search-console/inspect?resource_id=sc-domain:funnytools.win&id=sAEjT4uk8kHxU0OJfY3Q8A&utm_medium=link&utm_source=api
https://funnytools.win/es/para/creadores/,Crawled Not Indexed,https://funnytools.win/es/para/creadores/,https://funnytools.win/es/para/creadores/,SELF_MATCH,Rastreada: actualmente sin indexar,,,11,0.82,ADJACENT; UNKNOWN,https://search.google.com/search-console/inspect?resource_id=sc-domain:funnytools.win&id=cG_SicYY7lYXHJGZOIyE5g&utm_medium=link&utm_source=api
https://funnytools.win/es/para/desarrolladores/,Unknown,,,GOOGLE_CANONICAL_ABSENT,Google no reconoce esta URL,,,2,0.811,ADJACENT; UNKNOWN,https://search.google.com/search-console/inspect?resource_id=sc-domain:funnytools.win&id=9CZ2gll590Qdzf-Ae-SEDg&utm_medium=link&utm_source=api
https://funnytools.win/es/para/disenadores/,Unknown,,,GOOGLE_CANONICAL_ABSENT,Google no reconoce esta URL,,,5,0.826,ADJACENT; UNKNOWN,https://search.google.com/search-console/inspect?resource_id=sc-domain:funnytools.win&id=Q1Jp8wAJ-diXy6XzSLVAjw&utm_medium=link&utm_source=api
https://funnytools.win/es/para/docentes/,Crawled Not Indexed,https://funnytools.win/es/para/docentes/,https://funnytools.win/es/para/docentes/,SELF_MATCH,Rastreada: actualmente sin indexar,,,4,0.824,UNKNOWN,https://search.google.com/search-console/inspect?resource_id=sc-domain:funnytools.win&id=CxpzO9vLIVAu-DQxlH3Thw&utm_medium=link&utm_source=api
https://funnytools.win/es/para/estudiantes/,Unknown,,,GOOGLE_CANONICAL_ABSENT,Google no reconoce esta URL,,,5,0.867,ADJACENT; UNKNOWN,https://search.google.com/search-console/inspect?resource_id=sc-domain:funnytools.win&id=LdeNhZN5vBaMd6xWcpBs4A&utm_medium=link&utm_source=api
https://funnytools.win/es/para/oficina/,Crawled Not Indexed,https://funnytools.win/es/para/oficina/,https://funnytools.win/es/para/oficina/,SELF_MATCH,Rastreada: actualmente sin indexar,,,20,0.825,ADJACENT; UNKNOWN,https://search.google.com/search-console/inspect?resource_id=sc-domain:funnytools.win&id=SNmpFLCv3U0UjjzzDjmMsA&utm_medium=link&utm_source=api
https://funnytools.win/es/privacidad/,Crawled Not Indexed,https://funnytools.win/es/privacidad/,https://funnytools.win/es/privacidad/,SELF_MATCH,Rastreada: actualmente sin indexar,,,4,0.826,ADJACENT,https://search.google.com/search-console/inspect?resource_id=sc-domain:funnytools.win&id=cc6_XtHfg0ZkP3Ev04f6CA&utm_medium=link&utm_source=api
https://funnytools.win/es/sobre-funnytools/,Crawled Not Indexed,https://funnytools.win/es/sobre-funnytools/,https://funnytools.win/es/sobre-funnytools/,SELF_MATCH,Rastreada: actualmente sin indexar,,,15,0.87,ADJACENT; UNKNOWN,https://search.google.com/search-console/inspect?resource_id=sc-domain:funnytools.win&id=l0jiz8mfTk9G49lDCH9Gmg&utm_medium=link&utm_source=api
https://funnytools.win/es/tienda/,Unknown,,,GOOGLE_CANONICAL_ABSENT,Google no reconoce esta URL,,,0,,,https://search.google.com/search-console/inspect?resource_id=sc-domain:funnytools.win&id=LsItyEfqvIrsRZuIDDoclQ&utm_medium=link&utm_source=api
https://funnytools.win/find-tools/,Unknown,,,GOOGLE_CANONICAL_ABSENT,Google 無法辨識的網址,,,1,0.705,ADJACENT,https://search.google.com/search-console/inspect?resource_id=sc-domain:funnytools.win&id=7au2XBfRu2Wpbr0GFWfglA&utm_medium=link&utm_source=api
https://funnytools.win/for/,Crawled Not Indexed,https://funnytools.win/for/,https://funnytools.win/for/,SELF_MATCH,已檢索 - 目前尚未建立索引,,,0,,,https://search.google.com/search-console/inspect?resource_id=sc-domain:funnytools.win&id=jHW3osqp9yqB8lOaY_Iy9g&utm_medium=link&utm_source=api
https://funnytools.win/for/creators/,Crawled Not Indexed,https://funnytools.win/for/creators/,https://funnytools.win/for/creators/,SELF_MATCH,已檢索 - 目前尚未建立索引,,,1,0.797,UNKNOWN,https://search.google.com/search-console/inspect?resource_id=sc-domain:funnytools.win&id=S49VIv7dzdKn8ncQ_JWQAA&utm_medium=link&utm_source=api
https://funnytools.win/for/designers/,Crawled Not Indexed,https://funnytools.win/for/designers/,https://funnytools.win/for/designers/,SELF_MATCH,已檢索 - 目前尚未建立索引,,,3,0.643,UNKNOWN,https://search.google.com/search-console/inspect?resource_id=sc-domain:funnytools.win&id=UX1mOMzfxw2yfNGaOqFfMg&utm_medium=link&utm_source=api
https://funnytools.win/for/developers/,Crawled Not Indexed,https://funnytools.win/for/developers/,https://funnytools.win/for/developers/,SELF_MATCH,已檢索 - 目前尚未建立索引,,,0,,,https://search.google.com/search-console/inspect?resource_id=sc-domain:funnytools.win&id=TSwHV0Q66u9C2HUwr3CWhg&utm_medium=link&utm_source=api
https://funnytools.win/for/office-workers/,Crawled Not Indexed,https://funnytools.win/for/office-workers/,https://funnytools.win/for/office-workers/,SELF_MATCH,已檢索 - 目前尚未建立索引,,,1,0.807,UNKNOWN,https://search.google.com/search-console/inspect?resource_id=sc-domain:funnytools.win&id=jUVT-1Nt2iPLICP5V0K9SA&utm_medium=link&utm_source=api
https://funnytools.win/for/students/,Crawled Not Indexed,https://funnytools.win/for/students/,https://funnytools.win/for/students/,SELF_MATCH,已檢索 - 目前尚未建立索引,,,2,0.704,UNKNOWN,https://search.google.com/search-console/inspect?resource_id=sc-domain:funnytools.win&id=BNo9YjBaSXJBEFv9UOk92w&utm_medium=link&utm_source=api
https://funnytools.win/for/teachers/,Crawled Not Indexed,https://funnytools.win/for/teachers/,https://funnytools.win/for/teachers/,SELF_MATCH,已檢索 - 目前尚未建立索引,,,2,0.651,UNKNOWN,https://search.google.com/search-console/inspect?resource_id=sc-domain:funnytools.win&id=wJtKrk3NqTRyUnIUXH86vg&utm_medium=link&utm_source=api
https://funnytools.win/fr/,Indexed,https://funnytools.win/fr/,https://funnytools.win/fr/,SELF_MATCH,Envoyée et indexée,,,1,0.849,ADJACENT,https://search.google.com/search-console/inspect?resource_id=sc-domain:funnytools.win&id=SCwdIkRsvEWm5S45EjqXQw&utm_medium=link&utm_source=api
https://funnytools.win/fr/confidentialite/,Crawled Not Indexed,https://funnytools.win/fr/confidentialite/,https://funnytools.win/fr/confidentialite/,SELF_MATCH,"Explorée, actuellement non indexée",,,1,0.846,ADJACENT,https://search.google.com/search-console/inspect?resource_id=sc-domain:funnytools.win&id=iqXfWeM-HdvbcNxaecWKsw&utm_medium=link&utm_source=api
https://funnytools.win/fr/fonctionnement-outils/,Crawled Not Indexed,https://funnytools.win/fr/fonctionnement-outils/,https://funnytools.win/fr/fonctionnement-outils/,SELF_MATCH,"Explorée, actuellement non indexée",,,5,0.846,ADJACENT; UNKNOWN,https://search.google.com/search-console/inspect?resource_id=sc-domain:funnytools.win&id=xh12wASjt0f4cE7RVegAUQ&utm_medium=link&utm_source=api
https://funnytools.win/fr/outils/,Unknown,,,GOOGLE_CANONICAL_ABSENT,Google ne reconnaît pas cette URL,,,1,0.849,ADJACENT,https://search.google.com/search-console/inspect?resource_id=sc-domain:funnytools.win&id=iZSUdTyvKdY06S7Bqb9iZQ&utm_medium=link&utm_source=api
https://funnytools.win/fr/outils/calcul-moyenne-notes/,Crawled Not Indexed,https://funnytools.win/fr/outils/calcul-moyenne-notes/,https://funnytools.win/fr/outils/calcul-moyenne-notes/,SELF_MATCH,"Explorée, actuellement non indexée",grade-average,calculate|grades|average-grade|grade-average|grade-calculation|general,1,0.814,ADJACENT,https://search.google.com/search-console/inspect?resource_id=sc-domain:funnytools.win&id=e9BoIlOqZy7Q3TXXLoPZJQ&utm_medium=link&utm_source=api
https://funnytools.win/fr/outils/calculateur-age/,Unknown,,,GOOGLE_CANONICAL_ABSENT,Google ne reconnaît pas cette URL,age-calculator,calculate|age|age|calculated-result|age|general,0,,,https://search.google.com/search-console/inspect?resource_id=sc-domain:funnytools.win&id=MIH974KwIW4vwuDyy_gLYg&utm_medium=link&utm_source=api
https://funnytools.win/fr/outils/calculateur-ecart-type/,Crawled Not Indexed,https://funnytools.win/fr/outils/calculateur-ecart-type/,https://funnytools.win/fr/outils/calculateur-ecart-type/,SELF_MATCH,"Explorée, actuellement non indexée",standard-deviation,calculate|raw-scores|summary-statistics|mean-variance-standard-deviation|descriptive-statistics|general,0,,,https://search.google.com/search-console/inspect?resource_id=sc-domain:funnytools.win&id=tBn8CVH07t3m5J5E-S5PXg&utm_medium=link&utm_source=api
https://funnytools.win/fr/outils/calculateur-heures-supplementaires/,Unknown,,,GOOGLE_CANONICAL_ABSENT,Google ne reconnaît pas cette URL,overtime-pay,use|overtime-pay|overtime-pay|tool-result|overtime-pay|general,0,,,https://search.google.com/search-console/inspect?resource_id=sc-domain:funnytools.win&id=1rfZ7pPhaYZO-BMj6d7LnQ&utm_medium=link&utm_source=api
https://funnytools.win/fr/outils/calculateur-inflation-pouvoir-achat/,Crawled Not Indexed,https://funnytools.win/fr/outils/calculateur-inflation-pouvoir-achat/,https://funnytools.win/fr/outils/calculateur-inflation-pouvoir-achat/,SELF_MATCH,"Explorée, actuellement non indexée",inflation,use|inflation|inflation|tool-result|inflation|general,0,,,https://search.google.com/search-console/inspect?resource_id=sc-domain:funnytools.win&id=6hX3hcTtxglT_RmitkEKUA&utm_medium=link&utm_source=api
https://funnytools.win/fr/outils/calculateur-interets-composes/,Crawled Not Indexed,https://funnytools.win/fr/outils/calculateur-interets-composes/,https://funnytools.win/fr/outils/calculateur-interets-composes/,SELF_MATCH,"Explorée, actuellement non indexée",compound-interest,use|compound-interest|compound-interest|tool-result|compound-interest|general,1,0.804,ADJACENT,https://search.google.com/search-console/inspect?resource_id=sc-domain:funnytools.win&id=j40FG03ovxVwc0XSY8S3qw&utm_medium=link&utm_source=api
https://funnytools.win/fr/outils/calculateur-jours-ouvres/,Crawled Not Indexed,https://funnytools.win/fr/outils/calculateur-jours-ouvres/,https://funnytools.win/fr/outils/calculateur-jours-ouvres/,SELF_MATCH,"Explorée, actuellement non indexée",business-days,use|business-days|business-days|tool-result|business-days|general,0,,,https://search.google.com/search-console/inspect?resource_id=sc-domain:funnytools.win&id=YLLLiyjTdyj9CrPN81t0xQ&utm_medium=link&utm_source=api
https://funnytools.win/fr/outils/calculateur-mensualite-pret-immobilier/,Crawled Not Indexed,https://funnytools.win/fr/outils/calculateur-mensualite-pret-immobilier/,https://funnytools.win/fr/outils/calculateur-mensualite-pret-immobilier/,SELF_MATCH,"Explorée, actuellement non indexée",mortgage-payment,use|mortgage-payment|mortgage-payment|tool-result|mortgage-payment|general,0,,,https://search.google.com/search-console/inspect?resource_id=sc-domain:funnytools.win&id=3bCo0V82zNqs9v2TJ-g6Lg&utm_medium=link&utm_source=api
https://funnytools.win/fr/outils/calculateur-moyenne-ponderee/,Crawled Not Indexed,https://funnytools.win/fr/outils/calculateur-moyenne-ponderee/,https://funnytools.win/fr/outils/calculateur-moyenne-ponderee/,SELF_MATCH,"Explorée, actuellement non indexée",weighted-average-calculator,calculate|values-and-weights|weighted-result|weighted-average|weighted-calculation|general,1,0.814,ADJACENT,https://search.google.com/search-console/inspect?resource_id=sc-domain:funnytools.win&id=LD-tDo7843koRPIVIQ8Nvg&utm_medium=link&utm_source=api
https://funnytools.win/fr/outils/calculateur-objectif-epargne/,Unknown,,,GOOGLE_CANONICAL_ABSENT,Google ne reconnaît pas cette URL,savings-goal,use|savings-goal|savings-goal|tool-result|savings-goal|general,1,0.804,ADJACENT,https://search.google.com/search-console/inspect?resource_id=sc-domain:funnytools.win&id=6smwzkn26yiWrQhqTqP8-w&utm_medium=link&utm_source=api
https://funnytools.win/fr/outils/calculateur-pourcentage/,Crawled Not Indexed,https://funnytools.win/fr/outils/calculateur-pourcentage/,https://funnytools.win/fr/outils/calculateur-pourcentage/,SELF_MATCH,"Explorée, actuellement non indexée",percentage-calculator,calculate|percentage|percentage|calculated-result|percentage|general,0,,,https://search.google.com/search-console/inspect?resource_id=sc-domain:funnytools.win&id=2Gg9R_bYuo3G4JvMWAU9CQ&utm_medium=link&utm_source=api
https://funnytools.win/fr/outils/calculateur-rang-percentile/,Unknown,,,GOOGLE_CANONICAL_ABSENT,Google ne reconnaît pas cette URL,percentile-rank-calculator,calculate|score-and-distribution|rank|percentile-rank|rank-calculation|general,0,,,https://search.google.com/search-console/inspect?resource_id=sc-domain:funnytools.win&id=iSwOhTg_RJtx7y7yuhWAgw&utm_medium=link&utm_source=api
https://funnytools.win/fr/outils/calculateur-salaire-net/,Unknown,,,GOOGLE_CANONICAL_ABSENT,Google ne reconnaît pas cette URL,net-salary,calculate|net-salary|net-salary|calculated-result|net-salary|general,0,,,https://search.google.com/search-console/inspect?resource_id=sc-domain:funnytools.win&id=ijJeBaIa4JnCNTdkrNHJcA&utm_medium=link&utm_source=api
https://funnytools.win/fr/outils/calculateur-score-t/,Crawled Not Indexed,https://funnytools.win/fr/outils/calculateur-score-t/,https://funnytools.win/fr/outils/calculateur-score-t/,SELF_MATCH,"Explorée, actuellement non indexée",t-score-calculator,calculate|z-score|standardized-score|t-score|score-standardization|general,0,,,https://search.google.com/search-console/inspect?resource_id=sc-domain:funnytools.win&id=O6TF6SKSWT5ZB2RbTxjL7Q&utm_medium=link&utm_source=api
https://funnytools.win/fr/outils/calculateur-score-z/,Unknown,,,GOOGLE_CANONICAL_ABSENT,Google ne reconnaît pas cette URL,z-score-calculator,calculate|score-and-distribution|standardized-score|z-score|score-standardization|general,0,,,https://search.google.com/search-console/inspect?resource_id=sc-domain:funnytools.win&id=EF0SpYGemeLykQY-SeHTqA&utm_medium=link&utm_source=api
https://funnytools.win/fr/outils/calculer-difference-entre-dates/,Crawled Not Indexed,https://funnytools.win/fr/outils/calculer-difference-entre-dates/,https://funnytools.win/fr/outils/calculer-difference-entre-dates/,SELF_MATCH,"Explorée, actuellement non indexée",date-difference,use|date-difference|date-difference|tool-result|date-difference|general,0,,,https://search.google.com/search-console/inspect?resource_id=sc-domain:funnytools.win&id=8B24UEvLdPoEwY8sIJCi8Q&utm_medium=link&utm_source=api
https://funnytools.win/fr/outils/cao-2d-en-ligne/,Unknown,,,GOOGLE_CANONICAL_ABSENT,Google ne reconnaît pas cette URL,cad-2d,use|cad-2d|cad-2d|tool-result|cad-2d|general,0,,,https://search.google.com/search-console/inspect?resource_id=sc-domain:funnytools.win&id=UPE7kkSLe754zYbD1mKfRA&utm_medium=link&utm_source=api
https://funnytools.win/fr/outils/choisir-entre-deux-options/,Crawled Not Indexed,https://funnytools.win/fr/outils/choisir-entre-deux-options/,https://funnytools.win/fr/outils/choisir-entre-deux-options/,SELF_MATCH,"Explorée, actuellement non indexée",this-or-that,use|this-or-that|this-or-that|tool-result|this-or-that|general,0,,,https://search.google.com/search-console/inspect?resource_id=sc-domain:funnytools.win&id=cSfSBKfQJHiJUiCLkGQiLQ&utm_medium=link&utm_source=api
https://funnytools.win/fr/outils/chronometre-en-ligne/,Unknown,,,GOOGLE_CANONICAL_ABSENT,Google ne reconnaît pas cette URL,stopwatch,use|stopwatch|stopwatch|tool-result|stopwatch|general,0,,,https://search.google.com/search-console/inspect?resource_id=sc-domain:funnytools.win&id=vor-EVI1eeYZpc88WzBPSg&utm_medium=link&utm_source=api
https://funnytools.win/fr/outils/compresser-image/,Unknown,,,GOOGLE_CANONICAL_ABSENT,Google ne reconnaît pas cette URL,image-compressor,compress|image-compressor|image-compressor|smaller-file|image-compressor|general,4,0.847,ADJACENT,https://search.google.com/search-console/inspect?resource_id=sc-domain:funnytools.win&id=39r3284WOTwkOqawaLBekQ&utm_medium=link&utm_source=api
https://funnytools.win/fr/outils/compresser-pdf/,Unknown,,,GOOGLE_CANONICAL_ABSENT,Google ne reconnaît pas cette URL,pdf-compressor,compress|pdf-compressor|pdf-compressor|smaller-file|pdf-compressor|general,0,,,https://search.google.com/search-console/inspect?resource_id=sc-domain:funnytools.win&id=eJcrQLHv7QRTI1rNDsjpTg&utm_medium=link&utm_source=api
https://funnytools.win/fr/outils/compteur-caracteres/,Unknown,,,GOOGLE_CANONICAL_ABSENT,Google ne reconnaît pas cette URL,character-counter,count|character-counter|character-counter|count|character-counter|general,0,,,https://search.google.com/search-console/inspect?resource_id=sc-domain:funnytools.win&id=XNbsbwt6-gzzUmGmvhIKBg&utm_medium=link&utm_source=api
https://funnytools.win/fr/outils/compteur-mots/,Unknown,,,GOOGLE_CANONICAL_ABSENT,Google ne reconnaît pas cette URL,word-counter,count|word-counter|word-counter|count|word-counter|general,0,,,https://search.google.com/search-console/inspect?resource_id=sc-domain:funnytools.win&id=ZrrEqdaJo-ram1Ra14OARQ&utm_medium=link&utm_source=api
https://funnytools.win/fr/outils/convertir-csv-en-json/,Crawled Not Indexed,https://funnytools.win/fr/outils/convertir-csv-en-json/,https://funnytools.win/fr/outils/convertir-csv-en-json/,SELF_MATCH,"Explorée, actuellement non indexée",csv-to-json,convert|csv|json|json-data|data-format-conversion|general,1,0.861,DIFFERENT,https://search.google.com/search-console/inspect?resource_id=sc-domain:funnytools.win&id=tpdK0KvbFqcZJ0iiiE3INQ&utm_medium=link&utm_source=api
https://funnytools.win/fr/outils/convertir-image-en-base64/,Unknown,,,GOOGLE_CANONICAL_ABSENT,Google ne reconnaît pas cette URL,image-to-base64,convert|image|base64|base64-output|directional-conversion|general,0,,,https://search.google.com/search-console/inspect?resource_id=sc-domain:funnytools.win&id=c91lS9EZky4ajLwFM_2V4w&utm_medium=link&utm_source=api
https://funnytools.win/fr/outils/convertir-images-en-pdf/,Crawled Not Indexed,https://funnytools.win/fr/outils/convertir-images-en-pdf/,https://funnytools.win/fr/outils/convertir-images-en-pdf/,SELF_MATCH,"Explorée, actuellement non indexée",images-to-pdf,convert|images|pdf|pdf-output|directional-conversion|general,0,,,https://search.google.com/search-console/inspect?resource_id=sc-domain:funnytools.win&id=OtVFAZu1h5RPJwFsmIGBvw&utm_medium=link&utm_source=api
https://funnytools.win/fr/outils/convertir-jpg-en-png/,Crawled Not Indexed,https://funnytools.win/fr/outils/convertir-jpg-en-png/,https://funnytools.win/fr/outils/convertir-jpg-en-png/,SELF_MATCH,"Explorée, actuellement non indexée",jpg-to-png,convert|jpg|png|png-file|image-format-conversion|general,2,0.864,ADJACENT; DIFFERENT,https://search.google.com/search-console/inspect?resource_id=sc-domain:funnytools.win&id=HdHUSyi7XSbUMIUQmgB8UQ&utm_medium=link&utm_source=api
https://funnytools.win/fr/outils/convertir-jpg-en-webp/,Crawled Not Indexed,https://funnytools.win/fr/outils/convertir-jpg-en-webp/,https://funnytools.win/fr/outils/convertir-jpg-en-webp/,SELF_MATCH,"Explorée, actuellement non indexée",jpg-to-webp,convert|jpg|webp|webp-file|image-format-conversion|general,3,0.844,ADJACENT; DIFFERENT,https://search.google.com/search-console/inspect?resource_id=sc-domain:funnytools.win&id=aSq_ZWRQzszulrlNI-O6gA&utm_medium=link&utm_source=api
https://funnytools.win/fr/outils/convertir-json-en-csv/,Unknown,,,GOOGLE_CANONICAL_ABSENT,Google ne reconnaît pas cette URL,json-to-csv,convert|json|csv|csv-data|data-format-conversion|general,1,0.861,DIFFERENT,https://search.google.com/search-console/inspect?resource_id=sc-domain:funnytools.win&id=UxKZbLnzNo1Ckgc-e84OHg&utm_medium=link&utm_source=api
https://funnytools.win/fr/outils/convertir-majuscules-minuscules/,Crawled Not Indexed,https://funnytools.win/fr/outils/convertir-majuscules-minuscules/,https://funnytools.win/fr/outils/convertir-majuscules-minuscules/,SELF_MATCH,"Explorée, actuellement non indexée",case-converter,use|case-converter|case-converter|tool-result|case-converter|general,0,,,https://search.google.com/search-console/inspect?resource_id=sc-domain:funnytools.win&id=5d4pguYNRJrqpP04xczf9A&utm_medium=link&utm_source=api
https://funnytools.win/fr/outils/convertir-pdf-en-image/,Unknown,,,GOOGLE_CANONICAL_ABSENT,Google ne reconnaît pas cette URL,pdf-to-image,convert|pdf|image|image-files|pdf-rendering|general,0,,,https://search.google.com/search-console/inspect?resource_id=sc-domain:funnytools.win&id=YK3WXQKf63PmDUVGy9MBrw&utm_medium=link&utm_source=api
https://funnytools.win/fr/outils/convertir-png-en-jpg/,Unknown,,,GOOGLE_CANONICAL_ABSENT,Google ne reconnaît pas cette URL,png-to-jpg,convert|png|jpg|jpg-file|image-format-conversion|general,4,0.864,ADJACENT; DIFFERENT,https://search.google.com/search-console/inspect?resource_id=sc-domain:funnytools.win&id=LmwXvRV-6DdrqSvCrrcMEA&utm_medium=link&utm_source=api
https://funnytools.win/fr/outils/convertir-timestamp-unix/,Crawled Not Indexed,https://funnytools.win/fr/outils/convertir-timestamp-unix/,https://funnytools.win/fr/outils/convertir-timestamp-unix/,SELF_MATCH,"Explorée, actuellement non indexée",timestamp-converter,use|timestamp-converter|timestamp-converter|tool-result|timestamp-converter|general,0,,,https://search.google.com/search-console/inspect?resource_id=sc-domain:funnytools.win&id=6sjLyKPs5OI3Y2veCFtc7Q&utm_medium=link&utm_source=api
https://funnytools.win/fr/outils/convertir-webp-en-jpg/,Crawled Not Indexed,https://funnytools.win/fr/outils/convertir-webp-en-jpg/,https://funnytools.win/fr/outils/convertir-webp-en-jpg/,SELF_MATCH,"Explorée, actuellement non indexée",webp-to-jpg,convert|webp|jpg|jpg-file|image-format-conversion|general,2,0.846,DIFFERENT,https://search.google.com/search-console/inspect?resource_id=sc-domain:funnytools.win&id=1Rpj--KoDPGORrQtUTx0cw&utm_medium=link&utm_source=api
https://funnytools.win/fr/outils/creer-diagramme-circulaire/,Unknown,,,GOOGLE_CANONICAL_ABSENT,Google ne reconnaît pas cette URL,pie-chart-maker,create|pie-chart|pie-chart|created-artifact|pie-chart|general,1,0.825,ADJACENT,https://search.google.com/search-console/inspect?resource_id=sc-domain:funnytools.win&id=YNZ94uIQYkFSc68QTRcQIw&utm_medium=link&utm_source=api
https://funnytools.win/fr/outils/creer-diagramme-flux/,Crawled Not Indexed,https://funnytools.win/fr/outils/creer-diagramme-flux/,https://funnytools.win/fr/outils/creer-diagramme-flux/,SELF_MATCH,"Explorée, actuellement non indexée",flowchart,create|flowchart|flowchart|created-artifact|flowchart|general,0,,,https://search.google.com/search-console/inspect?resource_id=sc-domain:funnytools.win&id=yUiL2cJbQaG_5h1hr_aeGQ&utm_medium=link&utm_source=api
https://funnytools.win/fr/outils/creer-graphique-barres/,Unknown,,,GOOGLE_CANONICAL_ABSENT,Google ne reconnaît pas cette URL,bar-chart-maker,create|bar-chart|bar-chart|created-artifact|bar-chart|general,1,0.825,ADJACENT,https://search.google.com/search-console/inspect?resource_id=sc-domain:funnytools.win&id=jJTEVwigEbx1ItYk4mPYxA&utm_medium=link&utm_source=api
https://funnytools.win/fr/outils/diviser-pdf/,Crawled Not Indexed,https://funnytools.win/fr/outils/diviser-pdf/,https://funnytools.win/fr/outils/diviser-pdf/,SELF_MATCH,"Explorée, actuellement non indexée",split-pdf,split|pdf|pdf-files|separate-documents|pdf-document-assembly|general,4,0.841,DIFFERENT; UNKNOWN,https://search.google.com/search-console/inspect?resource_id=sc-domain:funnytools.win&id=ygKQCemAA_ZFtpVjOB3DJg&utm_medium=link&utm_source=api
https://funnytools.win/fr/outils/editeur-markdown-en-ligne/,Crawled Not Indexed,https://funnytools.win/fr/outils/editeur-markdown-en-ligne/,https://funnytools.win/fr/outils/editeur-markdown-en-ligne/,SELF_MATCH,"Explorée, actuellement non indexée",markdown-previewer,preview|markdown-previewer|markdown-previewer|preview|markdown-previewer|general,0,,,https://search.google.com/search-console/inspect?resource_id=sc-domain:funnytools.win&id=dGhe7F6GQvTdcSpy4glAUA&utm_medium=link&utm_source=api
https://funnytools.win/fr/outils/encoder-decoder-base64/,Crawled Not Indexed,https://funnytools.win/fr/outils/encoder-decoder-base64/,https://funnytools.win/fr/outils/encoder-decoder-base64/,SELF_MATCH,"Explorée, actuellement non indexée",base64,use|base64|base64|tool-result|base64|general,0,,,https://search.google.com/search-console/inspect?resource_id=sc-domain:funnytools.win&id=DO1-93gUne1q9yMaSxS7mA&utm_medium=link&utm_source=api
https://funnytools.win/fr/outils/encoder-decoder-url/,Crawled Not Indexed,https://funnytools.win/fr/outils/encoder-decoder-url/,https://funnytools.win/fr/outils/encoder-decoder-url/,SELF_MATCH,"Explorée, actuellement non indexée",url-encoder,use|url-encoder|url-encoder|tool-result|url-encoder|general,0,,,https://search.google.com/search-console/inspect?resource_id=sc-domain:funnytools.win&id=x4q08vOYky3QEoFBHtabHg&utm_medium=link&utm_source=api
https://funnytools.win/fr/outils/extraire-pages-pdf/,Unknown,,,GOOGLE_CANONICAL_ABSENT,Google ne reconnaît pas cette URL,extract-pdf-pages,extract|pdf|pdf|new-document-from-selected-pages|pdf-page-editing|general,2,0.815,DIFFERENT,https://search.google.com/search-console/inspect?resource_id=sc-domain:funnytools.win&id=3OIvgg26_U8FqvNxH8GKhQ&utm_medium=link&utm_source=api
https://funnytools.win/fr/outils/faire-pivoter-image/,Crawled Not Indexed,https://funnytools.win/fr/outils/faire-pivoter-image/,https://funnytools.win/fr/outils/faire-pivoter-image/,SELF_MATCH,"Explorée, actuellement non indexée",image-rotate-flip,transform|image-rotate-flip|image-rotate-flip|transformed-output|image-rotate-flip|general,0,,,https://search.google.com/search-console/inspect?resource_id=sc-domain:funnytools.win&id=jqEeQH4GgNI9Pk3KLMekag&utm_medium=link&utm_source=api
https://funnytools.win/fr/outils/faire-pivoter-pdf/,Unknown,,,GOOGLE_CANONICAL_ABSENT,Google ne reconnaît pas cette URL,rotate-pdf,transform|rotate-pdf|rotate-pdf|transformed-output|rotate-pdf|general,0,,,https://search.google.com/search-console/inspect?resource_id=sc-domain:funnytools.win&id=bpOCL8gF4Z9V-VoZTCNkLA&utm_medium=link&utm_source=api
https://funnytools.win/fr/outils/formater-valider-json/,Unknown,,,GOOGLE_CANONICAL_ABSENT,Google ne reconnaît pas cette URL,json-formatter,format|json-formatter|json-formatter|formatted-output|json-formatter|general,0,,,https://search.google.com/search-console/inspect?resource_id=sc-domain:funnytools.win&id=SmEkUd7vU093FmYTnE_keg&utm_medium=link&utm_source=api
https://funnytools.win/fr/outils/fusionner-pdf/,Crawled Not Indexed,https://funnytools.win/fr/outils/fusionner-pdf/,https://funnytools.win/fr/outils/fusionner-pdf/,SELF_MATCH,"Explorée, actuellement non indexée",merge-pdf,merge|pdf-files|pdf|combined-document|pdf-document-assembly|general,2,0.841,DIFFERENT; UNKNOWN,https://search.google.com/search-console/inspect?resource_id=sc-domain:funnytools.win&id=kIz50rE7lGe9MvBuI2ZGgA&utm_medium=link&utm_source=api
https://funnytools.win/fr/outils/generateur-code-barres/,Unknown,,,GOOGLE_CANONICAL_ABSENT,Google ne reconnaît pas cette URL,barcode-generator,generate|barcode|barcode|generated-result|barcode|general,0,,,https://search.google.com/search-console/inspect?resource_id=sc-domain:funnytools.win&id=SkwH-TFl-Oq53gVypsBUtA&utm_medium=link&utm_source=api
https://funnytools.win/fr/outils/generateur-code-qr/,Unknown,,,GOOGLE_CANONICAL_ABSENT,Google ne reconnaît pas cette URL,qr-code-generator,generate|qr-code|qr-code|generated-result|qr-code|general,0,,,https://search.google.com/search-console/inspect?resource_id=sc-domain:funnytools.win&id=w4OiqkwvkNo57L_zzj_03Q&utm_medium=link&utm_source=api
https://funnytools.win/fr/outils/generateur-couleurs-hex-rgb-hsl/,Unknown,,,GOOGLE_CANONICAL_ABSENT,Google ne reconnaît pas cette URL,color-generator,generate|color|color|generated-result|color|general,0,,,https://search.google.com/search-console/inspect?resource_id=sc-domain:funnytools.win&id=45vA0jgDCUZ9OI4oKY-9Jw&utm_medium=link&utm_source=api
https://funnytools.win/fr/outils/generateur-groupes-aleatoires/,Unknown,,,GOOGLE_CANONICAL_ABSENT,Google ne reconnaît pas cette URL,random-group-generator,generate|random-group|random-group|generated-result|random-group|general,2,0.862,ADJACENT; DIFFERENT,https://search.google.com/search-console/inspect?resource_id=sc-domain:funnytools.win&id=x0_d2C47lc1uhQTHZaZCfA&utm_medium=link&utm_source=api
https://funnytools.win/fr/outils/generateur-groupes-classe/,Unknown,,,GOOGLE_CANONICAL_ABSENT,Google ne reconnaît pas cette URL,group-generator,generate|group|group|generated-result|group|general,1,0.862,DIFFERENT,https://search.google.com/search-console/inspect?resource_id=sc-domain:funnytools.win&id=mSJRHKqVcPR492iZM9j2ZA&utm_medium=link&utm_source=api
https://funnytools.win/fr/outils/generateur-mot-de-passe-securise/,Unknown,,,GOOGLE_CANONICAL_ABSENT,Google ne reconnaît pas cette URL,password-generator,generate|password|password|generated-result|password|general,0,,,https://search.google.com/search-console/inspect?resource_id=sc-domain:funnytools.win&id=rPphMMAkVjI-l5O556lwgw&utm_medium=link&utm_source=api
https://funnytools.win/fr/outils/generateur-nombres-aleatoires/,Crawled Not Indexed,https://funnytools.win/fr/outils/generateur-nombres-aleatoires/,https://funnytools.win/fr/outils/generateur-nombres-aleatoires/,SELF_MATCH,"Explorée, actuellement non indexée",random-number-picker,select|random-number-picker|random-number-picker|selected-result|random-number-picker|general,2,0.823,ADJACENT; UNKNOWN,https://search.google.com/search-console/inspect?resource_id=sc-domain:funnytools.win&id=pu2vDXm4GZtgMQujJID_Cw&utm_medium=link&utm_source=api
https://funnytools.win/fr/outils/generateur-uuid-v4/,Unknown,,,GOOGLE_CANONICAL_ABSENT,Google ne reconnaît pas cette URL,uuid-generator,generate|uuid|uuid|generated-result|uuid|general,0,,,https://search.google.com/search-console/inspect?resource_id=sc-domain:funnytools.win&id=WOoORnD1sAgJ4Va4D8_pfg&utm_medium=link&utm_source=api
https://funnytools.win/fr/outils/lancer-des-en-ligne/,Crawled Not Indexed,https://funnytools.win/fr/outils/lancer-des-en-ligne/,https://funnytools.win/fr/outils/lancer-des-en-ligne/,SELF_MATCH,"Explorée, actuellement non indexée",dice-roller,generate|dice-roller|dice-roller|generated-result|dice-roller|general,0,,,https://search.google.com/search-console/inspect?resource_id=sc-domain:funnytools.win&id=uCNsGdK81JvyXYA29oGghA&utm_medium=link&utm_source=api
https://funnytools.win/fr/outils/minuteur-en-ligne/,Unknown,,,GOOGLE_CANONICAL_ABSENT,Google ne reconnaît pas cette URL,countdown-timer,use|countdown-timer|countdown-timer|tool-result|countdown-timer|general,1,0.811,ADJACENT,https://search.google.com/search-console/inspect?resource_id=sc-domain:funnytools.win&id=0YYoS3vm2TRUj3Hyh2CQkA&utm_medium=link&utm_source=api
https://funnytools.win/fr/outils/minuteur-pomodoro/,Unknown,,,GOOGLE_CANONICAL_ABSENT,Google ne reconnaît pas cette URL,pomodoro-timer,use|pomodoro-timer|pomodoro-timer|tool-result|pomodoro-timer|general,1,0.85,ADJACENT,https://search.google.com/search-console/inspect?resource_id=sc-domain:funnytools.win&id=RDUYUXIBOeJ_KIhU5ffGGg&utm_medium=link&utm_source=api
https://funnytools.win/fr/outils/plan-de-classe-en-ligne/,Unknown,,,GOOGLE_CANONICAL_ABSENT,Google ne reconnaît pas cette URL,seating-chart,use|seating-chart|seating-chart|tool-result|seating-chart|general,0,,,https://search.google.com/search-console/inspect?resource_id=sc-domain:funnytools.win&id=Ke6Kmb72renl5uKbiinR3A&utm_medium=link&utm_source=api
https://funnytools.win/fr/outils/quoi-manger-ce-soir/,Unknown,,,GOOGLE_CANONICAL_ABSENT,Google ne reconnaît pas cette URL,what-to-eat,convert|what|eat|eat-output|directional-conversion|general,0,,,https://search.google.com/search-console/inspect?resource_id=sc-domain:funnytools.win&id=joaxecS9ffWbVXvtrLKpzg&utm_medium=link&utm_source=api
https://funnytools.win/fr/outils/rappel-pause-ecran/,Crawled Not Indexed,https://funnytools.win/fr/outils/rappel-pause-ecran/,https://funnytools.win/fr/outils/rappel-pause-ecran/,SELF_MATCH,"Explorée, actuellement non indexée",break-reminder,use|break-reminder|break-reminder|tool-result|break-reminder|general,2,0.85,ADJACENT,https://search.google.com/search-console/inspect?resource_id=sc-domain:funnytools.win&id=UU5hFFznOPN4-ScOOxOiig&utm_medium=link&utm_source=api
https://funnytools.win/fr/outils/recadrer-image/,Unknown,,,GOOGLE_CANONICAL_ABSENT,Google ne reconnaît pas cette URL,image-crop,transform|image-crop|image-crop|transformed-output|image-crop|general,1,0.802,ADJACENT,https://search.google.com/search-console/inspect?resource_id=sc-domain:funnytools.win&id=TH_Pdw30F-VVfEdzsZE9Ig&utm_medium=link&utm_source=api
https://funnytools.win/fr/outils/redimensionner-image/,Unknown,,,GOOGLE_CANONICAL_ABSENT,Google ne reconnaît pas cette URL,image-resizer,transform|image-resizer|image-resizer|transformed-output|image-resizer|general,2,0.843,ADJACENT,https://search.google.com/search-console/inspect?resource_id=sc-domain:funnytools.win&id=Or0JOi1wskLi-Momq39knQ&utm_medium=link&utm_source=api
https://funnytools.win/fr/outils/reorganiser-pages-pdf/,Crawled Not Indexed,https://funnytools.win/fr/outils/reorganiser-pages-pdf/,https://funnytools.win/fr/outils/reorganiser-pages-pdf/,SELF_MATCH,"Explorée, actuellement non indexée",pdf-page-reorder,reorder|pdf|pdf|reordered-document|pdf-page-editing|general,2,0.81,DIFFERENT; UNKNOWN,https://search.google.com/search-console/inspect?resource_id=sc-domain:funnytools.win&id=R0kWIJd1dR6lbki6yJimcA&utm_medium=link&utm_source=api
https://funnytools.win/fr/outils/roue-aleatoire/,Unknown,,,GOOGLE_CANONICAL_ABSENT,Google ne reconnaît pas cette URL,random-wheel,select|random-wheel|random-wheel|selected-result|random-wheel|general,1,0.837,ADJACENT,https://search.google.com/search-console/inspect?resource_id=sc-domain:funnytools.win&id=QW7s7Do-QizW-ISFQG_cvA&utm_medium=link&utm_source=api
https://funnytools.win/fr/outils/supprimer-lignes-doublons/,Unknown,,,GOOGLE_CANONICAL_ABSENT,Google ne reconnaît pas cette URL,remove-duplicate-lines,remove|remove-duplicate-lines|remove-duplicate-lines|cleaned-output|remove-duplicate-lines|general,1,0.825,ADJACENT,https://search.google.com/search-console/inspect?resource_id=sc-domain:funnytools.win&id=f79wy5_h2kD0ubxB_0QdXQ&utm_medium=link&utm_source=api
https://funnytools.win/fr/outils/supprimer-lignes-vides/,Unknown,,,GOOGLE_CANONICAL_ABSENT,Google ne reconnaît pas cette URL,remove-empty-lines,remove|remove-empty-lines|remove-empty-lines|cleaned-output|remove-empty-lines|general,0,,,https://search.google.com/search-console/inspect?resource_id=sc-domain:funnytools.win&id=QDS39iGynFT2XWZz4qIqTQ&utm_medium=link&utm_source=api
https://funnytools.win/fr/outils/supprimer-pages-pdf/,Crawled Not Indexed,https://funnytools.win/fr/outils/supprimer-pages-pdf/,https://funnytools.win/fr/outils/supprimer-pages-pdf/,SELF_MATCH,"Explorée, actuellement non indexée",delete-pdf-pages,delete|pdf|pdf|remove-selected-pages|pdf-page-editing|general,1,0.815,DIFFERENT,https://search.google.com/search-console/inspect?resource_id=sc-domain:funnytools.win&id=lARFEpEsK11Pim-5fgvASA&utm_medium=link&utm_source=api
https://funnytools.win/fr/outils/tableau-blanc-dessin-en-ligne/,Crawled Not Indexed,https://funnytools.win/fr/outils/tableau-blanc-dessin-en-ligne/,https://funnytools.win/fr/outils/tableau-blanc-dessin-en-ligne/,SELF_MATCH,"Explorée, actuellement non indexée",sketchpad,create|sketchpad|sketchpad|created-artifact|sketchpad|general,0,,,https://search.google.com/search-console/inspect?resource_id=sc-domain:funnytools.win&id=mRAWJT5e1OzEG3WRJ38Iug&utm_medium=link&utm_source=api
https://funnytools.win/fr/outils/tirage-au-sort-eleves/,Unknown,,,GOOGLE_CANONICAL_ABSENT,Google ne reconnaît pas cette URL,random-student-picker,select|random-student-picker|random-student-picker|selected-result|random-student-picker|general,1,0.825,DIFFERENT,https://search.google.com/search-console/inspect?resource_id=sc-domain:funnytools.win&id=hnrI16RgWj9bcLL1O2M0Eg&utm_medium=link&utm_source=api
https://funnytools.win/fr/outils/tirage-au-sort-noms/,Crawled Not Indexed,https://funnytools.win/fr/outils/tirage-au-sort-noms/,https://funnytools.win/fr/outils/tirage-au-sort-noms/,SELF_MATCH,"Explorée, actuellement non indexée",random-name-picker,select|random-name-picker|random-name-picker|selected-result|random-name-picker|general,4,0.837,ADJACENT; DIFFERENT,https://search.google.com/search-console/inspect?resource_id=sc-domain:funnytools.win&id=_ZobDNsyM0YAAZP1Zq_xQw&utm_medium=link&utm_source=api
https://funnytools.win/fr/outils/trier-lignes-texte/,Unknown,,,GOOGLE_CANONICAL_ABSENT,Google ne reconnaît pas cette URL,sort-lines,sort|sort-lines|sort-lines|sorted-output|sort-lines|general,1,0.825,ADJACENT,https://search.google.com/search-console/inspect?resource_id=sc-domain:funnytools.win&id=1Qq20C5xV1ZmR99Usp7ISQ&utm_medium=link&utm_source=api
https://funnytools.win/guides/,Crawled Not Indexed,https://funnytools.win/guides/,https://funnytools.win/guides/,SELF_MATCH,已檢索 - 目前尚未建立索引,,,0,,,https://search.google.com/search-console/inspect?resource_id=sc-domain:funnytools.win&id=kUhkb2CADLzHiatS4j0P4Q&utm_medium=link&utm_source=api
https://funnytools.win/guides/2d-cad-drawing-board-workflow-guide/,Unknown,,,GOOGLE_CANONICAL_ABSENT,Google 無法辨識的網址,,,0,,,https://search.google.com/search-console/inspect?resource_id=sc-domain:funnytools.win&id=9UGCzItiv5_djDomUrB9JQ&utm_medium=link&utm_source=api
https://funnytools.win/guides/a4-vs-us-letter-printing-guide/,Unknown,,,GOOGLE_CANONICAL_ABSENT,Google 無法辨識的網址,,,0,,,https://search.google.com/search-console/inspect?resource_id=sc-domain:funnytools.win&id=TckNfaTCos8lXSSX4Xiw5Q&utm_medium=link&utm_source=api
https://funnytools.win/guides/age-calculator-school-cutoff-guide/,Unknown,,,GOOGLE_CANONICAL_ABSENT,Google 無法辨識的網址,,,0,,,https://search.google.com/search-console/inspect?resource_id=sc-domain:funnytools.win&id=TAG6XnZxGFKNoCutgt3gDw&utm_medium=link&utm_source=api
https://funnytools.win/guides/anova-apa-format-guide/,Unknown,,,GOOGLE_CANONICAL_ABSENT,Google 無法辨識的網址,,,0,,,https://search.google.com/search-console/inspect?resource_id=sc-domain:funnytools.win&id=kUEhbAaA01EgXDx1o3AOTg&utm_medium=link&utm_source=api
https://funnytools.win/guides/anova-post-hoc-tukey-bonferroni/,Unknown,,,GOOGLE_CANONICAL_ABSENT,Google 無法辨識的網址,,,0,,,https://search.google.com/search-console/inspect?resource_id=sc-domain:funnytools.win&id=3l75gx0MX2T4erxKbHQOWA&utm_medium=link&utm_source=api
https://funnytools.win/guides/bar-chart-school-report-guide/,Unknown,,,GOOGLE_CANONICAL_ABSENT,Google 無法辨識的網址,,,0,,,https://search.google.com/search-console/inspect?resource_id=sc-domain:funnytools.win&id=YuGICOJZonE6wGmTlDT7Kg&utm_medium=link&utm_source=api
https://funnytools.win/guides/barcode-printing-quiet-zone-svg-guide/,Unknown,,,GOOGLE_CANONICAL_ABSENT,Google 無法辨識的網址,,,0,,,https://search.google.com/search-console/inspect?resource_id=sc-domain:funnytools.win&id=Q2pQ632vfU8oqPdtiCnkYw&utm_medium=link&utm_source=api
https://funnytools.win/guides/base64-utf8-unicode-guide/,Unknown,,,GOOGLE_CANONICAL_ABSENT,Google 無法辨識的網址,,,0,,,https://search.google.com/search-console/inspect?resource_id=sc-domain:funnytools.win&id=rJHAP4QtiKarTNXuvmwksw&utm_medium=link&utm_source=api
https://funnytools.win/guides/break-reminder-work-interval-guide/,Unknown,,,GOOGLE_CANONICAL_ABSENT,Google 無法辨識的網址,,,0,,,https://search.google.com/search-console/inspect?resource_id=sc-domain:funnytools.win&id=64P9oi1U2t6xv6euygzA5g&utm_medium=link&utm_source=api
https://funnytools.win/guides/business-days-calendar-days-guide/,Unknown,,,GOOGLE_CANONICAL_ABSENT,Google 無法辨識的網址,,,1,0.823,COMPLEMENTARY,https://search.google.com/search-console/inspect?resource_id=sc-domain:funnytools.win&id=-XHtynl56d9eSxXBYGGNdA&utm_medium=link&utm_source=api
https://funnytools.win/guides/cad-grid-snap-orthogonal-guide/,Unknown,,,GOOGLE_CANONICAL_ABSENT,Google 無法辨識的網址,,,0,,,https://search.google.com/search-console/inspect?resource_id=sc-domain:funnytools.win&id=rdapVgIt-nLi8_wN6MXUUQ&utm_medium=link&utm_source=api
https://funnytools.win/guides/camelcase-snake-case-kebab-case-guide/,Unknown,,,GOOGLE_CANONICAL_ABSENT,Google 無法辨識的網址,,,0,,,https://search.google.com/search-console/inspect?resource_id=sc-domain:funnytools.win&id=PHl5ZgoPHWdEHwRCt0o4Vg&utm_medium=link&utm_source=api
https://funnytools.win/guides/chart-flowchart-alt-text-accessibility/,Unknown,,,GOOGLE_CANONICAL_ABSENT,Google 無法辨識的網址,,,0,,,https://search.google.com/search-console/inspect?resource_id=sc-domain:funnytools.win&id=EvOIPlqPZ9oXJrqiNR7piA&utm_medium=link&utm_source=api
https://funnytools.win/guides/chart-or-flowchart-selection-guide/,Unknown,,,GOOGLE_CANONICAL_ABSENT,Google 無法辨識的網址,,,0,,,https://search.google.com/search-console/inspect?resource_id=sc-domain:funnytools.win&id=Wy6e3P5bILznkm7FMtBbYQ&utm_medium=link&utm_source=api
https://funnytools.win/guides/chinese-english-mixed-word-count-guide/,Unknown,,,GOOGLE_CANONICAL_ABSENT,Google 無法辨識的網址,,,1,0.819,ADJACENT,https://search.google.com/search-console/inspect?resource_id=sc-domain:funnytools.win&id=hwlsNtHJxQj5A8LM_PLfAQ&utm_medium=link&utm_source=api
https://funnytools.win/guides/classroom-group-roles-rotation-guide/,Unknown,,,GOOGLE_CANONICAL_ABSENT,Google 無法辨識的網址,,,1,0.67,ADJACENT,https://search.google.com/search-console/inspect?resource_id=sc-domain:funnytools.win&id=aitKY9-v_ukMbq6orrGxqQ&utm_medium=link&utm_source=api
https://funnytools.win/guides/classroom-lottery-tool-guide/,Unknown,,,GOOGLE_CANONICAL_ABSENT,Google 無法辨識的網址,,,3,0.675,ADJACENT; COMPLEMENTARY,https://search.google.com/search-console/inspect?resource_id=sc-domain:funnytools.win&id=R1GUtNLdM8rWm3aKdAsLvQ&utm_medium=link&utm_source=api
https://funnytools.win/guides/classroom-random-group-absent-student-repair-guide/,Unknown,,,GOOGLE_CANONICAL_ABSENT,Google 無法辨識的網址,,,1,0.807,ADJACENT,https://search.google.com/search-console/inspect?resource_id=sc-domain:funnytools.win&id=v15Oyvo7Mpo5Y61fPpT33A&utm_medium=link&utm_source=api
https://funnytools.win/guides/classroom-random-group-guide/,Crawled Not Indexed,https://funnytools.win/guides/classroom-random-group-guide/,https://funnytools.win/guides/classroom-random-group-guide/,SELF_MATCH,已檢索 - 目前尚未建立索引,,,6,0.884,ADJACENT; COMPLEMENTARY,https://search.google.com/search-console/inspect?resource_id=sc-domain:funnytools.win&id=5RHsoclOSIMugvKvEUtNyg&utm_medium=link&utm_source=api
https://funnytools.win/guides/classroom-random-group-materials-handoff-guide/,Unknown,,,GOOGLE_CANONICAL_ABSENT,Google 無法辨識的網址,,,0,,,https://search.google.com/search-console/inspect?resource_id=sc-domain:funnytools.win&id=fDySpuy2XzmFRy9jCfQqyA&utm_medium=link&utm_source=api
https://funnytools.win/guides/classroom-random-group-no-repeat-guide/,Unknown,,,GOOGLE_CANONICAL_ABSENT,Google 無法辨識的網址,,,4,0.742,ADJACENT; COMPLEMENTARY,https://search.google.com/search-console/inspect?resource_id=sc-domain:funnytools.win&id=286G6Zkryhzh0PLHIEHaMg&utm_medium=link&utm_source=api
https://funnytools.win/guides/classroom-random-group-seat-transition-guide/,Unknown,,,GOOGLE_CANONICAL_ABSENT,Google 無法辨識的網址,,,0,,,https://search.google.com/search-console/inspect?resource_id=sc-domain:funnytools.win&id=vycbWeOUBCx4amFVA4QsIA&utm_medium=link&utm_source=api
https://funnytools.win/guides/classroom-random-group-shareable-result-guide/,Unknown,,,GOOGLE_CANONICAL_ABSENT,Google 無法辨識的網址,,,1,0.651,ADJACENT,https://search.google.com/search-console/inspect?resource_id=sc-domain:funnytools.win&id=EZpPx8PE1_eEHV2LbIBJWg&utm_medium=link&utm_source=api
https://funnytools.win/guides/classroom-random-group-size-balance-guide/,Unknown,,,GOOGLE_CANONICAL_ABSENT,Google 無法辨識的網址,,,8,0.807,ADJACENT; COMPLEMENTARY,https://search.google.com/search-console/inspect?resource_id=sc-domain:funnytools.win&id=aSYHPuZJIzFrmiRJwpP5gA&utm_medium=link&utm_source=api
https://funnytools.win/guides/classroom-random-picker-guide/,Unknown,,,GOOGLE_CANONICAL_ABSENT,Google 無法辨識的網址,,,3,0.68,ADJACENT; COMPLEMENTARY,https://search.google.com/search-console/inspect?resource_id=sc-domain:funnytools.win&id=qnQWQqJv4LHUReA1PTYXrQ&utm_medium=link&utm_source=api
https://funnytools.win/guides/classroom-timer-guide/,Crawled Not Indexed,https://funnytools.win/guides/classroom-timer-guide/,https://funnytools.win/guides/classroom-timer-guide/,SELF_MATCH,已檢索 - 目前尚未建立索引,,,0,,,https://search.google.com/search-console/inspect?resource_id=sc-domain:funnytools.win&id=FKzwD0PC1q-YowjJjsvJyQ&utm_medium=link&utm_source=api
https://funnytools.win/guides/clean-copied-text-from-pdf-web-guide/,Unknown,,,GOOGLE_CANONICAL_ABSENT,Google 無法辨識的網址,,,0,,,https://search.google.com/search-console/inspect?resource_id=sc-domain:funnytools.win&id=osK7pcwJJrARKOKP7rQZRA&utm_medium=link&utm_source=api
https://funnytools.win/guides/code128-vs-code39-guide/,Unknown,,,GOOGLE_CANONICAL_ABSENT,Google 無法辨識的網址,,,0,,,https://search.google.com/search-console/inspect?resource_id=sc-domain:funnytools.win&id=E1KxxQRiMUJv-XKSE_YZEw&utm_medium=link&utm_source=api
https://funnytools.win/guides/compress-image-to-upload-limit/,Unknown,,,GOOGLE_CANONICAL_ABSENT,Google 無法辨識的網址,,,0,,,https://search.google.com/search-console/inspect?resource_id=sc-domain:funnytools.win&id=FNnFJo-Cgvp1X-DKH4Z86A&utm_medium=link&utm_source=api
https://funnytools.win/guides/compress-pdf-to-upload-limit/,Unknown,,,GOOGLE_CANONICAL_ABSENT,Google 無法辨識的網址,,,0,,,https://search.google.com/search-console/inspect?resource_id=sc-domain:funnytools.win&id=V3jll5dKtONvTeUaMhGv6Q&utm_medium=link&utm_source=api
https://funnytools.win/guides/confidence-interval-95-guide/,Unknown,,,GOOGLE_CANONICAL_ABSENT,Google 無法辨識的網址,,,0,,,https://search.google.com/search-console/inspect?resource_id=sc-domain:funnytools.win&id=0fzOGLsu5Hwu2nN49-nN4A&utm_medium=link&utm_source=api
https://funnytools.win/guides/countdown-stopwatch-pomodoro-comparison/,Unknown,,,GOOGLE_CANONICAL_ABSENT,Google 無法辨識的網址,,,0,,,https://search.google.com/search-console/inspect?resource_id=sc-domain:funnytools.win&id=tTraF_wtoZ1F4LS4Nt_LzA&utm_medium=link&utm_source=api
https://funnytools.win/guides/cronbach-alpha-interpretation/,Unknown,,,GOOGLE_CANONICAL_ABSENT,Google 無法辨識的網址,,,0,,,https://search.google.com/search-console/inspect?resource_id=sc-domain:funnytools.win&id=KStq-Hm2DTQUL5-QnWDyFA&utm_medium=link&utm_source=api
https://funnytools.win/guides/crop-vs-resize-vs-compress-image/,Unknown,,,GOOGLE_CANONICAL_ABSENT,Google 無法辨識的網址,,,0,,,https://search.google.com/search-console/inspect?resource_id=sc-domain:funnytools.win&id=pOMf5HX4ACNMAX47x-RcAw&utm_medium=link&utm_source=api
https://funnytools.win/guides/csv-to-json-conversion-guide/,Unknown,,,GOOGLE_CANONICAL_ABSENT,Google 無法辨識的網址,,,0,,,https://search.google.com/search-console/inspect?resource_id=sc-domain:funnytools.win&id=aeFC2j4GUe2lZA9lU3iCwA&utm_medium=link&utm_source=api
https://funnytools.win/guides/csv-to-json-header-duplicate-column-guide/,Unknown,,,GOOGLE_CANONICAL_ABSENT,Google 無法辨識的網址,,,1,0.737,COMPLEMENTARY,https://search.google.com/search-console/inspect?resource_id=sc-domain:funnytools.win&id=sMVt1lYwzYt-Xa-5krp_zg&utm_medium=link&utm_source=api
https://funnytools.win/guides/csv-utf8-bom-excel-garbled-text/,Unknown,,,GOOGLE_CANONICAL_ABSENT,Google 無法辨識的網址,,,0,,,https://search.google.com/search-console/inspect?resource_id=sc-domain:funnytools.win&id=6YlKmGL05KhDAbjoIlkVcg&utm_medium=link&utm_source=api
https://funnytools.win/guides/cvc-word-families-guide/,Unknown,,,GOOGLE_CANONICAL_ABSENT,Google 無法辨識的網址,,,0,,,https://search.google.com/search-console/inspect?resource_id=sc-domain:funnytools.win&id=vmrvm4OU_qVJfxD1bk7EIA&utm_medium=link&utm_source=api
https://funnytools.win/guides/date-arithmetic-end-of-month-dst-guide/,Unknown,,,GOOGLE_CANONICAL_ABSENT,Google 無法辨識的網址,,,0,,,https://search.google.com/search-console/inspect?resource_id=sc-domain:funnytools.win&id=UdxRkoRUUppiyMdnsUkrQA&utm_medium=link&utm_source=api
https://funnytools.win/guides/date-difference-inclusive-exclusive-guide/,Unknown,,,GOOGLE_CANONICAL_ABSENT,Google 無法辨識的網址,,,0,,,https://search.google.com/search-console/inspect?resource_id=sc-domain:funnytools.win&id=p3qSo4Xckze21pLbcrLtCw&utm_medium=link&utm_source=api
https://funnytools.win/guides/decision-tree-vs-flowchart-guide/,Unknown,,,GOOGLE_CANONICAL_ABSENT,Google 無法辨識的網址,,,0,,,https://search.google.com/search-console/inspect?resource_id=sc-domain:funnytools.win&id=h5cS4J2y2wnxQ-8PnBcOgQ&utm_medium=link&utm_source=api
https://funnytools.win/guides/delete-blank-pages-from-pdf/,Unknown,,,GOOGLE_CANONICAL_ABSENT,Google 無法辨識的網址,,,0,,,https://search.google.com/search-console/inspect?resource_id=sc-domain:funnytools.win&id=cTlIKLYSkkoRC3TcrfwwIw&utm_medium=link&utm_source=api
https://funnytools.win/guides/dice-probability-random-streaks-guide/,Unknown,,,GOOGLE_CANONICAL_ABSENT,Google 無法辨識的網址,,,0,,,https://search.google.com/search-console/inspect?resource_id=sc-domain:funnytools.win&id=G8Xa-wFZMqK0cylJ_eOaVw&utm_medium=link&utm_source=api
https://funnytools.win/guides/ean13-upca-check-digit-gs1-guide/,Unknown,,,GOOGLE_CANONICAL_ABSENT,Google 無法辨識的網址,,,0,,,https://search.google.com/search-console/inspect?resource_id=sc-domain:funnytools.win&id=uKReIhOeZsIxWAKIzyPs0w&utm_medium=link&utm_source=api
https://funnytools.win/guides/effect-size-guide/,Unknown,,,GOOGLE_CANONICAL_ABSENT,Google 無法辨識的網址,,,0,,,https://search.google.com/search-console/inspect?resource_id=sc-domain:funnytools.win&id=2rvYdH1dDpwc-LGQhY7PJQ&utm_medium=link&utm_source=api
https://funnytools.win/guides/emoji-character-count-grapheme-guide/,Unknown,,,GOOGLE_CANONICAL_ABSENT,Google 無法辨識的網址,,,0,,,https://search.google.com/search-console/inspect?resource_id=sc-domain:funnytools.win&id=GV50eKr_LdghX6MiY8GErg&utm_medium=link&utm_source=api
https://funnytools.win/guides/extra-credit-over-100-grade-guide/,Unknown,,,GOOGLE_CANONICAL_ABSENT,Google 無法辨識的網址,,,0,,,https://search.google.com/search-console/inspect?resource_id=sc-domain:funnytools.win&id=Onis2U6WiqC6s4v5EdFQ7w&utm_medium=link&utm_source=api
https://funnytools.win/guides/extract-specific-pages-from-pdf/,Unknown,,,GOOGLE_CANONICAL_ABSENT,Google 無法辨識的網址,,,0,,,https://search.google.com/search-console/inspect?resource_id=sc-domain:funnytools.win&id=lVl3FboxovXBLad_m6v0iQ&utm_medium=link&utm_source=api
https://funnytools.win/guides/fair-random-draw-audit-guide/,Unknown,,,GOOGLE_CANONICAL_ABSENT,Google 無法辨識的網址,,,0,,,https://search.google.com/search-console/inspect?resource_id=sc-domain:funnytools.win&id=xwCSPBGKZkV4tCIISfoBlw&utm_medium=link&utm_source=api
https://funnytools.win/guides/fair-student-grouping-guide/,Crawled Not Indexed,https://funnytools.win/guides/fair-student-grouping-guide/,https://funnytools.win/guides/fair-student-grouping-guide/,SELF_MATCH,已檢索 - 目前尚未建立索引,,,6,0.884,ADJACENT; COMPLEMENTARY,https://search.google.com/search-console/inspect?resource_id=sc-domain:funnytools.win&id=xpvPn6FP-GU2xvsXqNFlMg&utm_medium=link&utm_source=api
https://funnytools.win/guides/file-size-units-guide/,Unknown,,,GOOGLE_CANONICAL_ABSENT,Google 無法辨識的網址,,,0,,,https://search.google.com/search-console/inspect?resource_id=sc-domain:funnytools.win&id=Xab94MPMSZ1ezZk0h8pdwQ&utm_medium=link&utm_source=api
https://funnytools.win/guides/final-exam-score-needed-guide/,Unknown,,,GOOGLE_CANONICAL_ABSENT,Google 無法辨識的網址,,,0,,,https://search.google.com/search-console/inspect?resource_id=sc-domain:funnytools.win&id=GNGNj_qi01JKa1jNBPYGIQ&utm_medium=link&utm_source=api
https://funnytools.win/guides/flowchart-design-checklist/,Unknown,,,GOOGLE_CANONICAL_ABSENT,Google 無法辨識的網址,,,0,,,https://search.google.com/search-console/inspect?resource_id=sc-domain:funnytools.win&id=VFx-CpxXLhyze1aNNjL-EA&utm_medium=link&utm_source=api
https://funnytools.win/guides/flowchart-symbols-guide/,Unknown,,,GOOGLE_CANONICAL_ABSENT,Google 無法辨識的網址,,,0,,,https://search.google.com/search-console/inspect?resource_id=sc-domain:funnytools.win&id=D0FExH_b_cN2z74Xsh6WEw&utm_medium=link&utm_source=api
https://funnytools.win/guides/gpa-4-0-vs-4-3-guide/,Unknown,,,GOOGLE_CANONICAL_ABSENT,Google 無法辨識的網址,,,0,,,https://search.google.com/search-console/inspect?resource_id=sc-domain:funnytools.win&id=77ZEQQD0427OUFh8Rc26nA&utm_medium=link&utm_source=api
https://funnytools.win/guides/gpa-credit-weighted-formula-guide/,Unknown,,,GOOGLE_CANONICAL_ABSENT,Google 無法辨識的網址,,,0,,,https://search.google.com/search-console/inspect?resource_id=sc-domain:funnytools.win&id=9kxS8ckLERrvu5m9ctv-qA&utm_medium=link&utm_source=api
https://funnytools.win/guides/grade-rounding-cutoff-guide/,Unknown,,,GOOGLE_CANONICAL_ABSENT,Google 無法辨識的網址,,,0,,,https://search.google.com/search-console/inspect?resource_id=sc-domain:funnytools.win&id=Z7vZiBS1EcYxrZDFZHI--w&utm_medium=link&utm_source=api
https://funnytools.win/guides/grades-gpa/,Unknown,,,GOOGLE_CANONICAL_ABSENT,Google 無法辨識的網址,,,0,,,https://search.google.com/search-console/inspect?resource_id=sc-domain:funnytools.win&id=H6omsaxGICGdKPJ2PnB-3w&utm_medium=link&utm_source=api
https://funnytools.win/guides/household-physics-demos-guide/,Unknown,,,GOOGLE_CANONICAL_ABSENT,Google 無法辨識的網址,,,0,,,https://search.google.com/search-console/inspect?resource_id=sc-domain:funnytools.win&id=4j4jc0vjgQHElCMTpcAXHQ&utm_medium=link&utm_source=api
https://funnytools.win/guides/image-base64-data-uri-guide/,Unknown,,,GOOGLE_CANONICAL_ABSENT,Google 無法辨識的網址,,,0,,,https://search.google.com/search-console/inspect?resource_id=sc-domain:funnytools.win&id=d3ooeyK19MmX8zltKBKlng&utm_medium=link&utm_source=api
https://funnytools.win/guides/image-color-profile-web-print-guide/,Unknown,,,GOOGLE_CANONICAL_ABSENT,Google 無法辨識的網址,,,0,,,https://search.google.com/search-console/inspect?resource_id=sc-domain:funnytools.win&id=KzNiArqGcIhaHC3A42iVNQ&utm_medium=link&utm_source=api
https://funnytools.win/guides/image-compression-email-guide/,Unknown,,,GOOGLE_CANONICAL_ABSENT,Google 無法辨識的網址,,,0,,,https://search.google.com/search-console/inspect?resource_id=sc-domain:funnytools.win&id=pzamnmi0_-m_zGSg8nUjhg&utm_medium=link&utm_source=api
https://funnytools.win/guides/image-compression-quality-size-guide/,Unknown,,,GOOGLE_CANONICAL_ABSENT,Google 無法辨識的網址,,,1,0.699,COMPLEMENTARY,https://search.google.com/search-console/inspect?resource_id=sc-domain:funnytools.win&id=a4-DA8Z-QQ6SGqqW_yLz-w&utm_medium=link&utm_source=api
https://funnytools.win/guides/image-compressor-metadata-privacy-guide/,Unknown,,,GOOGLE_CANONICAL_ABSENT,Google 無法辨識的網址,,,0,,,https://search.google.com/search-console/inspect?resource_id=sc-domain:funnytools.win&id=D4XhSgp40R4DtXo0FhlOiA&utm_medium=link&utm_source=api
https://funnytools.win/guides/image-resampling-quality-guide/,Unknown,,,GOOGLE_CANONICAL_ABSENT,Google 無法辨識的網址,,,2,0.716,ADJACENT,https://search.google.com/search-console/inspect?resource_id=sc-domain:funnytools.win&id=JpB6hDP_9LqYOgJU7Ru_KQ&utm_medium=link&utm_source=api
https://funnytools.win/guides/image-resize-aspect-ratio-guide/,Unknown,,,GOOGLE_CANONICAL_ABSENT,Google 無法辨識的網址,,,2,0.712,ADJACENT; COMPLEMENTARY,https://search.google.com/search-console/inspect?resource_id=sc-domain:funnytools.win&id=en-ZLo_nrvP2fs6qID2Emg&utm_medium=link&utm_source=api
https://funnytools.win/guides/image-resolution-print-web-guide/,Unknown,,,GOOGLE_CANONICAL_ABSENT,Google 無法辨識的網址,,,2,0.756,ADJACENT; DIFFERENT,https://search.google.com/search-console/inspect?resource_id=sc-domain:funnytools.win&id=YBmyNi7isVI_rKSQWInJ-A&utm_medium=link&utm_source=api
https://funnytools.win/guides/image-upload-failed-troubleshooting/,Unknown,,,GOOGLE_CANONICAL_ABSENT,Google 無法辨識的網址,,,0,,,https://search.google.com/search-console/inspect?resource_id=sc-domain:funnytools.win&id=sRmKQ2Wx3iWvszjq9Vx2xw&utm_medium=link&utm_source=api
https://funnytools.win/guides/independent-vs-paired-t-test/,Unknown,,,GOOGLE_CANONICAL_ABSENT,Google 無法辨識的網址,,,0,,,https://search.google.com/search-console/inspect?resource_id=sc-domain:funnytools.win&id=m9gzIx0aCUa2tTZ1bopg2Q&utm_medium=link&utm_source=api
https://funnytools.win/guides/invisible-spaces-nbsp-zero-width-guide/,Unknown,,,GOOGLE_CANONICAL_ABSENT,Google 無法辨識的網址,,,0,,,https://search.google.com/search-console/inspect?resource_id=sc-domain:funnytools.win&id=kBuH9mKnpvt3iFmICBCFwQ&utm_medium=link&utm_source=api
https://funnytools.win/guides/iso-8601-utc-offset-guide/,Unknown,,,GOOGLE_CANONICAL_ABSENT,Google 無法辨識的網址,,,0,,,https://search.google.com/search-console/inspect?resource_id=sc-domain:funnytools.win&id=d9DTX-l-Hc543kDXnybEaw&utm_medium=link&utm_source=api
https://funnytools.win/guides/jpg-png-webp-which-to-use/,Unknown,,,GOOGLE_CANONICAL_ABSENT,Google 無法辨識的網址,,,0,,,https://search.google.com/search-console/inspect?resource_id=sc-domain:funnytools.win&id=sRRg1jRikdOy-00Bh_Kz7g&utm_medium=link&utm_source=api
https://funnytools.win/guides/json-error-fix-guide/,Unknown,,,GOOGLE_CANONICAL_ABSENT,Google 無法辨識的網址,,,0,,,https://search.google.com/search-console/inspect?resource_id=sc-domain:funnytools.win&id=ff-BCc-m5m2gxtU9GaXnsA&utm_medium=link&utm_source=api
https://funnytools.win/guides/json-formatter-trailing-comma-error-guide/,Unknown,,,GOOGLE_CANONICAL_ABSENT,Google 無法辨識的網址,,,1,0.7,COMPLEMENTARY,https://search.google.com/search-console/inspect?resource_id=sc-domain:funnytools.win&id=G14gcapRVO95qn6uVGcEeA&utm_medium=link&utm_source=api
https://funnytools.win/guides/json-to-csv-excel-guide/,Unknown,,,GOOGLE_CANONICAL_ABSENT,Google 無法辨識的網址,,,0,,,https://search.google.com/search-console/inspect?resource_id=sc-domain:funnytools.win&id=AMB_7Z2Qeu1PmNogZc5DMQ&utm_medium=link&utm_source=api
https://funnytools.win/guides/line-breaks-lf-crlf-guide/,Unknown,,,GOOGLE_CANONICAL_ABSENT,Google 無法辨識的網址,,,0,,,https://search.google.com/search-console/inspect?resource_id=sc-domain:funnytools.win&id=WxFVCtiHouLdwCTyiHH5tw&utm_medium=link&utm_source=api
https://funnytools.win/guides/markdown-syntax-preview-guide/,Unknown,,,GOOGLE_CANONICAL_ABSENT,Google 無法辨識的網址,,,0,,,https://search.google.com/search-console/inspect?resource_id=sc-domain:funnytools.win&id=LPbMKtb-JHLC-oWnRBCIAg&utm_medium=link&utm_source=api
https://funnytools.win/guides/mean-median-mode-when-to-use/,Unknown,,,GOOGLE_CANONICAL_ABSENT,Google 無法辨識的網址,,,0,,,https://search.google.com/search-console/inspect?resource_id=sc-domain:funnytools.win&id=0ixcmVlbAFFEe2sa-24D_Q&utm_medium=link&utm_source=api
https://funnytools.win/guides/merge-pdf-bookmarks-navigation-guide/,Unknown,,,GOOGLE_CANONICAL_ABSENT,Google 無法辨識的網址,,,2,0.71,ADJACENT,https://search.google.com/search-console/inspect?resource_id=sc-domain:funnytools.win&id=3PvwkA2HZE9JfvqD2kY04w&utm_medium=link&utm_source=api
https://funnytools.win/guides/merge-pdf-page-size-orientation-guide/,Unknown,,,GOOGLE_CANONICAL_ABSENT,Google 無法辨識的網址,,,0,,,https://search.google.com/search-console/inspect?resource_id=sc-domain:funnytools.win&id=QD4hgo93rgByHqhIXWcvwg&utm_medium=link&utm_source=api
https://funnytools.win/guides/merge-pdf-private-guide/,Unknown,,,GOOGLE_CANONICAL_ABSENT,Google 無法辨識的網址,,,1,0.782,COMPLEMENTARY,https://search.google.com/search-console/inspect?resource_id=sc-domain:funnytools.win&id=DjpbqTNSrbkE04QDEuX-eg&utm_medium=link&utm_source=api
https://funnytools.win/guides/merge-pdf-reading-order-checklist-guide/,Unknown,,,GOOGLE_CANONICAL_ABSENT,Google 無法辨識的網址,,,3,0.726,ADJACENT; COMPLEMENTARY,https://search.google.com/search-console/inspect?resource_id=sc-domain:funnytools.win&id=f9NItZo5RKUuBStpUSZmMA&utm_medium=link&utm_source=api
https://funnytools.win/guides/misleading-chart-common-errors/,Unknown,,,GOOGLE_CANONICAL_ABSENT,Google 無法辨識的網址,,,0,,,https://search.google.com/search-console/inspect?resource_id=sc-domain:funnytools.win&id=fFjVNWCFeLCG1LldwGtPiQ&utm_medium=link&utm_source=api
https://funnytools.win/guides/missing-assignment-zero-exempt-guide/,Unknown,,,GOOGLE_CANONICAL_ABSENT,Google 無法辨識的網址,,,0,,,https://search.google.com/search-console/inspect?resource_id=sc-domain:funnytools.win&id=tSR9taWUxAWxYFREnXVOyQ&utm_medium=link&utm_source=api
https://funnytools.win/guides/multiplication-fact-fluency-guide/,Unknown,,,GOOGLE_CANONICAL_ABSENT,Google 無法辨識的網址,,,0,,,https://search.google.com/search-console/inspect?resource_id=sc-domain:funnytools.win&id=7s0_UvyFOdX-1Pr5VqVfeg&utm_medium=link&utm_source=api
https://funnytools.win/guides/optimize-images-for-website/,Unknown,,,GOOGLE_CANONICAL_ABSENT,Google 無法辨識的網址,,,0,,,https://search.google.com/search-console/inspect?resource_id=sc-domain:funnytools.win&id=cbNZJgtCUP5c4qF4mBKRag&utm_medium=link&utm_source=api
https://funnytools.win/guides/outlier-detection-iqr-z-score-boxplot/,Unknown,,,GOOGLE_CANONICAL_ABSENT,Google 無法辨識的網址,,,0,,,https://search.google.com/search-console/inspect?resource_id=sc-domain:funnytools.win&id=B601KZKZneyFaZ2wKRtIsw&utm_medium=link&utm_source=api
https://funnytools.win/guides/p-value-interpretation/,Unknown,,,GOOGLE_CANONICAL_ABSENT,Google 無法辨識的網址,,,0,,,https://search.google.com/search-console/inspect?resource_id=sc-domain:funnytools.win&id=y7m7ODxGj2JHo401c19ftw&utm_medium=link&utm_source=api
https://funnytools.win/guides/password-manager-mfa-passkey-guide/,Unknown,,,GOOGLE_CANONICAL_ABSENT,Google 無法辨識的網址,,,0,,,https://search.google.com/search-console/inspect?resource_id=sc-domain:funnytools.win&id=GzDRPG7dGU8S31Sz9UB9hw&utm_medium=link&utm_source=api
https://funnytools.win/guides/password-strength-basics-guide/,Unknown,,,GOOGLE_CANONICAL_ABSENT,Google 無法辨識的網址,,,0,,,https://search.google.com/search-console/inspect?resource_id=sc-domain:funnytools.win&id=SOJOHPsSfbNqwrn1pgakOA&utm_medium=link&utm_source=api
https://funnytools.win/guides/pdf-accessibility-reading-order-check-guide/,Unknown,,,GOOGLE_CANONICAL_ABSENT,Google 無法辨識的網址,,,0,,,https://search.google.com/search-console/inspect?resource_id=sc-domain:funnytools.win&id=sbPJrtUFj6suNBc1n4MGMQ&utm_medium=link&utm_source=api
https://funnytools.win/guides/pdf-compressor-email-attachment-guide/,Unknown,,,GOOGLE_CANONICAL_ABSENT,Google 無法辨識的網址,,,0,,,https://search.google.com/search-console/inspect?resource_id=sc-domain:funnytools.win&id=z-VNkp-jMsz9d594Pgh7pA&utm_medium=link&utm_source=api
https://funnytools.win/guides/pdf-compressor-form-fields-links-guide/,Unknown,,,GOOGLE_CANONICAL_ABSENT,Google 無法辨識的網址,,,0,,,https://search.google.com/search-console/inspect?resource_id=sc-domain:funnytools.win&id=hVBtkrveAmyDMEUez6t2BQ&utm_medium=link&utm_source=api
https://funnytools.win/guides/pdf-page-reorder-appendix-merge-check-guide/,Unknown,,,GOOGLE_CANONICAL_ABSENT,Google 無法辨識的網址,,,2,0.726,ADJACENT,https://search.google.com/search-console/inspect?resource_id=sc-domain:funnytools.win&id=q7QlVXf0ZH0qnXZdlDQmjg&utm_medium=link&utm_source=api
https://funnytools.win/guides/pdf-split-vs-extract-vs-delete/,Unknown,,,GOOGLE_CANONICAL_ABSENT,Google 無法辨識的網址,,,0,,,https://search.google.com/search-console/inspect?resource_id=sc-domain:funnytools.win&id=Ef23AHiGNcCnTP5b0D7T2A&utm_medium=link&utm_source=api
https://funnytools.win/guides/pdf-table-to-excel-header-check-guide/,Unknown,,,GOOGLE_CANONICAL_ABSENT,Google 無法辨識的網址,,,0,,,https://search.google.com/search-console/inspect?resource_id=sc-domain:funnytools.win&id=6-jIG5VYMkcze3tmAiX9FA&utm_medium=link&utm_source=api
https://funnytools.win/guides/pdf-to-image-background-contrast-guide/,Unknown,,,GOOGLE_CANONICAL_ABSENT,Google 無法辨識的網址,,,0,,,https://search.google.com/search-console/inspect?resource_id=sc-domain:funnytools.win&id=UzF-KhAJ_3FjqFpAFT1yPw&utm_medium=link&utm_source=api
https://funnytools.win/guides/pdf-to-image-multipage-download-guide/,Unknown,,,GOOGLE_CANONICAL_ABSENT,Google 無法辨識的網址,,,3,0.716,ADJACENT; COMPLEMENTARY,https://search.google.com/search-console/inspect?resource_id=sc-domain:funnytools.win&id=gG9daDmoed9BpUk3oJU7Mw&utm_medium=link&utm_source=api
https://funnytools.win/guides/pdf-to-image-print-crop-marks-guide/,Unknown,,,GOOGLE_CANONICAL_ABSENT,Google 無法辨識的網址,,,0,,,https://search.google.com/search-console/inspect?resource_id=sc-domain:funnytools.win&id=Gd2YJowssFmK23wnxWIMUw&utm_medium=link&utm_source=api
https://funnytools.win/guides/pdf-to-image-raster-text-search-guide/,Unknown,,,GOOGLE_CANONICAL_ABSENT,Google 無法辨識的網址,,,0,,,https://search.google.com/search-console/inspect?resource_id=sc-domain:funnytools.win&id=yNXcG5VCnw9AXm_wbEZVTQ&utm_medium=link&utm_source=api
https://funnytools.win/guides/pdf-to-image-resolution-guide/,Unknown,,,GOOGLE_CANONICAL_ABSENT,Google 無法辨識的網址,,,1,0.756,DIFFERENT,https://search.google.com/search-console/inspect?resource_id=sc-domain:funnytools.win&id=kCk0DROgteQmJlH4XJrxpA&utm_medium=link&utm_source=api
https://funnytools.win/guides/pdf-to-jpg-vs-png/,Unknown,,,GOOGLE_CANONICAL_ABSENT,Google 無法辨識的網址,,,0,,,https://search.google.com/search-console/inspect?resource_id=sc-domain:funnytools.win&id=y_JLHkvso5tqSv3cfnX0AQ&utm_medium=link&utm_source=api
https://funnytools.win/guides/pdf-to-word-form-field-editing-guide/,Unknown,,,GOOGLE_CANONICAL_ABSENT,Google 無法辨識的網址,,,0,,,https://search.google.com/search-console/inspect?resource_id=sc-domain:funnytools.win&id=BheF5DoLAoQMM8WQemLCwA&utm_medium=link&utm_source=api
https://funnytools.win/guides/pdf-to-word-layout-fidelity-guide/,Unknown,,,GOOGLE_CANONICAL_ABSENT,Google 無法辨識的網址,,,1,0.718,ADJACENT,https://search.google.com/search-console/inspect?resource_id=sc-domain:funnytools.win&id=MUKQn_GpYo9_V7lPy1NJeg&utm_medium=link&utm_source=api
https://funnytools.win/guides/pdf-to-word-ocr-language-check-guide/,Unknown,,,GOOGLE_CANONICAL_ABSENT,Google 無法辨識的網址,,,1,0.718,ADJACENT,https://search.google.com/search-console/inspect?resource_id=sc-domain:funnytools.win&id=5eYYtIZ6N7S4KPilGk_OIw&utm_medium=link&utm_source=api
https://funnytools.win/guides/pdf-to-word-review-track-changes-guide/,Unknown,,,GOOGLE_CANONICAL_ABSENT,Google 無法辨識的網址,,,0,,,https://search.google.com/search-console/inspect?resource_id=sc-domain:funnytools.win&id=k_LCL329e0ekSetwH_x2PA&utm_medium=link&utm_source=api
https://funnytools.win/guides/pdf-upload-failed-troubleshooting/,Unknown,,,GOOGLE_CANONICAL_ABSENT,Google 無法辨識的網址,,,0,,,https://search.google.com/search-console/inspect?resource_id=sc-domain:funnytools.win&id=PQSzSAYkOeCHlDJEOBV1XQ&utm_medium=link&utm_source=api
https://funnytools.win/guides/pearson-vs-spearman-correlation/,Unknown,,,GOOGLE_CANONICAL_ABSENT,Google 無法辨識的網址,,,0,,,https://search.google.com/search-console/inspect?resource_id=sc-domain:funnytools.win&id=xxYExxZWiS1tKbjKkc-goQ&utm_medium=link&utm_source=api
https://funnytools.win/guides/percentage-grade-to-gpa-conversion-guide/,Unknown,,,GOOGLE_CANONICAL_ABSENT,Google 無法辨識的網址,,,0,,,https://search.google.com/search-console/inspect?resource_id=sc-domain:funnytools.win&id=DZijvjOAXVdxHbHlaDpmfA&utm_medium=link&utm_source=api
https://funnytools.win/guides/percentage-shortcuts-guide/,Unknown,,,GOOGLE_CANONICAL_ABSENT,Google 無法辨識的網址,,,0,,,https://search.google.com/search-console/inspect?resource_id=sc-domain:funnytools.win&id=ZIcbG5dYvPrnx-tV1bRTDg&utm_medium=link&utm_source=api
https://funnytools.win/guides/percentile-rank-guide/,Unknown,,,GOOGLE_CANONICAL_ABSENT,Google 無法辨識的網址,,,2,0.663,ADJACENT; COMPLEMENTARY,https://search.google.com/search-console/inspect?resource_id=sc-domain:funnytools.win&id=fRXYL66X_3QNWaEHXvxAxA&utm_medium=link&utm_source=api
https://funnytools.win/guides/photos-to-pdf-phone-guide/,Unknown,,,GOOGLE_CANONICAL_ABSENT,Google 無法辨識的網址,,,0,,,https://search.google.com/search-console/inspect?resource_id=sc-domain:funnytools.win&id=2g1b083QafbR-b9l458i0w&utm_medium=link&utm_source=api
https://funnytools.win/guides/pie-chart-percentage-guide/,Unknown,,,GOOGLE_CANONICAL_ABSENT,Google 無法辨識的網址,,,0,,,https://search.google.com/search-console/inspect?resource_id=sc-domain:funnytools.win&id=ch7BviRcMY9X84Wtn8zKYg&utm_medium=link&utm_source=api
https://funnytools.win/guides/png-to-jpg-transparency-background/,Unknown,,,GOOGLE_CANONICAL_ABSENT,Google 無法辨識的網址,,,0,,,https://search.google.com/search-console/inspect?resource_id=sc-domain:funnytools.win&id=gi8CdqQRZgNoBHygln7Bxg&utm_medium=link&utm_source=api
https://funnytools.win/guides/pomodoro-25-5-focus-interval-guide/,Unknown,,,GOOGLE_CANONICAL_ABSENT,Google 無法辨識的網址,,,0,,,https://search.google.com/search-console/inspect?resource_id=sc-domain:funnytools.win&id=sjjbcNmheDm1HfBCZ3G4Gg&utm_medium=link&utm_source=api
https://funnytools.win/guides/qr-barcode/,Unknown,,,GOOGLE_CANONICAL_ABSENT,Google 無法辨識的網址,,,0,,,https://search.google.com/search-console/inspect?resource_id=sc-domain:funnytools.win&id=givERTZVz-RPGVb-SvQexg&utm_medium=link&utm_source=api
https://funnytools.win/guides/qr-code-accessible-fallback-guide/,Unknown,,,GOOGLE_CANONICAL_ABSENT,Google 無法辨識的網址,,,0,,,https://search.google.com/search-console/inspect?resource_id=sc-domain:funnytools.win&id=b7oFgkFrGsNcMBMh65aUBw&utm_medium=link&utm_source=api
https://funnytools.win/guides/qr-code-before-print-testing-guide/,Unknown,,,GOOGLE_CANONICAL_ABSENT,Google 無法辨識的網址,,,0,,,https://search.google.com/search-console/inspect?resource_id=sc-domain:funnytools.win&id=v0L_TU5SMjjBx2xRvU8cVg&utm_medium=link&utm_source=api
https://funnytools.win/guides/qr-code-classroom-guide/,Unknown,,,GOOGLE_CANONICAL_ABSENT,Google 無法辨識的網址,,,0,,,https://search.google.com/search-console/inspect?resource_id=sc-domain:funnytools.win&id=s-0PGnpXq71AcWzjy_DY0A&utm_medium=link&utm_source=api
https://funnytools.win/guides/qr-code-destination-change-log-guide/,Unknown,,,GOOGLE_CANONICAL_ABSENT,Google 無法辨識的網址,,,1,0.728,ADJACENT,https://search.google.com/search-console/inspect?resource_id=sc-domain:funnytools.win&id=R7P-AkB2haV3GdGL7KfnKg&utm_medium=link&utm_source=api
https://funnytools.win/guides/qr-code-event-page-expiry-guide/,Unknown,,,GOOGLE_CANONICAL_ABSENT,Google 無法辨識的網址,,,1,0.728,ADJACENT,https://search.google.com/search-console/inspect?resource_id=sc-domain:funnytools.win&id=wxgJJ1EaGOWHARST8JaYzA&utm_medium=link&utm_source=api
https://funnytools.win/guides/qr-code-mobile-landing-page-guide/,Unknown,,,GOOGLE_CANONICAL_ABSENT,Google 無法辨識的網址,,,1,0.747,ADJACENT,https://search.google.com/search-console/inspect?resource_id=sc-domain:funnytools.win&id=03fDPWqFhrcBZWjPJbNABA&utm_medium=link&utm_source=api
https://funnytools.win/guides/qr-code-multi-placement-consistency-guide/,Unknown,,,GOOGLE_CANONICAL_ABSENT,Google 無法辨識的網址,,,0,,,https://search.google.com/search-console/inspect?resource_id=sc-domain:funnytools.win&id=j1l-OUyUfZGtl-oH5-J5Cg&utm_medium=link&utm_source=api
https://funnytools.win/guides/qr-code-multilingual-switch-testing-guide/,Unknown,,,GOOGLE_CANONICAL_ABSENT,Google 無法辨識的網址,,,1,0.747,ADJACENT,https://search.google.com/search-console/inspect?resource_id=sc-domain:funnytools.win&id=l66vyeDFRLbJb7AFUoQTCg&utm_medium=link&utm_source=api
https://funnytools.win/guides/qr-code-not-scanning-print-guide/,Unknown,,,GOOGLE_CANONICAL_ABSENT,Google 無法辨識的網址,,,0,,,https://search.google.com/search-console/inspect?resource_id=sc-domain:funnytools.win&id=aHd1jD3wTW2wTA-MkaC_WQ&utm_medium=link&utm_source=api
https://funnytools.win/guides/qr-code-payload-length-guide/,Unknown,,,GOOGLE_CANONICAL_ABSENT,Google 無法辨識的網址,,,0,,,https://search.google.com/search-console/inspect?resource_id=sc-domain:funnytools.win&id=GcU4-5OyFqSBG-xVnpKz_g&utm_medium=link&utm_source=api
https://funnytools.win/guides/qr-code-phishing-security-guide/,Unknown,,,GOOGLE_CANONICAL_ABSENT,Google 無法辨識的網址,,,0,,,https://search.google.com/search-console/inspect?resource_id=sc-domain:funnytools.win&id=6lDsE-NnxNR2wu3J1XFzBQ&utm_medium=link&utm_source=api
https://funnytools.win/guides/qr-code-scan-failure-field-troubleshooting-guide/,Unknown,,,GOOGLE_CANONICAL_ABSENT,Google 無法辨識的網址,,,0,,,https://search.google.com/search-console/inspect?resource_id=sc-domain:funnytools.win&id=R8bNuk94HBREjESnZd5YSg&utm_medium=link&utm_source=api
https://funnytools.win/guides/qr-code-utm-campaign-link-guide/,Unknown,,,GOOGLE_CANONICAL_ABSENT,Google 無法辨識的網址,,,0,,,https://search.google.com/search-console/inspect?resource_id=sc-domain:funnytools.win&id=h04n0ADvnw3nY5N2QwyMeQ&utm_medium=link&utm_source=api
https://funnytools.win/guides/qr-code-vs-barcode-guide/,Unknown,,,GOOGLE_CANONICAL_ABSENT,Google 無法辨識的網址,,,0,,,https://search.google.com/search-console/inspect?resource_id=sc-domain:funnytools.win&id=duw4L2fT3r4DWAjGfLUsWA&utm_medium=link&utm_source=api
https://funnytools.win/guides/qr-error-correction-logo-guide/,Unknown,,,GOOGLE_CANONICAL_ABSENT,Google 無法辨識的網址,,,0,,,https://search.google.com/search-console/inspect?resource_id=sc-domain:funnytools.win&id=b-hcgUAeOhRjPRCKDVUeIQ&utm_medium=link&utm_source=api
https://funnytools.win/guides/r-squared-adjusted-r-squared/,Unknown,,,GOOGLE_CANONICAL_ABSENT,Google 無法辨識的網址,,,0,,,https://search.google.com/search-console/inspect?resource_id=sc-domain:funnytools.win&id=lRNFZ_Ewbazens4awMsyLA&utm_medium=link&utm_source=api
https://funnytools.win/guides/random-password-length-security-guide/,Unknown,,,GOOGLE_CANONICAL_ABSENT,Google 無法辨識的網址,,,0,,,https://search.google.com/search-console/inspect?resource_id=sc-domain:funnytools.win&id=UyR7IafjeRL-Wn4Vo-vscQ&utm_medium=link&utm_source=api
https://funnytools.win/guides/random-sampling-with-without-replacement/,Unknown,,,GOOGLE_CANONICAL_ABSENT,Google 無法辨識的網址,,,0,,,https://search.google.com/search-console/inspect?resource_id=sc-domain:funnytools.win&id=gd4qnEJ3aR8Ysva3qKBkRA&utm_medium=link&utm_source=api
https://funnytools.win/guides/reading-time-estimate-guide/,Unknown,,,GOOGLE_CANONICAL_ABSENT,Google 無法辨識的網址,,,0,,,https://search.google.com/search-console/inspect?resource_id=sc-domain:funnytools.win&id=V64weZkLVvwcWsirPKzObg&utm_medium=link&utm_source=api
https://funnytools.win/guides/rejection-sampling-modulo-bias-guide/,Unknown,,,GOOGLE_CANONICAL_ABSENT,Google 無法辨識的網址,,,0,,,https://search.google.com/search-console/inspect?resource_id=sc-domain:funnytools.win&id=gQSBm0HCojQpa6jTc8Un4Q&utm_medium=link&utm_source=api
https://funnytools.win/guides/remove-duplicate-lines-guide/,Unknown,,,GOOGLE_CANONICAL_ABSENT,Google 無法辨識的網址,,,0,,,https://search.google.com/search-console/inspect?resource_id=sc-domain:funnytools.win&id=frd3f3ymRjfODLkVixDCzA&utm_medium=link&utm_source=api
https://funnytools.win/guides/reorder-rotate-pdf-pages/,Unknown,,,GOOGLE_CANONICAL_ABSENT,Google 無法辨識的網址,,,0,,,https://search.google.com/search-console/inspect?resource_id=sc-domain:funnytools.win&id=lqg4zWXT-9_IsVxYmISGqg&utm_medium=link&utm_source=api
https://funnytools.win/guides/resize-image-without-distortion/,Unknown,,,GOOGLE_CANONICAL_ABSENT,Google 無法辨識的網址,,,0,,,https://search.google.com/search-console/inspect?resource_id=sc-domain:funnytools.win&id=NzS8LzER-hn6IXiFOoEASg&utm_medium=link&utm_source=api
https://funnytools.win/guides/scanned-pdf-searchable-ocr-guide/,Unknown,,,GOOGLE_CANONICAL_ABSENT,Google 無法辨識的網址,,,0,,,https://search.google.com/search-console/inspect?resource_id=sc-domain:funnytools.win&id=Ws0ndxkvAkfSc0XQYH-n-Q&utm_medium=link&utm_source=api
https://funnytools.win/guides/seating-chart-changeover-routine-guide/,Unknown,,,GOOGLE_CANONICAL_ABSENT,Google 無法辨識的網址,,,1,0.755,ADJACENT,https://search.google.com/search-console/inspect?resource_id=sc-domain:funnytools.win&id=CdUdrO-OyoS_DcMkTrg3Mw&utm_medium=link&utm_source=api
https://funnytools.win/guides/seating-chart-student-needs-intake-guide/,Unknown,,,GOOGLE_CANONICAL_ABSENT,Google 無法辨識的網址,,,1,0.755,ADJACENT,https://search.google.com/search-console/inspect?resource_id=sc-domain:funnytools.win&id=6L-41rbl-xMVpXz_aVNpSA&utm_medium=link&utm_source=api
https://funnytools.win/guides/secure-random-vs-math-random-guide/,Unknown,,,GOOGLE_CANONICAL_ABSENT,Google 無法辨識的網址,,,0,,,https://search.google.com/search-console/inspect?resource_id=sc-domain:funnytools.win&id=LKuEuu2WBXe7m6tBFXT2tg&utm_medium=link&utm_source=api
https://funnytools.win/guides/semester-vs-cumulative-gpa-guide/,Unknown,,,GOOGLE_CANONICAL_ABSENT,Google 無法辨識的網址,,,0,,,https://search.google.com/search-console/inspect?resource_id=sc-domain:funnytools.win&id=jiUCcjkcFu2s2LdSzsXZ2A&utm_medium=link&utm_source=api
https://funnytools.win/guides/shapiro-wilk-normality-test/,Unknown,,,GOOGLE_CANONICAL_ABSENT,Google 無法辨識的網址,,,0,,,https://search.google.com/search-console/inspect?resource_id=sc-domain:funnytools.win&id=vlWZdsTtTO5l8LbgNStQOQ&utm_medium=link&utm_source=api
https://funnytools.win/guides/split-pdf-output-naming-batch-delivery-guide/,Unknown,,,GOOGLE_CANONICAL_ABSENT,Google 無法辨識的網址,,,0,,,https://search.google.com/search-console/inspect?resource_id=sc-domain:funnytools.win&id=SNGtMyaDSvhC1s0LWbN6cQ&utm_medium=link&utm_source=api
https://funnytools.win/guides/split-pdf-page-range-planning-guide/,Unknown,,,GOOGLE_CANONICAL_ABSENT,Google 無法辨識的網址,,,4,0.719,ADJACENT; COMPLEMENTARY,https://search.google.com/search-console/inspect?resource_id=sc-domain:funnytools.win&id=wv2wMuk_h_-myCkG_XLFDw&utm_medium=link&utm_source=api
https://funnytools.win/guides/spss-levene-test-guide/,Crawled Not Indexed,https://funnytools.win/guides/spss-levene-test-guide/,https://funnytools.win/guides/spss-levene-test-guide/,SELF_MATCH,已檢索 - 目前尚未建立索引,,,0,,,https://search.google.com/search-console/inspect?resource_id=sc-domain:funnytools.win&id=uk-esgY76SEW_ljowzbGcA&utm_medium=link&utm_source=api
https://funnytools.win/guides/standard-deviation-vs-standard-error/,Unknown,,,GOOGLE_CANONICAL_ABSENT,Google 無法辨識的網址,,,0,,,https://search.google.com/search-console/inspect?resource_id=sc-domain:funnytools.win&id=wzp1msXbnHFlI7VTvMBCcw&utm_medium=link&utm_source=api
https://funnytools.win/guides/static-vs-dynamic-qr-code-guide/,Unknown,,,GOOGLE_CANONICAL_ABSENT,Google 無法辨識的網址,,,0,,,https://search.google.com/search-console/inspect?resource_id=sc-domain:funnytools.win&id=gSod_WVkbVLeWnyL8ZYd7w&utm_medium=link&utm_source=api
https://funnytools.win/guides/statistical-test-selection/,Unknown,,,GOOGLE_CANONICAL_ABSENT,Google 無法辨識的網址,,,0,,,https://search.google.com/search-console/inspect?resource_id=sc-domain:funnytools.win&id=lX8he0AzgHs91waYuJDYCg&utm_medium=link&utm_source=api
https://funnytools.win/guides/statistical-vs-practical-significance/,Unknown,,,GOOGLE_CANONICAL_ABSENT,Google 無法辨識的網址,,,0,,,https://search.google.com/search-console/inspect?resource_id=sc-domain:funnytools.win&id=Zt3wQk23EFWliAWepr5DQQ&utm_medium=link&utm_source=api
https://funnytools.win/guides/svg-vs-png-diagram-export/,Unknown,,,GOOGLE_CANONICAL_ABSENT,Google 無法辨識的網址,,,0,,,https://search.google.com/search-console/inspect?resource_id=sc-domain:funnytools.win&id=FcWcdQ7gX1uqhM9chLnhPQ&utm_medium=link&utm_source=api
https://funnytools.win/guides/t-score-calculator-guide/,Crawled Not Indexed,https://funnytools.win/guides/t-score-calculator-guide/,https://funnytools.win/guides/t-score-calculator-guide/,SELF_MATCH,已檢索 - 目前尚未建立索引,,,6,0.911,ADJACENT; COMPLEMENTARY,https://search.google.com/search-console/inspect?resource_id=sc-domain:funnytools.win&id=WvnvvUpw0sV51GCCrMOa9Q&utm_medium=link&utm_source=api
https://funnytools.win/guides/t-test-apa-format-guide/,Crawled Not Indexed,https://funnytools.win/guides/t-test-apa-format-guide/,https://funnytools.win/guides/t-test-apa-format-guide/,SELF_MATCH,已檢索 - 目前尚未建立索引,,,1,0.578,UNKNOWN,https://search.google.com/search-console/inspect?resource_id=sc-domain:funnytools.win&id=hB-vPA66O2eJKpd2UOnu4A&utm_medium=link&utm_source=api
https://funnytools.win/guides/teacher-exam-weighted-score-guide/,Crawled Not Indexed,https://funnytools.win/guides/teacher-exam-weighted-score-guide/,https://funnytools.win/guides/teacher-exam-weighted-score-guide/,SELF_MATCH,已檢索 - 目前尚未建立索引,,,3,0.787,ADJACENT; COMPLEMENTARY,https://search.google.com/search-console/inspect?resource_id=sc-domain:funnytools.win&id=_aKe2KTKmY62Lbcx8UO8dA&utm_medium=link&utm_source=api
https://funnytools.win/guides/text-sort-alphabetical-numeric-length-guide/,Unknown,,,GOOGLE_CANONICAL_ABSENT,Google 無法辨識的網址,,,0,,,https://search.google.com/search-console/inspect?resource_id=sc-domain:funnytools.win&id=AUuX9fmx--I9zlgQ_zfI6A&utm_medium=link&utm_source=api
https://funnytools.win/guides/text-writing/,Unknown,,,GOOGLE_CANONICAL_ABSENT,Google 無法辨識的網址,,,0,,,https://search.google.com/search-console/inspect?resource_id=sc-domain:funnytools.win&id=woLx2jZaWEAFpeFCQp-dgQ&utm_medium=link&utm_source=api
https://funnytools.win/guides/title-case-vs-sentence-case-guide/,Unknown,,,GOOGLE_CANONICAL_ABSENT,Google 無法辨識的網址,,,0,,,https://search.google.com/search-console/inspect?resource_id=sc-domain:funnytools.win&id=diKYPOQ0uYOps3JFNo0Kug&utm_medium=link&utm_source=api
https://funnytools.win/guides/two-way-anova-interaction-guide/,Unknown,,,GOOGLE_CANONICAL_ABSENT,Google 無法辨識的網址,,,0,,,https://search.google.com/search-console/inspect?resource_id=sc-domain:funnytools.win&id=HzjVXW_rG5cmfppFfu63HA&utm_medium=link&utm_source=api
https://funnytools.win/guides/unit-price-comparison-guide/,Unknown,,,GOOGLE_CANONICAL_ABSENT,Google 無法辨識的網址,,,0,,,https://search.google.com/search-console/inspect?resource_id=sc-domain:funnytools.win&id=S-wx_kOJ_CxM_-8L5WiPqg&utm_medium=link&utm_source=api
https://funnytools.win/guides/unix-timestamp-seconds-milliseconds-guide/,Unknown,,,GOOGLE_CANONICAL_ABSENT,Google 無法辨識的網址,,,0,,,https://search.google.com/search-console/inspect?resource_id=sc-domain:funnytools.win&id=XTFzJNi6Bh43LPQaO2ry-w&utm_medium=link&utm_source=api
https://funnytools.win/guides/url-encoding-percent-encoding-guide/,Unknown,,,GOOGLE_CANONICAL_ABSENT,Google 無法辨識的網址,,,0,,,https://search.google.com/search-console/inspect?resource_id=sc-domain:funnytools.win&id=G8MIHcwGHoC3KiFZHRxAFA&utm_medium=link&utm_source=api
https://funnytools.win/guides/utf8-bytes-vs-characters-guide/,Unknown,,,GOOGLE_CANONICAL_ABSENT,Google 無法辨識的網址,,,0,,,https://search.google.com/search-console/inspect?resource_id=sc-domain:funnytools.win&id=6Pb731O-GxY2nKkaBdVmjw&utm_medium=link&utm_source=api
https://funnytools.win/guides/uuid-v4-collision-probability-guide/,Unknown,,,GOOGLE_CANONICAL_ABSENT,Google 無法辨識的網址,,,0,,,https://search.google.com/search-console/inspect?resource_id=sc-domain:funnytools.win&id=LIEwVxtxnfm575XHGNx7ug&utm_medium=link&utm_source=api
https://funnytools.win/guides/uuid-v4-vs-v7-guide/,Unknown,,,GOOGLE_CANONICAL_ABSENT,Google 無法辨識的網址,,,0,,,https://search.google.com/search-console/inspect?resource_id=sc-domain:funnytools.win&id=KTZExUK_SNJnIfUKjNpnDg&utm_medium=link&utm_source=api
https://funnytools.win/guides/visual-schedule-slots-guide/,Unknown,,,GOOGLE_CANONICAL_ABSENT,Google 無法辨識的網址,,,0,,,https://search.google.com/search-console/inspect?resource_id=sc-domain:funnytools.win&id=3ewKYUaLozOiyGy5tmB1uw&utm_medium=link&utm_source=api
https://funnytools.win/guides/weighted-grade-weights-not-100-guide/,Unknown,,,GOOGLE_CANONICAL_ABSENT,Google 無法辨識的網址,,,0,,,https://search.google.com/search-console/inspect?resource_id=sc-domain:funnytools.win&id=KuTseOmFGYi5zAkhWhEu3g&utm_medium=link&utm_source=api
https://funnytools.win/guides/wifi-qr-code-format-security-guide/,Unknown,,,GOOGLE_CANONICAL_ABSENT,Google 無法辨識的網址,,,0,,,https://search.google.com/search-console/inspect?resource_id=sc-domain:funnytools.win&id=GSpO38nRj7us0Ppk_04ARg&utm_medium=link&utm_source=api
https://funnytools.win/guides/word-count-essay-limits-guide/,Unknown,,,GOOGLE_CANONICAL_ABSENT,Google 無法辨識的網址,,,0,,,https://search.google.com/search-console/inspect?resource_id=sc-domain:funnytools.win&id=4FBla8rRCQMfBEB1BxUSQQ&utm_medium=link&utm_source=api
https://funnytools.win/guides/word-count-vs-character-count-guide/,Unknown,,,GOOGLE_CANONICAL_ABSENT,Google 無法辨識的網址,,,1,0.819,ADJACENT,https://search.google.com/search-console/inspect?resource_id=sc-domain:funnytools.win&id=8_sO9JJB9mR3wCLTSX44QQ&utm_medium=link&utm_source=api
https://funnytools.win/guides/work-deadline-business-day-planning/,Unknown,,,GOOGLE_CANONICAL_ABSENT,Google 無法辨識的網址,,,0,,,https://search.google.com/search-console/inspect?resource_id=sc-domain:funnytools.win&id=GRWeSKn8CQIIRE1A1nRvQg&utm_medium=link&utm_source=api
https://funnytools.win/guides/z-score-calculator-guide/,Crawled Not Indexed,https://funnytools.win/guides/z-score-calculator-guide/,https://funnytools.win/guides/z-score-calculator-guide/,SELF_MATCH,已檢索 - 目前尚未建立索引,,,3,0.769,ADJACENT; COMPLEMENTARY,https://search.google.com/search-console/inspect?resource_id=sc-domain:funnytools.win&id=PzVj-UNPHCso_vrPfoubkg&utm_medium=link&utm_source=api
https://funnytools.win/methodology/,Unknown,,,GOOGLE_CANONICAL_ABSENT,Google 無法辨識的網址,,,0,,,https://search.google.com/search-console/inspect?resource_id=sc-domain:funnytools.win&id=IG-FR_rMai9iuOB3EOMU3w&utm_medium=link&utm_source=api
https://funnytools.win/methodology/accessibility-compatibility/,Unknown,,,GOOGLE_CANONICAL_ABSENT,Google 無法辨識的網址,,,0,,,https://search.google.com/search-console/inspect?resource_id=sc-domain:funnytools.win&id=YM4LfivbtKdevfWD9bsgew&utm_medium=link&utm_source=api
https://funnytools.win/methodology/ai-assisted-content/,Unknown,,,GOOGLE_CANONICAL_ABSENT,Google 無法辨識的網址,,,0,,,https://search.google.com/search-console/inspect?resource_id=sc-domain:funnytools.win&id=_QQmGuWUctge6bHlDmBgJA&utm_medium=link&utm_source=api
https://funnytools.win/methodology/browser-local-processing/,Unknown,,,GOOGLE_CANONICAL_ABSENT,Google 無法辨識的網址,,,0,,,https://search.google.com/search-console/inspect?resource_id=sc-domain:funnytools.win&id=-6uln__oWUdmoUeJ0MWJFw&utm_medium=link&utm_source=api
https://funnytools.win/methodology/calculator-formula-verification/,Unknown,,,GOOGLE_CANONICAL_ABSENT,Google 無法辨識的網址,,,0,,,https://search.google.com/search-console/inspect?resource_id=sc-domain:funnytools.win&id=g-sGgdwH1NGw6pHmee_KKw&utm_medium=link&utm_source=api
https://funnytools.win/methodology/content-sourcing-corrections/,Unknown,,,GOOGLE_CANONICAL_ABSENT,Google 無法辨識的網址,,,0,,,https://search.google.com/search-console/inspect?resource_id=sc-domain:funnytools.win&id=OWNbLlQNI4BJ5fzQ2Sw0nA&utm_medium=link&utm_source=api
https://funnytools.win/methodology/file-tool-verification/,Unknown,,,GOOGLE_CANONICAL_ABSENT,Google 無法辨識的網址,,,0,,,https://search.google.com/search-console/inspect?resource_id=sc-domain:funnytools.win&id=2cqD602fXIXTo5PxZ7qFDg&utm_medium=link&utm_source=api
https://funnytools.win/methodology/public-test-cases/,Unknown,,,GOOGLE_CANONICAL_ABSENT,Google 無法辨識的網址,,,0,,,https://search.google.com/search-console/inspect?resource_id=sc-domain:funnytools.win&id=ej7N4X7iu05IV0dITr25cg&utm_medium=link&utm_source=api
https://funnytools.win/methodology/randomness-security/,Unknown,,,GOOGLE_CANONICAL_ABSENT,Google 無法辨識的網址,,,0,,,https://search.google.com/search-console/inspect?resource_id=sc-domain:funnytools.win&id=eW_r_o-SFq7Gqs2gyq1_Ug&utm_medium=link&utm_source=api
https://funnytools.win/methodology/tool-verification/,Unknown,,,GOOGLE_CANONICAL_ABSENT,Google 無法辨識的網址,,,0,,,https://search.google.com/search-console/inspect?resource_id=sc-domain:funnytools.win&id=LpOtKhG0CmuKt-vDEMeUmQ&utm_medium=link&utm_source=api
https://funnytools.win/privacy/,Crawled Not Indexed,https://funnytools.win/privacy/,https://funnytools.win/privacy/,SELF_MATCH,已檢索 - 目前尚未建立索引,,,0,,,https://search.google.com/search-console/inspect?resource_id=sc-domain:funnytools.win&id=45Wu0fBpDOIwlwpPHX9bbg&utm_medium=link&utm_source=api
https://funnytools.win/shop/,Unknown,,,GOOGLE_CANONICAL_ABSENT,Google 無法辨識的網址,,,0,,,https://search.google.com/search-console/inspect?resource_id=sc-domain:funnytools.win&id=qStJoYU8zQTUVkDi6J5Aqw&utm_medium=link&utm_source=api
https://funnytools.win/support/,Crawled Not Indexed,https://funnytools.win/support/,https://funnytools.win/support/,SELF_MATCH,已檢索 - 目前尚未建立索引,,,0,,,https://search.google.com/search-console/inspect?resource_id=sc-domain:funnytools.win&id=-OUEJzY545C-CXHaqEtEfg&utm_medium=link&utm_source=api
https://funnytools.win/terms/,Crawled Not Indexed,https://funnytools.win/terms/,https://funnytools.win/terms/,SELF_MATCH,已檢索 - 目前尚未建立索引,,,0,,,https://search.google.com/search-console/inspect?resource_id=sc-domain:funnytools.win&id=CX1ZyHZlRLMBwCdQEJEG7Q&utm_medium=link&utm_source=api
https://funnytools.win/tools/,Crawled Not Indexed,https://funnytools.win/tools/,https://funnytools.win/tools/,SELF_MATCH,已檢索 - 目前尚未建立索引,,,1,0.812,ADJACENT,https://search.google.com/search-console/inspect?resource_id=sc-domain:funnytools.win&id=iGZuuVzD3ib32v6joxEReA&utm_medium=link&utm_source=api
https://funnytools.win/tools/age-calculator/,Crawled Not Indexed,https://funnytools.win/tools/age-calculator/,https://funnytools.win/tools/age-calculator/,SELF_MATCH,已檢索 - 目前尚未建立索引,age-calculator,calculate|age|age|calculated-result|age|general,1,0.671,ADJACENT,https://search.google.com/search-console/inspect?resource_id=sc-domain:funnytools.win&id=uyKz7KEqEANiYAs0B98CPA&utm_medium=link&utm_source=api
https://funnytools.win/tools/apa-7-report-generator/,Crawled Not Indexed,https://funnytools.win/tools/apa-7-report-generator/,https://funnytools.win/tools/apa-7-report-generator/,SELF_MATCH,已檢索 - 目前尚未建立索引,apa-7-report-generator,generate|apa-7-report|apa-7-report|generated-result|apa-7-report|general,3,0.609,ADJACENT,https://search.google.com/search-console/inspect?resource_id=sc-domain:funnytools.win&id=XD3GDhxbf4JQH0HzV7eAzw&utm_medium=link&utm_source=api
https://funnytools.win/tools/bar-chart-maker/,Crawled Not Indexed,https://funnytools.win/tools/bar-chart-maker/,https://funnytools.win/tools/bar-chart-maker/,SELF_MATCH,已檢索 - 目前尚未建立索引,bar-chart-maker,create|bar-chart|bar-chart|created-artifact|bar-chart|general,1,0.686,ADJACENT,https://search.google.com/search-console/inspect?resource_id=sc-domain:funnytools.win&id=MOyetCt1lUcLc5GJtPULrw&utm_medium=link&utm_source=api
https://funnytools.win/tools/barcode-generator/,Unknown,,,GOOGLE_CANONICAL_ABSENT,Google 無法辨識的網址,barcode-generator,generate|barcode|barcode|generated-result|barcode|general,0,,,https://search.google.com/search-console/inspect?resource_id=sc-domain:funnytools.win&id=Fe08BqJ3lH5j039E_42hMw&utm_medium=link&utm_source=api
https://funnytools.win/tools/base64/,Crawled Not Indexed,https://funnytools.win/tools/base64/,https://funnytools.win/tools/base64/,SELF_MATCH,已檢索 - 目前尚未建立索引,base64,use|base64|base64|tool-result|base64|general,1,0.61,ADJACENT,https://search.google.com/search-console/inspect?resource_id=sc-domain:funnytools.win&id=yexXyvL5trssHkFtNm4UNw&utm_medium=link&utm_source=api
https://funnytools.win/tools/break-reminder/,Crawled Not Indexed,https://funnytools.win/tools/break-reminder/,https://funnytools.win/tools/break-reminder/,SELF_MATCH,已檢索 - 目前尚未建立索引,break-reminder,use|break-reminder|break-reminder|tool-result|break-reminder|general,1,0.654,ADJACENT,https://search.google.com/search-console/inspect?resource_id=sc-domain:funnytools.win&id=iT75hjqBLYNuyKV-_coKgw&utm_medium=link&utm_source=api
https://funnytools.win/tools/bulk-image-compressor/,Unknown,,,GOOGLE_CANONICAL_ABSENT,Google 無法辨識的網址,bulk-image-compressor,compress|bulk-image-compressor|bulk-image-compressor|smaller-file|bulk-image-compressor|general,3,0.684,ADJACENT,https://search.google.com/search-console/inspect?resource_id=sc-domain:funnytools.win&id=IeyeY_GG3eLERjjovHV-ow&utm_medium=link&utm_source=api
https://funnytools.win/tools/business-days/,Crawled Not Indexed,https://funnytools.win/tools/business-days/,https://funnytools.win/tools/business-days/,SELF_MATCH,已檢索 - 目前尚未建立索引,business-days,use|business-days|business-days|tool-result|business-days|general,2,0.823,ADJACENT; COMPLEMENTARY,https://search.google.com/search-console/inspect?resource_id=sc-domain:funnytools.win&id=UW0tKoGgHLty7xhwTSiMUQ&utm_medium=link&utm_source=api
https://funnytools.win/tools/cad-2d/,Crawled Not Indexed,https://funnytools.win/tools/cad-2d/,https://funnytools.win/tools/cad-2d/,SELF_MATCH,已檢索 - 目前尚未建立索引,cad-2d,use|cad-2d|cad-2d|tool-result|cad-2d|general,0,,,https://search.google.com/search-console/inspect?resource_id=sc-domain:funnytools.win&id=ieW-0ilXVuE7QiD0IMMdKg&utm_medium=link&utm_source=api
https://funnytools.win/tools/case-converter/,Crawled Not Indexed,https://funnytools.win/tools/case-converter/,https://funnytools.win/tools/case-converter/,SELF_MATCH,已檢索 - 目前尚未建立索引,case-converter,use|case-converter|case-converter|tool-result|case-converter|general,3,0.626,ADJACENT,https://search.google.com/search-console/inspect?resource_id=sc-domain:funnytools.win&id=U5pUPykia1ec5UutYfjXxw&utm_medium=link&utm_source=api
https://funnytools.win/tools/character-counter/,Unknown,,,GOOGLE_CANONICAL_ABSENT,Google 無法辨識的網址,character-counter,count|character-counter|character-counter|count|character-counter|general,1,0.689,ADJACENT,https://search.google.com/search-console/inspect?resource_id=sc-domain:funnytools.win&id=8TC-grlZWaVtz0Z4U_cceQ&utm_medium=link&utm_source=api
https://funnytools.win/tools/class-rank-percentile-calculator/,Crawled Not Indexed,https://funnytools.win/tools/class-rank-percentile-calculator/,https://funnytools.win/tools/class-rank-percentile-calculator/,SELF_MATCH,已檢索 - 目前尚未建立索引,class-rank-percentile-calculator,calculate|class-rank-percentile|class-rank-percentile|calculated-result|class-rank-percentile|general,1,0.669,ADJACENT,https://search.google.com/search-console/inspect?resource_id=sc-domain:funnytools.win&id=RUYOaa1S0ZKkWXCv80Ahew&utm_medium=link&utm_source=api
https://funnytools.win/tools/color-generator/,Crawled Not Indexed,https://funnytools.win/tools/color-generator/,https://funnytools.win/tools/color-generator/,SELF_MATCH,已檢索 - 目前尚未建立索引,color-generator,generate|color|color|generated-result|color|general,0,,,https://search.google.com/search-console/inspect?resource_id=sc-domain:funnytools.win&id=MAIjnXopP67QwCjps2CYyA&utm_medium=link&utm_source=api
https://funnytools.win/tools/compound-interest/,Crawled Not Indexed,https://funnytools.win/tools/compound-interest/,https://funnytools.win/tools/compound-interest/,SELF_MATCH,已檢索 - 目前尚未建立索引,compound-interest,use|compound-interest|compound-interest|tool-result|compound-interest|general,0,,,https://search.google.com/search-console/inspect?resource_id=sc-domain:funnytools.win&id=hnSYD1dGWfLQZrFT0QFAYQ&utm_medium=link&utm_source=api
https://funnytools.win/tools/countdown-timer/,Crawled Not Indexed,https://funnytools.win/tools/countdown-timer/,https://funnytools.win/tools/countdown-timer/,SELF_MATCH,已檢索 - 目前尚未建立索引,countdown-timer,use|countdown-timer|countdown-timer|tool-result|countdown-timer|general,1,0.621,ADJACENT,https://search.google.com/search-console/inspect?resource_id=sc-domain:funnytools.win&id=dtf2QXcumOOQGykff8oDWw&utm_medium=link&utm_source=api
https://funnytools.win/tools/cronbach-alpha-calculator/,Crawled Not Indexed,https://funnytools.win/tools/cronbach-alpha-calculator/,https://funnytools.win/tools/cronbach-alpha-calculator/,SELF_MATCH,已檢索 - 目前尚未建立索引,cronbach-alpha-calculator,calculate|cronbach-alpha|cronbach-alpha|calculated-result|cronbach-alpha|general,1,0.677,ADJACENT,https://search.google.com/search-console/inspect?resource_id=sc-domain:funnytools.win&id=-6-cqvB0o8PzmgS3Ko4gSw&utm_medium=link&utm_source=api
https://funnytools.win/tools/csv-to-json/,Crawled Not Indexed,https://funnytools.win/tools/csv-to-json/,https://funnytools.win/tools/csv-to-json/,SELF_MATCH,已檢索 - 目前尚未建立索引,csv-to-json,convert|csv|json|json-data|data-format-conversion|general,3,0.827,ADJACENT; COMPLEMENTARY; DIFFERENT,https://search.google.com/search-console/inspect?resource_id=sc-domain:funnytools.win&id=eUY-jwE9oav13M851R8G0Q&utm_medium=link&utm_source=api
https://funnytools.win/tools/date-difference/,Crawled Not Indexed,https://funnytools.win/tools/date-difference/,https://funnytools.win/tools/date-difference/,SELF_MATCH,已檢索 - 目前尚未建立索引,date-difference,use|date-difference|date-difference|tool-result|date-difference|general,2,0.809,ADJACENT,https://search.google.com/search-console/inspect?resource_id=sc-domain:funnytools.win&id=09XNjY5gjHxTkb4-PwWNAw&utm_medium=link&utm_source=api
https://funnytools.win/tools/delete-pdf-pages/,Crawled Not Indexed,https://funnytools.win/tools/delete-pdf-pages/,https://funnytools.win/tools/delete-pdf-pages/,SELF_MATCH,已檢索 - 目前尚未建立索引,delete-pdf-pages,delete|pdf|pdf|remove-selected-pages|pdf-page-editing|general,3,0.888,DIFFERENT,https://search.google.com/search-console/inspect?resource_id=sc-domain:funnytools.win&id=HXxKmRbkoencDLq_esP7YQ&utm_medium=link&utm_source=api
https://funnytools.win/tools/dice-roller/,Crawled Not Indexed,https://funnytools.win/tools/dice-roller/,https://funnytools.win/tools/dice-roller/,SELF_MATCH,已檢索 - 目前尚未建立索引,dice-roller,generate|dice-roller|dice-roller|generated-result|dice-roller|general,0,,,https://search.google.com/search-console/inspect?resource_id=sc-domain:funnytools.win&id=xMbRbAnnX_lVXasVLoz71A&utm_medium=link&utm_source=api
https://funnytools.win/tools/extract-pdf-pages/,Crawled Not Indexed,https://funnytools.win/tools/extract-pdf-pages/,https://funnytools.win/tools/extract-pdf-pages/,SELF_MATCH,已檢索 - 目前尚未建立索引,extract-pdf-pages,extract|pdf|pdf|new-document-from-selected-pages|pdf-page-editing|general,6,0.888,COMPLEMENTARY; DIFFERENT,https://search.google.com/search-console/inspect?resource_id=sc-domain:funnytools.win&id=SKyUhtol4UgdzH-ef0zoBQ&utm_medium=link&utm_source=api
https://funnytools.win/tools/flowchart/,Crawled Not Indexed,https://funnytools.win/tools/flowchart/,https://funnytools.win/tools/flowchart/,SELF_MATCH,已檢索 - 目前尚未建立索引,flowchart,create|flowchart|flowchart|created-artifact|flowchart|general,0,,,https://search.google.com/search-console/inspect?resource_id=sc-domain:funnytools.win&id=J3RGx686wI_CRyABtc8xlA&utm_medium=link&utm_source=api
https://funnytools.win/tools/gpa-calculator/,Crawled Not Indexed,https://funnytools.win/tools/gpa-calculator/,https://funnytools.win/tools/gpa-calculator/,SELF_MATCH,已檢索 - 目前尚未建立索引,gpa-calculator,calculate|gpa|gpa|calculated-result|gpa|general,0,,,https://search.google.com/search-console/inspect?resource_id=sc-domain:funnytools.win&id=eHgvtlzfSZLsIh_y6mB0HA&utm_medium=link&utm_source=api
https://funnytools.win/tools/grade-average/,Crawled Not Indexed,https://funnytools.win/tools/grade-average/,https://funnytools.win/tools/grade-average/,SELF_MATCH,已檢索 - 目前尚未建立索引,grade-average,calculate|grades|average-grade|grade-average|grade-calculation|general,3,0.81,ADJACENT,https://search.google.com/search-console/inspect?resource_id=sc-domain:funnytools.win&id=OpqTYbSTyFLHHVOWNypyXg&utm_medium=link&utm_source=api
https://funnytools.win/tools/group-generator/,Crawled Not Indexed,https://funnytools.win/tools/group-generator/,https://funnytools.win/tools/group-generator/,SELF_MATCH,已檢索 - 目前尚未建立索引,group-generator,generate|group|group|generated-result|group|general,9,0.778,ADJACENT; COMPLEMENTARY; DIFFERENT; UNKNOWN,https://search.google.com/search-console/inspect?resource_id=sc-domain:funnytools.win&id=YiCoO93STxNLdsBnKpb_XA&utm_medium=link&utm_source=api
https://funnytools.win/tools/image-compressor/,Unknown,,,GOOGLE_CANONICAL_ABSENT,Google 無法辨識的網址,image-compressor,compress|image-compressor|image-compressor|smaller-file|image-compressor|general,8,0.699,ADJACENT; COMPLEMENTARY; UNKNOWN,https://search.google.com/search-console/inspect?resource_id=sc-domain:funnytools.win&id=A2mHdNr-i_KkvYKY2N_w8A&utm_medium=link&utm_source=api
https://funnytools.win/tools/image-crop/,Unknown,,,GOOGLE_CANONICAL_ABSENT,Google 無法辨識的網址,image-crop,transform|image-crop|image-crop|transformed-output|image-crop|general,2,0.689,ADJACENT; COMPLEMENTARY,https://search.google.com/search-console/inspect?resource_id=sc-domain:funnytools.win&id=s1YDBqYks4AJlTGeC74aUg&utm_medium=link&utm_source=api
https://funnytools.win/tools/image-resizer/,Crawled Not Indexed,https://funnytools.win/tools/image-resizer/,https://funnytools.win/tools/image-resizer/,SELF_MATCH,已檢索 - 目前尚未建立索引,image-resizer,transform|image-resizer|image-resizer|transformed-output|image-resizer|general,4,0.676,ADJACENT,https://search.google.com/search-console/inspect?resource_id=sc-domain:funnytools.win&id=KcCxGe5jaAJOMC1fuQWY9w&utm_medium=link&utm_source=api
https://funnytools.win/tools/image-rotate-flip/,Crawled Not Indexed,https://funnytools.win/tools/image-rotate-flip/,https://funnytools.win/tools/image-rotate-flip/,SELF_MATCH,已檢索 - 目前尚未建立索引,image-rotate-flip,transform|image-rotate-flip|image-rotate-flip|transformed-output|image-rotate-flip|general,1,0.543,ADJACENT,https://search.google.com/search-console/inspect?resource_id=sc-domain:funnytools.win&id=biSJR31AQCVkVn1wt1f4XQ&utm_medium=link&utm_source=api
https://funnytools.win/tools/image-to-base64/,Unknown,,,GOOGLE_CANONICAL_ABSENT,Google 無法辨識的網址,image-to-base64,convert|image|base64|base64-output|directional-conversion|general,0,,,https://search.google.com/search-console/inspect?resource_id=sc-domain:funnytools.win&id=uDMq5x_RKNyFyVY5nttEmA&utm_medium=link&utm_source=api
https://funnytools.win/tools/image-to-dxf/,Unknown,,,GOOGLE_CANONICAL_ABSENT,Google 無法辨識的網址,image-to-dxf,convert|image|dxf|dxf-output|directional-conversion|general,0,,,https://search.google.com/search-console/inspect?resource_id=sc-domain:funnytools.win&id=Tn9DvouXxWTfe7gqJSyxeQ&utm_medium=link&utm_source=api
https://funnytools.win/tools/images-to-pdf/,Crawled Not Indexed,https://funnytools.win/tools/images-to-pdf/,https://funnytools.win/tools/images-to-pdf/,SELF_MATCH,已檢索 - 目前尚未建立索引,images-to-pdf,convert|images|pdf|pdf-output|directional-conversion|general,4,0.742,ADJACENT; DIFFERENT,https://search.google.com/search-console/inspect?resource_id=sc-domain:funnytools.win&id=e1hodt_IUYWdhWZokef3Jw&utm_medium=link&utm_source=api
https://funnytools.win/tools/independent-samples-t-test-calculator/,Crawled Not Indexed,https://funnytools.win/tools/independent-samples-t-test-calculator/,https://funnytools.win/tools/independent-samples-t-test-calculator/,SELF_MATCH,已檢索 - 目前尚未建立索引,independent-samples-t-test-calculator,calculate|independent-samples-t-test|independent-samples-t-test|calculated-result|independent-samples-t-test|general,4,0.658,ADJACENT,https://search.google.com/search-console/inspect?resource_id=sc-domain:funnytools.win&id=jYq9Eg2Vdrw5C8RzfjT3-w&utm_medium=link&utm_source=api
https://funnytools.win/tools/inflation/,Crawled Not Indexed,https://funnytools.win/tools/inflation/,https://funnytools.win/tools/inflation/,SELF_MATCH,已檢索 - 目前尚未建立索引,inflation,use|inflation|inflation|tool-result|inflation|general,0,,,https://search.google.com/search-console/inspect?resource_id=sc-domain:funnytools.win&id=dtoAFnIIYiT2MOttPFcqdg&utm_medium=link&utm_source=api
https://funnytools.win/tools/jpg-to-png/,Crawled Not Indexed,https://funnytools.win/tools/jpg-to-png/,https://funnytools.win/tools/jpg-to-png/,SELF_MATCH,已檢索 - 目前尚未建立索引,jpg-to-png,convert|jpg|png|png-file|image-format-conversion|general,8,0.895,ADJACENT; DIFFERENT,https://search.google.com/search-console/inspect?resource_id=sc-domain:funnytools.win&id=U6un46WMh9vbMdwyXwkPAQ&utm_medium=link&utm_source=api
https://funnytools.win/tools/jpg-to-webp/,Crawled Not Indexed,https://funnytools.win/tools/jpg-to-webp/,https://funnytools.win/tools/jpg-to-webp/,SELF_MATCH,已檢索 - 目前尚未建立索引,jpg-to-webp,convert|jpg|webp|webp-file|image-format-conversion|general,8,0.898,ADJACENT; DIFFERENT; UNKNOWN,https://search.google.com/search-console/inspect?resource_id=sc-domain:funnytools.win&id=ehyyckdGW6esaH4kkzfAtA&utm_medium=link&utm_source=api
https://funnytools.win/tools/json-formatter/,Crawled Not Indexed,https://funnytools.win/tools/json-formatter/,https://funnytools.win/tools/json-formatter/,SELF_MATCH,已檢索 - 目前尚未建立索引,json-formatter,format|json-formatter|json-formatter|formatted-output|json-formatter|general,3,0.7,ADJACENT; COMPLEMENTARY,https://search.google.com/search-console/inspect?resource_id=sc-domain:funnytools.win&id=vC3zD8k7R7tPKLlJc-VHig&utm_medium=link&utm_source=api
https://funnytools.win/tools/json-to-csv/,Crawled Not Indexed,https://funnytools.win/tools/json-to-csv/,https://funnytools.win/tools/json-to-csv/,SELF_MATCH,已檢索 - 目前尚未建立索引,json-to-csv,convert|json|csv|csv-data|data-format-conversion|general,2,0.827,ADJACENT; DIFFERENT,https://search.google.com/search-console/inspect?resource_id=sc-domain:funnytools.win&id=QHhZEMJXFVl8BShxiL-gUw&utm_medium=link&utm_source=api
https://funnytools.win/tools/markdown-previewer/,Crawled Not Indexed,https://funnytools.win/tools/markdown-previewer/,https://funnytools.win/tools/markdown-previewer/,SELF_MATCH,已檢索 - 目前尚未建立索引,markdown-previewer,preview|markdown-previewer|markdown-previewer|preview|markdown-previewer|general,0,,,https://search.google.com/search-console/inspect?resource_id=sc-domain:funnytools.win&id=4nSWyvT5WqHPXSkZlIm4fA&utm_medium=link&utm_source=api
https://funnytools.win/tools/merge-pdf/,Crawled Not Indexed,https://funnytools.win/tools/merge-pdf/,https://funnytools.win/tools/merge-pdf/,SELF_MATCH,已檢索 - 目前尚未建立索引,merge-pdf,merge|pdf-files|pdf|combined-document|pdf-document-assembly|general,4,0.782,COMPLEMENTARY; DIFFERENT,https://search.google.com/search-console/inspect?resource_id=sc-domain:funnytools.win&id=hBAGLZtQ30PwZtnQ7mSlVw&utm_medium=link&utm_source=api
https://funnytools.win/tools/mortgage-payment/,Crawled Not Indexed,https://funnytools.win/tools/mortgage-payment/,https://funnytools.win/tools/mortgage-payment/,SELF_MATCH,已檢索 - 目前尚未建立索引,mortgage-payment,use|mortgage-payment|mortgage-payment|tool-result|mortgage-payment|general,1,0.765,ADJACENT,https://search.google.com/search-console/inspect?resource_id=sc-domain:funnytools.win&id=aXROyFWi0U7OZ6giD9wOWQ&utm_medium=link&utm_source=api
https://funnytools.win/tools/net-salary/,Unknown,,,GOOGLE_CANONICAL_ABSENT,Google 無法辨識的網址,net-salary,calculate|net-salary|net-salary|calculated-result|net-salary|general,0,,,https://search.google.com/search-console/inspect?resource_id=sc-domain:funnytools.win&id=r4HdpoIABCRez58YOSFYGA&utm_medium=link&utm_source=api
https://funnytools.win/tools/normalized-score-converter/,Crawled Not Indexed,https://funnytools.win/tools/normalized-score-converter/,https://funnytools.win/tools/normalized-score-converter/,SELF_MATCH,已檢索 - 目前尚未建立索引,normalized-score-converter,convert|raw-score-and-target-scale|standardized-score|normalized-score|score-standardization|general,6,0.774,ADJACENT; COMPLEMENTARY,https://search.google.com/search-console/inspect?resource_id=sc-domain:funnytools.win&id=ZJz6Oa4OaxXw3rwttdcjtw&utm_medium=link&utm_source=api
https://funnytools.win/tools/overtime-pay/,Crawled Not Indexed,https://funnytools.win/tools/overtime-pay/,https://funnytools.win/tools/overtime-pay/,SELF_MATCH,已檢索 - 目前尚未建立索引,overtime-pay,use|overtime-pay|overtime-pay|tool-result|overtime-pay|general,0,,,https://search.google.com/search-console/inspect?resource_id=sc-domain:funnytools.win&id=ImLeu-P5suPv2cyoRvwEcg&utm_medium=link&utm_source=api
https://funnytools.win/tools/password-generator/,Unknown,,,GOOGLE_CANONICAL_ABSENT,Google 無法辨識的網址,password-generator,generate|password|password|generated-result|password|general,0,,,https://search.google.com/search-console/inspect?resource_id=sc-domain:funnytools.win&id=GJVvT3L9r42gTdZEDctu8A&utm_medium=link&utm_source=api
https://funnytools.win/tools/pdf-compressor/,Crawled Not Indexed,https://funnytools.win/tools/pdf-compressor/,https://funnytools.win/tools/pdf-compressor/,SELF_MATCH,已檢索 - 目前尚未建立索引,pdf-compressor,compress|pdf-compressor|pdf-compressor|smaller-file|pdf-compressor|general,1,0.611,ADJACENT,https://search.google.com/search-console/inspect?resource_id=sc-domain:funnytools.win&id=E8n6csp7nk5koKyy6KtX_g&utm_medium=link&utm_source=api
https://funnytools.win/tools/pdf-page-reorder/,Crawled Not Indexed,https://funnytools.win/tools/pdf-page-reorder/,https://funnytools.win/tools/pdf-page-reorder/,SELF_MATCH,已檢索 - 目前尚未建立索引,pdf-page-reorder,reorder|pdf|pdf|reordered-document|pdf-page-editing|general,8,0.746,COMPLEMENTARY; DIFFERENT,https://search.google.com/search-console/inspect?resource_id=sc-domain:funnytools.win&id=bUHNdlmrP3E1Q6q21CwzRA&utm_medium=link&utm_source=api
https://funnytools.win/tools/pdf-table-to-excel/,Unknown,,,GOOGLE_CANONICAL_ABSENT,Google 無法辨識的網址,pdf-table-to-excel,convert|pdf-table|excel|spreadsheet-data|table-extraction|general,1,0.728,DIFFERENT,https://search.google.com/search-console/inspect?resource_id=sc-domain:funnytools.win&id=4sGgmsGbEbq8PukkNe9QXg&utm_medium=link&utm_source=api
https://funnytools.win/tools/pdf-to-image/,Unknown,,,GOOGLE_CANONICAL_ABSENT,Google 無法辨識的網址,pdf-to-image,convert|pdf|image|image-files|pdf-rendering|general,4,0.686,COMPLEMENTARY; DIFFERENT,https://search.google.com/search-console/inspect?resource_id=sc-domain:funnytools.win&id=UHSfGOmjtw02I6KgocaNUQ&utm_medium=link&utm_source=api
https://funnytools.win/tools/pdf-to-word/,Unknown,,,GOOGLE_CANONICAL_ABSENT,Google 無法辨識的網址,pdf-to-word,convert|pdf|word|word-document|document-conversion|general,1,0.728,DIFFERENT,https://search.google.com/search-console/inspect?resource_id=sc-domain:funnytools.win&id=OLMYEoGgNpvroEI5OPT13g&utm_medium=link&utm_source=api
https://funnytools.win/tools/percentage-calculator/,Crawled Not Indexed,https://funnytools.win/tools/percentage-calculator/,https://funnytools.win/tools/percentage-calculator/,SELF_MATCH,已檢索 - 目前尚未建立索引,percentage-calculator,calculate|percentage|percentage|calculated-result|percentage|general,1,0.697,ADJACENT,https://search.google.com/search-console/inspect?resource_id=sc-domain:funnytools.win&id=eCapd7suVSgCUZ8b23CgOg&utm_medium=link&utm_source=api
https://funnytools.win/tools/percentile-rank-calculator/,Crawled Not Indexed,https://funnytools.win/tools/percentile-rank-calculator/,https://funnytools.win/tools/percentile-rank-calculator/,SELF_MATCH,已檢索 - 目前尚未建立索引,percentile-rank-calculator,calculate|score-and-distribution|rank|percentile-rank|rank-calculation|general,7,0.669,ADJACENT; COMPLEMENTARY,https://search.google.com/search-console/inspect?resource_id=sc-domain:funnytools.win&id=KZr51CJmxx9rEB5MjljbGw&utm_medium=link&utm_source=api
https://funnytools.win/tools/pie-chart-maker/,Crawled Not Indexed,https://funnytools.win/tools/pie-chart-maker/,https://funnytools.win/tools/pie-chart-maker/,SELF_MATCH,已檢索 - 目前尚未建立索引,pie-chart-maker,create|pie-chart|pie-chart|created-artifact|pie-chart|general,1,0.686,ADJACENT,https://search.google.com/search-console/inspect?resource_id=sc-domain:funnytools.win&id=TaE-xj2duq0WQWnPG4d51g&utm_medium=link&utm_source=api
https://funnytools.win/tools/png-to-jpg/,Crawled Not Indexed,https://funnytools.win/tools/png-to-jpg/,https://funnytools.win/tools/png-to-jpg/,SELF_MATCH,已檢索 - 目前尚未建立索引,png-to-jpg,convert|png|jpg|jpg-file|image-format-conversion|general,4,0.895,ADJACENT; DIFFERENT,https://search.google.com/search-console/inspect?resource_id=sc-domain:funnytools.win&id=fVQJ0lbPmmBSmFfSn_NSLA&utm_medium=link&utm_source=api
https://funnytools.win/tools/pomodoro-timer/,Crawled Not Indexed,https://funnytools.win/tools/pomodoro-timer/,https://funnytools.win/tools/pomodoro-timer/,SELF_MATCH,已檢索 - 目前尚未建立索引,pomodoro-timer,use|pomodoro-timer|pomodoro-timer|tool-result|pomodoro-timer|general,1,0.654,ADJACENT,https://search.google.com/search-console/inspect?resource_id=sc-domain:funnytools.win&id=nkdcJOzRGVdsMBxqayknSQ&utm_medium=link&utm_source=api
https://funnytools.win/tools/qr-code-generator/,Crawled Not Indexed,https://funnytools.win/tools/qr-code-generator/,https://funnytools.win/tools/qr-code-generator/,SELF_MATCH,已檢索 - 目前尚未建立索引,qr-code-generator,generate|qr-code|qr-code|generated-result|qr-code|general,0,,,https://search.google.com/search-console/inspect?resource_id=sc-domain:funnytools.win&id=JbGSsTGeZDFSn09IQNDXRA&utm_medium=link&utm_source=api
https://funnytools.win/tools/random-group-generator/,Unknown,,,GOOGLE_CANONICAL_ABSENT,Google 無法辨識的網址,random-group-generator,generate|random-group|random-group|generated-result|random-group|general,5,0.778,ADJACENT; COMPLEMENTARY; DIFFERENT,https://search.google.com/search-console/inspect?resource_id=sc-domain:funnytools.win&id=VZ2WQii6qBNuJHBh6YANwA&utm_medium=link&utm_source=api
https://funnytools.win/tools/random-name-picker/,Crawled Not Indexed,https://funnytools.win/tools/random-name-picker/,https://funnytools.win/tools/random-name-picker/,SELF_MATCH,已檢索 - 目前尚未建立索引,random-name-picker,select|random-name-picker|random-name-picker|selected-result|random-name-picker|general,4,0.78,ADJACENT; COMPLEMENTARY; DIFFERENT,https://search.google.com/search-console/inspect?resource_id=sc-domain:funnytools.win&id=VaxMM5oXHo8fkOQjvM22Wg&utm_medium=link&utm_source=api
https://funnytools.win/tools/random-number-picker/,Crawled Not Indexed,https://funnytools.win/tools/random-number-picker/,https://funnytools.win/tools/random-number-picker/,SELF_MATCH,已檢索 - 目前尚未建立索引,random-number-picker,select|random-number-picker|random-number-picker|selected-result|random-number-picker|general,2,0.695,ADJACENT,https://search.google.com/search-console/inspect?resource_id=sc-domain:funnytools.win&id=b_HVMOcZ7nOLPxgSA4HsuA&utm_medium=link&utm_source=api
https://funnytools.win/tools/random-student-picker/,Crawled Not Indexed,https://funnytools.win/tools/random-student-picker/,https://funnytools.win/tools/random-student-picker/,SELF_MATCH,已檢索 - 目前尚未建立索引,random-student-picker,select|random-student-picker|random-student-picker|selected-result|random-student-picker|general,4,0.78,ADJACENT; COMPLEMENTARY; DIFFERENT; UNKNOWN,https://search.google.com/search-console/inspect?resource_id=sc-domain:funnytools.win&id=EVP_Lf4dlEUYpdIF_PyQgQ&utm_medium=link&utm_source=api
https://funnytools.win/tools/random-wheel/,Crawled Not Indexed,https://funnytools.win/tools/random-wheel/,https://funnytools.win/tools/random-wheel/,SELF_MATCH,已檢索 - 目前尚未建立索引,random-wheel,select|random-wheel|random-wheel|selected-result|random-wheel|general,3,0.658,ADJACENT,https://search.google.com/search-console/inspect?resource_id=sc-domain:funnytools.win&id=C1FN7FRu8Uv_OYIcWLGT4Q&utm_medium=link&utm_source=api
https://funnytools.win/tools/remove-duplicate-lines/,Crawled Not Indexed,https://funnytools.win/tools/remove-duplicate-lines/,https://funnytools.win/tools/remove-duplicate-lines/,SELF_MATCH,已檢索 - 目前尚未建立索引,remove-duplicate-lines,remove|remove-duplicate-lines|remove-duplicate-lines|cleaned-output|remove-duplicate-lines|general,2,0.695,ADJACENT,https://search.google.com/search-console/inspect?resource_id=sc-domain:funnytools.win&id=hD-fEm5nCaYuNXSxM7h6aQ&utm_medium=link&utm_source=api
https://funnytools.win/tools/remove-empty-lines/,Crawled Not Indexed,https://funnytools.win/tools/remove-empty-lines/,https://funnytools.win/tools/remove-empty-lines/,SELF_MATCH,已檢索 - 目前尚未建立索引,remove-empty-lines,remove|remove-empty-lines|remove-empty-lines|cleaned-output|remove-empty-lines|general,3,0.695,ADJACENT,https://search.google.com/search-console/inspect?resource_id=sc-domain:funnytools.win&id=jIh1KfQNnaLZgKt-ZgTZ8A&utm_medium=link&utm_source=api
https://funnytools.win/tools/rotate-pdf/,Unknown,,,GOOGLE_CANONICAL_ABSENT,Google 無法辨識的網址,rotate-pdf,transform|rotate-pdf|rotate-pdf|transformed-output|rotate-pdf|general,2,0.746,DIFFERENT,https://search.google.com/search-console/inspect?resource_id=sc-domain:funnytools.win&id=qPbIUo88WP7yfvPrNzlJCg&utm_medium=link&utm_source=api
https://funnytools.win/tools/savings-goal/,Crawled Not Indexed,https://funnytools.win/tools/savings-goal/,https://funnytools.win/tools/savings-goal/,SELF_MATCH,已檢索 - 目前尚未建立索引,savings-goal,use|savings-goal|savings-goal|tool-result|savings-goal|general,1,0.765,ADJACENT,https://search.google.com/search-console/inspect?resource_id=sc-domain:funnytools.win&id=_qansdPxEKnn4DInRnr29Q&utm_medium=link&utm_source=api
https://funnytools.win/tools/seating-chart/,Crawled Not Indexed,https://funnytools.win/tools/seating-chart/,https://funnytools.win/tools/seating-chart/,SELF_MATCH,已檢索 - 目前尚未建立索引,seating-chart,use|seating-chart|seating-chart|tool-result|seating-chart|general,0,,,https://search.google.com/search-console/inspect?resource_id=sc-domain:funnytools.win&id=j2ch9C4Lz4kElH06fzRa2w&utm_medium=link&utm_source=api
https://funnytools.win/tools/sketchpad/,Crawled Not Indexed,https://funnytools.win/tools/sketchpad/,https://funnytools.win/tools/sketchpad/,SELF_MATCH,已檢索 - 目前尚未建立索引,sketchpad,create|sketchpad|sketchpad|created-artifact|sketchpad|general,0,,,https://search.google.com/search-console/inspect?resource_id=sc-domain:funnytools.win&id=J9p11a52zQ_usIuFB8p4Vg&utm_medium=link&utm_source=api
https://funnytools.win/tools/sort-lines/,Crawled Not Indexed,https://funnytools.win/tools/sort-lines/,https://funnytools.win/tools/sort-lines/,SELF_MATCH,已檢索 - 目前尚未建立索引,sort-lines,sort|sort-lines|sort-lines|sorted-output|sort-lines|general,3,0.654,ADJACENT,https://search.google.com/search-console/inspect?resource_id=sc-domain:funnytools.win&id=fuBfbshkWeXo3-HDjG879A&utm_medium=link&utm_source=api
https://funnytools.win/tools/split-pdf/,Crawled Not Indexed,https://funnytools.win/tools/split-pdf/,https://funnytools.win/tools/split-pdf/,SELF_MATCH,已檢索 - 目前尚未建立索引,split-pdf,split|pdf|pdf-files|separate-documents|pdf-document-assembly|general,5,0.744,COMPLEMENTARY; DIFFERENT,https://search.google.com/search-console/inspect?resource_id=sc-domain:funnytools.win&id=bxDAvG1faZnklP17dPfzUw&utm_medium=link&utm_source=api
https://funnytools.win/tools/spss-result-interpreter/,Crawled Not Indexed,https://funnytools.win/tools/spss-result-interpreter/,https://funnytools.win/tools/spss-result-interpreter/,SELF_MATCH,已檢索 - 目前尚未建立索引,spss-result-interpreter,interpret|spss-result-interpreter|spss-result-interpreter|interpreted-result|spss-result-interpreter|general,2,0.609,ADJACENT,https://search.google.com/search-console/inspect?resource_id=sc-domain:funnytools.win&id=zKTKYktlFRD97StNMzxO1g&utm_medium=link&utm_source=api
https://funnytools.win/tools/standard-deviation/,Crawled Not Indexed,https://funnytools.win/tools/standard-deviation/,https://funnytools.win/tools/standard-deviation/,SELF_MATCH,已檢索 - 目前尚未建立索引,standard-deviation,calculate|raw-scores|summary-statistics|mean-variance-standard-deviation|descriptive-statistics|general,8,0.804,ADJACENT; COMPLEMENTARY,https://search.google.com/search-console/inspect?resource_id=sc-domain:funnytools.win&id=8tAjgKIyissZHgtJHN5h5g&utm_medium=link&utm_source=api
https://funnytools.win/tools/stopwatch/,Unknown,,,GOOGLE_CANONICAL_ABSENT,Google 無法辨識的網址,stopwatch,use|stopwatch|stopwatch|tool-result|stopwatch|general,0,,,https://search.google.com/search-console/inspect?resource_id=sc-domain:funnytools.win&id=VQzeuMmq7RooL2FfbG1IKg&utm_medium=link&utm_source=api
https://funnytools.win/tools/t-score-calculator/,Crawled Not Indexed,https://funnytools.win/tools/t-score-calculator/,https://funnytools.win/tools/t-score-calculator/,SELF_MATCH,已檢索 - 目前尚未建立索引,t-score-calculator,calculate|z-score|standardized-score|t-score|score-standardization|general,7,0.911,ADJACENT; COMPLEMENTARY,https://search.google.com/search-console/inspect?resource_id=sc-domain:funnytools.win&id=0NhP6GuzOkfXrLn-l86W3Q&utm_medium=link&utm_source=api
https://funnytools.win/tools/teacher-exam-score-converter/,Crawled Not Indexed,https://funnytools.win/tools/teacher-exam-score-converter/,https://funnytools.win/tools/teacher-exam-score-converter/,SELF_MATCH,已檢索 - 目前尚未建立索引,teacher-exam-score-converter,calculate|teacher-exam-score-converter|teacher-exam-score-converter|calculated-result|teacher-exam-score-converter|general,4,0.823,ADJACENT; COMPLEMENTARY,https://search.google.com/search-console/inspect?resource_id=sc-domain:funnytools.win&id=KcXTUuE8mZR6CTIRtc3E_Q&utm_medium=link&utm_source=api
https://funnytools.win/tools/this-or-that/,Crawled Not Indexed,https://funnytools.win/tools/this-or-that/,https://funnytools.win/tools/this-or-that/,SELF_MATCH,已檢索 - 目前尚未建立索引,this-or-that,use|this-or-that|this-or-that|tool-result|this-or-that|general,1,0.658,ADJACENT,https://search.google.com/search-console/inspect?resource_id=sc-domain:funnytools.win&id=puIibQ9loCxh8I66JEneMw&utm_medium=link&utm_source=api
https://funnytools.win/tools/timestamp-converter/,Crawled Not Indexed,https://funnytools.win/tools/timestamp-converter/,https://funnytools.win/tools/timestamp-converter/,SELF_MATCH,已檢索 - 目前尚未建立索引,timestamp-converter,use|timestamp-converter|timestamp-converter|tool-result|timestamp-converter|general,0,,,https://search.google.com/search-console/inspect?resource_id=sc-domain:funnytools.win&id=OUcwZx4ARvcNVh0tc-toUQ&utm_medium=link&utm_source=api
https://funnytools.win/tools/url-encoder/,Crawled Not Indexed,https://funnytools.win/tools/url-encoder/,https://funnytools.win/tools/url-encoder/,SELF_MATCH,已檢索 - 目前尚未建立索引,url-encoder,use|url-encoder|url-encoder|tool-result|url-encoder|general,1,0.61,ADJACENT,https://search.google.com/search-console/inspect?resource_id=sc-domain:funnytools.win&id=UvtNshwr_L733LESrwMZYA&utm_medium=link&utm_source=api
https://funnytools.win/tools/uuid-generator/,Crawled Not Indexed,https://funnytools.win/tools/uuid-generator/,https://funnytools.win/tools/uuid-generator/,SELF_MATCH,已檢索 - 目前尚未建立索引,uuid-generator,generate|uuid|uuid|generated-result|uuid|general,0,,,https://search.google.com/search-console/inspect?resource_id=sc-domain:funnytools.win&id=KcZe77KpUR1we2Rg6C9CIA&utm_medium=link&utm_source=api
https://funnytools.win/tools/webp-to-jpg/,Crawled Not Indexed,https://funnytools.win/tools/webp-to-jpg/,https://funnytools.win/tools/webp-to-jpg/,SELF_MATCH,已檢索 - 目前尚未建立索引,webp-to-jpg,convert|webp|jpg|jpg-file|image-format-conversion|general,4,0.898,ADJACENT; DIFFERENT,https://search.google.com/search-console/inspect?resource_id=sc-domain:funnytools.win&id=kloR_bJ72SYqeDZB4ZmBMg&utm_medium=link&utm_source=api
https://funnytools.win/tools/weighted-average-calculator/,Crawled Not Indexed,https://funnytools.win/tools/weighted-average-calculator/,https://funnytools.win/tools/weighted-average-calculator/,SELF_MATCH,已檢索 - 目前尚未建立索引,weighted-average-calculator,calculate|values-and-weights|weighted-result|weighted-average|weighted-calculation|general,5,0.823,ADJACENT; COMPLEMENTARY,https://search.google.com/search-console/inspect?resource_id=sc-domain:funnytools.win&id=Cs3gU8kOrEiEIh0UYjX7Cw&utm_medium=link&utm_source=api
https://funnytools.win/tools/what-to-eat/,Crawled Not Indexed,https://funnytools.win/tools/what-to-eat/,https://funnytools.win/tools/what-to-eat/,SELF_MATCH,已檢索 - 目前尚未建立索引,what-to-eat,convert|what|eat|eat-output|directional-conversion|general,0,,,https://search.google.com/search-console/inspect?resource_id=sc-domain:funnytools.win&id=7f7Ksw70t8-Q5-ItiRW7WA&utm_medium=link&utm_source=api
https://funnytools.win/tools/word-counter/,Unknown,,,GOOGLE_CANONICAL_ABSENT,Google 無法辨識的網址,word-counter,count|word-counter|word-counter|count|word-counter|general,3,0.689,ADJACENT,https://search.google.com/search-console/inspect?resource_id=sc-domain:funnytools.win&id=5QcqsBu33mJt_hTUv8nbUg&utm_medium=link&utm_source=api
https://funnytools.win/tools/z-score-calculator/,Crawled Not Indexed,https://funnytools.win/tools/z-score-calculator/,https://funnytools.win/tools/z-score-calculator/,SELF_MATCH,已檢索 - 目前尚未建立索引,z-score-calculator,calculate|score-and-distribution|standardized-score|z-score|score-standardization|general,10,0.804,ADJACENT; COMPLEMENTARY,https://search.google.com/search-console/inspect?resource_id=sc-domain:funnytools.win&id=q5BX2R-TlkiDrvaBjI8DBg&utm_medium=link&utm_source=api
https://funnytools.win/workflows/,Crawled Not Indexed,https://funnytools.win/workflows/,https://funnytools.win/workflows/,SELF_MATCH,已檢索 - 目前尚未建立索引,,,0,,,https://search.google.com/search-console/inspect?resource_id=sc-domain:funnytools.win&id=1V7umPzWEoHM37VDMprGig&utm_medium=link&utm_source=api
https://funnytools.win/workflows/creator-social-toolkit/,Crawled Not Indexed,https://funnytools.win/workflows/creator-social-toolkit/,https://funnytools.win/workflows/creator-social-toolkit/,SELF_MATCH,已檢索 - 目前尚未建立索引,,,1,0.797,UNKNOWN,https://search.google.com/search-console/inspect?resource_id=sc-domain:funnytools.win&id=Rv3I_RaqTIxoxIKhO-UxDw&utm_medium=link&utm_source=api
https://funnytools.win/workflows/daily-decision-toolkit/,Unknown,,,GOOGLE_CANONICAL_ABSENT,Google 無法辨識的網址,,,0,,,https://search.google.com/search-console/inspect?resource_id=sc-domain:funnytools.win&id=_T0hoPLsE7hcAzkkj9V_tA&utm_medium=link&utm_source=api
https://funnytools.win/workflows/grade-gpa-check-toolkit/,Unknown,,,GOOGLE_CANONICAL_ABSENT,Google 無法辨識的網址,,,0,,,https://search.google.com/search-console/inspect?resource_id=sc-domain:funnytools.win&id=QtGllkgrjSIbNOuDTVhESA&utm_medium=link&utm_source=api
https://funnytools.win/workflows/graduate-statistics-report-toolkit/,Crawled Not Indexed,https://funnytools.win/workflows/graduate-statistics-report-toolkit/,https://funnytools.win/workflows/graduate-statistics-report-toolkit/,SELF_MATCH,已檢索 - 目前尚未建立索引,,,3,0.578,ADJACENT; UNKNOWN,https://search.google.com/search-console/inspect?resource_id=sc-domain:funnytools.win&id=Zr_pCERbGneOfhzhm7TJ_A&utm_medium=link&utm_source=api
https://funnytools.win/workflows/office-document-toolkit/,Crawled Not Indexed,https://funnytools.win/workflows/office-document-toolkit/,https://funnytools.win/workflows/office-document-toolkit/,SELF_MATCH,已檢索 - 目前尚未建立索引,,,1,0.807,UNKNOWN,https://search.google.com/search-console/inspect?resource_id=sc-domain:funnytools.win&id=CYMWhvoVtJtx85VOiuiVPA&utm_medium=link&utm_source=api
https://funnytools.win/workflows/qr-barcode-publishing-toolkit/,Unknown,,,GOOGLE_CANONICAL_ABSENT,Google 無法辨識的網址,,,0,,,https://search.google.com/search-console/inspect?resource_id=sc-domain:funnytools.win&id=10R-f2k2b_t5zzkTgveIvw&utm_medium=link&utm_source=api
https://funnytools.win/workflows/student-report-toolkit/,Crawled Not Indexed,https://funnytools.win/workflows/student-report-toolkit/,https://funnytools.win/workflows/student-report-toolkit/,SELF_MATCH,已檢索 - 目前尚未建立索引,,,1,0.704,UNKNOWN,https://search.google.com/search-console/inspect?resource_id=sc-domain:funnytools.win&id=GvtLT8nyZR9fM1vMfXSFzw&utm_medium=link&utm_source=api
https://funnytools.win/workflows/teacher-classroom-random-toolkit/,Unknown,,,GOOGLE_CANONICAL_ABSENT,Google 無法辨識的網址,,,9,0.716,ADJACENT; UNKNOWN,https://search.google.com/search-console/inspect?resource_id=sc-domain:funnytools.win&id=efhoV9739S9rMo1JljV_tQ&utm_medium=link&utm_source=api
https://funnytools.win/workflows/teacher-exam-score-toolkit/,Crawled Not Indexed,https://funnytools.win/workflows/teacher-exam-score-toolkit/,https://funnytools.win/workflows/teacher-exam-score-toolkit/,SELF_MATCH,已檢索 - 目前尚未建立索引,,,10,0.765,ADJACENT,https://search.google.com/search-console/inspect?resource_id=sc-domain:funnytools.win&id=L4aUi-PhwjqImTzFCL5CBA&utm_medium=link&utm_source=api
https://funnytools.win/workflows/text-cleanup-publishing-toolkit/,Unknown,,,GOOGLE_CANONICAL_ABSENT,Google 無法辨識的網址,,,0,,,https://search.google.com/search-console/inspect?resource_id=sc-domain:funnytools.win&id=LOydv7Z3r2sHw9dxNxTaNg&utm_medium=link&utm_source=api
https://funnytools.win/workflows/verify-tool-result/,Unknown,,,GOOGLE_CANONICAL_ABSENT,Google 無法辨識的網址,,,0,,,https://search.google.com/search-console/inspect?resource_id=sc-domain:funnytools.win&id=Nf5YwXwUb4JgEpfpzrxT9A&utm_medium=link&utm_source=api
