url,locale,page_type,content_cluster,google_status,last_crawl_time,last_crawl_age_days,crawl_recency_bucket,sitemap_lastmod,sitemap_lastmod_age_days,page_fetch_state,inspection_result_link
https://funnytools.win/,zh-TW,home,general,Indexed,2026-09-11T19:00:02Z,1,<7 days,2026-09-10,3,SUCCESSFUL,https://search.google.com/search-console/inspect?resource_id=sc-domain:funnytools.win&id=T1pdpmGF9BeNWiTWekWzjg&utm_medium=link&utm_source=api
https://funnytools.win/about-tools/,zh-TW,legal,general,Crawled Not Indexed,2026-08-15T04:10:54Z,29,15–30 days,2026-06-17,88,SUCCESSFUL,https://search.google.com/search-console/inspect?resource_id=sc-domain:funnytools.win&id=u6n29yCSPbGsWXocJr-HlQ&utm_medium=link&utm_source=api
https://funnytools.win/about/,zh-TW,legal,general,Crawled Not Indexed,2026-08-22T21:31:54Z,21,15–30 days,2026-09-02,11,SUCCESSFUL,https://search.google.com/search-console/inspect?resource_id=sc-domain:funnytools.win&id=zAwy7XcEuG083mNDH9aQ5A&utm_medium=link&utm_source=api
https://funnytools.win/affiliate-disclosure/,zh-TW,legal,general,Unknown,,0,never crawled,2026-09-07,6,PAGE_FETCH_STATE_UNSPECIFIED,https://search.google.com/search-console/inspect?resource_id=sc-domain:funnytools.win&id=OfqDDjIn4l1DGovw3ZK-1A&utm_medium=link&utm_source=api
https://funnytools.win/category/draw/,zh-TW,category,draw,Crawled Not Indexed,2026-09-02T05:21:43Z,11,7–14 days,2026-09-02,11,SUCCESSFUL,https://search.google.com/search-console/inspect?resource_id=sc-domain:funnytools.win&id=rtifPTTO6cQGj7Dd35BxOA&utm_medium=link&utm_source=api
https://funnytools.win/category/image/,zh-TW,category,image,Crawled Not Indexed,2026-08-03T16:39:23Z,40,>30 days,2026-09-03,10,SUCCESSFUL,https://search.google.com/search-console/inspect?resource_id=sc-domain:funnytools.win&id=97iZxE8xoNAlEFAj9UeCSg&utm_medium=link&utm_source=api
https://funnytools.win/category/money/,zh-TW,category,money,Crawled Not Indexed,2026-08-19T18:24:07Z,24,15–30 days,2026-08-01,43,SUCCESSFUL,https://search.google.com/search-console/inspect?resource_id=sc-domain:funnytools.win&id=jtF7_YpzqERcNb3nF7Lf7Q&utm_medium=link&utm_source=api
https://funnytools.win/category/pdf/,zh-TW,category,pdf,Crawled Not Indexed,2026-08-16T02:42:51Z,28,15–30 days,2026-09-02,11,SUCCESSFUL,https://search.google.com/search-console/inspect?resource_id=sc-domain:funnytools.win&id=mN2DfYeIu63-9pqYO3oMEQ&utm_medium=link&utm_source=api
https://funnytools.win/category/random/,zh-TW,category,random,Crawled Not Indexed,2026-08-01T03:39:40Z,43,>30 days,2026-08-01,43,SUCCESSFUL,https://search.google.com/search-console/inspect?resource_id=sc-domain:funnytools.win&id=vSJi7LjrR0czmF3mU85O3A&utm_medium=link&utm_source=api
https://funnytools.win/category/statistics/,zh-TW,category,statistics,Crawled Not Indexed,2026-08-23T04:04:58Z,21,15–30 days,2026-09-03,10,SUCCESSFUL,https://search.google.com/search-console/inspect?resource_id=sc-domain:funnytools.win&id=tbS6tSvaLd0ZpUi-KHUUfQ&utm_medium=link&utm_source=api
https://funnytools.win/category/study/,zh-TW,category,study,Crawled Not Indexed,2026-08-01T07:29:05Z,43,>30 days,2026-09-03,10,SUCCESSFUL,https://search.google.com/search-console/inspect?resource_id=sc-domain:funnytools.win&id=_j4dVyi1W0T7NNaSua6toA&utm_medium=link&utm_source=api
https://funnytools.win/category/text/,zh-TW,category,text,Crawled Not Indexed,2026-08-14T04:41:13Z,30,15–30 days,2026-09-02,11,SUCCESSFUL,https://search.google.com/search-console/inspect?resource_id=sc-domain:funnytools.win&id=dn5Q_sx1jCase0iCCOPIhA&utm_medium=link&utm_source=api
https://funnytools.win/category/time/,zh-TW,category,time,Crawled Not Indexed,2026-08-10T02:23:26Z,34,>30 days,2026-08-01,43,SUCCESSFUL,https://search.google.com/search-console/inspect?resource_id=sc-domain:funnytools.win&id=n5rVfS8IVbwwH89oj0Ugnw&utm_medium=link&utm_source=api
https://funnytools.win/contact/,zh-TW,legal,general,Crawled Not Indexed,2026-09-02T03:41:45Z,11,7–14 days,2026-07-31,44,SUCCESSFUL,https://search.google.com/search-console/inspect?resource_id=sc-domain:funnytools.win&id=VfmjqqETdZsZyXPPlVGTrA&utm_medium=link&utm_source=api
https://funnytools.win/disclaimer/,zh-TW,legal,general,Crawled Not Indexed,2026-08-18T04:02:21Z,26,15–30 days,2026-06-17,88,SUCCESSFUL,https://search.google.com/search-console/inspect?resource_id=sc-domain:funnytools.win&id=86epDjgR2Ouhtxvc43b8nA&utm_medium=link&utm_source=api
https://funnytools.win/education-statistics/,zh-TW,other,statistics,Crawled Not Indexed,2026-07-16T16:37:45Z,58,>30 days,2026-09-03,10,SUCCESSFUL,https://search.google.com/search-console/inspect?resource_id=sc-domain:funnytools.win&id=JEAW9eAXUt396VybZJLewQ&utm_medium=link&utm_source=api
https://funnytools.win/en/,en,home,general,Indexed,2026-09-11T22:37:47Z,1,<7 days,2026-09-10,3,SUCCESSFUL,https://search.google.com/search-console/inspect?resource_id=sc-domain:funnytools.win&id=Cf1qJ-GYEcDYWjjWJYGQkw&utm_medium=link&utm_source=api
https://funnytools.win/en/about-tools/,en,legal,general,Crawled Not Indexed,2026-08-05T06:36:52Z,39,>30 days,2026-06-17,88,SUCCESSFUL,https://search.google.com/search-console/inspect?resource_id=sc-domain:funnytools.win&id=G_pqP7uCIpADMWAB2Ra6zw&utm_medium=link&utm_source=api
https://funnytools.win/en/about/,en,legal,general,Crawled Not Indexed,2026-08-16T17:36:32Z,27,15–30 days,2026-09-02,11,SUCCESSFUL,https://search.google.com/search-console/inspect?resource_id=sc-domain:funnytools.win&id=InMvoHCSuwiZr2hKsKP5Wg&utm_medium=link&utm_source=api
https://funnytools.win/en/category/draw/,en,category,draw,Crawled Not Indexed,2026-07-16T15:41:04Z,58,>30 days,2026-09-02,11,SUCCESSFUL,https://search.google.com/search-console/inspect?resource_id=sc-domain:funnytools.win&id=f7JpSzi5eH6exqXunzaWYg&utm_medium=link&utm_source=api
https://funnytools.win/en/category/image/,en,category,image,Crawled Not Indexed,2026-08-04T17:45:05Z,39,>30 days,2026-09-02,11,SUCCESSFUL,https://search.google.com/search-console/inspect?resource_id=sc-domain:funnytools.win&id=UU4PAG0M3XxzoO796hgjlQ&utm_medium=link&utm_source=api
https://funnytools.win/en/category/money/,en,category,money,Crawled Not Indexed,2026-08-17T12:14:53Z,26,15–30 days,2026-08-01,43,SUCCESSFUL,https://search.google.com/search-console/inspect?resource_id=sc-domain:funnytools.win&id=5j0Qr7cKqL_SFUuVMfwtCg&utm_medium=link&utm_source=api
https://funnytools.win/en/category/pdf/,en,category,pdf,Crawled Not Indexed,2026-08-13T14:37:00Z,30,15–30 days,2026-09-02,11,SUCCESSFUL,https://search.google.com/search-console/inspect?resource_id=sc-domain:funnytools.win&id=FJFuUTTF-3kr1EdW0FFLLQ&utm_medium=link&utm_source=api
https://funnytools.win/en/category/random/,en,category,random,Crawled Not Indexed,2026-08-20T10:52:31Z,23,15–30 days,2026-08-01,43,SUCCESSFUL,https://search.google.com/search-console/inspect?resource_id=sc-domain:funnytools.win&id=O5W8pup0rvhHc8r872H2TA&utm_medium=link&utm_source=api
https://funnytools.win/en/category/statistics/,en,category,statistics,Crawled Not Indexed,2026-08-18T04:52:21Z,26,15–30 days,2026-08-01,43,SUCCESSFUL,https://search.google.com/search-console/inspect?resource_id=sc-domain:funnytools.win&id=t4_ES3Y1GB9WuF6RFff4wg&utm_medium=link&utm_source=api
https://funnytools.win/en/category/study/,en,category,study,Crawled Not Indexed,2026-08-17T17:37:21Z,26,15–30 days,2026-08-01,43,SUCCESSFUL,https://search.google.com/search-console/inspect?resource_id=sc-domain:funnytools.win&id=q2ZTHemJkyzfbdmcpmPgQw&utm_medium=link&utm_source=api
https://funnytools.win/en/category/text/,en,category,text,Crawled Not Indexed,2026-07-30T10:00:27Z,44,>30 days,2026-09-02,11,SUCCESSFUL,https://search.google.com/search-console/inspect?resource_id=sc-domain:funnytools.win&id=CiTAYjtK7F0FrfORK8OdlQ&utm_medium=link&utm_source=api
https://funnytools.win/en/category/time/,en,category,time,Crawled Not Indexed,2026-08-22T01:04:53Z,22,15–30 days,2026-08-01,43,SUCCESSFUL,https://search.google.com/search-console/inspect?resource_id=sc-domain:funnytools.win&id=Ig5pkZaFtskM-cikS6J0RA&utm_medium=link&utm_source=api
https://funnytools.win/en/contact/,en,legal,general,Crawled Not Indexed,2026-07-15T19:24:42Z,59,>30 days,2026-07-31,44,SUCCESSFUL,https://search.google.com/search-console/inspect?resource_id=sc-domain:funnytools.win&id=-Lfn-QyOKJ8aXZLqOM0hQA&utm_medium=link&utm_source=api
https://funnytools.win/en/disclaimer/,en,legal,general,Crawled Not Indexed,2026-08-13T00:47:43Z,31,>30 days,2026-06-17,88,SUCCESSFUL,https://search.google.com/search-console/inspect?resource_id=sc-domain:funnytools.win&id=MlzMaEMbA6rqfRET5fzpSw&utm_medium=link&utm_source=api
https://funnytools.win/en/education-statistics/,en,other,statistics,Crawled Not Indexed,2026-08-11T06:53:06Z,33,>30 days,2026-07-02,73,SUCCESSFUL,https://search.google.com/search-console/inspect?resource_id=sc-domain:funnytools.win&id=xa3BmV6NFEssxZcQszHP3w&utm_medium=link&utm_source=api
https://funnytools.win/en/for/,en,hub,general,Crawled Not Indexed,2026-08-18T10:09:35Z,25,15–30 days,2026-07-31,44,SUCCESSFUL,https://search.google.com/search-console/inspect?resource_id=sc-domain:funnytools.win&id=0paUpYOxufi05FDjU03kcg&utm_medium=link&utm_source=api
https://funnytools.win/en/for/creators/,en,audience,creators,Crawled Not Indexed,2026-08-19T16:16:16Z,24,15–30 days,2026-09-02,11,SUCCESSFUL,https://search.google.com/search-console/inspect?resource_id=sc-domain:funnytools.win&id=ajWRIoA4gG36cMabrKk08A&utm_medium=link&utm_source=api
https://funnytools.win/en/for/designers/,en,audience,designers,Crawled Not Indexed,2026-08-20T16:23:31Z,23,15–30 days,2026-09-02,11,SUCCESSFUL,https://search.google.com/search-console/inspect?resource_id=sc-domain:funnytools.win&id=6KH2ORzzYNtsqT1AERI6_A&utm_medium=link&utm_source=api
https://funnytools.win/en/for/developers/,en,audience,developers,Crawled Not Indexed,2026-08-21T06:43:48Z,23,15–30 days,2026-08-01,43,SUCCESSFUL,https://search.google.com/search-console/inspect?resource_id=sc-domain:funnytools.win&id=IyUkT-oqUV2SatZtq-yelg&utm_medium=link&utm_source=api
https://funnytools.win/en/for/office-workers/,en,audience,office-workers,Crawled Not Indexed,2026-08-21T07:12:01Z,23,15–30 days,2026-09-02,11,SUCCESSFUL,https://search.google.com/search-console/inspect?resource_id=sc-domain:funnytools.win&id=kBc6-esCX6iTPVV0U_J7kg&utm_medium=link&utm_source=api
https://funnytools.win/en/for/students/,en,audience,students,Crawled Not Indexed,2026-08-22T00:52:23Z,22,15–30 days,2026-09-02,11,SUCCESSFUL,https://search.google.com/search-console/inspect?resource_id=sc-domain:funnytools.win&id=-jhDOVXiU87boI8YFavmug&utm_medium=link&utm_source=api
https://funnytools.win/en/for/teachers/,en,audience,teachers,Crawled Not Indexed,2026-08-09T05:06:35Z,35,>30 days,2026-06-26,79,SUCCESSFUL,https://search.google.com/search-console/inspect?resource_id=sc-domain:funnytools.win&id=gr-8X8A-RGFP5_Sz81marg&utm_medium=link&utm_source=api
https://funnytools.win/en/guides/,en,hub,general,Crawled Not Indexed,2026-08-19T14:47:08Z,24,15–30 days,2026-09-04,9,SUCCESSFUL,https://search.google.com/search-console/inspect?resource_id=sc-domain:funnytools.win&id=TuNByvz4b2TpQW6mVd02Ng&utm_medium=link&utm_source=api
https://funnytools.win/en/guides/2d-cad-drawing-board-workflow-guide/,en,guide,drawing,Unknown,,0,never crawled,2026-09-03,10,PAGE_FETCH_STATE_UNSPECIFIED,https://search.google.com/search-console/inspect?resource_id=sc-domain:funnytools.win&id=YdRU-qy-63lRxrFYxduk0Q&utm_medium=link&utm_source=api
https://funnytools.win/en/guides/a4-vs-us-letter-printing-guide/,en,guide,general,Unknown,,0,never crawled,2026-07-18,57,PAGE_FETCH_STATE_UNSPECIFIED,https://search.google.com/search-console/inspect?resource_id=sc-domain:funnytools.win&id=TisNXTo7jvwaoBgC_4TViQ&utm_medium=link&utm_source=api
https://funnytools.win/en/guides/anova-apa-format-guide/,en,guide,statistics,Unknown,,0,never crawled,2026-06-25,80,PAGE_FETCH_STATE_UNSPECIFIED,https://search.google.com/search-console/inspect?resource_id=sc-domain:funnytools.win&id=orsWVgebWfiyGqQbOl1TgA&utm_medium=link&utm_source=api
https://funnytools.win/en/guides/bar-chart-school-report-guide/,en,guide,drawing,Unknown,,0,never crawled,2026-07-21,54,PAGE_FETCH_STATE_UNSPECIFIED,https://search.google.com/search-console/inspect?resource_id=sc-domain:funnytools.win&id=D9lOGDMrBwDgaapB5mMKkQ&utm_medium=link&utm_source=api
https://funnytools.win/en/guides/classroom-group-roles-rotation-guide/,en,guide,random,Unknown,,0,never crawled,2026-09-03,10,PAGE_FETCH_STATE_UNSPECIFIED,https://search.google.com/search-console/inspect?resource_id=sc-domain:funnytools.win&id=kz5KNIxFvyrX-ukU99HMPg&utm_medium=link&utm_source=api
https://funnytools.win/en/guides/classroom-lottery-tool-guide/,en,guide,random,Unknown,,0,never crawled,2026-06-26,79,PAGE_FETCH_STATE_UNSPECIFIED,https://search.google.com/search-console/inspect?resource_id=sc-domain:funnytools.win&id=UTBsINja3SPwm_DvO8VMzQ&utm_medium=link&utm_source=api
https://funnytools.win/en/guides/classroom-random-group-absent-student-repair-guide/,en,guide,random,Unknown,,0,never crawled,2026-09-03,10,PAGE_FETCH_STATE_UNSPECIFIED,https://search.google.com/search-console/inspect?resource_id=sc-domain:funnytools.win&id=0aBVwTmjjNfQQZCE2-Zsiw&utm_medium=link&utm_source=api
https://funnytools.win/en/guides/classroom-random-group-guide/,en,guide,random,Crawled Not Indexed,2026-08-20T14:27:59Z,23,15–30 days,2026-06-26,79,SUCCESSFUL,https://search.google.com/search-console/inspect?resource_id=sc-domain:funnytools.win&id=aYWBnl4A6rnQaHLZM2dinQ&utm_medium=link&utm_source=api
https://funnytools.win/en/guides/classroom-random-group-materials-handoff-guide/,en,guide,random,Unknown,,0,never crawled,2026-09-03,10,PAGE_FETCH_STATE_UNSPECIFIED,https://search.google.com/search-console/inspect?resource_id=sc-domain:funnytools.win&id=ZCaYgSf9Gg3wo_ytrDjBYQ&utm_medium=link&utm_source=api
https://funnytools.win/en/guides/classroom-random-group-no-repeat-guide/,en,guide,random,Unknown,,0,never crawled,2026-09-03,10,PAGE_FETCH_STATE_UNSPECIFIED,https://search.google.com/search-console/inspect?resource_id=sc-domain:funnytools.win&id=_Mu26s1h9-L4eMBAuH5LUA&utm_medium=link&utm_source=api
https://funnytools.win/en/guides/classroom-random-group-seat-transition-guide/,en,guide,random,Unknown,,0,never crawled,2026-09-03,10,PAGE_FETCH_STATE_UNSPECIFIED,https://search.google.com/search-console/inspect?resource_id=sc-domain:funnytools.win&id=ClYxhhcbrnwSr2CnaSJShw&utm_medium=link&utm_source=api
https://funnytools.win/en/guides/classroom-random-group-shareable-result-guide/,en,guide,random,Unknown,,0,never crawled,2026-09-03,10,PAGE_FETCH_STATE_UNSPECIFIED,https://search.google.com/search-console/inspect?resource_id=sc-domain:funnytools.win&id=9KlvTstgTF4_5ASE6Dw_ew&utm_medium=link&utm_source=api
https://funnytools.win/en/guides/classroom-random-group-size-balance-guide/,en,guide,random,Unknown,,0,never crawled,2026-09-03,10,PAGE_FETCH_STATE_UNSPECIFIED,https://search.google.com/search-console/inspect?resource_id=sc-domain:funnytools.win&id=KjWXNpOZ1SVm1HJ209yttw&utm_medium=link&utm_source=api
https://funnytools.win/en/guides/classroom-random-picker-guide/,en,guide,random,Unknown,,0,never crawled,2026-06-26,79,PAGE_FETCH_STATE_UNSPECIFIED,https://search.google.com/search-console/inspect?resource_id=sc-domain:funnytools.win&id=MxTBqJ7xr4-BJ510m5Hkww&utm_medium=link&utm_source=api
https://funnytools.win/en/guides/classroom-timer-guide/,en,guide,time,Crawled Not Indexed,2026-08-18T17:38:37Z,25,15–30 days,2026-06-26,79,SUCCESSFUL,https://search.google.com/search-console/inspect?resource_id=sc-domain:funnytools.win&id=Wixvt-13TcAyZMGvbSWF7Q&utm_medium=link&utm_source=api
https://funnytools.win/en/guides/csv-to-json-header-duplicate-column-guide/,en,guide,text,Unknown,,0,never crawled,2026-09-03,10,PAGE_FETCH_STATE_UNSPECIFIED,https://search.google.com/search-console/inspect?resource_id=sc-domain:funnytools.win&id=B8Uit9DwWb7UiQuJjJ8Iog&utm_medium=link&utm_source=api
https://funnytools.win/en/guides/fair-student-grouping-guide/,en,guide,random,Unknown,,0,never crawled,2026-06-26,79,PAGE_FETCH_STATE_UNSPECIFIED,https://search.google.com/search-console/inspect?resource_id=sc-domain:funnytools.win&id=R5XenAbR-_M38Mmahyxf2Q&utm_medium=link&utm_source=api
https://funnytools.win/en/guides/image-color-profile-web-print-guide/,en,guide,image,Unknown,,0,never crawled,2026-09-03,10,PAGE_FETCH_STATE_UNSPECIFIED,https://search.google.com/search-console/inspect?resource_id=sc-domain:funnytools.win&id=RThNhMicpNMBnLIbSbYtnQ&utm_medium=link&utm_source=api
https://funnytools.win/en/guides/image-compression-email-guide/,en,guide,image,Unknown,,0,never crawled,2026-07-20,55,PAGE_FETCH_STATE_UNSPECIFIED,https://search.google.com/search-console/inspect?resource_id=sc-domain:funnytools.win&id=o7P36iMt4SJoK3yPygM8gg&utm_medium=link&utm_source=api
https://funnytools.win/en/guides/image-compression-quality-size-guide/,en,guide,image,Unknown,,0,never crawled,2026-09-03,10,PAGE_FETCH_STATE_UNSPECIFIED,https://search.google.com/search-console/inspect?resource_id=sc-domain:funnytools.win&id=sgTD2QbE_1OK2dopq-ti0w&utm_medium=link&utm_source=api
https://funnytools.win/en/guides/image-compressor-metadata-privacy-guide/,en,guide,image,Unknown,,0,never crawled,2026-09-03,10,PAGE_FETCH_STATE_UNSPECIFIED,https://search.google.com/search-console/inspect?resource_id=sc-domain:funnytools.win&id=RtpIdg45imR6TkgaP0m4Ww&utm_medium=link&utm_source=api
https://funnytools.win/en/guides/image-resampling-quality-guide/,en,guide,image,Unknown,,0,never crawled,2026-09-03,10,PAGE_FETCH_STATE_UNSPECIFIED,https://search.google.com/search-console/inspect?resource_id=sc-domain:funnytools.win&id=ouBUfxGNNOjzgy58xP3ssA&utm_medium=link&utm_source=api
https://funnytools.win/en/guides/image-resize-aspect-ratio-guide/,en,guide,image,Unknown,,0,never crawled,2026-09-03,10,PAGE_FETCH_STATE_UNSPECIFIED,https://search.google.com/search-console/inspect?resource_id=sc-domain:funnytools.win&id=gMqhkjCVsCBs0yNSlCscvg&utm_medium=link&utm_source=api
https://funnytools.win/en/guides/image-resolution-print-web-guide/,en,guide,image,Unknown,,0,never crawled,2026-09-03,10,PAGE_FETCH_STATE_UNSPECIFIED,https://search.google.com/search-console/inspect?resource_id=sc-domain:funnytools.win&id=zkyus8JX-sDACGX5KnCKfA&utm_medium=link&utm_source=api
https://funnytools.win/en/guides/json-formatter-trailing-comma-error-guide/,en,guide,text,Unknown,,0,never crawled,2026-09-03,10,PAGE_FETCH_STATE_UNSPECIFIED,https://search.google.com/search-console/inspect?resource_id=sc-domain:funnytools.win&id=ViIWN7dPAGFVLRQ4L_pG2g&utm_medium=link&utm_source=api
https://funnytools.win/en/guides/merge-pdf-bookmarks-navigation-guide/,en,guide,pdf,Unknown,,0,never crawled,2026-09-03,10,PAGE_FETCH_STATE_UNSPECIFIED,https://search.google.com/search-console/inspect?resource_id=sc-domain:funnytools.win&id=3h8HeBapZVCi-kSS0KwZuw&utm_medium=link&utm_source=api
https://funnytools.win/en/guides/merge-pdf-page-size-orientation-guide/,en,guide,pdf,Unknown,,0,never crawled,2026-09-03,10,PAGE_FETCH_STATE_UNSPECIFIED,https://search.google.com/search-console/inspect?resource_id=sc-domain:funnytools.win&id=nOyxeJfwtQizmkA8A8A6Hw&utm_medium=link&utm_source=api
https://funnytools.win/en/guides/merge-pdf-private-guide/,en,guide,pdf,Unknown,,0,never crawled,2026-07-17,58,PAGE_FETCH_STATE_UNSPECIFIED,https://search.google.com/search-console/inspect?resource_id=sc-domain:funnytools.win&id=1dsiPeb1iyTO_Lji0pH1rg&utm_medium=link&utm_source=api
https://funnytools.win/en/guides/merge-pdf-reading-order-checklist-guide/,en,guide,pdf,Unknown,,0,never crawled,2026-09-03,10,PAGE_FETCH_STATE_UNSPECIFIED,https://search.google.com/search-console/inspect?resource_id=sc-domain:funnytools.win&id=_Dc7-YzqwHeqZDRrH2P_pQ&utm_medium=link&utm_source=api
https://funnytools.win/en/guides/pdf-accessibility-reading-order-check-guide/,en,guide,pdf,Unknown,,0,never crawled,2026-09-03,10,PAGE_FETCH_STATE_UNSPECIFIED,https://search.google.com/search-console/inspect?resource_id=sc-domain:funnytools.win&id=NkrlMgdMRjQ0S7jREaOPtA&utm_medium=link&utm_source=api
https://funnytools.win/en/guides/pdf-compressor-email-attachment-guide/,en,guide,pdf,Unknown,,0,never crawled,2026-09-03,10,PAGE_FETCH_STATE_UNSPECIFIED,https://search.google.com/search-console/inspect?resource_id=sc-domain:funnytools.win&id=0lWNb5LJO-Iikd_9kRAYpw&utm_medium=link&utm_source=api
https://funnytools.win/en/guides/pdf-compressor-form-fields-links-guide/,en,guide,pdf,Unknown,,0,never crawled,2026-09-03,10,PAGE_FETCH_STATE_UNSPECIFIED,https://search.google.com/search-console/inspect?resource_id=sc-domain:funnytools.win&id=oBk7__RGWhq88lddvcEPUA&utm_medium=link&utm_source=api
https://funnytools.win/en/guides/pdf-page-reorder-appendix-merge-check-guide/,en,guide,pdf,Unknown,,0,never crawled,2026-09-03,10,PAGE_FETCH_STATE_UNSPECIFIED,https://search.google.com/search-console/inspect?resource_id=sc-domain:funnytools.win&id=ysAqrzxRkrrHmt5kRjYeOw&utm_medium=link&utm_source=api
https://funnytools.win/en/guides/pdf-split-vs-extract-vs-delete/,en,guide,pdf,Unknown,,0,never crawled,2026-09-04,9,PAGE_FETCH_STATE_UNSPECIFIED,https://search.google.com/search-console/inspect?resource_id=sc-domain:funnytools.win&id=Lbq6hjPXpgfMlxXuTICfqw&utm_medium=link&utm_source=api
https://funnytools.win/en/guides/pdf-table-to-excel-header-check-guide/,en,guide,pdf,Unknown,,0,never crawled,2026-09-03,10,PAGE_FETCH_STATE_UNSPECIFIED,https://search.google.com/search-console/inspect?resource_id=sc-domain:funnytools.win&id=KtR7mUuqLqdwWo4sJxsaLA&utm_medium=link&utm_source=api
https://funnytools.win/en/guides/pdf-to-image-background-contrast-guide/,en,guide,pdf,Unknown,,0,never crawled,2026-09-03,10,PAGE_FETCH_STATE_UNSPECIFIED,https://search.google.com/search-console/inspect?resource_id=sc-domain:funnytools.win&id=rIsg41GWyOXj-RQycHY7Iw&utm_medium=link&utm_source=api
https://funnytools.win/en/guides/pdf-to-image-multipage-download-guide/,en,guide,pdf,Unknown,,0,never crawled,2026-09-03,10,PAGE_FETCH_STATE_UNSPECIFIED,https://search.google.com/search-console/inspect?resource_id=sc-domain:funnytools.win&id=NgGIixdUqFOwbwwW1_uZjw&utm_medium=link&utm_source=api
https://funnytools.win/en/guides/pdf-to-image-print-crop-marks-guide/,en,guide,pdf,Unknown,,0,never crawled,2026-09-03,10,PAGE_FETCH_STATE_UNSPECIFIED,https://search.google.com/search-console/inspect?resource_id=sc-domain:funnytools.win&id=53PDcnEFGi4esdjYJC6DDw&utm_medium=link&utm_source=api
https://funnytools.win/en/guides/pdf-to-image-raster-text-search-guide/,en,guide,pdf,Unknown,,0,never crawled,2026-09-03,10,PAGE_FETCH_STATE_UNSPECIFIED,https://search.google.com/search-console/inspect?resource_id=sc-domain:funnytools.win&id=oZOyerk5FgDoHinX34dOSQ&utm_medium=link&utm_source=api
https://funnytools.win/en/guides/pdf-to-image-resolution-guide/,en,guide,pdf,Unknown,,0,never crawled,2026-09-03,10,PAGE_FETCH_STATE_UNSPECIFIED,https://search.google.com/search-console/inspect?resource_id=sc-domain:funnytools.win&id=D6Ejz8GriK851cq-sdNCAg&utm_medium=link&utm_source=api
https://funnytools.win/en/guides/pdf-to-word-form-field-editing-guide/,en,guide,pdf,Unknown,,0,never crawled,2026-09-03,10,PAGE_FETCH_STATE_UNSPECIFIED,https://search.google.com/search-console/inspect?resource_id=sc-domain:funnytools.win&id=g6X9j1I0EN1jjJWu6zhhFQ&utm_medium=link&utm_source=api
https://funnytools.win/en/guides/pdf-to-word-layout-fidelity-guide/,en,guide,pdf,Unknown,,0,never crawled,2026-09-03,10,PAGE_FETCH_STATE_UNSPECIFIED,https://search.google.com/search-console/inspect?resource_id=sc-domain:funnytools.win&id=UVtYsxPWrmFdCZGUEVFroA&utm_medium=link&utm_source=api
https://funnytools.win/en/guides/pdf-to-word-ocr-language-check-guide/,en,guide,pdf,Unknown,,0,never crawled,2026-09-03,10,PAGE_FETCH_STATE_UNSPECIFIED,https://search.google.com/search-console/inspect?resource_id=sc-domain:funnytools.win&id=1p-MlkuBibcJmVPw6_jUCg&utm_medium=link&utm_source=api
https://funnytools.win/en/guides/pdf-to-word-review-track-changes-guide/,en,guide,pdf,Unknown,,0,never crawled,2026-09-03,10,PAGE_FETCH_STATE_UNSPECIFIED,https://search.google.com/search-console/inspect?resource_id=sc-domain:funnytools.win&id=2ZeFhKBInrCG_L81JAJtRw&utm_medium=link&utm_source=api
https://funnytools.win/en/guides/pdf-upload-failed-troubleshooting/,en,guide,pdf,Unknown,,0,never crawled,2026-09-04,9,PAGE_FETCH_STATE_UNSPECIFIED,https://search.google.com/search-console/inspect?resource_id=sc-domain:funnytools.win&id=3MzxRhq7W1_Qs-l1vBNQiQ&utm_medium=link&utm_source=api
https://funnytools.win/en/guides/percentage-grade-to-gpa-conversion-guide/,en,guide,statistics,Unknown,,0,never crawled,2026-09-04,9,PAGE_FETCH_STATE_UNSPECIFIED,https://search.google.com/search-console/inspect?resource_id=sc-domain:funnytools.win&id=yyujAdO0PpXQPolzeefkpQ&utm_medium=link&utm_source=api
https://funnytools.win/en/guides/percentage-shortcuts-guide/,en,guide,general,Unknown,,0,never crawled,2026-07-23,52,PAGE_FETCH_STATE_UNSPECIFIED,https://search.google.com/search-console/inspect?resource_id=sc-domain:funnytools.win&id=y24qQRECJBaCIQ7tOkAbPw&utm_medium=link&utm_source=api
https://funnytools.win/en/guides/percentile-rank-guide/,en,guide,statistics,Unknown,,0,never crawled,2026-06-25,80,PAGE_FETCH_STATE_UNSPECIFIED,https://search.google.com/search-console/inspect?resource_id=sc-domain:funnytools.win&id=P_LpAfwM7y2zLed3jaEa_A&utm_medium=link&utm_source=api
https://funnytools.win/en/guides/photos-to-pdf-phone-guide/,en,guide,pdf,Unknown,,0,never crawled,2026-07-24,51,PAGE_FETCH_STATE_UNSPECIFIED,https://search.google.com/search-console/inspect?resource_id=sc-domain:funnytools.win&id=3ZdP2wWenXksQWfLHsPnuA&utm_medium=link&utm_source=api
https://funnytools.win/en/guides/qr-code-accessible-fallback-guide/,en,guide,general,Unknown,,0,never crawled,2026-09-03,10,PAGE_FETCH_STATE_UNSPECIFIED,https://search.google.com/search-console/inspect?resource_id=sc-domain:funnytools.win&id=4BJ-P8HC-hvwIHAf5dZbWg&utm_medium=link&utm_source=api
https://funnytools.win/en/guides/qr-code-before-print-testing-guide/,en,guide,general,Unknown,,0,never crawled,2026-09-02,11,PAGE_FETCH_STATE_UNSPECIFIED,https://search.google.com/search-console/inspect?resource_id=sc-domain:funnytools.win&id=Sd5LWsjNbt1vngZKJB87Gg&utm_medium=link&utm_source=api
https://funnytools.win/en/guides/qr-code-classroom-guide/,en,guide,general,Unknown,,0,never crawled,2026-07-22,53,PAGE_FETCH_STATE_UNSPECIFIED,https://search.google.com/search-console/inspect?resource_id=sc-domain:funnytools.win&id=VYGn89UhzRp_6tchgKIFvw&utm_medium=link&utm_source=api
https://funnytools.win/en/guides/qr-code-destination-change-log-guide/,en,guide,general,Unknown,,0,never crawled,2026-09-03,10,PAGE_FETCH_STATE_UNSPECIFIED,https://search.google.com/search-console/inspect?resource_id=sc-domain:funnytools.win&id=MtOgm6h4VSJesGcWSbqg6Q&utm_medium=link&utm_source=api
https://funnytools.win/en/guides/qr-code-event-page-expiry-guide/,en,guide,general,Unknown,,0,never crawled,2026-09-03,10,PAGE_FETCH_STATE_UNSPECIFIED,https://search.google.com/search-console/inspect?resource_id=sc-domain:funnytools.win&id=GKUkRMZdnSlZ1CQQjLXRXQ&utm_medium=link&utm_source=api
https://funnytools.win/en/guides/qr-code-mobile-landing-page-guide/,en,guide,general,Unknown,,0,never crawled,2026-09-03,10,PAGE_FETCH_STATE_UNSPECIFIED,https://search.google.com/search-console/inspect?resource_id=sc-domain:funnytools.win&id=yN1MpoDj_KK0kT467gHRSA&utm_medium=link&utm_source=api
https://funnytools.win/en/guides/qr-code-multi-placement-consistency-guide/,en,guide,general,Unknown,,0,never crawled,2026-09-03,10,PAGE_FETCH_STATE_UNSPECIFIED,https://search.google.com/search-console/inspect?resource_id=sc-domain:funnytools.win&id=DwwbFCdoCwxhQj_io1H_BA&utm_medium=link&utm_source=api
https://funnytools.win/en/guides/qr-code-multilingual-switch-testing-guide/,en,guide,general,Unknown,,0,never crawled,2026-09-03,10,PAGE_FETCH_STATE_UNSPECIFIED,https://search.google.com/search-console/inspect?resource_id=sc-domain:funnytools.win&id=v3llHm2C8AB8g4AK3xTMKw&utm_medium=link&utm_source=api
https://funnytools.win/en/guides/qr-code-payload-length-guide/,en,guide,general,Unknown,,0,never crawled,2026-09-03,10,PAGE_FETCH_STATE_UNSPECIFIED,https://search.google.com/search-console/inspect?resource_id=sc-domain:funnytools.win&id=YLpF74YyuTw0_cx7nQ-1XA&utm_medium=link&utm_source=api
https://funnytools.win/en/guides/qr-code-scan-failure-field-troubleshooting-guide/,en,guide,general,Unknown,,0,never crawled,2026-09-03,10,PAGE_FETCH_STATE_UNSPECIFIED,https://search.google.com/search-console/inspect?resource_id=sc-domain:funnytools.win&id=pdhugKljexuAx3pYjg3VIA&utm_medium=link&utm_source=api
https://funnytools.win/en/guides/qr-code-utm-campaign-link-guide/,en,guide,general,Unknown,,0,never crawled,2026-09-03,10,PAGE_FETCH_STATE_UNSPECIFIED,https://search.google.com/search-console/inspect?resource_id=sc-domain:funnytools.win&id=Ibsl2ND6oLue64Q_dl_skQ&utm_medium=link&utm_source=api
https://funnytools.win/en/guides/seating-chart-changeover-routine-guide/,en,guide,drawing,Unknown,,0,never crawled,2026-09-03,10,PAGE_FETCH_STATE_UNSPECIFIED,https://search.google.com/search-console/inspect?resource_id=sc-domain:funnytools.win&id=HORhGRGlTT0MXyouqcgv5w&utm_medium=link&utm_source=api
https://funnytools.win/en/guides/seating-chart-student-needs-intake-guide/,en,guide,drawing,Unknown,,0,never crawled,2026-09-03,10,PAGE_FETCH_STATE_UNSPECIFIED,https://search.google.com/search-console/inspect?resource_id=sc-domain:funnytools.win&id=UxADZypgWsXyPrK34_X_Yw&utm_medium=link&utm_source=api
https://funnytools.win/en/guides/split-pdf-output-naming-batch-delivery-guide/,en,guide,pdf,Unknown,,0,never crawled,2026-09-03,10,PAGE_FETCH_STATE_UNSPECIFIED,https://search.google.com/search-console/inspect?resource_id=sc-domain:funnytools.win&id=aExPkGyP_dCa3_OF9zDMJg&utm_medium=link&utm_source=api
https://funnytools.win/en/guides/split-pdf-page-range-planning-guide/,en,guide,pdf,Unknown,,0,never crawled,2026-09-03,10,PAGE_FETCH_STATE_UNSPECIFIED,https://search.google.com/search-console/inspect?resource_id=sc-domain:funnytools.win&id=eCxdxu7z9GsfIEgJKRL7vQ&utm_medium=link&utm_source=api
https://funnytools.win/en/guides/spss-levene-test-guide/,en,guide,statistics,Crawled Not Indexed,2026-08-13T13:21:28Z,30,15–30 days,2026-06-25,80,SUCCESSFUL,https://search.google.com/search-console/inspect?resource_id=sc-domain:funnytools.win&id=t5ipsbmw25N3Bnp-v4sMsw&utm_medium=link&utm_source=api
https://funnytools.win/en/guides/t-score-calculator-guide/,en,guide,statistics,Crawled Not Indexed,2026-08-19T08:46:34Z,24,15–30 days,2026-06-25,80,SUCCESSFUL,https://search.google.com/search-console/inspect?resource_id=sc-domain:funnytools.win&id=fsVRA3rnCxVO_197z-2ZXA&utm_medium=link&utm_source=api
https://funnytools.win/en/guides/t-test-apa-format-guide/,en,guide,general,Crawled Not Indexed,2026-08-16T16:09:50Z,27,15–30 days,2026-06-25,80,SUCCESSFUL,https://search.google.com/search-console/inspect?resource_id=sc-domain:funnytools.win&id=BPR1p8SDiyou6015S6wVLg&utm_medium=link&utm_source=api
https://funnytools.win/en/guides/teacher-exam-weighted-score-guide/,en,guide,statistics,Crawled Not Indexed,2026-08-19T06:16:34Z,25,15–30 days,2026-06-25,80,SUCCESSFUL,https://search.google.com/search-console/inspect?resource_id=sc-domain:funnytools.win&id=1-uE7HpLLd4PRkbd4BE38g&utm_medium=link&utm_source=api
https://funnytools.win/en/guides/two-way-anova-interaction-guide/,en,guide,statistics,Unknown,,0,never crawled,2026-06-25,80,PAGE_FETCH_STATE_UNSPECIFIED,https://search.google.com/search-console/inspect?resource_id=sc-domain:funnytools.win&id=P0qSiD_wXVD0mKAPEFOtCA&utm_medium=link&utm_source=api
https://funnytools.win/en/guides/word-count-essay-limits-guide/,en,guide,text,Unknown,,0,never crawled,2026-07-19,56,PAGE_FETCH_STATE_UNSPECIFIED,https://search.google.com/search-console/inspect?resource_id=sc-domain:funnytools.win&id=Vr-GLt2fjzL49hqhKxbQvA&utm_medium=link&utm_source=api
https://funnytools.win/en/guides/z-score-calculator-guide/,en,guide,statistics,Crawled Not Indexed,2026-08-13T01:25:17Z,31,>30 days,2026-06-25,80,SUCCESSFUL,https://search.google.com/search-console/inspect?resource_id=sc-domain:funnytools.win&id=E_uvP6Oq7Q5FtpNolonSxQ&utm_medium=link&utm_source=api
https://funnytools.win/en/privacy/,en,legal,general,Crawled Not Indexed,2026-08-18T14:01:33Z,25,15–30 days,2026-09-02,11,SUCCESSFUL,https://search.google.com/search-console/inspect?resource_id=sc-domain:funnytools.win&id=PqgJmFBAbhLuX3hfz9IdoA&utm_medium=link&utm_source=api
https://funnytools.win/en/shop/,en,support,general,Unknown,,0,never crawled,2026-09-02,11,PAGE_FETCH_STATE_UNSPECIFIED,https://search.google.com/search-console/inspect?resource_id=sc-domain:funnytools.win&id=v20K1xS6wM0XkNsYg3d95g&utm_medium=link&utm_source=api
https://funnytools.win/en/support/,en,support,general,Crawled Not Indexed,2026-07-31T03:45:52Z,44,>30 days,2026-09-02,11,SUCCESSFUL,https://search.google.com/search-console/inspect?resource_id=sc-domain:funnytools.win&id=ncrpbHZl5JuiMOa8qyIAvg&utm_medium=link&utm_source=api
https://funnytools.win/en/terms/,en,legal,general,Crawled Not Indexed,2026-08-22T01:03:55Z,22,15–30 days,2026-07-31,44,SUCCESSFUL,https://search.google.com/search-console/inspect?resource_id=sc-domain:funnytools.win&id=iib_6Gv6lQSpCzEv1DWTIg&utm_medium=link&utm_source=api
https://funnytools.win/en/tools/,en,hub,general,Crawled Not Indexed,2026-08-19T15:44:57Z,24,15–30 days,2026-09-02,11,SUCCESSFUL,https://search.google.com/search-console/inspect?resource_id=sc-domain:funnytools.win&id=22X66-TLQdMAyhVGPFwQWg&utm_medium=link&utm_source=api
https://funnytools.win/en/tools/age-calculator/,en,tool,time,Unknown,,0,never crawled,2026-09-03,10,PAGE_FETCH_STATE_UNSPECIFIED,https://search.google.com/search-console/inspect?resource_id=sc-domain:funnytools.win&id=deiplSRQKcEI3Jk8Jbbfjw&utm_medium=link&utm_source=api
https://funnytools.win/en/tools/apa-7-report-generator/,en,tool,statistics,Unknown,,0,never crawled,2026-09-03,10,PAGE_FETCH_STATE_UNSPECIFIED,https://search.google.com/search-console/inspect?resource_id=sc-domain:funnytools.win&id=QryTgzrMI0HsXxTBQkqmgQ&utm_medium=link&utm_source=api
https://funnytools.win/en/tools/bar-chart-maker/,en,tool,draw,Unknown,,0,never crawled,2026-09-03,10,PAGE_FETCH_STATE_UNSPECIFIED,https://search.google.com/search-console/inspect?resource_id=sc-domain:funnytools.win&id=p2e49-2ptWwyRCeuf1Jblg&utm_medium=link&utm_source=api
https://funnytools.win/en/tools/barcode-generator/,en,tool,image,Unknown,,0,never crawled,2026-09-03,10,PAGE_FETCH_STATE_UNSPECIFIED,https://search.google.com/search-console/inspect?resource_id=sc-domain:funnytools.win&id=9d35n-G9Hkgej5S6-LQdbw&utm_medium=link&utm_source=api
https://funnytools.win/en/tools/base64/,en,tool,text,Crawled Not Indexed,2026-08-21T10:00:39Z,22,15–30 days,2026-09-03,10,SUCCESSFUL,https://search.google.com/search-console/inspect?resource_id=sc-domain:funnytools.win&id=zTHNFhIRxoYsuS38oV9bJA&utm_medium=link&utm_source=api
https://funnytools.win/en/tools/break-reminder/,en,tool,time,Crawled Not Indexed,2026-08-19T16:16:15Z,24,15–30 days,2026-09-03,10,SUCCESSFUL,https://search.google.com/search-console/inspect?resource_id=sc-domain:funnytools.win&id=_QRvIj3JQJT42VJpJEjONA&utm_medium=link&utm_source=api
https://funnytools.win/en/tools/bulk-image-compressor/,en,tool,image,Unknown,,0,never crawled,2026-09-03,10,PAGE_FETCH_STATE_UNSPECIFIED,https://search.google.com/search-console/inspect?resource_id=sc-domain:funnytools.win&id=w-8XAq4HZWkXC8W3agcTiA&utm_medium=link&utm_source=api
https://funnytools.win/en/tools/business-days/,en,tool,time,Crawled Not Indexed,2026-08-21T17:43:31Z,22,15–30 days,2026-09-03,10,SUCCESSFUL,https://search.google.com/search-console/inspect?resource_id=sc-domain:funnytools.win&id=bL2obD-CXbR_mvVieSSKDA&utm_medium=link&utm_source=api
https://funnytools.win/en/tools/cad-2d/,en,tool,draw,Crawled Not Indexed,2026-08-23T05:32:30Z,21,15–30 days,2026-09-03,10,SUCCESSFUL,https://search.google.com/search-console/inspect?resource_id=sc-domain:funnytools.win&id=Vz1nV-GI5eFmTcKVZuMKsA&utm_medium=link&utm_source=api
https://funnytools.win/en/tools/case-converter/,en,tool,text,Crawled Not Indexed,2026-08-15T19:02:53Z,28,15–30 days,2026-09-03,10,SUCCESSFUL,https://search.google.com/search-console/inspect?resource_id=sc-domain:funnytools.win&id=xdmNVvsMcJxuJZG3eVi9Og&utm_medium=link&utm_source=api
https://funnytools.win/en/tools/character-counter/,en,tool,text,Crawled Not Indexed,2026-08-17T18:59:30Z,26,15–30 days,2026-09-03,10,SUCCESSFUL,https://search.google.com/search-console/inspect?resource_id=sc-domain:funnytools.win&id=G0lCBeqAEm_dDIByffVv4Q&utm_medium=link&utm_source=api
https://funnytools.win/en/tools/class-rank-percentile-calculator/,en,tool,statistics,Crawled Not Indexed,2026-08-17T03:08:52Z,27,15–30 days,2026-09-10,3,SUCCESSFUL,https://search.google.com/search-console/inspect?resource_id=sc-domain:funnytools.win&id=1U_URat-oJS9biC8cEf4Ew&utm_medium=link&utm_source=api
https://funnytools.win/en/tools/color-generator/,en,tool,random,Crawled Not Indexed,2026-08-21T07:02:39Z,23,15–30 days,2026-09-03,10,SUCCESSFUL,https://search.google.com/search-console/inspect?resource_id=sc-domain:funnytools.win&id=QVghFgG4w-BeC4bWedZeqg&utm_medium=link&utm_source=api
https://funnytools.win/en/tools/compound-interest/,en,tool,money,Crawled Not Indexed,2026-08-17T16:28:57Z,26,15–30 days,2026-09-03,10,SUCCESSFUL,https://search.google.com/search-console/inspect?resource_id=sc-domain:funnytools.win&id=noHdIHtT8qnThQqq6OZcDQ&utm_medium=link&utm_source=api
https://funnytools.win/en/tools/countdown-timer/,en,tool,time,Crawled Not Indexed,2026-08-07T14:09:21Z,36,>30 days,2026-09-03,10,SUCCESSFUL,https://search.google.com/search-console/inspect?resource_id=sc-domain:funnytools.win&id=9YH4EYczTyrb8K-11mjUHg&utm_medium=link&utm_source=api
https://funnytools.win/en/tools/cronbach-alpha-calculator/,en,tool,statistics,Crawled Not Indexed,2026-08-02T13:44:13Z,41,>30 days,2026-09-03,10,SUCCESSFUL,https://search.google.com/search-console/inspect?resource_id=sc-domain:funnytools.win&id=GzWLFTcdsiLDQDRwx4q84Q&utm_medium=link&utm_source=api
https://funnytools.win/en/tools/csv-to-json/,en,tool,text,Crawled Not Indexed,2026-08-18T21:52:26Z,25,15–30 days,2026-09-03,10,SUCCESSFUL,https://search.google.com/search-console/inspect?resource_id=sc-domain:funnytools.win&id=O9RQnySqK6re38AmBkuCyw&utm_medium=link&utm_source=api
https://funnytools.win/en/tools/date-difference/,en,tool,time,Crawled Not Indexed,2026-08-15T17:47:51Z,28,15–30 days,2026-09-03,10,SUCCESSFUL,https://search.google.com/search-console/inspect?resource_id=sc-domain:funnytools.win&id=zVqIPMNoNL71XE_5ngtLhA&utm_medium=link&utm_source=api
https://funnytools.win/en/tools/delete-pdf-pages/,en,tool,pdf,Crawled Not Indexed,2026-08-15T18:25:24Z,28,15–30 days,2026-09-04,9,SUCCESSFUL,https://search.google.com/search-console/inspect?resource_id=sc-domain:funnytools.win&id=tydc8qs7xcIii-qFHnsVLw&utm_medium=link&utm_source=api
https://funnytools.win/en/tools/dice-roller/,en,tool,random,Crawled Not Indexed,2026-08-19T08:09:04Z,25,15–30 days,2026-09-03,10,SUCCESSFUL,https://search.google.com/search-console/inspect?resource_id=sc-domain:funnytools.win&id=H3dpqH6YrhBCnUuKzaTAmg&utm_medium=link&utm_source=api
https://funnytools.win/en/tools/extract-pdf-pages/,en,tool,pdf,Crawled Not Indexed,2026-08-23T03:53:01Z,21,15–30 days,2026-09-04,9,SUCCESSFUL,https://search.google.com/search-console/inspect?resource_id=sc-domain:funnytools.win&id=RdOvaRsD0CPBUqbagapVAA&utm_medium=link&utm_source=api
https://funnytools.win/en/tools/flowchart/,en,tool,draw,Crawled Not Indexed,2026-08-17T18:52:21Z,26,15–30 days,2026-09-03,10,SUCCESSFUL,https://search.google.com/search-console/inspect?resource_id=sc-domain:funnytools.win&id=aKpqKatof3NUkZ9aNmeGNg&utm_medium=link&utm_source=api
https://funnytools.win/en/tools/gpa-calculator/,en,tool,study,Crawled Not Indexed,2026-08-01T01:53:18Z,43,>30 days,2026-09-04,9,SUCCESSFUL,https://search.google.com/search-console/inspect?resource_id=sc-domain:funnytools.win&id=WfkBZ6IQEYHNJkRjp8P-lw&utm_medium=link&utm_source=api
https://funnytools.win/en/tools/grade-average/,en,tool,statistics,Crawled Not Indexed,2026-08-04T18:35:57Z,39,>30 days,2026-09-10,3,SUCCESSFUL,https://search.google.com/search-console/inspect?resource_id=sc-domain:funnytools.win&id=kn5h7Uqudl74Q7X8e-k2Yg&utm_medium=link&utm_source=api
https://funnytools.win/en/tools/group-generator/,en,tool,study,Crawled Not Indexed,2026-08-17T06:37:54Z,27,15–30 days,2026-09-03,10,SUCCESSFUL,https://search.google.com/search-console/inspect?resource_id=sc-domain:funnytools.win&id=xhcPEtvuYsqz_yVPZ2Haig&utm_medium=link&utm_source=api
https://funnytools.win/en/tools/image-compressor/,en,tool,image,Blocked/Error,2026-07-05T23:14:53Z,69,>30 days,2026-09-03,10,SUCCESSFUL,https://search.google.com/search-console/inspect?resource_id=sc-domain:funnytools.win&id=blGRRdX928DreRHFa9O2dg&utm_medium=link&utm_source=api
https://funnytools.win/en/tools/image-crop/,en,tool,image,Crawled Not Indexed,2026-08-15T02:56:00Z,29,15–30 days,2026-09-03,10,SUCCESSFUL,https://search.google.com/search-console/inspect?resource_id=sc-domain:funnytools.win&id=ZW_h24vRG3iPBESEp5gGLg&utm_medium=link&utm_source=api
https://funnytools.win/en/tools/image-resizer/,en,tool,image,Unknown,,0,never crawled,2026-09-03,10,PAGE_FETCH_STATE_UNSPECIFIED,https://search.google.com/search-console/inspect?resource_id=sc-domain:funnytools.win&id=trMv7jGD6KUF7XLrwt3iig&utm_medium=link&utm_source=api
https://funnytools.win/en/tools/image-rotate-flip/,en,tool,image,Crawled Not Indexed,2026-08-19T11:54:04Z,24,15–30 days,2026-09-03,10,SUCCESSFUL,https://search.google.com/search-console/inspect?resource_id=sc-domain:funnytools.win&id=1UWyony99BG9MhqKdYuwAg&utm_medium=link&utm_source=api
https://funnytools.win/en/tools/image-to-base64/,en,tool,image,Crawled Not Indexed,2026-08-22T01:17:23Z,22,15–30 days,2026-09-03,10,SUCCESSFUL,https://search.google.com/search-console/inspect?resource_id=sc-domain:funnytools.win&id=u2bt77hMs39UKzX2U7dscw&utm_medium=link&utm_source=api
https://funnytools.win/en/tools/image-to-dxf/,en,tool,draw,Unknown,,0,never crawled,2026-09-03,10,PAGE_FETCH_STATE_UNSPECIFIED,https://search.google.com/search-console/inspect?resource_id=sc-domain:funnytools.win&id=O6eciqijv755GTExAJb2tQ&utm_medium=link&utm_source=api
https://funnytools.win/en/tools/images-to-pdf/,en,tool,pdf,Crawled Not Indexed,2026-08-25T01:58:19Z,19,15–30 days,2026-09-04,9,SUCCESSFUL,https://search.google.com/search-console/inspect?resource_id=sc-domain:funnytools.win&id=9fJt37Q3toTTRhBtOfgiOw&utm_medium=link&utm_source=api
https://funnytools.win/en/tools/independent-samples-t-test-calculator/,en,tool,statistics,Crawled Not Indexed,2026-08-18T21:26:39Z,25,15–30 days,2026-09-10,3,SUCCESSFUL,https://search.google.com/search-console/inspect?resource_id=sc-domain:funnytools.win&id=fSCvrzuCVq7rksn-eX0aKA&utm_medium=link&utm_source=api
https://funnytools.win/en/tools/inflation/,en,tool,money,Crawled Not Indexed,2026-08-21T05:56:54Z,23,15–30 days,2026-09-04,9,SUCCESSFUL,https://search.google.com/search-console/inspect?resource_id=sc-domain:funnytools.win&id=WBrAC9WkeEQIfrVuNCqVmw&utm_medium=link&utm_source=api
https://funnytools.win/en/tools/jpg-to-png/,en,tool,image,Crawled Not Indexed,2026-08-17T08:17:53Z,27,15–30 days,2026-09-03,10,SUCCESSFUL,https://search.google.com/search-console/inspect?resource_id=sc-domain:funnytools.win&id=teBycc-7sKFmwQHqdkJdEA&utm_medium=link&utm_source=api
https://funnytools.win/en/tools/jpg-to-webp/,en,tool,image,Crawled Not Indexed,2026-08-15T02:56:01Z,29,15–30 days,2026-09-03,10,SUCCESSFUL,https://search.google.com/search-console/inspect?resource_id=sc-domain:funnytools.win&id=M1fq9vVPNZYIXPrfVDzfog&utm_medium=link&utm_source=api
https://funnytools.win/en/tools/json-formatter/,en,tool,text,Crawled Not Indexed,2026-08-08T07:35:58Z,36,>30 days,2026-09-03,10,SUCCESSFUL,https://search.google.com/search-console/inspect?resource_id=sc-domain:funnytools.win&id=9zB1vZ7brk7ojR0F7mK_uQ&utm_medium=link&utm_source=api
https://funnytools.win/en/tools/json-to-csv/,en,tool,text,Crawled Not Indexed,2026-08-16T23:48:03Z,27,15–30 days,2026-09-03,10,SUCCESSFUL,https://search.google.com/search-console/inspect?resource_id=sc-domain:funnytools.win&id=bcgknqd-hO1HW0xi7Hyc_w&utm_medium=link&utm_source=api
https://funnytools.win/en/tools/markdown-previewer/,en,tool,text,Crawled Not Indexed,2026-08-16T06:19:10Z,28,15–30 days,2026-09-03,10,SUCCESSFUL,https://search.google.com/search-console/inspect?resource_id=sc-domain:funnytools.win&id=z7oLYgDHw6QtWaR8pVQ0gw&utm_medium=link&utm_source=api
https://funnytools.win/en/tools/merge-pdf/,en,tool,pdf,Crawled Not Indexed,2026-08-23T03:32:46Z,21,15–30 days,2026-09-03,10,SUCCESSFUL,https://search.google.com/search-console/inspect?resource_id=sc-domain:funnytools.win&id=jZB92-PCkimJeQTDe5vl4Q&utm_medium=link&utm_source=api
https://funnytools.win/en/tools/mortgage-payment/,en,tool,money,Crawled Not Indexed,2026-08-23T21:52:06Z,20,15–30 days,2026-09-03,10,SUCCESSFUL,https://search.google.com/search-console/inspect?resource_id=sc-domain:funnytools.win&id=AEJPksKEdeLYkVq6SrsEkw&utm_medium=link&utm_source=api
https://funnytools.win/en/tools/net-salary/,en,tool,money,Crawled Not Indexed,2026-08-17T07:34:16Z,27,15–30 days,2026-09-03,10,SUCCESSFUL,https://search.google.com/search-console/inspect?resource_id=sc-domain:funnytools.win&id=zffpwvLdZxSrcCjnss0mBQ&utm_medium=link&utm_source=api
https://funnytools.win/en/tools/normalized-score-converter/,en,tool,statistics,Crawled Not Indexed,2026-08-16T14:05:36Z,27,15–30 days,2026-09-03,10,SUCCESSFUL,https://search.google.com/search-console/inspect?resource_id=sc-domain:funnytools.win&id=R-Ldy73nABRl_8GixWG4nw&utm_medium=link&utm_source=api
https://funnytools.win/en/tools/overtime-pay/,en,tool,money,Crawled Not Indexed,2026-07-31T12:40:38Z,43,>30 days,2026-09-03,10,SUCCESSFUL,https://search.google.com/search-console/inspect?resource_id=sc-domain:funnytools.win&id=cX6tUp6peZNQ226gx4lqZw&utm_medium=link&utm_source=api
https://funnytools.win/en/tools/password-generator/,en,tool,random,Crawled Not Indexed,2026-08-18T03:32:25Z,26,15–30 days,2026-09-03,10,SUCCESSFUL,https://search.google.com/search-console/inspect?resource_id=sc-domain:funnytools.win&id=Ve8YutMI6OdkVnkktPyr2A&utm_medium=link&utm_source=api
https://funnytools.win/en/tools/pdf-compressor/,en,tool,pdf,Crawled Not Indexed,2026-08-17T02:44:22Z,27,15–30 days,2026-09-03,10,SUCCESSFUL,https://search.google.com/search-console/inspect?resource_id=sc-domain:funnytools.win&id=rcv7_Lx_pooo07FuEdm6sA&utm_medium=link&utm_source=api
https://funnytools.win/en/tools/pdf-page-reorder/,en,tool,pdf,Crawled Not Indexed,2026-08-18T05:19:26Z,26,15–30 days,2026-09-03,10,SUCCESSFUL,https://search.google.com/search-console/inspect?resource_id=sc-domain:funnytools.win&id=WQ1Caex-p2umW2UCfAQgtg&utm_medium=link&utm_source=api
https://funnytools.win/en/tools/pdf-table-to-excel/,en,tool,pdf,Unknown,,0,never crawled,2026-09-03,10,PAGE_FETCH_STATE_UNSPECIFIED,https://search.google.com/search-console/inspect?resource_id=sc-domain:funnytools.win&id=LG2zb9LI-aNTQ8cb5XWIsQ&utm_medium=link&utm_source=api
https://funnytools.win/en/tools/pdf-to-image/,en,tool,pdf,Unknown,,0,never crawled,2026-09-03,10,PAGE_FETCH_STATE_UNSPECIFIED,https://search.google.com/search-console/inspect?resource_id=sc-domain:funnytools.win&id=8nIHj9SMfXUSJhfLV8vdJQ&utm_medium=link&utm_source=api
https://funnytools.win/en/tools/pdf-to-word/,en,tool,pdf,Unknown,,0,never crawled,2026-09-03,10,PAGE_FETCH_STATE_UNSPECIFIED,https://search.google.com/search-console/inspect?resource_id=sc-domain:funnytools.win&id=GSyQTf059zWUrddTjRpQ9w&utm_medium=link&utm_source=api
https://funnytools.win/en/tools/percentage-calculator/,en,tool,statistics,Crawled Not Indexed,2026-08-10T03:14:36Z,34,>30 days,2026-09-03,10,SUCCESSFUL,https://search.google.com/search-console/inspect?resource_id=sc-domain:funnytools.win&id=5zd59CSdnRx8VFUGdiiOSQ&utm_medium=link&utm_source=api
https://funnytools.win/en/tools/percentile-rank-calculator/,en,tool,statistics,Crawled Not Indexed,2026-08-09T16:58:09Z,34,>30 days,2026-09-03,10,SUCCESSFUL,https://search.google.com/search-console/inspect?resource_id=sc-domain:funnytools.win&id=CGfvG2D97UNFkfw_v2CbpQ&utm_medium=link&utm_source=api
https://funnytools.win/en/tools/pie-chart-maker/,en,tool,draw,Crawled Not Indexed,2026-08-22T02:36:59Z,22,15–30 days,2026-09-03,10,SUCCESSFUL,https://search.google.com/search-console/inspect?resource_id=sc-domain:funnytools.win&id=WAegVIMfHayJAxSNDIZENA&utm_medium=link&utm_source=api
https://funnytools.win/en/tools/png-to-jpg/,en,tool,image,Crawled Not Indexed,2026-07-30T07:49:21Z,45,>30 days,2026-09-03,10,SUCCESSFUL,https://search.google.com/search-console/inspect?resource_id=sc-domain:funnytools.win&id=JoruiontN3WKTqXOHLu-MA&utm_medium=link&utm_source=api
https://funnytools.win/en/tools/pomodoro-timer/,en,tool,time,Unknown,,0,never crawled,2026-09-03,10,PAGE_FETCH_STATE_UNSPECIFIED,https://search.google.com/search-console/inspect?resource_id=sc-domain:funnytools.win&id=u_OLkx9Q5N3aMXfOa_3yLA&utm_medium=link&utm_source=api
https://funnytools.win/en/tools/qr-code-generator/,en,tool,image,Unknown,,0,never crawled,2026-09-03,10,PAGE_FETCH_STATE_UNSPECIFIED,https://search.google.com/search-console/inspect?resource_id=sc-domain:funnytools.win&id=p-9TlTdKzzLRIVo1uoXBtQ&utm_medium=link&utm_source=api
https://funnytools.win/en/tools/random-group-generator/,en,tool,random,Unknown,,0,never crawled,2026-09-03,10,PAGE_FETCH_STATE_UNSPECIFIED,https://search.google.com/search-console/inspect?resource_id=sc-domain:funnytools.win&id=SfaXVqUHFNET7uWunay6TA&utm_medium=link&utm_source=api
https://funnytools.win/en/tools/random-name-picker/,en,tool,random,Crawled Not Indexed,2026-08-22T01:03:54Z,22,15–30 days,2026-09-03,10,SUCCESSFUL,https://search.google.com/search-console/inspect?resource_id=sc-domain:funnytools.win&id=hYrzCE7Trit2vfQ-K43tgA&utm_medium=link&utm_source=api
https://funnytools.win/en/tools/random-number-picker/,en,tool,random,Crawled Not Indexed,2026-08-01T01:53:16Z,43,>30 days,2026-09-03,10,SUCCESSFUL,https://search.google.com/search-console/inspect?resource_id=sc-domain:funnytools.win&id=7wx2Nnnh8iQ1C_kaByOfpQ&utm_medium=link&utm_source=api
https://funnytools.win/en/tools/random-student-picker/,en,tool,study,Unknown,,0,never crawled,2026-09-03,10,PAGE_FETCH_STATE_UNSPECIFIED,https://search.google.com/search-console/inspect?resource_id=sc-domain:funnytools.win&id=SzjDBEcj3onAfJlOd86GPw&utm_medium=link&utm_source=api
https://funnytools.win/en/tools/random-wheel/,en,tool,random,Crawled Not Indexed,2026-08-09T20:43:09Z,34,>30 days,2026-09-03,10,SUCCESSFUL,https://search.google.com/search-console/inspect?resource_id=sc-domain:funnytools.win&id=Z8-IcUCZ4faVsShmrXXkdg&utm_medium=link&utm_source=api
https://funnytools.win/en/tools/remove-duplicate-lines/,en,tool,text,Crawled Not Indexed,2026-08-18T22:00:49Z,25,15–30 days,2026-09-03,10,SUCCESSFUL,https://search.google.com/search-console/inspect?resource_id=sc-domain:funnytools.win&id=RCoqeGUgE2XvL4XdWJA_sg&utm_medium=link&utm_source=api
https://funnytools.win/en/tools/remove-empty-lines/,en,tool,text,Crawled Not Indexed,2026-08-21T10:57:53Z,22,15–30 days,2026-09-03,10,SUCCESSFUL,https://search.google.com/search-console/inspect?resource_id=sc-domain:funnytools.win&id=yFL5xH3yZlC2Thrp7Utbyg&utm_medium=link&utm_source=api
https://funnytools.win/en/tools/rotate-pdf/,en,tool,pdf,Unknown,,0,never crawled,2026-09-03,10,PAGE_FETCH_STATE_UNSPECIFIED,https://search.google.com/search-console/inspect?resource_id=sc-domain:funnytools.win&id=mYyCUKlh2kq8BQ1uEcHo4w&utm_medium=link&utm_source=api
https://funnytools.win/en/tools/savings-goal/,en,tool,money,Crawled Not Indexed,2026-08-03T14:43:23Z,40,>30 days,2026-09-03,10,SUCCESSFUL,https://search.google.com/search-console/inspect?resource_id=sc-domain:funnytools.win&id=rE1-phKpINsEhQkm-xqckQ&utm_medium=link&utm_source=api
https://funnytools.win/en/tools/seating-chart/,en,tool,study,Crawled Not Indexed,2026-08-23T16:44:46Z,20,15–30 days,2026-09-03,10,SUCCESSFUL,https://search.google.com/search-console/inspect?resource_id=sc-domain:funnytools.win&id=jNYeykowS3eL87Qdk4RHRA&utm_medium=link&utm_source=api
https://funnytools.win/en/tools/sketchpad/,en,tool,draw,Crawled Not Indexed,2026-07-18T18:47:00Z,56,>30 days,2026-09-03,10,SUCCESSFUL,https://search.google.com/search-console/inspect?resource_id=sc-domain:funnytools.win&id=_tzcEKeCSnvVrzFhB8LRjw&utm_medium=link&utm_source=api
https://funnytools.win/en/tools/sort-lines/,en,tool,text,Crawled Not Indexed,2026-07-31T14:56:14Z,43,>30 days,2026-09-03,10,SUCCESSFUL,https://search.google.com/search-console/inspect?resource_id=sc-domain:funnytools.win&id=yibrzuGCP73eFlmvKsxn0A&utm_medium=link&utm_source=api
https://funnytools.win/en/tools/split-pdf/,en,tool,pdf,Crawled Not Indexed,2026-08-18T02:22:46Z,26,15–30 days,2026-09-03,10,SUCCESSFUL,https://search.google.com/search-console/inspect?resource_id=sc-domain:funnytools.win&id=sOFnZSCaFMtP4aXTnM7SYQ&utm_medium=link&utm_source=api
https://funnytools.win/en/tools/spss-result-interpreter/,en,tool,statistics,Unknown,,0,never crawled,2026-09-03,10,PAGE_FETCH_STATE_UNSPECIFIED,https://search.google.com/search-console/inspect?resource_id=sc-domain:funnytools.win&id=xY3-PTmhySJ3K6KKY-9YYQ&utm_medium=link&utm_source=api
https://funnytools.win/en/tools/standard-deviation/,en,tool,statistics,Crawled Not Indexed,2026-08-06T15:49:20Z,37,>30 days,2026-09-03,10,SUCCESSFUL,https://search.google.com/search-console/inspect?resource_id=sc-domain:funnytools.win&id=UCYfS9yjiUdbw_rjdMmgjw&utm_medium=link&utm_source=api
https://funnytools.win/en/tools/stopwatch/,en,tool,time,Unknown,,0,never crawled,2026-09-03,10,PAGE_FETCH_STATE_UNSPECIFIED,https://search.google.com/search-console/inspect?resource_id=sc-domain:funnytools.win&id=Do9PE9cgPt5OuwBnagUpBQ&utm_medium=link&utm_source=api
https://funnytools.win/en/tools/t-score-calculator/,en,tool,statistics,Crawled Not Indexed,2026-08-19T18:35:58Z,24,15–30 days,2026-09-03,10,SUCCESSFUL,https://search.google.com/search-console/inspect?resource_id=sc-domain:funnytools.win&id=5j-YPmkvOQiMXrwrIHuioQ&utm_medium=link&utm_source=api
https://funnytools.win/en/tools/teacher-exam-score-converter/,en,tool,statistics,Crawled Not Indexed,2026-08-13T17:06:13Z,30,15–30 days,2026-09-03,10,SUCCESSFUL,https://search.google.com/search-console/inspect?resource_id=sc-domain:funnytools.win&id=-KpeQJGAdrsPC6LWACjIYg&utm_medium=link&utm_source=api
https://funnytools.win/en/tools/this-or-that/,en,tool,random,Crawled Not Indexed,2026-08-18T22:17:36Z,25,15–30 days,2026-09-03,10,SUCCESSFUL,https://search.google.com/search-console/inspect?resource_id=sc-domain:funnytools.win&id=jlq4kOJgIkzrultvQ8OfBg&utm_medium=link&utm_source=api
https://funnytools.win/en/tools/timestamp-converter/,en,tool,time,Crawled Not Indexed,2026-08-17T14:30:20Z,26,15–30 days,2026-09-03,10,SUCCESSFUL,https://search.google.com/search-console/inspect?resource_id=sc-domain:funnytools.win&id=3z3gsoE-X46JVXY1CxURXA&utm_medium=link&utm_source=api
https://funnytools.win/en/tools/url-encoder/,en,tool,text,Crawled Not Indexed,2026-08-13T19:08:39Z,30,15–30 days,2026-09-03,10,SUCCESSFUL,https://search.google.com/search-console/inspect?resource_id=sc-domain:funnytools.win&id=-6vvqf4bIMXNClvdRXsEnw&utm_medium=link&utm_source=api
https://funnytools.win/en/tools/uuid-generator/,en,tool,random,Crawled Not Indexed,2026-09-07T02:36:47Z,6,<7 days,2026-09-03,10,SUCCESSFUL,https://search.google.com/search-console/inspect?resource_id=sc-domain:funnytools.win&id=nDlFtgo15X-nUk_zAkNegw&utm_medium=link&utm_source=api
https://funnytools.win/en/tools/webp-to-jpg/,en,tool,image,Crawled Not Indexed,2026-08-14T05:56:13Z,30,15–30 days,2026-09-03,10,SUCCESSFUL,https://search.google.com/search-console/inspect?resource_id=sc-domain:funnytools.win&id=2KZahfPXkoamxlNoN9BtBA&utm_medium=link&utm_source=api
https://funnytools.win/en/tools/weighted-average-calculator/,en,tool,statistics,Crawled Not Indexed,2026-08-17T06:07:54Z,27,15–30 days,2026-09-03,10,SUCCESSFUL,https://search.google.com/search-console/inspect?resource_id=sc-domain:funnytools.win&id=fU_cCEuCsRCciFjzOdirHw&utm_medium=link&utm_source=api
https://funnytools.win/en/tools/what-to-eat/,en,tool,random,Crawled Not Indexed,2026-08-19T10:01:34Z,24,15–30 days,2026-09-03,10,SUCCESSFUL,https://search.google.com/search-console/inspect?resource_id=sc-domain:funnytools.win&id=vBQOHTiCllGGsRtq8hhuaA&utm_medium=link&utm_source=api
https://funnytools.win/en/tools/word-counter/,en,tool,text,Crawled Not Indexed,2026-08-10T03:10:56Z,34,>30 days,2026-09-03,10,SUCCESSFUL,https://search.google.com/search-console/inspect?resource_id=sc-domain:funnytools.win&id=Df_nWLPu92yTd5LuoT8jFg&utm_medium=link&utm_source=api
https://funnytools.win/en/tools/z-score-calculator/,en,tool,statistics,Crawled Not Indexed,2026-08-15T05:34:05Z,29,15–30 days,2026-09-03,10,SUCCESSFUL,https://search.google.com/search-console/inspect?resource_id=sc-domain:funnytools.win&id=L_QiL46ahGrHN0M-IxQFlA&utm_medium=link&utm_source=api
https://funnytools.win/en/workflows/,en,hub,drawing,Crawled Not Indexed,2026-08-17T01:30:19Z,27,15–30 days,2026-07-31,44,SUCCESSFUL,https://search.google.com/search-console/inspect?resource_id=sc-domain:funnytools.win&id=w5iAncYi09sGfDSRyDFRtQ&utm_medium=link&utm_source=api
https://funnytools.win/en/workflows/creator-social-toolkit/,en,workflow,general,Crawled Not Indexed,2026-08-23T02:56:33Z,21,15–30 days,2026-09-03,10,SUCCESSFUL,https://search.google.com/search-console/inspect?resource_id=sc-domain:funnytools.win&id=YwuZSCV7tx67hurUgydbEw&utm_medium=link&utm_source=api
https://funnytools.win/en/workflows/daily-decision-toolkit/,en,workflow,general,Unknown,,0,never crawled,2026-09-03,10,PAGE_FETCH_STATE_UNSPECIFIED,https://search.google.com/search-console/inspect?resource_id=sc-domain:funnytools.win&id=udna2Di5dRaVqQZzsc9HUw&utm_medium=link&utm_source=api
https://funnytools.win/en/workflows/graduate-statistics-report-toolkit/,en,workflow,statistics,Crawled Not Indexed,2026-08-19T17:22:29Z,24,15–30 days,2026-09-03,10,SUCCESSFUL,https://search.google.com/search-console/inspect?resource_id=sc-domain:funnytools.win&id=hg12qkppd_P7g-oocF4OEg&utm_medium=link&utm_source=api
https://funnytools.win/en/workflows/office-document-toolkit/,en,workflow,pdf,Crawled Not Indexed,2026-08-23T14:02:58Z,20,15–30 days,2026-09-03,10,SUCCESSFUL,https://search.google.com/search-console/inspect?resource_id=sc-domain:funnytools.win&id=etbIM-agNyObs_pAbA-N7w&utm_medium=link&utm_source=api
https://funnytools.win/en/workflows/student-report-toolkit/,en,workflow,general,Crawled Not Indexed,2026-08-10T07:00:11Z,34,>30 days,2026-09-03,10,SUCCESSFUL,https://search.google.com/search-console/inspect?resource_id=sc-domain:funnytools.win&id=NvjKUyywMMFWdwD6J20CaA&utm_medium=link&utm_source=api
https://funnytools.win/en/workflows/teacher-classroom-random-toolkit/,en,workflow,random,Unknown,,0,never crawled,2026-09-03,10,PAGE_FETCH_STATE_UNSPECIFIED,https://search.google.com/search-console/inspect?resource_id=sc-domain:funnytools.win&id=baKpmQ29BhgpJ1HBTohtgw&utm_medium=link&utm_source=api
https://funnytools.win/en/workflows/teacher-exam-score-toolkit/,en,workflow,statistics,Crawled Not Indexed,2026-08-10T03:03:04Z,34,>30 days,2026-09-03,10,SUCCESSFUL,https://search.google.com/search-console/inspect?resource_id=sc-domain:funnytools.win&id=1Fb3uapQ3z14_FNqCcy5nQ&utm_medium=link&utm_source=api
https://funnytools.win/es/,es,home,general,Indexed,2026-08-27T03:42:42Z,17,15–30 days,2026-09-10,3,SUCCESSFUL,https://search.google.com/search-console/inspect?resource_id=sc-domain:funnytools.win&id=NFPug0Z6gOFYTcKmpD6qWw&utm_medium=link&utm_source=api
https://funnytools.win/es/apoyar-funnytools/,es,support,general,Crawled Not Indexed,2026-08-19T17:32:10Z,24,15–30 days,2026-07-29,46,SUCCESSFUL,https://search.google.com/search-console/inspect?resource_id=sc-domain:funnytools.win&id=uyn50_Pnkc6HwdEf04-OnA&utm_medium=link&utm_source=api
https://funnytools.win/es/aviso-legal/,es,other,general,Crawled Not Indexed,2026-08-19T16:38:20Z,24,15–30 days,2026-07-29,46,SUCCESSFUL,https://search.google.com/search-console/inspect?resource_id=sc-domain:funnytools.win&id=xpRkZeEFRGSnpk6JRvytwg&utm_medium=link&utm_source=api
https://funnytools.win/es/categorias/azar/,es,category,random,Crawled Not Indexed,2026-07-31T17:00:50Z,43,>30 days,2026-07-28,47,SUCCESSFUL,https://search.google.com/search-console/inspect?resource_id=sc-domain:funnytools.win&id=9V2stI_8tF_r2d_pGZVHbA&utm_medium=link&utm_source=api
https://funnytools.win/es/categorias/dibujo/,es,category,draw,Crawled Not Indexed,2026-08-03T16:24:22Z,40,>30 days,2026-07-29,46,SUCCESSFUL,https://search.google.com/search-console/inspect?resource_id=sc-domain:funnytools.win&id=e7-naWyUpDTH9swjQTIC6A&utm_medium=link&utm_source=api
https://funnytools.win/es/categorias/dinero/,es,category,money,Crawled Not Indexed,2026-08-19T18:15:18Z,24,15–30 days,2026-07-28,47,SUCCESSFUL,https://search.google.com/search-console/inspect?resource_id=sc-domain:funnytools.win&id=bDr9YCbPUmBDhySvYwFFcA&utm_medium=link&utm_source=api
https://funnytools.win/es/categorias/estadistica/,es,category,statistics,Crawled Not Indexed,2026-08-20T18:36:57Z,23,15–30 days,2026-07-29,46,SUCCESSFUL,https://search.google.com/search-console/inspect?resource_id=sc-domain:funnytools.win&id=mPgW1sAqQw5O7P-U4X7PPg&utm_medium=link&utm_source=api
https://funnytools.win/es/categorias/estudio/,es,category,study,Unknown,,0,never crawled,2026-07-28,47,PAGE_FETCH_STATE_UNSPECIFIED,https://search.google.com/search-console/inspect?resource_id=sc-domain:funnytools.win&id=KlqYaJJBx8qpedDCDDCouQ&utm_medium=link&utm_source=api
https://funnytools.win/es/categorias/imagen/,es,category,image,Unknown,,0,never crawled,2026-07-29,46,PAGE_FETCH_STATE_UNSPECIFIED,https://search.google.com/search-console/inspect?resource_id=sc-domain:funnytools.win&id=iTDPbtnwfm8CUheO17vJ-g&utm_medium=link&utm_source=api
https://funnytools.win/es/categorias/pdf/,es,category,pdf,Crawled Not Indexed,2026-08-17T05:07:55Z,27,15–30 days,2026-07-29,46,SUCCESSFUL,https://search.google.com/search-console/inspect?resource_id=sc-domain:funnytools.win&id=t3IYc9CdyzkbtReioNmxXg&utm_medium=link&utm_source=api
https://funnytools.win/es/categorias/texto/,es,category,text,Crawled Not Indexed,2026-08-13T12:06:29Z,30,15–30 days,2026-07-29,46,SUCCESSFUL,https://search.google.com/search-console/inspect?resource_id=sc-domain:funnytools.win&id=4np8332APXHDmRAgpYekig&utm_medium=link&utm_source=api
https://funnytools.win/es/categorias/tiempo/,es,category,time,Unknown,,0,never crawled,2026-07-28,47,PAGE_FETCH_STATE_UNSPECIFIED,https://search.google.com/search-console/inspect?resource_id=sc-domain:funnytools.win&id=jrC7eJuHkvT6mcI00OhGQw&utm_medium=link&utm_source=api
https://funnytools.win/es/como-funcionan-las-herramientas/,es,legal,general,Unknown,,0,never crawled,2026-07-29,46,PAGE_FETCH_STATE_UNSPECIFIED,https://search.google.com/search-console/inspect?resource_id=sc-domain:funnytools.win&id=yrEQmhFpDZnomh_xmblMGg&utm_medium=link&utm_source=api
https://funnytools.win/es/condiciones-de-uso/,es,legal,general,Crawled Not Indexed,2026-08-21T17:18:29Z,22,15–30 days,2026-07-29,46,SUCCESSFUL,https://search.google.com/search-console/inspect?resource_id=sc-domain:funnytools.win&id=78v9ihKkwGJZ4f2w0mwxCQ&utm_medium=link&utm_source=api
https://funnytools.win/es/contacto/,es,legal,general,Unknown,,0,never crawled,2026-07-29,46,PAGE_FETCH_STATE_UNSPECIFIED,https://search.google.com/search-console/inspect?resource_id=sc-domain:funnytools.win&id=TLeShk6PqDj5qG_8Z3puTg&utm_medium=link&utm_source=api
https://funnytools.win/es/estadisticas-educativas/,es,other,statistics,Crawled Not Indexed,2026-09-07T00:06:46Z,6,<7 days,2026-07-29,46,SUCCESSFUL,https://search.google.com/search-console/inspect?resource_id=sc-domain:funnytools.win&id=m-7ZPbhuG0zxU5nzAKzMIg&utm_medium=link&utm_source=api
https://funnytools.win/es/flujos/,es,hub,drawing,Unknown,,0,never crawled,2026-07-29,46,PAGE_FETCH_STATE_UNSPECIFIED,https://search.google.com/search-console/inspect?resource_id=sc-domain:funnytools.win&id=MVILFWr0QIWuw07vw6AJtw&utm_medium=link&utm_source=api
https://funnytools.win/es/flujos/actividades-aleatorias-aula/,es,workflow,random,Unknown,,0,never crawled,2026-07-29,46,PAGE_FETCH_STATE_UNSPECIFIED,https://search.google.com/search-console/inspect?resource_id=sc-domain:funnytools.win&id=ICi2giyt8mnUlplCXC1KjQ&utm_medium=link&utm_source=api
https://funnytools.win/es/flujos/calcular-nota-oposicion-docente/,es,workflow,statistics,Unknown,,0,never crawled,2026-07-29,46,PAGE_FETCH_STATE_UNSPECIFIED,https://search.google.com/search-console/inspect?resource_id=sc-domain:funnytools.win&id=T_UjgxtMU688u6lEYZqegA&utm_medium=link&utm_source=api
https://funnytools.win/es/flujos/contenido-redes-sociales/,es,workflow,general,Crawled Not Indexed,2026-08-19T16:25:06Z,24,15–30 days,2026-07-29,46,SUCCESSFUL,https://search.google.com/search-console/inspect?resource_id=sc-domain:funnytools.win&id=zKwNwMrduMlSoZxIldw7-w&utm_medium=link&utm_source=api
https://funnytools.win/es/flujos/decisiones-cotidianas/,es,workflow,general,Unknown,,0,never crawled,2026-07-29,46,PAGE_FETCH_STATE_UNSPECIFIED,https://search.google.com/search-console/inspect?resource_id=sc-domain:funnytools.win&id=aA7nU16TlSrai1Cj7GTwkg&utm_medium=link&utm_source=api
https://funnytools.win/es/flujos/documentos-oficina/,es,workflow,pdf,Crawled Not Indexed,2026-09-04T12:06:18Z,8,7–14 days,2026-07-29,46,SUCCESSFUL,https://search.google.com/search-console/inspect?resource_id=sc-domain:funnytools.win&id=ww3SmB3pd3vxCDVtm76ORg&utm_medium=link&utm_source=api
https://funnytools.win/es/flujos/entrega-informe-estudiantil/,es,workflow,general,Unknown,,0,never crawled,2026-07-29,46,PAGE_FETCH_STATE_UNSPECIFIED,https://search.google.com/search-console/inspect?resource_id=sc-domain:funnytools.win&id=asxLCIfZhAKbKaNRXAANpw&utm_medium=link&utm_source=api
https://funnytools.win/es/flujos/informe-estadistico-investigacion/,es,workflow,statistics,Crawled Not Indexed,2026-08-19T16:29:31Z,24,15–30 days,2026-07-28,47,SUCCESSFUL,https://search.google.com/search-console/inspect?resource_id=sc-domain:funnytools.win&id=J-fpFQLze2oo8ByTYDmVDg&utm_medium=link&utm_source=api
https://funnytools.win/es/guias/,es,hub,general,Unknown,,0,never crawled,2026-07-29,46,PAGE_FETCH_STATE_UNSPECIFIED,https://search.google.com/search-console/inspect?resource_id=sc-domain:funnytools.win&id=PPdCBoTFDZVhvigYXevTQA&utm_medium=link&utm_source=api
https://funnytools.win/es/guias/a4-o-letter-para-imprimir/,es,guide,general,Unknown,,0,never crawled,2026-07-28,47,PAGE_FETCH_STATE_UNSPECIFIED,https://search.google.com/search-console/inspect?resource_id=sc-domain:funnytools.win&id=u5NCe5BSqRYlMLYFt2pGCA&utm_medium=link&utm_source=api
https://funnytools.win/es/guias/agrupamientos-equitativos-aula/,es,guide,random,Crawled Not Indexed,2026-08-17T03:18:30Z,27,15–30 days,2026-07-28,47,SUCCESSFUL,https://search.google.com/search-console/inspect?resource_id=sc-domain:funnytools.win&id=FuuIqIuaXyCXAmhbrpe3FQ&utm_medium=link&utm_source=api
https://funnytools.win/es/guias/anova-formato-apa-7/,es,guide,statistics,Unknown,,0,never crawled,2026-07-28,47,PAGE_FETCH_STATE_UNSPECIFIED,https://search.google.com/search-console/inspect?resource_id=sc-domain:funnytools.win&id=ijZpluIJwV6T64n5SKcf3Q&utm_medium=link&utm_source=api
https://funnytools.win/es/guias/calcular-nota-oposicion-docente/,es,guide,statistics,Crawled Not Indexed,2026-07-30T16:30:20Z,44,>30 days,2026-07-29,46,SUCCESSFUL,https://search.google.com/search-console/inspect?resource_id=sc-domain:funnytools.win&id=IfhtEr_74NdDuzt6ugeiFQ&utm_medium=link&utm_source=api
https://funnytools.win/es/guias/calcular-porcentajes-rapido/,es,guide,general,Unknown,,0,never crawled,2026-07-28,47,PAGE_FETCH_STATE_UNSPECIFIED,https://search.google.com/search-console/inspect?resource_id=sc-domain:funnytools.win&id=OjpuQELhlkXg-0n6e7UYrA&utm_medium=link&utm_source=api
https://funnytools.win/es/guias/codigos-qr-en-el-aula/,es,guide,general,Unknown,,0,never crawled,2026-07-28,47,PAGE_FETCH_STATE_UNSPECIFIED,https://search.google.com/search-console/inspect?resource_id=sc-domain:funnytools.win&id=j90i5pGBq1Hdbq-bnLui9Q&utm_medium=link&utm_source=api
https://funnytools.win/es/guias/comprimir-fotos-para-email/,es,guide,image,Unknown,,0,never crawled,2026-07-28,47,PAGE_FETCH_STATE_UNSPECIFIED,https://search.google.com/search-console/inspect?resource_id=sc-domain:funnytools.win&id=Si7NiA0uVDdDdT4Sc_xITQ&utm_medium=link&utm_source=api
https://funnytools.win/es/guias/contrasena-segura-fuerte/,es,guide,text,Unknown,,0,never crawled,2026-07-29,46,PAGE_FETCH_STATE_UNSPECIFIED,https://search.google.com/search-console/inspect?resource_id=sc-domain:funnytools.win&id=2DjCWeazD9f5TQ3ugt85hA&utm_medium=link&utm_source=api
https://funnytools.win/es/guias/fluidez-tablas-multiplicar/,es,guide,general,Unknown,,0,never crawled,2026-07-29,46,PAGE_FETCH_STATE_UNSPECIFIED,https://search.google.com/search-console/inspect?resource_id=sc-domain:funnytools.win&id=0ehfaOvasaCinD8zIh7j-Q&utm_medium=link&utm_source=api
https://funnytools.win/es/guias/fotos-a-pdf-desde-movil/,es,guide,pdf,Unknown,,0,never crawled,2026-07-28,47,PAGE_FETCH_STATE_UNSPECIFIED,https://search.google.com/search-console/inspect?resource_id=sc-domain:funnytools.win&id=m5ac2I1Q5j-zz7_0ig0pbw&utm_medium=link&utm_source=api
https://funnytools.win/es/guias/grafico-barras-trabajo-escolar/,es,guide,drawing,Unknown,,0,never crawled,2026-07-28,47,PAGE_FETCH_STATE_UNSPECIFIED,https://search.google.com/search-console/inspect?resource_id=sc-domain:funnytools.win&id=DHlUR5vYa782WoORj_fiDA&utm_medium=link&utm_source=api
https://funnytools.win/es/guias/grupos-aleatorios-clase/,es,guide,random,Unknown,,0,never crawled,2026-07-28,47,PAGE_FETCH_STATE_UNSPECIFIED,https://search.google.com/search-console/inspect?resource_id=sc-domain:funnytools.win&id=8XMHttDm3So8YQD_AmiHyg&utm_medium=link&utm_source=api
https://funnytools.win/es/guias/interaccion-anova-dos-factores/,es,guide,statistics,Unknown,,0,never crawled,2026-07-28,47,PAGE_FETCH_STATE_UNSPECIFIED,https://search.google.com/search-console/inspect?resource_id=sc-domain:funnytools.win&id=yTJuEPFzgn7U9Sni1Zw5PQ&utm_medium=link&utm_source=api
https://funnytools.win/es/guias/kb-mb-gb-tb-conversion/,es,guide,general,Unknown,,0,never crawled,2026-07-29,46,PAGE_FETCH_STATE_UNSPECIFIED,https://search.google.com/search-console/inspect?resource_id=sc-domain:funnytools.win&id=oyD4TaLJhkAvHja3jdRqzA&utm_medium=link&utm_source=api
https://funnytools.win/es/guias/limite-palabras-ensayos-examenes/,es,guide,text,Unknown,,0,never crawled,2026-07-28,47,PAGE_FETCH_STATE_UNSPECIFIED,https://search.google.com/search-console/inspect?resource_id=sc-domain:funnytools.win&id=7wWSoEemnJ2UWPSVmdYAKw&utm_medium=link&utm_source=api
https://funnytools.win/es/guias/prueba-levene-spss/,es,guide,statistics,Crawled Not Indexed,2026-08-13T04:04:07Z,31,>30 days,2026-07-28,47,SUCCESSFUL,https://search.google.com/search-console/inspect?resource_id=sc-domain:funnytools.win&id=lshpTiFUcAcDi2eGG4S2fQ&utm_medium=link&utm_source=api
https://funnytools.win/es/guias/prueba-t-formato-apa-7/,es,guide,general,Unknown,,0,never crawled,2026-07-28,47,PAGE_FETCH_STATE_UNSPECIFIED,https://search.google.com/search-console/inspect?resource_id=sc-domain:funnytools.win&id=zFwjR0YXPKVUHUpLzZ-2nQ&utm_medium=link&utm_source=api
https://funnytools.win/es/guias/puntuacion-t-interpretacion/,es,guide,statistics,Crawled Not Indexed,2026-08-02T14:59:12Z,41,>30 days,2026-07-28,47,SUCCESSFUL,https://search.google.com/search-console/inspect?resource_id=sc-domain:funnytools.win&id=qYTWsmZpQ6p-uESueTkHaQ&utm_medium=link&utm_source=api
https://funnytools.win/es/guias/puntuacion-z-interpretacion/,es,guide,statistics,Crawled Not Indexed,2026-08-11T23:03:32Z,32,>30 days,2026-07-28,47,SUCCESSFUL,https://search.google.com/search-console/inspect?resource_id=sc-domain:funnytools.win&id=lJveahFjP0sa1lG_GsI61A&utm_medium=link&utm_source=api
https://funnytools.win/es/guias/rango-percentil-interpretacion/,es,guide,statistics,Unknown,,0,never crawled,2026-07-28,47,PAGE_FETCH_STATE_UNSPECIFIED,https://search.google.com/search-console/inspect?resource_id=sc-domain:funnytools.win&id=nmNT33CMguocd1tcmd5z8w&utm_medium=link&utm_source=api
https://funnytools.win/es/guias/ruleta-sorteos-clase/,es,guide,random,Unknown,,0,never crawled,2026-07-28,47,PAGE_FETCH_STATE_UNSPECIFIED,https://search.google.com/search-console/inspect?resource_id=sc-domain:funnytools.win&id=qaYPQpzyvyOuSi6lWdnMAQ&utm_medium=link&utm_source=api
https://funnytools.win/es/guias/selector-aleatorio-alumnos/,es,guide,random,Unknown,,0,never crawled,2026-07-29,46,PAGE_FETCH_STATE_UNSPECIFIED,https://search.google.com/search-console/inspect?resource_id=sc-domain:funnytools.win&id=eVJQ_IuaKa6fELzSDWTo1w&utm_medium=link&utm_source=api
https://funnytools.win/es/guias/temporizador-clase/,es,guide,time,Crawled Not Indexed,2026-09-09T04:10:53Z,4,<7 days,2026-07-28,47,SUCCESSFUL,https://search.google.com/search-console/inspect?resource_id=sc-domain:funnytools.win&id=cnqJYC7g6uOXivnP6MP1-w&utm_medium=link&utm_source=api
https://funnytools.win/es/guias/unir-pdf-sin-subir-archivos/,es,guide,pdf,Unknown,,0,never crawled,2026-07-28,47,PAGE_FETCH_STATE_UNSPECIFIED,https://search.google.com/search-console/inspect?resource_id=sc-domain:funnytools.win&id=NJX_Q_9GkwSp6a-UWb29GA&utm_medium=link&utm_source=api
https://funnytools.win/es/herramientas/,es,hub,general,Unknown,,0,never crawled,2026-09-02,11,PAGE_FETCH_STATE_UNSPECIFIED,https://search.google.com/search-console/inspect?resource_id=sc-domain:funnytools.win&id=rEC2aZfzorvyHZTEhz8kaQ&utm_medium=link&utm_source=api
https://funnytools.win/es/herramientas/cad-2d-online/,es,tool,draw,Unknown,,0,never crawled,2026-07-29,46,PAGE_FETCH_STATE_UNSPECIFIED,https://search.google.com/search-console/inspect?resource_id=sc-domain:funnytools.win&id=jfq24JE0P-GSTGj85P0bUg&utm_medium=link&utm_source=api
https://funnytools.win/es/herramientas/calculadora-alfa-cronbach/,es,tool,statistics,Crawled Not Indexed,2026-08-19T00:59:18Z,25,15–30 days,2026-07-28,47,SUCCESSFUL,https://search.google.com/search-console/inspect?resource_id=sc-domain:funnytools.win&id=Bay-G47wIz5sndaIBn-2CQ&utm_medium=link&utm_source=api
https://funnytools.win/es/herramientas/calculadora-de-edad/,es,tool,time,Unknown,,0,never crawled,2026-07-29,46,PAGE_FETCH_STATE_UNSPECIFIED,https://search.google.com/search-console/inspect?resource_id=sc-domain:funnytools.win&id=NUyzDt-5fTgMbncPxADrUw&utm_medium=link&utm_source=api
https://funnytools.win/es/herramientas/calculadora-desviacion-estandar/,es,tool,statistics,Crawled Not Indexed,2026-08-08T13:19:57Z,35,>30 days,2026-07-29,46,SUCCESSFUL,https://search.google.com/search-console/inspect?resource_id=sc-domain:funnytools.win&id=SI9Jmm8zGePStOVv7jar5Q&utm_medium=link&utm_source=api
https://funnytools.win/es/herramientas/calculadora-dias-laborables/,es,tool,time,Crawled Not Indexed,2026-08-19T18:06:28Z,24,15–30 days,2026-07-29,46,SUCCESSFUL,https://search.google.com/search-console/inspect?resource_id=sc-domain:funnytools.win&id=qWi3F_PmLpqnqZgm7_emNg&utm_medium=link&utm_source=api
https://funnytools.win/es/herramientas/calculadora-gpa/,es,tool,study,Unknown,,0,never crawled,2026-07-28,47,PAGE_FETCH_STATE_UNSPECIFIED,https://search.google.com/search-console/inspect?resource_id=sc-domain:funnytools.win&id=vpbNkhmXyroO3e5g68R7zQ&utm_medium=link&utm_source=api
https://funnytools.win/es/herramientas/calculadora-hipoteca/,es,tool,money,Crawled Not Indexed,2026-08-23T01:14:06Z,21,15–30 days,2026-07-29,46,SUCCESSFUL,https://search.google.com/search-console/inspect?resource_id=sc-domain:funnytools.win&id=Ri1LiBDXwDIRrEk5-hApiA&utm_medium=link&utm_source=api
https://funnytools.win/es/herramientas/calculadora-horas-extra/,es,tool,money,Unknown,,0,never crawled,2026-07-29,46,PAGE_FETCH_STATE_UNSPECIFIED,https://search.google.com/search-console/inspect?resource_id=sc-domain:funnytools.win&id=yfswA1_XJ0WKzq31ZICNsg&utm_medium=link&utm_source=api
https://funnytools.win/es/herramientas/calculadora-inflacion/,es,tool,money,Crawled Not Indexed,2026-08-20T17:34:39Z,23,15–30 days,2026-09-04,9,SUCCESSFUL,https://search.google.com/search-console/inspect?resource_id=sc-domain:funnytools.win&id=eNmXfpMMYxlU-VRnnTME7g&utm_medium=link&utm_source=api
https://funnytools.win/es/herramientas/calculadora-interes-compuesto/,es,tool,money,Crawled Not Indexed,2026-08-16T16:17:51Z,27,15–30 days,2026-07-29,46,SUCCESSFUL,https://search.google.com/search-console/inspect?resource_id=sc-domain:funnytools.win&id=i7lpHKeuK0paxElbPMXIpw&utm_medium=link&utm_source=api
https://funnytools.win/es/herramientas/calculadora-media-ponderada/,es,tool,statistics,Crawled Not Indexed,2026-08-24T23:49:35Z,19,15–30 days,2026-07-30,45,SUCCESSFUL,https://search.google.com/search-console/inspect?resource_id=sc-domain:funnytools.win&id=DgG1IpsjLDbTJuRMvFabMQ&utm_medium=link&utm_source=api
https://funnytools.win/es/herramientas/calculadora-meta-ahorro/,es,tool,money,Unknown,,0,never crawled,2026-07-29,46,PAGE_FETCH_STATE_UNSPECIFIED,https://search.google.com/search-console/inspect?resource_id=sc-domain:funnytools.win&id=3ROtUs2PoonEoYKFXWpFLg&utm_medium=link&utm_source=api
https://funnytools.win/es/herramientas/calculadora-nota-oposicion-docente/,es,tool,statistics,Crawled Not Indexed,2026-08-09T03:39:10Z,35,>30 days,2026-07-28,47,SUCCESSFUL,https://search.google.com/search-console/inspect?resource_id=sc-domain:funnytools.win&id=Qepo_P29nzgfK3814l5AZw&utm_medium=link&utm_source=api
https://funnytools.win/es/herramientas/calculadora-percentil-ranking-clase/,es,tool,statistics,Crawled Not Indexed,2026-08-20T17:47:22Z,23,15–30 days,2026-09-10,3,SUCCESSFUL,https://search.google.com/search-console/inspect?resource_id=sc-domain:funnytools.win&id=Dy4Ai2eFEdMR6dlvUNoJpg&utm_medium=link&utm_source=api
https://funnytools.win/es/herramientas/calculadora-porcentajes/,es,tool,statistics,Crawled Not Indexed,2026-08-05T14:30:23Z,38,>30 days,2026-07-29,46,SUCCESSFUL,https://search.google.com/search-console/inspect?resource_id=sc-domain:funnytools.win&id=0JCKnv25PMDYyLGsiEOkog&utm_medium=link&utm_source=api
https://funnytools.win/es/herramientas/calculadora-promedio-notas/,es,tool,statistics,Crawled Not Indexed,2026-08-06T06:44:21Z,38,>30 days,2026-09-10,3,SUCCESSFUL,https://search.google.com/search-console/inspect?resource_id=sc-domain:funnytools.win&id=3R1oRbFbMaFgclxBDTTqvA&utm_medium=link&utm_source=api
https://funnytools.win/es/herramientas/calculadora-puntuacion-t/,es,tool,statistics,Crawled Not Indexed,2026-08-07T12:54:21Z,36,>30 days,2026-07-30,45,SUCCESSFUL,https://search.google.com/search-console/inspect?resource_id=sc-domain:funnytools.win&id=ldUcy8q9Ny4-RLWzT9_Nqw&utm_medium=link&utm_source=api
https://funnytools.win/es/herramientas/calculadora-puntuacion-z/,es,tool,statistics,Crawled Not Indexed,2026-09-09T03:45:50Z,4,<7 days,2026-07-30,45,SUCCESSFUL,https://search.google.com/search-console/inspect?resource_id=sc-domain:funnytools.win&id=Asf51zFOVpK44l5OQ6FxQg&utm_medium=link&utm_source=api
https://funnytools.win/es/herramientas/calculadora-rango-percentil/,es,tool,statistics,Unknown,,0,never crawled,2026-07-29,46,PAGE_FETCH_STATE_UNSPECIFIED,https://search.google.com/search-console/inspect?resource_id=sc-domain:funnytools.win&id=OPqL6TTibZh3rlRgBEeXog&utm_medium=link&utm_source=api
https://funnytools.win/es/herramientas/calculadora-sueldo-neto/,es,tool,money,Unknown,,0,never crawled,2026-07-29,46,PAGE_FETCH_STATE_UNSPECIFIED,https://search.google.com/search-console/inspect?resource_id=sc-domain:funnytools.win&id=3KePs011MFZOJ30RK9alug&utm_medium=link&utm_source=api
https://funnytools.win/es/herramientas/calculadora-t-muestras-independientes/,es,tool,statistics,Crawled Not Indexed,2026-08-25T01:33:17Z,19,15–30 days,2026-09-10,3,SUCCESSFUL,https://search.google.com/search-console/inspect?resource_id=sc-domain:funnytools.win&id=q5LdKueGpow0F5vFLjBvqA&utm_medium=link&utm_source=api
https://funnytools.win/es/herramientas/calcular-diferencia-entre-fechas/,es,tool,time,Crawled Not Indexed,2026-08-18T14:51:32Z,25,15–30 days,2026-07-29,46,SUCCESSFUL,https://search.google.com/search-console/inspect?resource_id=sc-domain:funnytools.win&id=ZZ05NergaB7AjH5QUIbIUQ&utm_medium=link&utm_source=api
https://funnytools.win/es/herramientas/codificar-decodificar-base64/,es,tool,text,Unknown,,0,never crawled,2026-07-29,46,PAGE_FETCH_STATE_UNSPECIFIED,https://search.google.com/search-console/inspect?resource_id=sc-domain:funnytools.win&id=vEJj2qVBo3gV2HHvdQCVog&utm_medium=link&utm_source=api
https://funnytools.win/es/herramientas/codificar-decodificar-url/,es,tool,text,Crawled Not Indexed,2026-09-12T03:53:37Z,1,<7 days,2026-07-29,46,SUCCESSFUL,https://search.google.com/search-console/inspect?resource_id=sc-domain:funnytools.win&id=Par--DnYz2Ew20aOl2bMCg&utm_medium=link&utm_source=api
https://funnytools.win/es/herramientas/comprimir-imagenes/,es,tool,image,Unknown,,0,never crawled,2026-07-29,46,PAGE_FETCH_STATE_UNSPECIFIED,https://search.google.com/search-console/inspect?resource_id=sc-domain:funnytools.win&id=aOFQCpzpu1ZZszC3S3BuUA&utm_medium=link&utm_source=api
https://funnytools.win/es/herramientas/comprimir-pdf/,es,tool,pdf,Unknown,,0,never crawled,2026-07-29,46,PAGE_FETCH_STATE_UNSPECIFIED,https://search.google.com/search-console/inspect?resource_id=sc-domain:funnytools.win&id=hzSrLWMaO2Et-4ba3_rLqA&utm_medium=link&utm_source=api
https://funnytools.win/es/herramientas/contador-caracteres/,es,tool,text,Unknown,,0,never crawled,2026-07-29,46,PAGE_FETCH_STATE_UNSPECIFIED,https://search.google.com/search-console/inspect?resource_id=sc-domain:funnytools.win&id=c7-cjqajrxOShagJX7KN2Q&utm_medium=link&utm_source=api
https://funnytools.win/es/herramientas/contador-palabras/,es,tool,text,Unknown,,0,never crawled,2026-07-29,46,PAGE_FETCH_STATE_UNSPECIFIED,https://search.google.com/search-console/inspect?resource_id=sc-domain:funnytools.win&id=ZNolZHZNybJCWNgvY77Ysg&utm_medium=link&utm_source=api
https://funnytools.win/es/herramientas/conversor-puntuaciones-estandarizadas/,es,tool,statistics,Crawled Not Indexed,2026-08-15T03:41:35Z,29,15–30 days,2026-07-28,47,SUCCESSFUL,https://search.google.com/search-console/inspect?resource_id=sc-domain:funnytools.win&id=PIlPYqKqtLhg8EIJgvkOSA&utm_medium=link&utm_source=api
https://funnytools.win/es/herramientas/convertir-csv-a-json/,es,tool,text,Crawled Not Indexed,2026-08-25T02:43:44Z,19,15–30 days,2026-07-29,46,SUCCESSFUL,https://search.google.com/search-console/inspect?resource_id=sc-domain:funnytools.win&id=gagUzjq9LyHN4Da0vhB9Ug&utm_medium=link&utm_source=api
https://funnytools.win/es/herramientas/convertir-imagen-base64/,es,tool,image,Unknown,,0,never crawled,2026-07-29,46,PAGE_FETCH_STATE_UNSPECIFIED,https://search.google.com/search-console/inspect?resource_id=sc-domain:funnytools.win&id=g0A_zpLkPdKZyqyuyu_dTQ&utm_medium=link&utm_source=api
https://funnytools.win/es/herramientas/convertir-imagenes-a-pdf/,es,tool,pdf,Unknown,,0,never crawled,2026-07-29,46,PAGE_FETCH_STATE_UNSPECIFIED,https://search.google.com/search-console/inspect?resource_id=sc-domain:funnytools.win&id=sVVX2pnJjihrACsl3A0jYA&utm_medium=link&utm_source=api
https://funnytools.win/es/herramientas/convertir-jpg-a-png/,es,tool,image,Crawled Not Indexed,2026-08-02T17:00:15Z,41,>30 days,2026-07-29,46,SUCCESSFUL,https://search.google.com/search-console/inspect?resource_id=sc-domain:funnytools.win&id=_GjtXdG-xcenzSJ3UmuAWQ&utm_medium=link&utm_source=api
https://funnytools.win/es/herramientas/convertir-jpg-a-webp/,es,tool,image,Crawled Not Indexed,2026-08-20T15:41:58Z,23,15–30 days,2026-07-29,46,SUCCESSFUL,https://search.google.com/search-console/inspect?resource_id=sc-domain:funnytools.win&id=X8zY9BxyATfPuOANTki3cQ&utm_medium=link&utm_source=api
https://funnytools.win/es/herramientas/convertir-json-a-csv/,es,tool,text,Unknown,,0,never crawled,2026-07-29,46,PAGE_FETCH_STATE_UNSPECIFIED,https://search.google.com/search-console/inspect?resource_id=sc-domain:funnytools.win&id=WN-nr4kBE6rMtSCOG6g0tg&utm_medium=link&utm_source=api
https://funnytools.win/es/herramientas/convertir-mayusculas-minusculas/,es,tool,text,Crawled Not Indexed,2026-08-25T13:01:49Z,18,15–30 days,2026-07-29,46,SUCCESSFUL,https://search.google.com/search-console/inspect?resource_id=sc-domain:funnytools.win&id=fNg4efZRvaVvPI6D3DXWyA&utm_medium=link&utm_source=api
https://funnytools.win/es/herramientas/convertir-pdf-a-imagen/,es,tool,pdf,Unknown,,0,never crawled,2026-07-29,46,PAGE_FETCH_STATE_UNSPECIFIED,https://search.google.com/search-console/inspect?resource_id=sc-domain:funnytools.win&id=RqtJWxF0Fr7jfGaSg0wySQ&utm_medium=link&utm_source=api
https://funnytools.win/es/herramientas/convertir-png-a-jpg/,es,tool,image,Unknown,,0,never crawled,2026-07-29,46,PAGE_FETCH_STATE_UNSPECIFIED,https://search.google.com/search-console/inspect?resource_id=sc-domain:funnytools.win&id=_DnJlZ7u6Lun4NV0aaGgYQ&utm_medium=link&utm_source=api
https://funnytools.win/es/herramientas/convertir-timestamp-unix/,es,tool,time,Crawled Not Indexed,2026-08-08T16:46:59Z,35,>30 days,2026-07-29,46,SUCCESSFUL,https://search.google.com/search-console/inspect?resource_id=sc-domain:funnytools.win&id=9fGCUBuyVasAXgUXCFoYSw&utm_medium=link&utm_source=api
https://funnytools.win/es/herramientas/convertir-webp-a-jpg/,es,tool,image,Unknown,,0,never crawled,2026-07-29,46,PAGE_FETCH_STATE_UNSPECIFIED,https://search.google.com/search-console/inspect?resource_id=sc-domain:funnytools.win&id=bvdlZMy9NPbYgvQThgx0sg&utm_medium=link&utm_source=api
https://funnytools.win/es/herramientas/crear-diagrama-flujo/,es,tool,draw,Crawled Not Indexed,2026-08-19T16:55:53Z,24,15–30 days,2026-07-29,46,SUCCESSFUL,https://search.google.com/search-console/inspect?resource_id=sc-domain:funnytools.win&id=nTundTfecpJ_lCGbDsK_aQ&utm_medium=link&utm_source=api
https://funnytools.win/es/herramientas/crear-grafico-barras/,es,tool,draw,Unknown,,0,never crawled,2026-07-29,46,PAGE_FETCH_STATE_UNSPECIFIED,https://search.google.com/search-console/inspect?resource_id=sc-domain:funnytools.win&id=wtGQwEJwsjdX-HeK_-75jw&utm_medium=link&utm_source=api
https://funnytools.win/es/herramientas/crear-grafico-circular/,es,tool,draw,Unknown,,0,never crawled,2026-07-29,46,PAGE_FETCH_STATE_UNSPECIFIED,https://search.google.com/search-console/inspect?resource_id=sc-domain:funnytools.win&id=EIu02zE6MCM0MFb5JtMgog&utm_medium=link&utm_source=api
https://funnytools.win/es/herramientas/crear-grupos-clase/,es,tool,study,Unknown,,0,never crawled,2026-07-29,46,PAGE_FETCH_STATE_UNSPECIFIED,https://search.google.com/search-console/inspect?resource_id=sc-domain:funnytools.win&id=yJWGPXp9VXefUWGT1Mw9fQ&utm_medium=link&utm_source=api
https://funnytools.win/es/herramientas/crear-plano-asientos-aula/,es,tool,study,Crawled Not Indexed,2026-08-19T18:35:59Z,24,15–30 days,2026-07-29,46,SUCCESSFUL,https://search.google.com/search-console/inspect?resource_id=sc-domain:funnytools.win&id=x-48xcxV-0pqkZRH6U3kJw&utm_medium=link&utm_source=api
https://funnytools.win/es/herramientas/cronometro-online/,es,tool,time,Unknown,,0,never crawled,2026-07-29,46,PAGE_FETCH_STATE_UNSPECIFIED,https://search.google.com/search-console/inspect?resource_id=sc-domain:funnytools.win&id=TMi7jCKx1llU0Flxtu8kaQ&utm_medium=link&utm_source=api
https://funnytools.win/es/herramientas/decidir-entre-dos-opciones/,es,tool,random,Crawled Not Indexed,2026-08-10T15:40:43Z,33,>30 days,2026-07-29,46,SUCCESSFUL,https://search.google.com/search-console/inspect?resource_id=sc-domain:funnytools.win&id=vESwRADFqgaRfxFRmupFmQ&utm_medium=link&utm_source=api
https://funnytools.win/es/herramientas/dividir-pdf/,es,tool,pdf,Crawled Not Indexed,2026-08-16T15:31:25Z,27,15–30 days,2026-07-29,46,SUCCESSFUL,https://search.google.com/search-console/inspect?resource_id=sc-domain:funnytools.win&id=UYyTMMiKXyTNg_HWCI6vZw&utm_medium=link&utm_source=api
https://funnytools.win/es/herramientas/editor-markdown-online/,es,tool,text,Crawled Not Indexed,2026-08-19T16:20:40Z,24,15–30 days,2026-07-29,46,SUCCESSFUL,https://search.google.com/search-console/inspect?resource_id=sc-domain:funnytools.win&id=DIv34Fshqk_SaQm0p9jVDw&utm_medium=link&utm_source=api
https://funnytools.win/es/herramientas/eliminar-lineas-duplicadas/,es,tool,text,Unknown,,0,never crawled,2026-07-29,46,PAGE_FETCH_STATE_UNSPECIFIED,https://search.google.com/search-console/inspect?resource_id=sc-domain:funnytools.win&id=gD3z_8wsoNWg4tXNsK9R7A&utm_medium=link&utm_source=api
https://funnytools.win/es/herramientas/eliminar-lineas-vacias/,es,tool,text,Crawled Not Indexed,2026-09-02T04:44:11Z,11,7–14 days,2026-07-29,46,SUCCESSFUL,https://search.google.com/search-console/inspect?resource_id=sc-domain:funnytools.win&id=T1TRUrZbGzLvwWoXtyuLZA&utm_medium=link&utm_source=api
https://funnytools.win/es/herramientas/eliminar-paginas-pdf/,es,tool,pdf,Unknown,,0,never crawled,2026-07-29,46,PAGE_FETCH_STATE_UNSPECIFIED,https://search.google.com/search-console/inspect?resource_id=sc-domain:funnytools.win&id=6TtsztAUbknB0PfWBTZ4qw&utm_medium=link&utm_source=api
https://funnytools.win/es/herramientas/extraer-paginas-pdf/,es,tool,pdf,Crawled Not Indexed,2026-07-30T17:20:19Z,44,>30 days,2026-07-29,46,SUCCESSFUL,https://search.google.com/search-console/inspect?resource_id=sc-domain:funnytools.win&id=9ql1W6tA6KiD3VfTMr9Nnw&utm_medium=link&utm_source=api
https://funnytools.win/es/herramientas/formatear-validar-json/,es,tool,text,Unknown,,0,never crawled,2026-07-29,46,PAGE_FETCH_STATE_UNSPECIFIED,https://search.google.com/search-console/inspect?resource_id=sc-domain:funnytools.win&id=JjSwTxy9HdCL61uF5CQKqw&utm_medium=link&utm_source=api
https://funnytools.win/es/herramientas/generador-codigo-barras/,es,tool,image,Unknown,,0,never crawled,2026-07-29,46,PAGE_FETCH_STATE_UNSPECIFIED,https://search.google.com/search-console/inspect?resource_id=sc-domain:funnytools.win&id=J6VC5fMzA6dKjLiNoujbMA&utm_medium=link&utm_source=api
https://funnytools.win/es/herramientas/generador-codigo-qr/,es,tool,image,Unknown,,0,never crawled,2026-07-29,46,PAGE_FETCH_STATE_UNSPECIFIED,https://search.google.com/search-console/inspect?resource_id=sc-domain:funnytools.win&id=dMYzmxGWDbWPmT7s15XdLg&utm_medium=link&utm_source=api
https://funnytools.win/es/herramientas/generador-colores-hex-rgb-hsl/,es,tool,random,Unknown,,0,never crawled,2026-07-29,46,PAGE_FETCH_STATE_UNSPECIFIED,https://search.google.com/search-console/inspect?resource_id=sc-domain:funnytools.win&id=ScGrlNUgKtNi8STdAvwWyw&utm_medium=link&utm_source=api
https://funnytools.win/es/herramientas/generador-contrasenas-seguras/,es,tool,random,Unknown,,0,never crawled,2026-07-29,46,PAGE_FETCH_STATE_UNSPECIFIED,https://search.google.com/search-console/inspect?resource_id=sc-domain:funnytools.win&id=akOWlRAXjNtyLhdbMx1Xzw&utm_medium=link&utm_source=api
https://funnytools.win/es/herramientas/generador-grupos-aleatorios/,es,tool,random,Unknown,,0,never crawled,2026-07-29,46,PAGE_FETCH_STATE_UNSPECIFIED,https://search.google.com/search-console/inspect?resource_id=sc-domain:funnytools.win&id=aQ_nCSSh8s_Zg8gdVzQ2qg&utm_medium=link&utm_source=api
https://funnytools.win/es/herramientas/generador-informe-apa-7/,es,tool,statistics,Unknown,,0,never crawled,2026-07-28,47,PAGE_FETCH_STATE_UNSPECIFIED,https://search.google.com/search-console/inspect?resource_id=sc-domain:funnytools.win&id=irHHdr7kOZHUqAlLgJUt8g&utm_medium=link&utm_source=api
https://funnytools.win/es/herramientas/generador-numeros-aleatorios/,es,tool,random,Crawled Not Indexed,2026-08-19T19:04:56Z,24,15–30 days,2026-07-29,46,SUCCESSFUL,https://search.google.com/search-console/inspect?resource_id=sc-domain:funnytools.win&id=gDLgObLAQ9qVZI58moxLlA&utm_medium=link&utm_source=api
https://funnytools.win/es/herramientas/generador-uuid-v4/,es,tool,random,Unknown,,0,never crawled,2026-07-29,46,PAGE_FETCH_STATE_UNSPECIFIED,https://search.google.com/search-console/inspect?resource_id=sc-domain:funnytools.win&id=wkj93X6XX93RRUGPapMhAA&utm_medium=link&utm_source=api
https://funnytools.win/es/herramientas/interpretar-resultados-spss/,es,tool,statistics,Unknown,,0,never crawled,2026-07-28,47,PAGE_FETCH_STATE_UNSPECIFIED,https://search.google.com/search-console/inspect?resource_id=sc-domain:funnytools.win&id=dRFMVtDPSW658hhZ1YtxhA&utm_medium=link&utm_source=api
https://funnytools.win/es/herramientas/ordenar-lineas-texto/,es,tool,text,Unknown,,0,never crawled,2026-07-29,46,PAGE_FETCH_STATE_UNSPECIFIED,https://search.google.com/search-console/inspect?resource_id=sc-domain:funnytools.win&id=ROTuHN_DUknVUYpprSgL_A&utm_medium=link&utm_source=api
https://funnytools.win/es/herramientas/ordenar-paginas-pdf/,es,tool,pdf,Crawled Not Indexed,2026-08-09T04:10:06Z,35,>30 days,2026-07-29,46,SUCCESSFUL,https://search.google.com/search-console/inspect?resource_id=sc-domain:funnytools.win&id=_WX-yfMgqTZnAxcYm7ASjQ&utm_medium=link&utm_source=api
https://funnytools.win/es/herramientas/pizarra-dibujo-online/,es,tool,draw,Crawled Not Indexed,2026-07-31T00:35:44Z,44,>30 days,2026-07-29,46,SUCCESSFUL,https://search.google.com/search-console/inspect?resource_id=sc-domain:funnytools.win&id=JJ1a8xNmwYh0LNCW0CEjpA&utm_medium=link&utm_source=api
https://funnytools.win/es/herramientas/que-comer-hoy/,es,tool,random,Crawled Not Indexed,2026-09-12T02:38:38Z,1,<7 days,2026-07-29,46,SUCCESSFUL,https://search.google.com/search-console/inspect?resource_id=sc-domain:funnytools.win&id=1iRtcyYjRCBDfheDkuFZug&utm_medium=link&utm_source=api
https://funnytools.win/es/herramientas/recordatorio-descansos/,es,tool,time,Crawled Not Indexed,2026-08-04T05:44:47Z,40,>30 days,2026-07-29,46,SUCCESSFUL,https://search.google.com/search-console/inspect?resource_id=sc-domain:funnytools.win&id=mTWBZfcUKjPg1kjg_DUmGg&utm_medium=link&utm_source=api
https://funnytools.win/es/herramientas/recortar-imagen/,es,tool,image,Unknown,,0,never crawled,2026-07-29,46,PAGE_FETCH_STATE_UNSPECIFIED,https://search.google.com/search-console/inspect?resource_id=sc-domain:funnytools.win&id=O9BnPjVoNbV80XQHKEDl7A&utm_medium=link&utm_source=api
https://funnytools.win/es/herramientas/redimensionar-imagen/,es,tool,image,Unknown,,0,never crawled,2026-07-29,46,PAGE_FETCH_STATE_UNSPECIFIED,https://search.google.com/search-console/inspect?resource_id=sc-domain:funnytools.win&id=lt9QaX_yJ9m7WeX95Sj2yg&utm_medium=link&utm_source=api
https://funnytools.win/es/herramientas/rotar-pdf/,es,tool,pdf,Unknown,,0,never crawled,2026-07-29,46,PAGE_FETCH_STATE_UNSPECIFIED,https://search.google.com/search-console/inspect?resource_id=sc-domain:funnytools.win&id=hR7SKh8AcCWAV2SPN745nQ&utm_medium=link&utm_source=api
https://funnytools.win/es/herramientas/rotar-voltear-imagen/,es,tool,image,Unknown,,0,never crawled,2026-07-29,46,PAGE_FETCH_STATE_UNSPECIFIED,https://search.google.com/search-console/inspect?resource_id=sc-domain:funnytools.win&id=RvfFdFoVTlcEN3Yu2qyUMA&utm_medium=link&utm_source=api
https://funnytools.win/es/herramientas/ruleta-aleatoria/,es,tool,random,Crawled Not Indexed,2026-08-05T07:01:53Z,39,>30 days,2026-07-29,46,SUCCESSFUL,https://search.google.com/search-console/inspect?resource_id=sc-domain:funnytools.win&id=EJCryfgDGN3Iq4LBTGvuuA&utm_medium=link&utm_source=api
https://funnytools.win/es/herramientas/selector-aleatorio-alumnos/,es,tool,study,Unknown,,0,never crawled,2026-07-29,46,PAGE_FETCH_STATE_UNSPECIFIED,https://search.google.com/search-console/inspect?resource_id=sc-domain:funnytools.win&id=7cCTDEbiLhFvmWaAlPWt-Q&utm_medium=link&utm_source=api
https://funnytools.win/es/herramientas/sorteo-nombres-aleatorio/,es,tool,random,Crawled Not Indexed,2026-08-03T06:54:07Z,41,>30 days,2026-07-29,46,SUCCESSFUL,https://search.google.com/search-console/inspect?resource_id=sc-domain:funnytools.win&id=SQLnl_f1faZtlCyVncw-IQ&utm_medium=link&utm_source=api
https://funnytools.win/es/herramientas/temporizador-online/,es,tool,time,Unknown,,0,never crawled,2026-07-29,46,PAGE_FETCH_STATE_UNSPECIFIED,https://search.google.com/search-console/inspect?resource_id=sc-domain:funnytools.win&id=JknjDn6-nA2nJL_ufgLrvw&utm_medium=link&utm_source=api
https://funnytools.win/es/herramientas/temporizador-pomodoro/,es,tool,time,Unknown,,0,never crawled,2026-07-29,46,PAGE_FETCH_STATE_UNSPECIFIED,https://search.google.com/search-console/inspect?resource_id=sc-domain:funnytools.win&id=g7WguUtSTZGAEUd2kfiAew&utm_medium=link&utm_source=api
https://funnytools.win/es/herramientas/tirar-dados-online/,es,tool,random,Crawled Not Indexed,2026-08-09T04:31:05Z,35,>30 days,2026-07-29,46,SUCCESSFUL,https://search.google.com/search-console/inspect?resource_id=sc-domain:funnytools.win&id=HN-KhQPgvi8us8X1q3M_gQ&utm_medium=link&utm_source=api
https://funnytools.win/es/herramientas/unir-pdf/,es,tool,pdf,Crawled Not Indexed,2026-08-22T03:31:46Z,22,15–30 days,2026-07-29,46,SUCCESSFUL,https://search.google.com/search-console/inspect?resource_id=sc-domain:funnytools.win&id=vl_pGzjZZluBaniRLLWyCA&utm_medium=link&utm_source=api
https://funnytools.win/es/para/,es,hub,general,Crawled Not Indexed,2026-09-04T18:01:57Z,8,7–14 days,2026-07-29,46,SUCCESSFUL,https://search.google.com/search-console/inspect?resource_id=sc-domain:funnytools.win&id=sAEjT4uk8kHxU0OJfY3Q8A&utm_medium=link&utm_source=api
https://funnytools.win/es/para/creadores/,es,audience,creators,Crawled Not Indexed,2026-08-19T17:57:39Z,24,15–30 days,2026-07-29,46,SUCCESSFUL,https://search.google.com/search-console/inspect?resource_id=sc-domain:funnytools.win&id=cG_SicYY7lYXHJGZOIyE5g&utm_medium=link&utm_source=api
https://funnytools.win/es/para/desarrolladores/,es,audience,developers,Unknown,,0,never crawled,2026-07-29,46,PAGE_FETCH_STATE_UNSPECIFIED,https://search.google.com/search-console/inspect?resource_id=sc-domain:funnytools.win&id=9CZ2gll590Qdzf-Ae-SEDg&utm_medium=link&utm_source=api
https://funnytools.win/es/para/disenadores/,es,audience,designers,Unknown,,0,never crawled,2026-07-29,46,PAGE_FETCH_STATE_UNSPECIFIED,https://search.google.com/search-console/inspect?resource_id=sc-domain:funnytools.win&id=Q1Jp8wAJ-diXy6XzSLVAjw&utm_medium=link&utm_source=api
https://funnytools.win/es/para/docentes/,es,audience,teachers,Crawled Not Indexed,2026-08-10T02:17:38Z,34,>30 days,2026-07-29,46,SUCCESSFUL,https://search.google.com/search-console/inspect?resource_id=sc-domain:funnytools.win&id=CxpzO9vLIVAu-DQxlH3Thw&utm_medium=link&utm_source=api
https://funnytools.win/es/para/estudiantes/,es,audience,students,Unknown,,0,never crawled,2026-07-29,46,PAGE_FETCH_STATE_UNSPECIFIED,https://search.google.com/search-console/inspect?resource_id=sc-domain:funnytools.win&id=LdeNhZN5vBaMd6xWcpBs4A&utm_medium=link&utm_source=api
https://funnytools.win/es/para/oficina/,es,audience,office-workers,Crawled Not Indexed,2026-08-20T19:00:42Z,23,15–30 days,2026-07-29,46,SUCCESSFUL,https://search.google.com/search-console/inspect?resource_id=sc-domain:funnytools.win&id=SNmpFLCv3U0UjjzzDjmMsA&utm_medium=link&utm_source=api
https://funnytools.win/es/privacidad/,es,legal,general,Crawled Not Indexed,2026-07-30T19:35:19Z,44,>30 days,2026-09-02,11,SUCCESSFUL,https://search.google.com/search-console/inspect?resource_id=sc-domain:funnytools.win&id=cc6_XtHfg0ZkP3Ev04f6CA&utm_medium=link&utm_source=api
https://funnytools.win/es/sobre-funnytools/,es,legal,general,Crawled Not Indexed,2026-08-16T12:50:27Z,27,15–30 days,2026-09-02,11,SUCCESSFUL,https://search.google.com/search-console/inspect?resource_id=sc-domain:funnytools.win&id=l0jiz8mfTk9G49lDCH9Gmg&utm_medium=link&utm_source=api
https://funnytools.win/es/tienda/,es,support,general,Unknown,,0,never crawled,2026-07-29,46,PAGE_FETCH_STATE_UNSPECIFIED,https://search.google.com/search-console/inspect?resource_id=sc-domain:funnytools.win&id=LsItyEfqvIrsRZuIDDoclQ&utm_medium=link&utm_source=api
https://funnytools.win/find-tools/,zh-TW,other,general,Unknown,,0,never crawled,2026-09-04,9,PAGE_FETCH_STATE_UNSPECIFIED,https://search.google.com/search-console/inspect?resource_id=sc-domain:funnytools.win&id=7au2XBfRu2Wpbr0GFWfglA&utm_medium=link&utm_source=api
https://funnytools.win/for/,zh-TW,hub,general,Crawled Not Indexed,2026-08-08T20:06:58Z,35,>30 days,2026-09-02,11,SUCCESSFUL,https://search.google.com/search-console/inspect?resource_id=sc-domain:funnytools.win&id=jHW3osqp9yqB8lOaY_Iy9g&utm_medium=link&utm_source=api
https://funnytools.win/for/creators/,zh-TW,audience,creators,Crawled Not Indexed,2026-08-21T16:28:19Z,22,15–30 days,2026-09-02,11,SUCCESSFUL,https://search.google.com/search-console/inspect?resource_id=sc-domain:funnytools.win&id=S49VIv7dzdKn8ncQ_JWQAA&utm_medium=link&utm_source=api
https://funnytools.win/for/designers/,zh-TW,audience,designers,Crawled Not Indexed,2026-08-10T17:51:59Z,33,>30 days,2026-09-02,11,SUCCESSFUL,https://search.google.com/search-console/inspect?resource_id=sc-domain:funnytools.win&id=UX1mOMzfxw2yfNGaOqFfMg&utm_medium=link&utm_source=api
https://funnytools.win/for/developers/,zh-TW,audience,developers,Crawled Not Indexed,2026-08-10T05:45:23Z,34,>30 days,2026-09-02,11,SUCCESSFUL,https://search.google.com/search-console/inspect?resource_id=sc-domain:funnytools.win&id=TSwHV0Q66u9C2HUwr3CWhg&utm_medium=link&utm_source=api
https://funnytools.win/for/office-workers/,zh-TW,audience,office-workers,Crawled Not Indexed,2026-08-08T15:56:58Z,35,>30 days,2026-09-02,11,SUCCESSFUL,https://search.google.com/search-console/inspect?resource_id=sc-domain:funnytools.win&id=jUVT-1Nt2iPLICP5V0K9SA&utm_medium=link&utm_source=api
https://funnytools.win/for/students/,zh-TW,audience,students,Crawled Not Indexed,2026-08-23T15:32:47Z,20,15–30 days,2026-09-02,11,SUCCESSFUL,https://search.google.com/search-console/inspect?resource_id=sc-domain:funnytools.win&id=BNo9YjBaSXJBEFv9UOk92w&utm_medium=link&utm_source=api
https://funnytools.win/for/teachers/,zh-TW,audience,teachers,Crawled Not Indexed,2026-09-11T17:45:03Z,1,<7 days,2026-09-03,10,SUCCESSFUL,https://search.google.com/search-console/inspect?resource_id=sc-domain:funnytools.win&id=wJtKrk3NqTRyUnIUXH86vg&utm_medium=link&utm_source=api
https://funnytools.win/fr/,fr,home,general,Indexed,2026-09-11T21:30:02Z,1,<7 days,2026-07-30,45,SUCCESSFUL,https://search.google.com/search-console/inspect?resource_id=sc-domain:funnytools.win&id=SCwdIkRsvEWm5S45EjqXQw&utm_medium=link&utm_source=api
https://funnytools.win/fr/confidentialite/,fr,legal,general,Crawled Not Indexed,2026-08-02T06:32:21Z,42,>30 days,2026-09-02,11,SUCCESSFUL,https://search.google.com/search-console/inspect?resource_id=sc-domain:funnytools.win&id=iqXfWeM-HdvbcNxaecWKsw&utm_medium=link&utm_source=api
https://funnytools.win/fr/fonctionnement-outils/,fr,legal,general,Crawled Not Indexed,2026-08-05T07:26:52Z,39,>30 days,2026-09-02,11,SUCCESSFUL,https://search.google.com/search-console/inspect?resource_id=sc-domain:funnytools.win&id=xh12wASjt0f4cE7RVegAUQ&utm_medium=link&utm_source=api
https://funnytools.win/fr/outils/,fr,hub,general,Unknown,,0,never crawled,2026-09-02,11,PAGE_FETCH_STATE_UNSPECIFIED,https://search.google.com/search-console/inspect?resource_id=sc-domain:funnytools.win&id=iZSUdTyvKdY06S7Bqb9iZQ&utm_medium=link&utm_source=api
https://funnytools.win/fr/outils/calcul-moyenne-notes/,fr,tool,statistics,Crawled Not Indexed,2026-08-08T07:10:58Z,36,>30 days,2026-09-10,3,SUCCESSFUL,https://search.google.com/search-console/inspect?resource_id=sc-domain:funnytools.win&id=e9BoIlOqZy7Q3TXXLoPZJQ&utm_medium=link&utm_source=api
https://funnytools.win/fr/outils/calculateur-age/,fr,tool,time,Unknown,,0,never crawled,2026-07-29,46,PAGE_FETCH_STATE_UNSPECIFIED,https://search.google.com/search-console/inspect?resource_id=sc-domain:funnytools.win&id=MIH974KwIW4vwuDyy_gLYg&utm_medium=link&utm_source=api
https://funnytools.win/fr/outils/calculateur-ecart-type/,fr,tool,statistics,Crawled Not Indexed,2026-08-06T02:39:08Z,38,>30 days,2026-07-29,46,SUCCESSFUL,https://search.google.com/search-console/inspect?resource_id=sc-domain:funnytools.win&id=tBn8CVH07t3m5J5E-S5PXg&utm_medium=link&utm_source=api
https://funnytools.win/fr/outils/calculateur-heures-supplementaires/,fr,tool,money,Unknown,,0,never crawled,2026-07-29,46,PAGE_FETCH_STATE_UNSPECIFIED,https://search.google.com/search-console/inspect?resource_id=sc-domain:funnytools.win&id=1rfZ7pPhaYZO-BMj6d7LnQ&utm_medium=link&utm_source=api
https://funnytools.win/fr/outils/calculateur-inflation-pouvoir-achat/,fr,tool,money,Crawled Not Indexed,2026-08-21T15:13:18Z,22,15–30 days,2026-09-04,9,SUCCESSFUL,https://search.google.com/search-console/inspect?resource_id=sc-domain:funnytools.win&id=6hX3hcTtxglT_RmitkEKUA&utm_medium=link&utm_source=api
https://funnytools.win/fr/outils/calculateur-interets-composes/,fr,tool,money,Crawled Not Indexed,2026-08-15T01:40:54Z,29,15–30 days,2026-07-29,46,SUCCESSFUL,https://search.google.com/search-console/inspect?resource_id=sc-domain:funnytools.win&id=j40FG03ovxVwc0XSY8S3qw&utm_medium=link&utm_source=api
https://funnytools.win/fr/outils/calculateur-jours-ouvres/,fr,tool,time,Crawled Not Indexed,2026-08-01T05:08:42Z,43,>30 days,2026-07-29,46,SUCCESSFUL,https://search.google.com/search-console/inspect?resource_id=sc-domain:funnytools.win&id=YLLLiyjTdyj9CrPN81t0xQ&utm_medium=link&utm_source=api
https://funnytools.win/fr/outils/calculateur-mensualite-pret-immobilier/,fr,tool,money,Crawled Not Indexed,2026-08-19T17:04:43Z,24,15–30 days,2026-07-29,46,SUCCESSFUL,https://search.google.com/search-console/inspect?resource_id=sc-domain:funnytools.win&id=3bCo0V82zNqs9v2TJ-g6Lg&utm_medium=link&utm_source=api
https://funnytools.win/fr/outils/calculateur-moyenne-ponderee/,fr,tool,statistics,Crawled Not Indexed,2026-08-24T06:24:53Z,20,15–30 days,2026-07-30,45,SUCCESSFUL,https://search.google.com/search-console/inspect?resource_id=sc-domain:funnytools.win&id=LD-tDo7843koRPIVIQ8Nvg&utm_medium=link&utm_source=api
https://funnytools.win/fr/outils/calculateur-objectif-epargne/,fr,tool,money,Unknown,,0,never crawled,2026-07-29,46,PAGE_FETCH_STATE_UNSPECIFIED,https://search.google.com/search-console/inspect?resource_id=sc-domain:funnytools.win&id=6smwzkn26yiWrQhqTqP8-w&utm_medium=link&utm_source=api
https://funnytools.win/fr/outils/calculateur-pourcentage/,fr,tool,statistics,Crawled Not Indexed,2026-08-05T19:29:21Z,38,>30 days,2026-07-29,46,SUCCESSFUL,https://search.google.com/search-console/inspect?resource_id=sc-domain:funnytools.win&id=2Gg9R_bYuo3G4JvMWAU9CQ&utm_medium=link&utm_source=api
https://funnytools.win/fr/outils/calculateur-rang-percentile/,fr,tool,statistics,Unknown,,0,never crawled,2026-07-29,46,PAGE_FETCH_STATE_UNSPECIFIED,https://search.google.com/search-console/inspect?resource_id=sc-domain:funnytools.win&id=iSwOhTg_RJtx7y7yuhWAgw&utm_medium=link&utm_source=api
https://funnytools.win/fr/outils/calculateur-salaire-net/,fr,tool,money,Unknown,,0,never crawled,2026-07-29,46,PAGE_FETCH_STATE_UNSPECIFIED,https://search.google.com/search-console/inspect?resource_id=sc-domain:funnytools.win&id=ijJeBaIa4JnCNTdkrNHJcA&utm_medium=link&utm_source=api
https://funnytools.win/fr/outils/calculateur-score-t/,fr,tool,statistics,Crawled Not Indexed,2026-09-04T13:48:14Z,8,7–14 days,2026-07-30,45,SUCCESSFUL,https://search.google.com/search-console/inspect?resource_id=sc-domain:funnytools.win&id=O6TF6SKSWT5ZB2RbTxjL7Q&utm_medium=link&utm_source=api
https://funnytools.win/fr/outils/calculateur-score-z/,fr,tool,statistics,Unknown,,0,never crawled,2026-07-30,45,PAGE_FETCH_STATE_UNSPECIFIED,https://search.google.com/search-console/inspect?resource_id=sc-domain:funnytools.win&id=EF0SpYGemeLykQY-SeHTqA&utm_medium=link&utm_source=api
https://funnytools.win/fr/outils/calculer-difference-entre-dates/,fr,tool,time,Crawled Not Indexed,2026-08-19T16:16:16Z,24,15–30 days,2026-07-29,46,SUCCESSFUL,https://search.google.com/search-console/inspect?resource_id=sc-domain:funnytools.win&id=8B24UEvLdPoEwY8sIJCi8Q&utm_medium=link&utm_source=api
https://funnytools.win/fr/outils/cao-2d-en-ligne/,fr,tool,draw,Unknown,,0,never crawled,2026-07-29,46,PAGE_FETCH_STATE_UNSPECIFIED,https://search.google.com/search-console/inspect?resource_id=sc-domain:funnytools.win&id=UPE7kkSLe754zYbD1mKfRA&utm_medium=link&utm_source=api
https://funnytools.win/fr/outils/choisir-entre-deux-options/,fr,tool,random,Crawled Not Indexed,2026-08-11T04:57:47Z,33,>30 days,2026-07-29,46,SUCCESSFUL,https://search.google.com/search-console/inspect?resource_id=sc-domain:funnytools.win&id=cSfSBKfQJHiJUiCLkGQiLQ&utm_medium=link&utm_source=api
https://funnytools.win/fr/outils/chronometre-en-ligne/,fr,tool,time,Unknown,,0,never crawled,2026-07-29,46,PAGE_FETCH_STATE_UNSPECIFIED,https://search.google.com/search-console/inspect?resource_id=sc-domain:funnytools.win&id=vor-EVI1eeYZpc88WzBPSg&utm_medium=link&utm_source=api
https://funnytools.win/fr/outils/compresser-image/,fr,tool,image,Unknown,,0,never crawled,2026-07-29,46,PAGE_FETCH_STATE_UNSPECIFIED,https://search.google.com/search-console/inspect?resource_id=sc-domain:funnytools.win&id=39r3284WOTwkOqawaLBekQ&utm_medium=link&utm_source=api
https://funnytools.win/fr/outils/compresser-pdf/,fr,tool,pdf,Unknown,,0,never crawled,2026-07-29,46,PAGE_FETCH_STATE_UNSPECIFIED,https://search.google.com/search-console/inspect?resource_id=sc-domain:funnytools.win&id=eJcrQLHv7QRTI1rNDsjpTg&utm_medium=link&utm_source=api
https://funnytools.win/fr/outils/compteur-caracteres/,fr,tool,text,Unknown,,0,never crawled,2026-07-29,46,PAGE_FETCH_STATE_UNSPECIFIED,https://search.google.com/search-console/inspect?resource_id=sc-domain:funnytools.win&id=XNbsbwt6-gzzUmGmvhIKBg&utm_medium=link&utm_source=api
https://funnytools.win/fr/outils/compteur-mots/,fr,tool,text,Unknown,,0,never crawled,2026-07-29,46,PAGE_FETCH_STATE_UNSPECIFIED,https://search.google.com/search-console/inspect?resource_id=sc-domain:funnytools.win&id=ZrrEqdaJo-ram1Ra14OARQ&utm_medium=link&utm_source=api
https://funnytools.win/fr/outils/convertir-csv-en-json/,fr,tool,text,Crawled Not Indexed,2026-08-19T06:54:04Z,25,15–30 days,2026-07-29,46,SUCCESSFUL,https://search.google.com/search-console/inspect?resource_id=sc-domain:funnytools.win&id=tpdK0KvbFqcZJ0iiiE3INQ&utm_medium=link&utm_source=api
https://funnytools.win/fr/outils/convertir-image-en-base64/,fr,tool,image,Unknown,,0,never crawled,2026-07-29,46,PAGE_FETCH_STATE_UNSPECIFIED,https://search.google.com/search-console/inspect?resource_id=sc-domain:funnytools.win&id=c91lS9EZky4ajLwFM_2V4w&utm_medium=link&utm_source=api
https://funnytools.win/fr/outils/convertir-images-en-pdf/,fr,tool,pdf,Crawled Not Indexed,2026-08-24T15:07:42Z,19,15–30 days,2026-07-29,46,SUCCESSFUL,https://search.google.com/search-console/inspect?resource_id=sc-domain:funnytools.win&id=OtVFAZu1h5RPJwFsmIGBvw&utm_medium=link&utm_source=api
https://funnytools.win/fr/outils/convertir-jpg-en-png/,fr,tool,image,Crawled Not Indexed,2026-08-04T14:27:37Z,39,>30 days,2026-07-29,46,SUCCESSFUL,https://search.google.com/search-console/inspect?resource_id=sc-domain:funnytools.win&id=HdHUSyi7XSbUMIUQmgB8UQ&utm_medium=link&utm_source=api
https://funnytools.win/fr/outils/convertir-jpg-en-webp/,fr,tool,image,Crawled Not Indexed,2026-08-19T17:40:00Z,24,15–30 days,2026-07-29,46,SUCCESSFUL,https://search.google.com/search-console/inspect?resource_id=sc-domain:funnytools.win&id=aSq_ZWRQzszulrlNI-O6gA&utm_medium=link&utm_source=api
https://funnytools.win/fr/outils/convertir-json-en-csv/,fr,tool,text,Unknown,,0,never crawled,2026-07-29,46,PAGE_FETCH_STATE_UNSPECIFIED,https://search.google.com/search-console/inspect?resource_id=sc-domain:funnytools.win&id=UxKZbLnzNo1Ckgc-e84OHg&utm_medium=link&utm_source=api
https://funnytools.win/fr/outils/convertir-majuscules-minuscules/,fr,tool,text,Crawled Not Indexed,2026-08-25T12:23:19Z,18,15–30 days,2026-07-29,46,SUCCESSFUL,https://search.google.com/search-console/inspect?resource_id=sc-domain:funnytools.win&id=5d4pguYNRJrqpP04xczf9A&utm_medium=link&utm_source=api
https://funnytools.win/fr/outils/convertir-pdf-en-image/,fr,tool,pdf,Unknown,,0,never crawled,2026-07-29,46,PAGE_FETCH_STATE_UNSPECIFIED,https://search.google.com/search-console/inspect?resource_id=sc-domain:funnytools.win&id=YK3WXQKf63PmDUVGy9MBrw&utm_medium=link&utm_source=api
https://funnytools.win/fr/outils/convertir-png-en-jpg/,fr,tool,image,Unknown,,0,never crawled,2026-07-29,46,PAGE_FETCH_STATE_UNSPECIFIED,https://search.google.com/search-console/inspect?resource_id=sc-domain:funnytools.win&id=LmwXvRV-6DdrqSvCrrcMEA&utm_medium=link&utm_source=api
https://funnytools.win/fr/outils/convertir-timestamp-unix/,fr,tool,time,Crawled Not Indexed,2026-08-21T16:45:24Z,22,15–30 days,2026-07-29,46,SUCCESSFUL,https://search.google.com/search-console/inspect?resource_id=sc-domain:funnytools.win&id=6sjLyKPs5OI3Y2veCFtc7Q&utm_medium=link&utm_source=api
https://funnytools.win/fr/outils/convertir-webp-en-jpg/,fr,tool,image,Crawled Not Indexed,2026-08-31T03:44:20Z,13,7–14 days,2026-07-29,46,SUCCESSFUL,https://search.google.com/search-console/inspect?resource_id=sc-domain:funnytools.win&id=1Rpj--KoDPGORrQtUTx0cw&utm_medium=link&utm_source=api
https://funnytools.win/fr/outils/creer-diagramme-circulaire/,fr,tool,draw,Unknown,,0,never crawled,2026-07-29,46,PAGE_FETCH_STATE_UNSPECIFIED,https://search.google.com/search-console/inspect?resource_id=sc-domain:funnytools.win&id=YNZ94uIQYkFSc68QTRcQIw&utm_medium=link&utm_source=api
https://funnytools.win/fr/outils/creer-diagramme-flux/,fr,tool,draw,Crawled Not Indexed,2026-08-19T17:48:49Z,24,15–30 days,2026-07-29,46,SUCCESSFUL,https://search.google.com/search-console/inspect?resource_id=sc-domain:funnytools.win&id=yUiL2cJbQaG_5h1hr_aeGQ&utm_medium=link&utm_source=api
https://funnytools.win/fr/outils/creer-graphique-barres/,fr,tool,draw,Unknown,,0,never crawled,2026-07-29,46,PAGE_FETCH_STATE_UNSPECIFIED,https://search.google.com/search-console/inspect?resource_id=sc-domain:funnytools.win&id=jJTEVwigEbx1ItYk4mPYxA&utm_medium=link&utm_source=api
https://funnytools.win/fr/outils/diviser-pdf/,fr,tool,pdf,Crawled Not Indexed,2026-08-18T18:09:36Z,25,15–30 days,2026-07-29,46,SUCCESSFUL,https://search.google.com/search-console/inspect?resource_id=sc-domain:funnytools.win&id=ygKQCemAA_ZFtpVjOB3DJg&utm_medium=link&utm_source=api
https://funnytools.win/fr/outils/editeur-markdown-en-ligne/,fr,tool,text,Crawled Not Indexed,2026-08-21T13:32:48Z,22,15–30 days,2026-07-29,46,SUCCESSFUL,https://search.google.com/search-console/inspect?resource_id=sc-domain:funnytools.win&id=dGhe7F6GQvTdcSpy4glAUA&utm_medium=link&utm_source=api
https://funnytools.win/fr/outils/encoder-decoder-base64/,fr,tool,text,Crawled Not Indexed,2026-09-12T01:23:37Z,1,<7 days,2026-09-03,10,SUCCESSFUL,https://search.google.com/search-console/inspect?resource_id=sc-domain:funnytools.win&id=DO1-93gUne1q9yMaSxS7mA&utm_medium=link&utm_source=api
https://funnytools.win/fr/outils/encoder-decoder-url/,fr,tool,text,Crawled Not Indexed,2026-08-25T13:39:19Z,18,15–30 days,2026-07-29,46,SUCCESSFUL,https://search.google.com/search-console/inspect?resource_id=sc-domain:funnytools.win&id=x4q08vOYky3QEoFBHtabHg&utm_medium=link&utm_source=api
https://funnytools.win/fr/outils/extraire-pages-pdf/,fr,tool,pdf,Unknown,,0,never crawled,2026-07-29,46,PAGE_FETCH_STATE_UNSPECIFIED,https://search.google.com/search-console/inspect?resource_id=sc-domain:funnytools.win&id=3OIvgg26_U8FqvNxH8GKhQ&utm_medium=link&utm_source=api
https://funnytools.win/fr/outils/faire-pivoter-image/,fr,tool,image,Crawled Not Indexed,2026-09-02T03:13:01Z,11,7–14 days,2026-07-29,46,SUCCESSFUL,https://search.google.com/search-console/inspect?resource_id=sc-domain:funnytools.win&id=jqEeQH4GgNI9Pk3KLMekag&utm_medium=link&utm_source=api
https://funnytools.win/fr/outils/faire-pivoter-pdf/,fr,tool,pdf,Unknown,,0,never crawled,2026-07-29,46,PAGE_FETCH_STATE_UNSPECIFIED,https://search.google.com/search-console/inspect?resource_id=sc-domain:funnytools.win&id=bpOCL8gF4Z9V-VoZTCNkLA&utm_medium=link&utm_source=api
https://funnytools.win/fr/outils/formater-valider-json/,fr,tool,text,Unknown,,0,never crawled,2026-07-29,46,PAGE_FETCH_STATE_UNSPECIFIED,https://search.google.com/search-console/inspect?resource_id=sc-domain:funnytools.win&id=SmEkUd7vU093FmYTnE_keg&utm_medium=link&utm_source=api
https://funnytools.win/fr/outils/fusionner-pdf/,fr,tool,pdf,Crawled Not Indexed,2026-08-21T04:46:45Z,23,15–30 days,2026-07-29,46,SUCCESSFUL,https://search.google.com/search-console/inspect?resource_id=sc-domain:funnytools.win&id=kIz50rE7lGe9MvBuI2ZGgA&utm_medium=link&utm_source=api
https://funnytools.win/fr/outils/generateur-code-barres/,fr,tool,image,Unknown,,0,never crawled,2026-07-29,46,PAGE_FETCH_STATE_UNSPECIFIED,https://search.google.com/search-console/inspect?resource_id=sc-domain:funnytools.win&id=SkwH-TFl-Oq53gVypsBUtA&utm_medium=link&utm_source=api
https://funnytools.win/fr/outils/generateur-code-qr/,fr,tool,image,Unknown,,0,never crawled,2026-07-29,46,PAGE_FETCH_STATE_UNSPECIFIED,https://search.google.com/search-console/inspect?resource_id=sc-domain:funnytools.win&id=w4OiqkwvkNo57L_zzj_03Q&utm_medium=link&utm_source=api
https://funnytools.win/fr/outils/generateur-couleurs-hex-rgb-hsl/,fr,tool,random,Unknown,,0,never crawled,2026-07-29,46,PAGE_FETCH_STATE_UNSPECIFIED,https://search.google.com/search-console/inspect?resource_id=sc-domain:funnytools.win&id=45vA0jgDCUZ9OI4oKY-9Jw&utm_medium=link&utm_source=api
https://funnytools.win/fr/outils/generateur-groupes-aleatoires/,fr,tool,random,Unknown,,0,never crawled,2026-07-29,46,PAGE_FETCH_STATE_UNSPECIFIED,https://search.google.com/search-console/inspect?resource_id=sc-domain:funnytools.win&id=x0_d2C47lc1uhQTHZaZCfA&utm_medium=link&utm_source=api
https://funnytools.win/fr/outils/generateur-groupes-classe/,fr,tool,study,Unknown,,0,never crawled,2026-07-29,46,PAGE_FETCH_STATE_UNSPECIFIED,https://search.google.com/search-console/inspect?resource_id=sc-domain:funnytools.win&id=mSJRHKqVcPR492iZM9j2ZA&utm_medium=link&utm_source=api
https://funnytools.win/fr/outils/generateur-mot-de-passe-securise/,fr,tool,random,Unknown,,0,never crawled,2026-07-29,46,PAGE_FETCH_STATE_UNSPECIFIED,https://search.google.com/search-console/inspect?resource_id=sc-domain:funnytools.win&id=rPphMMAkVjI-l5O556lwgw&utm_medium=link&utm_source=api
https://funnytools.win/fr/outils/generateur-nombres-aleatoires/,fr,tool,random,Crawled Not Indexed,2026-08-01T15:44:04Z,42,>30 days,2026-09-02,11,SUCCESSFUL,https://search.google.com/search-console/inspect?resource_id=sc-domain:funnytools.win&id=pu2vDXm4GZtgMQujJID_Cw&utm_medium=link&utm_source=api
https://funnytools.win/fr/outils/generateur-uuid-v4/,fr,tool,random,Unknown,,0,never crawled,2026-07-29,46,PAGE_FETCH_STATE_UNSPECIFIED,https://search.google.com/search-console/inspect?resource_id=sc-domain:funnytools.win&id=WOoORnD1sAgJ4Va4D8_pfg&utm_medium=link&utm_source=api
https://funnytools.win/fr/outils/lancer-des-en-ligne/,fr,tool,random,Crawled Not Indexed,2026-08-17T03:19:31Z,27,15–30 days,2026-07-29,46,SUCCESSFUL,https://search.google.com/search-console/inspect?resource_id=sc-domain:funnytools.win&id=uCNsGdK81JvyXYA29oGghA&utm_medium=link&utm_source=api
https://funnytools.win/fr/outils/minuteur-en-ligne/,fr,tool,time,Unknown,,0,never crawled,2026-07-29,46,PAGE_FETCH_STATE_UNSPECIFIED,https://search.google.com/search-console/inspect?resource_id=sc-domain:funnytools.win&id=0YYoS3vm2TRUj3Hyh2CQkA&utm_medium=link&utm_source=api
https://funnytools.win/fr/outils/minuteur-pomodoro/,fr,tool,time,Unknown,,0,never crawled,2026-07-29,46,PAGE_FETCH_STATE_UNSPECIFIED,https://search.google.com/search-console/inspect?resource_id=sc-domain:funnytools.win&id=RDUYUXIBOeJ_KIhU5ffGGg&utm_medium=link&utm_source=api
https://funnytools.win/fr/outils/plan-de-classe-en-ligne/,fr,tool,study,Unknown,,0,never crawled,2026-07-29,46,PAGE_FETCH_STATE_UNSPECIFIED,https://search.google.com/search-console/inspect?resource_id=sc-domain:funnytools.win&id=Ke6Kmb72renl5uKbiinR3A&utm_medium=link&utm_source=api
https://funnytools.win/fr/outils/quoi-manger-ce-soir/,fr,tool,random,Unknown,,0,never crawled,2026-07-29,46,PAGE_FETCH_STATE_UNSPECIFIED,https://search.google.com/search-console/inspect?resource_id=sc-domain:funnytools.win&id=joaxecS9ffWbVXvtrLKpzg&utm_medium=link&utm_source=api
https://funnytools.win/fr/outils/rappel-pause-ecran/,fr,tool,time,Crawled Not Indexed,2026-08-03T02:43:13Z,41,>30 days,2026-07-29,46,SUCCESSFUL,https://search.google.com/search-console/inspect?resource_id=sc-domain:funnytools.win&id=UU5hFFznOPN4-ScOOxOiig&utm_medium=link&utm_source=api
https://funnytools.win/fr/outils/recadrer-image/,fr,tool,image,Unknown,,0,never crawled,2026-07-29,46,PAGE_FETCH_STATE_UNSPECIFIED,https://search.google.com/search-console/inspect?resource_id=sc-domain:funnytools.win&id=TH_Pdw30F-VVfEdzsZE9Ig&utm_medium=link&utm_source=api
https://funnytools.win/fr/outils/redimensionner-image/,fr,tool,image,Unknown,,0,never crawled,2026-07-29,46,PAGE_FETCH_STATE_UNSPECIFIED,https://search.google.com/search-console/inspect?resource_id=sc-domain:funnytools.win&id=Or0JOi1wskLi-Momq39knQ&utm_medium=link&utm_source=api
https://funnytools.win/fr/outils/reorganiser-pages-pdf/,fr,tool,pdf,Crawled Not Indexed,2026-08-17T04:08:24Z,27,15–30 days,2026-07-29,46,SUCCESSFUL,https://search.google.com/search-console/inspect?resource_id=sc-domain:funnytools.win&id=R0kWIJd1dR6lbki6yJimcA&utm_medium=link&utm_source=api
https://funnytools.win/fr/outils/roue-aleatoire/,fr,tool,random,Unknown,,0,never crawled,2026-09-02,11,PAGE_FETCH_STATE_UNSPECIFIED,https://search.google.com/search-console/inspect?resource_id=sc-domain:funnytools.win&id=QW7s7Do-QizW-ISFQG_cvA&utm_medium=link&utm_source=api
https://funnytools.win/fr/outils/supprimer-lignes-doublons/,fr,tool,text,Unknown,,0,never crawled,2026-07-29,46,PAGE_FETCH_STATE_UNSPECIFIED,https://search.google.com/search-console/inspect?resource_id=sc-domain:funnytools.win&id=f79wy5_h2kD0ubxB_0QdXQ&utm_medium=link&utm_source=api
https://funnytools.win/fr/outils/supprimer-lignes-vides/,fr,tool,text,Unknown,,0,never crawled,2026-07-29,46,PAGE_FETCH_STATE_UNSPECIFIED,https://search.google.com/search-console/inspect?resource_id=sc-domain:funnytools.win&id=QDS39iGynFT2XWZz4qIqTQ&utm_medium=link&utm_source=api
https://funnytools.win/fr/outils/supprimer-pages-pdf/,fr,tool,pdf,Crawled Not Indexed,2026-08-25T11:40:44Z,18,15–30 days,2026-07-29,46,SUCCESSFUL,https://search.google.com/search-console/inspect?resource_id=sc-domain:funnytools.win&id=lARFEpEsK11Pim-5fgvASA&utm_medium=link&utm_source=api
https://funnytools.win/fr/outils/tableau-blanc-dessin-en-ligne/,fr,tool,draw,Crawled Not Indexed,2026-08-01T14:51:30Z,42,>30 days,2026-07-29,46,SUCCESSFUL,https://search.google.com/search-console/inspect?resource_id=sc-domain:funnytools.win&id=mRAWJT5e1OzEG3WRJ38Iug&utm_medium=link&utm_source=api
https://funnytools.win/fr/outils/tirage-au-sort-eleves/,fr,tool,study,Unknown,,0,never crawled,2026-07-29,46,PAGE_FETCH_STATE_UNSPECIFIED,https://search.google.com/search-console/inspect?resource_id=sc-domain:funnytools.win&id=hnrI16RgWj9bcLL1O2M0Eg&utm_medium=link&utm_source=api
https://funnytools.win/fr/outils/tirage-au-sort-noms/,fr,tool,random,Crawled Not Indexed,2026-08-03T18:11:28Z,40,>30 days,2026-09-02,11,SUCCESSFUL,https://search.google.com/search-console/inspect?resource_id=sc-domain:funnytools.win&id=_ZobDNsyM0YAAZP1Zq_xQw&utm_medium=link&utm_source=api
https://funnytools.win/fr/outils/trier-lignes-texte/,fr,tool,text,Unknown,,0,never crawled,2026-07-29,46,PAGE_FETCH_STATE_UNSPECIFIED,https://search.google.com/search-console/inspect?resource_id=sc-domain:funnytools.win&id=1Qq20C5xV1ZmR99Usp7ISQ&utm_medium=link&utm_source=api
https://funnytools.win/guides/,zh-TW,hub,general,Crawled Not Indexed,2026-08-13T19:25:23Z,30,15–30 days,2026-09-04,9,SUCCESSFUL,https://search.google.com/search-console/inspect?resource_id=sc-domain:funnytools.win&id=kUhkb2CADLzHiatS4j0P4Q&utm_medium=link&utm_source=api
https://funnytools.win/guides/2d-cad-drawing-board-workflow-guide/,zh-TW,guide,drawing,Unknown,,0,never crawled,2026-09-03,10,PAGE_FETCH_STATE_UNSPECIFIED,https://search.google.com/search-console/inspect?resource_id=sc-domain:funnytools.win&id=9UGCzItiv5_djDomUrB9JQ&utm_medium=link&utm_source=api
https://funnytools.win/guides/a4-vs-us-letter-printing-guide/,zh-TW,guide,general,Unknown,,0,never crawled,2026-07-18,57,PAGE_FETCH_STATE_UNSPECIFIED,https://search.google.com/search-console/inspect?resource_id=sc-domain:funnytools.win&id=TckNfaTCos8lXSSX4Xiw5Q&utm_medium=link&utm_source=api
https://funnytools.win/guides/age-calculator-school-cutoff-guide/,zh-TW,guide,general,Unknown,,0,never crawled,2026-07-25,50,PAGE_FETCH_STATE_UNSPECIFIED,https://search.google.com/search-console/inspect?resource_id=sc-domain:funnytools.win&id=TAG6XnZxGFKNoCutgt3gDw&utm_medium=link&utm_source=api
https://funnytools.win/guides/anova-apa-format-guide/,zh-TW,guide,statistics,Unknown,,0,never crawled,2026-06-25,80,PAGE_FETCH_STATE_UNSPECIFIED,https://search.google.com/search-console/inspect?resource_id=sc-domain:funnytools.win&id=kUEhbAaA01EgXDx1o3AOTg&utm_medium=link&utm_source=api
https://funnytools.win/guides/anova-post-hoc-tukey-bonferroni/,zh-TW,guide,statistics,Unknown,,0,never crawled,2026-08-27,17,PAGE_FETCH_STATE_UNSPECIFIED,https://search.google.com/search-console/inspect?resource_id=sc-domain:funnytools.win&id=3l75gx0MX2T4erxKbHQOWA&utm_medium=link&utm_source=api
https://funnytools.win/guides/bar-chart-school-report-guide/,zh-TW,guide,drawing,Unknown,,0,never crawled,2026-07-21,54,PAGE_FETCH_STATE_UNSPECIFIED,https://search.google.com/search-console/inspect?resource_id=sc-domain:funnytools.win&id=YuGICOJZonE6wGmTlDT7Kg&utm_medium=link&utm_source=api
https://funnytools.win/guides/barcode-printing-quiet-zone-svg-guide/,zh-TW,guide,general,Unknown,,0,never crawled,2026-08-27,17,PAGE_FETCH_STATE_UNSPECIFIED,https://search.google.com/search-console/inspect?resource_id=sc-domain:funnytools.win&id=Q2pQ632vfU8oqPdtiCnkYw&utm_medium=link&utm_source=api
https://funnytools.win/guides/base64-utf8-unicode-guide/,zh-TW,guide,text,Unknown,,0,never crawled,2026-08-27,17,PAGE_FETCH_STATE_UNSPECIFIED,https://search.google.com/search-console/inspect?resource_id=sc-domain:funnytools.win&id=rJHAP4QtiKarTNXuvmwksw&utm_medium=link&utm_source=api
https://funnytools.win/guides/break-reminder-work-interval-guide/,zh-TW,guide,general,Unknown,,0,never crawled,2026-08-27,17,PAGE_FETCH_STATE_UNSPECIFIED,https://search.google.com/search-console/inspect?resource_id=sc-domain:funnytools.win&id=64P9oi1U2t6xv6euygzA5g&utm_medium=link&utm_source=api
https://funnytools.win/guides/business-days-calendar-days-guide/,zh-TW,guide,time,Unknown,,0,never crawled,2026-08-27,17,PAGE_FETCH_STATE_UNSPECIFIED,https://search.google.com/search-console/inspect?resource_id=sc-domain:funnytools.win&id=-XHtynl56d9eSxXBYGGNdA&utm_medium=link&utm_source=api
https://funnytools.win/guides/cad-grid-snap-orthogonal-guide/,zh-TW,guide,drawing,Unknown,,0,never crawled,2026-08-27,17,PAGE_FETCH_STATE_UNSPECIFIED,https://search.google.com/search-console/inspect?resource_id=sc-domain:funnytools.win&id=rdapVgIt-nLi8_wN6MXUUQ&utm_medium=link&utm_source=api
https://funnytools.win/guides/camelcase-snake-case-kebab-case-guide/,zh-TW,guide,text,Unknown,,0,never crawled,2026-08-27,17,PAGE_FETCH_STATE_UNSPECIFIED,https://search.google.com/search-console/inspect?resource_id=sc-domain:funnytools.win&id=PHl5ZgoPHWdEHwRCt0o4Vg&utm_medium=link&utm_source=api
https://funnytools.win/guides/chart-flowchart-alt-text-accessibility/,zh-TW,guide,drawing,Unknown,,0,never crawled,2026-08-27,17,PAGE_FETCH_STATE_UNSPECIFIED,https://search.google.com/search-console/inspect?resource_id=sc-domain:funnytools.win&id=EvOIPlqPZ9oXJrqiNR7piA&utm_medium=link&utm_source=api
https://funnytools.win/guides/chart-or-flowchart-selection-guide/,zh-TW,guide,drawing,Unknown,,0,never crawled,2026-08-27,17,PAGE_FETCH_STATE_UNSPECIFIED,https://search.google.com/search-console/inspect?resource_id=sc-domain:funnytools.win&id=Wy6e3P5bILznkm7FMtBbYQ&utm_medium=link&utm_source=api
https://funnytools.win/guides/chinese-english-mixed-word-count-guide/,zh-TW,guide,text,Unknown,,0,never crawled,2026-08-27,17,PAGE_FETCH_STATE_UNSPECIFIED,https://search.google.com/search-console/inspect?resource_id=sc-domain:funnytools.win&id=hwlsNtHJxQj5A8LM_PLfAQ&utm_medium=link&utm_source=api
https://funnytools.win/guides/classroom-group-roles-rotation-guide/,zh-TW,guide,random,Unknown,,0,never crawled,2026-09-03,10,PAGE_FETCH_STATE_UNSPECIFIED,https://search.google.com/search-console/inspect?resource_id=sc-domain:funnytools.win&id=aitKY9-v_ukMbq6orrGxqQ&utm_medium=link&utm_source=api
https://funnytools.win/guides/classroom-lottery-tool-guide/,zh-TW,guide,random,Unknown,,0,never crawled,2026-06-26,79,PAGE_FETCH_STATE_UNSPECIFIED,https://search.google.com/search-console/inspect?resource_id=sc-domain:funnytools.win&id=R1GUtNLdM8rWm3aKdAsLvQ&utm_medium=link&utm_source=api
https://funnytools.win/guides/classroom-random-group-absent-student-repair-guide/,zh-TW,guide,random,Unknown,,0,never crawled,2026-09-03,10,PAGE_FETCH_STATE_UNSPECIFIED,https://search.google.com/search-console/inspect?resource_id=sc-domain:funnytools.win&id=v15Oyvo7Mpo5Y61fPpT33A&utm_medium=link&utm_source=api
https://funnytools.win/guides/classroom-random-group-guide/,zh-TW,guide,random,Crawled Not Indexed,2026-07-16T22:00:11Z,58,>30 days,2026-06-26,79,SUCCESSFUL,https://search.google.com/search-console/inspect?resource_id=sc-domain:funnytools.win&id=5RHsoclOSIMugvKvEUtNyg&utm_medium=link&utm_source=api
https://funnytools.win/guides/classroom-random-group-materials-handoff-guide/,zh-TW,guide,random,Unknown,,0,never crawled,2026-09-03,10,PAGE_FETCH_STATE_UNSPECIFIED,https://search.google.com/search-console/inspect?resource_id=sc-domain:funnytools.win&id=fDySpuy2XzmFRy9jCfQqyA&utm_medium=link&utm_source=api
https://funnytools.win/guides/classroom-random-group-no-repeat-guide/,zh-TW,guide,random,Unknown,,0,never crawled,2026-09-03,10,PAGE_FETCH_STATE_UNSPECIFIED,https://search.google.com/search-console/inspect?resource_id=sc-domain:funnytools.win&id=286G6Zkryhzh0PLHIEHaMg&utm_medium=link&utm_source=api
https://funnytools.win/guides/classroom-random-group-seat-transition-guide/,zh-TW,guide,random,Unknown,,0,never crawled,2026-09-03,10,PAGE_FETCH_STATE_UNSPECIFIED,https://search.google.com/search-console/inspect?resource_id=sc-domain:funnytools.win&id=vycbWeOUBCx4amFVA4QsIA&utm_medium=link&utm_source=api
https://funnytools.win/guides/classroom-random-group-shareable-result-guide/,zh-TW,guide,random,Unknown,,0,never crawled,2026-09-03,10,PAGE_FETCH_STATE_UNSPECIFIED,https://search.google.com/search-console/inspect?resource_id=sc-domain:funnytools.win&id=EZpPx8PE1_eEHV2LbIBJWg&utm_medium=link&utm_source=api
https://funnytools.win/guides/classroom-random-group-size-balance-guide/,zh-TW,guide,random,Unknown,,0,never crawled,2026-09-03,10,PAGE_FETCH_STATE_UNSPECIFIED,https://search.google.com/search-console/inspect?resource_id=sc-domain:funnytools.win&id=aSYHPuZJIzFrmiRJwpP5gA&utm_medium=link&utm_source=api
https://funnytools.win/guides/classroom-random-picker-guide/,zh-TW,guide,random,Unknown,,0,never crawled,2026-06-26,79,PAGE_FETCH_STATE_UNSPECIFIED,https://search.google.com/search-console/inspect?resource_id=sc-domain:funnytools.win&id=qnQWQqJv4LHUReA1PTYXrQ&utm_medium=link&utm_source=api
https://funnytools.win/guides/classroom-timer-guide/,zh-TW,guide,time,Crawled Not Indexed,2026-08-08T08:50:59Z,35,>30 days,2026-06-26,79,SUCCESSFUL,https://search.google.com/search-console/inspect?resource_id=sc-domain:funnytools.win&id=FKzwD0PC1q-YowjJjsvJyQ&utm_medium=link&utm_source=api
https://funnytools.win/guides/clean-copied-text-from-pdf-web-guide/,zh-TW,guide,pdf,Unknown,,0,never crawled,2026-08-27,17,PAGE_FETCH_STATE_UNSPECIFIED,https://search.google.com/search-console/inspect?resource_id=sc-domain:funnytools.win&id=osK7pcwJJrARKOKP7rQZRA&utm_medium=link&utm_source=api
https://funnytools.win/guides/code128-vs-code39-guide/,zh-TW,guide,general,Unknown,,0,never crawled,2026-08-27,17,PAGE_FETCH_STATE_UNSPECIFIED,https://search.google.com/search-console/inspect?resource_id=sc-domain:funnytools.win&id=E1KxxQRiMUJv-XKSE_YZEw&utm_medium=link&utm_source=api
https://funnytools.win/guides/compress-image-to-upload-limit/,zh-TW,guide,image,Unknown,,0,never crawled,2026-08-27,17,PAGE_FETCH_STATE_UNSPECIFIED,https://search.google.com/search-console/inspect?resource_id=sc-domain:funnytools.win&id=FNnFJo-Cgvp1X-DKH4Z86A&utm_medium=link&utm_source=api
https://funnytools.win/guides/compress-pdf-to-upload-limit/,zh-TW,guide,pdf,Unknown,,0,never crawled,2026-08-27,17,PAGE_FETCH_STATE_UNSPECIFIED,https://search.google.com/search-console/inspect?resource_id=sc-domain:funnytools.win&id=V3jll5dKtONvTeUaMhGv6Q&utm_medium=link&utm_source=api
https://funnytools.win/guides/confidence-interval-95-guide/,zh-TW,guide,general,Unknown,,0,never crawled,2026-08-27,17,PAGE_FETCH_STATE_UNSPECIFIED,https://search.google.com/search-console/inspect?resource_id=sc-domain:funnytools.win&id=0fzOGLsu5Hwu2nN49-nN4A&utm_medium=link&utm_source=api
https://funnytools.win/guides/countdown-stopwatch-pomodoro-comparison/,zh-TW,guide,time,Unknown,,0,never crawled,2026-08-27,17,PAGE_FETCH_STATE_UNSPECIFIED,https://search.google.com/search-console/inspect?resource_id=sc-domain:funnytools.win&id=tTraF_wtoZ1F4LS4Nt_LzA&utm_medium=link&utm_source=api
https://funnytools.win/guides/cronbach-alpha-interpretation/,zh-TW,guide,statistics,Unknown,,0,never crawled,2026-08-27,17,PAGE_FETCH_STATE_UNSPECIFIED,https://search.google.com/search-console/inspect?resource_id=sc-domain:funnytools.win&id=KStq-Hm2DTQUL5-QnWDyFA&utm_medium=link&utm_source=api
https://funnytools.win/guides/crop-vs-resize-vs-compress-image/,zh-TW,guide,image,Unknown,,0,never crawled,2026-08-27,17,PAGE_FETCH_STATE_UNSPECIFIED,https://search.google.com/search-console/inspect?resource_id=sc-domain:funnytools.win&id=pOMf5HX4ACNMAX47x-RcAw&utm_medium=link&utm_source=api
https://funnytools.win/guides/csv-to-json-conversion-guide/,zh-TW,guide,text,Unknown,,0,never crawled,2026-08-27,17,PAGE_FETCH_STATE_UNSPECIFIED,https://search.google.com/search-console/inspect?resource_id=sc-domain:funnytools.win&id=aeFC2j4GUe2lZA9lU3iCwA&utm_medium=link&utm_source=api
https://funnytools.win/guides/csv-to-json-header-duplicate-column-guide/,zh-TW,guide,text,Unknown,,0,never crawled,2026-09-03,10,PAGE_FETCH_STATE_UNSPECIFIED,https://search.google.com/search-console/inspect?resource_id=sc-domain:funnytools.win&id=sMVt1lYwzYt-Xa-5krp_zg&utm_medium=link&utm_source=api
https://funnytools.win/guides/csv-utf8-bom-excel-garbled-text/,zh-TW,guide,text,Unknown,,0,never crawled,2026-08-27,17,PAGE_FETCH_STATE_UNSPECIFIED,https://search.google.com/search-console/inspect?resource_id=sc-domain:funnytools.win&id=6YlKmGL05KhDAbjoIlkVcg&utm_medium=link&utm_source=api
https://funnytools.win/guides/cvc-word-families-guide/,zh-TW,guide,text,Unknown,,0,never crawled,2026-07-31,44,PAGE_FETCH_STATE_UNSPECIFIED,https://search.google.com/search-console/inspect?resource_id=sc-domain:funnytools.win&id=vmrvm4OU_qVJfxD1bk7EIA&utm_medium=link&utm_source=api
https://funnytools.win/guides/date-arithmetic-end-of-month-dst-guide/,zh-TW,guide,time,Unknown,,0,never crawled,2026-08-27,17,PAGE_FETCH_STATE_UNSPECIFIED,https://search.google.com/search-console/inspect?resource_id=sc-domain:funnytools.win&id=UdxRkoRUUppiyMdnsUkrQA&utm_medium=link&utm_source=api
https://funnytools.win/guides/date-difference-inclusive-exclusive-guide/,zh-TW,guide,time,Unknown,,0,never crawled,2026-08-27,17,PAGE_FETCH_STATE_UNSPECIFIED,https://search.google.com/search-console/inspect?resource_id=sc-domain:funnytools.win&id=p3qSo4Xckze21pLbcrLtCw&utm_medium=link&utm_source=api
https://funnytools.win/guides/decision-tree-vs-flowchart-guide/,zh-TW,guide,drawing,Unknown,,0,never crawled,2026-08-27,17,PAGE_FETCH_STATE_UNSPECIFIED,https://search.google.com/search-console/inspect?resource_id=sc-domain:funnytools.win&id=h5cS4J2y2wnxQ-8PnBcOgQ&utm_medium=link&utm_source=api
https://funnytools.win/guides/delete-blank-pages-from-pdf/,zh-TW,guide,pdf,Unknown,,0,never crawled,2026-08-27,17,PAGE_FETCH_STATE_UNSPECIFIED,https://search.google.com/search-console/inspect?resource_id=sc-domain:funnytools.win&id=cTlIKLYSkkoRC3TcrfwwIw&utm_medium=link&utm_source=api
https://funnytools.win/guides/dice-probability-random-streaks-guide/,zh-TW,guide,random,Unknown,,0,never crawled,2026-08-27,17,PAGE_FETCH_STATE_UNSPECIFIED,https://search.google.com/search-console/inspect?resource_id=sc-domain:funnytools.win&id=G8Xa-wFZMqK0cylJ_eOaVw&utm_medium=link&utm_source=api
https://funnytools.win/guides/ean13-upca-check-digit-gs1-guide/,zh-TW,guide,general,Unknown,,0,never crawled,2026-08-27,17,PAGE_FETCH_STATE_UNSPECIFIED,https://search.google.com/search-console/inspect?resource_id=sc-domain:funnytools.win&id=uKReIhOeZsIxWAKIzyPs0w&utm_medium=link&utm_source=api
https://funnytools.win/guides/effect-size-guide/,zh-TW,guide,general,Unknown,,0,never crawled,2026-08-27,17,PAGE_FETCH_STATE_UNSPECIFIED,https://search.google.com/search-console/inspect?resource_id=sc-domain:funnytools.win&id=2rvYdH1dDpwc-LGQhY7PJQ&utm_medium=link&utm_source=api
https://funnytools.win/guides/emoji-character-count-grapheme-guide/,zh-TW,guide,text,Unknown,,0,never crawled,2026-08-27,17,PAGE_FETCH_STATE_UNSPECIFIED,https://search.google.com/search-console/inspect?resource_id=sc-domain:funnytools.win&id=GV50eKr_LdghX6MiY8GErg&utm_medium=link&utm_source=api
https://funnytools.win/guides/extra-credit-over-100-grade-guide/,zh-TW,guide,statistics,Unknown,,0,never crawled,2026-08-27,17,PAGE_FETCH_STATE_UNSPECIFIED,https://search.google.com/search-console/inspect?resource_id=sc-domain:funnytools.win&id=Onis2U6WiqC6s4v5EdFQ7w&utm_medium=link&utm_source=api
https://funnytools.win/guides/extract-specific-pages-from-pdf/,zh-TW,guide,pdf,Unknown,,0,never crawled,2026-08-27,17,PAGE_FETCH_STATE_UNSPECIFIED,https://search.google.com/search-console/inspect?resource_id=sc-domain:funnytools.win&id=lVl3FboxovXBLad_m6v0iQ&utm_medium=link&utm_source=api
https://funnytools.win/guides/fair-random-draw-audit-guide/,zh-TW,guide,random,Unknown,,0,never crawled,2026-08-27,17,PAGE_FETCH_STATE_UNSPECIFIED,https://search.google.com/search-console/inspect?resource_id=sc-domain:funnytools.win&id=xwCSPBGKZkV4tCIISfoBlw&utm_medium=link&utm_source=api
https://funnytools.win/guides/fair-student-grouping-guide/,zh-TW,guide,random,Crawled Not Indexed,2026-08-22T20:33:34Z,21,15–30 days,2026-06-26,79,SUCCESSFUL,https://search.google.com/search-console/inspect?resource_id=sc-domain:funnytools.win&id=xpvPn6FP-GU2xvsXqNFlMg&utm_medium=link&utm_source=api
https://funnytools.win/guides/file-size-units-guide/,zh-TW,guide,general,Unknown,,0,never crawled,2026-07-28,47,PAGE_FETCH_STATE_UNSPECIFIED,https://search.google.com/search-console/inspect?resource_id=sc-domain:funnytools.win&id=Xab94MPMSZ1ezZk0h8pdwQ&utm_medium=link&utm_source=api
https://funnytools.win/guides/final-exam-score-needed-guide/,zh-TW,guide,statistics,Unknown,,0,never crawled,2026-08-27,17,PAGE_FETCH_STATE_UNSPECIFIED,https://search.google.com/search-console/inspect?resource_id=sc-domain:funnytools.win&id=GNGNj_qi01JKa1jNBPYGIQ&utm_medium=link&utm_source=api
https://funnytools.win/guides/flowchart-design-checklist/,zh-TW,guide,drawing,Unknown,,0,never crawled,2026-08-27,17,PAGE_FETCH_STATE_UNSPECIFIED,https://search.google.com/search-console/inspect?resource_id=sc-domain:funnytools.win&id=VFx-CpxXLhyze1aNNjL-EA&utm_medium=link&utm_source=api
https://funnytools.win/guides/flowchart-symbols-guide/,zh-TW,guide,drawing,Unknown,,0,never crawled,2026-08-27,17,PAGE_FETCH_STATE_UNSPECIFIED,https://search.google.com/search-console/inspect?resource_id=sc-domain:funnytools.win&id=D0FExH_b_cN2z74Xsh6WEw&utm_medium=link&utm_source=api
https://funnytools.win/guides/gpa-4-0-vs-4-3-guide/,zh-TW,guide,statistics,Unknown,,0,never crawled,2026-08-27,17,PAGE_FETCH_STATE_UNSPECIFIED,https://search.google.com/search-console/inspect?resource_id=sc-domain:funnytools.win&id=77ZEQQD0427OUFh8Rc26nA&utm_medium=link&utm_source=api
https://funnytools.win/guides/gpa-credit-weighted-formula-guide/,zh-TW,guide,statistics,Unknown,,0,never crawled,2026-08-27,17,PAGE_FETCH_STATE_UNSPECIFIED,https://search.google.com/search-console/inspect?resource_id=sc-domain:funnytools.win&id=9kxS8ckLERrvu5m9ctv-qA&utm_medium=link&utm_source=api
https://funnytools.win/guides/grade-rounding-cutoff-guide/,zh-TW,guide,statistics,Unknown,,0,never crawled,2026-08-27,17,PAGE_FETCH_STATE_UNSPECIFIED,https://search.google.com/search-console/inspect?resource_id=sc-domain:funnytools.win&id=Z7vZiBS1EcYxrZDFZHI--w&utm_medium=link&utm_source=api
https://funnytools.win/guides/grades-gpa/,zh-TW,guide,statistics,Unknown,,0,never crawled,2026-09-04,9,PAGE_FETCH_STATE_UNSPECIFIED,https://search.google.com/search-console/inspect?resource_id=sc-domain:funnytools.win&id=H6omsaxGICGdKPJ2PnB-3w&utm_medium=link&utm_source=api
https://funnytools.win/guides/household-physics-demos-guide/,zh-TW,guide,general,Unknown,,0,never crawled,2026-08-01,43,PAGE_FETCH_STATE_UNSPECIFIED,https://search.google.com/search-console/inspect?resource_id=sc-domain:funnytools.win&id=4j4jc0vjgQHElCMTpcAXHQ&utm_medium=link&utm_source=api
https://funnytools.win/guides/image-base64-data-uri-guide/,zh-TW,guide,image,Unknown,,0,never crawled,2026-08-27,17,PAGE_FETCH_STATE_UNSPECIFIED,https://search.google.com/search-console/inspect?resource_id=sc-domain:funnytools.win&id=d3ooeyK19MmX8zltKBKlng&utm_medium=link&utm_source=api
https://funnytools.win/guides/image-color-profile-web-print-guide/,zh-TW,guide,image,Unknown,,0,never crawled,2026-09-03,10,PAGE_FETCH_STATE_UNSPECIFIED,https://search.google.com/search-console/inspect?resource_id=sc-domain:funnytools.win&id=KzNiArqGcIhaHC3A42iVNQ&utm_medium=link&utm_source=api
https://funnytools.win/guides/image-compression-email-guide/,zh-TW,guide,image,Unknown,,0,never crawled,2026-07-20,55,PAGE_FETCH_STATE_UNSPECIFIED,https://search.google.com/search-console/inspect?resource_id=sc-domain:funnytools.win&id=pzamnmi0_-m_zGSg8nUjhg&utm_medium=link&utm_source=api
https://funnytools.win/guides/image-compression-quality-size-guide/,zh-TW,guide,image,Unknown,,0,never crawled,2026-09-03,10,PAGE_FETCH_STATE_UNSPECIFIED,https://search.google.com/search-console/inspect?resource_id=sc-domain:funnytools.win&id=a4-DA8Z-QQ6SGqqW_yLz-w&utm_medium=link&utm_source=api
https://funnytools.win/guides/image-compressor-metadata-privacy-guide/,zh-TW,guide,image,Unknown,,0,never crawled,2026-09-03,10,PAGE_FETCH_STATE_UNSPECIFIED,https://search.google.com/search-console/inspect?resource_id=sc-domain:funnytools.win&id=D4XhSgp40R4DtXo0FhlOiA&utm_medium=link&utm_source=api
https://funnytools.win/guides/image-resampling-quality-guide/,zh-TW,guide,image,Unknown,,0,never crawled,2026-09-03,10,PAGE_FETCH_STATE_UNSPECIFIED,https://search.google.com/search-console/inspect?resource_id=sc-domain:funnytools.win&id=JpB6hDP_9LqYOgJU7Ru_KQ&utm_medium=link&utm_source=api
https://funnytools.win/guides/image-resize-aspect-ratio-guide/,zh-TW,guide,image,Unknown,,0,never crawled,2026-09-03,10,PAGE_FETCH_STATE_UNSPECIFIED,https://search.google.com/search-console/inspect?resource_id=sc-domain:funnytools.win&id=en-ZLo_nrvP2fs6qID2Emg&utm_medium=link&utm_source=api
https://funnytools.win/guides/image-resolution-print-web-guide/,zh-TW,guide,image,Unknown,,0,never crawled,2026-09-03,10,PAGE_FETCH_STATE_UNSPECIFIED,https://search.google.com/search-console/inspect?resource_id=sc-domain:funnytools.win&id=YBmyNi7isVI_rKSQWInJ-A&utm_medium=link&utm_source=api
https://funnytools.win/guides/image-upload-failed-troubleshooting/,zh-TW,guide,image,Unknown,,0,never crawled,2026-08-27,17,PAGE_FETCH_STATE_UNSPECIFIED,https://search.google.com/search-console/inspect?resource_id=sc-domain:funnytools.win&id=sRmKQ2Wx3iWvszjq9Vx2xw&utm_medium=link&utm_source=api
https://funnytools.win/guides/independent-vs-paired-t-test/,zh-TW,guide,general,Unknown,,0,never crawled,2026-08-27,17,PAGE_FETCH_STATE_UNSPECIFIED,https://search.google.com/search-console/inspect?resource_id=sc-domain:funnytools.win&id=m9gzIx0aCUa2tTZ1bopg2Q&utm_medium=link&utm_source=api
https://funnytools.win/guides/invisible-spaces-nbsp-zero-width-guide/,zh-TW,guide,general,Unknown,,0,never crawled,2026-08-27,17,PAGE_FETCH_STATE_UNSPECIFIED,https://search.google.com/search-console/inspect?resource_id=sc-domain:funnytools.win&id=kBuH9mKnpvt3iFmICBCFwQ&utm_medium=link&utm_source=api
https://funnytools.win/guides/iso-8601-utc-offset-guide/,zh-TW,guide,general,Unknown,,0,never crawled,2026-08-27,17,PAGE_FETCH_STATE_UNSPECIFIED,https://search.google.com/search-console/inspect?resource_id=sc-domain:funnytools.win&id=d9DTX-l-Hc543kDXnybEaw&utm_medium=link&utm_source=api
https://funnytools.win/guides/jpg-png-webp-which-to-use/,zh-TW,guide,image,Unknown,,0,never crawled,2026-08-27,17,PAGE_FETCH_STATE_UNSPECIFIED,https://search.google.com/search-console/inspect?resource_id=sc-domain:funnytools.win&id=sRRg1jRikdOy-00Bh_Kz7g&utm_medium=link&utm_source=api
https://funnytools.win/guides/json-error-fix-guide/,zh-TW,guide,text,Unknown,,0,never crawled,2026-08-27,17,PAGE_FETCH_STATE_UNSPECIFIED,https://search.google.com/search-console/inspect?resource_id=sc-domain:funnytools.win&id=ff-BCc-m5m2gxtU9GaXnsA&utm_medium=link&utm_source=api
https://funnytools.win/guides/json-formatter-trailing-comma-error-guide/,zh-TW,guide,text,Unknown,,0,never crawled,2026-09-03,10,PAGE_FETCH_STATE_UNSPECIFIED,https://search.google.com/search-console/inspect?resource_id=sc-domain:funnytools.win&id=G14gcapRVO95qn6uVGcEeA&utm_medium=link&utm_source=api
https://funnytools.win/guides/json-to-csv-excel-guide/,zh-TW,guide,text,Unknown,,0,never crawled,2026-08-27,17,PAGE_FETCH_STATE_UNSPECIFIED,https://search.google.com/search-console/inspect?resource_id=sc-domain:funnytools.win&id=AMB_7Z2Qeu1PmNogZc5DMQ&utm_medium=link&utm_source=api
https://funnytools.win/guides/line-breaks-lf-crlf-guide/,zh-TW,guide,text,Unknown,,0,never crawled,2026-08-27,17,PAGE_FETCH_STATE_UNSPECIFIED,https://search.google.com/search-console/inspect?resource_id=sc-domain:funnytools.win&id=WxFVCtiHouLdwCTyiHH5tw&utm_medium=link&utm_source=api
https://funnytools.win/guides/markdown-syntax-preview-guide/,zh-TW,guide,text,Unknown,,0,never crawled,2026-08-27,17,PAGE_FETCH_STATE_UNSPECIFIED,https://search.google.com/search-console/inspect?resource_id=sc-domain:funnytools.win&id=LPbMKtb-JHLC-oWnRBCIAg&utm_medium=link&utm_source=api
https://funnytools.win/guides/mean-median-mode-when-to-use/,zh-TW,guide,statistics,Unknown,,0,never crawled,2026-08-27,17,PAGE_FETCH_STATE_UNSPECIFIED,https://search.google.com/search-console/inspect?resource_id=sc-domain:funnytools.win&id=0ixcmVlbAFFEe2sa-24D_Q&utm_medium=link&utm_source=api
https://funnytools.win/guides/merge-pdf-bookmarks-navigation-guide/,zh-TW,guide,pdf,Unknown,,0,never crawled,2026-09-03,10,PAGE_FETCH_STATE_UNSPECIFIED,https://search.google.com/search-console/inspect?resource_id=sc-domain:funnytools.win&id=3PvwkA2HZE9JfvqD2kY04w&utm_medium=link&utm_source=api
https://funnytools.win/guides/merge-pdf-page-size-orientation-guide/,zh-TW,guide,pdf,Unknown,,0,never crawled,2026-09-03,10,PAGE_FETCH_STATE_UNSPECIFIED,https://search.google.com/search-console/inspect?resource_id=sc-domain:funnytools.win&id=QD4hgo93rgByHqhIXWcvwg&utm_medium=link&utm_source=api
https://funnytools.win/guides/merge-pdf-private-guide/,zh-TW,guide,pdf,Unknown,,0,never crawled,2026-07-17,58,PAGE_FETCH_STATE_UNSPECIFIED,https://search.google.com/search-console/inspect?resource_id=sc-domain:funnytools.win&id=DjpbqTNSrbkE04QDEuX-eg&utm_medium=link&utm_source=api
https://funnytools.win/guides/merge-pdf-reading-order-checklist-guide/,zh-TW,guide,pdf,Unknown,,0,never crawled,2026-09-03,10,PAGE_FETCH_STATE_UNSPECIFIED,https://search.google.com/search-console/inspect?resource_id=sc-domain:funnytools.win&id=f9NItZo5RKUuBStpUSZmMA&utm_medium=link&utm_source=api
https://funnytools.win/guides/misleading-chart-common-errors/,zh-TW,guide,drawing,Unknown,,0,never crawled,2026-08-27,17,PAGE_FETCH_STATE_UNSPECIFIED,https://search.google.com/search-console/inspect?resource_id=sc-domain:funnytools.win&id=fFjVNWCFeLCG1LldwGtPiQ&utm_medium=link&utm_source=api
https://funnytools.win/guides/missing-assignment-zero-exempt-guide/,zh-TW,guide,general,Unknown,,0,never crawled,2026-08-27,17,PAGE_FETCH_STATE_UNSPECIFIED,https://search.google.com/search-console/inspect?resource_id=sc-domain:funnytools.win&id=tSR9taWUxAWxYFREnXVOyQ&utm_medium=link&utm_source=api
https://funnytools.win/guides/multiplication-fact-fluency-guide/,zh-TW,guide,general,Unknown,,0,never crawled,2026-07-29,46,PAGE_FETCH_STATE_UNSPECIFIED,https://search.google.com/search-console/inspect?resource_id=sc-domain:funnytools.win&id=7s0_UvyFOdX-1Pr5VqVfeg&utm_medium=link&utm_source=api
https://funnytools.win/guides/optimize-images-for-website/,zh-TW,guide,image,Unknown,,0,never crawled,2026-08-27,17,PAGE_FETCH_STATE_UNSPECIFIED,https://search.google.com/search-console/inspect?resource_id=sc-domain:funnytools.win&id=cbNZJgtCUP5c4qF4mBKRag&utm_medium=link&utm_source=api
https://funnytools.win/guides/outlier-detection-iqr-z-score-boxplot/,zh-TW,guide,statistics,Unknown,,0,never crawled,2026-08-27,17,PAGE_FETCH_STATE_UNSPECIFIED,https://search.google.com/search-console/inspect?resource_id=sc-domain:funnytools.win&id=B601KZKZneyFaZ2wKRtIsw&utm_medium=link&utm_source=api
https://funnytools.win/guides/p-value-interpretation/,zh-TW,guide,general,Unknown,,0,never crawled,2026-08-27,17,PAGE_FETCH_STATE_UNSPECIFIED,https://search.google.com/search-console/inspect?resource_id=sc-domain:funnytools.win&id=y7m7ODxGj2JHo401c19ftw&utm_medium=link&utm_source=api
https://funnytools.win/guides/password-manager-mfa-passkey-guide/,zh-TW,guide,text,Unknown,,0,never crawled,2026-08-27,17,PAGE_FETCH_STATE_UNSPECIFIED,https://search.google.com/search-console/inspect?resource_id=sc-domain:funnytools.win&id=GzDRPG7dGU8S31Sz9UB9hw&utm_medium=link&utm_source=api
https://funnytools.win/guides/password-strength-basics-guide/,zh-TW,guide,text,Unknown,,0,never crawled,2026-07-27,48,PAGE_FETCH_STATE_UNSPECIFIED,https://search.google.com/search-console/inspect?resource_id=sc-domain:funnytools.win&id=SOJOHPsSfbNqwrn1pgakOA&utm_medium=link&utm_source=api
https://funnytools.win/guides/pdf-accessibility-reading-order-check-guide/,zh-TW,guide,pdf,Unknown,,0,never crawled,2026-09-03,10,PAGE_FETCH_STATE_UNSPECIFIED,https://search.google.com/search-console/inspect?resource_id=sc-domain:funnytools.win&id=sbPJrtUFj6suNBc1n4MGMQ&utm_medium=link&utm_source=api
https://funnytools.win/guides/pdf-compressor-email-attachment-guide/,zh-TW,guide,pdf,Unknown,,0,never crawled,2026-09-03,10,PAGE_FETCH_STATE_UNSPECIFIED,https://search.google.com/search-console/inspect?resource_id=sc-domain:funnytools.win&id=z-VNkp-jMsz9d594Pgh7pA&utm_medium=link&utm_source=api
https://funnytools.win/guides/pdf-compressor-form-fields-links-guide/,zh-TW,guide,pdf,Unknown,,0,never crawled,2026-09-03,10,PAGE_FETCH_STATE_UNSPECIFIED,https://search.google.com/search-console/inspect?resource_id=sc-domain:funnytools.win&id=hVBtkrveAmyDMEUez6t2BQ&utm_medium=link&utm_source=api
https://funnytools.win/guides/pdf-page-reorder-appendix-merge-check-guide/,zh-TW,guide,pdf,Unknown,,0,never crawled,2026-09-03,10,PAGE_FETCH_STATE_UNSPECIFIED,https://search.google.com/search-console/inspect?resource_id=sc-domain:funnytools.win&id=q7QlVXf0ZH0qnXZdlDQmjg&utm_medium=link&utm_source=api
https://funnytools.win/guides/pdf-split-vs-extract-vs-delete/,zh-TW,guide,pdf,Unknown,,0,never crawled,2026-09-04,9,PAGE_FETCH_STATE_UNSPECIFIED,https://search.google.com/search-console/inspect?resource_id=sc-domain:funnytools.win&id=Ef23AHiGNcCnTP5b0D7T2A&utm_medium=link&utm_source=api
https://funnytools.win/guides/pdf-table-to-excel-header-check-guide/,zh-TW,guide,pdf,Unknown,,0,never crawled,2026-09-03,10,PAGE_FETCH_STATE_UNSPECIFIED,https://search.google.com/search-console/inspect?resource_id=sc-domain:funnytools.win&id=6-jIG5VYMkcze3tmAiX9FA&utm_medium=link&utm_source=api
https://funnytools.win/guides/pdf-to-image-background-contrast-guide/,zh-TW,guide,pdf,Unknown,,0,never crawled,2026-09-03,10,PAGE_FETCH_STATE_UNSPECIFIED,https://search.google.com/search-console/inspect?resource_id=sc-domain:funnytools.win&id=UzF-KhAJ_3FjqFpAFT1yPw&utm_medium=link&utm_source=api
https://funnytools.win/guides/pdf-to-image-multipage-download-guide/,zh-TW,guide,pdf,Unknown,,0,never crawled,2026-09-03,10,PAGE_FETCH_STATE_UNSPECIFIED,https://search.google.com/search-console/inspect?resource_id=sc-domain:funnytools.win&id=gG9daDmoed9BpUk3oJU7Mw&utm_medium=link&utm_source=api
https://funnytools.win/guides/pdf-to-image-print-crop-marks-guide/,zh-TW,guide,pdf,Unknown,,0,never crawled,2026-09-03,10,PAGE_FETCH_STATE_UNSPECIFIED,https://search.google.com/search-console/inspect?resource_id=sc-domain:funnytools.win&id=Gd2YJowssFmK23wnxWIMUw&utm_medium=link&utm_source=api
https://funnytools.win/guides/pdf-to-image-raster-text-search-guide/,zh-TW,guide,pdf,Unknown,,0,never crawled,2026-09-03,10,PAGE_FETCH_STATE_UNSPECIFIED,https://search.google.com/search-console/inspect?resource_id=sc-domain:funnytools.win&id=yNXcG5VCnw9AXm_wbEZVTQ&utm_medium=link&utm_source=api
https://funnytools.win/guides/pdf-to-image-resolution-guide/,zh-TW,guide,pdf,Unknown,,0,never crawled,2026-09-03,10,PAGE_FETCH_STATE_UNSPECIFIED,https://search.google.com/search-console/inspect?resource_id=sc-domain:funnytools.win&id=kCk0DROgteQmJlH4XJrxpA&utm_medium=link&utm_source=api
https://funnytools.win/guides/pdf-to-jpg-vs-png/,zh-TW,guide,pdf,Unknown,,0,never crawled,2026-08-27,17,PAGE_FETCH_STATE_UNSPECIFIED,https://search.google.com/search-console/inspect?resource_id=sc-domain:funnytools.win&id=y_JLHkvso5tqSv3cfnX0AQ&utm_medium=link&utm_source=api
https://funnytools.win/guides/pdf-to-word-form-field-editing-guide/,zh-TW,guide,pdf,Unknown,,0,never crawled,2026-09-03,10,PAGE_FETCH_STATE_UNSPECIFIED,https://search.google.com/search-console/inspect?resource_id=sc-domain:funnytools.win&id=BheF5DoLAoQMM8WQemLCwA&utm_medium=link&utm_source=api
https://funnytools.win/guides/pdf-to-word-layout-fidelity-guide/,zh-TW,guide,pdf,Unknown,,0,never crawled,2026-09-03,10,PAGE_FETCH_STATE_UNSPECIFIED,https://search.google.com/search-console/inspect?resource_id=sc-domain:funnytools.win&id=MUKQn_GpYo9_V7lPy1NJeg&utm_medium=link&utm_source=api
https://funnytools.win/guides/pdf-to-word-ocr-language-check-guide/,zh-TW,guide,pdf,Unknown,,0,never crawled,2026-09-03,10,PAGE_FETCH_STATE_UNSPECIFIED,https://search.google.com/search-console/inspect?resource_id=sc-domain:funnytools.win&id=5eYYtIZ6N7S4KPilGk_OIw&utm_medium=link&utm_source=api
https://funnytools.win/guides/pdf-to-word-review-track-changes-guide/,zh-TW,guide,pdf,Unknown,,0,never crawled,2026-09-03,10,PAGE_FETCH_STATE_UNSPECIFIED,https://search.google.com/search-console/inspect?resource_id=sc-domain:funnytools.win&id=k_LCL329e0ekSetwH_x2PA&utm_medium=link&utm_source=api
https://funnytools.win/guides/pdf-upload-failed-troubleshooting/,zh-TW,guide,pdf,Unknown,,0,never crawled,2026-09-04,9,PAGE_FETCH_STATE_UNSPECIFIED,https://search.google.com/search-console/inspect?resource_id=sc-domain:funnytools.win&id=PQSzSAYkOeCHlDJEOBV1XQ&utm_medium=link&utm_source=api
https://funnytools.win/guides/pearson-vs-spearman-correlation/,zh-TW,guide,statistics,Unknown,,0,never crawled,2026-08-27,17,PAGE_FETCH_STATE_UNSPECIFIED,https://search.google.com/search-console/inspect?resource_id=sc-domain:funnytools.win&id=xxYExxZWiS1tKbjKkc-goQ&utm_medium=link&utm_source=api
https://funnytools.win/guides/percentage-grade-to-gpa-conversion-guide/,zh-TW,guide,statistics,Unknown,,0,never crawled,2026-09-04,9,PAGE_FETCH_STATE_UNSPECIFIED,https://search.google.com/search-console/inspect?resource_id=sc-domain:funnytools.win&id=DZijvjOAXVdxHbHlaDpmfA&utm_medium=link&utm_source=api
https://funnytools.win/guides/percentage-shortcuts-guide/,zh-TW,guide,general,Unknown,,0,never crawled,2026-07-23,52,PAGE_FETCH_STATE_UNSPECIFIED,https://search.google.com/search-console/inspect?resource_id=sc-domain:funnytools.win&id=ZIcbG5dYvPrnx-tV1bRTDg&utm_medium=link&utm_source=api
https://funnytools.win/guides/percentile-rank-guide/,zh-TW,guide,statistics,Unknown,,0,never crawled,2026-06-25,80,PAGE_FETCH_STATE_UNSPECIFIED,https://search.google.com/search-console/inspect?resource_id=sc-domain:funnytools.win&id=fRXYL66X_3QNWaEHXvxAxA&utm_medium=link&utm_source=api
https://funnytools.win/guides/photos-to-pdf-phone-guide/,zh-TW,guide,pdf,Unknown,,0,never crawled,2026-07-24,51,PAGE_FETCH_STATE_UNSPECIFIED,https://search.google.com/search-console/inspect?resource_id=sc-domain:funnytools.win&id=2g1b083QafbR-b9l458i0w&utm_medium=link&utm_source=api
https://funnytools.win/guides/pie-chart-percentage-guide/,zh-TW,guide,drawing,Unknown,,0,never crawled,2026-08-27,17,PAGE_FETCH_STATE_UNSPECIFIED,https://search.google.com/search-console/inspect?resource_id=sc-domain:funnytools.win&id=ch7BviRcMY9X84Wtn8zKYg&utm_medium=link&utm_source=api
https://funnytools.win/guides/png-to-jpg-transparency-background/,zh-TW,guide,image,Unknown,,0,never crawled,2026-08-27,17,PAGE_FETCH_STATE_UNSPECIFIED,https://search.google.com/search-console/inspect?resource_id=sc-domain:funnytools.win&id=gi8CdqQRZgNoBHygln7Bxg&utm_medium=link&utm_source=api
https://funnytools.win/guides/pomodoro-25-5-focus-interval-guide/,zh-TW,guide,time,Unknown,,0,never crawled,2026-08-27,17,PAGE_FETCH_STATE_UNSPECIFIED,https://search.google.com/search-console/inspect?resource_id=sc-domain:funnytools.win&id=sjjbcNmheDm1HfBCZ3G4Gg&utm_medium=link&utm_source=api
https://funnytools.win/guides/qr-barcode/,zh-TW,guide,general,Unknown,,0,never crawled,2026-09-04,9,PAGE_FETCH_STATE_UNSPECIFIED,https://search.google.com/search-console/inspect?resource_id=sc-domain:funnytools.win&id=givERTZVz-RPGVb-SvQexg&utm_medium=link&utm_source=api
https://funnytools.win/guides/qr-code-accessible-fallback-guide/,zh-TW,guide,general,Unknown,,0,never crawled,2026-09-03,10,PAGE_FETCH_STATE_UNSPECIFIED,https://search.google.com/search-console/inspect?resource_id=sc-domain:funnytools.win&id=b7oFgkFrGsNcMBMh65aUBw&utm_medium=link&utm_source=api
https://funnytools.win/guides/qr-code-before-print-testing-guide/,zh-TW,guide,general,Unknown,,0,never crawled,2026-09-02,11,PAGE_FETCH_STATE_UNSPECIFIED,https://search.google.com/search-console/inspect?resource_id=sc-domain:funnytools.win&id=v0L_TU5SMjjBx2xRvU8cVg&utm_medium=link&utm_source=api
https://funnytools.win/guides/qr-code-classroom-guide/,zh-TW,guide,general,Unknown,,0,never crawled,2026-07-22,53,PAGE_FETCH_STATE_UNSPECIFIED,https://search.google.com/search-console/inspect?resource_id=sc-domain:funnytools.win&id=s-0PGnpXq71AcWzjy_DY0A&utm_medium=link&utm_source=api
https://funnytools.win/guides/qr-code-destination-change-log-guide/,zh-TW,guide,general,Unknown,,0,never crawled,2026-09-03,10,PAGE_FETCH_STATE_UNSPECIFIED,https://search.google.com/search-console/inspect?resource_id=sc-domain:funnytools.win&id=R7P-AkB2haV3GdGL7KfnKg&utm_medium=link&utm_source=api
https://funnytools.win/guides/qr-code-event-page-expiry-guide/,zh-TW,guide,general,Unknown,,0,never crawled,2026-09-03,10,PAGE_FETCH_STATE_UNSPECIFIED,https://search.google.com/search-console/inspect?resource_id=sc-domain:funnytools.win&id=wxgJJ1EaGOWHARST8JaYzA&utm_medium=link&utm_source=api
https://funnytools.win/guides/qr-code-mobile-landing-page-guide/,zh-TW,guide,general,Unknown,,0,never crawled,2026-09-03,10,PAGE_FETCH_STATE_UNSPECIFIED,https://search.google.com/search-console/inspect?resource_id=sc-domain:funnytools.win&id=03fDPWqFhrcBZWjPJbNABA&utm_medium=link&utm_source=api
https://funnytools.win/guides/qr-code-multi-placement-consistency-guide/,zh-TW,guide,general,Unknown,,0,never crawled,2026-09-03,10,PAGE_FETCH_STATE_UNSPECIFIED,https://search.google.com/search-console/inspect?resource_id=sc-domain:funnytools.win&id=j1l-OUyUfZGtl-oH5-J5Cg&utm_medium=link&utm_source=api
https://funnytools.win/guides/qr-code-multilingual-switch-testing-guide/,zh-TW,guide,general,Unknown,,0,never crawled,2026-09-03,10,PAGE_FETCH_STATE_UNSPECIFIED,https://search.google.com/search-console/inspect?resource_id=sc-domain:funnytools.win&id=l66vyeDFRLbJb7AFUoQTCg&utm_medium=link&utm_source=api
https://funnytools.win/guides/qr-code-not-scanning-print-guide/,zh-TW,guide,general,Unknown,,0,never crawled,2026-08-27,17,PAGE_FETCH_STATE_UNSPECIFIED,https://search.google.com/search-console/inspect?resource_id=sc-domain:funnytools.win&id=aHd1jD3wTW2wTA-MkaC_WQ&utm_medium=link&utm_source=api
https://funnytools.win/guides/qr-code-payload-length-guide/,zh-TW,guide,general,Unknown,,0,never crawled,2026-09-03,10,PAGE_FETCH_STATE_UNSPECIFIED,https://search.google.com/search-console/inspect?resource_id=sc-domain:funnytools.win&id=GcU4-5OyFqSBG-xVnpKz_g&utm_medium=link&utm_source=api
https://funnytools.win/guides/qr-code-phishing-security-guide/,zh-TW,guide,security,Unknown,,0,never crawled,2026-08-27,17,PAGE_FETCH_STATE_UNSPECIFIED,https://search.google.com/search-console/inspect?resource_id=sc-domain:funnytools.win&id=6lDsE-NnxNR2wu3J1XFzBQ&utm_medium=link&utm_source=api
https://funnytools.win/guides/qr-code-scan-failure-field-troubleshooting-guide/,zh-TW,guide,general,Unknown,,0,never crawled,2026-09-03,10,PAGE_FETCH_STATE_UNSPECIFIED,https://search.google.com/search-console/inspect?resource_id=sc-domain:funnytools.win&id=R8bNuk94HBREjESnZd5YSg&utm_medium=link&utm_source=api
https://funnytools.win/guides/qr-code-utm-campaign-link-guide/,zh-TW,guide,general,Unknown,,0,never crawled,2026-09-03,10,PAGE_FETCH_STATE_UNSPECIFIED,https://search.google.com/search-console/inspect?resource_id=sc-domain:funnytools.win&id=h04n0ADvnw3nY5N2QwyMeQ&utm_medium=link&utm_source=api
https://funnytools.win/guides/qr-code-vs-barcode-guide/,zh-TW,guide,general,Unknown,,0,never crawled,2026-08-27,17,PAGE_FETCH_STATE_UNSPECIFIED,https://search.google.com/search-console/inspect?resource_id=sc-domain:funnytools.win&id=duw4L2fT3r4DWAjGfLUsWA&utm_medium=link&utm_source=api
https://funnytools.win/guides/qr-error-correction-logo-guide/,zh-TW,guide,general,Unknown,,0,never crawled,2026-08-27,17,PAGE_FETCH_STATE_UNSPECIFIED,https://search.google.com/search-console/inspect?resource_id=sc-domain:funnytools.win&id=b-hcgUAeOhRjPRCKDVUeIQ&utm_medium=link&utm_source=api
https://funnytools.win/guides/r-squared-adjusted-r-squared/,zh-TW,guide,general,Unknown,,0,never crawled,2026-08-27,17,PAGE_FETCH_STATE_UNSPECIFIED,https://search.google.com/search-console/inspect?resource_id=sc-domain:funnytools.win&id=lRNFZ_Ewbazens4awMsyLA&utm_medium=link&utm_source=api
https://funnytools.win/guides/random-password-length-security-guide/,zh-TW,guide,random,Unknown,,0,never crawled,2026-08-27,17,PAGE_FETCH_STATE_UNSPECIFIED,https://search.google.com/search-console/inspect?resource_id=sc-domain:funnytools.win&id=UyR7IafjeRL-Wn4Vo-vscQ&utm_medium=link&utm_source=api
https://funnytools.win/guides/random-sampling-with-without-replacement/,zh-TW,guide,random,Unknown,,0,never crawled,2026-08-27,17,PAGE_FETCH_STATE_UNSPECIFIED,https://search.google.com/search-console/inspect?resource_id=sc-domain:funnytools.win&id=gd4qnEJ3aR8Ysva3qKBkRA&utm_medium=link&utm_source=api
https://funnytools.win/guides/reading-time-estimate-guide/,zh-TW,guide,time,Unknown,,0,never crawled,2026-08-27,17,PAGE_FETCH_STATE_UNSPECIFIED,https://search.google.com/search-console/inspect?resource_id=sc-domain:funnytools.win&id=V64weZkLVvwcWsirPKzObg&utm_medium=link&utm_source=api
https://funnytools.win/guides/rejection-sampling-modulo-bias-guide/,zh-TW,guide,general,Unknown,,0,never crawled,2026-08-27,17,PAGE_FETCH_STATE_UNSPECIFIED,https://search.google.com/search-console/inspect?resource_id=sc-domain:funnytools.win&id=gQSBm0HCojQpa6jTc8Un4Q&utm_medium=link&utm_source=api
https://funnytools.win/guides/remove-duplicate-lines-guide/,zh-TW,guide,text,Unknown,,0,never crawled,2026-08-27,17,PAGE_FETCH_STATE_UNSPECIFIED,https://search.google.com/search-console/inspect?resource_id=sc-domain:funnytools.win&id=frd3f3ymRjfODLkVixDCzA&utm_medium=link&utm_source=api
https://funnytools.win/guides/reorder-rotate-pdf-pages/,zh-TW,guide,pdf,Unknown,,0,never crawled,2026-08-27,17,PAGE_FETCH_STATE_UNSPECIFIED,https://search.google.com/search-console/inspect?resource_id=sc-domain:funnytools.win&id=lqg4zWXT-9_IsVxYmISGqg&utm_medium=link&utm_source=api
https://funnytools.win/guides/resize-image-without-distortion/,zh-TW,guide,image,Unknown,,0,never crawled,2026-08-27,17,PAGE_FETCH_STATE_UNSPECIFIED,https://search.google.com/search-console/inspect?resource_id=sc-domain:funnytools.win&id=NzS8LzER-hn6IXiFOoEASg&utm_medium=link&utm_source=api
https://funnytools.win/guides/scanned-pdf-searchable-ocr-guide/,zh-TW,guide,pdf,Unknown,,0,never crawled,2026-08-27,17,PAGE_FETCH_STATE_UNSPECIFIED,https://search.google.com/search-console/inspect?resource_id=sc-domain:funnytools.win&id=Ws0ndxkvAkfSc0XQYH-n-Q&utm_medium=link&utm_source=api
https://funnytools.win/guides/seating-chart-changeover-routine-guide/,zh-TW,guide,drawing,Unknown,,0,never crawled,2026-09-03,10,PAGE_FETCH_STATE_UNSPECIFIED,https://search.google.com/search-console/inspect?resource_id=sc-domain:funnytools.win&id=CdUdrO-OyoS_DcMkTrg3Mw&utm_medium=link&utm_source=api
https://funnytools.win/guides/seating-chart-student-needs-intake-guide/,zh-TW,guide,drawing,Unknown,,0,never crawled,2026-09-03,10,PAGE_FETCH_STATE_UNSPECIFIED,https://search.google.com/search-console/inspect?resource_id=sc-domain:funnytools.win&id=6L-41rbl-xMVpXz_aVNpSA&utm_medium=link&utm_source=api
https://funnytools.win/guides/secure-random-vs-math-random-guide/,zh-TW,guide,random,Unknown,,0,never crawled,2026-08-27,17,PAGE_FETCH_STATE_UNSPECIFIED,https://search.google.com/search-console/inspect?resource_id=sc-domain:funnytools.win&id=LKuEuu2WBXe7m6tBFXT2tg&utm_medium=link&utm_source=api
https://funnytools.win/guides/semester-vs-cumulative-gpa-guide/,zh-TW,guide,statistics,Unknown,,0,never crawled,2026-08-27,17,PAGE_FETCH_STATE_UNSPECIFIED,https://search.google.com/search-console/inspect?resource_id=sc-domain:funnytools.win&id=jiUCcjkcFu2s2LdSzsXZ2A&utm_medium=link&utm_source=api
https://funnytools.win/guides/shapiro-wilk-normality-test/,zh-TW,guide,general,Unknown,,0,never crawled,2026-08-27,17,PAGE_FETCH_STATE_UNSPECIFIED,https://search.google.com/search-console/inspect?resource_id=sc-domain:funnytools.win&id=vlWZdsTtTO5l8LbgNStQOQ&utm_medium=link&utm_source=api
https://funnytools.win/guides/split-pdf-output-naming-batch-delivery-guide/,zh-TW,guide,pdf,Unknown,,0,never crawled,2026-09-03,10,PAGE_FETCH_STATE_UNSPECIFIED,https://search.google.com/search-console/inspect?resource_id=sc-domain:funnytools.win&id=SNGtMyaDSvhC1s0LWbN6cQ&utm_medium=link&utm_source=api
https://funnytools.win/guides/split-pdf-page-range-planning-guide/,zh-TW,guide,pdf,Unknown,,0,never crawled,2026-09-03,10,PAGE_FETCH_STATE_UNSPECIFIED,https://search.google.com/search-console/inspect?resource_id=sc-domain:funnytools.win&id=wv2wMuk_h_-myCkG_XLFDw&utm_medium=link&utm_source=api
https://funnytools.win/guides/spss-levene-test-guide/,zh-TW,guide,statistics,Crawled Not Indexed,2026-08-23T22:29:42Z,20,15–30 days,2026-06-25,80,SUCCESSFUL,https://search.google.com/search-console/inspect?resource_id=sc-domain:funnytools.win&id=uk-esgY76SEW_ljowzbGcA&utm_medium=link&utm_source=api
https://funnytools.win/guides/standard-deviation-vs-standard-error/,zh-TW,guide,general,Unknown,,0,never crawled,2026-08-27,17,PAGE_FETCH_STATE_UNSPECIFIED,https://search.google.com/search-console/inspect?resource_id=sc-domain:funnytools.win&id=wzp1msXbnHFlI7VTvMBCcw&utm_medium=link&utm_source=api
https://funnytools.win/guides/static-vs-dynamic-qr-code-guide/,zh-TW,guide,general,Unknown,,0,never crawled,2026-08-27,17,PAGE_FETCH_STATE_UNSPECIFIED,https://search.google.com/search-console/inspect?resource_id=sc-domain:funnytools.win&id=gSod_WVkbVLeWnyL8ZYd7w&utm_medium=link&utm_source=api
https://funnytools.win/guides/statistical-test-selection/,zh-TW,guide,statistics,Unknown,,0,never crawled,2026-08-27,17,PAGE_FETCH_STATE_UNSPECIFIED,https://search.google.com/search-console/inspect?resource_id=sc-domain:funnytools.win&id=lX8he0AzgHs91waYuJDYCg&utm_medium=link&utm_source=api
https://funnytools.win/guides/statistical-vs-practical-significance/,zh-TW,guide,statistics,Unknown,,0,never crawled,2026-08-27,17,PAGE_FETCH_STATE_UNSPECIFIED,https://search.google.com/search-console/inspect?resource_id=sc-domain:funnytools.win&id=Zt3wQk23EFWliAWepr5DQQ&utm_medium=link&utm_source=api
https://funnytools.win/guides/svg-vs-png-diagram-export/,zh-TW,guide,image,Unknown,,0,never crawled,2026-08-27,17,PAGE_FETCH_STATE_UNSPECIFIED,https://search.google.com/search-console/inspect?resource_id=sc-domain:funnytools.win&id=FcWcdQ7gX1uqhM9chLnhPQ&utm_medium=link&utm_source=api
https://funnytools.win/guides/t-score-calculator-guide/,zh-TW,guide,statistics,Crawled Not Indexed,2026-08-25T02:23:20Z,19,15–30 days,2026-06-25,80,SUCCESSFUL,https://search.google.com/search-console/inspect?resource_id=sc-domain:funnytools.win&id=WvnvvUpw0sV51GCCrMOa9Q&utm_medium=link&utm_source=api
https://funnytools.win/guides/t-test-apa-format-guide/,zh-TW,guide,general,Crawled Not Indexed,2026-08-13T15:51:13Z,30,15–30 days,2026-06-25,80,SUCCESSFUL,https://search.google.com/search-console/inspect?resource_id=sc-domain:funnytools.win&id=hB-vPA66O2eJKpd2UOnu4A&utm_medium=link&utm_source=api
https://funnytools.win/guides/teacher-exam-weighted-score-guide/,zh-TW,guide,statistics,Crawled Not Indexed,2026-08-29T02:38:32Z,15,15–30 days,2026-06-25,80,SUCCESSFUL,https://search.google.com/search-console/inspect?resource_id=sc-domain:funnytools.win&id=_aKe2KTKmY62Lbcx8UO8dA&utm_medium=link&utm_source=api
https://funnytools.win/guides/text-sort-alphabetical-numeric-length-guide/,zh-TW,guide,general,Unknown,,0,never crawled,2026-08-27,17,PAGE_FETCH_STATE_UNSPECIFIED,https://search.google.com/search-console/inspect?resource_id=sc-domain:funnytools.win&id=AUuX9fmx--I9zlgQ_zfI6A&utm_medium=link&utm_source=api
https://funnytools.win/guides/text-writing/,zh-TW,guide,general,Unknown,,0,never crawled,2026-09-04,9,PAGE_FETCH_STATE_UNSPECIFIED,https://search.google.com/search-console/inspect?resource_id=sc-domain:funnytools.win&id=woLx2jZaWEAFpeFCQp-dgQ&utm_medium=link&utm_source=api
https://funnytools.win/guides/title-case-vs-sentence-case-guide/,zh-TW,guide,text,Unknown,,0,never crawled,2026-08-27,17,PAGE_FETCH_STATE_UNSPECIFIED,https://search.google.com/search-console/inspect?resource_id=sc-domain:funnytools.win&id=diKYPOQ0uYOps3JFNo0Kug&utm_medium=link&utm_source=api
https://funnytools.win/guides/two-way-anova-interaction-guide/,zh-TW,guide,statistics,Unknown,,0,never crawled,2026-06-25,80,PAGE_FETCH_STATE_UNSPECIFIED,https://search.google.com/search-console/inspect?resource_id=sc-domain:funnytools.win&id=HzjVXW_rG5cmfppFfu63HA&utm_medium=link&utm_source=api
https://funnytools.win/guides/unit-price-comparison-guide/,zh-TW,guide,general,Unknown,,0,never crawled,2026-07-26,49,PAGE_FETCH_STATE_UNSPECIFIED,https://search.google.com/search-console/inspect?resource_id=sc-domain:funnytools.win&id=S-wx_kOJ_CxM_-8L5WiPqg&utm_medium=link&utm_source=api
https://funnytools.win/guides/unix-timestamp-seconds-milliseconds-guide/,zh-TW,guide,time,Unknown,,0,never crawled,2026-08-27,17,PAGE_FETCH_STATE_UNSPECIFIED,https://search.google.com/search-console/inspect?resource_id=sc-domain:funnytools.win&id=XTFzJNi6Bh43LPQaO2ry-w&utm_medium=link&utm_source=api
https://funnytools.win/guides/url-encoding-percent-encoding-guide/,zh-TW,guide,text,Unknown,,0,never crawled,2026-08-27,17,PAGE_FETCH_STATE_UNSPECIFIED,https://search.google.com/search-console/inspect?resource_id=sc-domain:funnytools.win&id=G8MIHcwGHoC3KiFZHRxAFA&utm_medium=link&utm_source=api
https://funnytools.win/guides/utf8-bytes-vs-characters-guide/,zh-TW,guide,text,Unknown,,0,never crawled,2026-08-27,17,PAGE_FETCH_STATE_UNSPECIFIED,https://search.google.com/search-console/inspect?resource_id=sc-domain:funnytools.win&id=6Pb731O-GxY2nKkaBdVmjw&utm_medium=link&utm_source=api
https://funnytools.win/guides/uuid-v4-collision-probability-guide/,zh-TW,guide,security,Unknown,,0,never crawled,2026-08-27,17,PAGE_FETCH_STATE_UNSPECIFIED,https://search.google.com/search-console/inspect?resource_id=sc-domain:funnytools.win&id=LIEwVxtxnfm575XHGNx7ug&utm_medium=link&utm_source=api
https://funnytools.win/guides/uuid-v4-vs-v7-guide/,zh-TW,guide,security,Unknown,,0,never crawled,2026-08-27,17,PAGE_FETCH_STATE_UNSPECIFIED,https://search.google.com/search-console/inspect?resource_id=sc-domain:funnytools.win&id=KTZExUK_SNJnIfUKjNpnDg&utm_medium=link&utm_source=api
https://funnytools.win/guides/visual-schedule-slots-guide/,zh-TW,guide,general,Unknown,,0,never crawled,2026-07-30,45,PAGE_FETCH_STATE_UNSPECIFIED,https://search.google.com/search-console/inspect?resource_id=sc-domain:funnytools.win&id=3ewKYUaLozOiyGy5tmB1uw&utm_medium=link&utm_source=api
https://funnytools.win/guides/weighted-grade-weights-not-100-guide/,zh-TW,guide,statistics,Unknown,,0,never crawled,2026-08-27,17,PAGE_FETCH_STATE_UNSPECIFIED,https://search.google.com/search-console/inspect?resource_id=sc-domain:funnytools.win&id=KuTseOmFGYi5zAkhWhEu3g&utm_medium=link&utm_source=api
https://funnytools.win/guides/wifi-qr-code-format-security-guide/,zh-TW,guide,general,Unknown,,0,never crawled,2026-08-27,17,PAGE_FETCH_STATE_UNSPECIFIED,https://search.google.com/search-console/inspect?resource_id=sc-domain:funnytools.win&id=GSpO38nRj7us0Ppk_04ARg&utm_medium=link&utm_source=api
https://funnytools.win/guides/word-count-essay-limits-guide/,zh-TW,guide,text,Unknown,,0,never crawled,2026-07-19,56,PAGE_FETCH_STATE_UNSPECIFIED,https://search.google.com/search-console/inspect?resource_id=sc-domain:funnytools.win&id=4FBla8rRCQMfBEB1BxUSQQ&utm_medium=link&utm_source=api
https://funnytools.win/guides/word-count-vs-character-count-guide/,zh-TW,guide,text,Unknown,,0,never crawled,2026-08-27,17,PAGE_FETCH_STATE_UNSPECIFIED,https://search.google.com/search-console/inspect?resource_id=sc-domain:funnytools.win&id=8_sO9JJB9mR3wCLTSX44QQ&utm_medium=link&utm_source=api
https://funnytools.win/guides/work-deadline-business-day-planning/,zh-TW,guide,text,Unknown,,0,never crawled,2026-08-27,17,PAGE_FETCH_STATE_UNSPECIFIED,https://search.google.com/search-console/inspect?resource_id=sc-domain:funnytools.win&id=GRWeSKn8CQIIRE1A1nRvQg&utm_medium=link&utm_source=api
https://funnytools.win/guides/z-score-calculator-guide/,zh-TW,guide,statistics,Crawled Not Indexed,2026-08-25T03:38:20Z,19,15–30 days,2026-06-25,80,SUCCESSFUL,https://search.google.com/search-console/inspect?resource_id=sc-domain:funnytools.win&id=PzVj-UNPHCso_vrPfoubkg&utm_medium=link&utm_source=api
https://funnytools.win/methodology/,zh-TW,hub,general,Unknown,,0,never crawled,2026-09-04,9,PAGE_FETCH_STATE_UNSPECIFIED,https://search.google.com/search-console/inspect?resource_id=sc-domain:funnytools.win&id=IG-FR_rMai9iuOB3EOMU3w&utm_medium=link&utm_source=api
https://funnytools.win/methodology/accessibility-compatibility/,zh-TW,methodology,general,Unknown,,0,never crawled,2026-09-04,9,PAGE_FETCH_STATE_UNSPECIFIED,https://search.google.com/search-console/inspect?resource_id=sc-domain:funnytools.win&id=YM4LfivbtKdevfWD9bsgew&utm_medium=link&utm_source=api
https://funnytools.win/methodology/ai-assisted-content/,zh-TW,methodology,general,Unknown,,0,never crawled,2026-09-04,9,PAGE_FETCH_STATE_UNSPECIFIED,https://search.google.com/search-console/inspect?resource_id=sc-domain:funnytools.win&id=_QQmGuWUctge6bHlDmBgJA&utm_medium=link&utm_source=api
https://funnytools.win/methodology/browser-local-processing/,zh-TW,methodology,general,Unknown,,0,never crawled,2026-09-04,9,PAGE_FETCH_STATE_UNSPECIFIED,https://search.google.com/search-console/inspect?resource_id=sc-domain:funnytools.win&id=-6uln__oWUdmoUeJ0MWJFw&utm_medium=link&utm_source=api
https://funnytools.win/methodology/calculator-formula-verification/,zh-TW,methodology,general,Unknown,,0,never crawled,2026-09-02,11,PAGE_FETCH_STATE_UNSPECIFIED,https://search.google.com/search-console/inspect?resource_id=sc-domain:funnytools.win&id=g-sGgdwH1NGw6pHmee_KKw&utm_medium=link&utm_source=api
https://funnytools.win/methodology/content-sourcing-corrections/,zh-TW,methodology,general,Unknown,,0,never crawled,2026-09-04,9,PAGE_FETCH_STATE_UNSPECIFIED,https://search.google.com/search-console/inspect?resource_id=sc-domain:funnytools.win&id=OWNbLlQNI4BJ5fzQ2Sw0nA&utm_medium=link&utm_source=api
https://funnytools.win/methodology/file-tool-verification/,zh-TW,methodology,general,Unknown,,0,never crawled,2026-09-02,11,PAGE_FETCH_STATE_UNSPECIFIED,https://search.google.com/search-console/inspect?resource_id=sc-domain:funnytools.win&id=2cqD602fXIXTo5PxZ7qFDg&utm_medium=link&utm_source=api
https://funnytools.win/methodology/public-test-cases/,zh-TW,methodology,text,Unknown,,0,never crawled,2026-09-04,9,PAGE_FETCH_STATE_UNSPECIFIED,https://search.google.com/search-console/inspect?resource_id=sc-domain:funnytools.win&id=ej7N4X7iu05IV0dITr25cg&utm_medium=link&utm_source=api
https://funnytools.win/methodology/randomness-security/,zh-TW,methodology,random,Unknown,,0,never crawled,2026-09-04,9,PAGE_FETCH_STATE_UNSPECIFIED,https://search.google.com/search-console/inspect?resource_id=sc-domain:funnytools.win&id=eW_r_o-SFq7Gqs2gyq1_Ug&utm_medium=link&utm_source=api
https://funnytools.win/methodology/tool-verification/,zh-TW,methodology,general,Unknown,,0,never crawled,2026-09-03,10,PAGE_FETCH_STATE_UNSPECIFIED,https://search.google.com/search-console/inspect?resource_id=sc-domain:funnytools.win&id=LpOtKhG0CmuKt-vDEMeUmQ&utm_medium=link&utm_source=api
https://funnytools.win/privacy/,zh-TW,legal,general,Crawled Not Indexed,2026-08-18T20:38:37Z,25,15–30 days,2026-09-02,11,SUCCESSFUL,https://search.google.com/search-console/inspect?resource_id=sc-domain:funnytools.win&id=45Wu0fBpDOIwlwpPHX9bbg&utm_medium=link&utm_source=api
https://funnytools.win/shop/,zh-TW,support,general,Unknown,,0,never crawled,2026-07-31,44,PAGE_FETCH_STATE_UNSPECIFIED,https://search.google.com/search-console/inspect?resource_id=sc-domain:funnytools.win&id=qStJoYU8zQTUVkDi6J5Aqw&utm_medium=link&utm_source=api
https://funnytools.win/support/,zh-TW,support,general,Crawled Not Indexed,2026-08-16T15:27:01Z,27,15–30 days,2026-09-02,11,SUCCESSFUL,https://search.google.com/search-console/inspect?resource_id=sc-domain:funnytools.win&id=-OUEJzY545C-CXHaqEtEfg&utm_medium=link&utm_source=api
https://funnytools.win/terms/,zh-TW,legal,general,Crawled Not Indexed,2026-08-13T13:59:01Z,30,15–30 days,2026-07-31,44,SUCCESSFUL,https://search.google.com/search-console/inspect?resource_id=sc-domain:funnytools.win&id=CX1ZyHZlRLMBwCdQEJEG7Q&utm_medium=link&utm_source=api
https://funnytools.win/tools/,zh-TW,hub,general,Crawled Not Indexed,2026-08-08T05:55:55Z,36,>30 days,2026-09-03,10,SUCCESSFUL,https://search.google.com/search-console/inspect?resource_id=sc-domain:funnytools.win&id=iGZuuVzD3ib32v6joxEReA&utm_medium=link&utm_source=api
https://funnytools.win/tools/age-calculator/,zh-TW,tool,time,Crawled Not Indexed,2026-08-04T08:59:48Z,39,>30 days,2026-09-02,11,SUCCESSFUL,https://search.google.com/search-console/inspect?resource_id=sc-domain:funnytools.win&id=uyKz7KEqEANiYAs0B98CPA&utm_medium=link&utm_source=api
https://funnytools.win/tools/apa-7-report-generator/,zh-TW,tool,statistics,Crawled Not Indexed,2026-08-05T07:58:07Z,39,>30 days,2026-09-03,10,SUCCESSFUL,https://search.google.com/search-console/inspect?resource_id=sc-domain:funnytools.win&id=XD3GDhxbf4JQH0HzV7eAzw&utm_medium=link&utm_source=api
https://funnytools.win/tools/bar-chart-maker/,zh-TW,tool,draw,Crawled Not Indexed,2026-08-13T18:43:24Z,30,15–30 days,2026-09-02,11,SUCCESSFUL,https://search.google.com/search-console/inspect?resource_id=sc-domain:funnytools.win&id=MOyetCt1lUcLc5GJtPULrw&utm_medium=link&utm_source=api
https://funnytools.win/tools/barcode-generator/,zh-TW,tool,image,Unknown,,0,never crawled,2026-09-03,10,PAGE_FETCH_STATE_UNSPECIFIED,https://search.google.com/search-console/inspect?resource_id=sc-domain:funnytools.win&id=Fe08BqJ3lH5j039E_42hMw&utm_medium=link&utm_source=api
https://funnytools.win/tools/base64/,zh-TW,tool,text,Crawled Not Indexed,2026-08-21T15:50:49Z,22,15–30 days,2026-09-02,11,SUCCESSFUL,https://search.google.com/search-console/inspect?resource_id=sc-domain:funnytools.win&id=yexXyvL5trssHkFtNm4UNw&utm_medium=link&utm_source=api
https://funnytools.win/tools/break-reminder/,zh-TW,tool,time,Crawled Not Indexed,2026-08-18T01:16:28Z,26,15–30 days,2026-09-02,11,SUCCESSFUL,https://search.google.com/search-console/inspect?resource_id=sc-domain:funnytools.win&id=iT75hjqBLYNuyKV-_coKgw&utm_medium=link&utm_source=api
https://funnytools.win/tools/bulk-image-compressor/,zh-TW,tool,image,Unknown,,0,never crawled,2026-08-30,14,PAGE_FETCH_STATE_UNSPECIFIED,https://search.google.com/search-console/inspect?resource_id=sc-domain:funnytools.win&id=IeyeY_GG3eLERjjovHV-ow&utm_medium=link&utm_source=api
https://funnytools.win/tools/business-days/,zh-TW,tool,time,Crawled Not Indexed,2026-08-20T15:12:32Z,23,15–30 days,2026-09-02,11,SUCCESSFUL,https://search.google.com/search-console/inspect?resource_id=sc-domain:funnytools.win&id=UW0tKoGgHLty7xhwTSiMUQ&utm_medium=link&utm_source=api
https://funnytools.win/tools/cad-2d/,zh-TW,tool,draw,Crawled Not Indexed,2026-08-10T02:39:59Z,34,>30 days,2026-09-03,10,SUCCESSFUL,https://search.google.com/search-console/inspect?resource_id=sc-domain:funnytools.win&id=ieW-0ilXVuE7QiD0IMMdKg&utm_medium=link&utm_source=api
https://funnytools.win/tools/case-converter/,zh-TW,tool,text,Crawled Not Indexed,2026-08-21T06:05:47Z,23,15–30 days,2026-09-03,10,SUCCESSFUL,https://search.google.com/search-console/inspect?resource_id=sc-domain:funnytools.win&id=U5pUPykia1ec5UutYfjXxw&utm_medium=link&utm_source=api
https://funnytools.win/tools/character-counter/,zh-TW,tool,text,Unknown,,0,never crawled,2026-09-03,10,PAGE_FETCH_STATE_UNSPECIFIED,https://search.google.com/search-console/inspect?resource_id=sc-domain:funnytools.win&id=8TC-grlZWaVtz0Z4U_cceQ&utm_medium=link&utm_source=api
https://funnytools.win/tools/class-rank-percentile-calculator/,zh-TW,tool,statistics,Crawled Not Indexed,2026-08-19T01:54:04Z,25,15–30 days,2026-09-10,3,SUCCESSFUL,https://search.google.com/search-console/inspect?resource_id=sc-domain:funnytools.win&id=RUYOaa1S0ZKkWXCv80Ahew&utm_medium=link&utm_source=api
https://funnytools.win/tools/color-generator/,zh-TW,tool,random,Crawled Not Indexed,2026-08-13T14:37:00Z,30,15–30 days,2026-09-02,11,SUCCESSFUL,https://search.google.com/search-console/inspect?resource_id=sc-domain:funnytools.win&id=MAIjnXopP67QwCjps2CYyA&utm_medium=link&utm_source=api
https://funnytools.win/tools/compound-interest/,zh-TW,tool,money,Crawled Not Indexed,2026-08-30T04:34:55Z,14,7–14 days,2026-09-03,10,SUCCESSFUL,https://search.google.com/search-console/inspect?resource_id=sc-domain:funnytools.win&id=hnSYD1dGWfLQZrFT0QFAYQ&utm_medium=link&utm_source=api
https://funnytools.win/tools/countdown-timer/,zh-TW,tool,time,Crawled Not Indexed,2026-08-14T02:47:43Z,30,15–30 days,2026-09-03,10,SUCCESSFUL,https://search.google.com/search-console/inspect?resource_id=sc-domain:funnytools.win&id=dtf2QXcumOOQGykff8oDWw&utm_medium=link&utm_source=api
https://funnytools.win/tools/cronbach-alpha-calculator/,zh-TW,tool,statistics,Crawled Not Indexed,2026-08-18T22:35:45Z,25,15–30 days,2026-09-03,10,SUCCESSFUL,https://search.google.com/search-console/inspect?resource_id=sc-domain:funnytools.win&id=-6-cqvB0o8PzmgS3Ko4gSw&utm_medium=link&utm_source=api
https://funnytools.win/tools/csv-to-json/,zh-TW,tool,text,Crawled Not Indexed,2026-08-18T22:09:13Z,25,15–30 days,2026-09-03,10,SUCCESSFUL,https://search.google.com/search-console/inspect?resource_id=sc-domain:funnytools.win&id=eUY-jwE9oav13M851R8G0Q&utm_medium=link&utm_source=api
https://funnytools.win/tools/date-difference/,zh-TW,tool,time,Crawled Not Indexed,2026-08-14T02:47:42Z,30,15–30 days,2026-09-02,11,SUCCESSFUL,https://search.google.com/search-console/inspect?resource_id=sc-domain:funnytools.win&id=09XNjY5gjHxTkb4-PwWNAw&utm_medium=link&utm_source=api
https://funnytools.win/tools/delete-pdf-pages/,zh-TW,tool,pdf,Crawled Not Indexed,2026-08-19T10:39:04Z,24,15–30 days,2026-09-02,11,SUCCESSFUL,https://search.google.com/search-console/inspect?resource_id=sc-domain:funnytools.win&id=HXxKmRbkoencDLq_esP7YQ&utm_medium=link&utm_source=api
https://funnytools.win/tools/dice-roller/,zh-TW,tool,random,Crawled Not Indexed,2026-08-08T13:50:54Z,35,>30 days,2026-09-02,11,SUCCESSFUL,https://search.google.com/search-console/inspect?resource_id=sc-domain:funnytools.win&id=xMbRbAnnX_lVXasVLoz71A&utm_medium=link&utm_source=api
https://funnytools.win/tools/extract-pdf-pages/,zh-TW,tool,pdf,Crawled Not Indexed,2026-08-19T11:16:34Z,24,15–30 days,2026-09-03,10,SUCCESSFUL,https://search.google.com/search-console/inspect?resource_id=sc-domain:funnytools.win&id=SKyUhtol4UgdzH-ef0zoBQ&utm_medium=link&utm_source=api
https://funnytools.win/tools/flowchart/,zh-TW,tool,draw,Crawled Not Indexed,2026-08-17T00:46:24Z,27,15–30 days,2026-09-02,11,SUCCESSFUL,https://search.google.com/search-console/inspect?resource_id=sc-domain:funnytools.win&id=J3RGx686wI_CRyABtc8xlA&utm_medium=link&utm_source=api
https://funnytools.win/tools/gpa-calculator/,zh-TW,tool,study,Crawled Not Indexed,2026-08-13T19:33:45Z,30,15–30 days,2026-09-03,10,SUCCESSFUL,https://search.google.com/search-console/inspect?resource_id=sc-domain:funnytools.win&id=eHgvtlzfSZLsIh_y6mB0HA&utm_medium=link&utm_source=api
https://funnytools.win/tools/grade-average/,zh-TW,tool,statistics,Crawled Not Indexed,2026-09-04T14:49:37Z,8,7–14 days,2026-09-10,3,SUCCESSFUL,https://search.google.com/search-console/inspect?resource_id=sc-domain:funnytools.win&id=OpqTYbSTyFLHHVOWNypyXg&utm_medium=link&utm_source=api
https://funnytools.win/tools/group-generator/,zh-TW,tool,study,Crawled Not Indexed,2026-08-16T03:49:08Z,28,15–30 days,2026-09-03,10,SUCCESSFUL,https://search.google.com/search-console/inspect?resource_id=sc-domain:funnytools.win&id=YiCoO93STxNLdsBnKpb_XA&utm_medium=link&utm_source=api
https://funnytools.win/tools/image-compressor/,zh-TW,tool,image,Unknown,,0,never crawled,2026-09-03,10,PAGE_FETCH_STATE_UNSPECIFIED,https://search.google.com/search-console/inspect?resource_id=sc-domain:funnytools.win&id=A2mHdNr-i_KkvYKY2N_w8A&utm_medium=link&utm_source=api
https://funnytools.win/tools/image-crop/,zh-TW,tool,image,Unknown,,0,never crawled,2026-09-03,10,PAGE_FETCH_STATE_UNSPECIFIED,https://search.google.com/search-console/inspect?resource_id=sc-domain:funnytools.win&id=s1YDBqYks4AJlTGeC74aUg&utm_medium=link&utm_source=api
https://funnytools.win/tools/image-resizer/,zh-TW,tool,image,Crawled Not Indexed,2026-08-21T12:12:53Z,22,15–30 days,2026-09-03,10,SUCCESSFUL,https://search.google.com/search-console/inspect?resource_id=sc-domain:funnytools.win&id=KcCxGe5jaAJOMC1fuQWY9w&utm_medium=link&utm_source=api
https://funnytools.win/tools/image-rotate-flip/,zh-TW,tool,image,Crawled Not Indexed,2026-08-13T00:55:12Z,31,>30 days,2026-09-02,11,SUCCESSFUL,https://search.google.com/search-console/inspect?resource_id=sc-domain:funnytools.win&id=biSJR31AQCVkVn1wt1f4XQ&utm_medium=link&utm_source=api
https://funnytools.win/tools/image-to-base64/,zh-TW,tool,image,Unknown,,0,never crawled,2026-09-03,10,PAGE_FETCH_STATE_UNSPECIFIED,https://search.google.com/search-console/inspect?resource_id=sc-domain:funnytools.win&id=uDMq5x_RKNyFyVY5nttEmA&utm_medium=link&utm_source=api
https://funnytools.win/tools/image-to-dxf/,zh-TW,tool,draw,Unknown,,0,never crawled,2026-08-30,14,PAGE_FETCH_STATE_UNSPECIFIED,https://search.google.com/search-console/inspect?resource_id=sc-domain:funnytools.win&id=Tn9DvouXxWTfe7gqJSyxeQ&utm_medium=link&utm_source=api
https://funnytools.win/tools/images-to-pdf/,zh-TW,tool,pdf,Crawled Not Indexed,2026-08-30T04:42:19Z,14,7–14 days,2026-09-03,10,SUCCESSFUL,https://search.google.com/search-console/inspect?resource_id=sc-domain:funnytools.win&id=e1hodt_IUYWdhWZokef3Jw&utm_medium=link&utm_source=api
https://funnytools.win/tools/independent-samples-t-test-calculator/,zh-TW,tool,statistics,Crawled Not Indexed,2026-08-20T16:57:58Z,23,15–30 days,2026-09-10,3,SUCCESSFUL,https://search.google.com/search-console/inspect?resource_id=sc-domain:funnytools.win&id=jYq9Eg2Vdrw5C8RzfjT3-w&utm_medium=link&utm_source=api
https://funnytools.win/tools/inflation/,zh-TW,tool,money,Crawled Not Indexed,2026-09-04T15:50:56Z,8,7–14 days,2026-09-04,9,SUCCESSFUL,https://search.google.com/search-console/inspect?resource_id=sc-domain:funnytools.win&id=dtoAFnIIYiT2MOttPFcqdg&utm_medium=link&utm_source=api
https://funnytools.win/tools/jpg-to-png/,zh-TW,tool,image,Crawled Not Indexed,2026-07-17T10:39:30Z,57,>30 days,2026-09-02,11,SUCCESSFUL,https://search.google.com/search-console/inspect?resource_id=sc-domain:funnytools.win&id=U6un46WMh9vbMdwyXwkPAQ&utm_medium=link&utm_source=api
https://funnytools.win/tools/jpg-to-webp/,zh-TW,tool,image,Crawled Not Indexed,2026-07-31T20:18:32Z,43,>30 days,2026-09-03,10,SUCCESSFUL,https://search.google.com/search-console/inspect?resource_id=sc-domain:funnytools.win&id=ehyyckdGW6esaH4kkzfAtA&utm_medium=link&utm_source=api
https://funnytools.win/tools/json-formatter/,zh-TW,tool,text,Crawled Not Indexed,2026-08-13T03:14:50Z,31,>30 days,2026-09-03,10,SUCCESSFUL,https://search.google.com/search-console/inspect?resource_id=sc-domain:funnytools.win&id=vC3zD8k7R7tPKLlJc-VHig&utm_medium=link&utm_source=api
https://funnytools.win/tools/json-to-csv/,zh-TW,tool,text,Crawled Not Indexed,2026-08-22T00:39:55Z,22,15–30 days,2026-09-03,10,SUCCESSFUL,https://search.google.com/search-console/inspect?resource_id=sc-domain:funnytools.win&id=QHhZEMJXFVl8BShxiL-gUw&utm_medium=link&utm_source=api
https://funnytools.win/tools/markdown-previewer/,zh-TW,tool,text,Crawled Not Indexed,2026-08-18T22:51:31Z,25,15–30 days,2026-09-02,11,SUCCESSFUL,https://search.google.com/search-console/inspect?resource_id=sc-domain:funnytools.win&id=4nSWyvT5WqHPXSkZlIm4fA&utm_medium=link&utm_source=api
https://funnytools.win/tools/merge-pdf/,zh-TW,tool,pdf,Crawled Not Indexed,2026-08-13T18:51:52Z,30,15–30 days,2026-09-03,10,SUCCESSFUL,https://search.google.com/search-console/inspect?resource_id=sc-domain:funnytools.win&id=hBAGLZtQ30PwZtnQ7mSlVw&utm_medium=link&utm_source=api
https://funnytools.win/tools/mortgage-payment/,zh-TW,tool,money,Crawled Not Indexed,2026-08-16T14:55:56Z,27,15–30 days,2026-09-02,11,SUCCESSFUL,https://search.google.com/search-console/inspect?resource_id=sc-domain:funnytools.win&id=aXROyFWi0U7OZ6giD9wOWQ&utm_medium=link&utm_source=api
https://funnytools.win/tools/net-salary/,zh-TW,tool,money,Unknown,,0,never crawled,2026-09-02,11,PAGE_FETCH_STATE_UNSPECIFIED,https://search.google.com/search-console/inspect?resource_id=sc-domain:funnytools.win&id=r4HdpoIABCRez58YOSFYGA&utm_medium=link&utm_source=api
https://funnytools.win/tools/normalized-score-converter/,zh-TW,tool,statistics,Crawled Not Indexed,2026-08-16T05:04:08Z,28,15–30 days,2026-09-03,10,SUCCESSFUL,https://search.google.com/search-console/inspect?resource_id=sc-domain:funnytools.win&id=ZJz6Oa4OaxXw3rwttdcjtw&utm_medium=link&utm_source=api
https://funnytools.win/tools/overtime-pay/,zh-TW,tool,money,Crawled Not Indexed,2026-08-14T02:48:49Z,30,15–30 days,2026-09-02,11,SUCCESSFUL,https://search.google.com/search-console/inspect?resource_id=sc-domain:funnytools.win&id=ImLeu-P5suPv2cyoRvwEcg&utm_medium=link&utm_source=api
https://funnytools.win/tools/password-generator/,zh-TW,tool,random,Unknown,,0,never crawled,2026-09-02,11,PAGE_FETCH_STATE_UNSPECIFIED,https://search.google.com/search-console/inspect?resource_id=sc-domain:funnytools.win&id=GJVvT3L9r42gTdZEDctu8A&utm_medium=link&utm_source=api
https://funnytools.win/tools/pdf-compressor/,zh-TW,tool,pdf,Crawled Not Indexed,2026-08-10T06:30:16Z,34,>30 days,2026-09-02,11,SUCCESSFUL,https://search.google.com/search-console/inspect?resource_id=sc-domain:funnytools.win&id=E8n6csp7nk5koKyy6KtX_g&utm_medium=link&utm_source=api
https://funnytools.win/tools/pdf-page-reorder/,zh-TW,tool,pdf,Crawled Not Indexed,2026-08-09T03:49:08Z,35,>30 days,2026-09-03,10,SUCCESSFUL,https://search.google.com/search-console/inspect?resource_id=sc-domain:funnytools.win&id=bUHNdlmrP3E1Q6q21CwzRA&utm_medium=link&utm_source=api
https://funnytools.win/tools/pdf-table-to-excel/,zh-TW,tool,pdf,Unknown,,0,never crawled,2026-09-03,10,PAGE_FETCH_STATE_UNSPECIFIED,https://search.google.com/search-console/inspect?resource_id=sc-domain:funnytools.win&id=4sGgmsGbEbq8PukkNe9QXg&utm_medium=link&utm_source=api
https://funnytools.win/tools/pdf-to-image/,zh-TW,tool,pdf,Unknown,,0,never crawled,2026-09-03,10,PAGE_FETCH_STATE_UNSPECIFIED,https://search.google.com/search-console/inspect?resource_id=sc-domain:funnytools.win&id=UHSfGOmjtw02I6KgocaNUQ&utm_medium=link&utm_source=api
https://funnytools.win/tools/pdf-to-word/,zh-TW,tool,pdf,Unknown,,0,never crawled,2026-09-03,10,PAGE_FETCH_STATE_UNSPECIFIED,https://search.google.com/search-console/inspect?resource_id=sc-domain:funnytools.win&id=OLMYEoGgNpvroEI5OPT13g&utm_medium=link&utm_source=api
https://funnytools.win/tools/percentage-calculator/,zh-TW,tool,statistics,Crawled Not Indexed,2026-08-05T23:14:21Z,38,>30 days,2026-09-03,10,SUCCESSFUL,https://search.google.com/search-console/inspect?resource_id=sc-domain:funnytools.win&id=eCapd7suVSgCUZ8b23CgOg&utm_medium=link&utm_source=api
https://funnytools.win/tools/percentile-rank-calculator/,zh-TW,tool,statistics,Crawled Not Indexed,2026-08-11T09:48:06Z,32,>30 days,2026-09-03,10,SUCCESSFUL,https://search.google.com/search-console/inspect?resource_id=sc-domain:funnytools.win&id=KZr51CJmxx9rEB5MjljbGw&utm_medium=link&utm_source=api
https://funnytools.win/tools/pie-chart-maker/,zh-TW,tool,draw,Crawled Not Indexed,2026-08-19T14:27:52Z,24,15–30 days,2026-09-02,11,SUCCESSFUL,https://search.google.com/search-console/inspect?resource_id=sc-domain:funnytools.win&id=TaE-xj2duq0WQWnPG4d51g&utm_medium=link&utm_source=api
https://funnytools.win/tools/png-to-jpg/,zh-TW,tool,image,Crawled Not Indexed,2026-08-15T08:41:36Z,28,15–30 days,2026-09-03,10,SUCCESSFUL,https://search.google.com/search-console/inspect?resource_id=sc-domain:funnytools.win&id=fVQJ0lbPmmBSmFfSn_NSLA&utm_medium=link&utm_source=api
https://funnytools.win/tools/pomodoro-timer/,zh-TW,tool,time,Crawled Not Indexed,2026-08-16T18:47:52Z,27,15–30 days,2026-09-02,11,SUCCESSFUL,https://search.google.com/search-console/inspect?resource_id=sc-domain:funnytools.win&id=nkdcJOzRGVdsMBxqayknSQ&utm_medium=link&utm_source=api
https://funnytools.win/tools/qr-code-generator/,zh-TW,tool,image,Crawled Not Indexed,2026-08-13T12:43:58Z,30,15–30 days,2026-09-03,10,SUCCESSFUL,https://search.google.com/search-console/inspect?resource_id=sc-domain:funnytools.win&id=JbGSsTGeZDFSn09IQNDXRA&utm_medium=link&utm_source=api
https://funnytools.win/tools/random-group-generator/,zh-TW,tool,random,Unknown,,0,never crawled,2026-09-02,11,PAGE_FETCH_STATE_UNSPECIFIED,https://search.google.com/search-console/inspect?resource_id=sc-domain:funnytools.win&id=VZ2WQii6qBNuJHBh6YANwA&utm_medium=link&utm_source=api
https://funnytools.win/tools/random-name-picker/,zh-TW,tool,random,Crawled Not Indexed,2026-08-17T01:49:34Z,27,15–30 days,2026-09-03,10,SUCCESSFUL,https://search.google.com/search-console/inspect?resource_id=sc-domain:funnytools.win&id=VaxMM5oXHo8fkOQjvM22Wg&utm_medium=link&utm_source=api
https://funnytools.win/tools/random-number-picker/,zh-TW,tool,random,Crawled Not Indexed,2026-08-17T05:37:52Z,27,15–30 days,2026-09-02,11,SUCCESSFUL,https://search.google.com/search-console/inspect?resource_id=sc-domain:funnytools.win&id=b_HVMOcZ7nOLPxgSA4HsuA&utm_medium=link&utm_source=api
https://funnytools.win/tools/random-student-picker/,zh-TW,tool,study,Crawled Not Indexed,2026-08-14T04:03:26Z,30,15–30 days,2026-09-02,11,SUCCESSFUL,https://search.google.com/search-console/inspect?resource_id=sc-domain:funnytools.win&id=EVP_Lf4dlEUYpdIF_PyQgQ&utm_medium=link&utm_source=api
https://funnytools.win/tools/random-wheel/,zh-TW,tool,random,Crawled Not Indexed,2026-08-13T16:01:30Z,30,15–30 days,2026-09-02,11,SUCCESSFUL,https://search.google.com/search-console/inspect?resource_id=sc-domain:funnytools.win&id=C1FN7FRu8Uv_OYIcWLGT4Q&utm_medium=link&utm_source=api
https://funnytools.win/tools/remove-duplicate-lines/,zh-TW,tool,text,Crawled Not Indexed,2026-08-13T19:00:17Z,30,15–30 days,2026-09-02,11,SUCCESSFUL,https://search.google.com/search-console/inspect?resource_id=sc-domain:funnytools.win&id=hD-fEm5nCaYuNXSxM7h6aQ&utm_medium=link&utm_source=api
https://funnytools.win/tools/remove-empty-lines/,zh-TW,tool,text,Crawled Not Indexed,2026-08-20T12:07:30Z,23,15–30 days,2026-09-02,11,SUCCESSFUL,https://search.google.com/search-console/inspect?resource_id=sc-domain:funnytools.win&id=jIh1KfQNnaLZgKt-ZgTZ8A&utm_medium=link&utm_source=api
https://funnytools.win/tools/rotate-pdf/,zh-TW,tool,pdf,Unknown,,0,never crawled,2026-09-02,11,PAGE_FETCH_STATE_UNSPECIFIED,https://search.google.com/search-console/inspect?resource_id=sc-domain:funnytools.win&id=qPbIUo88WP7yfvPrNzlJCg&utm_medium=link&utm_source=api
https://funnytools.win/tools/savings-goal/,zh-TW,tool,money,Crawled Not Indexed,2026-08-21T14:35:49Z,22,15–30 days,2026-09-02,11,SUCCESSFUL,https://search.google.com/search-console/inspect?resource_id=sc-domain:funnytools.win&id=_qansdPxEKnn4DInRnr29Q&utm_medium=link&utm_source=api
https://funnytools.win/tools/seating-chart/,zh-TW,tool,study,Crawled Not Indexed,2026-08-18T23:10:18Z,25,15–30 days,2026-09-03,10,SUCCESSFUL,https://search.google.com/search-console/inspect?resource_id=sc-domain:funnytools.win&id=j2ch9C4Lz4kElH06fzRa2w&utm_medium=link&utm_source=api
https://funnytools.win/tools/sketchpad/,zh-TW,tool,draw,Crawled Not Indexed,2026-08-19T16:33:56Z,24,15–30 days,2026-09-02,11,SUCCESSFUL,https://search.google.com/search-console/inspect?resource_id=sc-domain:funnytools.win&id=J9p11a52zQ_usIuFB8p4Vg&utm_medium=link&utm_source=api
https://funnytools.win/tools/sort-lines/,zh-TW,tool,text,Crawled Not Indexed,2026-08-13T03:57:13Z,31,>30 days,2026-09-02,11,SUCCESSFUL,https://search.google.com/search-console/inspect?resource_id=sc-domain:funnytools.win&id=fuBfbshkWeXo3-HDjG879A&utm_medium=link&utm_source=api
https://funnytools.win/tools/split-pdf/,zh-TW,tool,pdf,Crawled Not Indexed,2026-08-21T04:41:56Z,23,15–30 days,2026-09-03,10,SUCCESSFUL,https://search.google.com/search-console/inspect?resource_id=sc-domain:funnytools.win&id=bxDAvG1faZnklP17dPfzUw&utm_medium=link&utm_source=api
https://funnytools.win/tools/spss-result-interpreter/,zh-TW,tool,statistics,Crawled Not Indexed,2026-08-18T09:19:35Z,25,15–30 days,2026-09-03,10,SUCCESSFUL,https://search.google.com/search-console/inspect?resource_id=sc-domain:funnytools.win&id=zKTKYktlFRD97StNMzxO1g&utm_medium=link&utm_source=api
https://funnytools.win/tools/standard-deviation/,zh-TW,tool,statistics,Crawled Not Indexed,2026-08-20T20:15:42Z,23,15–30 days,2026-09-03,10,SUCCESSFUL,https://search.google.com/search-console/inspect?resource_id=sc-domain:funnytools.win&id=8tAjgKIyissZHgtJHN5h5g&utm_medium=link&utm_source=api
https://funnytools.win/tools/stopwatch/,zh-TW,tool,time,Unknown,,0,never crawled,2026-09-02,11,PAGE_FETCH_STATE_UNSPECIFIED,https://search.google.com/search-console/inspect?resource_id=sc-domain:funnytools.win&id=VQzeuMmq7RooL2FfbG1IKg&utm_medium=link&utm_source=api
https://funnytools.win/tools/t-score-calculator/,zh-TW,tool,statistics,Crawled Not Indexed,2026-08-17T00:34:35Z,27,15–30 days,2026-09-02,11,SUCCESSFUL,https://search.google.com/search-console/inspect?resource_id=sc-domain:funnytools.win&id=0NhP6GuzOkfXrLn-l86W3Q&utm_medium=link&utm_source=api
https://funnytools.win/tools/teacher-exam-score-converter/,zh-TW,tool,statistics,Crawled Not Indexed,2026-08-23T04:23:41Z,21,15–30 days,2026-09-02,11,SUCCESSFUL,https://search.google.com/search-console/inspect?resource_id=sc-domain:funnytools.win&id=KcXTUuE8mZR6CTIRtc3E_Q&utm_medium=link&utm_source=api
https://funnytools.win/tools/this-or-that/,zh-TW,tool,random,Crawled Not Indexed,2026-08-18T10:34:36Z,25,15–30 days,2026-09-02,11,SUCCESSFUL,https://search.google.com/search-console/inspect?resource_id=sc-domain:funnytools.win&id=puIibQ9loCxh8I66JEneMw&utm_medium=link&utm_source=api
https://funnytools.win/tools/timestamp-converter/,zh-TW,tool,time,Crawled Not Indexed,2026-08-06T09:40:31Z,37,>30 days,2026-09-02,11,SUCCESSFUL,https://search.google.com/search-console/inspect?resource_id=sc-domain:funnytools.win&id=OUcwZx4ARvcNVh0tc-toUQ&utm_medium=link&utm_source=api
https://funnytools.win/tools/url-encoder/,zh-TW,tool,text,Crawled Not Indexed,2026-08-21T16:53:29Z,22,15–30 days,2026-09-03,10,SUCCESSFUL,https://search.google.com/search-console/inspect?resource_id=sc-domain:funnytools.win&id=UvtNshwr_L733LESrwMZYA&utm_medium=link&utm_source=api
https://funnytools.win/tools/uuid-generator/,zh-TW,tool,random,Crawled Not Indexed,2026-08-10T14:49:25Z,33,>30 days,2026-09-02,11,SUCCESSFUL,https://search.google.com/search-console/inspect?resource_id=sc-domain:funnytools.win&id=KcZe77KpUR1we2Rg6C9CIA&utm_medium=link&utm_source=api
https://funnytools.win/tools/webp-to-jpg/,zh-TW,tool,image,Crawled Not Indexed,2026-08-19T16:04:13Z,24,15–30 days,2026-09-02,11,SUCCESSFUL,https://search.google.com/search-console/inspect?resource_id=sc-domain:funnytools.win&id=kloR_bJ72SYqeDZB4ZmBMg&utm_medium=link&utm_source=api
https://funnytools.win/tools/weighted-average-calculator/,zh-TW,tool,statistics,Crawled Not Indexed,2026-08-21T12:46:52Z,22,15–30 days,2026-09-03,10,SUCCESSFUL,https://search.google.com/search-console/inspect?resource_id=sc-domain:funnytools.win&id=Cs3gU8kOrEiEIh0UYjX7Cw&utm_medium=link&utm_source=api
https://funnytools.win/tools/what-to-eat/,zh-TW,tool,random,Crawled Not Indexed,2026-09-09T06:54:43Z,4,<7 days,2026-09-02,11,SUCCESSFUL,https://search.google.com/search-console/inspect?resource_id=sc-domain:funnytools.win&id=7f7Ksw70t8-Q5-ItiRW7WA&utm_medium=link&utm_source=api
https://funnytools.win/tools/word-counter/,zh-TW,tool,text,Unknown,,0,never crawled,2026-09-02,11,PAGE_FETCH_STATE_UNSPECIFIED,https://search.google.com/search-console/inspect?resource_id=sc-domain:funnytools.win&id=5QcqsBu33mJt_hTUv8nbUg&utm_medium=link&utm_source=api
https://funnytools.win/tools/z-score-calculator/,zh-TW,tool,statistics,Crawled Not Indexed,2026-07-06T05:43:08Z,69,>30 days,2026-09-03,10,SUCCESSFUL,https://search.google.com/search-console/inspect?resource_id=sc-domain:funnytools.win&id=q5BX2R-TlkiDrvaBjI8DBg&utm_medium=link&utm_source=api
https://funnytools.win/workflows/,zh-TW,hub,drawing,Crawled Not Indexed,2026-08-19T03:52:45Z,25,15–30 days,2026-09-03,10,SUCCESSFUL,https://search.google.com/search-console/inspect?resource_id=sc-domain:funnytools.win&id=1V7umPzWEoHM37VDMprGig&utm_medium=link&utm_source=api
https://funnytools.win/workflows/creator-social-toolkit/,zh-TW,workflow,general,Crawled Not Indexed,2026-08-19T09:24:04Z,24,15–30 days,2026-09-03,10,SUCCESSFUL,https://search.google.com/search-console/inspect?resource_id=sc-domain:funnytools.win&id=Rv3I_RaqTIxoxIKhO-UxDw&utm_medium=link&utm_source=api
https://funnytools.win/workflows/daily-decision-toolkit/,zh-TW,workflow,general,Unknown,,0,never crawled,2026-09-03,10,PAGE_FETCH_STATE_UNSPECIFIED,https://search.google.com/search-console/inspect?resource_id=sc-domain:funnytools.win&id=_T0hoPLsE7hcAzkkj9V_tA&utm_medium=link&utm_source=api
https://funnytools.win/workflows/grade-gpa-check-toolkit/,zh-TW,workflow,statistics,Unknown,,0,never crawled,2026-09-04,9,PAGE_FETCH_STATE_UNSPECIFIED,https://search.google.com/search-console/inspect?resource_id=sc-domain:funnytools.win&id=QtGllkgrjSIbNOuDTVhESA&utm_medium=link&utm_source=api
https://funnytools.win/workflows/graduate-statistics-report-toolkit/,zh-TW,workflow,statistics,Crawled Not Indexed,2026-08-18T08:51:34Z,25,15–30 days,2026-09-03,10,SUCCESSFUL,https://search.google.com/search-console/inspect?resource_id=sc-domain:funnytools.win&id=Zr_pCERbGneOfhzhm7TJ_A&utm_medium=link&utm_source=api
https://funnytools.win/workflows/office-document-toolkit/,zh-TW,workflow,pdf,Crawled Not Indexed,2026-08-25T03:00:50Z,19,15–30 days,2026-09-03,10,SUCCESSFUL,https://search.google.com/search-console/inspect?resource_id=sc-domain:funnytools.win&id=CYMWhvoVtJtx85VOiuiVPA&utm_medium=link&utm_source=api
https://funnytools.win/workflows/qr-barcode-publishing-toolkit/,zh-TW,workflow,general,Unknown,,0,never crawled,2026-09-04,9,PAGE_FETCH_STATE_UNSPECIFIED,https://search.google.com/search-console/inspect?resource_id=sc-domain:funnytools.win&id=10R-f2k2b_t5zzkTgveIvw&utm_medium=link&utm_source=api
https://funnytools.win/workflows/student-report-toolkit/,zh-TW,workflow,general,Crawled Not Indexed,2026-08-10T06:15:19Z,34,>30 days,2026-09-03,10,SUCCESSFUL,https://search.google.com/search-console/inspect?resource_id=sc-domain:funnytools.win&id=GvtLT8nyZR9fM1vMfXSFzw&utm_medium=link&utm_source=api
https://funnytools.win/workflows/teacher-classroom-random-toolkit/,zh-TW,workflow,random,Unknown,,0,never crawled,2026-09-03,10,PAGE_FETCH_STATE_UNSPECIFIED,https://search.google.com/search-console/inspect?resource_id=sc-domain:funnytools.win&id=efhoV9739S9rMo1JljV_tQ&utm_medium=link&utm_source=api
https://funnytools.win/workflows/teacher-exam-score-toolkit/,zh-TW,workflow,statistics,Crawled Not Indexed,2026-08-16T19:04:43Z,27,15–30 days,2026-09-03,10,SUCCESSFUL,https://search.google.com/search-console/inspect?resource_id=sc-domain:funnytools.win&id=L4aUi-PhwjqImTzFCL5CBA&utm_medium=link&utm_source=api
https://funnytools.win/workflows/text-cleanup-publishing-toolkit/,zh-TW,workflow,general,Unknown,,0,never crawled,2026-09-03,10,PAGE_FETCH_STATE_UNSPECIFIED,https://search.google.com/search-console/inspect?resource_id=sc-domain:funnytools.win&id=LOydv7Z3r2sHw9dxNxTaNg&utm_medium=link&utm_source=api
https://funnytools.win/workflows/verify-tool-result/,zh-TW,workflow,general,Unknown,,0,never crawled,2026-09-04,9,PAGE_FETCH_STATE_UNSPECIFIED,https://search.google.com/search-console/inspect?resource_id=sc-domain:funnytools.win&id=Nf5YwXwUb4JgEpfpzrxT9A&utm_medium=link&utm_source=api
