url,inspected_at,inspection_result_link,url_status,google_known,google_crawled,google_indexed,verdict,coverage_state,robots_txt_state,indexing_state,last_crawl_time,page_fetch_state,google_canonical,user_canonical,canonical_category,crawled_as,sitemap_count,sitemap_urls,referring_url_count,referring_urls,rich_results_available,api_error,api_status,last_crawl_age_days,crawl_recency_bucket,weak_discovery_support
https://funnytools.win/,2026-09-13T08:13:39.350Z,https://search.google.com/search-console/inspect?resource_id=sc-domain:funnytools.win&id=T1pdpmGF9BeNWiTWekWzjg&utm_medium=link&utm_source=api,Indexed,yes,yes,yes,PASS,已提交並建立索引,ALLOWED,INDEXING_ALLOWED,2026-09-11T19:00:02Z,SUCCESSFUL,https://funnytools.win/,https://funnytools.win/,SELF_MATCH,MOBILE,0,,2,https://www.dcard.tw/topics/%E8%B3%87%E8%A8%8A; https://funnytools.win/category/time/,UNKNOWN,,200,1,<7 days,no
https://funnytools.win/about-tools/,2026-09-13T08:13:39.766Z,https://search.google.com/search-console/inspect?resource_id=sc-domain:funnytools.win&id=u6n29yCSPbGsWXocJr-HlQ&utm_medium=link&utm_source=api,Crawled Not Indexed,yes,yes,no,NEUTRAL,已檢索 - 目前尚未建立索引,ALLOWED,INDEXING_ALLOWED,2026-08-15T04:10:54Z,SUCCESSFUL,https://funnytools.win/about-tools/,https://funnytools.win/about-tools/,SELF_MATCH,MOBILE,0,,2,https://funnytools.win/; https://funnytools.win/tools/,UNKNOWN,,200,29,15–30 days,no
https://funnytools.win/about/,2026-09-13T08:13:40.050Z,https://search.google.com/search-console/inspect?resource_id=sc-domain:funnytools.win&id=zAwy7XcEuG083mNDH9aQ5A&utm_medium=link&utm_source=api,Crawled Not Indexed,yes,yes,no,NEUTRAL,已檢索 - 目前尚未建立索引,ALLOWED,INDEXING_ALLOWED,2026-08-22T21:31:54Z,SUCCESSFUL,https://funnytools.win/about/,https://funnytools.win/about/,SELF_MATCH,MOBILE,0,,2,https://funnytools.win/; https://funnytools.win/tools/,UNKNOWN,,200,21,15–30 days,no
https://funnytools.win/affiliate-disclosure/,2026-09-13T08:13:46.534Z,https://search.google.com/search-console/inspect?resource_id=sc-domain:funnytools.win&id=OfqDDjIn4l1DGovw3ZK-1A&utm_medium=link&utm_source=api,Unknown,no,unknown,unknown,NEUTRAL,Google 無法辨識的網址,ROBOTS_TXT_STATE_UNSPECIFIED,INDEXING_STATE_UNSPECIFIED,,PAGE_FETCH_STATE_UNSPECIFIED,,,GOOGLE_CANONICAL_ABSENT,,0,,0,,UNKNOWN,,200,,never crawled,candidate only; compare with local internal links
https://funnytools.win/category/draw/,2026-09-13T08:13:46.956Z,https://search.google.com/search-console/inspect?resource_id=sc-domain:funnytools.win&id=rtifPTTO6cQGj7Dd35BxOA&utm_medium=link&utm_source=api,Crawled Not Indexed,yes,yes,no,NEUTRAL,已檢索 - 目前尚未建立索引,ALLOWED,INDEXING_ALLOWED,2026-09-02T05:21:43Z,SUCCESSFUL,https://funnytools.win/category/draw/,https://funnytools.win/category/draw/,SELF_MATCH,MOBILE,0,,2,https://funnytools.win/; https://funnytools.win/en/category/draw/,UNKNOWN,,200,11,7–14 days,no
https://funnytools.win/category/image/,2026-09-13T08:13:47.310Z,https://search.google.com/search-console/inspect?resource_id=sc-domain:funnytools.win&id=97iZxE8xoNAlEFAj9UeCSg&utm_medium=link&utm_source=api,Crawled Not Indexed,yes,yes,no,NEUTRAL,已檢索 - 目前尚未建立索引,ALLOWED,INDEXING_ALLOWED,2026-08-03T16:39:23Z,SUCCESSFUL,https://funnytools.win/category/image/,https://funnytools.win/category/image/,SELF_MATCH,MOBILE,0,,3,https://funnytools.win/; http://funnytools.win/category/image/; https://funnytools.win/en/category/image/,UNKNOWN,,200,40,>30 days,no
https://funnytools.win/category/money/,2026-09-13T08:13:54.124Z,https://search.google.com/search-console/inspect?resource_id=sc-domain:funnytools.win&id=jtF7_YpzqERcNb3nF7Lf7Q&utm_medium=link&utm_source=api,Crawled Not Indexed,yes,yes,no,NEUTRAL,已檢索 - 目前尚未建立索引,ALLOWED,INDEXING_ALLOWED,2026-08-19T18:24:07Z,SUCCESSFUL,https://funnytools.win/category/money/,https://funnytools.win/category/money/,SELF_MATCH,MOBILE,0,,2,https://funnytools.win/; https://funnytools.win/tools/net-salary/,UNKNOWN,,200,24,15–30 days,no
https://funnytools.win/category/pdf/,2026-09-13T08:13:53.949Z,https://search.google.com/search-console/inspect?resource_id=sc-domain:funnytools.win&id=mN2DfYeIu63-9pqYO3oMEQ&utm_medium=link&utm_source=api,Crawled Not Indexed,yes,yes,no,NEUTRAL,已檢索 - 目前尚未建立索引,ALLOWED,INDEXING_ALLOWED,2026-08-16T02:42:51Z,SUCCESSFUL,https://funnytools.win/category/pdf/,https://funnytools.win/category/pdf/,SELF_MATCH,MOBILE,0,,3,https://funnytools.win/; https://funnytools.win/en/category/pdf/; https://funnytools.win/tools/,UNKNOWN,,200,28,15–30 days,no
https://funnytools.win/category/random/,2026-09-13T08:13:54.570Z,https://search.google.com/search-console/inspect?resource_id=sc-domain:funnytools.win&id=vSJi7LjrR0czmF3mU85O3A&utm_medium=link&utm_source=api,Crawled Not Indexed,yes,yes,no,NEUTRAL,已檢索 - 目前尚未建立索引,ALLOWED,INDEXING_ALLOWED,2026-08-01T03:39:40Z,SUCCESSFUL,https://funnytools.win/category/random/,https://funnytools.win/category/random/,SELF_MATCH,MOBILE,0,,4,https://funnytools.win/es/categorias/azar/; https://funnytools.win/; https://funnytools.win/en/category/random/; https://funnytools.win/tools/what-to-eat/,UNKNOWN,,200,43,>30 days,no
https://funnytools.win/category/statistics/,2026-09-13T08:14:01.188Z,https://search.google.com/search-console/inspect?resource_id=sc-domain:funnytools.win&id=tbS6tSvaLd0ZpUi-KHUUfQ&utm_medium=link&utm_source=api,Crawled Not Indexed,yes,yes,no,NEUTRAL,已檢索 - 目前尚未建立索引,ALLOWED,INDEXING_ALLOWED,2026-08-23T04:04:58Z,SUCCESSFUL,https://funnytools.win/category/statistics/,https://funnytools.win/category/statistics/,SELF_MATCH,MOBILE,0,,3,https://funnytools.win/; https://funnytools.win/en/category/statistics/; https://funnytools.win/tools/random-group-generator/,UNKNOWN,,200,21,15–30 days,no
https://funnytools.win/category/study/,2026-09-13T08:14:01.717Z,https://search.google.com/search-console/inspect?resource_id=sc-domain:funnytools.win&id=_j4dVyi1W0T7NNaSua6toA&utm_medium=link&utm_source=api,Crawled Not Indexed,yes,yes,no,NEUTRAL,已檢索 - 目前尚未建立索引,ALLOWED,INDEXING_ALLOWED,2026-08-01T07:29:05Z,SUCCESSFUL,https://funnytools.win/category/study/,https://funnytools.win/category/study/,SELF_MATCH,MOBILE,0,,3,https://funnytools.win/en/category/study/; https://funnytools.win/; https://funnytools.win/tools/gpa-calculator/,UNKNOWN,,200,43,>30 days,no
https://funnytools.win/category/text/,2026-09-13T08:14:02.123Z,https://search.google.com/search-console/inspect?resource_id=sc-domain:funnytools.win&id=dn5Q_sx1jCase0iCCOPIhA&utm_medium=link&utm_source=api,Crawled Not Indexed,yes,yes,no,NEUTRAL,已檢索 - 目前尚未建立索引,ALLOWED,INDEXING_ALLOWED,2026-08-14T04:41:13Z,SUCCESSFUL,https://funnytools.win/category/text/,https://funnytools.win/category/text/,SELF_MATCH,MOBILE,0,,3,https://funnytools.win/en/category/text/; https://funnytools.win/; https://funnytools.win/tools/remove-empty-lines/,UNKNOWN,,200,30,15–30 days,no
https://funnytools.win/category/time/,2026-09-13T08:14:08.152Z,https://search.google.com/search-console/inspect?resource_id=sc-domain:funnytools.win&id=n5rVfS8IVbwwH89oj0Ugnw&utm_medium=link&utm_source=api,Crawled Not Indexed,yes,yes,no,NEUTRAL,已檢索 - 目前尚未建立索引,ALLOWED,INDEXING_ALLOWED,2026-08-10T02:23:26Z,SUCCESSFUL,https://funnytools.win/category/time/,https://funnytools.win/category/time/,SELF_MATCH,MOBILE,0,,3,https://funnytools.win/en/category/time/; https://funnytools.win/; https://funnytools.win/tools/,UNKNOWN,,200,34,>30 days,no
https://funnytools.win/contact/,2026-09-13T08:14:08.903Z,https://search.google.com/search-console/inspect?resource_id=sc-domain:funnytools.win&id=VfmjqqETdZsZyXPPlVGTrA&utm_medium=link&utm_source=api,Crawled Not Indexed,yes,yes,no,NEUTRAL,已檢索 - 目前尚未建立索引,ALLOWED,INDEXING_ALLOWED,2026-09-02T03:41:45Z,SUCCESSFUL,https://funnytools.win/contact/,https://funnytools.win/contact/,SELF_MATCH,MOBILE,0,,3,https://funnytools.win/en/contact/; https://funnytools.win/; https://funnytools.win/tools/,UNKNOWN,,200,11,7–14 days,no
https://funnytools.win/disclaimer/,2026-09-13T08:14:09.347Z,https://search.google.com/search-console/inspect?resource_id=sc-domain:funnytools.win&id=86epDjgR2Ouhtxvc43b8nA&utm_medium=link&utm_source=api,Crawled Not Indexed,yes,yes,no,NEUTRAL,已檢索 - 目前尚未建立索引,ALLOWED,INDEXING_ALLOWED,2026-08-18T04:02:21Z,SUCCESSFUL,https://funnytools.win/disclaimer/,https://funnytools.win/disclaimer/,SELF_MATCH,MOBILE,0,,2,https://funnytools.win/; https://funnytools.win/tools/what-to-eat/,UNKNOWN,,200,26,15–30 days,no
https://funnytools.win/education-statistics/,2026-09-13T08:14:15.392Z,https://search.google.com/search-console/inspect?resource_id=sc-domain:funnytools.win&id=JEAW9eAXUt396VybZJLewQ&utm_medium=link&utm_source=api,Crawled Not Indexed,yes,yes,no,NEUTRAL,已檢索 - 目前尚未建立索引,ALLOWED,INDEXING_ALLOWED,2026-07-16T16:37:45Z,SUCCESSFUL,https://funnytools.win/education-statistics/,https://funnytools.win/education-statistics/,SELF_MATCH,MOBILE,0,,2,https://funnytools.win/; http://funnytools.win/education-statistics/,UNKNOWN,,200,58,>30 days,no
https://funnytools.win/en/,2026-09-13T08:14:16.030Z,https://search.google.com/search-console/inspect?resource_id=sc-domain:funnytools.win&id=Cf1qJ-GYEcDYWjjWJYGQkw&utm_medium=link&utm_source=api,Indexed,yes,yes,yes,PASS,Submitted and indexed,ALLOWED,INDEXING_ALLOWED,2026-09-11T22:37:47Z,SUCCESSFUL,https://funnytools.win/en/,https://funnytools.win/en/,SELF_MATCH,MOBILE,0,,3,https://funnytools.win/fr/; https://funnytools.win/; https://funnytools.win/en/category/text/,UNKNOWN,,200,1,<7 days,no
https://funnytools.win/en/about-tools/,2026-09-13T08:14:16.546Z,https://search.google.com/search-console/inspect?resource_id=sc-domain:funnytools.win&id=G_pqP7uCIpADMWAB2Ra6zw&utm_medium=link&utm_source=api,Crawled Not Indexed,yes,yes,no,NEUTRAL,Crawled - currently not indexed,ALLOWED,INDEXING_ALLOWED,2026-08-05T06:36:52Z,SUCCESSFUL,https://funnytools.win/en/about-tools/,https://funnytools.win/en/about-tools/,SELF_MATCH,MOBILE,0,,3,https://funnytools.win/about-tools/; https://funnytools.win/en/category/statistics/; https://funnytools.win/en/tools/,UNKNOWN,,200,39,>30 days,no
https://funnytools.win/en/about/,2026-09-13T08:14:22.296Z,https://search.google.com/search-console/inspect?resource_id=sc-domain:funnytools.win&id=InMvoHCSuwiZr2hKsKP5Wg&utm_medium=link&utm_source=api,Crawled Not Indexed,yes,yes,no,NEUTRAL,Crawled - currently not indexed,ALLOWED,INDEXING_ALLOWED,2026-08-16T17:36:32Z,SUCCESSFUL,https://funnytools.win/en/about/,https://funnytools.win/en/about/,SELF_MATCH,MOBILE,0,,3,https://funnytools.win/en/category/statistics/; https://funnytools.win/about/; https://funnytools.win/en/tools/,UNKNOWN,,200,27,15–30 days,no
https://funnytools.win/en/category/draw/,2026-09-13T08:14:23.199Z,https://search.google.com/search-console/inspect?resource_id=sc-domain:funnytools.win&id=f7JpSzi5eH6exqXunzaWYg&utm_medium=link&utm_source=api,Crawled Not Indexed,yes,yes,no,NEUTRAL,Crawled - currently not indexed,ALLOWED,INDEXING_ALLOWED,2026-07-16T15:41:04Z,SUCCESSFUL,https://funnytools.win/en/category/draw/,https://funnytools.win/en/category/draw/,SELF_MATCH,MOBILE,0,,3,https://funnytools.win/es/categorias/dibujo/; https://funnytools.win/en/; https://funnytools.win/en/tools/,UNKNOWN,,200,58,>30 days,no
https://funnytools.win/en/category/image/,2026-09-13T08:14:23.728Z,https://search.google.com/search-console/inspect?resource_id=sc-domain:funnytools.win&id=UU4PAG0M3XxzoO796hgjlQ&utm_medium=link&utm_source=api,Crawled Not Indexed,yes,yes,no,NEUTRAL,Crawled - currently not indexed,ALLOWED,INDEXING_ALLOWED,2026-08-04T17:45:05Z,SUCCESSFUL,https://funnytools.win/en/category/image/,https://funnytools.win/en/category/image/,SELF_MATCH,MOBILE,0,,4,https://funnytools.win/en/; https://funnytools.win/category/image/; http://funnytools.win/category/image/; https://funnytools.win/en/tools/,UNKNOWN,,200,39,>30 days,no
https://funnytools.win/en/category/money/,2026-09-13T08:14:29.501Z,https://search.google.com/search-console/inspect?resource_id=sc-domain:funnytools.win&id=5j0Qr7cKqL_SFUuVMfwtCg&utm_medium=link&utm_source=api,Crawled Not Indexed,yes,yes,no,NEUTRAL,Crawled - currently not indexed,ALLOWED,INDEXING_ALLOWED,2026-08-17T12:14:53Z,SUCCESSFUL,https://funnytools.win/en/category/money/,https://funnytools.win/en/category/money/,SELF_MATCH,MOBILE,0,,3,https://funnytools.win/en/category/statistics/; https://funnytools.win/category/money/; https://funnytools.win/en/tools/,UNKNOWN,,200,26,15–30 days,no
https://funnytools.win/en/category/pdf/,2026-09-13T08:14:30.383Z,https://search.google.com/search-console/inspect?resource_id=sc-domain:funnytools.win&id=FJFuUTTF-3kr1EdW0FFLLQ&utm_medium=link&utm_source=api,Crawled Not Indexed,yes,yes,no,NEUTRAL,Crawled - currently not indexed,ALLOWED,INDEXING_ALLOWED,2026-08-13T14:37:00Z,SUCCESSFUL,https://funnytools.win/en/category/pdf/,https://funnytools.win/en/category/pdf/,SELF_MATCH,MOBILE,0,,2,https://funnytools.win/en/; https://funnytools.win/en/tools/,UNKNOWN,,200,30,15–30 days,no
https://funnytools.win/en/category/random/,2026-09-13T08:14:30.727Z,https://search.google.com/search-console/inspect?resource_id=sc-domain:funnytools.win&id=O5W8pup0rvhHc8r872H2TA&utm_medium=link&utm_source=api,Crawled Not Indexed,yes,yes,no,NEUTRAL,Crawled - currently not indexed,ALLOWED,INDEXING_ALLOWED,2026-08-20T10:52:31Z,SUCCESSFUL,https://funnytools.win/en/category/random/,https://funnytools.win/en/category/random/,SELF_MATCH,MOBILE,0,,2,https://funnytools.win/en/; https://funnytools.win/en/tools/,UNKNOWN,,200,23,15–30 days,no
https://funnytools.win/en/category/statistics/,2026-09-13T08:14:36.642Z,https://search.google.com/search-console/inspect?resource_id=sc-domain:funnytools.win&id=t4_ES3Y1GB9WuF6RFff4wg&utm_medium=link&utm_source=api,Crawled Not Indexed,yes,yes,no,NEUTRAL,Crawled - currently not indexed,ALLOWED,INDEXING_ALLOWED,2026-08-18T04:52:21Z,SUCCESSFUL,https://funnytools.win/en/category/statistics/,https://funnytools.win/en/category/statistics/,SELF_MATCH,MOBILE,0,,3,https://funnytools.win/es/categorias/estadistica/; https://funnytools.win/category/statistics/; http://funnytools.win/en/tools/class-rank-percentile-calculator/,UNKNOWN,,200,26,15–30 days,no
https://funnytools.win/en/category/study/,2026-09-13T08:14:37.758Z,https://search.google.com/search-console/inspect?resource_id=sc-domain:funnytools.win&id=q2ZTHemJkyzfbdmcpmPgQw&utm_medium=link&utm_source=api,Crawled Not Indexed,yes,yes,no,NEUTRAL,Crawled - currently not indexed,ALLOWED,INDEXING_ALLOWED,2026-08-17T17:37:21Z,SUCCESSFUL,https://funnytools.win/en/category/study/,https://funnytools.win/en/category/study/,SELF_MATCH,MOBILE,0,,2,https://funnytools.win/en/category/statistics/; https://funnytools.win/en/tools/,UNKNOWN,,200,26,15–30 days,no
https://funnytools.win/en/category/text/,2026-09-13T08:14:37.954Z,https://search.google.com/search-console/inspect?resource_id=sc-domain:funnytools.win&id=CiTAYjtK7F0FrfORK8OdlQ&utm_medium=link&utm_source=api,Crawled Not Indexed,yes,yes,no,NEUTRAL,Crawled - currently not indexed,ALLOWED,INDEXING_ALLOWED,2026-07-30T10:00:27Z,SUCCESSFUL,https://funnytools.win/en/category/text/,https://funnytools.win/en/category/text/,SELF_MATCH,MOBILE,0,,2,https://funnytools.win/en/category/statistics/; https://funnytools.win/en/tools/,UNKNOWN,,200,44,>30 days,no
https://funnytools.win/en/category/time/,2026-09-13T08:14:43.786Z,https://search.google.com/search-console/inspect?resource_id=sc-domain:funnytools.win&id=Ig5pkZaFtskM-cikS6J0RA&utm_medium=link&utm_source=api,Crawled Not Indexed,yes,yes,no,NEUTRAL,Crawled - currently not indexed,ALLOWED,INDEXING_ALLOWED,2026-08-22T01:04:53Z,SUCCESSFUL,https://funnytools.win/en/category/time/,https://funnytools.win/en/category/time/,SELF_MATCH,MOBILE,0,,2,https://funnytools.win/en/; https://funnytools.win/category/time/,UNKNOWN,,200,22,15–30 days,no
https://funnytools.win/en/contact/,2026-09-13T08:14:44.937Z,https://search.google.com/search-console/inspect?resource_id=sc-domain:funnytools.win&id=-Lfn-QyOKJ8aXZLqOM0hQA&utm_medium=link&utm_source=api,Crawled Not Indexed,yes,yes,no,NEUTRAL,Crawled - currently not indexed,ALLOWED,INDEXING_ALLOWED,2026-07-15T19:24:42Z,SUCCESSFUL,https://funnytools.win/en/contact/,https://funnytools.win/en/contact/,SELF_MATCH,MOBILE,0,,2,https://funnytools.win/en/category/statistics/; https://funnytools.win/en/tools/,UNKNOWN,,200,59,>30 days,no
https://funnytools.win/en/disclaimer/,2026-09-13T08:14:45.146Z,https://search.google.com/search-console/inspect?resource_id=sc-domain:funnytools.win&id=MlzMaEMbA6rqfRET5fzpSw&utm_medium=link&utm_source=api,Crawled Not Indexed,yes,yes,no,NEUTRAL,Crawled - currently not indexed,ALLOWED,INDEXING_ALLOWED,2026-08-13T00:47:43Z,SUCCESSFUL,https://funnytools.win/en/disclaimer/,https://funnytools.win/en/disclaimer/,SELF_MATCH,MOBILE,0,,3,https://funnytools.win/en/category/statistics/; https://funnytools.win/disclaimer/; https://funnytools.win/en/tools/,UNKNOWN,,200,31,>30 days,no
https://funnytools.win/en/education-statistics/,2026-09-13T08:14:51.012Z,https://search.google.com/search-console/inspect?resource_id=sc-domain:funnytools.win&id=xa3BmV6NFEssxZcQszHP3w&utm_medium=link&utm_source=api,Crawled Not Indexed,yes,yes,no,NEUTRAL,Crawled - currently not indexed,ALLOWED,INDEXING_ALLOWED,2026-08-11T06:53:06Z,SUCCESSFUL,https://funnytools.win/en/education-statistics/,https://funnytools.win/en/education-statistics/,SELF_MATCH,MOBILE,0,,2,https://funnytools.win/education-statistics/; http://funnytools.win/education-statistics/,UNKNOWN,,200,33,>30 days,no
https://funnytools.win/en/for/,2026-09-13T08:14:52.302Z,https://search.google.com/search-console/inspect?resource_id=sc-domain:funnytools.win&id=0paUpYOxufi05FDjU03kcg&utm_medium=link&utm_source=api,Crawled Not Indexed,yes,yes,no,NEUTRAL,Crawled - currently not indexed,ALLOWED,INDEXING_ALLOWED,2026-08-18T10:09:35Z,SUCCESSFUL,https://funnytools.win/en/for/,https://funnytools.win/en/for/,SELF_MATCH,MOBILE,0,,2,https://funnytools.win/en/category/statistics/; https://funnytools.win/for/,UNKNOWN,,200,25,15–30 days,no
https://funnytools.win/en/for/creators/,2026-09-13T08:14:52.281Z,https://search.google.com/search-console/inspect?resource_id=sc-domain:funnytools.win&id=ajWRIoA4gG36cMabrKk08A&utm_medium=link&utm_source=api,Crawled Not Indexed,yes,yes,no,NEUTRAL,Crawled - currently not indexed,ALLOWED,INDEXING_ALLOWED,2026-08-19T16:16:16Z,SUCCESSFUL,https://funnytools.win/en/for/creators/,https://funnytools.win/en/for/creators/,SELF_MATCH,MOBILE,0,,2,https://funnytools.win/en/; https://funnytools.win/for/creators/,UNKNOWN,,200,24,15–30 days,no
https://funnytools.win/en/for/designers/,2026-09-13T08:14:58.165Z,https://search.google.com/search-console/inspect?resource_id=sc-domain:funnytools.win&id=6KH2ORzzYNtsqT1AERI6_A&utm_medium=link&utm_source=api,Crawled Not Indexed,yes,yes,no,NEUTRAL,Crawled - currently not indexed,ALLOWED,INDEXING_ALLOWED,2026-08-20T16:23:31Z,SUCCESSFUL,https://funnytools.win/en/for/designers/,https://funnytools.win/en/for/designers/,SELF_MATCH,MOBILE,0,,2,https://funnytools.win/for/designers/; https://funnytools.win/en/,UNKNOWN,,200,23,15–30 days,no
https://funnytools.win/en/for/developers/,2026-09-13T08:14:59.455Z,https://search.google.com/search-console/inspect?resource_id=sc-domain:funnytools.win&id=IyUkT-oqUV2SatZtq-yelg&utm_medium=link&utm_source=api,Crawled Not Indexed,yes,yes,no,NEUTRAL,Crawled - currently not indexed,ALLOWED,INDEXING_ALLOWED,2026-08-21T06:43:48Z,SUCCESSFUL,https://funnytools.win/en/for/developers/,https://funnytools.win/en/for/developers/,SELF_MATCH,MOBILE,0,,2,https://funnytools.win/en/; https://funnytools.win/for/developers/,UNKNOWN,,200,23,15–30 days,no
https://funnytools.win/en/for/office-workers/,2026-09-13T08:14:59.669Z,https://search.google.com/search-console/inspect?resource_id=sc-domain:funnytools.win&id=kBc6-esCX6iTPVV0U_J7kg&utm_medium=link&utm_source=api,Crawled Not Indexed,yes,yes,no,NEUTRAL,Crawled - currently not indexed,ALLOWED,INDEXING_ALLOWED,2026-08-21T07:12:01Z,SUCCESSFUL,https://funnytools.win/en/for/office-workers/,https://funnytools.win/en/for/office-workers/,SELF_MATCH,MOBILE,0,,2,https://funnytools.win/en/; https://funnytools.win/for/office-workers/,UNKNOWN,,200,23,15–30 days,no
https://funnytools.win/en/for/students/,2026-09-13T08:15:05.059Z,https://search.google.com/search-console/inspect?resource_id=sc-domain:funnytools.win&id=-jhDOVXiU87boI8YFavmug&utm_medium=link&utm_source=api,Crawled Not Indexed,yes,yes,no,NEUTRAL,Crawled - currently not indexed,ALLOWED,INDEXING_ALLOWED,2026-08-22T00:52:23Z,SUCCESSFUL,https://funnytools.win/en/for/students/,https://funnytools.win/en/for/students/,SELF_MATCH,MOBILE,0,,2,https://funnytools.win/en/category/statistics/; https://funnytools.win/for/students/,UNKNOWN,,200,22,15–30 days,no
https://funnytools.win/en/for/teachers/,2026-09-13T08:15:06.890Z,https://search.google.com/search-console/inspect?resource_id=sc-domain:funnytools.win&id=gr-8X8A-RGFP5_Sz81marg&utm_medium=link&utm_source=api,Crawled Not Indexed,yes,yes,no,NEUTRAL,Crawled - currently not indexed,ALLOWED,INDEXING_ALLOWED,2026-08-09T05:06:35Z,SUCCESSFUL,https://funnytools.win/en/for/teachers/,https://funnytools.win/en/for/teachers/,SELF_MATCH,MOBILE,0,,3,https://funnytools.win/en/category/statistics/; https://funnytools.win/for/teachers/; http://funnytools.win/for/teachers/,UNKNOWN,,200,35,>30 days,no
https://funnytools.win/en/guides/,2026-09-13T08:15:07.075Z,https://search.google.com/search-console/inspect?resource_id=sc-domain:funnytools.win&id=TuNByvz4b2TpQW6mVd02Ng&utm_medium=link&utm_source=api,Crawled Not Indexed,yes,yes,no,NEUTRAL,Crawled - currently not indexed,ALLOWED,INDEXING_ALLOWED,2026-08-19T14:47:08Z,SUCCESSFUL,https://funnytools.win/en/guides/,https://funnytools.win/en/guides/,SELF_MATCH,MOBILE,0,,2,https://funnytools.win/en/category/statistics/; https://funnytools.win/guides/,UNKNOWN,,200,24,15–30 days,no
https://funnytools.win/en/guides/2d-cad-drawing-board-workflow-guide/,2026-09-13T08:15:12.003Z,https://search.google.com/search-console/inspect?resource_id=sc-domain:funnytools.win&id=YdRU-qy-63lRxrFYxduk0Q&utm_medium=link&utm_source=api,Unknown,no,unknown,unknown,NEUTRAL,URL is unknown to Google,ROBOTS_TXT_STATE_UNSPECIFIED,INDEXING_STATE_UNSPECIFIED,,PAGE_FETCH_STATE_UNSPECIFIED,,,GOOGLE_CANONICAL_ABSENT,,0,,0,,UNKNOWN,,200,,never crawled,candidate only; compare with local internal links
https://funnytools.win/en/guides/a4-vs-us-letter-printing-guide/,2026-09-13T08:15:14.093Z,https://search.google.com/search-console/inspect?resource_id=sc-domain:funnytools.win&id=TisNXTo7jvwaoBgC_4TViQ&utm_medium=link&utm_source=api,Unknown,no,unknown,unknown,NEUTRAL,URL is unknown to Google,ROBOTS_TXT_STATE_UNSPECIFIED,INDEXING_STATE_UNSPECIFIED,,PAGE_FETCH_STATE_UNSPECIFIED,,,GOOGLE_CANONICAL_ABSENT,,0,,0,,UNKNOWN,,200,,never crawled,candidate only; compare with local internal links
https://funnytools.win/en/guides/anova-apa-format-guide/,2026-09-13T08:15:14.512Z,https://search.google.com/search-console/inspect?resource_id=sc-domain:funnytools.win&id=orsWVgebWfiyGqQbOl1TgA&utm_medium=link&utm_source=api,Unknown,no,unknown,unknown,NEUTRAL,URL is unknown to Google,ROBOTS_TXT_STATE_UNSPECIFIED,INDEXING_STATE_UNSPECIFIED,,PAGE_FETCH_STATE_UNSPECIFIED,,,GOOGLE_CANONICAL_ABSENT,,0,,0,,UNKNOWN,,200,,never crawled,candidate only; compare with local internal links
https://funnytools.win/en/guides/bar-chart-school-report-guide/,2026-09-13T08:15:19.261Z,https://search.google.com/search-console/inspect?resource_id=sc-domain:funnytools.win&id=D9lOGDMrBwDgaapB5mMKkQ&utm_medium=link&utm_source=api,Unknown,no,unknown,unknown,NEUTRAL,URL is unknown to Google,ROBOTS_TXT_STATE_UNSPECIFIED,INDEXING_STATE_UNSPECIFIED,,PAGE_FETCH_STATE_UNSPECIFIED,,,GOOGLE_CANONICAL_ABSENT,,0,,0,,UNKNOWN,,200,,never crawled,candidate only; compare with local internal links
https://funnytools.win/en/guides/classroom-group-roles-rotation-guide/,2026-09-13T08:15:21.237Z,https://search.google.com/search-console/inspect?resource_id=sc-domain:funnytools.win&id=kz5KNIxFvyrX-ukU99HMPg&utm_medium=link&utm_source=api,Unknown,no,unknown,unknown,NEUTRAL,URL is unknown to Google,ROBOTS_TXT_STATE_UNSPECIFIED,INDEXING_STATE_UNSPECIFIED,,PAGE_FETCH_STATE_UNSPECIFIED,,,GOOGLE_CANONICAL_ABSENT,,0,,0,,UNKNOWN,,200,,never crawled,candidate only; compare with local internal links
https://funnytools.win/en/guides/classroom-lottery-tool-guide/,2026-09-13T08:15:21.695Z,https://search.google.com/search-console/inspect?resource_id=sc-domain:funnytools.win&id=UTBsINja3SPwm_DvO8VMzQ&utm_medium=link&utm_source=api,Unknown,no,unknown,unknown,NEUTRAL,URL is unknown to Google,ROBOTS_TXT_STATE_UNSPECIFIED,INDEXING_STATE_UNSPECIFIED,,PAGE_FETCH_STATE_UNSPECIFIED,,,GOOGLE_CANONICAL_ABSENT,,0,,0,,UNKNOWN,,200,,never crawled,candidate only; compare with local internal links
https://funnytools.win/en/guides/classroom-random-group-absent-student-repair-guide/,2026-09-13T08:15:26.260Z,https://search.google.com/search-console/inspect?resource_id=sc-domain:funnytools.win&id=0aBVwTmjjNfQQZCE2-Zsiw&utm_medium=link&utm_source=api,Unknown,no,unknown,unknown,NEUTRAL,URL is unknown to Google,ROBOTS_TXT_STATE_UNSPECIFIED,INDEXING_STATE_UNSPECIFIED,,PAGE_FETCH_STATE_UNSPECIFIED,,,GOOGLE_CANONICAL_ABSENT,,0,,0,,UNKNOWN,,200,,never crawled,candidate only; compare with local internal links
https://funnytools.win/en/guides/classroom-random-group-guide/,2026-09-13T08:15:28.210Z,https://search.google.com/search-console/inspect?resource_id=sc-domain:funnytools.win&id=aYWBnl4A6rnQaHLZM2dinQ&utm_medium=link&utm_source=api,Crawled Not Indexed,yes,yes,no,NEUTRAL,Crawled - currently not indexed,ALLOWED,INDEXING_ALLOWED,2026-08-20T14:27:59Z,SUCCESSFUL,https://funnytools.win/en/guides/classroom-random-group-guide/,https://funnytools.win/en/guides/classroom-random-group-guide/,SELF_MATCH,MOBILE,0,,2,https://funnytools.win/en/; https://funnytools.win/guides/classroom-random-group-guide/,UNKNOWN,,200,23,15–30 days,no
https://funnytools.win/en/guides/classroom-random-group-materials-handoff-guide/,2026-09-13T08:15:28.695Z,https://search.google.com/search-console/inspect?resource_id=sc-domain:funnytools.win&id=ZCaYgSf9Gg3wo_ytrDjBYQ&utm_medium=link&utm_source=api,Unknown,no,unknown,unknown,NEUTRAL,URL is unknown to Google,ROBOTS_TXT_STATE_UNSPECIFIED,INDEXING_STATE_UNSPECIFIED,,PAGE_FETCH_STATE_UNSPECIFIED,,,GOOGLE_CANONICAL_ABSENT,,0,,0,,UNKNOWN,,200,,never crawled,candidate only; compare with local internal links
https://funnytools.win/en/guides/classroom-random-group-no-repeat-guide/,2026-09-13T08:15:36.283Z,https://search.google.com/search-console/inspect?resource_id=sc-domain:funnytools.win&id=_Mu26s1h9-L4eMBAuH5LUA&utm_medium=link&utm_source=api,Unknown,no,unknown,unknown,NEUTRAL,URL is unknown to Google,ROBOTS_TXT_STATE_UNSPECIFIED,INDEXING_STATE_UNSPECIFIED,,PAGE_FETCH_STATE_UNSPECIFIED,,,GOOGLE_CANONICAL_ABSENT,,0,,0,,UNKNOWN,,200,,never crawled,candidate only; compare with local internal links
https://funnytools.win/en/guides/classroom-random-group-seat-transition-guide/,2026-09-13T08:15:35.401Z,https://search.google.com/search-console/inspect?resource_id=sc-domain:funnytools.win&id=ClYxhhcbrnwSr2CnaSJShw&utm_medium=link&utm_source=api,Unknown,no,unknown,unknown,NEUTRAL,URL is unknown to Google,ROBOTS_TXT_STATE_UNSPECIFIED,INDEXING_STATE_UNSPECIFIED,,PAGE_FETCH_STATE_UNSPECIFIED,,,GOOGLE_CANONICAL_ABSENT,,0,,0,,UNKNOWN,,200,,never crawled,candidate only; compare with local internal links
https://funnytools.win/en/guides/classroom-random-group-shareable-result-guide/,2026-09-13T08:15:35.810Z,https://search.google.com/search-console/inspect?resource_id=sc-domain:funnytools.win&id=9KlvTstgTF4_5ASE6Dw_ew&utm_medium=link&utm_source=api,Unknown,no,unknown,unknown,NEUTRAL,URL is unknown to Google,ROBOTS_TXT_STATE_UNSPECIFIED,INDEXING_STATE_UNSPECIFIED,,PAGE_FETCH_STATE_UNSPECIFIED,,,GOOGLE_CANONICAL_ABSENT,,0,,0,,UNKNOWN,,200,,never crawled,candidate only; compare with local internal links
https://funnytools.win/en/guides/classroom-random-group-size-balance-guide/,2026-09-13T08:15:42.393Z,https://search.google.com/search-console/inspect?resource_id=sc-domain:funnytools.win&id=KjWXNpOZ1SVm1HJ209yttw&utm_medium=link&utm_source=api,Unknown,no,unknown,unknown,NEUTRAL,URL is unknown to Google,ROBOTS_TXT_STATE_UNSPECIFIED,INDEXING_STATE_UNSPECIFIED,,PAGE_FETCH_STATE_UNSPECIFIED,,,GOOGLE_CANONICAL_ABSENT,,0,,0,,UNKNOWN,,200,,never crawled,candidate only; compare with local internal links
https://funnytools.win/en/guides/classroom-random-picker-guide/,2026-09-13T08:15:42.766Z,https://search.google.com/search-console/inspect?resource_id=sc-domain:funnytools.win&id=MxTBqJ7xr4-BJ510m5Hkww&utm_medium=link&utm_source=api,Unknown,no,unknown,unknown,NEUTRAL,URL is unknown to Google,ROBOTS_TXT_STATE_UNSPECIFIED,INDEXING_STATE_UNSPECIFIED,,PAGE_FETCH_STATE_UNSPECIFIED,,,GOOGLE_CANONICAL_ABSENT,,0,,0,,UNKNOWN,,200,,never crawled,candidate only; compare with local internal links
https://funnytools.win/en/guides/classroom-timer-guide/,2026-09-13T08:15:43.239Z,https://search.google.com/search-console/inspect?resource_id=sc-domain:funnytools.win&id=Wixvt-13TcAyZMGvbSWF7Q&utm_medium=link&utm_source=api,Crawled Not Indexed,yes,yes,no,NEUTRAL,Crawled - currently not indexed,ALLOWED,INDEXING_ALLOWED,2026-08-18T17:38:37Z,SUCCESSFUL,https://funnytools.win/en/guides/classroom-timer-guide/,https://funnytools.win/en/guides/classroom-timer-guide/,SELF_MATCH,MOBILE,0,,3,https://funnytools.win/en/; https://funnytools.win/es/guias/temporizador-clase/; https://funnytools.win/guides/classroom-timer-guide/,UNKNOWN,,200,25,15–30 days,no
https://funnytools.win/en/guides/csv-to-json-header-duplicate-column-guide/,2026-09-13T08:15:49.326Z,https://search.google.com/search-console/inspect?resource_id=sc-domain:funnytools.win&id=B8Uit9DwWb7UiQuJjJ8Iog&utm_medium=link&utm_source=api,Unknown,no,unknown,unknown,NEUTRAL,URL is unknown to Google,ROBOTS_TXT_STATE_UNSPECIFIED,INDEXING_STATE_UNSPECIFIED,,PAGE_FETCH_STATE_UNSPECIFIED,,,GOOGLE_CANONICAL_ABSENT,,0,,0,,UNKNOWN,,200,,never crawled,candidate only; compare with local internal links
https://funnytools.win/en/guides/fair-student-grouping-guide/,2026-09-13T08:15:49.933Z,https://search.google.com/search-console/inspect?resource_id=sc-domain:funnytools.win&id=R5XenAbR-_M38Mmahyxf2Q&utm_medium=link&utm_source=api,Unknown,no,unknown,unknown,NEUTRAL,URL is unknown to Google,ROBOTS_TXT_STATE_UNSPECIFIED,INDEXING_STATE_UNSPECIFIED,,PAGE_FETCH_STATE_UNSPECIFIED,,,GOOGLE_CANONICAL_ABSENT,,0,,0,,UNKNOWN,,200,,never crawled,candidate only; compare with local internal links
https://funnytools.win/en/guides/image-color-profile-web-print-guide/,2026-09-13T08:15:50.146Z,https://search.google.com/search-console/inspect?resource_id=sc-domain:funnytools.win&id=RThNhMicpNMBnLIbSbYtnQ&utm_medium=link&utm_source=api,Unknown,no,unknown,unknown,NEUTRAL,URL is unknown to Google,ROBOTS_TXT_STATE_UNSPECIFIED,INDEXING_STATE_UNSPECIFIED,,PAGE_FETCH_STATE_UNSPECIFIED,,,GOOGLE_CANONICAL_ABSENT,,0,,0,,UNKNOWN,,200,,never crawled,candidate only; compare with local internal links
https://funnytools.win/en/guides/image-compression-email-guide/,2026-09-13T08:15:56.481Z,https://search.google.com/search-console/inspect?resource_id=sc-domain:funnytools.win&id=o7P36iMt4SJoK3yPygM8gg&utm_medium=link&utm_source=api,Unknown,no,unknown,unknown,NEUTRAL,URL is unknown to Google,ROBOTS_TXT_STATE_UNSPECIFIED,INDEXING_STATE_UNSPECIFIED,,PAGE_FETCH_STATE_UNSPECIFIED,,,GOOGLE_CANONICAL_ABSENT,,0,,0,,UNKNOWN,,200,,never crawled,candidate only; compare with local internal links
https://funnytools.win/en/guides/image-compression-quality-size-guide/,2026-09-13T08:15:57.133Z,https://search.google.com/search-console/inspect?resource_id=sc-domain:funnytools.win&id=sgTD2QbE_1OK2dopq-ti0w&utm_medium=link&utm_source=api,Unknown,no,unknown,unknown,NEUTRAL,URL is unknown to Google,ROBOTS_TXT_STATE_UNSPECIFIED,INDEXING_STATE_UNSPECIFIED,,PAGE_FETCH_STATE_UNSPECIFIED,,,GOOGLE_CANONICAL_ABSENT,,0,,0,,UNKNOWN,,200,,never crawled,candidate only; compare with local internal links
https://funnytools.win/en/guides/image-compressor-metadata-privacy-guide/,2026-09-13T08:15:57.288Z,https://search.google.com/search-console/inspect?resource_id=sc-domain:funnytools.win&id=RtpIdg45imR6TkgaP0m4Ww&utm_medium=link&utm_source=api,Unknown,no,unknown,unknown,NEUTRAL,URL is unknown to Google,ROBOTS_TXT_STATE_UNSPECIFIED,INDEXING_STATE_UNSPECIFIED,,PAGE_FETCH_STATE_UNSPECIFIED,,,GOOGLE_CANONICAL_ABSENT,,0,,0,,UNKNOWN,,200,,never crawled,candidate only; compare with local internal links
https://funnytools.win/en/guides/image-resampling-quality-guide/,2026-09-13T08:16:03.406Z,https://search.google.com/search-console/inspect?resource_id=sc-domain:funnytools.win&id=ouBUfxGNNOjzgy58xP3ssA&utm_medium=link&utm_source=api,Unknown,no,unknown,unknown,NEUTRAL,URL is unknown to Google,ROBOTS_TXT_STATE_UNSPECIFIED,INDEXING_STATE_UNSPECIFIED,,PAGE_FETCH_STATE_UNSPECIFIED,,,GOOGLE_CANONICAL_ABSENT,,0,,0,,UNKNOWN,,200,,never crawled,candidate only; compare with local internal links
https://funnytools.win/en/guides/image-resize-aspect-ratio-guide/,2026-09-13T08:16:04.490Z,https://search.google.com/search-console/inspect?resource_id=sc-domain:funnytools.win&id=gMqhkjCVsCBs0yNSlCscvg&utm_medium=link&utm_source=api,Unknown,no,unknown,unknown,NEUTRAL,URL is unknown to Google,ROBOTS_TXT_STATE_UNSPECIFIED,INDEXING_STATE_UNSPECIFIED,,PAGE_FETCH_STATE_UNSPECIFIED,,,GOOGLE_CANONICAL_ABSENT,,0,,0,,UNKNOWN,,200,,never crawled,candidate only; compare with local internal links
https://funnytools.win/en/guides/image-resolution-print-web-guide/,2026-09-13T08:16:04.530Z,https://search.google.com/search-console/inspect?resource_id=sc-domain:funnytools.win&id=zkyus8JX-sDACGX5KnCKfA&utm_medium=link&utm_source=api,Unknown,no,unknown,unknown,NEUTRAL,URL is unknown to Google,ROBOTS_TXT_STATE_UNSPECIFIED,INDEXING_STATE_UNSPECIFIED,,PAGE_FETCH_STATE_UNSPECIFIED,,,GOOGLE_CANONICAL_ABSENT,,0,,0,,UNKNOWN,,200,,never crawled,candidate only; compare with local internal links
https://funnytools.win/en/guides/json-formatter-trailing-comma-error-guide/,2026-09-13T08:16:10.616Z,https://search.google.com/search-console/inspect?resource_id=sc-domain:funnytools.win&id=ViIWN7dPAGFVLRQ4L_pG2g&utm_medium=link&utm_source=api,Unknown,no,unknown,unknown,NEUTRAL,URL is unknown to Google,ROBOTS_TXT_STATE_UNSPECIFIED,INDEXING_STATE_UNSPECIFIED,,PAGE_FETCH_STATE_UNSPECIFIED,,,GOOGLE_CANONICAL_ABSENT,,0,,0,,UNKNOWN,,200,,never crawled,candidate only; compare with local internal links
https://funnytools.win/en/guides/merge-pdf-bookmarks-navigation-guide/,2026-09-13T08:16:11.490Z,https://search.google.com/search-console/inspect?resource_id=sc-domain:funnytools.win&id=3h8HeBapZVCi-kSS0KwZuw&utm_medium=link&utm_source=api,Unknown,no,unknown,unknown,NEUTRAL,URL is unknown to Google,ROBOTS_TXT_STATE_UNSPECIFIED,INDEXING_STATE_UNSPECIFIED,,PAGE_FETCH_STATE_UNSPECIFIED,,,GOOGLE_CANONICAL_ABSENT,,0,,0,,UNKNOWN,,200,,never crawled,candidate only; compare with local internal links
https://funnytools.win/en/guides/merge-pdf-page-size-orientation-guide/,2026-09-13T08:16:11.870Z,https://search.google.com/search-console/inspect?resource_id=sc-domain:funnytools.win&id=nOyxeJfwtQizmkA8A8A6Hw&utm_medium=link&utm_source=api,Unknown,no,unknown,unknown,NEUTRAL,URL is unknown to Google,ROBOTS_TXT_STATE_UNSPECIFIED,INDEXING_STATE_UNSPECIFIED,,PAGE_FETCH_STATE_UNSPECIFIED,,,GOOGLE_CANONICAL_ABSENT,,0,,0,,UNKNOWN,,200,,never crawled,candidate only; compare with local internal links
https://funnytools.win/en/guides/merge-pdf-private-guide/,2026-09-13T08:16:17.562Z,https://search.google.com/search-console/inspect?resource_id=sc-domain:funnytools.win&id=1dsiPeb1iyTO_Lji0pH1rg&utm_medium=link&utm_source=api,Unknown,no,unknown,unknown,NEUTRAL,URL is unknown to Google,ROBOTS_TXT_STATE_UNSPECIFIED,INDEXING_STATE_UNSPECIFIED,,PAGE_FETCH_STATE_UNSPECIFIED,,,GOOGLE_CANONICAL_ABSENT,,0,,0,,UNKNOWN,,200,,never crawled,candidate only; compare with local internal links
https://funnytools.win/en/guides/merge-pdf-reading-order-checklist-guide/,2026-09-13T08:16:18.865Z,https://search.google.com/search-console/inspect?resource_id=sc-domain:funnytools.win&id=_Dc7-YzqwHeqZDRrH2P_pQ&utm_medium=link&utm_source=api,Unknown,no,unknown,unknown,NEUTRAL,URL is unknown to Google,ROBOTS_TXT_STATE_UNSPECIFIED,INDEXING_STATE_UNSPECIFIED,,PAGE_FETCH_STATE_UNSPECIFIED,,,GOOGLE_CANONICAL_ABSENT,,0,,0,,UNKNOWN,,200,,never crawled,candidate only; compare with local internal links
https://funnytools.win/en/guides/pdf-accessibility-reading-order-check-guide/,2026-09-13T08:16:18.845Z,https://search.google.com/search-console/inspect?resource_id=sc-domain:funnytools.win&id=NkrlMgdMRjQ0S7jREaOPtA&utm_medium=link&utm_source=api,Unknown,no,unknown,unknown,NEUTRAL,URL is unknown to Google,ROBOTS_TXT_STATE_UNSPECIFIED,INDEXING_STATE_UNSPECIFIED,,PAGE_FETCH_STATE_UNSPECIFIED,,,GOOGLE_CANONICAL_ABSENT,,0,,0,,UNKNOWN,,200,,never crawled,candidate only; compare with local internal links
https://funnytools.win/en/guides/pdf-compressor-email-attachment-guide/,2026-09-13T08:16:24.534Z,https://search.google.com/search-console/inspect?resource_id=sc-domain:funnytools.win&id=0lWNb5LJO-Iikd_9kRAYpw&utm_medium=link&utm_source=api,Unknown,no,unknown,unknown,NEUTRAL,URL is unknown to Google,ROBOTS_TXT_STATE_UNSPECIFIED,INDEXING_STATE_UNSPECIFIED,,PAGE_FETCH_STATE_UNSPECIFIED,,,GOOGLE_CANONICAL_ABSENT,,0,,0,,UNKNOWN,,200,,never crawled,candidate only; compare with local internal links
https://funnytools.win/en/guides/pdf-compressor-form-fields-links-guide/,2026-09-13T08:16:25.798Z,https://search.google.com/search-console/inspect?resource_id=sc-domain:funnytools.win&id=oBk7__RGWhq88lddvcEPUA&utm_medium=link&utm_source=api,Unknown,no,unknown,unknown,NEUTRAL,URL is unknown to Google,ROBOTS_TXT_STATE_UNSPECIFIED,INDEXING_STATE_UNSPECIFIED,,PAGE_FETCH_STATE_UNSPECIFIED,,,GOOGLE_CANONICAL_ABSENT,,0,,0,,UNKNOWN,,200,,never crawled,candidate only; compare with local internal links
https://funnytools.win/en/guides/pdf-page-reorder-appendix-merge-check-guide/,2026-09-13T08:16:26.442Z,https://search.google.com/search-console/inspect?resource_id=sc-domain:funnytools.win&id=ysAqrzxRkrrHmt5kRjYeOw&utm_medium=link&utm_source=api,Unknown,no,unknown,unknown,NEUTRAL,URL is unknown to Google,ROBOTS_TXT_STATE_UNSPECIFIED,INDEXING_STATE_UNSPECIFIED,,PAGE_FETCH_STATE_UNSPECIFIED,,,GOOGLE_CANONICAL_ABSENT,,0,,0,,UNKNOWN,,200,,never crawled,candidate only; compare with local internal links
https://funnytools.win/en/guides/pdf-split-vs-extract-vs-delete/,2026-09-13T08:16:31.613Z,https://search.google.com/search-console/inspect?resource_id=sc-domain:funnytools.win&id=Lbq6hjPXpgfMlxXuTICfqw&utm_medium=link&utm_source=api,Unknown,no,unknown,unknown,NEUTRAL,URL is unknown to Google,ROBOTS_TXT_STATE_UNSPECIFIED,INDEXING_STATE_UNSPECIFIED,,PAGE_FETCH_STATE_UNSPECIFIED,,,GOOGLE_CANONICAL_ABSENT,,0,,0,,UNKNOWN,,200,,never crawled,candidate only; compare with local internal links
https://funnytools.win/en/guides/pdf-table-to-excel-header-check-guide/,2026-09-13T08:16:32.971Z,https://search.google.com/search-console/inspect?resource_id=sc-domain:funnytools.win&id=KtR7mUuqLqdwWo4sJxsaLA&utm_medium=link&utm_source=api,Unknown,no,unknown,unknown,NEUTRAL,URL is unknown to Google,ROBOTS_TXT_STATE_UNSPECIFIED,INDEXING_STATE_UNSPECIFIED,,PAGE_FETCH_STATE_UNSPECIFIED,,,GOOGLE_CANONICAL_ABSENT,,0,,0,,UNKNOWN,,200,,never crawled,candidate only; compare with local internal links
https://funnytools.win/en/guides/pdf-to-image-background-contrast-guide/,2026-09-13T08:16:33.565Z,https://search.google.com/search-console/inspect?resource_id=sc-domain:funnytools.win&id=rIsg41GWyOXj-RQycHY7Iw&utm_medium=link&utm_source=api,Unknown,no,unknown,unknown,NEUTRAL,URL is unknown to Google,ROBOTS_TXT_STATE_UNSPECIFIED,INDEXING_STATE_UNSPECIFIED,,PAGE_FETCH_STATE_UNSPECIFIED,,,GOOGLE_CANONICAL_ABSENT,,0,,0,,UNKNOWN,,200,,never crawled,candidate only; compare with local internal links
https://funnytools.win/en/guides/pdf-to-image-multipage-download-guide/,2026-09-13T08:16:38.958Z,https://search.google.com/search-console/inspect?resource_id=sc-domain:funnytools.win&id=NgGIixdUqFOwbwwW1_uZjw&utm_medium=link&utm_source=api,Unknown,no,unknown,unknown,NEUTRAL,URL is unknown to Google,ROBOTS_TXT_STATE_UNSPECIFIED,INDEXING_STATE_UNSPECIFIED,,PAGE_FETCH_STATE_UNSPECIFIED,,,GOOGLE_CANONICAL_ABSENT,,0,,0,,UNKNOWN,,200,,never crawled,candidate only; compare with local internal links
https://funnytools.win/en/guides/pdf-to-image-print-crop-marks-guide/,2026-09-13T08:16:40.535Z,https://search.google.com/search-console/inspect?resource_id=sc-domain:funnytools.win&id=53PDcnEFGi4esdjYJC6DDw&utm_medium=link&utm_source=api,Unknown,no,unknown,unknown,NEUTRAL,URL is unknown to Google,ROBOTS_TXT_STATE_UNSPECIFIED,INDEXING_STATE_UNSPECIFIED,,PAGE_FETCH_STATE_UNSPECIFIED,,,GOOGLE_CANONICAL_ABSENT,,0,,0,,UNKNOWN,,200,,never crawled,candidate only; compare with local internal links
https://funnytools.win/en/guides/pdf-to-image-raster-text-search-guide/,2026-09-13T08:16:40.587Z,https://search.google.com/search-console/inspect?resource_id=sc-domain:funnytools.win&id=oZOyerk5FgDoHinX34dOSQ&utm_medium=link&utm_source=api,Unknown,no,unknown,unknown,NEUTRAL,URL is unknown to Google,ROBOTS_TXT_STATE_UNSPECIFIED,INDEXING_STATE_UNSPECIFIED,,PAGE_FETCH_STATE_UNSPECIFIED,,,GOOGLE_CANONICAL_ABSENT,,0,,0,,UNKNOWN,,200,,never crawled,candidate only; compare with local internal links
https://funnytools.win/en/guides/pdf-to-image-resolution-guide/,2026-09-13T08:16:46.199Z,https://search.google.com/search-console/inspect?resource_id=sc-domain:funnytools.win&id=D6Ejz8GriK851cq-sdNCAg&utm_medium=link&utm_source=api,Unknown,no,unknown,unknown,NEUTRAL,URL is unknown to Google,ROBOTS_TXT_STATE_UNSPECIFIED,INDEXING_STATE_UNSPECIFIED,,PAGE_FETCH_STATE_UNSPECIFIED,,,GOOGLE_CANONICAL_ABSENT,,0,,0,,UNKNOWN,,200,,never crawled,candidate only; compare with local internal links
https://funnytools.win/en/guides/pdf-to-word-form-field-editing-guide/,2026-09-13T08:16:47.848Z,https://search.google.com/search-console/inspect?resource_id=sc-domain:funnytools.win&id=g6X9j1I0EN1jjJWu6zhhFQ&utm_medium=link&utm_source=api,Unknown,no,unknown,unknown,NEUTRAL,URL is unknown to Google,ROBOTS_TXT_STATE_UNSPECIFIED,INDEXING_STATE_UNSPECIFIED,,PAGE_FETCH_STATE_UNSPECIFIED,,,GOOGLE_CANONICAL_ABSENT,,0,,0,,UNKNOWN,,200,,never crawled,candidate only; compare with local internal links
https://funnytools.win/en/guides/pdf-to-word-layout-fidelity-guide/,2026-09-13T08:16:48.134Z,https://search.google.com/search-console/inspect?resource_id=sc-domain:funnytools.win&id=UVtYsxPWrmFdCZGUEVFroA&utm_medium=link&utm_source=api,Unknown,no,unknown,unknown,NEUTRAL,URL is unknown to Google,ROBOTS_TXT_STATE_UNSPECIFIED,INDEXING_STATE_UNSPECIFIED,,PAGE_FETCH_STATE_UNSPECIFIED,,,GOOGLE_CANONICAL_ABSENT,,0,,0,,UNKNOWN,,200,,never crawled,candidate only; compare with local internal links
https://funnytools.win/en/guides/pdf-to-word-ocr-language-check-guide/,2026-09-13T08:16:53.316Z,https://search.google.com/search-console/inspect?resource_id=sc-domain:funnytools.win&id=1p-MlkuBibcJmVPw6_jUCg&utm_medium=link&utm_source=api,Unknown,no,unknown,unknown,NEUTRAL,URL is unknown to Google,ROBOTS_TXT_STATE_UNSPECIFIED,INDEXING_STATE_UNSPECIFIED,,PAGE_FETCH_STATE_UNSPECIFIED,,,GOOGLE_CANONICAL_ABSENT,,0,,0,,UNKNOWN,,200,,never crawled,candidate only; compare with local internal links
https://funnytools.win/en/guides/pdf-to-word-review-track-changes-guide/,2026-09-13T08:16:54.816Z,https://search.google.com/search-console/inspect?resource_id=sc-domain:funnytools.win&id=2ZeFhKBInrCG_L81JAJtRw&utm_medium=link&utm_source=api,Unknown,no,unknown,unknown,NEUTRAL,URL is unknown to Google,ROBOTS_TXT_STATE_UNSPECIFIED,INDEXING_STATE_UNSPECIFIED,,PAGE_FETCH_STATE_UNSPECIFIED,,,GOOGLE_CANONICAL_ABSENT,,0,,0,,UNKNOWN,,200,,never crawled,candidate only; compare with local internal links
https://funnytools.win/en/guides/pdf-upload-failed-troubleshooting/,2026-09-13T08:16:55.232Z,https://search.google.com/search-console/inspect?resource_id=sc-domain:funnytools.win&id=3MzxRhq7W1_Qs-l1vBNQiQ&utm_medium=link&utm_source=api,Unknown,no,unknown,unknown,NEUTRAL,URL is unknown to Google,ROBOTS_TXT_STATE_UNSPECIFIED,INDEXING_STATE_UNSPECIFIED,,PAGE_FETCH_STATE_UNSPECIFIED,,,GOOGLE_CANONICAL_ABSENT,,0,,0,,UNKNOWN,,200,,never crawled,candidate only; compare with local internal links
https://funnytools.win/en/guides/percentage-grade-to-gpa-conversion-guide/,2026-09-13T08:17:00.481Z,https://search.google.com/search-console/inspect?resource_id=sc-domain:funnytools.win&id=yyujAdO0PpXQPolzeefkpQ&utm_medium=link&utm_source=api,Unknown,no,unknown,unknown,NEUTRAL,URL is unknown to Google,ROBOTS_TXT_STATE_UNSPECIFIED,INDEXING_STATE_UNSPECIFIED,,PAGE_FETCH_STATE_UNSPECIFIED,,,GOOGLE_CANONICAL_ABSENT,,0,,0,,UNKNOWN,,200,,never crawled,candidate only; compare with local internal links
https://funnytools.win/en/guides/percentage-shortcuts-guide/,2026-09-13T08:17:01.730Z,https://search.google.com/search-console/inspect?resource_id=sc-domain:funnytools.win&id=y24qQRECJBaCIQ7tOkAbPw&utm_medium=link&utm_source=api,Unknown,no,unknown,unknown,NEUTRAL,URL is unknown to Google,ROBOTS_TXT_STATE_UNSPECIFIED,INDEXING_STATE_UNSPECIFIED,,PAGE_FETCH_STATE_UNSPECIFIED,,,GOOGLE_CANONICAL_ABSENT,,0,,0,,UNKNOWN,,200,,never crawled,candidate only; compare with local internal links
https://funnytools.win/en/guides/percentile-rank-guide/,2026-09-13T08:17:02.165Z,https://search.google.com/search-console/inspect?resource_id=sc-domain:funnytools.win&id=P_LpAfwM7y2zLed3jaEa_A&utm_medium=link&utm_source=api,Unknown,no,unknown,unknown,NEUTRAL,URL is unknown to Google,ROBOTS_TXT_STATE_UNSPECIFIED,INDEXING_STATE_UNSPECIFIED,,PAGE_FETCH_STATE_UNSPECIFIED,,,GOOGLE_CANONICAL_ABSENT,,0,,0,,UNKNOWN,,200,,never crawled,candidate only; compare with local internal links
https://funnytools.win/en/guides/photos-to-pdf-phone-guide/,2026-09-13T08:17:07.443Z,https://search.google.com/search-console/inspect?resource_id=sc-domain:funnytools.win&id=3ZdP2wWenXksQWfLHsPnuA&utm_medium=link&utm_source=api,Unknown,no,unknown,unknown,NEUTRAL,URL is unknown to Google,ROBOTS_TXT_STATE_UNSPECIFIED,INDEXING_STATE_UNSPECIFIED,,PAGE_FETCH_STATE_UNSPECIFIED,,,GOOGLE_CANONICAL_ABSENT,,0,,0,,UNKNOWN,,200,,never crawled,candidate only; compare with local internal links
https://funnytools.win/en/guides/qr-code-accessible-fallback-guide/,2026-09-13T08:17:08.951Z,https://search.google.com/search-console/inspect?resource_id=sc-domain:funnytools.win&id=4BJ-P8HC-hvwIHAf5dZbWg&utm_medium=link&utm_source=api,Unknown,no,unknown,unknown,NEUTRAL,URL is unknown to Google,ROBOTS_TXT_STATE_UNSPECIFIED,INDEXING_STATE_UNSPECIFIED,,PAGE_FETCH_STATE_UNSPECIFIED,,,GOOGLE_CANONICAL_ABSENT,,0,,0,,UNKNOWN,,200,,never crawled,candidate only; compare with local internal links
https://funnytools.win/en/guides/qr-code-before-print-testing-guide/,2026-09-13T08:17:09.348Z,https://search.google.com/search-console/inspect?resource_id=sc-domain:funnytools.win&id=Sd5LWsjNbt1vngZKJB87Gg&utm_medium=link&utm_source=api,Unknown,no,unknown,unknown,NEUTRAL,URL is unknown to Google,ROBOTS_TXT_STATE_UNSPECIFIED,INDEXING_STATE_UNSPECIFIED,,PAGE_FETCH_STATE_UNSPECIFIED,,,GOOGLE_CANONICAL_ABSENT,,0,,0,,UNKNOWN,,200,,never crawled,candidate only; compare with local internal links
https://funnytools.win/en/guides/qr-code-classroom-guide/,2026-09-13T08:17:14.580Z,https://search.google.com/search-console/inspect?resource_id=sc-domain:funnytools.win&id=VYGn89UhzRp_6tchgKIFvw&utm_medium=link&utm_source=api,Unknown,no,unknown,unknown,NEUTRAL,URL is unknown to Google,ROBOTS_TXT_STATE_UNSPECIFIED,INDEXING_STATE_UNSPECIFIED,,PAGE_FETCH_STATE_UNSPECIFIED,,,GOOGLE_CANONICAL_ABSENT,,0,,0,,UNKNOWN,,200,,never crawled,candidate only; compare with local internal links
https://funnytools.win/en/guides/qr-code-destination-change-log-guide/,2026-09-13T08:17:16.161Z,https://search.google.com/search-console/inspect?resource_id=sc-domain:funnytools.win&id=MtOgm6h4VSJesGcWSbqg6Q&utm_medium=link&utm_source=api,Unknown,no,unknown,unknown,NEUTRAL,URL is unknown to Google,ROBOTS_TXT_STATE_UNSPECIFIED,INDEXING_STATE_UNSPECIFIED,,PAGE_FETCH_STATE_UNSPECIFIED,,,GOOGLE_CANONICAL_ABSENT,,0,,0,,UNKNOWN,,200,,never crawled,candidate only; compare with local internal links
https://funnytools.win/en/guides/qr-code-event-page-expiry-guide/,2026-09-13T08:17:16.555Z,https://search.google.com/search-console/inspect?resource_id=sc-domain:funnytools.win&id=GKUkRMZdnSlZ1CQQjLXRXQ&utm_medium=link&utm_source=api,Unknown,no,unknown,unknown,NEUTRAL,URL is unknown to Google,ROBOTS_TXT_STATE_UNSPECIFIED,INDEXING_STATE_UNSPECIFIED,,PAGE_FETCH_STATE_UNSPECIFIED,,,GOOGLE_CANONICAL_ABSENT,,0,,0,,UNKNOWN,,200,,never crawled,candidate only; compare with local internal links
https://funnytools.win/en/guides/qr-code-mobile-landing-page-guide/,2026-09-13T08:17:21.767Z,https://search.google.com/search-console/inspect?resource_id=sc-domain:funnytools.win&id=yN1MpoDj_KK0kT467gHRSA&utm_medium=link&utm_source=api,Unknown,no,unknown,unknown,NEUTRAL,URL is unknown to Google,ROBOTS_TXT_STATE_UNSPECIFIED,INDEXING_STATE_UNSPECIFIED,,PAGE_FETCH_STATE_UNSPECIFIED,,,GOOGLE_CANONICAL_ABSENT,,0,,0,,UNKNOWN,,200,,never crawled,candidate only; compare with local internal links
https://funnytools.win/en/guides/qr-code-multi-placement-consistency-guide/,2026-09-13T08:17:23.100Z,https://search.google.com/search-console/inspect?resource_id=sc-domain:funnytools.win&id=DwwbFCdoCwxhQj_io1H_BA&utm_medium=link&utm_source=api,Unknown,no,unknown,unknown,NEUTRAL,URL is unknown to Google,ROBOTS_TXT_STATE_UNSPECIFIED,INDEXING_STATE_UNSPECIFIED,,PAGE_FETCH_STATE_UNSPECIFIED,,,GOOGLE_CANONICAL_ABSENT,,0,,0,,UNKNOWN,,200,,never crawled,candidate only; compare with local internal links
https://funnytools.win/en/guides/qr-code-multilingual-switch-testing-guide/,2026-09-13T08:17:23.752Z,https://search.google.com/search-console/inspect?resource_id=sc-domain:funnytools.win&id=v3llHm2C8AB8g4AK3xTMKw&utm_medium=link&utm_source=api,Unknown,no,unknown,unknown,NEUTRAL,URL is unknown to Google,ROBOTS_TXT_STATE_UNSPECIFIED,INDEXING_STATE_UNSPECIFIED,,PAGE_FETCH_STATE_UNSPECIFIED,,,GOOGLE_CANONICAL_ABSENT,,0,,0,,UNKNOWN,,200,,never crawled,candidate only; compare with local internal links
https://funnytools.win/en/guides/qr-code-payload-length-guide/,2026-09-13T08:17:28.692Z,https://search.google.com/search-console/inspect?resource_id=sc-domain:funnytools.win&id=YLpF74YyuTw0_cx7nQ-1XA&utm_medium=link&utm_source=api,Unknown,no,unknown,unknown,NEUTRAL,URL is unknown to Google,ROBOTS_TXT_STATE_UNSPECIFIED,INDEXING_STATE_UNSPECIFIED,,PAGE_FETCH_STATE_UNSPECIFIED,,,GOOGLE_CANONICAL_ABSENT,,0,,0,,UNKNOWN,,200,,never crawled,candidate only; compare with local internal links
https://funnytools.win/en/guides/qr-code-scan-failure-field-troubleshooting-guide/,2026-09-13T08:17:30.066Z,https://search.google.com/search-console/inspect?resource_id=sc-domain:funnytools.win&id=pdhugKljexuAx3pYjg3VIA&utm_medium=link&utm_source=api,Unknown,no,unknown,unknown,NEUTRAL,URL is unknown to Google,ROBOTS_TXT_STATE_UNSPECIFIED,INDEXING_STATE_UNSPECIFIED,,PAGE_FETCH_STATE_UNSPECIFIED,,,GOOGLE_CANONICAL_ABSENT,,0,,0,,UNKNOWN,,200,,never crawled,candidate only; compare with local internal links
https://funnytools.win/en/guides/qr-code-utm-campaign-link-guide/,2026-09-13T08:17:31.136Z,https://search.google.com/search-console/inspect?resource_id=sc-domain:funnytools.win&id=Ibsl2ND6oLue64Q_dl_skQ&utm_medium=link&utm_source=api,Unknown,no,unknown,unknown,NEUTRAL,URL is unknown to Google,ROBOTS_TXT_STATE_UNSPECIFIED,INDEXING_STATE_UNSPECIFIED,,PAGE_FETCH_STATE_UNSPECIFIED,,,GOOGLE_CANONICAL_ABSENT,,0,,0,,UNKNOWN,,200,,never crawled,candidate only; compare with local internal links
https://funnytools.win/en/guides/seating-chart-changeover-routine-guide/,2026-09-13T08:17:35.826Z,https://search.google.com/search-console/inspect?resource_id=sc-domain:funnytools.win&id=HORhGRGlTT0MXyouqcgv5w&utm_medium=link&utm_source=api,Unknown,no,unknown,unknown,NEUTRAL,URL is unknown to Google,ROBOTS_TXT_STATE_UNSPECIFIED,INDEXING_STATE_UNSPECIFIED,,PAGE_FETCH_STATE_UNSPECIFIED,,,GOOGLE_CANONICAL_ABSENT,,0,,0,,UNKNOWN,,200,,never crawled,candidate only; compare with local internal links
https://funnytools.win/en/guides/seating-chart-student-needs-intake-guide/,2026-09-13T08:17:37.224Z,https://search.google.com/search-console/inspect?resource_id=sc-domain:funnytools.win&id=UxADZypgWsXyPrK34_X_Yw&utm_medium=link&utm_source=api,Unknown,no,unknown,unknown,NEUTRAL,URL is unknown to Google,ROBOTS_TXT_STATE_UNSPECIFIED,INDEXING_STATE_UNSPECIFIED,,PAGE_FETCH_STATE_UNSPECIFIED,,,GOOGLE_CANONICAL_ABSENT,,0,,0,,UNKNOWN,,200,,never crawled,candidate only; compare with local internal links
https://funnytools.win/en/guides/split-pdf-output-naming-batch-delivery-guide/,2026-09-13T08:17:38.353Z,https://search.google.com/search-console/inspect?resource_id=sc-domain:funnytools.win&id=aExPkGyP_dCa3_OF9zDMJg&utm_medium=link&utm_source=api,Unknown,no,unknown,unknown,NEUTRAL,URL is unknown to Google,ROBOTS_TXT_STATE_UNSPECIFIED,INDEXING_STATE_UNSPECIFIED,,PAGE_FETCH_STATE_UNSPECIFIED,,,GOOGLE_CANONICAL_ABSENT,,0,,0,,UNKNOWN,,200,,never crawled,candidate only; compare with local internal links
https://funnytools.win/en/guides/split-pdf-page-range-planning-guide/,2026-09-13T08:17:42.998Z,https://search.google.com/search-console/inspect?resource_id=sc-domain:funnytools.win&id=eCxdxu7z9GsfIEgJKRL7vQ&utm_medium=link&utm_source=api,Unknown,no,unknown,unknown,NEUTRAL,URL is unknown to Google,ROBOTS_TXT_STATE_UNSPECIFIED,INDEXING_STATE_UNSPECIFIED,,PAGE_FETCH_STATE_UNSPECIFIED,,,GOOGLE_CANONICAL_ABSENT,,0,,0,,UNKNOWN,,200,,never crawled,candidate only; compare with local internal links
https://funnytools.win/en/guides/spss-levene-test-guide/,2026-09-13T08:17:44.673Z,https://search.google.com/search-console/inspect?resource_id=sc-domain:funnytools.win&id=t5ipsbmw25N3Bnp-v4sMsw&utm_medium=link&utm_source=api,Crawled Not Indexed,yes,yes,no,NEUTRAL,Crawled - currently not indexed,ALLOWED,INDEXING_ALLOWED,2026-08-13T13:21:28Z,SUCCESSFUL,https://funnytools.win/en/guides/spss-levene-test-guide/,https://funnytools.win/en/guides/spss-levene-test-guide/,SELF_MATCH,MOBILE,0,,3,https://funnytools.win/es/guias/prueba-levene-spss/; https://funnytools.win/en/; https://funnytools.win/guides/spss-levene-test-guide/,UNKNOWN,,200,30,15–30 days,no
https://funnytools.win/en/guides/t-score-calculator-guide/,2026-09-13T08:17:45.593Z,https://search.google.com/search-console/inspect?resource_id=sc-domain:funnytools.win&id=fsVRA3rnCxVO_197z-2ZXA&utm_medium=link&utm_source=api,Crawled Not Indexed,yes,yes,no,NEUTRAL,Crawled - currently not indexed,ALLOWED,INDEXING_ALLOWED,2026-08-19T08:46:34Z,SUCCESSFUL,https://funnytools.win/en/guides/t-score-calculator-guide/,https://funnytools.win/en/guides/t-score-calculator-guide/,SELF_MATCH,MOBILE,0,,3,https://funnytools.win/es/guias/puntuacion-t-interpretacion/; https://funnytools.win/en/category/statistics/; https://funnytools.win/guides/t-score-calculator-guide/,UNKNOWN,,200,24,15–30 days,no
https://funnytools.win/en/guides/t-test-apa-format-guide/,2026-09-13T08:17:50.133Z,https://search.google.com/search-console/inspect?resource_id=sc-domain:funnytools.win&id=BPR1p8SDiyou6015S6wVLg&utm_medium=link&utm_source=api,Crawled Not Indexed,yes,yes,no,NEUTRAL,Crawled - currently not indexed,ALLOWED,INDEXING_ALLOWED,2026-08-16T16:09:50Z,SUCCESSFUL,https://funnytools.win/en/guides/t-test-apa-format-guide/,https://funnytools.win/en/guides/t-test-apa-format-guide/,SELF_MATCH,MOBILE,0,,2,https://funnytools.win/en/; https://funnytools.win/guides/t-test-apa-format-guide/,UNKNOWN,,200,27,15–30 days,no
https://funnytools.win/en/guides/teacher-exam-weighted-score-guide/,2026-09-13T08:17:51.608Z,https://search.google.com/search-console/inspect?resource_id=sc-domain:funnytools.win&id=1-uE7HpLLd4PRkbd4BE38g&utm_medium=link&utm_source=api,Crawled Not Indexed,yes,yes,no,NEUTRAL,Crawled - currently not indexed,ALLOWED,INDEXING_ALLOWED,2026-08-19T06:16:34Z,SUCCESSFUL,https://funnytools.win/en/guides/teacher-exam-weighted-score-guide/,https://funnytools.win/en/guides/teacher-exam-weighted-score-guide/,SELF_MATCH,MOBILE,0,,2,https://funnytools.win/en/category/statistics/; https://funnytools.win/guides/teacher-exam-weighted-score-guide/,UNKNOWN,,200,25,15–30 days,no
https://funnytools.win/en/guides/two-way-anova-interaction-guide/,2026-09-13T08:17:52.890Z,https://search.google.com/search-console/inspect?resource_id=sc-domain:funnytools.win&id=P0qSiD_wXVD0mKAPEFOtCA&utm_medium=link&utm_source=api,Unknown,no,unknown,unknown,NEUTRAL,URL is unknown to Google,ROBOTS_TXT_STATE_UNSPECIFIED,INDEXING_STATE_UNSPECIFIED,,PAGE_FETCH_STATE_UNSPECIFIED,,,GOOGLE_CANONICAL_ABSENT,,0,,0,,UNKNOWN,,200,,never crawled,candidate only; compare with local internal links
https://funnytools.win/en/guides/word-count-essay-limits-guide/,2026-09-13T08:17:58.223Z,https://search.google.com/search-console/inspect?resource_id=sc-domain:funnytools.win&id=Vr-GLt2fjzL49hqhKxbQvA&utm_medium=link&utm_source=api,Unknown,no,unknown,unknown,NEUTRAL,URL is unknown to Google,ROBOTS_TXT_STATE_UNSPECIFIED,INDEXING_STATE_UNSPECIFIED,,PAGE_FETCH_STATE_UNSPECIFIED,,,GOOGLE_CANONICAL_ABSENT,,0,,0,,UNKNOWN,,200,,never crawled,candidate only; compare with local internal links
https://funnytools.win/en/guides/z-score-calculator-guide/,2026-09-13T08:17:58.576Z,https://search.google.com/search-console/inspect?resource_id=sc-domain:funnytools.win&id=E_uvP6Oq7Q5FtpNolonSxQ&utm_medium=link&utm_source=api,Crawled Not Indexed,yes,yes,no,NEUTRAL,Crawled - currently not indexed,ALLOWED,INDEXING_ALLOWED,2026-08-13T01:25:17Z,SUCCESSFUL,https://funnytools.win/en/guides/z-score-calculator-guide/,https://funnytools.win/en/guides/z-score-calculator-guide/,SELF_MATCH,MOBILE,0,,2,https://funnytools.win/guides/z-score-calculator-guide/; https://funnytools.win/en/,UNKNOWN,,200,31,>30 days,no
https://funnytools.win/en/privacy/,2026-09-13T08:18:00.088Z,https://search.google.com/search-console/inspect?resource_id=sc-domain:funnytools.win&id=PqgJmFBAbhLuX3hfz9IdoA&utm_medium=link&utm_source=api,Crawled Not Indexed,yes,yes,no,NEUTRAL,Crawled - currently not indexed,ALLOWED,INDEXING_ALLOWED,2026-08-18T14:01:33Z,SUCCESSFUL,https://funnytools.win/en/privacy/,https://funnytools.win/en/privacy/,SELF_MATCH,MOBILE,0,,3,https://funnytools.win/en/category/statistics/; https://funnytools.win/privacy/; https://funnytools.win/en/tools/,UNKNOWN,,200,25,15–30 days,no
https://funnytools.win/en/shop/,2026-09-13T08:18:05.354Z,https://search.google.com/search-console/inspect?resource_id=sc-domain:funnytools.win&id=v20K1xS6wM0XkNsYg3d95g&utm_medium=link&utm_source=api,Unknown,no,unknown,unknown,NEUTRAL,URL is unknown to Google,ROBOTS_TXT_STATE_UNSPECIFIED,INDEXING_STATE_UNSPECIFIED,,PAGE_FETCH_STATE_UNSPECIFIED,,,GOOGLE_CANONICAL_ABSENT,,0,,0,,UNKNOWN,,200,,never crawled,candidate only; compare with local internal links
https://funnytools.win/en/support/,2026-09-13T08:18:05.572Z,https://search.google.com/search-console/inspect?resource_id=sc-domain:funnytools.win&id=ncrpbHZl5JuiMOa8qyIAvg&utm_medium=link&utm_source=api,Crawled Not Indexed,yes,yes,no,NEUTRAL,Crawled - currently not indexed,ALLOWED,INDEXING_ALLOWED,2026-07-31T03:45:52Z,SUCCESSFUL,https://funnytools.win/en/support/,https://funnytools.win/en/support/,SELF_MATCH,MOBILE,0,,2,https://funnytools.win/en/category/statistics/; https://funnytools.win/support/,UNKNOWN,,200,44,>30 days,no
https://funnytools.win/en/terms/,2026-09-13T08:18:07.252Z,https://search.google.com/search-console/inspect?resource_id=sc-domain:funnytools.win&id=iib_6Gv6lQSpCzEv1DWTIg&utm_medium=link&utm_source=api,Crawled Not Indexed,yes,yes,no,NEUTRAL,Crawled - currently not indexed,ALLOWED,INDEXING_ALLOWED,2026-08-22T01:03:55Z,SUCCESSFUL,https://funnytools.win/en/terms/,https://funnytools.win/en/terms/,SELF_MATCH,MOBILE,0,,4,https://funnytools.win/es/condiciones-de-uso/; https://funnytools.win/en/category/statistics/; https://funnytools.win/terms/; https://funnytools.win/en/tools/json-formatter/,UNKNOWN,,200,22,15–30 days,no
https://funnytools.win/en/tools/,2026-09-13T08:18:12.363Z,https://search.google.com/search-console/inspect?resource_id=sc-domain:funnytools.win&id=22X66-TLQdMAyhVGPFwQWg&utm_medium=link&utm_source=api,Crawled Not Indexed,yes,yes,no,NEUTRAL,Crawled - currently not indexed,ALLOWED,INDEXING_ALLOWED,2026-08-19T15:44:57Z,SUCCESSFUL,https://funnytools.win/en/tools/,https://funnytools.win/en/tools/,SELF_MATCH,MOBILE,0,,2,https://funnytools.win/tools/; https://funnytools.win/en/privacy/,UNKNOWN,,200,24,15–30 days,no
https://funnytools.win/en/tools/age-calculator/,2026-09-13T08:18:12.689Z,https://search.google.com/search-console/inspect?resource_id=sc-domain:funnytools.win&id=deiplSRQKcEI3Jk8Jbbfjw&utm_medium=link&utm_source=api,Unknown,no,unknown,unknown,NEUTRAL,URL is unknown to Google,ROBOTS_TXT_STATE_UNSPECIFIED,INDEXING_STATE_UNSPECIFIED,,PAGE_FETCH_STATE_UNSPECIFIED,,,GOOGLE_CANONICAL_ABSENT,,0,,0,,UNKNOWN,,200,,never crawled,candidate only; compare with local internal links
https://funnytools.win/en/tools/apa-7-report-generator/,2026-09-13T08:18:14.440Z,https://search.google.com/search-console/inspect?resource_id=sc-domain:funnytools.win&id=QryTgzrMI0HsXxTBQkqmgQ&utm_medium=link&utm_source=api,Unknown,no,unknown,unknown,NEUTRAL,URL is unknown to Google,ROBOTS_TXT_STATE_UNSPECIFIED,INDEXING_STATE_UNSPECIFIED,,PAGE_FETCH_STATE_UNSPECIFIED,,,GOOGLE_CANONICAL_ABSENT,,0,,0,,UNKNOWN,,200,,never crawled,candidate only; compare with local internal links
https://funnytools.win/en/tools/bar-chart-maker/,2026-09-13T08:18:19.313Z,https://search.google.com/search-console/inspect?resource_id=sc-domain:funnytools.win&id=p2e49-2ptWwyRCeuf1Jblg&utm_medium=link&utm_source=api,Unknown,no,unknown,unknown,NEUTRAL,URL is unknown to Google,ROBOTS_TXT_STATE_UNSPECIFIED,INDEXING_STATE_UNSPECIFIED,,PAGE_FETCH_STATE_UNSPECIFIED,,,GOOGLE_CANONICAL_ABSENT,,0,,0,,UNKNOWN,,200,,never crawled,candidate only; compare with local internal links
https://funnytools.win/en/tools/barcode-generator/,2026-09-13T08:18:19.942Z,https://search.google.com/search-console/inspect?resource_id=sc-domain:funnytools.win&id=9d35n-G9Hkgej5S6-LQdbw&utm_medium=link&utm_source=api,Unknown,no,unknown,unknown,NEUTRAL,URL is unknown to Google,ROBOTS_TXT_STATE_UNSPECIFIED,INDEXING_STATE_UNSPECIFIED,,PAGE_FETCH_STATE_UNSPECIFIED,,,GOOGLE_CANONICAL_ABSENT,,0,,0,,UNKNOWN,,200,,never crawled,candidate only; compare with local internal links
https://funnytools.win/en/tools/base64/,2026-09-13T08:18:21.509Z,https://search.google.com/search-console/inspect?resource_id=sc-domain:funnytools.win&id=zTHNFhIRxoYsuS38oV9bJA&utm_medium=link&utm_source=api,Crawled Not Indexed,yes,yes,no,NEUTRAL,Crawled - currently not indexed,ALLOWED,INDEXING_ALLOWED,2026-08-21T10:00:39Z,SUCCESSFUL,https://funnytools.win/en/tools/base64/,https://funnytools.win/en/tools/base64/,SELF_MATCH,MOBILE,0,,2,https://funnytools.win/en/; https://funnytools.win/en/tools/,UNKNOWN,,200,22,15–30 days,no
https://funnytools.win/en/tools/break-reminder/,2026-09-13T08:18:26.292Z,https://search.google.com/search-console/inspect?resource_id=sc-domain:funnytools.win&id=_QRvIj3JQJT42VJpJEjONA&utm_medium=link&utm_source=api,Crawled Not Indexed,yes,yes,no,NEUTRAL,Crawled - currently not indexed,ALLOWED,INDEXING_ALLOWED,2026-08-19T16:16:15Z,SUCCESSFUL,https://funnytools.win/en/tools/break-reminder/,https://funnytools.win/en/tools/break-reminder/,SELF_MATCH,MOBILE,0,,4,https://funnytools.win/fr/outils/rappel-pause-ecran/; https://funnytools.win/en/; https://funnytools.win/tools/break-reminder/; https://funnytools.win/en/tools/,UNKNOWN,,200,24,15–30 days,no
https://funnytools.win/en/tools/bulk-image-compressor/,2026-09-13T08:18:26.924Z,https://search.google.com/search-console/inspect?resource_id=sc-domain:funnytools.win&id=w-8XAq4HZWkXC8W3agcTiA&utm_medium=link&utm_source=api,Unknown,no,unknown,unknown,NEUTRAL,URL is unknown to Google,ROBOTS_TXT_STATE_UNSPECIFIED,INDEXING_STATE_UNSPECIFIED,,PAGE_FETCH_STATE_UNSPECIFIED,,,GOOGLE_CANONICAL_ABSENT,,0,,0,,UNKNOWN,,200,,never crawled,candidate only; compare with local internal links
https://funnytools.win/en/tools/business-days/,2026-09-13T08:18:28.867Z,https://search.google.com/search-console/inspect?resource_id=sc-domain:funnytools.win&id=bL2obD-CXbR_mvVieSSKDA&utm_medium=link&utm_source=api,Crawled Not Indexed,yes,yes,no,NEUTRAL,Crawled - currently not indexed,ALLOWED,INDEXING_ALLOWED,2026-08-21T17:43:31Z,SUCCESSFUL,https://funnytools.win/en/tools/business-days/,https://funnytools.win/en/tools/business-days/,SELF_MATCH,MOBILE,0,,3,https://funnytools.win/en/; https://funnytools.win/tools/business-days/; https://funnytools.win/en/tools/,UNKNOWN,,200,22,15–30 days,no
https://funnytools.win/en/tools/cad-2d/,2026-09-13T08:18:33.237Z,https://search.google.com/search-console/inspect?resource_id=sc-domain:funnytools.win&id=Vz1nV-GI5eFmTcKVZuMKsA&utm_medium=link&utm_source=api,Crawled Not Indexed,yes,yes,no,NEUTRAL,Crawled - currently not indexed,ALLOWED,INDEXING_ALLOWED,2026-08-23T05:32:30Z,SUCCESSFUL,https://funnytools.win/en/tools/cad-2d/,https://funnytools.win/en/tools/cad-2d/,SELF_MATCH,MOBILE,0,,2,https://funnytools.win/en/; https://funnytools.win/en/tools/,UNKNOWN,,200,21,15–30 days,no
https://funnytools.win/en/tools/case-converter/,2026-09-13T08:18:33.895Z,https://search.google.com/search-console/inspect?resource_id=sc-domain:funnytools.win&id=xdmNVvsMcJxuJZG3eVi9Og&utm_medium=link&utm_source=api,Crawled Not Indexed,yes,yes,no,NEUTRAL,Crawled - currently not indexed,ALLOWED,INDEXING_ALLOWED,2026-08-15T19:02:53Z,SUCCESSFUL,https://funnytools.win/en/tools/case-converter/,https://funnytools.win/en/tools/case-converter/,SELF_MATCH,MOBILE,0,,3,https://funnytools.win/tools/case-converter/; https://funnytools.win/en/; https://funnytools.win/en/tools/,UNKNOWN,,200,28,15–30 days,no
https://funnytools.win/en/tools/character-counter/,2026-09-13T08:18:35.889Z,https://search.google.com/search-console/inspect?resource_id=sc-domain:funnytools.win&id=G0lCBeqAEm_dDIByffVv4Q&utm_medium=link&utm_source=api,Crawled Not Indexed,yes,yes,no,NEUTRAL,Crawled - currently not indexed,ALLOWED,INDEXING_ALLOWED,2026-08-17T18:59:30Z,SUCCESSFUL,https://funnytools.win/en/tools/character-counter/,https://funnytools.win/en/tools/character-counter/,SELF_MATCH,MOBILE,0,,2,https://funnytools.win/en/; https://funnytools.win/en/tools/,UNKNOWN,,200,26,15–30 days,no
https://funnytools.win/en/tools/class-rank-percentile-calculator/,2026-09-13T08:18:40.555Z,https://search.google.com/search-console/inspect?resource_id=sc-domain:funnytools.win&id=1U_URat-oJS9biC8cEf4Ew&utm_medium=link&utm_source=api,Crawled Not Indexed,yes,yes,no,NEUTRAL,Crawled - currently not indexed,ALLOWED,INDEXING_ALLOWED,2026-08-17T03:08:52Z,SUCCESSFUL,https://funnytools.win/en/tools/class-rank-percentile-calculator/,https://funnytools.win/en/tools/class-rank-percentile-calculator/,SELF_MATCH,MOBILE,0,,3,https://funnytools.win/es/herramientas/calculadora-percentil-ranking-clase/; https://funnytools.win/en/category/statistics/; http://funnytools.win/en/tools/class-rank-percentile-calculator/,UNKNOWN,,200,27,15–30 days,no
https://funnytools.win/en/tools/color-generator/,2026-09-13T08:18:41.075Z,https://search.google.com/search-console/inspect?resource_id=sc-domain:funnytools.win&id=QVghFgG4w-BeC4bWedZeqg&utm_medium=link&utm_source=api,Crawled Not Indexed,yes,yes,no,NEUTRAL,Crawled - currently not indexed,ALLOWED,INDEXING_ALLOWED,2026-08-21T07:02:39Z,SUCCESSFUL,https://funnytools.win/en/tools/color-generator/,https://funnytools.win/en/tools/color-generator/,SELF_MATCH,MOBILE,0,,3,https://funnytools.win/tools/color-generator/; https://funnytools.win/en/; https://funnytools.win/en/tools/,UNKNOWN,,200,23,15–30 days,no
https://funnytools.win/en/tools/compound-interest/,2026-09-13T08:18:42.839Z,https://search.google.com/search-console/inspect?resource_id=sc-domain:funnytools.win&id=noHdIHtT8qnThQqq6OZcDQ&utm_medium=link&utm_source=api,Crawled Not Indexed,yes,yes,no,NEUTRAL,Crawled - currently not indexed,ALLOWED,INDEXING_ALLOWED,2026-08-17T16:28:57Z,SUCCESSFUL,https://funnytools.win/en/tools/compound-interest/,https://funnytools.win/en/tools/compound-interest/,SELF_MATCH,MOBILE,0,,2,https://funnytools.win/en/; https://funnytools.win/en/tools/,UNKNOWN,,200,26,15–30 days,no
https://funnytools.win/en/tools/countdown-timer/,2026-09-13T08:18:47.984Z,https://search.google.com/search-console/inspect?resource_id=sc-domain:funnytools.win&id=9YH4EYczTyrb8K-11mjUHg&utm_medium=link&utm_source=api,Crawled Not Indexed,yes,yes,no,NEUTRAL,Crawled - currently not indexed,ALLOWED,INDEXING_ALLOWED,2026-08-07T14:09:21Z,SUCCESSFUL,https://funnytools.win/en/tools/countdown-timer/,https://funnytools.win/en/tools/countdown-timer/,SELF_MATCH,MOBILE,0,,2,https://funnytools.win/en/; https://funnytools.win/tools/countdown-timer/,UNKNOWN,,200,36,>30 days,no
https://funnytools.win/en/tools/cronbach-alpha-calculator/,2026-09-13T08:18:48.399Z,https://search.google.com/search-console/inspect?resource_id=sc-domain:funnytools.win&id=GzWLFTcdsiLDQDRwx4q84Q&utm_medium=link&utm_source=api,Crawled Not Indexed,yes,yes,no,NEUTRAL,Crawled - currently not indexed,ALLOWED,INDEXING_ALLOWED,2026-08-02T13:44:13Z,SUCCESSFUL,https://funnytools.win/en/tools/cronbach-alpha-calculator/,https://funnytools.win/en/tools/cronbach-alpha-calculator/,SELF_MATCH,MOBILE,0,,3,https://funnytools.win/en/category/statistics/; https://funnytools.win/tools/cronbach-alpha-calculator/; http://funnytools.win/en/tools/cronbach-alpha-calculator/,UNKNOWN,,200,41,>30 days,no
https://funnytools.win/en/tools/csv-to-json/,2026-09-13T08:18:49.789Z,https://search.google.com/search-console/inspect?resource_id=sc-domain:funnytools.win&id=O9RQnySqK6re38AmBkuCyw&utm_medium=link&utm_source=api,Crawled Not Indexed,yes,yes,no,NEUTRAL,Crawled - currently not indexed,ALLOWED,INDEXING_ALLOWED,2026-08-18T21:52:26Z,SUCCESSFUL,https://funnytools.win/en/tools/csv-to-json/,https://funnytools.win/en/tools/csv-to-json/,SELF_MATCH,MOBILE,0,,1,https://funnytools.win/en/,UNKNOWN,,200,25,15–30 days,no
https://funnytools.win/en/tools/date-difference/,2026-09-13T08:18:54.899Z,https://search.google.com/search-console/inspect?resource_id=sc-domain:funnytools.win&id=zVqIPMNoNL71XE_5ngtLhA&utm_medium=link&utm_source=api,Crawled Not Indexed,yes,yes,no,NEUTRAL,Crawled - currently not indexed,ALLOWED,INDEXING_ALLOWED,2026-08-15T17:47:51Z,SUCCESSFUL,https://funnytools.win/en/tools/date-difference/,https://funnytools.win/en/tools/date-difference/,SELF_MATCH,MOBILE,0,,2,https://funnytools.win/en/; https://funnytools.win/en/tools/,UNKNOWN,,200,28,15–30 days,no
https://funnytools.win/en/tools/delete-pdf-pages/,2026-09-13T08:18:55.372Z,https://search.google.com/search-console/inspect?resource_id=sc-domain:funnytools.win&id=tydc8qs7xcIii-qFHnsVLw&utm_medium=link&utm_source=api,Crawled Not Indexed,yes,yes,no,NEUTRAL,Crawled - currently not indexed,ALLOWED,INDEXING_ALLOWED,2026-08-15T18:25:24Z,SUCCESSFUL,https://funnytools.win/en/tools/delete-pdf-pages/,https://funnytools.win/en/tools/delete-pdf-pages/,SELF_MATCH,MOBILE,0,,2,https://funnytools.win/en/; https://funnytools.win/en/tools/,UNKNOWN,,200,28,15–30 days,no
https://funnytools.win/en/tools/dice-roller/,2026-09-13T08:18:57.166Z,https://search.google.com/search-console/inspect?resource_id=sc-domain:funnytools.win&id=H3dpqH6YrhBCnUuKzaTAmg&utm_medium=link&utm_source=api,Crawled Not Indexed,yes,yes,no,NEUTRAL,Crawled - currently not indexed,ALLOWED,INDEXING_ALLOWED,2026-08-19T08:09:04Z,SUCCESSFUL,https://funnytools.win/en/tools/dice-roller/,https://funnytools.win/en/tools/dice-roller/,SELF_MATCH,MOBILE,0,,3,https://funnytools.win/en/; https://funnytools.win/tools/dice-roller/; https://funnytools.win/en/tools/,UNKNOWN,,200,25,15–30 days,no
https://funnytools.win/en/tools/extract-pdf-pages/,2026-09-13T08:19:01.850Z,https://search.google.com/search-console/inspect?resource_id=sc-domain:funnytools.win&id=RdOvaRsD0CPBUqbagapVAA&utm_medium=link&utm_source=api,Crawled Not Indexed,yes,yes,no,NEUTRAL,Crawled - currently not indexed,ALLOWED,INDEXING_ALLOWED,2026-08-23T03:53:01Z,SUCCESSFUL,https://funnytools.win/en/tools/extract-pdf-pages/,https://funnytools.win/en/tools/extract-pdf-pages/,SELF_MATCH,MOBILE,0,,4,https://funnytools.win/es/herramientas/extraer-paginas-pdf/; https://funnytools.win/en/; https://funnytools.win/tools/extract-pdf-pages/; https://funnytools.win/en/tools/,UNKNOWN,,200,21,15–30 days,no
https://funnytools.win/en/tools/flowchart/,2026-09-13T08:19:02.509Z,https://search.google.com/search-console/inspect?resource_id=sc-domain:funnytools.win&id=aKpqKatof3NUkZ9aNmeGNg&utm_medium=link&utm_source=api,Crawled Not Indexed,yes,yes,no,NEUTRAL,Crawled - currently not indexed,ALLOWED,INDEXING_ALLOWED,2026-08-17T18:52:21Z,SUCCESSFUL,https://funnytools.win/en/tools/flowchart/,https://funnytools.win/en/tools/flowchart/,SELF_MATCH,MOBILE,0,,3,https://funnytools.win/tools/flowchart/; https://funnytools.win/en/; https://funnytools.win/en/tools/,UNKNOWN,,200,26,15–30 days,no
https://funnytools.win/en/tools/gpa-calculator/,2026-09-13T08:19:04.228Z,https://search.google.com/search-console/inspect?resource_id=sc-domain:funnytools.win&id=WfkBZ6IQEYHNJkRjp8P-lw&utm_medium=link&utm_source=api,Crawled Not Indexed,yes,yes,no,NEUTRAL,Crawled - currently not indexed,ALLOWED,INDEXING_ALLOWED,2026-08-01T01:53:18Z,SUCCESSFUL,https://funnytools.win/en/tools/gpa-calculator/,https://funnytools.win/en/tools/gpa-calculator/,SELF_MATCH,MOBILE,0,,2,https://funnytools.win/en/; https://funnytools.win/en/tools/,UNKNOWN,,200,43,>30 days,no
https://funnytools.win/en/tools/grade-average/,2026-09-13T08:19:09.012Z,https://search.google.com/search-console/inspect?resource_id=sc-domain:funnytools.win&id=kn5h7Uqudl74Q7X8e-k2Yg&utm_medium=link&utm_source=api,Crawled Not Indexed,yes,yes,no,NEUTRAL,Crawled - currently not indexed,ALLOWED,INDEXING_ALLOWED,2026-08-04T18:35:57Z,SUCCESSFUL,https://funnytools.win/en/tools/grade-average/,https://funnytools.win/en/tools/grade-average/,SELF_MATCH,MOBILE,0,,2,https://funnytools.win/en/category/statistics/; https://funnytools.win/en/tools/,UNKNOWN,,200,39,>30 days,no
https://funnytools.win/en/tools/group-generator/,2026-09-13T08:19:09.827Z,https://search.google.com/search-console/inspect?resource_id=sc-domain:funnytools.win&id=xhcPEtvuYsqz_yVPZ2Haig&utm_medium=link&utm_source=api,Crawled Not Indexed,yes,yes,no,NEUTRAL,Crawled - currently not indexed,ALLOWED,INDEXING_ALLOWED,2026-08-17T06:37:54Z,SUCCESSFUL,https://funnytools.win/en/tools/group-generator/,https://funnytools.win/en/tools/group-generator/,SELF_MATCH,MOBILE,0,,2,https://funnytools.win/en/; https://funnytools.win/en/tools/,UNKNOWN,,200,27,15–30 days,no
https://funnytools.win/en/tools/image-compressor/,2026-09-13T08:19:11.153Z,https://search.google.com/search-console/inspect?resource_id=sc-domain:funnytools.win&id=blGRRdX928DreRHFa9O2dg&utm_medium=link&utm_source=api,Blocked/Error,yes,yes,no,NEUTRAL,Excluded by ‘noindex’ tag,ALLOWED,BLOCKED_BY_META_TAG,2026-07-05T23:14:53Z,SUCCESSFUL,https://funnytools.win/en/tools/image-compressor/,,SELF_MATCH,MOBILE,0,,3,https://funnytools.win/en/; http://funnytools.win/en/; https://funnytools.win/tools/image-compressor/,UNKNOWN,,200,69,>30 days,no
https://funnytools.win/en/tools/image-crop/,2026-09-13T08:19:16.204Z,https://search.google.com/search-console/inspect?resource_id=sc-domain:funnytools.win&id=ZW_h24vRG3iPBESEp5gGLg&utm_medium=link&utm_source=api,Crawled Not Indexed,yes,yes,no,NEUTRAL,Crawled - currently not indexed,ALLOWED,INDEXING_ALLOWED,2026-08-15T02:56:00Z,SUCCESSFUL,https://funnytools.win/en/tools/image-crop/,https://funnytools.win/en/tools/image-crop/,SELF_MATCH,MOBILE,0,,2,https://funnytools.win/en/; http://funnytools.win/en/tools/image-crop/,UNKNOWN,,200,29,15–30 days,no
https://funnytools.win/en/tools/image-resizer/,2026-09-13T08:19:17.009Z,https://search.google.com/search-console/inspect?resource_id=sc-domain:funnytools.win&id=trMv7jGD6KUF7XLrwt3iig&utm_medium=link&utm_source=api,Unknown,no,unknown,unknown,NEUTRAL,URL is unknown to Google,ROBOTS_TXT_STATE_UNSPECIFIED,INDEXING_STATE_UNSPECIFIED,,PAGE_FETCH_STATE_UNSPECIFIED,,,GOOGLE_CANONICAL_ABSENT,,0,,0,,UNKNOWN,,200,,never crawled,candidate only; compare with local internal links
https://funnytools.win/en/tools/image-rotate-flip/,2026-09-13T08:19:18.105Z,https://search.google.com/search-console/inspect?resource_id=sc-domain:funnytools.win&id=1UWyony99BG9MhqKdYuwAg&utm_medium=link&utm_source=api,Crawled Not Indexed,yes,yes,no,NEUTRAL,Crawled - currently not indexed,ALLOWED,INDEXING_ALLOWED,2026-08-19T11:54:04Z,SUCCESSFUL,https://funnytools.win/en/tools/image-rotate-flip/,https://funnytools.win/en/tools/image-rotate-flip/,SELF_MATCH,MOBILE,0,,3,https://funnytools.win/en/; https://funnytools.win/tools/image-rotate-flip/; https://funnytools.win/en/tools/image-crop/,UNKNOWN,,200,24,15–30 days,no
https://funnytools.win/en/tools/image-to-base64/,2026-09-13T08:19:23.278Z,https://search.google.com/search-console/inspect?resource_id=sc-domain:funnytools.win&id=u2bt77hMs39UKzX2U7dscw&utm_medium=link&utm_source=api,Crawled Not Indexed,yes,yes,no,NEUTRAL,Crawled - currently not indexed,ALLOWED,INDEXING_ALLOWED,2026-08-22T01:17:23Z,SUCCESSFUL,https://funnytools.win/en/tools/image-to-base64/,https://funnytools.win/en/tools/image-to-base64/,SELF_MATCH,MOBILE,0,,3,https://funnytools.win/en/; http://funnytools.win/tools/image-to-base64/; http://funnytools.win/en/tools/image-to-base64/,UNKNOWN,,200,22,15–30 days,no
https://funnytools.win/en/tools/image-to-dxf/,2026-09-13T08:19:24.069Z,https://search.google.com/search-console/inspect?resource_id=sc-domain:funnytools.win&id=O6eciqijv755GTExAJb2tQ&utm_medium=link&utm_source=api,Unknown,no,unknown,unknown,NEUTRAL,URL is unknown to Google,ROBOTS_TXT_STATE_UNSPECIFIED,INDEXING_STATE_UNSPECIFIED,,PAGE_FETCH_STATE_UNSPECIFIED,,,GOOGLE_CANONICAL_ABSENT,,0,,0,,UNKNOWN,,200,,never crawled,candidate only; compare with local internal links
https://funnytools.win/en/tools/images-to-pdf/,2026-09-13T08:19:25.037Z,https://search.google.com/search-console/inspect?resource_id=sc-domain:funnytools.win&id=9fJt37Q3toTTRhBtOfgiOw&utm_medium=link&utm_source=api,Crawled Not Indexed,yes,yes,no,NEUTRAL,Crawled - currently not indexed,ALLOWED,INDEXING_ALLOWED,2026-08-25T01:58:19Z,SUCCESSFUL,https://funnytools.win/en/tools/images-to-pdf/,https://funnytools.win/en/tools/images-to-pdf/,SELF_MATCH,MOBILE,0,,2,https://funnytools.win/tools/images-to-pdf/; https://funnytools.win/en/,UNKNOWN,,200,19,15–30 days,no
https://funnytools.win/en/tools/independent-samples-t-test-calculator/,2026-09-13T08:19:30.159Z,https://search.google.com/search-console/inspect?resource_id=sc-domain:funnytools.win&id=fSCvrzuCVq7rksn-eX0aKA&utm_medium=link&utm_source=api,Crawled Not Indexed,yes,yes,no,NEUTRAL,Crawled - currently not indexed,ALLOWED,INDEXING_ALLOWED,2026-08-18T21:26:39Z,SUCCESSFUL,https://funnytools.win/en/tools/independent-samples-t-test-calculator/,https://funnytools.win/en/tools/independent-samples-t-test-calculator/,SELF_MATCH,MOBILE,0,,4,https://funnytools.win/en/category/statistics/; https://funnytools.win/tools/independent-samples-t-test-calculator/; http://funnytools.win/tools/independent-samples-t-test-calculator/; http://funnytools.win/en/tools/independent-samples-t-test-calculator/,UNKNOWN,,200,25,15–30 days,no
https://funnytools.win/en/tools/inflation/,2026-09-13T08:19:31.184Z,https://search.google.com/search-console/inspect?resource_id=sc-domain:funnytools.win&id=WBrAC9WkeEQIfrVuNCqVmw&utm_medium=link&utm_source=api,Crawled Not Indexed,yes,yes,no,NEUTRAL,Crawled - currently not indexed,ALLOWED,INDEXING_ALLOWED,2026-08-21T05:56:54Z,SUCCESSFUL,https://funnytools.win/en/tools/inflation/,https://funnytools.win/en/tools/inflation/,SELF_MATCH,MOBILE,0,,4,https://funnytools.win/es/herramientas/calculadora-inflacion/; https://funnytools.win/en/; https://funnytools.win/tools/inflation/; https://funnytools.win/en/tools/,UNKNOWN,,200,23,15–30 days,no
https://funnytools.win/en/tools/jpg-to-png/,2026-09-13T08:19:32.258Z,https://search.google.com/search-console/inspect?resource_id=sc-domain:funnytools.win&id=teBycc-7sKFmwQHqdkJdEA&utm_medium=link&utm_source=api,Crawled Not Indexed,yes,yes,no,NEUTRAL,Crawled - currently not indexed,ALLOWED,INDEXING_ALLOWED,2026-08-17T08:17:53Z,SUCCESSFUL,https://funnytools.win/en/tools/jpg-to-png/,https://funnytools.win/en/tools/jpg-to-png/,SELF_MATCH,MOBILE,0,,3,https://funnytools.win/fr/outils/convertir-jpg-en-png/; https://funnytools.win/en/; https://funnytools.win/en/category/image/,UNKNOWN,,200,27,15–30 days,no
https://funnytools.win/en/tools/jpg-to-webp/,2026-09-13T08:19:37.082Z,https://search.google.com/search-console/inspect?resource_id=sc-domain:funnytools.win&id=M1fq9vVPNZYIXPrfVDzfog&utm_medium=link&utm_source=api,Crawled Not Indexed,yes,yes,no,NEUTRAL,Crawled - currently not indexed,ALLOWED,INDEXING_ALLOWED,2026-08-15T02:56:01Z,SUCCESSFUL,https://funnytools.win/en/tools/jpg-to-webp/,https://funnytools.win/en/tools/jpg-to-webp/,SELF_MATCH,MOBILE,0,,2,https://funnytools.win/en/; https://funnytools.win/tools/jpg-to-webp/,UNKNOWN,,200,29,15–30 days,no
https://funnytools.win/en/tools/json-formatter/,2026-09-13T08:19:38.288Z,https://search.google.com/search-console/inspect?resource_id=sc-domain:funnytools.win&id=9zB1vZ7brk7ojR0F7mK_uQ&utm_medium=link&utm_source=api,Crawled Not Indexed,yes,yes,no,NEUTRAL,Crawled - currently not indexed,ALLOWED,INDEXING_ALLOWED,2026-08-08T07:35:58Z,SUCCESSFUL,https://funnytools.win/en/tools/json-formatter/,https://funnytools.win/en/tools/json-formatter/,SELF_MATCH,MOBILE,0,,3,https://funnytools.win/en/; https://funnytools.win/tools/json-formatter/; https://funnytools.win/en/tools/,UNKNOWN,,200,36,>30 days,no
https://funnytools.win/en/tools/json-to-csv/,2026-09-13T08:19:39.371Z,https://search.google.com/search-console/inspect?resource_id=sc-domain:funnytools.win&id=bcgknqd-hO1HW0xi7Hyc_w&utm_medium=link&utm_source=api,Crawled Not Indexed,yes,yes,no,NEUTRAL,Crawled - currently not indexed,ALLOWED,INDEXING_ALLOWED,2026-08-16T23:48:03Z,SUCCESSFUL,https://funnytools.win/en/tools/json-to-csv/,https://funnytools.win/en/tools/json-to-csv/,SELF_MATCH,MOBILE,0,,4,https://funnytools.win/en/; http://funnytools.win/tools/json-to-csv/; https://funnytools.win/en/tools/csv-to-json/; http://funnytools.win/en/tools/json-to-csv/,UNKNOWN,,200,27,15–30 days,no
https://funnytools.win/en/tools/markdown-previewer/,2026-09-13T08:19:44.190Z,https://search.google.com/search-console/inspect?resource_id=sc-domain:funnytools.win&id=z7oLYgDHw6QtWaR8pVQ0gw&utm_medium=link&utm_source=api,Crawled Not Indexed,yes,yes,no,NEUTRAL,Crawled - currently not indexed,ALLOWED,INDEXING_ALLOWED,2026-08-16T06:19:10Z,SUCCESSFUL,https://funnytools.win/en/tools/markdown-previewer/,https://funnytools.win/en/tools/markdown-previewer/,SELF_MATCH,MOBILE,0,,2,https://funnytools.win/en/; https://funnytools.win/tools/markdown-previewer/,UNKNOWN,,200,28,15–30 days,no
https://funnytools.win/en/tools/merge-pdf/,2026-09-13T08:19:45.280Z,https://search.google.com/search-console/inspect?resource_id=sc-domain:funnytools.win&id=jZB92-PCkimJeQTDe5vl4Q&utm_medium=link&utm_source=api,Crawled Not Indexed,yes,yes,no,NEUTRAL,Crawled - currently not indexed,ALLOWED,INDEXING_ALLOWED,2026-08-23T03:32:46Z,SUCCESSFUL,https://funnytools.win/en/tools/merge-pdf/,https://funnytools.win/en/tools/merge-pdf/,SELF_MATCH,MOBILE,0,,2,https://funnytools.win/en/; https://funnytools.win/en/tools/,UNKNOWN,,200,21,15–30 days,no
https://funnytools.win/en/tools/mortgage-payment/,2026-09-13T08:19:46.822Z,https://search.google.com/search-console/inspect?resource_id=sc-domain:funnytools.win&id=AEJPksKEdeLYkVq6SrsEkw&utm_medium=link&utm_source=api,Crawled Not Indexed,yes,yes,no,NEUTRAL,Crawled - currently not indexed,ALLOWED,INDEXING_ALLOWED,2026-08-23T21:52:06Z,SUCCESSFUL,https://funnytools.win/en/tools/mortgage-payment/,https://funnytools.win/en/tools/mortgage-payment/,SELF_MATCH,MOBILE,0,,4,https://funnytools.win/fr/outils/calculateur-mensualite-pret-immobilier/; https://funnytools.win/en/; http://funnytools.win/en/; https://funnytools.win/en/tools/,UNKNOWN,,200,20,15–30 days,no
https://funnytools.win/en/tools/net-salary/,2026-09-13T08:19:51.537Z,https://search.google.com/search-console/inspect?resource_id=sc-domain:funnytools.win&id=zffpwvLdZxSrcCjnss0mBQ&utm_medium=link&utm_source=api,Crawled Not Indexed,yes,yes,no,NEUTRAL,Crawled - currently not indexed,ALLOWED,INDEXING_ALLOWED,2026-08-17T07:34:16Z,SUCCESSFUL,https://funnytools.win/en/tools/net-salary/,https://funnytools.win/en/tools/net-salary/,SELF_MATCH,MOBILE,0,,2,https://funnytools.win/en/; https://funnytools.win/en/tools/,UNKNOWN,,200,27,15–30 days,no
https://funnytools.win/en/tools/normalized-score-converter/,2026-09-13T08:19:52.190Z,https://search.google.com/search-console/inspect?resource_id=sc-domain:funnytools.win&id=R-Ldy73nABRl_8GixWG4nw&utm_medium=link&utm_source=api,Crawled Not Indexed,yes,yes,no,NEUTRAL,Crawled - currently not indexed,ALLOWED,INDEXING_ALLOWED,2026-08-16T14:05:36Z,SUCCESSFUL,https://funnytools.win/en/tools/normalized-score-converter/,https://funnytools.win/en/tools/normalized-score-converter/,SELF_MATCH,MOBILE,0,,2,https://funnytools.win/en/category/statistics/; http://funnytools.win/en/tools/normalized-score-converter/,UNKNOWN,,200,27,15–30 days,no
https://funnytools.win/en/tools/overtime-pay/,2026-09-13T08:19:53.822Z,https://search.google.com/search-console/inspect?resource_id=sc-domain:funnytools.win&id=cX6tUp6peZNQ226gx4lqZw&utm_medium=link&utm_source=api,Crawled Not Indexed,yes,yes,no,NEUTRAL,Crawled - currently not indexed,ALLOWED,INDEXING_ALLOWED,2026-07-31T12:40:38Z,SUCCESSFUL,https://funnytools.win/en/tools/overtime-pay/,https://funnytools.win/en/tools/overtime-pay/,SELF_MATCH,MOBILE,0,,3,https://funnytools.win/tools/overtime-pay/; https://funnytools.win/en/; https://funnytools.win/en/tools/,UNKNOWN,,200,43,>30 days,no
https://funnytools.win/en/tools/password-generator/,2026-09-13T08:19:58.460Z,https://search.google.com/search-console/inspect?resource_id=sc-domain:funnytools.win&id=Ve8YutMI6OdkVnkktPyr2A&utm_medium=link&utm_source=api,Crawled Not Indexed,yes,yes,no,NEUTRAL,Crawled - currently not indexed,ALLOWED,INDEXING_ALLOWED,2026-08-18T03:32:25Z,SUCCESSFUL,https://funnytools.win/en/tools/password-generator/,https://funnytools.win/en/tools/password-generator/,SELF_MATCH,MOBILE,0,,2,https://funnytools.win/en/; https://funnytools.win/en/tools/,UNKNOWN,,200,26,15–30 days,no
https://funnytools.win/en/tools/pdf-compressor/,2026-09-13T08:19:59.387Z,https://search.google.com/search-console/inspect?resource_id=sc-domain:funnytools.win&id=rcv7_Lx_pooo07FuEdm6sA&utm_medium=link&utm_source=api,Crawled Not Indexed,yes,yes,no,NEUTRAL,Crawled - currently not indexed,ALLOWED,INDEXING_ALLOWED,2026-08-17T02:44:22Z,SUCCESSFUL,https://funnytools.win/en/tools/pdf-compressor/,https://funnytools.win/en/tools/pdf-compressor/,SELF_MATCH,MOBILE,0,,2,https://funnytools.win/en/; http://funnytools.win/en/tools/pdf-compressor/,UNKNOWN,,200,27,15–30 days,no
https://funnytools.win/en/tools/pdf-page-reorder/,2026-09-13T08:20:01.037Z,https://search.google.com/search-console/inspect?resource_id=sc-domain:funnytools.win&id=WQ1Caex-p2umW2UCfAQgtg&utm_medium=link&utm_source=api,Crawled Not Indexed,yes,yes,no,NEUTRAL,Crawled - currently not indexed,ALLOWED,INDEXING_ALLOWED,2026-08-18T05:19:26Z,SUCCESSFUL,https://funnytools.win/en/tools/pdf-page-reorder/,https://funnytools.win/en/tools/pdf-page-reorder/,SELF_MATCH,MOBILE,0,,2,https://funnytools.win/en/; http://funnytools.win/en/tools/pdf-page-reorder/,UNKNOWN,,200,26,15–30 days,no
https://funnytools.win/en/tools/pdf-table-to-excel/,2026-09-13T08:20:05.415Z,https://search.google.com/search-console/inspect?resource_id=sc-domain:funnytools.win&id=LG2zb9LI-aNTQ8cb5XWIsQ&utm_medium=link&utm_source=api,Unknown,no,unknown,unknown,NEUTRAL,URL is unknown to Google,ROBOTS_TXT_STATE_UNSPECIFIED,INDEXING_STATE_UNSPECIFIED,,PAGE_FETCH_STATE_UNSPECIFIED,,,GOOGLE_CANONICAL_ABSENT,,0,,0,,UNKNOWN,,200,,never crawled,candidate only; compare with local internal links
https://funnytools.win/en/tools/pdf-to-image/,2026-09-13T08:20:06.588Z,https://search.google.com/search-console/inspect?resource_id=sc-domain:funnytools.win&id=8nIHj9SMfXUSJhfLV8vdJQ&utm_medium=link&utm_source=api,Unknown,no,unknown,unknown,NEUTRAL,URL is unknown to Google,ROBOTS_TXT_STATE_UNSPECIFIED,INDEXING_STATE_UNSPECIFIED,,PAGE_FETCH_STATE_UNSPECIFIED,,,GOOGLE_CANONICAL_ABSENT,,0,,0,,UNKNOWN,,200,,never crawled,candidate only; compare with local internal links
https://funnytools.win/en/tools/pdf-to-word/,2026-09-13T08:20:08.239Z,https://search.google.com/search-console/inspect?resource_id=sc-domain:funnytools.win&id=GSyQTf059zWUrddTjRpQ9w&utm_medium=link&utm_source=api,Unknown,no,unknown,unknown,NEUTRAL,URL is unknown to Google,ROBOTS_TXT_STATE_UNSPECIFIED,INDEXING_STATE_UNSPECIFIED,,PAGE_FETCH_STATE_UNSPECIFIED,,,GOOGLE_CANONICAL_ABSENT,,0,,0,,UNKNOWN,,200,,never crawled,candidate only; compare with local internal links
https://funnytools.win/en/tools/percentage-calculator/,2026-09-13T08:20:12.556Z,https://search.google.com/search-console/inspect?resource_id=sc-domain:funnytools.win&id=5zd59CSdnRx8VFUGdiiOSQ&utm_medium=link&utm_source=api,Crawled Not Indexed,yes,yes,no,NEUTRAL,Crawled - currently not indexed,ALLOWED,INDEXING_ALLOWED,2026-08-10T03:14:36Z,SUCCESSFUL,https://funnytools.win/en/tools/percentage-calculator/,https://funnytools.win/en/tools/percentage-calculator/,SELF_MATCH,MOBILE,0,,2,https://funnytools.win/en/category/statistics/; http://funnytools.win/en/tools/percentage-calculator/,UNKNOWN,,200,34,>30 days,no
https://funnytools.win/en/tools/percentile-rank-calculator/,2026-09-13T08:20:13.978Z,https://search.google.com/search-console/inspect?resource_id=sc-domain:funnytools.win&id=CGfvG2D97UNFkfw_v2CbpQ&utm_medium=link&utm_source=api,Crawled Not Indexed,yes,yes,no,NEUTRAL,Crawled - currently not indexed,ALLOWED,INDEXING_ALLOWED,2026-08-09T16:58:09Z,SUCCESSFUL,https://funnytools.win/en/tools/percentile-rank-calculator/,https://funnytools.win/en/tools/percentile-rank-calculator/,SELF_MATCH,MOBILE,0,,4,https://funnytools.win/en/category/statistics/; https://funnytools.win/tools/percentile-rank-calculator/; https://funnytools.win/en/; http://funnytools.win/en/tools/percentile-rank-calculator/,UNKNOWN,,200,34,>30 days,no
https://funnytools.win/en/tools/pie-chart-maker/,2026-09-13T08:20:15.191Z,https://search.google.com/search-console/inspect?resource_id=sc-domain:funnytools.win&id=WAegVIMfHayJAxSNDIZENA&utm_medium=link&utm_source=api,Crawled Not Indexed,yes,yes,no,NEUTRAL,Crawled - currently not indexed,ALLOWED,INDEXING_ALLOWED,2026-08-22T02:36:59Z,SUCCESSFUL,https://funnytools.win/en/tools/pie-chart-maker/,https://funnytools.win/en/tools/pie-chart-maker/,SELF_MATCH,MOBILE,0,,3,https://funnytools.win/tools/pie-chart-maker/; https://funnytools.win/en/; http://funnytools.win/en/tools/pie-chart-maker/,UNKNOWN,,200,22,15–30 days,no
https://funnytools.win/en/tools/png-to-jpg/,2026-09-13T08:20:19.955Z,https://search.google.com/search-console/inspect?resource_id=sc-domain:funnytools.win&id=JoruiontN3WKTqXOHLu-MA&utm_medium=link&utm_source=api,Crawled Not Indexed,yes,yes,no,NEUTRAL,Crawled - currently not indexed,ALLOWED,INDEXING_ALLOWED,2026-07-30T07:49:21Z,SUCCESSFUL,https://funnytools.win/en/tools/png-to-jpg/,https://funnytools.win/en/tools/png-to-jpg/,SELF_MATCH,MOBILE,0,,2,https://funnytools.win/en/; https://funnytools.win/tools/png-to-jpg/,UNKNOWN,,200,45,>30 days,no
https://funnytools.win/en/tools/pomodoro-timer/,2026-09-13T08:20:20.916Z,https://search.google.com/search-console/inspect?resource_id=sc-domain:funnytools.win&id=u_OLkx9Q5N3aMXfOa_3yLA&utm_medium=link&utm_source=api,Unknown,no,unknown,unknown,NEUTRAL,URL is unknown to Google,ROBOTS_TXT_STATE_UNSPECIFIED,INDEXING_STATE_UNSPECIFIED,,PAGE_FETCH_STATE_UNSPECIFIED,,,GOOGLE_CANONICAL_ABSENT,,0,,0,,UNKNOWN,,200,,never crawled,candidate only; compare with local internal links
https://funnytools.win/en/tools/qr-code-generator/,2026-09-13T08:20:22.503Z,https://search.google.com/search-console/inspect?resource_id=sc-domain:funnytools.win&id=p-9TlTdKzzLRIVo1uoXBtQ&utm_medium=link&utm_source=api,Unknown,no,unknown,unknown,NEUTRAL,URL is unknown to Google,ROBOTS_TXT_STATE_UNSPECIFIED,INDEXING_STATE_UNSPECIFIED,,PAGE_FETCH_STATE_UNSPECIFIED,,,GOOGLE_CANONICAL_ABSENT,,0,,0,,UNKNOWN,,200,,never crawled,candidate only; compare with local internal links
https://funnytools.win/en/tools/random-group-generator/,2026-09-13T08:20:26.959Z,https://search.google.com/search-console/inspect?resource_id=sc-domain:funnytools.win&id=SfaXVqUHFNET7uWunay6TA&utm_medium=link&utm_source=api,Unknown,no,unknown,unknown,NEUTRAL,URL is unknown to Google,ROBOTS_TXT_STATE_UNSPECIFIED,INDEXING_STATE_UNSPECIFIED,,PAGE_FETCH_STATE_UNSPECIFIED,,,GOOGLE_CANONICAL_ABSENT,,0,,0,,UNKNOWN,,200,,never crawled,candidate only; compare with local internal links
https://funnytools.win/en/tools/random-name-picker/,2026-09-13T08:20:28.061Z,https://search.google.com/search-console/inspect?resource_id=sc-domain:funnytools.win&id=hYrzCE7Trit2vfQ-K43tgA&utm_medium=link&utm_source=api,Crawled Not Indexed,yes,yes,no,NEUTRAL,Crawled - currently not indexed,ALLOWED,INDEXING_ALLOWED,2026-08-22T01:03:54Z,SUCCESSFUL,https://funnytools.win/en/tools/random-name-picker/,https://funnytools.win/en/tools/random-name-picker/,SELF_MATCH,MOBILE,0,,3,https://funnytools.win/en/; https://funnytools.win/tools/random-name-picker/; https://funnytools.win/en/tools/,UNKNOWN,,200,22,15–30 days,no
https://funnytools.win/en/tools/random-number-picker/,2026-09-13T08:20:29.666Z,https://search.google.com/search-console/inspect?resource_id=sc-domain:funnytools.win&id=7wx2Nnnh8iQ1C_kaByOfpQ&utm_medium=link&utm_source=api,Crawled Not Indexed,yes,yes,no,NEUTRAL,Crawled - currently not indexed,ALLOWED,INDEXING_ALLOWED,2026-08-01T01:53:16Z,SUCCESSFUL,https://funnytools.win/en/tools/random-number-picker/,https://funnytools.win/en/tools/random-number-picker/,SELF_MATCH,MOBILE,0,,2,https://funnytools.win/en/; https://funnytools.win/tools/random-number-picker/,UNKNOWN,,200,43,>30 days,no
https://funnytools.win/en/tools/random-student-picker/,2026-09-13T08:20:34.130Z,https://search.google.com/search-console/inspect?resource_id=sc-domain:funnytools.win&id=SzjDBEcj3onAfJlOd86GPw&utm_medium=link&utm_source=api,Unknown,no,unknown,unknown,NEUTRAL,URL is unknown to Google,ROBOTS_TXT_STATE_UNSPECIFIED,INDEXING_STATE_UNSPECIFIED,,PAGE_FETCH_STATE_UNSPECIFIED,,,GOOGLE_CANONICAL_ABSENT,,0,,0,,UNKNOWN,,200,,never crawled,candidate only; compare with local internal links
https://funnytools.win/en/tools/random-wheel/,2026-09-13T08:20:35.236Z,https://search.google.com/search-console/inspect?resource_id=sc-domain:funnytools.win&id=Z8-IcUCZ4faVsShmrXXkdg&utm_medium=link&utm_source=api,Crawled Not Indexed,yes,yes,no,NEUTRAL,Crawled - currently not indexed,ALLOWED,INDEXING_ALLOWED,2026-08-09T20:43:09Z,SUCCESSFUL,https://funnytools.win/en/tools/random-wheel/,https://funnytools.win/en/tools/random-wheel/,SELF_MATCH,MOBILE,0,,3,https://funnytools.win/en/; https://funnytools.win/tools/random-wheel/; https://funnytools.win/en/tools/,UNKNOWN,,200,34,>30 days,no
https://funnytools.win/en/tools/remove-duplicate-lines/,2026-09-13T08:20:36.728Z,https://search.google.com/search-console/inspect?resource_id=sc-domain:funnytools.win&id=RCoqeGUgE2XvL4XdWJA_sg&utm_medium=link&utm_source=api,Crawled Not Indexed,yes,yes,no,NEUTRAL,Crawled - currently not indexed,ALLOWED,INDEXING_ALLOWED,2026-08-18T22:00:49Z,SUCCESSFUL,https://funnytools.win/en/tools/remove-duplicate-lines/,https://funnytools.win/en/tools/remove-duplicate-lines/,SELF_MATCH,MOBILE,0,,2,https://funnytools.win/en/; https://funnytools.win/en/tools/,UNKNOWN,,200,25,15–30 days,no
https://funnytools.win/en/tools/remove-empty-lines/,2026-09-13T08:20:41.332Z,https://search.google.com/search-console/inspect?resource_id=sc-domain:funnytools.win&id=yFL5xH3yZlC2Thrp7Utbyg&utm_medium=link&utm_source=api,Crawled Not Indexed,yes,yes,no,NEUTRAL,Crawled - currently not indexed,ALLOWED,INDEXING_ALLOWED,2026-08-21T10:57:53Z,SUCCESSFUL,https://funnytools.win/en/tools/remove-empty-lines/,https://funnytools.win/en/tools/remove-empty-lines/,SELF_MATCH,MOBILE,0,,3,https://funnytools.win/en/; https://funnytools.win/tools/remove-empty-lines/; https://funnytools.win/en/tools/,UNKNOWN,,200,22,15–30 days,no
https://funnytools.win/en/tools/rotate-pdf/,2026-09-13T08:20:42.581Z,https://search.google.com/search-console/inspect?resource_id=sc-domain:funnytools.win&id=mYyCUKlh2kq8BQ1uEcHo4w&utm_medium=link&utm_source=api,Unknown,no,unknown,unknown,NEUTRAL,URL is unknown to Google,ROBOTS_TXT_STATE_UNSPECIFIED,INDEXING_STATE_UNSPECIFIED,,PAGE_FETCH_STATE_UNSPECIFIED,,,GOOGLE_CANONICAL_ABSENT,,0,,0,,UNKNOWN,,200,,never crawled,candidate only; compare with local internal links
https://funnytools.win/en/tools/savings-goal/,2026-09-13T08:20:43.979Z,https://search.google.com/search-console/inspect?resource_id=sc-domain:funnytools.win&id=rE1-phKpINsEhQkm-xqckQ&utm_medium=link&utm_source=api,Crawled Not Indexed,yes,yes,no,NEUTRAL,Crawled - currently not indexed,ALLOWED,INDEXING_ALLOWED,2026-08-03T14:43:23Z,SUCCESSFUL,https://funnytools.win/en/tools/savings-goal/,https://funnytools.win/en/tools/savings-goal/,SELF_MATCH,MOBILE,0,,2,https://funnytools.win/en/; https://funnytools.win/en/tools/,UNKNOWN,,200,40,>30 days,no
https://funnytools.win/en/tools/seating-chart/,2026-09-13T08:20:51.551Z,https://search.google.com/search-console/inspect?resource_id=sc-domain:funnytools.win&id=jNYeykowS3eL87Qdk4RHRA&utm_medium=link&utm_source=api,Crawled Not Indexed,yes,yes,no,NEUTRAL,Crawled - currently not indexed,ALLOWED,INDEXING_ALLOWED,2026-08-23T16:44:46Z,SUCCESSFUL,https://funnytools.win/en/tools/seating-chart/,https://funnytools.win/en/tools/seating-chart/,SELF_MATCH,MOBILE,0,,3,https://funnytools.win/es/herramientas/crear-plano-asientos-aula/; https://funnytools.win/en/; https://funnytools.win/en/tools/,UNKNOWN,,200,20,15–30 days,no
https://funnytools.win/en/tools/sketchpad/,2026-09-13T08:20:49.794Z,https://search.google.com/search-console/inspect?resource_id=sc-domain:funnytools.win&id=_tzcEKeCSnvVrzFhB8LRjw&utm_medium=link&utm_source=api,Crawled Not Indexed,yes,yes,no,NEUTRAL,Crawled - currently not indexed,ALLOWED,INDEXING_ALLOWED,2026-07-18T18:47:00Z,SUCCESSFUL,https://funnytools.win/en/tools/sketchpad/,https://funnytools.win/en/tools/sketchpad/,SELF_MATCH,MOBILE,0,,3,https://funnytools.win/fr/outils/tableau-blanc-dessin-en-ligne/; https://funnytools.win/en/; https://funnytools.win/en/tools/,UNKNOWN,,200,56,>30 days,no
https://funnytools.win/en/tools/sort-lines/,2026-09-13T08:20:50.917Z,https://search.google.com/search-console/inspect?resource_id=sc-domain:funnytools.win&id=yibrzuGCP73eFlmvKsxn0A&utm_medium=link&utm_source=api,Crawled Not Indexed,yes,yes,no,NEUTRAL,Crawled - currently not indexed,ALLOWED,INDEXING_ALLOWED,2026-07-31T14:56:14Z,SUCCESSFUL,https://funnytools.win/en/tools/sort-lines/,https://funnytools.win/en/tools/sort-lines/,SELF_MATCH,MOBILE,0,,3,https://funnytools.win/en/; https://funnytools.win/tools/sort-lines/; https://funnytools.win/en/tools/,UNKNOWN,,200,43,>30 days,no
https://funnytools.win/en/tools/split-pdf/,2026-09-13T08:20:56.750Z,https://search.google.com/search-console/inspect?resource_id=sc-domain:funnytools.win&id=sOFnZSCaFMtP4aXTnM7SYQ&utm_medium=link&utm_source=api,Crawled Not Indexed,yes,yes,no,NEUTRAL,Crawled - currently not indexed,ALLOWED,INDEXING_ALLOWED,2026-08-18T02:22:46Z,SUCCESSFUL,https://funnytools.win/en/tools/split-pdf/,https://funnytools.win/en/tools/split-pdf/,SELF_MATCH,MOBILE,0,,2,https://funnytools.win/tools/split-pdf/; https://funnytools.win/en/,UNKNOWN,,200,26,15–30 days,no
https://funnytools.win/en/tools/spss-result-interpreter/,2026-09-13T08:20:57.890Z,https://search.google.com/search-console/inspect?resource_id=sc-domain:funnytools.win&id=xY3-PTmhySJ3K6KKY-9YYQ&utm_medium=link&utm_source=api,Unknown,no,unknown,unknown,NEUTRAL,URL is unknown to Google,ROBOTS_TXT_STATE_UNSPECIFIED,INDEXING_STATE_UNSPECIFIED,,PAGE_FETCH_STATE_UNSPECIFIED,,,GOOGLE_CANONICAL_ABSENT,,0,,0,,UNKNOWN,,200,,never crawled,candidate only; compare with local internal links
https://funnytools.win/en/tools/standard-deviation/,2026-09-13T08:20:58.489Z,https://search.google.com/search-console/inspect?resource_id=sc-domain:funnytools.win&id=UCYfS9yjiUdbw_rjdMmgjw&utm_medium=link&utm_source=api,Crawled Not Indexed,yes,yes,no,NEUTRAL,Crawled - currently not indexed,ALLOWED,INDEXING_ALLOWED,2026-08-06T15:49:20Z,SUCCESSFUL,https://funnytools.win/en/tools/standard-deviation/,https://funnytools.win/en/tools/standard-deviation/,SELF_MATCH,MOBILE,0,,4,https://funnytools.win/fr/outils/calculateur-ecart-type/; https://funnytools.win/en/category/statistics/; https://funnytools.win/tools/standard-deviation/; https://funnytools.win/en/tools/bar-chart-maker/,UNKNOWN,,200,37,>30 days,no
https://funnytools.win/en/tools/stopwatch/,2026-09-13T08:21:03.970Z,https://search.google.com/search-console/inspect?resource_id=sc-domain:funnytools.win&id=Do9PE9cgPt5OuwBnagUpBQ&utm_medium=link&utm_source=api,Unknown,no,unknown,unknown,NEUTRAL,URL is unknown to Google,ROBOTS_TXT_STATE_UNSPECIFIED,INDEXING_STATE_UNSPECIFIED,,PAGE_FETCH_STATE_UNSPECIFIED,,,GOOGLE_CANONICAL_ABSENT,,0,,0,,UNKNOWN,,200,,never crawled,candidate only; compare with local internal links
https://funnytools.win/en/tools/t-score-calculator/,2026-09-13T08:21:05.118Z,https://search.google.com/search-console/inspect?resource_id=sc-domain:funnytools.win&id=5j-YPmkvOQiMXrwrIHuioQ&utm_medium=link&utm_source=api,Crawled Not Indexed,yes,yes,no,NEUTRAL,Crawled - currently not indexed,ALLOWED,INDEXING_ALLOWED,2026-08-19T18:35:58Z,SUCCESSFUL,https://funnytools.win/en/tools/t-score-calculator/,https://funnytools.win/en/tools/t-score-calculator/,SELF_MATCH,MOBILE,0,,4,https://funnytools.win/en/category/statistics/; https://funnytools.win/fr/outils/calculateur-score-t/; https://funnytools.win/tools/t-score-calculator/; http://funnytools.win/en/tools/t-score-calculator/,UNKNOWN,,200,24,15–30 days,no
https://funnytools.win/en/tools/teacher-exam-score-converter/,2026-09-13T08:21:05.680Z,https://search.google.com/search-console/inspect?resource_id=sc-domain:funnytools.win&id=-KpeQJGAdrsPC6LWACjIYg&utm_medium=link&utm_source=api,Crawled Not Indexed,yes,yes,no,NEUTRAL,Crawled - currently not indexed,ALLOWED,INDEXING_ALLOWED,2026-08-13T17:06:13Z,SUCCESSFUL,https://funnytools.win/en/tools/teacher-exam-score-converter/,https://funnytools.win/en/tools/teacher-exam-score-converter/,SELF_MATCH,MOBILE,0,,4,https://funnytools.win/en/category/statistics/; https://funnytools.win/es/herramientas/calculadora-nota-oposicion-docente/; http://funnytools.win/tools/teacher-exam-score-converter/; http://funnytools.win/en/tools/teacher-exam-score-converter/,UNKNOWN,,200,30,15–30 days,no
https://funnytools.win/en/tools/this-or-that/,2026-09-13T08:21:11.186Z,https://search.google.com/search-console/inspect?resource_id=sc-domain:funnytools.win&id=jlq4kOJgIkzrultvQ8OfBg&utm_medium=link&utm_source=api,Crawled Not Indexed,yes,yes,no,NEUTRAL,Crawled - currently not indexed,ALLOWED,INDEXING_ALLOWED,2026-08-18T22:17:36Z,SUCCESSFUL,https://funnytools.win/en/tools/this-or-that/,https://funnytools.win/en/tools/this-or-that/,SELF_MATCH,MOBILE,0,,3,https://funnytools.win/en/; https://funnytools.win/tools/this-or-that/; https://funnytools.win/en/tools/,UNKNOWN,,200,25,15–30 days,no
https://funnytools.win/en/tools/timestamp-converter/,2026-09-13T08:21:12.698Z,https://search.google.com/search-console/inspect?resource_id=sc-domain:funnytools.win&id=3z3gsoE-X46JVXY1CxURXA&utm_medium=link&utm_source=api,Crawled Not Indexed,yes,yes,no,NEUTRAL,Crawled - currently not indexed,ALLOWED,INDEXING_ALLOWED,2026-08-17T14:30:20Z,SUCCESSFUL,https://funnytools.win/en/tools/timestamp-converter/,https://funnytools.win/en/tools/timestamp-converter/,SELF_MATCH,MOBILE,0,,2,https://funnytools.win/en/; https://funnytools.win/tools/timestamp-converter/,UNKNOWN,,200,26,15–30 days,no
https://funnytools.win/en/tools/url-encoder/,2026-09-13T08:21:12.600Z,https://search.google.com/search-console/inspect?resource_id=sc-domain:funnytools.win&id=-6vvqf4bIMXNClvdRXsEnw&utm_medium=link&utm_source=api,Crawled Not Indexed,yes,yes,no,NEUTRAL,Crawled - currently not indexed,ALLOWED,INDEXING_ALLOWED,2026-08-13T19:08:39Z,SUCCESSFUL,https://funnytools.win/en/tools/url-encoder/,https://funnytools.win/en/tools/url-encoder/,SELF_MATCH,MOBILE,0,,3,https://funnytools.win/en/; https://funnytools.win/tools/url-encoder/; https://funnytools.win/en/tools/,UNKNOWN,,200,30,15–30 days,no
https://funnytools.win/en/tools/uuid-generator/,2026-09-13T08:21:18.607Z,https://search.google.com/search-console/inspect?resource_id=sc-domain:funnytools.win&id=nDlFtgo15X-nUk_zAkNegw&utm_medium=link&utm_source=api,Crawled Not Indexed,yes,yes,no,NEUTRAL,Crawled - currently not indexed,ALLOWED,INDEXING_ALLOWED,2026-09-07T02:36:47Z,SUCCESSFUL,https://funnytools.win/en/tools/uuid-generator/,https://funnytools.win/en/tools/uuid-generator/,SELF_MATCH,MOBILE,0,,3,https://funnytools.win/tools/uuid-generator/; https://funnytools.win/en/; http://funnytools.win/en/tools/uuid-generator/,UNKNOWN,,200,6,<7 days,no
https://funnytools.win/en/tools/webp-to-jpg/,2026-09-13T08:21:19.529Z,https://search.google.com/search-console/inspect?resource_id=sc-domain:funnytools.win&id=2KZahfPXkoamxlNoN9BtBA&utm_medium=link&utm_source=api,Crawled Not Indexed,yes,yes,no,NEUTRAL,Crawled - currently not indexed,ALLOWED,INDEXING_ALLOWED,2026-08-14T05:56:13Z,SUCCESSFUL,https://funnytools.win/en/tools/webp-to-jpg/,https://funnytools.win/en/tools/webp-to-jpg/,SELF_MATCH,MOBILE,0,,3,https://funnytools.win/en/; https://funnytools.win/tools/webp-to-jpg/; https://funnytools.win/en/tools/jpg-to-webp/,UNKNOWN,,200,30,15–30 days,no
https://funnytools.win/en/tools/weighted-average-calculator/,2026-09-13T08:21:20.354Z,https://search.google.com/search-console/inspect?resource_id=sc-domain:funnytools.win&id=fU_cCEuCsRCciFjzOdirHw&utm_medium=link&utm_source=api,Crawled Not Indexed,yes,yes,no,NEUTRAL,Crawled - currently not indexed,ALLOWED,INDEXING_ALLOWED,2026-08-17T06:07:54Z,SUCCESSFUL,https://funnytools.win/en/tools/weighted-average-calculator/,https://funnytools.win/en/tools/weighted-average-calculator/,SELF_MATCH,MOBILE,0,,3,https://funnytools.win/en/category/statistics/; http://funnytools.win/tools/weighted-average-calculator/; http://funnytools.win/en/tools/weighted-average-calculator/,UNKNOWN,,200,27,15–30 days,no
https://funnytools.win/en/tools/what-to-eat/,2026-09-13T08:21:25.569Z,https://search.google.com/search-console/inspect?resource_id=sc-domain:funnytools.win&id=vBQOHTiCllGGsRtq8hhuaA&utm_medium=link&utm_source=api,Crawled Not Indexed,yes,yes,no,NEUTRAL,Crawled - currently not indexed,ALLOWED,INDEXING_ALLOWED,2026-08-19T10:01:34Z,SUCCESSFUL,https://funnytools.win/en/tools/what-to-eat/,https://funnytools.win/en/tools/what-to-eat/,SELF_MATCH,MOBILE,0,,2,https://funnytools.win/en/; https://funnytools.win/tools/what-to-eat/,UNKNOWN,,200,24,15–30 days,no
https://funnytools.win/en/tools/word-counter/,2026-09-13T08:21:26.736Z,https://search.google.com/search-console/inspect?resource_id=sc-domain:funnytools.win&id=Df_nWLPu92yTd5LuoT8jFg&utm_medium=link&utm_source=api,Crawled Not Indexed,yes,yes,no,NEUTRAL,Crawled - currently not indexed,ALLOWED,INDEXING_ALLOWED,2026-08-10T03:10:56Z,SUCCESSFUL,https://funnytools.win/en/tools/word-counter/,https://funnytools.win/en/tools/word-counter/,SELF_MATCH,MOBILE,0,,3,https://funnytools.win/en/; http://funnytools.win/en/; https://funnytools.win/en/tools/,UNKNOWN,,200,34,>30 days,no
https://funnytools.win/en/tools/z-score-calculator/,2026-09-13T08:21:27.359Z,https://search.google.com/search-console/inspect?resource_id=sc-domain:funnytools.win&id=L_QiL46ahGrHN0M-IxQFlA&utm_medium=link&utm_source=api,Crawled Not Indexed,yes,yes,no,NEUTRAL,Crawled - currently not indexed,ALLOWED,INDEXING_ALLOWED,2026-08-15T05:34:05Z,SUCCESSFUL,https://funnytools.win/en/tools/z-score-calculator/,https://funnytools.win/en/tools/z-score-calculator/,SELF_MATCH,MOBILE,0,,2,https://funnytools.win/en/category/statistics/; https://funnytools.win/en/tools/cronbach-alpha-calculator/,UNKNOWN,,200,29,15–30 days,no
https://funnytools.win/en/workflows/,2026-09-13T08:21:32.931Z,https://search.google.com/search-console/inspect?resource_id=sc-domain:funnytools.win&id=w5iAncYi09sGfDSRyDFRtQ&utm_medium=link&utm_source=api,Crawled Not Indexed,yes,yes,no,NEUTRAL,Crawled - currently not indexed,ALLOWED,INDEXING_ALLOWED,2026-08-17T01:30:19Z,SUCCESSFUL,https://funnytools.win/en/workflows/,https://funnytools.win/en/workflows/,SELF_MATCH,MOBILE,0,,2,https://funnytools.win/en/category/statistics/; https://funnytools.win/workflows/,UNKNOWN,,200,27,15–30 days,no
https://funnytools.win/en/workflows/creator-social-toolkit/,2026-09-13T08:21:33.683Z,https://search.google.com/search-console/inspect?resource_id=sc-domain:funnytools.win&id=YwuZSCV7tx67hurUgydbEw&utm_medium=link&utm_source=api,Crawled Not Indexed,yes,yes,no,NEUTRAL,Crawled - currently not indexed,ALLOWED,INDEXING_ALLOWED,2026-08-23T02:56:33Z,SUCCESSFUL,https://funnytools.win/en/workflows/creator-social-toolkit/,https://funnytools.win/en/workflows/creator-social-toolkit/,SELF_MATCH,MOBILE,0,,3,https://funnytools.win/es/flujos/contenido-redes-sociales/; https://funnytools.win/en/; http://funnytools.win/en/workflows/,UNKNOWN,,200,21,15–30 days,no
https://funnytools.win/en/workflows/daily-decision-toolkit/,2026-09-13T08:21:37.342Z,https://search.google.com/search-console/inspect?resource_id=sc-domain:funnytools.win&id=udna2Di5dRaVqQZzsc9HUw&utm_medium=link&utm_source=api,Unknown,no,unknown,unknown,NEUTRAL,URL is unknown to Google,ROBOTS_TXT_STATE_UNSPECIFIED,INDEXING_STATE_UNSPECIFIED,,PAGE_FETCH_STATE_UNSPECIFIED,,,GOOGLE_CANONICAL_ABSENT,,0,,0,,UNKNOWN,,200,,never crawled,candidate only; compare with local internal links
https://funnytools.win/en/workflows/graduate-statistics-report-toolkit/,2026-09-13T08:21:40.189Z,https://search.google.com/search-console/inspect?resource_id=sc-domain:funnytools.win&id=hg12qkppd_P7g-oocF4OEg&utm_medium=link&utm_source=api,Crawled Not Indexed,yes,yes,no,NEUTRAL,Crawled - currently not indexed,ALLOWED,INDEXING_ALLOWED,2026-08-19T17:22:29Z,SUCCESSFUL,https://funnytools.win/en/workflows/graduate-statistics-report-toolkit/,https://funnytools.win/en/workflows/graduate-statistics-report-toolkit/,SELF_MATCH,MOBILE,0,,3,https://funnytools.win/es/flujos/informe-estadistico-investigacion/; https://funnytools.win/en/category/statistics/; https://funnytools.win/workflows/graduate-statistics-report-toolkit/,UNKNOWN,,200,24,15–30 days,no
https://funnytools.win/en/workflows/office-document-toolkit/,2026-09-13T08:21:40.876Z,https://search.google.com/search-console/inspect?resource_id=sc-domain:funnytools.win&id=etbIM-agNyObs_pAbA-N7w&utm_medium=link&utm_source=api,Crawled Not Indexed,yes,yes,no,NEUTRAL,Crawled - currently not indexed,ALLOWED,INDEXING_ALLOWED,2026-08-23T14:02:58Z,SUCCESSFUL,https://funnytools.win/en/workflows/office-document-toolkit/,https://funnytools.win/en/workflows/office-document-toolkit/,SELF_MATCH,MOBILE,0,,3,https://funnytools.win/en/; https://funnytools.win/workflows/office-document-toolkit/; http://funnytools.win/en/workflows/,UNKNOWN,,200,20,15–30 days,no
https://funnytools.win/en/workflows/student-report-toolkit/,2026-09-13T08:21:44.386Z,https://search.google.com/search-console/inspect?resource_id=sc-domain:funnytools.win&id=NvjKUyywMMFWdwD6J20CaA&utm_medium=link&utm_source=api,Crawled Not Indexed,yes,yes,no,NEUTRAL,Crawled - currently not indexed,ALLOWED,INDEXING_ALLOWED,2026-08-10T07:00:11Z,SUCCESSFUL,https://funnytools.win/en/workflows/student-report-toolkit/,https://funnytools.win/en/workflows/student-report-toolkit/,SELF_MATCH,MOBILE,0,,3,https://funnytools.win/en/; https://funnytools.win/workflows/student-report-toolkit/; http://funnytools.win/en/workflows/,UNKNOWN,,200,34,>30 days,no
https://funnytools.win/en/workflows/teacher-classroom-random-toolkit/,2026-09-13T08:21:47.528Z,https://search.google.com/search-console/inspect?resource_id=sc-domain:funnytools.win&id=baKpmQ29BhgpJ1HBTohtgw&utm_medium=link&utm_source=api,Unknown,no,unknown,unknown,NEUTRAL,URL is unknown to Google,ROBOTS_TXT_STATE_UNSPECIFIED,INDEXING_STATE_UNSPECIFIED,,PAGE_FETCH_STATE_UNSPECIFIED,,,GOOGLE_CANONICAL_ABSENT,,0,,0,,UNKNOWN,,200,,never crawled,candidate only; compare with local internal links
https://funnytools.win/en/workflows/teacher-exam-score-toolkit/,2026-09-13T08:21:47.923Z,https://search.google.com/search-console/inspect?resource_id=sc-domain:funnytools.win&id=1Fb3uapQ3z14_FNqCcy5nQ&utm_medium=link&utm_source=api,Crawled Not Indexed,yes,yes,no,NEUTRAL,Crawled - currently not indexed,ALLOWED,INDEXING_ALLOWED,2026-08-10T03:03:04Z,SUCCESSFUL,https://funnytools.win/en/workflows/teacher-exam-score-toolkit/,https://funnytools.win/en/workflows/teacher-exam-score-toolkit/,SELF_MATCH,MOBILE,0,,3,https://funnytools.win/en/category/statistics/; https://funnytools.win/workflows/teacher-exam-score-toolkit/; http://funnytools.win/workflows/teacher-exam-score-toolkit/,UNKNOWN,,200,34,>30 days,no
https://funnytools.win/es/,2026-09-13T08:21:51.338Z,https://search.google.com/search-console/inspect?resource_id=sc-domain:funnytools.win&id=NFPug0Z6gOFYTcKmpD6qWw&utm_medium=link&utm_source=api,Indexed,yes,yes,yes,PASS,Enviada e indexada,ALLOWED,INDEXING_ALLOWED,2026-08-27T03:42:42Z,SUCCESSFUL,https://funnytools.win/es/,https://funnytools.win/es/,SELF_MATCH,MOBILE,0,,2,https://funnytools.win/fr/; https://funnytools.win/,UNKNOWN,,200,17,15–30 days,no
https://funnytools.win/es/apoyar-funnytools/,2026-09-13T08:21:54.729Z,https://search.google.com/search-console/inspect?resource_id=sc-domain:funnytools.win&id=uyn50_Pnkc6HwdEf04-OnA&utm_medium=link&utm_source=api,Crawled Not Indexed,yes,yes,no,NEUTRAL,Rastreada: actualmente sin indexar,ALLOWED,INDEXING_ALLOWED,2026-08-19T17:32:10Z,SUCCESSFUL,https://funnytools.win/es/apoyar-funnytools/,https://funnytools.win/es/apoyar-funnytools/,SELF_MATCH,MOBILE,0,,2,https://funnytools.win/support/; https://funnytools.win/en/support/,UNKNOWN,,200,24,15–30 days,no
https://funnytools.win/es/aviso-legal/,2026-09-13T08:21:54.942Z,https://search.google.com/search-console/inspect?resource_id=sc-domain:funnytools.win&id=xpRkZeEFRGSnpk6JRvytwg&utm_medium=link&utm_source=api,Crawled Not Indexed,yes,yes,no,NEUTRAL,Rastreada: actualmente sin indexar,ALLOWED,INDEXING_ALLOWED,2026-08-19T16:38:20Z,SUCCESSFUL,https://funnytools.win/es/aviso-legal/,https://funnytools.win/es/aviso-legal/,SELF_MATCH,MOBILE,0,,2,https://funnytools.win/disclaimer/; https://funnytools.win/en/disclaimer/,UNKNOWN,,200,24,15–30 days,no
https://funnytools.win/es/categorias/azar/,2026-09-13T08:21:58.785Z,https://search.google.com/search-console/inspect?resource_id=sc-domain:funnytools.win&id=9V2stI_8tF_r2d_pGZVHbA&utm_medium=link&utm_source=api,Crawled Not Indexed,yes,yes,no,NEUTRAL,Rastreada: actualmente sin indexar,ALLOWED,INDEXING_ALLOWED,2026-07-31T17:00:50Z,SUCCESSFUL,https://funnytools.win/es/categorias/azar/,https://funnytools.win/es/categorias/azar/,SELF_MATCH,MOBILE,0,,1,https://funnytools.win/en/category/random/,UNKNOWN,,200,43,>30 days,no
https://funnytools.win/es/categorias/dibujo/,2026-09-13T08:22:01.809Z,https://search.google.com/search-console/inspect?resource_id=sc-domain:funnytools.win&id=e7-naWyUpDTH9swjQTIC6A&utm_medium=link&utm_source=api,Crawled Not Indexed,yes,yes,no,NEUTRAL,Rastreada: actualmente sin indexar,ALLOWED,INDEXING_ALLOWED,2026-08-03T16:24:22Z,SUCCESSFUL,https://funnytools.win/es/categorias/dibujo/,https://funnytools.win/es/categorias/dibujo/,SELF_MATCH,MOBILE,0,,1,https://funnytools.win/category/draw/,UNKNOWN,,200,40,>30 days,no
https://funnytools.win/es/categorias/dinero/,2026-09-13T08:22:02.188Z,https://search.google.com/search-console/inspect?resource_id=sc-domain:funnytools.win&id=bDr9YCbPUmBDhySvYwFFcA&utm_medium=link&utm_source=api,Crawled Not Indexed,yes,yes,no,NEUTRAL,Rastreada: actualmente sin indexar,ALLOWED,INDEXING_ALLOWED,2026-08-19T18:15:18Z,SUCCESSFUL,https://funnytools.win/es/categorias/dinero/,https://funnytools.win/es/categorias/dinero/,SELF_MATCH,MOBILE,0,,2,https://funnytools.win/category/money/; https://funnytools.win/en/category/money/,UNKNOWN,,200,24,15–30 days,no
https://funnytools.win/es/categorias/estadistica/,2026-09-13T08:22:05.751Z,https://search.google.com/search-console/inspect?resource_id=sc-domain:funnytools.win&id=mPgW1sAqQw5O7P-U4X7PPg&utm_medium=link&utm_source=api,Crawled Not Indexed,yes,yes,no,NEUTRAL,Rastreada: actualmente sin indexar,ALLOWED,INDEXING_ALLOWED,2026-08-20T18:36:57Z,SUCCESSFUL,https://funnytools.win/es/categorias/estadistica/,https://funnytools.win/es/categorias/estadistica/,SELF_MATCH,MOBILE,0,,1,https://funnytools.win/category/statistics/,UNKNOWN,,200,23,15–30 days,no
https://funnytools.win/es/categorias/estudio/,2026-09-13T08:22:09.048Z,https://search.google.com/search-console/inspect?resource_id=sc-domain:funnytools.win&id=KlqYaJJBx8qpedDCDDCouQ&utm_medium=link&utm_source=api,Unknown,no,unknown,unknown,NEUTRAL,Google no reconoce esta URL,ROBOTS_TXT_STATE_UNSPECIFIED,INDEXING_STATE_UNSPECIFIED,,PAGE_FETCH_STATE_UNSPECIFIED,,,GOOGLE_CANONICAL_ABSENT,,0,,0,,UNKNOWN,,200,,never crawled,candidate only; compare with local internal links
https://funnytools.win/es/categorias/imagen/,2026-09-13T08:22:09.190Z,https://search.google.com/search-console/inspect?resource_id=sc-domain:funnytools.win&id=iTDPbtnwfm8CUheO17vJ-g&utm_medium=link&utm_source=api,Unknown,no,unknown,unknown,NEUTRAL,Google no reconoce esta URL,ROBOTS_TXT_STATE_UNSPECIFIED,INDEXING_STATE_UNSPECIFIED,,PAGE_FETCH_STATE_UNSPECIFIED,,,GOOGLE_CANONICAL_ABSENT,,0,,0,,UNKNOWN,,200,,never crawled,candidate only; compare with local internal links
https://funnytools.win/es/categorias/pdf/,2026-09-13T08:22:15.695Z,https://search.google.com/search-console/inspect?resource_id=sc-domain:funnytools.win&id=t3IYc9CdyzkbtReioNmxXg&utm_medium=link&utm_source=api,Crawled Not Indexed,yes,yes,no,NEUTRAL,Rastreada: actualmente sin indexar,ALLOWED,INDEXING_ALLOWED,2026-08-17T05:07:55Z,SUCCESSFUL,https://funnytools.win/es/categorias/pdf/,https://funnytools.win/es/categorias/pdf/,SELF_MATCH,MOBILE,0,,2,https://funnytools.win/category/pdf/; https://funnytools.win/en/category/pdf/,UNKNOWN,,200,27,15–30 days,no
https://funnytools.win/es/categorias/texto/,2026-09-13T08:22:16.101Z,https://search.google.com/search-console/inspect?resource_id=sc-domain:funnytools.win&id=4np8332APXHDmRAgpYekig&utm_medium=link&utm_source=api,Crawled Not Indexed,yes,yes,no,NEUTRAL,Rastreada: actualmente sin indexar,ALLOWED,INDEXING_ALLOWED,2026-08-13T12:06:29Z,SUCCESSFUL,https://funnytools.win/es/categorias/texto/,https://funnytools.win/es/categorias/texto/,SELF_MATCH,MOBILE,0,,2,https://funnytools.win/category/text/; https://funnytools.win/en/category/text/,UNKNOWN,,200,30,15–30 days,no
https://funnytools.win/es/categorias/tiempo/,2026-09-13T08:22:16.828Z,https://search.google.com/search-console/inspect?resource_id=sc-domain:funnytools.win&id=jrC7eJuHkvT6mcI00OhGQw&utm_medium=link&utm_source=api,Unknown,no,unknown,unknown,NEUTRAL,Google no reconoce esta URL,ROBOTS_TXT_STATE_UNSPECIFIED,INDEXING_STATE_UNSPECIFIED,,PAGE_FETCH_STATE_UNSPECIFIED,,,GOOGLE_CANONICAL_ABSENT,,0,,0,,UNKNOWN,,200,,never crawled,candidate only; compare with local internal links
https://funnytools.win/es/como-funcionan-las-herramientas/,2026-09-13T08:22:22.946Z,https://search.google.com/search-console/inspect?resource_id=sc-domain:funnytools.win&id=yrEQmhFpDZnomh_xmblMGg&utm_medium=link&utm_source=api,Unknown,no,unknown,unknown,NEUTRAL,Google no reconoce esta URL,ROBOTS_TXT_STATE_UNSPECIFIED,INDEXING_STATE_UNSPECIFIED,,PAGE_FETCH_STATE_UNSPECIFIED,,,GOOGLE_CANONICAL_ABSENT,,0,,0,,UNKNOWN,,200,,never crawled,candidate only; compare with local internal links
https://funnytools.win/es/condiciones-de-uso/,2026-09-13T08:22:23.282Z,https://search.google.com/search-console/inspect?resource_id=sc-domain:funnytools.win&id=78v9ihKkwGJZ4f2w0mwxCQ&utm_medium=link&utm_source=api,Crawled Not Indexed,yes,yes,no,NEUTRAL,Rastreada: actualmente sin indexar,ALLOWED,INDEXING_ALLOWED,2026-08-21T17:18:29Z,SUCCESSFUL,https://funnytools.win/es/condiciones-de-uso/,https://funnytools.win/es/condiciones-de-uso/,SELF_MATCH,MOBILE,0,,1,https://funnytools.win/terms/,UNKNOWN,,200,22,15–30 days,no
https://funnytools.win/es/contacto/,2026-09-13T08:22:24.311Z,https://search.google.com/search-console/inspect?resource_id=sc-domain:funnytools.win&id=TLeShk6PqDj5qG_8Z3puTg&utm_medium=link&utm_source=api,Unknown,no,unknown,unknown,NEUTRAL,Google no reconoce esta URL,ROBOTS_TXT_STATE_UNSPECIFIED,INDEXING_STATE_UNSPECIFIED,,PAGE_FETCH_STATE_UNSPECIFIED,,,GOOGLE_CANONICAL_ABSENT,,0,,0,,UNKNOWN,,200,,never crawled,candidate only; compare with local internal links
https://funnytools.win/es/estadisticas-educativas/,2026-09-13T08:22:29.934Z,https://search.google.com/search-console/inspect?resource_id=sc-domain:funnytools.win&id=m-7ZPbhuG0zxU5nzAKzMIg&utm_medium=link&utm_source=api,Crawled Not Indexed,yes,yes,no,NEUTRAL,Rastreada: actualmente sin indexar,ALLOWED,INDEXING_ALLOWED,2026-09-07T00:06:46Z,SUCCESSFUL,https://funnytools.win/es/estadisticas-educativas/,https://funnytools.win/es/estadisticas-educativas/,SELF_MATCH,MOBILE,0,,1,https://funnytools.win/education-statistics/,UNKNOWN,,200,6,<7 days,no
https://funnytools.win/es/flujos/,2026-09-13T08:22:30.691Z,https://search.google.com/search-console/inspect?resource_id=sc-domain:funnytools.win&id=MVILFWr0QIWuw07vw6AJtw&utm_medium=link&utm_source=api,Unknown,no,unknown,unknown,NEUTRAL,Google no reconoce esta URL,ROBOTS_TXT_STATE_UNSPECIFIED,INDEXING_STATE_UNSPECIFIED,,PAGE_FETCH_STATE_UNSPECIFIED,,,GOOGLE_CANONICAL_ABSENT,,0,,0,,UNKNOWN,,200,,never crawled,candidate only; compare with local internal links
https://funnytools.win/es/flujos/actividades-aleatorias-aula/,2026-09-13T08:22:31.463Z,https://search.google.com/search-console/inspect?resource_id=sc-domain:funnytools.win&id=ICi2giyt8mnUlplCXC1KjQ&utm_medium=link&utm_source=api,Unknown,no,unknown,unknown,NEUTRAL,Google no reconoce esta URL,ROBOTS_TXT_STATE_UNSPECIFIED,INDEXING_STATE_UNSPECIFIED,,PAGE_FETCH_STATE_UNSPECIFIED,,,GOOGLE_CANONICAL_ABSENT,,0,,0,,UNKNOWN,,200,,never crawled,candidate only; compare with local internal links
https://funnytools.win/es/flujos/calcular-nota-oposicion-docente/,2026-09-13T08:22:37.533Z,https://search.google.com/search-console/inspect?resource_id=sc-domain:funnytools.win&id=T_UjgxtMU688u6lEYZqegA&utm_medium=link&utm_source=api,Unknown,no,unknown,unknown,NEUTRAL,Google no reconoce esta URL,ROBOTS_TXT_STATE_UNSPECIFIED,INDEXING_STATE_UNSPECIFIED,,PAGE_FETCH_STATE_UNSPECIFIED,,,GOOGLE_CANONICAL_ABSENT,,0,,0,,UNKNOWN,,200,,never crawled,candidate only; compare with local internal links
https://funnytools.win/es/flujos/contenido-redes-sociales/,2026-09-13T08:22:38.056Z,https://search.google.com/search-console/inspect?resource_id=sc-domain:funnytools.win&id=zKwNwMrduMlSoZxIldw7-w&utm_medium=link&utm_source=api,Crawled Not Indexed,yes,yes,no,NEUTRAL,Rastreada: actualmente sin indexar,ALLOWED,INDEXING_ALLOWED,2026-08-19T16:25:06Z,SUCCESSFUL,https://funnytools.win/es/flujos/contenido-redes-sociales/,https://funnytools.win/es/flujos/contenido-redes-sociales/,SELF_MATCH,MOBILE,0,,1,https://funnytools.win/workflows/creator-social-toolkit/,UNKNOWN,,200,24,15–30 days,no
https://funnytools.win/es/flujos/decisiones-cotidianas/,2026-09-13T08:22:38.466Z,https://search.google.com/search-console/inspect?resource_id=sc-domain:funnytools.win&id=aA7nU16TlSrai1Cj7GTwkg&utm_medium=link&utm_source=api,Unknown,no,unknown,unknown,NEUTRAL,Google no reconoce esta URL,ROBOTS_TXT_STATE_UNSPECIFIED,INDEXING_STATE_UNSPECIFIED,,PAGE_FETCH_STATE_UNSPECIFIED,,,GOOGLE_CANONICAL_ABSENT,,0,,0,,UNKNOWN,,200,,never crawled,candidate only; compare with local internal links
https://funnytools.win/es/flujos/documentos-oficina/,2026-09-13T08:22:44.557Z,https://search.google.com/search-console/inspect?resource_id=sc-domain:funnytools.win&id=ww3SmB3pd3vxCDVtm76ORg&utm_medium=link&utm_source=api,Crawled Not Indexed,yes,yes,no,NEUTRAL,Rastreada: actualmente sin indexar,ALLOWED,INDEXING_ALLOWED,2026-09-04T12:06:18Z,SUCCESSFUL,https://funnytools.win/es/flujos/documentos-oficina/,https://funnytools.win/es/flujos/documentos-oficina/,SELF_MATCH,MOBILE,0,,1,https://funnytools.win/workflows/office-document-toolkit/,UNKNOWN,,200,8,7–14 days,no
https://funnytools.win/es/flujos/entrega-informe-estudiantil/,2026-09-13T08:22:45.481Z,https://search.google.com/search-console/inspect?resource_id=sc-domain:funnytools.win&id=asxLCIfZhAKbKaNRXAANpw&utm_medium=link&utm_source=api,Unknown,no,unknown,unknown,NEUTRAL,Google no reconoce esta URL,ROBOTS_TXT_STATE_UNSPECIFIED,INDEXING_STATE_UNSPECIFIED,,PAGE_FETCH_STATE_UNSPECIFIED,,,GOOGLE_CANONICAL_ABSENT,,0,,0,,UNKNOWN,,200,,never crawled,candidate only; compare with local internal links
https://funnytools.win/es/flujos/informe-estadistico-investigacion/,2026-09-13T08:22:45.672Z,https://search.google.com/search-console/inspect?resource_id=sc-domain:funnytools.win&id=J-fpFQLze2oo8ByTYDmVDg&utm_medium=link&utm_source=api,Crawled Not Indexed,yes,yes,no,NEUTRAL,Rastreada: actualmente sin indexar,ALLOWED,INDEXING_ALLOWED,2026-08-19T16:29:31Z,SUCCESSFUL,https://funnytools.win/es/flujos/informe-estadistico-investigacion/,https://funnytools.win/es/flujos/informe-estadistico-investigacion/,SELF_MATCH,MOBILE,0,,1,https://funnytools.win/workflows/graduate-statistics-report-toolkit/,UNKNOWN,,200,24,15–30 days,no
https://funnytools.win/es/guias/,2026-09-13T08:22:51.564Z,https://search.google.com/search-console/inspect?resource_id=sc-domain:funnytools.win&id=PPdCBoTFDZVhvigYXevTQA&utm_medium=link&utm_source=api,Unknown,no,unknown,unknown,NEUTRAL,Google no reconoce esta URL,ROBOTS_TXT_STATE_UNSPECIFIED,INDEXING_STATE_UNSPECIFIED,,PAGE_FETCH_STATE_UNSPECIFIED,,,GOOGLE_CANONICAL_ABSENT,,0,,0,,UNKNOWN,,200,,never crawled,candidate only; compare with local internal links
https://funnytools.win/es/guias/a4-o-letter-para-imprimir/,2026-09-13T08:22:52.985Z,https://search.google.com/search-console/inspect?resource_id=sc-domain:funnytools.win&id=u5NCe5BSqRYlMLYFt2pGCA&utm_medium=link&utm_source=api,Unknown,no,unknown,unknown,NEUTRAL,Google no reconoce esta URL,ROBOTS_TXT_STATE_UNSPECIFIED,INDEXING_STATE_UNSPECIFIED,,PAGE_FETCH_STATE_UNSPECIFIED,,,GOOGLE_CANONICAL_ABSENT,,0,,0,,UNKNOWN,,200,,never crawled,candidate only; compare with local internal links
https://funnytools.win/es/guias/agrupamientos-equitativos-aula/,2026-09-13T08:22:53.149Z,https://search.google.com/search-console/inspect?resource_id=sc-domain:funnytools.win&id=FuuIqIuaXyCXAmhbrpe3FQ&utm_medium=link&utm_source=api,Crawled Not Indexed,yes,yes,no,NEUTRAL,Rastreada: actualmente sin indexar,ALLOWED,INDEXING_ALLOWED,2026-08-17T03:18:30Z,SUCCESSFUL,https://funnytools.win/es/guias/agrupamientos-equitativos-aula/,https://funnytools.win/es/guias/agrupamientos-equitativos-aula/,SELF_MATCH,MOBILE,0,,1,https://funnytools.win/guides/fair-student-grouping-guide/,UNKNOWN,,200,27,15–30 days,no
https://funnytools.win/es/guias/anova-formato-apa-7/,2026-09-13T08:22:58.589Z,https://search.google.com/search-console/inspect?resource_id=sc-domain:funnytools.win&id=ijZpluIJwV6T64n5SKcf3Q&utm_medium=link&utm_source=api,Unknown,no,unknown,unknown,NEUTRAL,Google no reconoce esta URL,ROBOTS_TXT_STATE_UNSPECIFIED,INDEXING_STATE_UNSPECIFIED,,PAGE_FETCH_STATE_UNSPECIFIED,,,GOOGLE_CANONICAL_ABSENT,,0,,0,,UNKNOWN,,200,,never crawled,candidate only; compare with local internal links
https://funnytools.win/es/guias/calcular-nota-oposicion-docente/,2026-09-13T08:23:00.192Z,https://search.google.com/search-console/inspect?resource_id=sc-domain:funnytools.win&id=IfhtEr_74NdDuzt6ugeiFQ&utm_medium=link&utm_source=api,Crawled Not Indexed,yes,yes,no,NEUTRAL,Rastreada: actualmente sin indexar,ALLOWED,INDEXING_ALLOWED,2026-07-30T16:30:20Z,SUCCESSFUL,https://funnytools.win/es/guias/calcular-nota-oposicion-docente/,https://funnytools.win/es/guias/calcular-nota-oposicion-docente/,SELF_MATCH,MOBILE,0,,1,https://funnytools.win/en/guides/teacher-exam-weighted-score-guide/,UNKNOWN,,200,44,>30 days,no
https://funnytools.win/es/guias/calcular-porcentajes-rapido/,2026-09-13T08:23:00.349Z,https://search.google.com/search-console/inspect?resource_id=sc-domain:funnytools.win&id=OjpuQELhlkXg-0n6e7UYrA&utm_medium=link&utm_source=api,Unknown,no,unknown,unknown,NEUTRAL,Google no reconoce esta URL,ROBOTS_TXT_STATE_UNSPECIFIED,INDEXING_STATE_UNSPECIFIED,,PAGE_FETCH_STATE_UNSPECIFIED,,,GOOGLE_CANONICAL_ABSENT,,0,,0,,UNKNOWN,,200,,never crawled,candidate only; compare with local internal links
https://funnytools.win/es/guias/codigos-qr-en-el-aula/,2026-09-13T08:23:05.742Z,https://search.google.com/search-console/inspect?resource_id=sc-domain:funnytools.win&id=j90i5pGBq1Hdbq-bnLui9Q&utm_medium=link&utm_source=api,Unknown,no,unknown,unknown,NEUTRAL,Google no reconoce esta URL,ROBOTS_TXT_STATE_UNSPECIFIED,INDEXING_STATE_UNSPECIFIED,,PAGE_FETCH_STATE_UNSPECIFIED,,,GOOGLE_CANONICAL_ABSENT,,0,,0,,UNKNOWN,,200,,never crawled,candidate only; compare with local internal links
https://funnytools.win/es/guias/comprimir-fotos-para-email/,2026-09-13T08:23:07.168Z,https://search.google.com/search-console/inspect?resource_id=sc-domain:funnytools.win&id=Si7NiA0uVDdDdT4Sc_xITQ&utm_medium=link&utm_source=api,Unknown,no,unknown,unknown,NEUTRAL,Google no reconoce esta URL,ROBOTS_TXT_STATE_UNSPECIFIED,INDEXING_STATE_UNSPECIFIED,,PAGE_FETCH_STATE_UNSPECIFIED,,,GOOGLE_CANONICAL_ABSENT,,0,,0,,UNKNOWN,,200,,never crawled,candidate only; compare with local internal links
https://funnytools.win/es/guias/contrasena-segura-fuerte/,2026-09-13T08:23:07.602Z,https://search.google.com/search-console/inspect?resource_id=sc-domain:funnytools.win&id=2DjCWeazD9f5TQ3ugt85hA&utm_medium=link&utm_source=api,Unknown,no,unknown,unknown,NEUTRAL,Google no reconoce esta URL,ROBOTS_TXT_STATE_UNSPECIFIED,INDEXING_STATE_UNSPECIFIED,,PAGE_FETCH_STATE_UNSPECIFIED,,,GOOGLE_CANONICAL_ABSENT,,0,,0,,UNKNOWN,,200,,never crawled,candidate only; compare with local internal links
https://funnytools.win/es/guias/fluidez-tablas-multiplicar/,2026-09-13T08:23:12.705Z,https://search.google.com/search-console/inspect?resource_id=sc-domain:funnytools.win&id=0ehfaOvasaCinD8zIh7j-Q&utm_medium=link&utm_source=api,Unknown,no,unknown,unknown,NEUTRAL,Google no reconoce esta URL,ROBOTS_TXT_STATE_UNSPECIFIED,INDEXING_STATE_UNSPECIFIED,,PAGE_FETCH_STATE_UNSPECIFIED,,,GOOGLE_CANONICAL_ABSENT,,0,,0,,UNKNOWN,,200,,never crawled,candidate only; compare with local internal links
https://funnytools.win/es/guias/fotos-a-pdf-desde-movil/,2026-09-13T08:23:14.330Z,https://search.google.com/search-console/inspect?resource_id=sc-domain:funnytools.win&id=m5ac2I1Q5j-zz7_0ig0pbw&utm_medium=link&utm_source=api,Unknown,no,unknown,unknown,NEUTRAL,Google no reconoce esta URL,ROBOTS_TXT_STATE_UNSPECIFIED,INDEXING_STATE_UNSPECIFIED,,PAGE_FETCH_STATE_UNSPECIFIED,,,GOOGLE_CANONICAL_ABSENT,,0,,0,,UNKNOWN,,200,,never crawled,candidate only; compare with local internal links
https://funnytools.win/es/guias/grafico-barras-trabajo-escolar/,2026-09-13T08:23:14.616Z,https://search.google.com/search-console/inspect?resource_id=sc-domain:funnytools.win&id=DHlUR5vYa782WoORj_fiDA&utm_medium=link&utm_source=api,Unknown,no,unknown,unknown,NEUTRAL,Google no reconoce esta URL,ROBOTS_TXT_STATE_UNSPECIFIED,INDEXING_STATE_UNSPECIFIED,,PAGE_FETCH_STATE_UNSPECIFIED,,,GOOGLE_CANONICAL_ABSENT,,0,,0,,UNKNOWN,,200,,never crawled,candidate only; compare with local internal links
https://funnytools.win/es/guias/grupos-aleatorios-clase/,2026-09-13T08:23:19.944Z,https://search.google.com/search-console/inspect?resource_id=sc-domain:funnytools.win&id=8XMHttDm3So8YQD_AmiHyg&utm_medium=link&utm_source=api,Unknown,no,unknown,unknown,NEUTRAL,Google no reconoce esta URL,ROBOTS_TXT_STATE_UNSPECIFIED,INDEXING_STATE_UNSPECIFIED,,PAGE_FETCH_STATE_UNSPECIFIED,,,GOOGLE_CANONICAL_ABSENT,,0,,0,,UNKNOWN,,200,,never crawled,candidate only; compare with local internal links
https://funnytools.win/es/guias/interaccion-anova-dos-factores/,2026-09-13T08:23:21.517Z,https://search.google.com/search-console/inspect?resource_id=sc-domain:funnytools.win&id=yTJuEPFzgn7U9Sni1Zw5PQ&utm_medium=link&utm_source=api,Unknown,no,unknown,unknown,NEUTRAL,Google no reconoce esta URL,ROBOTS_TXT_STATE_UNSPECIFIED,INDEXING_STATE_UNSPECIFIED,,PAGE_FETCH_STATE_UNSPECIFIED,,,GOOGLE_CANONICAL_ABSENT,,0,,0,,UNKNOWN,,200,,never crawled,candidate only; compare with local internal links
https://funnytools.win/es/guias/kb-mb-gb-tb-conversion/,2026-09-13T08:23:21.784Z,https://search.google.com/search-console/inspect?resource_id=sc-domain:funnytools.win&id=oyD4TaLJhkAvHja3jdRqzA&utm_medium=link&utm_source=api,Unknown,no,unknown,unknown,NEUTRAL,Google no reconoce esta URL,ROBOTS_TXT_STATE_UNSPECIFIED,INDEXING_STATE_UNSPECIFIED,,PAGE_FETCH_STATE_UNSPECIFIED,,,GOOGLE_CANONICAL_ABSENT,,0,,0,,UNKNOWN,,200,,never crawled,candidate only; compare with local internal links
https://funnytools.win/es/guias/limite-palabras-ensayos-examenes/,2026-09-13T08:23:27.303Z,https://search.google.com/search-console/inspect?resource_id=sc-domain:funnytools.win&id=7wWSoEemnJ2UWPSVmdYAKw&utm_medium=link&utm_source=api,Unknown,no,unknown,unknown,NEUTRAL,Google no reconoce esta URL,ROBOTS_TXT_STATE_UNSPECIFIED,INDEXING_STATE_UNSPECIFIED,,PAGE_FETCH_STATE_UNSPECIFIED,,,GOOGLE_CANONICAL_ABSENT,,0,,0,,UNKNOWN,,200,,never crawled,candidate only; compare with local internal links
https://funnytools.win/es/guias/prueba-levene-spss/,2026-09-13T08:23:28.787Z,https://search.google.com/search-console/inspect?resource_id=sc-domain:funnytools.win&id=lshpTiFUcAcDi2eGG4S2fQ&utm_medium=link&utm_source=api,Crawled Not Indexed,yes,yes,no,NEUTRAL,Rastreada: actualmente sin indexar,ALLOWED,INDEXING_ALLOWED,2026-08-13T04:04:07Z,SUCCESSFUL,https://funnytools.win/es/guias/prueba-levene-spss/,https://funnytools.win/es/guias/prueba-levene-spss/,SELF_MATCH,MOBILE,0,,1,https://funnytools.win/guides/spss-levene-test-guide/,UNKNOWN,,200,31,>30 days,no
https://funnytools.win/es/guias/prueba-t-formato-apa-7/,2026-09-13T08:23:29.096Z,https://search.google.com/search-console/inspect?resource_id=sc-domain:funnytools.win&id=zFwjR0YXPKVUHUpLzZ-2nQ&utm_medium=link&utm_source=api,Unknown,no,unknown,unknown,NEUTRAL,Google no reconoce esta URL,ROBOTS_TXT_STATE_UNSPECIFIED,INDEXING_STATE_UNSPECIFIED,,PAGE_FETCH_STATE_UNSPECIFIED,,,GOOGLE_CANONICAL_ABSENT,,0,,0,,UNKNOWN,,200,,never crawled,candidate only; compare with local internal links
https://funnytools.win/es/guias/puntuacion-t-interpretacion/,2026-09-13T08:23:34.473Z,https://search.google.com/search-console/inspect?resource_id=sc-domain:funnytools.win&id=qYTWsmZpQ6p-uESueTkHaQ&utm_medium=link&utm_source=api,Crawled Not Indexed,yes,yes,no,NEUTRAL,Rastreada: actualmente sin indexar,ALLOWED,INDEXING_ALLOWED,2026-08-02T14:59:12Z,SUCCESSFUL,https://funnytools.win/es/guias/puntuacion-t-interpretacion/,https://funnytools.win/es/guias/puntuacion-t-interpretacion/,SELF_MATCH,MOBILE,0,,1,https://funnytools.win/guides/t-score-calculator-guide/,UNKNOWN,,200,41,>30 days,no
https://funnytools.win/es/guias/puntuacion-z-interpretacion/,2026-09-13T08:23:50.934Z,https://search.google.com/search-console/inspect?resource_id=sc-domain:funnytools.win&id=lJveahFjP0sa1lG_GsI61A&utm_medium=link&utm_source=api,Crawled Not Indexed,yes,yes,no,NEUTRAL,Rastreada: actualmente sin indexar,ALLOWED,INDEXING_ALLOWED,2026-08-11T23:03:32Z,SUCCESSFUL,https://funnytools.win/es/guias/puntuacion-z-interpretacion/,https://funnytools.win/es/guias/puntuacion-z-interpretacion/,SELF_MATCH,MOBILE,0,,0,,UNKNOWN,,200,32,>30 days,candidate only; compare with local internal links
https://funnytools.win/es/guias/rango-percentil-interpretacion/,2026-09-13T08:23:36.472Z,https://search.google.com/search-console/inspect?resource_id=sc-domain:funnytools.win&id=nmNT33CMguocd1tcmd5z8w&utm_medium=link&utm_source=api,Unknown,no,unknown,unknown,NEUTRAL,Google no reconoce esta URL,ROBOTS_TXT_STATE_UNSPECIFIED,INDEXING_STATE_UNSPECIFIED,,PAGE_FETCH_STATE_UNSPECIFIED,,,GOOGLE_CANONICAL_ABSENT,,0,,0,,UNKNOWN,,200,,never crawled,candidate only; compare with local internal links
https://funnytools.win/es/guias/ruleta-sorteos-clase/,2026-09-13T08:23:41.652Z,https://search.google.com/search-console/inspect?resource_id=sc-domain:funnytools.win&id=qaYPQpzyvyOuSi6lWdnMAQ&utm_medium=link&utm_source=api,Unknown,no,unknown,unknown,NEUTRAL,Google no reconoce esta URL,ROBOTS_TXT_STATE_UNSPECIFIED,INDEXING_STATE_UNSPECIFIED,,PAGE_FETCH_STATE_UNSPECIFIED,,,GOOGLE_CANONICAL_ABSENT,,0,,0,,UNKNOWN,,200,,never crawled,candidate only; compare with local internal links
https://funnytools.win/es/guias/selector-aleatorio-alumnos/,2026-09-13T08:23:43.821Z,https://search.google.com/search-console/inspect?resource_id=sc-domain:funnytools.win&id=eVJQ_IuaKa6fELzSDWTo1w&utm_medium=link&utm_source=api,Unknown,no,unknown,unknown,NEUTRAL,Google no reconoce esta URL,ROBOTS_TXT_STATE_UNSPECIFIED,INDEXING_STATE_UNSPECIFIED,,PAGE_FETCH_STATE_UNSPECIFIED,,,GOOGLE_CANONICAL_ABSENT,,0,,0,,UNKNOWN,,200,,never crawled,candidate only; compare with local internal links
https://funnytools.win/es/guias/temporizador-clase/,2026-09-13T08:23:48.692Z,https://search.google.com/search-console/inspect?resource_id=sc-domain:funnytools.win&id=cnqJYC7g6uOXivnP6MP1-w&utm_medium=link&utm_source=api,Crawled Not Indexed,yes,yes,no,NEUTRAL,Rastreada: actualmente sin indexar,ALLOWED,INDEXING_ALLOWED,2026-09-09T04:10:53Z,SUCCESSFUL,https://funnytools.win/es/guias/temporizador-clase/,https://funnytools.win/es/guias/temporizador-clase/,SELF_MATCH,MOBILE,0,,1,https://funnytools.win/guides/classroom-timer-guide/,UNKNOWN,,200,4,<7 days,no
https://funnytools.win/es/guias/unir-pdf-sin-subir-archivos/,2026-09-13T08:23:50.958Z,https://search.google.com/search-console/inspect?resource_id=sc-domain:funnytools.win&id=NJX_Q_9GkwSp6a-UWb29GA&utm_medium=link&utm_source=api,Unknown,no,unknown,unknown,NEUTRAL,Google no reconoce esta URL,ROBOTS_TXT_STATE_UNSPECIFIED,INDEXING_STATE_UNSPECIFIED,,PAGE_FETCH_STATE_UNSPECIFIED,,,GOOGLE_CANONICAL_ABSENT,,0,,0,,UNKNOWN,,200,,never crawled,candidate only; compare with local internal links
https://funnytools.win/es/herramientas/,2026-09-13T08:24:10.802Z,https://search.google.com/search-console/inspect?resource_id=sc-domain:funnytools.win&id=rEC2aZfzorvyHZTEhz8kaQ&utm_medium=link&utm_source=api,Unknown,no,unknown,unknown,NEUTRAL,Google no reconoce esta URL,ROBOTS_TXT_STATE_UNSPECIFIED,INDEXING_STATE_UNSPECIFIED,,PAGE_FETCH_STATE_UNSPECIFIED,,,GOOGLE_CANONICAL_ABSENT,,0,,0,,UNKNOWN,,200,,never crawled,candidate only; compare with local internal links
https://funnytools.win/es/herramientas/cad-2d-online/,2026-09-13T08:23:57.891Z,https://search.google.com/search-console/inspect?resource_id=sc-domain:funnytools.win&id=jfq24JE0P-GSTGj85P0bUg&utm_medium=link&utm_source=api,Unknown,no,unknown,unknown,NEUTRAL,Google no reconoce esta URL,ROBOTS_TXT_STATE_UNSPECIFIED,INDEXING_STATE_UNSPECIFIED,,PAGE_FETCH_STATE_UNSPECIFIED,,,GOOGLE_CANONICAL_ABSENT,,0,,0,,UNKNOWN,,200,,never crawled,candidate only; compare with local internal links
https://funnytools.win/es/herramientas/calculadora-alfa-cronbach/,2026-09-13T08:23:58.242Z,https://search.google.com/search-console/inspect?resource_id=sc-domain:funnytools.win&id=Bay-G47wIz5sndaIBn-2CQ&utm_medium=link&utm_source=api,Crawled Not Indexed,yes,yes,no,NEUTRAL,Rastreada: actualmente sin indexar,ALLOWED,INDEXING_ALLOWED,2026-08-19T00:59:18Z,SUCCESSFUL,https://funnytools.win/es/herramientas/calculadora-alfa-cronbach/,https://funnytools.win/es/herramientas/calculadora-alfa-cronbach/,SELF_MATCH,MOBILE,0,,1,https://funnytools.win/tools/cronbach-alpha-calculator/,UNKNOWN,,200,25,15–30 days,no
https://funnytools.win/es/herramientas/calculadora-de-edad/,2026-09-13T08:24:04.803Z,https://search.google.com/search-console/inspect?resource_id=sc-domain:funnytools.win&id=NUyzDt-5fTgMbncPxADrUw&utm_medium=link&utm_source=api,Unknown,no,unknown,unknown,NEUTRAL,Google no reconoce esta URL,ROBOTS_TXT_STATE_UNSPECIFIED,INDEXING_STATE_UNSPECIFIED,,PAGE_FETCH_STATE_UNSPECIFIED,,,GOOGLE_CANONICAL_ABSENT,,0,,0,,UNKNOWN,,200,,never crawled,candidate only; compare with local internal links
https://funnytools.win/es/herramientas/calculadora-desviacion-estandar/,2026-09-13T08:24:05.499Z,https://search.google.com/search-console/inspect?resource_id=sc-domain:funnytools.win&id=SI9Jmm8zGePStOVv7jar5Q&utm_medium=link&utm_source=api,Crawled Not Indexed,yes,yes,no,NEUTRAL,Rastreada: actualmente sin indexar,ALLOWED,INDEXING_ALLOWED,2026-08-08T13:19:57Z,SUCCESSFUL,https://funnytools.win/es/herramientas/calculadora-desviacion-estandar/,https://funnytools.win/es/herramientas/calculadora-desviacion-estandar/,SELF_MATCH,MOBILE,0,,2,https://funnytools.win/en/tools/standard-deviation/; https://funnytools.win/tools/standard-deviation/,UNKNOWN,,200,35,>30 days,no
https://funnytools.win/es/herramientas/calculadora-dias-laborables/,2026-09-13T08:24:11.805Z,https://search.google.com/search-console/inspect?resource_id=sc-domain:funnytools.win&id=qWi3F_PmLpqnqZgm7_emNg&utm_medium=link&utm_source=api,Crawled Not Indexed,yes,yes,no,NEUTRAL,Rastreada: actualmente sin indexar,ALLOWED,INDEXING_ALLOWED,2026-08-19T18:06:28Z,SUCCESSFUL,https://funnytools.win/es/herramientas/calculadora-dias-laborables/,https://funnytools.win/es/herramientas/calculadora-dias-laborables/,SELF_MATCH,MOBILE,0,,1,https://funnytools.win/en/tools/business-days/,UNKNOWN,,200,24,15–30 days,no
https://funnytools.win/es/herramientas/calculadora-gpa/,2026-09-13T08:24:12.476Z,https://search.google.com/search-console/inspect?resource_id=sc-domain:funnytools.win&id=vpbNkhmXyroO3e5g68R7zQ&utm_medium=link&utm_source=api,Unknown,no,unknown,unknown,NEUTRAL,Google no reconoce esta URL,ROBOTS_TXT_STATE_UNSPECIFIED,INDEXING_STATE_UNSPECIFIED,,PAGE_FETCH_STATE_UNSPECIFIED,,,GOOGLE_CANONICAL_ABSENT,,0,,0,,UNKNOWN,,200,,never crawled,candidate only; compare with local internal links
https://funnytools.win/es/herramientas/calculadora-hipoteca/,2026-09-13T08:24:18.254Z,https://search.google.com/search-console/inspect?resource_id=sc-domain:funnytools.win&id=Ri1LiBDXwDIRrEk5-hApiA&utm_medium=link&utm_source=api,Crawled Not Indexed,yes,yes,no,NEUTRAL,Rastreada: actualmente sin indexar,ALLOWED,INDEXING_ALLOWED,2026-08-23T01:14:06Z,SUCCESSFUL,https://funnytools.win/es/herramientas/calculadora-hipoteca/,https://funnytools.win/es/herramientas/calculadora-hipoteca/,SELF_MATCH,MOBILE,0,,2,https://funnytools.win/fr/outils/calculateur-mensualite-pret-immobilier/; https://funnytools.win/tools/mortgage-payment/,UNKNOWN,,200,21,15–30 days,no
https://funnytools.win/es/herramientas/calculadora-horas-extra/,2026-09-13T08:24:19.019Z,https://search.google.com/search-console/inspect?resource_id=sc-domain:funnytools.win&id=yfswA1_XJ0WKzq31ZICNsg&utm_medium=link&utm_source=api,Unknown,no,unknown,unknown,NEUTRAL,Google no reconoce esta URL,ROBOTS_TXT_STATE_UNSPECIFIED,INDEXING_STATE_UNSPECIFIED,,PAGE_FETCH_STATE_UNSPECIFIED,,,GOOGLE_CANONICAL_ABSENT,,0,,0,,UNKNOWN,,200,,never crawled,candidate only; compare with local internal links
https://funnytools.win/es/herramientas/calculadora-inflacion/,2026-09-13T08:24:19.618Z,https://search.google.com/search-console/inspect?resource_id=sc-domain:funnytools.win&id=eNmXfpMMYxlU-VRnnTME7g&utm_medium=link&utm_source=api,Crawled Not Indexed,yes,yes,no,NEUTRAL,Rastreada: actualmente sin indexar,ALLOWED,INDEXING_ALLOWED,2026-08-20T17:34:39Z,SUCCESSFUL,https://funnytools.win/es/herramientas/calculadora-inflacion/,https://funnytools.win/es/herramientas/calculadora-inflacion/,SELF_MATCH,MOBILE,0,,1,https://funnytools.win/tools/inflation/,UNKNOWN,,200,23,15–30 days,no
https://funnytools.win/es/herramientas/calculadora-interes-compuesto/,2026-09-13T08:24:40.487Z,https://search.google.com/search-console/inspect?resource_id=sc-domain:funnytools.win&id=i7lpHKeuK0paxElbPMXIpw&utm_medium=link&utm_source=api,Crawled Not Indexed,yes,yes,no,NEUTRAL,Rastreada: actualmente sin indexar,ALLOWED,INDEXING_ALLOWED,2026-08-16T16:17:51Z,SUCCESSFUL,https://funnytools.win/es/herramientas/calculadora-interes-compuesto/,https://funnytools.win/es/herramientas/calculadora-interes-compuesto/,SELF_MATCH,MOBILE,0,,0,,UNKNOWN,,200,27,15–30 days,candidate only; compare with local internal links
https://funnytools.win/es/herramientas/calculadora-media-ponderada/,2026-09-13T08:24:26.016Z,https://search.google.com/search-console/inspect?resource_id=sc-domain:funnytools.win&id=DgG1IpsjLDbTJuRMvFabMQ&utm_medium=link&utm_source=api,Crawled Not Indexed,yes,yes,no,NEUTRAL,Rastreada: actualmente sin indexar,ALLOWED,INDEXING_ALLOWED,2026-08-24T23:49:35Z,SUCCESSFUL,https://funnytools.win/es/herramientas/calculadora-media-ponderada/,https://funnytools.win/es/herramientas/calculadora-media-ponderada/,SELF_MATCH,MOBILE,0,,2,https://funnytools.win/tools/weighted-average-calculator/; https://funnytools.win/en/tools/weighted-average-calculator/,UNKNOWN,,200,19,15–30 days,no
https://funnytools.win/es/herramientas/calculadora-meta-ahorro/,2026-09-13T08:24:26.701Z,https://search.google.com/search-console/inspect?resource_id=sc-domain:funnytools.win&id=3ROtUs2PoonEoYKFXWpFLg&utm_medium=link&utm_source=api,Unknown,no,unknown,unknown,NEUTRAL,Google no reconoce esta URL,ROBOTS_TXT_STATE_UNSPECIFIED,INDEXING_STATE_UNSPECIFIED,,PAGE_FETCH_STATE_UNSPECIFIED,,,GOOGLE_CANONICAL_ABSENT,,0,,0,,UNKNOWN,,200,,never crawled,candidate only; compare with local internal links
https://funnytools.win/es/herramientas/calculadora-nota-oposicion-docente/,2026-09-13T08:24:33.007Z,https://search.google.com/search-console/inspect?resource_id=sc-domain:funnytools.win&id=Qepo_P29nzgfK3814l5AZw&utm_medium=link&utm_source=api,Crawled Not Indexed,yes,yes,no,NEUTRAL,Rastreada: actualmente sin indexar,ALLOWED,INDEXING_ALLOWED,2026-08-09T03:39:10Z,SUCCESSFUL,https://funnytools.win/es/herramientas/calculadora-nota-oposicion-docente/,https://funnytools.win/es/herramientas/calculadora-nota-oposicion-docente/,SELF_MATCH,MOBILE,0,,1,https://funnytools.win/tools/teacher-exam-score-converter/,UNKNOWN,,200,35,>30 days,no
https://funnytools.win/es/herramientas/calculadora-percentil-ranking-clase/,2026-09-13T08:24:33.834Z,https://search.google.com/search-console/inspect?resource_id=sc-domain:funnytools.win&id=Dy4Ai2eFEdMR6dlvUNoJpg&utm_medium=link&utm_source=api,Crawled Not Indexed,yes,yes,no,NEUTRAL,Rastreada: actualmente sin indexar,ALLOWED,INDEXING_ALLOWED,2026-08-20T17:47:22Z,SUCCESSFUL,https://funnytools.win/es/herramientas/calculadora-percentil-ranking-clase/,https://funnytools.win/es/herramientas/calculadora-percentil-ranking-clase/,SELF_MATCH,MOBILE,0,,1,https://funnytools.win/tools/class-rank-percentile-calculator/,UNKNOWN,,200,23,15–30 days,no
https://funnytools.win/es/herramientas/calculadora-porcentajes/,2026-09-13T08:24:39.993Z,https://search.google.com/search-console/inspect?resource_id=sc-domain:funnytools.win&id=0JCKnv25PMDYyLGsiEOkog&utm_medium=link&utm_source=api,Crawled Not Indexed,yes,yes,no,NEUTRAL,Rastreada: actualmente sin indexar,ALLOWED,INDEXING_ALLOWED,2026-08-05T14:30:23Z,SUCCESSFUL,https://funnytools.win/es/herramientas/calculadora-porcentajes/,https://funnytools.win/es/herramientas/calculadora-porcentajes/,SELF_MATCH,MOBILE,0,,1,https://funnytools.win/en/tools/percentage-calculator/,UNKNOWN,,200,38,>30 days,no
https://funnytools.win/es/herramientas/calculadora-promedio-notas/,2026-09-13T08:24:43.919Z,https://search.google.com/search-console/inspect?resource_id=sc-domain:funnytools.win&id=3R1oRbFbMaFgclxBDTTqvA&utm_medium=link&utm_source=api,Crawled Not Indexed,yes,yes,no,NEUTRAL,Rastreada: actualmente sin indexar,ALLOWED,INDEXING_ALLOWED,2026-08-06T06:44:21Z,SUCCESSFUL,https://funnytools.win/es/herramientas/calculadora-promedio-notas/,https://funnytools.win/es/herramientas/calculadora-promedio-notas/,SELF_MATCH,MOBILE,0,,2,https://funnytools.win/en/tools/grade-average/; https://funnytools.win/tools/grade-average/,UNKNOWN,,200,38,>30 days,no
https://funnytools.win/es/herramientas/calculadora-puntuacion-t/,2026-09-13T08:24:47.004Z,https://search.google.com/search-console/inspect?resource_id=sc-domain:funnytools.win&id=ldUcy8q9Ny4-RLWzT9_Nqw&utm_medium=link&utm_source=api,Crawled Not Indexed,yes,yes,no,NEUTRAL,Rastreada: actualmente sin indexar,ALLOWED,INDEXING_ALLOWED,2026-08-07T12:54:21Z,SUCCESSFUL,https://funnytools.win/es/herramientas/calculadora-puntuacion-t/,https://funnytools.win/es/herramientas/calculadora-puntuacion-t/,SELF_MATCH,MOBILE,0,,1,https://funnytools.win/en/tools/t-score-calculator/,UNKNOWN,,200,36,>30 days,no
https://funnytools.win/es/herramientas/calculadora-puntuacion-z/,2026-09-13T08:24:47.624Z,https://search.google.com/search-console/inspect?resource_id=sc-domain:funnytools.win&id=Asf51zFOVpK44l5OQ6FxQg&utm_medium=link&utm_source=api,Crawled Not Indexed,yes,yes,no,NEUTRAL,Rastreada: actualmente sin indexar,ALLOWED,INDEXING_ALLOWED,2026-09-09T03:45:50Z,SUCCESSFUL,https://funnytools.win/es/herramientas/calculadora-puntuacion-z/,https://funnytools.win/es/herramientas/calculadora-puntuacion-z/,SELF_MATCH,MOBILE,0,,2,https://funnytools.win/tools/z-score-calculator/; https://funnytools.win/en/tools/z-score-calculator/,UNKNOWN,,200,4,<7 days,no
https://funnytools.win/es/herramientas/calculadora-rango-percentil/,2026-09-13T08:24:51.232Z,https://search.google.com/search-console/inspect?resource_id=sc-domain:funnytools.win&id=OPqL6TTibZh3rlRgBEeXog&utm_medium=link&utm_source=api,Unknown,no,unknown,unknown,NEUTRAL,Google no reconoce esta URL,ROBOTS_TXT_STATE_UNSPECIFIED,INDEXING_STATE_UNSPECIFIED,,PAGE_FETCH_STATE_UNSPECIFIED,,,GOOGLE_CANONICAL_ABSENT,,0,,0,,UNKNOWN,,200,,never crawled,candidate only; compare with local internal links
https://funnytools.win/es/herramientas/calculadora-sueldo-neto/,2026-09-13T08:24:54.160Z,https://search.google.com/search-console/inspect?resource_id=sc-domain:funnytools.win&id=3KePs011MFZOJ30RK9alug&utm_medium=link&utm_source=api,Unknown,no,unknown,unknown,NEUTRAL,Google no reconoce esta URL,ROBOTS_TXT_STATE_UNSPECIFIED,INDEXING_STATE_UNSPECIFIED,,PAGE_FETCH_STATE_UNSPECIFIED,,,GOOGLE_CANONICAL_ABSENT,,0,,0,,UNKNOWN,,200,,never crawled,candidate only; compare with local internal links
https://funnytools.win/es/herramientas/calculadora-t-muestras-independientes/,2026-09-13T08:24:54.555Z,https://search.google.com/search-console/inspect?resource_id=sc-domain:funnytools.win&id=q5LdKueGpow0F5vFLjBvqA&utm_medium=link&utm_source=api,Crawled Not Indexed,yes,yes,no,NEUTRAL,Rastreada: actualmente sin indexar,ALLOWED,INDEXING_ALLOWED,2026-08-25T01:33:17Z,SUCCESSFUL,https://funnytools.win/es/herramientas/calculadora-t-muestras-independientes/,https://funnytools.win/es/herramientas/calculadora-t-muestras-independientes/,SELF_MATCH,MOBILE,0,,1,https://funnytools.win/tools/independent-samples-t-test-calculator/,UNKNOWN,,200,19,15–30 days,no
https://funnytools.win/es/herramientas/calcular-diferencia-entre-fechas/,2026-09-13T08:24:58.196Z,https://search.google.com/search-console/inspect?resource_id=sc-domain:funnytools.win&id=ZZ05NergaB7AjH5QUIbIUQ&utm_medium=link&utm_source=api,Crawled Not Indexed,yes,yes,no,NEUTRAL,Rastreada: actualmente sin indexar,ALLOWED,INDEXING_ALLOWED,2026-08-18T14:51:32Z,SUCCESSFUL,https://funnytools.win/es/herramientas/calcular-diferencia-entre-fechas/,https://funnytools.win/es/herramientas/calcular-diferencia-entre-fechas/,SELF_MATCH,MOBILE,0,,1,https://funnytools.win/en/tools/date-difference/,UNKNOWN,,200,25,15–30 days,no
https://funnytools.win/es/herramientas/codificar-decodificar-base64/,2026-09-13T08:25:01.355Z,https://search.google.com/search-console/inspect?resource_id=sc-domain:funnytools.win&id=vEJj2qVBo3gV2HHvdQCVog&utm_medium=link&utm_source=api,Unknown,no,unknown,unknown,NEUTRAL,Google no reconoce esta URL,ROBOTS_TXT_STATE_UNSPECIFIED,INDEXING_STATE_UNSPECIFIED,,PAGE_FETCH_STATE_UNSPECIFIED,,,GOOGLE_CANONICAL_ABSENT,,0,,0,,UNKNOWN,,200,,never crawled,candidate only; compare with local internal links
https://funnytools.win/es/herramientas/codificar-decodificar-url/,2026-09-13T08:25:01.816Z,https://search.google.com/search-console/inspect?resource_id=sc-domain:funnytools.win&id=Par--DnYz2Ew20aOl2bMCg&utm_medium=link&utm_source=api,Crawled Not Indexed,yes,yes,no,NEUTRAL,Rastreada: actualmente sin indexar,ALLOWED,INDEXING_STATE_UNSPECIFIED,2026-09-12T03:53:37Z,SUCCESSFUL,,,GOOGLE_CANONICAL_ABSENT,MOBILE,0,,1,https://funnytools.win/tools/url-encoder/,UNKNOWN,,200,1,<7 days,no
https://funnytools.win/es/herramientas/comprimir-imagenes/,2026-09-13T08:25:05.183Z,https://search.google.com/search-console/inspect?resource_id=sc-domain:funnytools.win&id=aOFQCpzpu1ZZszC3S3BuUA&utm_medium=link&utm_source=api,Unknown,no,unknown,unknown,NEUTRAL,Google no reconoce esta URL,ROBOTS_TXT_STATE_UNSPECIFIED,INDEXING_STATE_UNSPECIFIED,,PAGE_FETCH_STATE_UNSPECIFIED,,,GOOGLE_CANONICAL_ABSENT,,0,,0,,UNKNOWN,,200,,never crawled,candidate only; compare with local internal links
https://funnytools.win/es/herramientas/comprimir-pdf/,2026-09-13T08:25:08.554Z,https://search.google.com/search-console/inspect?resource_id=sc-domain:funnytools.win&id=hzSrLWMaO2Et-4ba3_rLqA&utm_medium=link&utm_source=api,Unknown,no,unknown,unknown,NEUTRAL,Google no reconoce esta URL,ROBOTS_TXT_STATE_UNSPECIFIED,INDEXING_STATE_UNSPECIFIED,,PAGE_FETCH_STATE_UNSPECIFIED,,,GOOGLE_CANONICAL_ABSENT,,0,,0,,UNKNOWN,,200,,never crawled,candidate only; compare with local internal links
https://funnytools.win/es/herramientas/contador-caracteres/,2026-09-13T08:25:08.726Z,https://search.google.com/search-console/inspect?resource_id=sc-domain:funnytools.win&id=c7-cjqajrxOShagJX7KN2Q&utm_medium=link&utm_source=api,Unknown,no,unknown,unknown,NEUTRAL,Google no reconoce esta URL,ROBOTS_TXT_STATE_UNSPECIFIED,INDEXING_STATE_UNSPECIFIED,,PAGE_FETCH_STATE_UNSPECIFIED,,,GOOGLE_CANONICAL_ABSENT,,0,,0,,UNKNOWN,,200,,never crawled,candidate only; compare with local internal links
https://funnytools.win/es/herramientas/contador-palabras/,2026-09-13T08:25:12.127Z,https://search.google.com/search-console/inspect?resource_id=sc-domain:funnytools.win&id=ZNolZHZNybJCWNgvY77Ysg&utm_medium=link&utm_source=api,Unknown,no,unknown,unknown,NEUTRAL,Google no reconoce esta URL,ROBOTS_TXT_STATE_UNSPECIFIED,INDEXING_STATE_UNSPECIFIED,,PAGE_FETCH_STATE_UNSPECIFIED,,,GOOGLE_CANONICAL_ABSENT,,0,,0,,UNKNOWN,,200,,never crawled,candidate only; compare with local internal links
https://funnytools.win/es/herramientas/conversor-puntuaciones-estandarizadas/,2026-09-13T08:25:15.825Z,https://search.google.com/search-console/inspect?resource_id=sc-domain:funnytools.win&id=PIlPYqKqtLhg8EIJgvkOSA&utm_medium=link&utm_source=api,Crawled Not Indexed,yes,yes,no,NEUTRAL,Rastreada: actualmente sin indexar,ALLOWED,INDEXING_ALLOWED,2026-08-15T03:41:35Z,SUCCESSFUL,https://funnytools.win/es/herramientas/conversor-puntuaciones-estandarizadas/,https://funnytools.win/es/herramientas/conversor-puntuaciones-estandarizadas/,SELF_MATCH,MOBILE,0,,1,https://funnytools.win/en/tools/normalized-score-converter/,UNKNOWN,,200,29,15–30 days,no
https://funnytools.win/es/herramientas/convertir-csv-a-json/,2026-09-13T08:25:15.950Z,https://search.google.com/search-console/inspect?resource_id=sc-domain:funnytools.win&id=gagUzjq9LyHN4Da0vhB9Ug&utm_medium=link&utm_source=api,Crawled Not Indexed,yes,yes,no,NEUTRAL,Rastreada: actualmente sin indexar,ALLOWED,INDEXING_ALLOWED,2026-08-25T02:43:44Z,SUCCESSFUL,https://funnytools.win/es/herramientas/convertir-csv-a-json/,https://funnytools.win/es/herramientas/convertir-csv-a-json/,SELF_MATCH,MOBILE,0,,2,https://funnytools.win/fr/outils/convertir-csv-en-json/; https://funnytools.win/en/tools/csv-to-json/,UNKNOWN,,200,19,15–30 days,no
https://funnytools.win/es/herramientas/convertir-imagen-base64/,2026-09-13T08:25:19.089Z,https://search.google.com/search-console/inspect?resource_id=sc-domain:funnytools.win&id=g0A_zpLkPdKZyqyuyu_dTQ&utm_medium=link&utm_source=api,Unknown,no,unknown,unknown,NEUTRAL,Google no reconoce esta URL,ROBOTS_TXT_STATE_UNSPECIFIED,INDEXING_STATE_UNSPECIFIED,,PAGE_FETCH_STATE_UNSPECIFIED,,,GOOGLE_CANONICAL_ABSENT,,0,,0,,UNKNOWN,,200,,never crawled,candidate only; compare with local internal links
https://funnytools.win/es/herramientas/convertir-imagenes-a-pdf/,2026-09-13T08:25:22.795Z,https://search.google.com/search-console/inspect?resource_id=sc-domain:funnytools.win&id=sVVX2pnJjihrACsl3A0jYA&utm_medium=link&utm_source=api,Unknown,no,unknown,unknown,NEUTRAL,Google no reconoce esta URL,ROBOTS_TXT_STATE_UNSPECIFIED,INDEXING_STATE_UNSPECIFIED,,PAGE_FETCH_STATE_UNSPECIFIED,,,GOOGLE_CANONICAL_ABSENT,,0,,0,,UNKNOWN,,200,,never crawled,candidate only; compare with local internal links
https://funnytools.win/es/herramientas/convertir-jpg-a-png/,2026-09-13T08:25:23.621Z,https://search.google.com/search-console/inspect?resource_id=sc-domain:funnytools.win&id=_GjtXdG-xcenzSJ3UmuAWQ&utm_medium=link&utm_source=api,Crawled Not Indexed,yes,yes,no,NEUTRAL,Rastreada: actualmente sin indexar,ALLOWED,INDEXING_ALLOWED,2026-08-02T17:00:15Z,SUCCESSFUL,https://funnytools.win/es/herramientas/convertir-jpg-a-png/,https://funnytools.win/es/herramientas/convertir-jpg-a-png/,SELF_MATCH,MOBILE,0,,2,https://funnytools.win/tools/jpg-to-png/; https://funnytools.win/en/tools/jpg-to-png/,UNKNOWN,,200,41,>30 days,no
https://funnytools.win/es/herramientas/convertir-jpg-a-webp/,2026-09-13T08:25:26.434Z,https://search.google.com/search-console/inspect?resource_id=sc-domain:funnytools.win&id=X8zY9BxyATfPuOANTki3cQ&utm_medium=link&utm_source=api,Crawled Not Indexed,yes,yes,no,NEUTRAL,Rastreada: actualmente sin indexar,ALLOWED,INDEXING_ALLOWED,2026-08-20T15:41:58Z,SUCCESSFUL,https://funnytools.win/es/herramientas/convertir-jpg-a-webp/,https://funnytools.win/es/herramientas/convertir-jpg-a-webp/,SELF_MATCH,MOBILE,0,,2,https://funnytools.win/fr/outils/convertir-jpg-en-webp/; https://funnytools.win/tools/jpg-to-webp/,UNKNOWN,,200,23,15–30 days,no
https://funnytools.win/es/herramientas/convertir-json-a-csv/,2026-09-13T08:25:29.757Z,https://search.google.com/search-console/inspect?resource_id=sc-domain:funnytools.win&id=WN-nr4kBE6rMtSCOG6g0tg&utm_medium=link&utm_source=api,Unknown,no,unknown,unknown,NEUTRAL,Google no reconoce esta URL,ROBOTS_TXT_STATE_UNSPECIFIED,INDEXING_STATE_UNSPECIFIED,,PAGE_FETCH_STATE_UNSPECIFIED,,,GOOGLE_CANONICAL_ABSENT,,0,,0,,UNKNOWN,,200,,never crawled,candidate only; compare with local internal links
https://funnytools.win/es/herramientas/convertir-mayusculas-minusculas/,2026-09-13T08:25:30.870Z,https://search.google.com/search-console/inspect?resource_id=sc-domain:funnytools.win&id=fNg4efZRvaVvPI6D3DXWyA&utm_medium=link&utm_source=api,Crawled Not Indexed,yes,yes,no,NEUTRAL,Rastreada: actualmente sin indexar,ALLOWED,INDEXING_ALLOWED,2026-08-25T13:01:49Z,SUCCESSFUL,https://funnytools.win/es/herramientas/convertir-mayusculas-minusculas/,https://funnytools.win/es/herramientas/convertir-mayusculas-minusculas/,SELF_MATCH,MOBILE,0,,2,https://funnytools.win/tools/case-converter/; https://funnytools.win/en/tools/case-converter/,UNKNOWN,,200,18,15–30 days,no
https://funnytools.win/es/herramientas/convertir-pdf-a-imagen/,2026-09-13T08:25:33.967Z,https://search.google.com/search-console/inspect?resource_id=sc-domain:funnytools.win&id=RqtJWxF0Fr7jfGaSg0wySQ&utm_medium=link&utm_source=api,Unknown,no,unknown,unknown,NEUTRAL,Google no reconoce esta URL,ROBOTS_TXT_STATE_UNSPECIFIED,INDEXING_STATE_UNSPECIFIED,,PAGE_FETCH_STATE_UNSPECIFIED,,,GOOGLE_CANONICAL_ABSENT,,0,,0,,UNKNOWN,,200,,never crawled,candidate only; compare with local internal links
https://funnytools.win/es/herramientas/convertir-png-a-jpg/,2026-09-13T08:25:36.927Z,https://search.google.com/search-console/inspect?resource_id=sc-domain:funnytools.win&id=_DnJlZ7u6Lun4NV0aaGgYQ&utm_medium=link&utm_source=api,Unknown,no,unknown,unknown,NEUTRAL,Google no reconoce esta URL,ROBOTS_TXT_STATE_UNSPECIFIED,INDEXING_STATE_UNSPECIFIED,,PAGE_FETCH_STATE_UNSPECIFIED,,,GOOGLE_CANONICAL_ABSENT,,0,,0,,UNKNOWN,,200,,never crawled,candidate only; compare with local internal links
https://funnytools.win/es/herramientas/convertir-timestamp-unix/,2026-09-13T08:25:38.072Z,https://search.google.com/search-console/inspect?resource_id=sc-domain:funnytools.win&id=9fGCUBuyVasAXgUXCFoYSw&utm_medium=link&utm_source=api,Crawled Not Indexed,yes,yes,no,NEUTRAL,Rastreada: actualmente sin indexar,ALLOWED,INDEXING_ALLOWED,2026-08-08T16:46:59Z,SUCCESSFUL,https://funnytools.win/es/herramientas/convertir-timestamp-unix/,https://funnytools.win/es/herramientas/convertir-timestamp-unix/,SELF_MATCH,MOBILE,0,,2,https://funnytools.win/tools/timestamp-converter/; https://funnytools.win/en/tools/timestamp-converter/,UNKNOWN,,200,35,>30 days,no
https://funnytools.win/es/herramientas/convertir-webp-a-jpg/,2026-09-13T08:25:41.065Z,https://search.google.com/search-console/inspect?resource_id=sc-domain:funnytools.win&id=bvdlZMy9NPbYgvQThgx0sg&utm_medium=link&utm_source=api,Unknown,no,unknown,unknown,NEUTRAL,Google no reconoce esta URL,ROBOTS_TXT_STATE_UNSPECIFIED,INDEXING_STATE_UNSPECIFIED,,PAGE_FETCH_STATE_UNSPECIFIED,,,GOOGLE_CANONICAL_ABSENT,,0,,0,,UNKNOWN,,200,,never crawled,candidate only; compare with local internal links
https://funnytools.win/es/herramientas/crear-diagrama-flujo/,2026-09-13T08:25:43.835Z,https://search.google.com/search-console/inspect?resource_id=sc-domain:funnytools.win&id=nTundTfecpJ_lCGbDsK_aQ&utm_medium=link&utm_source=api,Crawled Not Indexed,yes,yes,no,NEUTRAL,Rastreada: actualmente sin indexar,ALLOWED,INDEXING_ALLOWED,2026-08-19T16:55:53Z,SUCCESSFUL,https://funnytools.win/es/herramientas/crear-diagrama-flujo/,https://funnytools.win/es/herramientas/crear-diagrama-flujo/,SELF_MATCH,MOBILE,0,,2,https://funnytools.win/en/tools/flowchart/; https://funnytools.win/tools/flowchart/,UNKNOWN,,200,24,15–30 days,no
https://funnytools.win/es/herramientas/crear-grafico-barras/,2026-09-13T08:25:45.072Z,https://search.google.com/search-console/inspect?resource_id=sc-domain:funnytools.win&id=wtGQwEJwsjdX-HeK_-75jw&utm_medium=link&utm_source=api,Unknown,no,unknown,unknown,NEUTRAL,Google no reconoce esta URL,ROBOTS_TXT_STATE_UNSPECIFIED,INDEXING_STATE_UNSPECIFIED,,PAGE_FETCH_STATE_UNSPECIFIED,,,GOOGLE_CANONICAL_ABSENT,,0,,0,,UNKNOWN,,200,,never crawled,candidate only; compare with local internal links
https://funnytools.win/es/herramientas/crear-grafico-circular/,2026-09-13T08:25:48.211Z,https://search.google.com/search-console/inspect?resource_id=sc-domain:funnytools.win&id=EIu02zE6MCM0MFb5JtMgog&utm_medium=link&utm_source=api,Unknown,no,unknown,unknown,NEUTRAL,Google no reconoce esta URL,ROBOTS_TXT_STATE_UNSPECIFIED,INDEXING_STATE_UNSPECIFIED,,PAGE_FETCH_STATE_UNSPECIFIED,,,GOOGLE_CANONICAL_ABSENT,,0,,0,,UNKNOWN,,200,,never crawled,candidate only; compare with local internal links
https://funnytools.win/es/herramientas/crear-grupos-clase/,2026-09-13T08:25:50.804Z,https://search.google.com/search-console/inspect?resource_id=sc-domain:funnytools.win&id=yJWGPXp9VXefUWGT1Mw9fQ&utm_medium=link&utm_source=api,Unknown,no,unknown,unknown,NEUTRAL,Google no reconoce esta URL,ROBOTS_TXT_STATE_UNSPECIFIED,INDEXING_STATE_UNSPECIFIED,,PAGE_FETCH_STATE_UNSPECIFIED,,,GOOGLE_CANONICAL_ABSENT,,0,,0,,UNKNOWN,,200,,never crawled,candidate only; compare with local internal links
https://funnytools.win/es/herramientas/crear-plano-asientos-aula/,2026-09-13T08:25:52.033Z,https://search.google.com/search-console/inspect?resource_id=sc-domain:funnytools.win&id=x-48xcxV-0pqkZRH6U3kJw&utm_medium=link&utm_source=api,Crawled Not Indexed,yes,yes,no,NEUTRAL,Rastreada: actualmente sin indexar,ALLOWED,INDEXING_ALLOWED,2026-08-19T18:35:59Z,SUCCESSFUL,https://funnytools.win/es/herramientas/crear-plano-asientos-aula/,https://funnytools.win/es/herramientas/crear-plano-asientos-aula/,SELF_MATCH,MOBILE,0,,1,https://funnytools.win/tools/seating-chart/,UNKNOWN,,200,24,15–30 days,no
https://funnytools.win/es/herramientas/cronometro-online/,2026-09-13T08:25:55.453Z,https://search.google.com/search-console/inspect?resource_id=sc-domain:funnytools.win&id=TMi7jCKx1llU0Flxtu8kaQ&utm_medium=link&utm_source=api,Unknown,no,unknown,unknown,NEUTRAL,Google no reconoce esta URL,ROBOTS_TXT_STATE_UNSPECIFIED,INDEXING_STATE_UNSPECIFIED,,PAGE_FETCH_STATE_UNSPECIFIED,,,GOOGLE_CANONICAL_ABSENT,,0,,0,,UNKNOWN,,200,,never crawled,candidate only; compare with local internal links
https://funnytools.win/es/herramientas/decidir-entre-dos-opciones/,2026-09-13T08:25:57.814Z,https://search.google.com/search-console/inspect?resource_id=sc-domain:funnytools.win&id=vESwRADFqgaRfxFRmupFmQ&utm_medium=link&utm_source=api,Crawled Not Indexed,yes,yes,no,NEUTRAL,Rastreada: actualmente sin indexar,ALLOWED,INDEXING_ALLOWED,2026-08-10T15:40:43Z,SUCCESSFUL,https://funnytools.win/es/herramientas/decidir-entre-dos-opciones/,https://funnytools.win/es/herramientas/decidir-entre-dos-opciones/,SELF_MATCH,MOBILE,0,,1,https://funnytools.win/en/tools/this-or-that/,UNKNOWN,,200,33,>30 days,no
https://funnytools.win/es/herramientas/dividir-pdf/,2026-09-13T08:25:59.225Z,https://search.google.com/search-console/inspect?resource_id=sc-domain:funnytools.win&id=UYyTMMiKXyTNg_HWCI6vZw&utm_medium=link&utm_source=api,Crawled Not Indexed,yes,yes,no,NEUTRAL,Rastreada: actualmente sin indexar,ALLOWED,INDEXING_ALLOWED,2026-08-16T15:31:25Z,SUCCESSFUL,https://funnytools.win/es/herramientas/dividir-pdf/,https://funnytools.win/es/herramientas/dividir-pdf/,SELF_MATCH,MOBILE,0,,1,https://funnytools.win/tools/split-pdf/,UNKNOWN,,200,27,15–30 days,no
https://funnytools.win/es/herramientas/editor-markdown-online/,2026-09-13T08:26:02.454Z,https://search.google.com/search-console/inspect?resource_id=sc-domain:funnytools.win&id=DIv34Fshqk_SaQm0p9jVDw&utm_medium=link&utm_source=api,Crawled Not Indexed,yes,yes,no,NEUTRAL,Rastreada: actualmente sin indexar,ALLOWED,INDEXING_ALLOWED,2026-08-19T16:20:40Z,SUCCESSFUL,https://funnytools.win/es/herramientas/editor-markdown-online/,https://funnytools.win/es/herramientas/editor-markdown-online/,SELF_MATCH,MOBILE,0,,1,https://funnytools.win/tools/markdown-previewer/,UNKNOWN,,200,24,15–30 days,no
https://funnytools.win/es/herramientas/eliminar-lineas-duplicadas/,2026-09-13T08:26:05.040Z,https://search.google.com/search-console/inspect?resource_id=sc-domain:funnytools.win&id=gD3z_8wsoNWg4tXNsK9R7A&utm_medium=link&utm_source=api,Unknown,no,unknown,unknown,NEUTRAL,Google no reconoce esta URL,ROBOTS_TXT_STATE_UNSPECIFIED,INDEXING_STATE_UNSPECIFIED,,PAGE_FETCH_STATE_UNSPECIFIED,,,GOOGLE_CANONICAL_ABSENT,,0,,0,,UNKNOWN,,200,,never crawled,candidate only; compare with local internal links
https://funnytools.win/es/herramientas/eliminar-lineas-vacias/,2026-09-13T08:26:06.462Z,https://search.google.com/search-console/inspect?resource_id=sc-domain:funnytools.win&id=T1TRUrZbGzLvwWoXtyuLZA&utm_medium=link&utm_source=api,Crawled Not Indexed,yes,yes,no,NEUTRAL,Rastreada: actualmente sin indexar,ALLOWED,INDEXING_ALLOWED,2026-09-02T04:44:11Z,SUCCESSFUL,https://funnytools.win/es/herramientas/eliminar-lineas-vacias/,https://funnytools.win/es/herramientas/eliminar-lineas-vacias/,SELF_MATCH,MOBILE,0,,2,https://funnytools.win/en/tools/remove-empty-lines/; https://funnytools.win/tools/remove-empty-lines/,UNKNOWN,,200,11,7–14 days,no
https://funnytools.win/es/herramientas/eliminar-paginas-pdf/,2026-09-13T08:26:09.422Z,https://search.google.com/search-console/inspect?resource_id=sc-domain:funnytools.win&id=6TtsztAUbknB0PfWBTZ4qw&utm_medium=link&utm_source=api,Unknown,no,unknown,unknown,NEUTRAL,Google no reconoce esta URL,ROBOTS_TXT_STATE_UNSPECIFIED,INDEXING_STATE_UNSPECIFIED,,PAGE_FETCH_STATE_UNSPECIFIED,,,GOOGLE_CANONICAL_ABSENT,,0,,0,,UNKNOWN,,200,,never crawled,candidate only; compare with local internal links
https://funnytools.win/es/herramientas/extraer-paginas-pdf/,2026-09-13T08:26:12.098Z,https://search.google.com/search-console/inspect?resource_id=sc-domain:funnytools.win&id=9ql1W6tA6KiD3VfTMr9Nnw&utm_medium=link&utm_source=api,Crawled Not Indexed,yes,yes,no,NEUTRAL,Rastreada: actualmente sin indexar,ALLOWED,INDEXING_ALLOWED,2026-07-30T17:20:19Z,SUCCESSFUL,https://funnytools.win/es/herramientas/extraer-paginas-pdf/,https://funnytools.win/es/herramientas/extraer-paginas-pdf/,SELF_MATCH,MOBILE,0,,1,https://funnytools.win/tools/extract-pdf-pages/,UNKNOWN,,200,44,>30 days,no
https://funnytools.win/es/herramientas/formatear-validar-json/,2026-09-13T08:26:13.394Z,https://search.google.com/search-console/inspect?resource_id=sc-domain:funnytools.win&id=JjSwTxy9HdCL61uF5CQKqw&utm_medium=link&utm_source=api,Unknown,no,unknown,unknown,NEUTRAL,Google no reconoce esta URL,ROBOTS_TXT_STATE_UNSPECIFIED,INDEXING_STATE_UNSPECIFIED,,PAGE_FETCH_STATE_UNSPECIFIED,,,GOOGLE_CANONICAL_ABSENT,,0,,0,,UNKNOWN,,200,,never crawled,candidate only; compare with local internal links
https://funnytools.win/es/herramientas/generador-codigo-barras/,2026-09-13T08:26:16.799Z,https://search.google.com/search-console/inspect?resource_id=sc-domain:funnytools.win&id=J6VC5fMzA6dKjLiNoujbMA&utm_medium=link&utm_source=api,Unknown,no,unknown,unknown,NEUTRAL,Google no reconoce esta URL,ROBOTS_TXT_STATE_UNSPECIFIED,INDEXING_STATE_UNSPECIFIED,,PAGE_FETCH_STATE_UNSPECIFIED,,,GOOGLE_CANONICAL_ABSENT,,0,,0,,UNKNOWN,,200,,never crawled,candidate only; compare with local internal links
https://funnytools.win/es/herramientas/generador-codigo-qr/,2026-09-13T08:26:18.993Z,https://search.google.com/search-console/inspect?resource_id=sc-domain:funnytools.win&id=dMYzmxGWDbWPmT7s15XdLg&utm_medium=link&utm_source=api,Unknown,no,unknown,unknown,NEUTRAL,Google no reconoce esta URL,ROBOTS_TXT_STATE_UNSPECIFIED,INDEXING_STATE_UNSPECIFIED,,PAGE_FETCH_STATE_UNSPECIFIED,,,GOOGLE_CANONICAL_ABSENT,,0,,0,,UNKNOWN,,200,,never crawled,candidate only; compare with local internal links
https://funnytools.win/es/herramientas/generador-colores-hex-rgb-hsl/,2026-09-13T08:26:20.364Z,https://search.google.com/search-console/inspect?resource_id=sc-domain:funnytools.win&id=ScGrlNUgKtNi8STdAvwWyw&utm_medium=link&utm_source=api,Unknown,no,unknown,unknown,NEUTRAL,Google no reconoce esta URL,ROBOTS_TXT_STATE_UNSPECIFIED,INDEXING_STATE_UNSPECIFIED,,PAGE_FETCH_STATE_UNSPECIFIED,,,GOOGLE_CANONICAL_ABSENT,,0,,0,,UNKNOWN,,200,,never crawled,candidate only; compare with local internal links
https://funnytools.win/es/herramientas/generador-contrasenas-seguras/,2026-09-13T08:26:23.969Z,https://search.google.com/search-console/inspect?resource_id=sc-domain:funnytools.win&id=akOWlRAXjNtyLhdbMx1Xzw&utm_medium=link&utm_source=api,Unknown,no,unknown,unknown,NEUTRAL,Google no reconoce esta URL,ROBOTS_TXT_STATE_UNSPECIFIED,INDEXING_STATE_UNSPECIFIED,,PAGE_FETCH_STATE_UNSPECIFIED,,,GOOGLE_CANONICAL_ABSENT,,0,,0,,UNKNOWN,,200,,never crawled,candidate only; compare with local internal links
https://funnytools.win/es/herramientas/generador-grupos-aleatorios/,2026-09-13T08:26:26.343Z,https://search.google.com/search-console/inspect?resource_id=sc-domain:funnytools.win&id=aQ_nCSSh8s_Zg8gdVzQ2qg&utm_medium=link&utm_source=api,Unknown,no,unknown,unknown,NEUTRAL,Google no reconoce esta URL,ROBOTS_TXT_STATE_UNSPECIFIED,INDEXING_STATE_UNSPECIFIED,,PAGE_FETCH_STATE_UNSPECIFIED,,,GOOGLE_CANONICAL_ABSENT,,0,,0,,UNKNOWN,,200,,never crawled,candidate only; compare with local internal links
https://funnytools.win/es/herramientas/generador-informe-apa-7/,2026-09-13T08:26:27.325Z,https://search.google.com/search-console/inspect?resource_id=sc-domain:funnytools.win&id=irHHdr7kOZHUqAlLgJUt8g&utm_medium=link&utm_source=api,Unknown,no,unknown,unknown,NEUTRAL,Google no reconoce esta URL,ROBOTS_TXT_STATE_UNSPECIFIED,INDEXING_STATE_UNSPECIFIED,,PAGE_FETCH_STATE_UNSPECIFIED,,,GOOGLE_CANONICAL_ABSENT,,0,,0,,UNKNOWN,,200,,never crawled,candidate only; compare with local internal links
https://funnytools.win/es/herramientas/generador-numeros-aleatorios/,2026-09-13T08:26:31.258Z,https://search.google.com/search-console/inspect?resource_id=sc-domain:funnytools.win&id=gDLgObLAQ9qVZI58moxLlA&utm_medium=link&utm_source=api,Crawled Not Indexed,yes,yes,no,NEUTRAL,Rastreada: actualmente sin indexar,ALLOWED,INDEXING_ALLOWED,2026-08-19T19:04:56Z,SUCCESSFUL,https://funnytools.win/es/herramientas/generador-numeros-aleatorios/,https://funnytools.win/es/herramientas/generador-numeros-aleatorios/,SELF_MATCH,MOBILE,0,,2,https://funnytools.win/tools/random-number-picker/; https://funnytools.win/en/tools/random-number-picker/,UNKNOWN,,200,24,15–30 days,no
https://funnytools.win/es/herramientas/generador-uuid-v4/,2026-09-13T08:26:33.470Z,https://search.google.com/search-console/inspect?resource_id=sc-domain:funnytools.win&id=wkj93X6XX93RRUGPapMhAA&utm_medium=link&utm_source=api,Unknown,no,unknown,unknown,NEUTRAL,Google no reconoce esta URL,ROBOTS_TXT_STATE_UNSPECIFIED,INDEXING_STATE_UNSPECIFIED,,PAGE_FETCH_STATE_UNSPECIFIED,,,GOOGLE_CANONICAL_ABSENT,,0,,0,,UNKNOWN,,200,,never crawled,candidate only; compare with local internal links
https://funnytools.win/es/herramientas/interpretar-resultados-spss/,2026-09-13T08:26:34.678Z,https://search.google.com/search-console/inspect?resource_id=sc-domain:funnytools.win&id=dRFMVtDPSW658hhZ1YtxhA&utm_medium=link&utm_source=api,Unknown,no,unknown,unknown,NEUTRAL,Google no reconoce esta URL,ROBOTS_TXT_STATE_UNSPECIFIED,INDEXING_STATE_UNSPECIFIED,,PAGE_FETCH_STATE_UNSPECIFIED,,,GOOGLE_CANONICAL_ABSENT,,0,,0,,UNKNOWN,,200,,never crawled,candidate only; compare with local internal links
https://funnytools.win/es/herramientas/ordenar-lineas-texto/,2026-09-13T08:26:38.170Z,https://search.google.com/search-console/inspect?resource_id=sc-domain:funnytools.win&id=ROTuHN_DUknVUYpprSgL_A&utm_medium=link&utm_source=api,Unknown,no,unknown,unknown,NEUTRAL,Google no reconoce esta URL,ROBOTS_TXT_STATE_UNSPECIFIED,INDEXING_STATE_UNSPECIFIED,,PAGE_FETCH_STATE_UNSPECIFIED,,,GOOGLE_CANONICAL_ABSENT,,0,,0,,UNKNOWN,,200,,never crawled,candidate only; compare with local internal links
https://funnytools.win/es/herramientas/ordenar-paginas-pdf/,2026-09-13T08:26:40.430Z,https://search.google.com/search-console/inspect?resource_id=sc-domain:funnytools.win&id=_WX-yfMgqTZnAxcYm7ASjQ&utm_medium=link&utm_source=api,Crawled Not Indexed,yes,yes,no,NEUTRAL,Rastreada: actualmente sin indexar,ALLOWED,INDEXING_ALLOWED,2026-08-09T04:10:06Z,SUCCESSFUL,https://funnytools.win/es/herramientas/ordenar-paginas-pdf/,https://funnytools.win/es/herramientas/ordenar-paginas-pdf/,SELF_MATCH,MOBILE,0,,2,https://funnytools.win/tools/pdf-page-reorder/; https://funnytools.win/en/tools/pdf-page-reorder/,UNKNOWN,,200,35,>30 days,no
https://funnytools.win/es/herramientas/pizarra-dibujo-online/,2026-09-13T08:26:41.961Z,https://search.google.com/search-console/inspect?resource_id=sc-domain:funnytools.win&id=JJ1a8xNmwYh0LNCW0CEjpA&utm_medium=link&utm_source=api,Crawled Not Indexed,yes,yes,no,NEUTRAL,Rastreada: actualmente sin indexar,ALLOWED,INDEXING_ALLOWED,2026-07-31T00:35:44Z,SUCCESSFUL,https://funnytools.win/es/herramientas/pizarra-dibujo-online/,https://funnytools.win/es/herramientas/pizarra-dibujo-online/,SELF_MATCH,MOBILE,0,,1,https://funnytools.win/en/tools/sketchpad/,UNKNOWN,,200,44,>30 days,no
https://funnytools.win/es/herramientas/que-comer-hoy/,2026-09-13T08:26:45.366Z,https://search.google.com/search-console/inspect?resource_id=sc-domain:funnytools.win&id=1iRtcyYjRCBDfheDkuFZug&utm_medium=link&utm_source=api,Crawled Not Indexed,yes,yes,no,NEUTRAL,Rastreada: actualmente sin indexar,ALLOWED,INDEXING_STATE_UNSPECIFIED,2026-09-12T02:38:38Z,SUCCESSFUL,,,GOOGLE_CANONICAL_ABSENT,MOBILE,0,,2,https://funnytools.win/tools/what-to-eat/; https://funnytools.win/en/tools/what-to-eat/,UNKNOWN,,200,1,<7 days,no
https://funnytools.win/es/herramientas/recordatorio-descansos/,2026-09-13T08:26:47.409Z,https://search.google.com/search-console/inspect?resource_id=sc-domain:funnytools.win&id=mTWBZfcUKjPg1kjg_DUmGg&utm_medium=link&utm_source=api,Crawled Not Indexed,yes,yes,no,NEUTRAL,Rastreada: actualmente sin indexar,ALLOWED,INDEXING_ALLOWED,2026-08-04T05:44:47Z,SUCCESSFUL,https://funnytools.win/es/herramientas/recordatorio-descansos/,https://funnytools.win/es/herramientas/recordatorio-descansos/,SELF_MATCH,MOBILE,0,,2,https://funnytools.win/en/tools/break-reminder/; https://funnytools.win/tools/break-reminder/,UNKNOWN,,200,40,>30 days,no
https://funnytools.win/es/herramientas/recortar-imagen/,2026-09-13T08:26:49.148Z,https://search.google.com/search-console/inspect?resource_id=sc-domain:funnytools.win&id=O9BnPjVoNbV80XQHKEDl7A&utm_medium=link&utm_source=api,Unknown,no,unknown,unknown,NEUTRAL,Google no reconoce esta URL,ROBOTS_TXT_STATE_UNSPECIFIED,INDEXING_STATE_UNSPECIFIED,,PAGE_FETCH_STATE_UNSPECIFIED,,,GOOGLE_CANONICAL_ABSENT,,0,,0,,UNKNOWN,,200,,never crawled,candidate only; compare with local internal links
https://funnytools.win/es/herramientas/redimensionar-imagen/,2026-09-13T08:26:52.355Z,https://search.google.com/search-console/inspect?resource_id=sc-domain:funnytools.win&id=lt9QaX_yJ9m7WeX95Sj2yg&utm_medium=link&utm_source=api,Unknown,no,unknown,unknown,NEUTRAL,Google no reconoce esta URL,ROBOTS_TXT_STATE_UNSPECIFIED,INDEXING_STATE_UNSPECIFIED,,PAGE_FETCH_STATE_UNSPECIFIED,,,GOOGLE_CANONICAL_ABSENT,,0,,0,,UNKNOWN,,200,,never crawled,candidate only; compare with local internal links
https://funnytools.win/es/herramientas/rotar-pdf/,2026-09-13T08:26:54.708Z,https://search.google.com/search-console/inspect?resource_id=sc-domain:funnytools.win&id=hR7SKh8AcCWAV2SPN745nQ&utm_medium=link&utm_source=api,Unknown,no,unknown,unknown,NEUTRAL,Google no reconoce esta URL,ROBOTS_TXT_STATE_UNSPECIFIED,INDEXING_STATE_UNSPECIFIED,,PAGE_FETCH_STATE_UNSPECIFIED,,,GOOGLE_CANONICAL_ABSENT,,0,,0,,UNKNOWN,,200,,never crawled,candidate only; compare with local internal links
https://funnytools.win/es/herramientas/rotar-voltear-imagen/,2026-09-13T08:26:56.082Z,https://search.google.com/search-console/inspect?resource_id=sc-domain:funnytools.win&id=RvfFdFoVTlcEN3Yu2qyUMA&utm_medium=link&utm_source=api,Unknown,no,unknown,unknown,NEUTRAL,Google no reconoce esta URL,ROBOTS_TXT_STATE_UNSPECIFIED,INDEXING_STATE_UNSPECIFIED,,PAGE_FETCH_STATE_UNSPECIFIED,,,GOOGLE_CANONICAL_ABSENT,,0,,0,,UNKNOWN,,200,,never crawled,candidate only; compare with local internal links
https://funnytools.win/es/herramientas/ruleta-aleatoria/,2026-09-13T08:26:59.279Z,https://search.google.com/search-console/inspect?resource_id=sc-domain:funnytools.win&id=EJCryfgDGN3Iq4LBTGvuuA&utm_medium=link&utm_source=api,Crawled Not Indexed,yes,yes,no,NEUTRAL,Rastreada: actualmente sin indexar,ALLOWED,INDEXING_ALLOWED,2026-08-05T07:01:53Z,SUCCESSFUL,https://funnytools.win/es/herramientas/ruleta-aleatoria/,https://funnytools.win/es/herramientas/ruleta-aleatoria/,SELF_MATCH,MOBILE,0,,2,https://funnytools.win/tools/random-wheel/; https://funnytools.win/en/tools/random-wheel/,UNKNOWN,,200,39,>30 days,no
https://funnytools.win/es/herramientas/selector-aleatorio-alumnos/,2026-09-13T08:27:01.701Z,https://search.google.com/search-console/inspect?resource_id=sc-domain:funnytools.win&id=7cCTDEbiLhFvmWaAlPWt-Q&utm_medium=link&utm_source=api,Unknown,no,unknown,unknown,NEUTRAL,Google no reconoce esta URL,ROBOTS_TXT_STATE_UNSPECIFIED,INDEXING_STATE_UNSPECIFIED,,PAGE_FETCH_STATE_UNSPECIFIED,,,GOOGLE_CANONICAL_ABSENT,,0,,0,,UNKNOWN,,200,,never crawled,candidate only; compare with local internal links
https://funnytools.win/es/herramientas/sorteo-nombres-aleatorio/,2026-09-13T08:27:03.024Z,https://search.google.com/search-console/inspect?resource_id=sc-domain:funnytools.win&id=SQLnl_f1faZtlCyVncw-IQ&utm_medium=link&utm_source=api,Crawled Not Indexed,yes,yes,no,NEUTRAL,Rastreada: actualmente sin indexar,ALLOWED,INDEXING_ALLOWED,2026-08-03T06:54:07Z,SUCCESSFUL,https://funnytools.win/es/herramientas/sorteo-nombres-aleatorio/,https://funnytools.win/es/herramientas/sorteo-nombres-aleatorio/,SELF_MATCH,MOBILE,0,,1,https://funnytools.win/en/tools/random-name-picker/,UNKNOWN,,200,41,>30 days,no
https://funnytools.win/es/herramientas/temporizador-online/,2026-09-13T08:27:06.240Z,https://search.google.com/search-console/inspect?resource_id=sc-domain:funnytools.win&id=JknjDn6-nA2nJL_ufgLrvw&utm_medium=link&utm_source=api,Unknown,no,unknown,unknown,NEUTRAL,Google no reconoce esta URL,ROBOTS_TXT_STATE_UNSPECIFIED,INDEXING_STATE_UNSPECIFIED,,PAGE_FETCH_STATE_UNSPECIFIED,,,GOOGLE_CANONICAL_ABSENT,,0,,0,,UNKNOWN,,200,,never crawled,candidate only; compare with local internal links
https://funnytools.win/es/herramientas/temporizador-pomodoro/,2026-09-13T08:27:08.890Z,https://search.google.com/search-console/inspect?resource_id=sc-domain:funnytools.win&id=g7WguUtSTZGAEUd2kfiAew&utm_medium=link&utm_source=api,Unknown,no,unknown,unknown,NEUTRAL,Google no reconoce esta URL,ROBOTS_TXT_STATE_UNSPECIFIED,INDEXING_STATE_UNSPECIFIED,,PAGE_FETCH_STATE_UNSPECIFIED,,,GOOGLE_CANONICAL_ABSENT,,0,,0,,UNKNOWN,,200,,never crawled,candidate only; compare with local internal links
https://funnytools.win/es/herramientas/tirar-dados-online/,2026-09-13T08:27:10.179Z,https://search.google.com/search-console/inspect?resource_id=sc-domain:funnytools.win&id=HN-KhQPgvi8us8X1q3M_gQ&utm_medium=link&utm_source=api,Crawled Not Indexed,yes,yes,no,NEUTRAL,Rastreada: actualmente sin indexar,ALLOWED,INDEXING_ALLOWED,2026-08-09T04:31:05Z,SUCCESSFUL,https://funnytools.win/es/herramientas/tirar-dados-online/,https://funnytools.win/es/herramientas/tirar-dados-online/,SELF_MATCH,MOBILE,0,,2,https://funnytools.win/tools/dice-roller/; https://funnytools.win/en/tools/dice-roller/,UNKNOWN,,200,35,>30 days,no
https://funnytools.win/es/herramientas/unir-pdf/,2026-09-13T08:27:13.256Z,https://search.google.com/search-console/inspect?resource_id=sc-domain:funnytools.win&id=vl_pGzjZZluBaniRLLWyCA&utm_medium=link&utm_source=api,Crawled Not Indexed,yes,yes,no,NEUTRAL,Rastreada: actualmente sin indexar,ALLOWED,INDEXING_ALLOWED,2026-08-22T03:31:46Z,SUCCESSFUL,https://funnytools.win/es/herramientas/unir-pdf/,https://funnytools.win/es/herramientas/unir-pdf/,SELF_MATCH,MOBILE,0,,1,https://funnytools.win/en/tools/merge-pdf/,UNKNOWN,,200,22,15–30 days,no
https://funnytools.win/es/para/,2026-09-13T08:27:16.450Z,https://search.google.com/search-console/inspect?resource_id=sc-domain:funnytools.win&id=sAEjT4uk8kHxU0OJfY3Q8A&utm_medium=link&utm_source=api,Crawled Not Indexed,yes,yes,no,NEUTRAL,Rastreada: actualmente sin indexar,ALLOWED,INDEXING_ALLOWED,2026-09-04T18:01:57Z,SUCCESSFUL,https://funnytools.win/es/para/,https://funnytools.win/es/para/,SELF_MATCH,MOBILE,0,,2,https://funnytools.win/for/; https://funnytools.win/en/for/,UNKNOWN,,200,8,7–14 days,no
https://funnytools.win/es/para/creadores/,2026-09-13T08:27:17.368Z,https://search.google.com/search-console/inspect?resource_id=sc-domain:funnytools.win&id=cG_SicYY7lYXHJGZOIyE5g&utm_medium=link&utm_source=api,Crawled Not Indexed,yes,yes,no,NEUTRAL,Rastreada: actualmente sin indexar,ALLOWED,INDEXING_ALLOWED,2026-08-19T17:57:39Z,SUCCESSFUL,https://funnytools.win/es/para/creadores/,https://funnytools.win/es/para/creadores/,SELF_MATCH,MOBILE,0,,1,https://funnytools.win/for/creators/,UNKNOWN,,200,24,15–30 days,no
https://funnytools.win/es/para/desarrolladores/,2026-09-13T08:27:20.214Z,https://search.google.com/search-console/inspect?resource_id=sc-domain:funnytools.win&id=9CZ2gll590Qdzf-Ae-SEDg&utm_medium=link&utm_source=api,Unknown,no,unknown,unknown,NEUTRAL,Google no reconoce esta URL,ROBOTS_TXT_STATE_UNSPECIFIED,INDEXING_STATE_UNSPECIFIED,,PAGE_FETCH_STATE_UNSPECIFIED,,,GOOGLE_CANONICAL_ABSENT,,0,,0,,UNKNOWN,,200,,never crawled,candidate only; compare with local internal links
https://funnytools.win/es/para/disenadores/,2026-09-13T08:27:23.597Z,https://search.google.com/search-console/inspect?resource_id=sc-domain:funnytools.win&id=Q1Jp8wAJ-diXy6XzSLVAjw&utm_medium=link&utm_source=api,Unknown,no,unknown,unknown,NEUTRAL,Google no reconoce esta URL,ROBOTS_TXT_STATE_UNSPECIFIED,INDEXING_STATE_UNSPECIFIED,,PAGE_FETCH_STATE_UNSPECIFIED,,,GOOGLE_CANONICAL_ABSENT,,0,,0,,UNKNOWN,,200,,never crawled,candidate only; compare with local internal links
https://funnytools.win/es/para/docentes/,2026-09-13T08:27:24.498Z,https://search.google.com/search-console/inspect?resource_id=sc-domain:funnytools.win&id=CxpzO9vLIVAu-DQxlH3Thw&utm_medium=link&utm_source=api,Crawled Not Indexed,yes,yes,no,NEUTRAL,Rastreada: actualmente sin indexar,ALLOWED,INDEXING_ALLOWED,2026-08-10T02:17:38Z,SUCCESSFUL,https://funnytools.win/es/para/docentes/,https://funnytools.win/es/para/docentes/,SELF_MATCH,MOBILE,0,,1,https://funnytools.win/for/teachers/,UNKNOWN,,200,34,>30 days,no
https://funnytools.win/es/para/estudiantes/,2026-09-13T08:27:27.604Z,https://search.google.com/search-console/inspect?resource_id=sc-domain:funnytools.win&id=LdeNhZN5vBaMd6xWcpBs4A&utm_medium=link&utm_source=api,Unknown,no,unknown,unknown,NEUTRAL,Google no reconoce esta URL,ROBOTS_TXT_STATE_UNSPECIFIED,INDEXING_STATE_UNSPECIFIED,,PAGE_FETCH_STATE_UNSPECIFIED,,,GOOGLE_CANONICAL_ABSENT,,0,,0,,UNKNOWN,,200,,never crawled,candidate only; compare with local internal links
https://funnytools.win/es/para/oficina/,2026-09-13T08:27:30.708Z,https://search.google.com/search-console/inspect?resource_id=sc-domain:funnytools.win&id=SNmpFLCv3U0UjjzzDjmMsA&utm_medium=link&utm_source=api,Crawled Not Indexed,yes,yes,no,NEUTRAL,Rastreada: actualmente sin indexar,ALLOWED,INDEXING_ALLOWED,2026-08-20T19:00:42Z,SUCCESSFUL,https://funnytools.win/es/para/oficina/,https://funnytools.win/es/para/oficina/,SELF_MATCH,MOBILE,0,,2,https://funnytools.win/en/for/office-workers/; https://funnytools.win/for/office-workers/,UNKNOWN,,200,23,15–30 days,no
https://funnytools.win/es/privacidad/,2026-09-13T08:27:31.924Z,https://search.google.com/search-console/inspect?resource_id=sc-domain:funnytools.win&id=cc6_XtHfg0ZkP3Ev04f6CA&utm_medium=link&utm_source=api,Crawled Not Indexed,yes,yes,no,NEUTRAL,Rastreada: actualmente sin indexar,ALLOWED,INDEXING_ALLOWED,2026-07-30T19:35:19Z,SUCCESSFUL,https://funnytools.win/es/privacidad/,https://funnytools.win/es/privacidad/,SELF_MATCH,MOBILE,0,,1,https://funnytools.win/en/privacy/,UNKNOWN,,200,44,>30 days,no
https://funnytools.win/es/sobre-funnytools/,2026-09-13T08:27:34.758Z,https://search.google.com/search-console/inspect?resource_id=sc-domain:funnytools.win&id=l0jiz8mfTk9G49lDCH9Gmg&utm_medium=link&utm_source=api,Crawled Not Indexed,yes,yes,no,NEUTRAL,Rastreada: actualmente sin indexar,ALLOWED,INDEXING_ALLOWED,2026-08-16T12:50:27Z,SUCCESSFUL,https://funnytools.win/es/sobre-funnytools/,https://funnytools.win/es/sobre-funnytools/,SELF_MATCH,MOBILE,0,,1,https://funnytools.win/en/about/,UNKNOWN,,200,27,15–30 days,no
https://funnytools.win/es/tienda/,2026-09-13T08:27:37.845Z,https://search.google.com/search-console/inspect?resource_id=sc-domain:funnytools.win&id=LsItyEfqvIrsRZuIDDoclQ&utm_medium=link&utm_source=api,Unknown,no,unknown,unknown,NEUTRAL,Google no reconoce esta URL,ROBOTS_TXT_STATE_UNSPECIFIED,INDEXING_STATE_UNSPECIFIED,,PAGE_FETCH_STATE_UNSPECIFIED,,,GOOGLE_CANONICAL_ABSENT,,0,,0,,UNKNOWN,,200,,never crawled,candidate only; compare with local internal links
https://funnytools.win/find-tools/,2026-09-13T08:27:38.927Z,https://search.google.com/search-console/inspect?resource_id=sc-domain:funnytools.win&id=7au2XBfRu2Wpbr0GFWfglA&utm_medium=link&utm_source=api,Unknown,no,unknown,unknown,NEUTRAL,Google 無法辨識的網址,ROBOTS_TXT_STATE_UNSPECIFIED,INDEXING_STATE_UNSPECIFIED,,PAGE_FETCH_STATE_UNSPECIFIED,,,GOOGLE_CANONICAL_ABSENT,,0,,0,,UNKNOWN,,200,,never crawled,candidate only; compare with local internal links
https://funnytools.win/for/,2026-09-13T08:27:41.684Z,https://search.google.com/search-console/inspect?resource_id=sc-domain:funnytools.win&id=jHW3osqp9yqB8lOaY_Iy9g&utm_medium=link&utm_source=api,Crawled Not Indexed,yes,yes,no,NEUTRAL,已檢索 - 目前尚未建立索引,ALLOWED,INDEXING_ALLOWED,2026-08-08T20:06:58Z,SUCCESSFUL,https://funnytools.win/for/,https://funnytools.win/for/,SELF_MATCH,MOBILE,0,,2,https://funnytools.win/; https://funnytools.win/tools/delete-pdf-pages/,UNKNOWN,,200,35,>30 days,no
https://funnytools.win/for/creators/,2026-09-13T08:27:45.003Z,https://search.google.com/search-console/inspect?resource_id=sc-domain:funnytools.win&id=S49VIv7dzdKn8ncQ_JWQAA&utm_medium=link&utm_source=api,Crawled Not Indexed,yes,yes,no,NEUTRAL,已檢索 - 目前尚未建立索引,ALLOWED,INDEXING_ALLOWED,2026-08-21T16:28:19Z,SUCCESSFUL,https://funnytools.win/for/creators/,https://funnytools.win/for/creators/,SELF_MATCH,MOBILE,0,,1,https://funnytools.win/,UNKNOWN,,200,22,15–30 days,no
https://funnytools.win/for/designers/,2026-09-13T08:27:46.267Z,https://search.google.com/search-console/inspect?resource_id=sc-domain:funnytools.win&id=UX1mOMzfxw2yfNGaOqFfMg&utm_medium=link&utm_source=api,Crawled Not Indexed,yes,yes,no,NEUTRAL,已檢索 - 目前尚未建立索引,ALLOWED,INDEXING_ALLOWED,2026-08-10T17:51:59Z,SUCCESSFUL,https://funnytools.win/for/designers/,https://funnytools.win/for/designers/,SELF_MATCH,MOBILE,0,,1,https://funnytools.win/,UNKNOWN,,200,33,>30 days,no
https://funnytools.win/for/developers/,2026-09-13T08:27:48.788Z,https://search.google.com/search-console/inspect?resource_id=sc-domain:funnytools.win&id=TSwHV0Q66u9C2HUwr3CWhg&utm_medium=link&utm_source=api,Crawled Not Indexed,yes,yes,no,NEUTRAL,已檢索 - 目前尚未建立索引,ALLOWED,INDEXING_ALLOWED,2026-08-10T05:45:23Z,SUCCESSFUL,https://funnytools.win/for/developers/,https://funnytools.win/for/developers/,SELF_MATCH,MOBILE,0,,1,https://funnytools.win/,UNKNOWN,,200,34,>30 days,no
https://funnytools.win/for/office-workers/,2026-09-13T08:27:51.944Z,https://search.google.com/search-console/inspect?resource_id=sc-domain:funnytools.win&id=jUVT-1Nt2iPLICP5V0K9SA&utm_medium=link&utm_source=api,Crawled Not Indexed,yes,yes,no,NEUTRAL,已檢索 - 目前尚未建立索引,ALLOWED,INDEXING_ALLOWED,2026-08-08T15:56:58Z,SUCCESSFUL,https://funnytools.win/for/office-workers/,https://funnytools.win/for/office-workers/,SELF_MATCH,MOBILE,0,,1,https://funnytools.win/,UNKNOWN,,200,35,>30 days,no
https://funnytools.win/for/students/,2026-09-13T08:27:53.241Z,https://search.google.com/search-console/inspect?resource_id=sc-domain:funnytools.win&id=BNo9YjBaSXJBEFv9UOk92w&utm_medium=link&utm_source=api,Crawled Not Indexed,yes,yes,no,NEUTRAL,已檢索 - 目前尚未建立索引,ALLOWED,INDEXING_ALLOWED,2026-08-23T15:32:47Z,SUCCESSFUL,https://funnytools.win/for/students/,https://funnytools.win/for/students/,SELF_MATCH,MOBILE,0,,2,http://funnytools.win/for/students/; https://funnytools.win/,UNKNOWN,,200,20,15–30 days,no
https://funnytools.win/for/teachers/,2026-09-13T08:27:55.752Z,https://search.google.com/search-console/inspect?resource_id=sc-domain:funnytools.win&id=wJtKrk3NqTRyUnIUXH86vg&utm_medium=link&utm_source=api,Crawled Not Indexed,yes,yes,no,NEUTRAL,已檢索 - 目前尚未建立索引,ALLOWED,INDEXING_ALLOWED,2026-09-11T17:45:03Z,SUCCESSFUL,https://funnytools.win/for/teachers/,https://funnytools.win/for/teachers/,SELF_MATCH,MOBILE,0,,2,http://funnytools.win/for/teachers/; https://funnytools.win/,UNKNOWN,,200,1,<7 days,no
https://funnytools.win/fr/,2026-09-13T08:27:59.099Z,https://search.google.com/search-console/inspect?resource_id=sc-domain:funnytools.win&id=SCwdIkRsvEWm5S45EjqXQw&utm_medium=link&utm_source=api,Indexed,yes,yes,yes,PASS,Envoyée et indexée,ALLOWED,INDEXING_ALLOWED,2026-09-11T21:30:02Z,SUCCESSFUL,https://funnytools.win/fr/,https://funnytools.win/fr/,SELF_MATCH,MOBILE,0,,1,https://funnytools.win/,UNKNOWN,,200,1,<7 days,no
https://funnytools.win/fr/confidentialite/,2026-09-13T08:28:00.209Z,https://search.google.com/search-console/inspect?resource_id=sc-domain:funnytools.win&id=iqXfWeM-HdvbcNxaecWKsw&utm_medium=link&utm_source=api,Crawled Not Indexed,yes,yes,no,NEUTRAL,"Explorée, actuellement non indexée",ALLOWED,INDEXING_ALLOWED,2026-08-02T06:32:21Z,SUCCESSFUL,https://funnytools.win/fr/confidentialite/,https://funnytools.win/fr/confidentialite/,SELF_MATCH,MOBILE,0,,2,https://funnytools.win/privacy/; https://funnytools.win/en/privacy/,UNKNOWN,,200,42,>30 days,no
https://funnytools.win/fr/fonctionnement-outils/,2026-09-13T08:28:02.692Z,https://search.google.com/search-console/inspect?resource_id=sc-domain:funnytools.win&id=xh12wASjt0f4cE7RVegAUQ&utm_medium=link&utm_source=api,Crawled Not Indexed,yes,yes,no,NEUTRAL,"Explorée, actuellement non indexée",ALLOWED,INDEXING_ALLOWED,2026-08-05T07:26:52Z,SUCCESSFUL,https://funnytools.win/fr/fonctionnement-outils/,https://funnytools.win/fr/fonctionnement-outils/,SELF_MATCH,MOBILE,0,,2,https://funnytools.win/en/about-tools/; https://funnytools.win/about-tools/,UNKNOWN,,200,39,>30 days,no
https://funnytools.win/fr/outils/,2026-09-13T08:28:06.047Z,https://search.google.com/search-console/inspect?resource_id=sc-domain:funnytools.win&id=iZSUdTyvKdY06S7Bqb9iZQ&utm_medium=link&utm_source=api,Unknown,no,unknown,unknown,NEUTRAL,Google ne reconnaît pas cette URL,ROBOTS_TXT_STATE_UNSPECIFIED,INDEXING_STATE_UNSPECIFIED,,PAGE_FETCH_STATE_UNSPECIFIED,,,GOOGLE_CANONICAL_ABSENT,,0,,0,,UNKNOWN,,200,,never crawled,candidate only; compare with local internal links
https://funnytools.win/fr/outils/calcul-moyenne-notes/,2026-09-13T08:28:07.349Z,https://search.google.com/search-console/inspect?resource_id=sc-domain:funnytools.win&id=e9BoIlOqZy7Q3TXXLoPZJQ&utm_medium=link&utm_source=api,Crawled Not Indexed,yes,yes,no,NEUTRAL,"Explorée, actuellement non indexée",ALLOWED,INDEXING_ALLOWED,2026-08-08T07:10:58Z,SUCCESSFUL,https://funnytools.win/fr/outils/calcul-moyenne-notes/,https://funnytools.win/fr/outils/calcul-moyenne-notes/,SELF_MATCH,MOBILE,0,,2,https://funnytools.win/es/herramientas/calculadora-promedio-notas/; https://funnytools.win/tools/grade-average/,UNKNOWN,,200,36,>30 days,no
https://funnytools.win/fr/outils/calculateur-age/,2026-09-13T08:28:09.887Z,https://search.google.com/search-console/inspect?resource_id=sc-domain:funnytools.win&id=MIH974KwIW4vwuDyy_gLYg&utm_medium=link&utm_source=api,Unknown,no,unknown,unknown,NEUTRAL,Google ne reconnaît pas cette URL,ROBOTS_TXT_STATE_UNSPECIFIED,INDEXING_STATE_UNSPECIFIED,,PAGE_FETCH_STATE_UNSPECIFIED,,,GOOGLE_CANONICAL_ABSENT,,0,,0,,UNKNOWN,,200,,never crawled,candidate only; compare with local internal links
https://funnytools.win/fr/outils/calculateur-ecart-type/,2026-09-13T08:28:13.069Z,https://search.google.com/search-console/inspect?resource_id=sc-domain:funnytools.win&id=tBn8CVH07t3m5J5E-S5PXg&utm_medium=link&utm_source=api,Crawled Not Indexed,yes,yes,no,NEUTRAL,"Explorée, actuellement non indexée",ALLOWED,INDEXING_ALLOWED,2026-08-06T02:39:08Z,SUCCESSFUL,https://funnytools.win/fr/outils/calculateur-ecart-type/,https://funnytools.win/fr/outils/calculateur-ecart-type/,SELF_MATCH,MOBILE,0,,1,https://funnytools.win/tools/standard-deviation/,UNKNOWN,,200,38,>30 days,no
https://funnytools.win/fr/outils/calculateur-heures-supplementaires/,2026-09-13T08:28:14.470Z,https://search.google.com/search-console/inspect?resource_id=sc-domain:funnytools.win&id=1rfZ7pPhaYZO-BMj6d7LnQ&utm_medium=link&utm_source=api,Unknown,no,unknown,unknown,NEUTRAL,Google ne reconnaît pas cette URL,ROBOTS_TXT_STATE_UNSPECIFIED,INDEXING_STATE_UNSPECIFIED,,PAGE_FETCH_STATE_UNSPECIFIED,,,GOOGLE_CANONICAL_ABSENT,,0,,0,,UNKNOWN,,200,,never crawled,candidate only; compare with local internal links
https://funnytools.win/fr/outils/calculateur-inflation-pouvoir-achat/,2026-09-13T08:28:16.820Z,https://search.google.com/search-console/inspect?resource_id=sc-domain:funnytools.win&id=6hX3hcTtxglT_RmitkEKUA&utm_medium=link&utm_source=api,Crawled Not Indexed,yes,yes,no,NEUTRAL,"Explorée, actuellement non indexée",ALLOWED,INDEXING_ALLOWED,2026-08-21T15:13:18Z,SUCCESSFUL,https://funnytools.win/fr/outils/calculateur-inflation-pouvoir-achat/,https://funnytools.win/fr/outils/calculateur-inflation-pouvoir-achat/,SELF_MATCH,MOBILE,0,,2,https://funnytools.win/en/tools/inflation/; https://funnytools.win/tools/inflation/,UNKNOWN,,200,22,15–30 days,no
https://funnytools.win/fr/outils/calculateur-interets-composes/,2026-09-13T08:28:20.435Z,https://search.google.com/search-console/inspect?resource_id=sc-domain:funnytools.win&id=j40FG03ovxVwc0XSY8S3qw&utm_medium=link&utm_source=api,Crawled Not Indexed,yes,yes,no,NEUTRAL,"Explorée, actuellement non indexée",ALLOWED,INDEXING_ALLOWED,2026-08-15T01:40:54Z,SUCCESSFUL,https://funnytools.win/fr/outils/calculateur-interets-composes/,https://funnytools.win/fr/outils/calculateur-interets-composes/,SELF_MATCH,MOBILE,0,,2,https://funnytools.win/tools/compound-interest/; https://funnytools.win/en/tools/compound-interest/,UNKNOWN,,200,29,15–30 days,no
https://funnytools.win/fr/outils/calculateur-jours-ouvres/,2026-09-13T08:28:21.444Z,https://search.google.com/search-console/inspect?resource_id=sc-domain:funnytools.win&id=YLLLiyjTdyj9CrPN81t0xQ&utm_medium=link&utm_source=api,Crawled Not Indexed,yes,yes,no,NEUTRAL,"Explorée, actuellement non indexée",ALLOWED,INDEXING_ALLOWED,2026-08-01T05:08:42Z,SUCCESSFUL,https://funnytools.win/fr/outils/calculateur-jours-ouvres/,https://funnytools.win/fr/outils/calculateur-jours-ouvres/,SELF_MATCH,MOBILE,0,,2,https://funnytools.win/es/herramientas/calculadora-dias-laborables/; https://funnytools.win/en/tools/business-days/,UNKNOWN,,200,43,>30 days,no
https://funnytools.win/fr/outils/calculateur-mensualite-pret-immobilier/,2026-09-13T08:28:23.961Z,https://search.google.com/search-console/inspect?resource_id=sc-domain:funnytools.win&id=3bCo0V82zNqs9v2TJ-g6Lg&utm_medium=link&utm_source=api,Crawled Not Indexed,yes,yes,no,NEUTRAL,"Explorée, actuellement non indexée",ALLOWED,INDEXING_ALLOWED,2026-08-19T17:04:43Z,SUCCESSFUL,https://funnytools.win/fr/outils/calculateur-mensualite-pret-immobilier/,https://funnytools.win/fr/outils/calculateur-mensualite-pret-immobilier/,SELF_MATCH,MOBILE,0,,1,https://funnytools.win/tools/mortgage-payment/,UNKNOWN,,200,24,15–30 days,no
https://funnytools.win/fr/outils/calculateur-moyenne-ponderee/,2026-09-13T08:28:27.532Z,https://search.google.com/search-console/inspect?resource_id=sc-domain:funnytools.win&id=LD-tDo7843koRPIVIQ8Nvg&utm_medium=link&utm_source=api,Crawled Not Indexed,yes,yes,no,NEUTRAL,"Explorée, actuellement non indexée",ALLOWED,INDEXING_ALLOWED,2026-08-24T06:24:53Z,SUCCESSFUL,https://funnytools.win/fr/outils/calculateur-moyenne-ponderee/,https://funnytools.win/fr/outils/calculateur-moyenne-ponderee/,SELF_MATCH,MOBILE,0,,2,https://funnytools.win/tools/weighted-average-calculator/; https://funnytools.win/en/tools/weighted-average-calculator/,UNKNOWN,,200,20,15–30 days,no
https://funnytools.win/fr/outils/calculateur-objectif-epargne/,2026-09-13T08:28:28.734Z,https://search.google.com/search-console/inspect?resource_id=sc-domain:funnytools.win&id=6smwzkn26yiWrQhqTqP8-w&utm_medium=link&utm_source=api,Unknown,no,unknown,unknown,NEUTRAL,Google ne reconnaît pas cette URL,ROBOTS_TXT_STATE_UNSPECIFIED,INDEXING_STATE_UNSPECIFIED,,PAGE_FETCH_STATE_UNSPECIFIED,,,GOOGLE_CANONICAL_ABSENT,,0,,0,,UNKNOWN,,200,,never crawled,candidate only; compare with local internal links
https://funnytools.win/fr/outils/calculateur-pourcentage/,2026-09-13T08:28:36.858Z,https://search.google.com/search-console/inspect?resource_id=sc-domain:funnytools.win&id=2Gg9R_bYuo3G4JvMWAU9CQ&utm_medium=link&utm_source=api,Crawled Not Indexed,yes,yes,no,NEUTRAL,"Explorée, actuellement non indexée",ALLOWED,INDEXING_ALLOWED,2026-08-05T19:29:21Z,SUCCESSFUL,https://funnytools.win/fr/outils/calculateur-pourcentage/,https://funnytools.win/fr/outils/calculateur-pourcentage/,SELF_MATCH,MOBILE,0,,2,https://funnytools.win/es/herramientas/calculadora-porcentajes/; https://funnytools.win/en/tools/percentage-calculator/,UNKNOWN,,200,38,>30 days,no
https://funnytools.win/fr/outils/calculateur-rang-percentile/,2026-09-13T08:28:34.974Z,https://search.google.com/search-console/inspect?resource_id=sc-domain:funnytools.win&id=iSwOhTg_RJtx7y7yuhWAgw&utm_medium=link&utm_source=api,Unknown,no,unknown,unknown,NEUTRAL,Google ne reconnaît pas cette URL,ROBOTS_TXT_STATE_UNSPECIFIED,INDEXING_STATE_UNSPECIFIED,,PAGE_FETCH_STATE_UNSPECIFIED,,,GOOGLE_CANONICAL_ABSENT,,0,,0,,UNKNOWN,,200,,never crawled,candidate only; compare with local internal links
https://funnytools.win/fr/outils/calculateur-salaire-net/,2026-09-13T08:28:35.651Z,https://search.google.com/search-console/inspect?resource_id=sc-domain:funnytools.win&id=ijJeBaIa4JnCNTdkrNHJcA&utm_medium=link&utm_source=api,Unknown,no,unknown,unknown,NEUTRAL,Google ne reconnaît pas cette URL,ROBOTS_TXT_STATE_UNSPECIFIED,INDEXING_STATE_UNSPECIFIED,,PAGE_FETCH_STATE_UNSPECIFIED,,,GOOGLE_CANONICAL_ABSENT,,0,,0,,UNKNOWN,,200,,never crawled,candidate only; compare with local internal links
https://funnytools.win/fr/outils/calculateur-score-t/,2026-09-13T08:28:41.909Z,https://search.google.com/search-console/inspect?resource_id=sc-domain:funnytools.win&id=O6TF6SKSWT5ZB2RbTxjL7Q&utm_medium=link&utm_source=api,Crawled Not Indexed,yes,yes,no,NEUTRAL,"Explorée, actuellement non indexée",ALLOWED,INDEXING_ALLOWED,2026-09-04T13:48:14Z,SUCCESSFUL,https://funnytools.win/fr/outils/calculateur-score-t/,https://funnytools.win/fr/outils/calculateur-score-t/,SELF_MATCH,MOBILE,0,,1,https://funnytools.win/tools/t-score-calculator/,UNKNOWN,,200,8,7–14 days,no
https://funnytools.win/fr/outils/calculateur-score-z/,2026-09-13T08:28:42.594Z,https://search.google.com/search-console/inspect?resource_id=sc-domain:funnytools.win&id=EF0SpYGemeLykQY-SeHTqA&utm_medium=link&utm_source=api,Unknown,no,unknown,unknown,NEUTRAL,Google ne reconnaît pas cette URL,ROBOTS_TXT_STATE_UNSPECIFIED,INDEXING_STATE_UNSPECIFIED,,PAGE_FETCH_STATE_UNSPECIFIED,,,GOOGLE_CANONICAL_ABSENT,,0,,0,,UNKNOWN,,200,,never crawled,candidate only; compare with local internal links
https://funnytools.win/fr/outils/calculer-difference-entre-dates/,2026-09-13T08:28:43.749Z,https://search.google.com/search-console/inspect?resource_id=sc-domain:funnytools.win&id=8B24UEvLdPoEwY8sIJCi8Q&utm_medium=link&utm_source=api,Crawled Not Indexed,yes,yes,no,NEUTRAL,"Explorée, actuellement non indexée",ALLOWED,INDEXING_ALLOWED,2026-08-19T16:16:16Z,SUCCESSFUL,https://funnytools.win/fr/outils/calculer-difference-entre-dates/,https://funnytools.win/fr/outils/calculer-difference-entre-dates/,SELF_MATCH,MOBILE,0,,2,https://funnytools.win/es/herramientas/calcular-diferencia-entre-fechas/; https://funnytools.win/en/tools/date-difference/,UNKNOWN,,200,24,15–30 days,no
https://funnytools.win/fr/outils/cao-2d-en-ligne/,2026-09-13T08:28:49.097Z,https://search.google.com/search-console/inspect?resource_id=sc-domain:funnytools.win&id=UPE7kkSLe754zYbD1mKfRA&utm_medium=link&utm_source=api,Unknown,no,unknown,unknown,NEUTRAL,Google ne reconnaît pas cette URL,ROBOTS_TXT_STATE_UNSPECIFIED,INDEXING_STATE_UNSPECIFIED,,PAGE_FETCH_STATE_UNSPECIFIED,,,GOOGLE_CANONICAL_ABSENT,,0,,0,,UNKNOWN,,200,,never crawled,candidate only; compare with local internal links
https://funnytools.win/fr/outils/choisir-entre-deux-options/,2026-09-13T08:28:49.738Z,https://search.google.com/search-console/inspect?resource_id=sc-domain:funnytools.win&id=cSfSBKfQJHiJUiCLkGQiLQ&utm_medium=link&utm_source=api,Crawled Not Indexed,yes,yes,no,NEUTRAL,"Explorée, actuellement non indexée",ALLOWED,INDEXING_ALLOWED,2026-08-11T04:57:47Z,SUCCESSFUL,https://funnytools.win/fr/outils/choisir-entre-deux-options/,https://funnytools.win/fr/outils/choisir-entre-deux-options/,SELF_MATCH,MOBILE,0,,2,https://funnytools.win/en/tools/this-or-that/; https://funnytools.win/tools/this-or-that/,UNKNOWN,,200,33,>30 days,no
https://funnytools.win/fr/outils/chronometre-en-ligne/,2026-09-13T08:28:50.744Z,https://search.google.com/search-console/inspect?resource_id=sc-domain:funnytools.win&id=vor-EVI1eeYZpc88WzBPSg&utm_medium=link&utm_source=api,Unknown,no,unknown,unknown,NEUTRAL,Google ne reconnaît pas cette URL,ROBOTS_TXT_STATE_UNSPECIFIED,INDEXING_STATE_UNSPECIFIED,,PAGE_FETCH_STATE_UNSPECIFIED,,,GOOGLE_CANONICAL_ABSENT,,0,,0,,UNKNOWN,,200,,never crawled,candidate only; compare with local internal links
https://funnytools.win/fr/outils/compresser-image/,2026-09-13T08:28:56.111Z,https://search.google.com/search-console/inspect?resource_id=sc-domain:funnytools.win&id=39r3284WOTwkOqawaLBekQ&utm_medium=link&utm_source=api,Unknown,no,unknown,unknown,NEUTRAL,Google ne reconnaît pas cette URL,ROBOTS_TXT_STATE_UNSPECIFIED,INDEXING_STATE_UNSPECIFIED,,PAGE_FETCH_STATE_UNSPECIFIED,,,GOOGLE_CANONICAL_ABSENT,,0,,0,,UNKNOWN,,200,,never crawled,candidate only; compare with local internal links
https://funnytools.win/fr/outils/compresser-pdf/,2026-09-13T08:28:56.987Z,https://search.google.com/search-console/inspect?resource_id=sc-domain:funnytools.win&id=eJcrQLHv7QRTI1rNDsjpTg&utm_medium=link&utm_source=api,Unknown,no,unknown,unknown,NEUTRAL,Google ne reconnaît pas cette URL,ROBOTS_TXT_STATE_UNSPECIFIED,INDEXING_STATE_UNSPECIFIED,,PAGE_FETCH_STATE_UNSPECIFIED,,,GOOGLE_CANONICAL_ABSENT,,0,,0,,UNKNOWN,,200,,never crawled,candidate only; compare with local internal links
https://funnytools.win/fr/outils/compteur-caracteres/,2026-09-13T08:28:57.921Z,https://search.google.com/search-console/inspect?resource_id=sc-domain:funnytools.win&id=XNbsbwt6-gzzUmGmvhIKBg&utm_medium=link&utm_source=api,Unknown,no,unknown,unknown,NEUTRAL,Google ne reconnaît pas cette URL,ROBOTS_TXT_STATE_UNSPECIFIED,INDEXING_STATE_UNSPECIFIED,,PAGE_FETCH_STATE_UNSPECIFIED,,,GOOGLE_CANONICAL_ABSENT,,0,,0,,UNKNOWN,,200,,never crawled,candidate only; compare with local internal links
https://funnytools.win/fr/outils/compteur-mots/,2026-09-13T08:29:06.418Z,https://search.google.com/search-console/inspect?resource_id=sc-domain:funnytools.win&id=ZrrEqdaJo-ram1Ra14OARQ&utm_medium=link&utm_source=api,Unknown,no,unknown,unknown,NEUTRAL,Google ne reconnaît pas cette URL,ROBOTS_TXT_STATE_UNSPECIFIED,INDEXING_STATE_UNSPECIFIED,,PAGE_FETCH_STATE_UNSPECIFIED,,,GOOGLE_CANONICAL_ABSENT,,0,,0,,UNKNOWN,,200,,never crawled,candidate only; compare with local internal links
https://funnytools.win/fr/outils/convertir-csv-en-json/,2026-09-13T08:29:04.169Z,https://search.google.com/search-console/inspect?resource_id=sc-domain:funnytools.win&id=tpdK0KvbFqcZJ0iiiE3INQ&utm_medium=link&utm_source=api,Crawled Not Indexed,yes,yes,no,NEUTRAL,"Explorée, actuellement non indexée",ALLOWED,INDEXING_ALLOWED,2026-08-19T06:54:04Z,SUCCESSFUL,https://funnytools.win/fr/outils/convertir-csv-en-json/,https://funnytools.win/fr/outils/convertir-csv-en-json/,SELF_MATCH,MOBILE,0,,2,https://funnytools.win/tools/csv-to-json/; https://funnytools.win/en/tools/csv-to-json/,UNKNOWN,,200,25,15–30 days,no
https://funnytools.win/fr/outils/convertir-image-en-base64/,2026-09-13T08:29:04.873Z,https://search.google.com/search-console/inspect?resource_id=sc-domain:funnytools.win&id=c91lS9EZky4ajLwFM_2V4w&utm_medium=link&utm_source=api,Unknown,no,unknown,unknown,NEUTRAL,Google ne reconnaît pas cette URL,ROBOTS_TXT_STATE_UNSPECIFIED,INDEXING_STATE_UNSPECIFIED,,PAGE_FETCH_STATE_UNSPECIFIED,,,GOOGLE_CANONICAL_ABSENT,,0,,0,,UNKNOWN,,200,,never crawled,candidate only; compare with local internal links
https://funnytools.win/fr/outils/convertir-images-en-pdf/,2026-09-13T08:29:11.479Z,https://search.google.com/search-console/inspect?resource_id=sc-domain:funnytools.win&id=OtVFAZu1h5RPJwFsmIGBvw&utm_medium=link&utm_source=api,Crawled Not Indexed,yes,yes,no,NEUTRAL,"Explorée, actuellement non indexée",ALLOWED,INDEXING_ALLOWED,2026-08-24T15:07:42Z,SUCCESSFUL,https://funnytools.win/fr/outils/convertir-images-en-pdf/,https://funnytools.win/fr/outils/convertir-images-en-pdf/,SELF_MATCH,MOBILE,0,,1,https://funnytools.win/tools/images-to-pdf/,UNKNOWN,,200,19,15–30 days,no
https://funnytools.win/fr/outils/convertir-jpg-en-png/,2026-09-13T08:29:12.034Z,https://search.google.com/search-console/inspect?resource_id=sc-domain:funnytools.win&id=HdHUSyi7XSbUMIUQmgB8UQ&utm_medium=link&utm_source=api,Crawled Not Indexed,yes,yes,no,NEUTRAL,"Explorée, actuellement non indexée",ALLOWED,INDEXING_ALLOWED,2026-08-04T14:27:37Z,SUCCESSFUL,https://funnytools.win/fr/outils/convertir-jpg-en-png/,https://funnytools.win/fr/outils/convertir-jpg-en-png/,SELF_MATCH,MOBILE,0,,2,https://funnytools.win/es/herramientas/convertir-jpg-a-png/; https://funnytools.win/tools/jpg-to-png/,UNKNOWN,,200,39,>30 days,no
https://funnytools.win/fr/outils/convertir-jpg-en-webp/,2026-09-13T08:29:13.602Z,https://search.google.com/search-console/inspect?resource_id=sc-domain:funnytools.win&id=aSq_ZWRQzszulrlNI-O6gA&utm_medium=link&utm_source=api,Crawled Not Indexed,yes,yes,no,NEUTRAL,"Explorée, actuellement non indexée",ALLOWED,INDEXING_ALLOWED,2026-08-19T17:40:00Z,SUCCESSFUL,https://funnytools.win/fr/outils/convertir-jpg-en-webp/,https://funnytools.win/fr/outils/convertir-jpg-en-webp/,SELF_MATCH,MOBILE,0,,2,https://funnytools.win/en/tools/jpg-to-webp/; https://funnytools.win/tools/jpg-to-webp/,UNKNOWN,,200,24,15–30 days,no
https://funnytools.win/fr/outils/convertir-json-en-csv/,2026-09-13T08:29:18.745Z,https://search.google.com/search-console/inspect?resource_id=sc-domain:funnytools.win&id=UxKZbLnzNo1Ckgc-e84OHg&utm_medium=link&utm_source=api,Unknown,no,unknown,unknown,NEUTRAL,Google ne reconnaît pas cette URL,ROBOTS_TXT_STATE_UNSPECIFIED,INDEXING_STATE_UNSPECIFIED,,PAGE_FETCH_STATE_UNSPECIFIED,,,GOOGLE_CANONICAL_ABSENT,,0,,0,,UNKNOWN,,200,,never crawled,candidate only; compare with local internal links
https://funnytools.win/fr/outils/convertir-majuscules-minuscules/,2026-09-13T08:29:19.255Z,https://search.google.com/search-console/inspect?resource_id=sc-domain:funnytools.win&id=5d4pguYNRJrqpP04xczf9A&utm_medium=link&utm_source=api,Crawled Not Indexed,yes,yes,no,NEUTRAL,"Explorée, actuellement non indexée",ALLOWED,INDEXING_ALLOWED,2026-08-25T12:23:19Z,SUCCESSFUL,https://funnytools.win/fr/outils/convertir-majuscules-minuscules/,https://funnytools.win/fr/outils/convertir-majuscules-minuscules/,SELF_MATCH,MOBILE,0,,2,https://funnytools.win/tools/case-converter/; https://funnytools.win/en/tools/case-converter/,UNKNOWN,,200,18,15–30 days,no
https://funnytools.win/fr/outils/convertir-pdf-en-image/,2026-09-13T08:29:20.563Z,https://search.google.com/search-console/inspect?resource_id=sc-domain:funnytools.win&id=YK3WXQKf63PmDUVGy9MBrw&utm_medium=link&utm_source=api,Unknown,no,unknown,unknown,NEUTRAL,Google ne reconnaît pas cette URL,ROBOTS_TXT_STATE_UNSPECIFIED,INDEXING_STATE_UNSPECIFIED,,PAGE_FETCH_STATE_UNSPECIFIED,,,GOOGLE_CANONICAL_ABSENT,,0,,0,,UNKNOWN,,200,,never crawled,candidate only; compare with local internal links
https://funnytools.win/fr/outils/convertir-png-en-jpg/,2026-09-13T08:29:25.773Z,https://search.google.com/search-console/inspect?resource_id=sc-domain:funnytools.win&id=LmwXvRV-6DdrqSvCrrcMEA&utm_medium=link&utm_source=api,Unknown,no,unknown,unknown,NEUTRAL,Google ne reconnaît pas cette URL,ROBOTS_TXT_STATE_UNSPECIFIED,INDEXING_STATE_UNSPECIFIED,,PAGE_FETCH_STATE_UNSPECIFIED,,,GOOGLE_CANONICAL_ABSENT,,0,,0,,UNKNOWN,,200,,never crawled,candidate only; compare with local internal links
https://funnytools.win/fr/outils/convertir-timestamp-unix/,2026-09-13T08:29:26.376Z,https://search.google.com/search-console/inspect?resource_id=sc-domain:funnytools.win&id=6sjLyKPs5OI3Y2veCFtc7Q&utm_medium=link&utm_source=api,Crawled Not Indexed,yes,yes,no,NEUTRAL,"Explorée, actuellement non indexée",ALLOWED,INDEXING_ALLOWED,2026-08-21T16:45:24Z,SUCCESSFUL,https://funnytools.win/fr/outils/convertir-timestamp-unix/,https://funnytools.win/fr/outils/convertir-timestamp-unix/,SELF_MATCH,MOBILE,0,,2,https://funnytools.win/es/herramientas/convertir-timestamp-unix/; https://funnytools.win/en/tools/timestamp-converter/,UNKNOWN,,200,22,15–30 days,no
https://funnytools.win/fr/outils/convertir-webp-en-jpg/,2026-09-13T08:29:27.905Z,https://search.google.com/search-console/inspect?resource_id=sc-domain:funnytools.win&id=1Rpj--KoDPGORrQtUTx0cw&utm_medium=link&utm_source=api,Crawled Not Indexed,yes,yes,no,NEUTRAL,"Explorée, actuellement non indexée",ALLOWED,INDEXING_ALLOWED,2026-08-31T03:44:20Z,SUCCESSFUL,https://funnytools.win/fr/outils/convertir-webp-en-jpg/,https://funnytools.win/fr/outils/convertir-webp-en-jpg/,SELF_MATCH,MOBILE,0,,1,https://funnytools.win/tools/webp-to-jpg/,UNKNOWN,,200,13,7–14 days,no
https://funnytools.win/fr/outils/creer-diagramme-circulaire/,2026-09-13T08:29:32.906Z,https://search.google.com/search-console/inspect?resource_id=sc-domain:funnytools.win&id=YNZ94uIQYkFSc68QTRcQIw&utm_medium=link&utm_source=api,Unknown,no,unknown,unknown,NEUTRAL,Google ne reconnaît pas cette URL,ROBOTS_TXT_STATE_UNSPECIFIED,INDEXING_STATE_UNSPECIFIED,,PAGE_FETCH_STATE_UNSPECIFIED,,,GOOGLE_CANONICAL_ABSENT,,0,,0,,UNKNOWN,,200,,never crawled,candidate only; compare with local internal links
https://funnytools.win/fr/outils/creer-diagramme-flux/,2026-09-13T08:29:33.385Z,https://search.google.com/search-console/inspect?resource_id=sc-domain:funnytools.win&id=yUiL2cJbQaG_5h1hr_aeGQ&utm_medium=link&utm_source=api,Crawled Not Indexed,yes,yes,no,NEUTRAL,"Explorée, actuellement non indexée",ALLOWED,INDEXING_ALLOWED,2026-08-19T17:48:49Z,SUCCESSFUL,https://funnytools.win/fr/outils/creer-diagramme-flux/,https://funnytools.win/fr/outils/creer-diagramme-flux/,SELF_MATCH,MOBILE,0,,2,https://funnytools.win/es/herramientas/crear-diagrama-flujo/; https://funnytools.win/tools/flowchart/,UNKNOWN,,200,24,15–30 days,no
https://funnytools.win/fr/outils/creer-graphique-barres/,2026-09-13T08:29:35.068Z,https://search.google.com/search-console/inspect?resource_id=sc-domain:funnytools.win&id=jJTEVwigEbx1ItYk4mPYxA&utm_medium=link&utm_source=api,Unknown,no,unknown,unknown,NEUTRAL,Google ne reconnaît pas cette URL,ROBOTS_TXT_STATE_UNSPECIFIED,INDEXING_STATE_UNSPECIFIED,,PAGE_FETCH_STATE_UNSPECIFIED,,,GOOGLE_CANONICAL_ABSENT,,0,,0,,UNKNOWN,,200,,never crawled,candidate only; compare with local internal links
https://funnytools.win/fr/outils/diviser-pdf/,2026-09-13T08:29:39.837Z,https://search.google.com/search-console/inspect?resource_id=sc-domain:funnytools.win&id=ygKQCemAA_ZFtpVjOB3DJg&utm_medium=link&utm_source=api,Crawled Not Indexed,yes,yes,no,NEUTRAL,"Explorée, actuellement non indexée",ALLOWED,INDEXING_ALLOWED,2026-08-18T18:09:36Z,SUCCESSFUL,https://funnytools.win/fr/outils/diviser-pdf/,https://funnytools.win/fr/outils/diviser-pdf/,SELF_MATCH,MOBILE,0,,1,https://funnytools.win/tools/split-pdf/,UNKNOWN,,200,25,15–30 days,no
https://funnytools.win/fr/outils/editeur-markdown-en-ligne/,2026-09-13T08:29:40.528Z,https://search.google.com/search-console/inspect?resource_id=sc-domain:funnytools.win&id=dGhe7F6GQvTdcSpy4glAUA&utm_medium=link&utm_source=api,Crawled Not Indexed,yes,yes,no,NEUTRAL,"Explorée, actuellement non indexée",ALLOWED,INDEXING_ALLOWED,2026-08-21T13:32:48Z,SUCCESSFUL,https://funnytools.win/fr/outils/editeur-markdown-en-ligne/,https://funnytools.win/fr/outils/editeur-markdown-en-ligne/,SELF_MATCH,MOBILE,0,,2,https://funnytools.win/es/herramientas/editor-markdown-online/; https://funnytools.win/en/tools/markdown-previewer/,UNKNOWN,,200,22,15–30 days,no
https://funnytools.win/fr/outils/encoder-decoder-base64/,2026-09-13T08:29:42.036Z,https://search.google.com/search-console/inspect?resource_id=sc-domain:funnytools.win&id=DO1-93gUne1q9yMaSxS7mA&utm_medium=link&utm_source=api,Crawled Not Indexed,yes,yes,no,NEUTRAL,"Explorée, actuellement non indexée",ALLOWED,INDEXING_ALLOWED,2026-09-12T01:23:37Z,SUCCESSFUL,https://funnytools.win/fr/outils/encoder-decoder-base64/,https://funnytools.win/fr/outils/encoder-decoder-base64/,SELF_MATCH,MOBILE,0,,2,https://funnytools.win/tools/base64/; https://funnytools.win/en/tools/base64/,UNKNOWN,,200,1,<7 days,no
https://funnytools.win/fr/outils/encoder-decoder-url/,2026-09-13T08:29:46.734Z,https://search.google.com/search-console/inspect?resource_id=sc-domain:funnytools.win&id=x4q08vOYky3QEoFBHtabHg&utm_medium=link&utm_source=api,Crawled Not Indexed,yes,yes,no,NEUTRAL,"Explorée, actuellement non indexée",ALLOWED,INDEXING_ALLOWED,2026-08-25T13:39:19Z,SUCCESSFUL,https://funnytools.win/fr/outils/encoder-decoder-url/,https://funnytools.win/fr/outils/encoder-decoder-url/,SELF_MATCH,MOBILE,0,,1,https://funnytools.win/tools/url-encoder/,UNKNOWN,,200,18,15–30 days,no
https://funnytools.win/fr/outils/extraire-pages-pdf/,2026-09-13T08:29:47.459Z,https://search.google.com/search-console/inspect?resource_id=sc-domain:funnytools.win&id=3OIvgg26_U8FqvNxH8GKhQ&utm_medium=link&utm_source=api,Unknown,no,unknown,unknown,NEUTRAL,Google ne reconnaît pas cette URL,ROBOTS_TXT_STATE_UNSPECIFIED,INDEXING_STATE_UNSPECIFIED,,PAGE_FETCH_STATE_UNSPECIFIED,,,GOOGLE_CANONICAL_ABSENT,,0,,0,,UNKNOWN,,200,,never crawled,candidate only; compare with local internal links
https://funnytools.win/fr/outils/faire-pivoter-image/,2026-09-13T08:29:49.399Z,https://search.google.com/search-console/inspect?resource_id=sc-domain:funnytools.win&id=jqEeQH4GgNI9Pk3KLMekag&utm_medium=link&utm_source=api,Crawled Not Indexed,yes,yes,no,NEUTRAL,"Explorée, actuellement non indexée",ALLOWED,INDEXING_ALLOWED,2026-09-02T03:13:01Z,SUCCESSFUL,https://funnytools.win/fr/outils/faire-pivoter-image/,https://funnytools.win/fr/outils/faire-pivoter-image/,SELF_MATCH,MOBILE,0,,2,https://funnytools.win/en/tools/image-rotate-flip/; https://funnytools.win/tools/image-rotate-flip/,UNKNOWN,,200,11,7–14 days,no
https://funnytools.win/fr/outils/faire-pivoter-pdf/,2026-09-13T08:29:53.642Z,https://search.google.com/search-console/inspect?resource_id=sc-domain:funnytools.win&id=bpOCL8gF4Z9V-VoZTCNkLA&utm_medium=link&utm_source=api,Unknown,no,unknown,unknown,NEUTRAL,Google ne reconnaît pas cette URL,ROBOTS_TXT_STATE_UNSPECIFIED,INDEXING_STATE_UNSPECIFIED,,PAGE_FETCH_STATE_UNSPECIFIED,,,GOOGLE_CANONICAL_ABSENT,,0,,0,,UNKNOWN,,200,,never crawled,candidate only; compare with local internal links
https://funnytools.win/fr/outils/formater-valider-json/,2026-09-13T08:29:54.393Z,https://search.google.com/search-console/inspect?resource_id=sc-domain:funnytools.win&id=SmEkUd7vU093FmYTnE_keg&utm_medium=link&utm_source=api,Unknown,no,unknown,unknown,NEUTRAL,Google ne reconnaît pas cette URL,ROBOTS_TXT_STATE_UNSPECIFIED,INDEXING_STATE_UNSPECIFIED,,PAGE_FETCH_STATE_UNSPECIFIED,,,GOOGLE_CANONICAL_ABSENT,,0,,0,,UNKNOWN,,200,,never crawled,candidate only; compare with local internal links
https://funnytools.win/fr/outils/fusionner-pdf/,2026-09-13T08:29:56.590Z,https://search.google.com/search-console/inspect?resource_id=sc-domain:funnytools.win&id=kIz50rE7lGe9MvBuI2ZGgA&utm_medium=link&utm_source=api,Crawled Not Indexed,yes,yes,no,NEUTRAL,"Explorée, actuellement non indexée",ALLOWED,INDEXING_ALLOWED,2026-08-21T04:46:45Z,SUCCESSFUL,https://funnytools.win/fr/outils/fusionner-pdf/,https://funnytools.win/fr/outils/fusionner-pdf/,SELF_MATCH,MOBILE,0,,1,https://funnytools.win/en/tools/merge-pdf/,UNKNOWN,,200,23,15–30 days,no
https://funnytools.win/fr/outils/generateur-code-barres/,2026-09-13T08:30:00.578Z,https://search.google.com/search-console/inspect?resource_id=sc-domain:funnytools.win&id=SkwH-TFl-Oq53gVypsBUtA&utm_medium=link&utm_source=api,Unknown,no,unknown,unknown,NEUTRAL,Google ne reconnaît pas cette URL,ROBOTS_TXT_STATE_UNSPECIFIED,INDEXING_STATE_UNSPECIFIED,,PAGE_FETCH_STATE_UNSPECIFIED,,,GOOGLE_CANONICAL_ABSENT,,0,,0,,UNKNOWN,,200,,never crawled,candidate only; compare with local internal links
https://funnytools.win/fr/outils/generateur-code-qr/,2026-09-13T08:30:01.365Z,https://search.google.com/search-console/inspect?resource_id=sc-domain:funnytools.win&id=w4OiqkwvkNo57L_zzj_03Q&utm_medium=link&utm_source=api,Unknown,no,unknown,unknown,NEUTRAL,Google ne reconnaît pas cette URL,ROBOTS_TXT_STATE_UNSPECIFIED,INDEXING_STATE_UNSPECIFIED,,PAGE_FETCH_STATE_UNSPECIFIED,,,GOOGLE_CANONICAL_ABSENT,,0,,0,,UNKNOWN,,200,,never crawled,candidate only; compare with local internal links
https://funnytools.win/fr/outils/generateur-couleurs-hex-rgb-hsl/,2026-09-13T08:30:03.530Z,https://search.google.com/search-console/inspect?resource_id=sc-domain:funnytools.win&id=45vA0jgDCUZ9OI4oKY-9Jw&utm_medium=link&utm_source=api,Unknown,no,unknown,unknown,NEUTRAL,Google ne reconnaît pas cette URL,ROBOTS_TXT_STATE_UNSPECIFIED,INDEXING_STATE_UNSPECIFIED,,PAGE_FETCH_STATE_UNSPECIFIED,,,GOOGLE_CANONICAL_ABSENT,,0,,0,,UNKNOWN,,200,,never crawled,candidate only; compare with local internal links
https://funnytools.win/fr/outils/generateur-groupes-aleatoires/,2026-09-13T08:30:07.770Z,https://search.google.com/search-console/inspect?resource_id=sc-domain:funnytools.win&id=x0_d2C47lc1uhQTHZaZCfA&utm_medium=link&utm_source=api,Unknown,no,unknown,unknown,NEUTRAL,Google ne reconnaît pas cette URL,ROBOTS_TXT_STATE_UNSPECIFIED,INDEXING_STATE_UNSPECIFIED,,PAGE_FETCH_STATE_UNSPECIFIED,,,GOOGLE_CANONICAL_ABSENT,,0,,0,,UNKNOWN,,200,,never crawled,candidate only; compare with local internal links
https://funnytools.win/fr/outils/generateur-groupes-classe/,2026-09-13T08:30:08.549Z,https://search.google.com/search-console/inspect?resource_id=sc-domain:funnytools.win&id=mSJRHKqVcPR492iZM9j2ZA&utm_medium=link&utm_source=api,Unknown,no,unknown,unknown,NEUTRAL,Google ne reconnaît pas cette URL,ROBOTS_TXT_STATE_UNSPECIFIED,INDEXING_STATE_UNSPECIFIED,,PAGE_FETCH_STATE_UNSPECIFIED,,,GOOGLE_CANONICAL_ABSENT,,0,,0,,UNKNOWN,,200,,never crawled,candidate only; compare with local internal links
https://funnytools.win/fr/outils/generateur-mot-de-passe-securise/,2026-09-13T08:30:10.554Z,https://search.google.com/search-console/inspect?resource_id=sc-domain:funnytools.win&id=rPphMMAkVjI-l5O556lwgw&utm_medium=link&utm_source=api,Unknown,no,unknown,unknown,NEUTRAL,Google ne reconnaît pas cette URL,ROBOTS_TXT_STATE_UNSPECIFIED,INDEXING_STATE_UNSPECIFIED,,PAGE_FETCH_STATE_UNSPECIFIED,,,GOOGLE_CANONICAL_ABSENT,,0,,0,,UNKNOWN,,200,,never crawled,candidate only; compare with local internal links
https://funnytools.win/fr/outils/generateur-nombres-aleatoires/,2026-09-13T08:30:14.686Z,https://search.google.com/search-console/inspect?resource_id=sc-domain:funnytools.win&id=pu2vDXm4GZtgMQujJID_Cw&utm_medium=link&utm_source=api,Crawled Not Indexed,yes,yes,no,NEUTRAL,"Explorée, actuellement non indexée",ALLOWED,INDEXING_ALLOWED,2026-08-01T15:44:04Z,SUCCESSFUL,https://funnytools.win/fr/outils/generateur-nombres-aleatoires/,https://funnytools.win/fr/outils/generateur-nombres-aleatoires/,SELF_MATCH,MOBILE,0,,2,https://funnytools.win/tools/random-number-picker/; https://funnytools.win/en/tools/random-number-picker/,UNKNOWN,,200,42,>30 days,no
https://funnytools.win/fr/outils/generateur-uuid-v4/,2026-09-13T08:30:15.712Z,https://search.google.com/search-console/inspect?resource_id=sc-domain:funnytools.win&id=WOoORnD1sAgJ4Va4D8_pfg&utm_medium=link&utm_source=api,Unknown,no,unknown,unknown,NEUTRAL,Google ne reconnaît pas cette URL,ROBOTS_TXT_STATE_UNSPECIFIED,INDEXING_STATE_UNSPECIFIED,,PAGE_FETCH_STATE_UNSPECIFIED,,,GOOGLE_CANONICAL_ABSENT,,0,,0,,UNKNOWN,,200,,never crawled,candidate only; compare with local internal links
https://funnytools.win/fr/outils/lancer-des-en-ligne/,2026-09-13T08:30:17.923Z,https://search.google.com/search-console/inspect?resource_id=sc-domain:funnytools.win&id=uCNsGdK81JvyXYA29oGghA&utm_medium=link&utm_source=api,Crawled Not Indexed,yes,yes,no,NEUTRAL,"Explorée, actuellement non indexée",ALLOWED,INDEXING_ALLOWED,2026-08-17T03:19:31Z,SUCCESSFUL,https://funnytools.win/fr/outils/lancer-des-en-ligne/,https://funnytools.win/fr/outils/lancer-des-en-ligne/,SELF_MATCH,MOBILE,0,,2,https://funnytools.win/es/herramientas/tirar-dados-online/; https://funnytools.win/en/tools/dice-roller/,UNKNOWN,,200,27,15–30 days,no
https://funnytools.win/fr/outils/minuteur-en-ligne/,2026-09-13T08:30:22.070Z,https://search.google.com/search-console/inspect?resource_id=sc-domain:funnytools.win&id=0YYoS3vm2TRUj3Hyh2CQkA&utm_medium=link&utm_source=api,Unknown,no,unknown,unknown,NEUTRAL,Google ne reconnaît pas cette URL,ROBOTS_TXT_STATE_UNSPECIFIED,INDEXING_STATE_UNSPECIFIED,,PAGE_FETCH_STATE_UNSPECIFIED,,,GOOGLE_CANONICAL_ABSENT,,0,,0,,UNKNOWN,,200,,never crawled,candidate only; compare with local internal links
https://funnytools.win/fr/outils/minuteur-pomodoro/,2026-09-13T08:30:22.625Z,https://search.google.com/search-console/inspect?resource_id=sc-domain:funnytools.win&id=RDUYUXIBOeJ_KIhU5ffGGg&utm_medium=link&utm_source=api,Unknown,no,unknown,unknown,NEUTRAL,Google ne reconnaît pas cette URL,ROBOTS_TXT_STATE_UNSPECIFIED,INDEXING_STATE_UNSPECIFIED,,PAGE_FETCH_STATE_UNSPECIFIED,,,GOOGLE_CANONICAL_ABSENT,,0,,0,,UNKNOWN,,200,,never crawled,candidate only; compare with local internal links
https://funnytools.win/fr/outils/plan-de-classe-en-ligne/,2026-09-13T08:30:24.868Z,https://search.google.com/search-console/inspect?resource_id=sc-domain:funnytools.win&id=Ke6Kmb72renl5uKbiinR3A&utm_medium=link&utm_source=api,Unknown,no,unknown,unknown,NEUTRAL,Google ne reconnaît pas cette URL,ROBOTS_TXT_STATE_UNSPECIFIED,INDEXING_STATE_UNSPECIFIED,,PAGE_FETCH_STATE_UNSPECIFIED,,,GOOGLE_CANONICAL_ABSENT,,0,,0,,UNKNOWN,,200,,never crawled,candidate only; compare with local internal links
https://funnytools.win/fr/outils/quoi-manger-ce-soir/,2026-09-13T08:30:29.029Z,https://search.google.com/search-console/inspect?resource_id=sc-domain:funnytools.win&id=joaxecS9ffWbVXvtrLKpzg&utm_medium=link&utm_source=api,Unknown,no,unknown,unknown,NEUTRAL,Google ne reconnaît pas cette URL,ROBOTS_TXT_STATE_UNSPECIFIED,INDEXING_STATE_UNSPECIFIED,,PAGE_FETCH_STATE_UNSPECIFIED,,,GOOGLE_CANONICAL_ABSENT,,0,,0,,UNKNOWN,,200,,never crawled,candidate only; compare with local internal links
https://funnytools.win/fr/outils/rappel-pause-ecran/,2026-09-13T08:30:30.044Z,https://search.google.com/search-console/inspect?resource_id=sc-domain:funnytools.win&id=UU5hFFznOPN4-ScOOxOiig&utm_medium=link&utm_source=api,Crawled Not Indexed,yes,yes,no,NEUTRAL,"Explorée, actuellement non indexée",ALLOWED,INDEXING_ALLOWED,2026-08-03T02:43:13Z,SUCCESSFUL,https://funnytools.win/fr/outils/rappel-pause-ecran/,https://funnytools.win/fr/outils/rappel-pause-ecran/,SELF_MATCH,MOBILE,0,,1,https://funnytools.win/tools/break-reminder/,UNKNOWN,,200,41,>30 days,no
https://funnytools.win/fr/outils/recadrer-image/,2026-09-13T08:30:31.831Z,https://search.google.com/search-console/inspect?resource_id=sc-domain:funnytools.win&id=TH_Pdw30F-VVfEdzsZE9Ig&utm_medium=link&utm_source=api,Unknown,no,unknown,unknown,NEUTRAL,Google ne reconnaît pas cette URL,ROBOTS_TXT_STATE_UNSPECIFIED,INDEXING_STATE_UNSPECIFIED,,PAGE_FETCH_STATE_UNSPECIFIED,,,GOOGLE_CANONICAL_ABSENT,,0,,0,,UNKNOWN,,200,,never crawled,candidate only; compare with local internal links
https://funnytools.win/fr/outils/redimensionner-image/,2026-09-13T08:30:35.957Z,https://search.google.com/search-console/inspect?resource_id=sc-domain:funnytools.win&id=Or0JOi1wskLi-Momq39knQ&utm_medium=link&utm_source=api,Unknown,no,unknown,unknown,NEUTRAL,Google ne reconnaît pas cette URL,ROBOTS_TXT_STATE_UNSPECIFIED,INDEXING_STATE_UNSPECIFIED,,PAGE_FETCH_STATE_UNSPECIFIED,,,GOOGLE_CANONICAL_ABSENT,,0,,0,,UNKNOWN,,200,,never crawled,candidate only; compare with local internal links
https://funnytools.win/fr/outils/reorganiser-pages-pdf/,2026-09-13T08:30:36.874Z,https://search.google.com/search-console/inspect?resource_id=sc-domain:funnytools.win&id=R0kWIJd1dR6lbki6yJimcA&utm_medium=link&utm_source=api,Crawled Not Indexed,yes,yes,no,NEUTRAL,"Explorée, actuellement non indexée",ALLOWED,INDEXING_ALLOWED,2026-08-17T04:08:24Z,SUCCESSFUL,https://funnytools.win/fr/outils/reorganiser-pages-pdf/,https://funnytools.win/fr/outils/reorganiser-pages-pdf/,SELF_MATCH,MOBILE,0,,1,https://funnytools.win/en/tools/pdf-page-reorder/,UNKNOWN,,200,27,15–30 days,no
https://funnytools.win/fr/outils/roue-aleatoire/,2026-09-13T08:30:39.094Z,https://search.google.com/search-console/inspect?resource_id=sc-domain:funnytools.win&id=QW7s7Do-QizW-ISFQG_cvA&utm_medium=link&utm_source=api,Unknown,no,unknown,unknown,NEUTRAL,Google ne reconnaît pas cette URL,ROBOTS_TXT_STATE_UNSPECIFIED,INDEXING_STATE_UNSPECIFIED,,PAGE_FETCH_STATE_UNSPECIFIED,,,GOOGLE_CANONICAL_ABSENT,,0,,0,,UNKNOWN,,200,,never crawled,candidate only; compare with local internal links
https://funnytools.win/fr/outils/supprimer-lignes-doublons/,2026-09-13T08:30:42.897Z,https://search.google.com/search-console/inspect?resource_id=sc-domain:funnytools.win&id=f79wy5_h2kD0ubxB_0QdXQ&utm_medium=link&utm_source=api,Unknown,no,unknown,unknown,NEUTRAL,Google ne reconnaît pas cette URL,ROBOTS_TXT_STATE_UNSPECIFIED,INDEXING_STATE_UNSPECIFIED,,PAGE_FETCH_STATE_UNSPECIFIED,,,GOOGLE_CANONICAL_ABSENT,,0,,0,,UNKNOWN,,200,,never crawled,candidate only; compare with local internal links
https://funnytools.win/fr/outils/supprimer-lignes-vides/,2026-09-13T08:30:44.014Z,https://search.google.com/search-console/inspect?resource_id=sc-domain:funnytools.win&id=QDS39iGynFT2XWZz4qIqTQ&utm_medium=link&utm_source=api,Unknown,no,unknown,unknown,NEUTRAL,Google ne reconnaît pas cette URL,ROBOTS_TXT_STATE_UNSPECIFIED,INDEXING_STATE_UNSPECIFIED,,PAGE_FETCH_STATE_UNSPECIFIED,,,GOOGLE_CANONICAL_ABSENT,,0,,0,,UNKNOWN,,200,,never crawled,candidate only; compare with local internal links
https://funnytools.win/fr/outils/supprimer-pages-pdf/,2026-09-13T08:30:46.259Z,https://search.google.com/search-console/inspect?resource_id=sc-domain:funnytools.win&id=lARFEpEsK11Pim-5fgvASA&utm_medium=link&utm_source=api,Crawled Not Indexed,yes,yes,no,NEUTRAL,"Explorée, actuellement non indexée",ALLOWED,INDEXING_ALLOWED,2026-08-25T11:40:44Z,SUCCESSFUL,https://funnytools.win/fr/outils/supprimer-pages-pdf/,https://funnytools.win/fr/outils/supprimer-pages-pdf/,SELF_MATCH,MOBILE,0,,1,https://funnytools.win/tools/delete-pdf-pages/,UNKNOWN,,200,18,15–30 days,no
https://funnytools.win/fr/outils/tableau-blanc-dessin-en-ligne/,2026-09-13T08:30:49.840Z,https://search.google.com/search-console/inspect?resource_id=sc-domain:funnytools.win&id=mRAWJT5e1OzEG3WRJ38Iug&utm_medium=link&utm_source=api,Crawled Not Indexed,yes,yes,no,NEUTRAL,"Explorée, actuellement non indexée",ALLOWED,INDEXING_ALLOWED,2026-08-01T14:51:30Z,SUCCESSFUL,https://funnytools.win/fr/outils/tableau-blanc-dessin-en-ligne/,https://funnytools.win/fr/outils/tableau-blanc-dessin-en-ligne/,SELF_MATCH,MOBILE,0,,1,https://funnytools.win/es/herramientas/pizarra-dibujo-online/,UNKNOWN,,200,42,>30 days,no
https://funnytools.win/fr/outils/tirage-au-sort-eleves/,2026-09-13T08:30:51.170Z,https://search.google.com/search-console/inspect?resource_id=sc-domain:funnytools.win&id=hnrI16RgWj9bcLL1O2M0Eg&utm_medium=link&utm_source=api,Unknown,no,unknown,unknown,NEUTRAL,Google ne reconnaît pas cette URL,ROBOTS_TXT_STATE_UNSPECIFIED,INDEXING_STATE_UNSPECIFIED,,PAGE_FETCH_STATE_UNSPECIFIED,,,GOOGLE_CANONICAL_ABSENT,,0,,0,,UNKNOWN,,200,,never crawled,candidate only; compare with local internal links
https://funnytools.win/fr/outils/tirage-au-sort-noms/,2026-09-13T08:30:53.183Z,https://search.google.com/search-console/inspect?resource_id=sc-domain:funnytools.win&id=_ZobDNsyM0YAAZP1Zq_xQw&utm_medium=link&utm_source=api,Crawled Not Indexed,yes,yes,no,NEUTRAL,"Explorée, actuellement non indexée",ALLOWED,INDEXING_ALLOWED,2026-08-03T18:11:28Z,SUCCESSFUL,https://funnytools.win/fr/outils/tirage-au-sort-noms/,https://funnytools.win/fr/outils/tirage-au-sort-noms/,SELF_MATCH,MOBILE,0,,2,https://funnytools.win/es/herramientas/sorteo-nombres-aleatorio/; https://funnytools.win/en/tools/random-name-picker/,UNKNOWN,,200,40,>30 days,no
https://funnytools.win/fr/outils/trier-lignes-texte/,2026-09-13T08:30:56.805Z,https://search.google.com/search-console/inspect?resource_id=sc-domain:funnytools.win&id=1Qq20C5xV1ZmR99Usp7ISQ&utm_medium=link&utm_source=api,Unknown,no,unknown,unknown,NEUTRAL,Google ne reconnaît pas cette URL,ROBOTS_TXT_STATE_UNSPECIFIED,INDEXING_STATE_UNSPECIFIED,,PAGE_FETCH_STATE_UNSPECIFIED,,,GOOGLE_CANONICAL_ABSENT,,0,,0,,UNKNOWN,,200,,never crawled,candidate only; compare with local internal links
https://funnytools.win/guides/,2026-09-13T08:30:58.070Z,https://search.google.com/search-console/inspect?resource_id=sc-domain:funnytools.win&id=kUhkb2CADLzHiatS4j0P4Q&utm_medium=link&utm_source=api,Crawled Not Indexed,yes,yes,no,NEUTRAL,已檢索 - 目前尚未建立索引,ALLOWED,INDEXING_ALLOWED,2026-08-13T19:25:23Z,SUCCESSFUL,https://funnytools.win/guides/,https://funnytools.win/guides/,SELF_MATCH,MOBILE,0,,1,https://funnytools.win/,UNKNOWN,,200,30,15–30 days,no
https://funnytools.win/guides/2d-cad-drawing-board-workflow-guide/,2026-09-13T08:31:00.328Z,https://search.google.com/search-console/inspect?resource_id=sc-domain:funnytools.win&id=9UGCzItiv5_djDomUrB9JQ&utm_medium=link&utm_source=api,Unknown,no,unknown,unknown,NEUTRAL,Google 無法辨識的網址,ROBOTS_TXT_STATE_UNSPECIFIED,INDEXING_STATE_UNSPECIFIED,,PAGE_FETCH_STATE_UNSPECIFIED,,,GOOGLE_CANONICAL_ABSENT,,0,,0,,UNKNOWN,,200,,never crawled,candidate only; compare with local internal links
https://funnytools.win/guides/a4-vs-us-letter-printing-guide/,2026-09-13T08:31:03.866Z,https://search.google.com/search-console/inspect?resource_id=sc-domain:funnytools.win&id=TckNfaTCos8lXSSX4Xiw5Q&utm_medium=link&utm_source=api,Unknown,no,unknown,unknown,NEUTRAL,Google 無法辨識的網址,ROBOTS_TXT_STATE_UNSPECIFIED,INDEXING_STATE_UNSPECIFIED,,PAGE_FETCH_STATE_UNSPECIFIED,,,GOOGLE_CANONICAL_ABSENT,,0,,0,,UNKNOWN,,200,,never crawled,candidate only; compare with local internal links
https://funnytools.win/guides/age-calculator-school-cutoff-guide/,2026-09-13T08:31:05.182Z,https://search.google.com/search-console/inspect?resource_id=sc-domain:funnytools.win&id=TAG6XnZxGFKNoCutgt3gDw&utm_medium=link&utm_source=api,Unknown,no,unknown,unknown,NEUTRAL,Google 無法辨識的網址,ROBOTS_TXT_STATE_UNSPECIFIED,INDEXING_STATE_UNSPECIFIED,,PAGE_FETCH_STATE_UNSPECIFIED,,,GOOGLE_CANONICAL_ABSENT,,0,,0,,UNKNOWN,,200,,never crawled,candidate only; compare with local internal links
https://funnytools.win/guides/anova-apa-format-guide/,2026-09-13T08:31:07.539Z,https://search.google.com/search-console/inspect?resource_id=sc-domain:funnytools.win&id=kUEhbAaA01EgXDx1o3AOTg&utm_medium=link&utm_source=api,Unknown,no,unknown,unknown,NEUTRAL,Google 無法辨識的網址,ROBOTS_TXT_STATE_UNSPECIFIED,INDEXING_STATE_UNSPECIFIED,,PAGE_FETCH_STATE_UNSPECIFIED,,,GOOGLE_CANONICAL_ABSENT,,0,,0,,UNKNOWN,,200,,never crawled,candidate only; compare with local internal links
https://funnytools.win/guides/anova-post-hoc-tukey-bonferroni/,2026-09-13T08:31:11.080Z,https://search.google.com/search-console/inspect?resource_id=sc-domain:funnytools.win&id=3l75gx0MX2T4erxKbHQOWA&utm_medium=link&utm_source=api,Unknown,no,unknown,unknown,NEUTRAL,Google 無法辨識的網址,ROBOTS_TXT_STATE_UNSPECIFIED,INDEXING_STATE_UNSPECIFIED,,PAGE_FETCH_STATE_UNSPECIFIED,,,GOOGLE_CANONICAL_ABSENT,,0,,0,,UNKNOWN,,200,,never crawled,candidate only; compare with local internal links
https://funnytools.win/guides/bar-chart-school-report-guide/,2026-09-13T08:31:12.166Z,https://search.google.com/search-console/inspect?resource_id=sc-domain:funnytools.win&id=YuGICOJZonE6wGmTlDT7Kg&utm_medium=link&utm_source=api,Unknown,no,unknown,unknown,NEUTRAL,Google 無法辨識的網址,ROBOTS_TXT_STATE_UNSPECIFIED,INDEXING_STATE_UNSPECIFIED,,PAGE_FETCH_STATE_UNSPECIFIED,,,GOOGLE_CANONICAL_ABSENT,,0,,0,,UNKNOWN,,200,,never crawled,candidate only; compare with local internal links
https://funnytools.win/guides/barcode-printing-quiet-zone-svg-guide/,2026-09-13T08:31:14.486Z,https://search.google.com/search-console/inspect?resource_id=sc-domain:funnytools.win&id=Q2pQ632vfU8oqPdtiCnkYw&utm_medium=link&utm_source=api,Unknown,no,unknown,unknown,NEUTRAL,Google 無法辨識的網址,ROBOTS_TXT_STATE_UNSPECIFIED,INDEXING_STATE_UNSPECIFIED,,PAGE_FETCH_STATE_UNSPECIFIED,,,GOOGLE_CANONICAL_ABSENT,,0,,0,,UNKNOWN,,200,,never crawled,candidate only; compare with local internal links
https://funnytools.win/guides/base64-utf8-unicode-guide/,2026-09-13T08:31:18.236Z,https://search.google.com/search-console/inspect?resource_id=sc-domain:funnytools.win&id=rJHAP4QtiKarTNXuvmwksw&utm_medium=link&utm_source=api,Unknown,no,unknown,unknown,NEUTRAL,Google 無法辨識的網址,ROBOTS_TXT_STATE_UNSPECIFIED,INDEXING_STATE_UNSPECIFIED,,PAGE_FETCH_STATE_UNSPECIFIED,,,GOOGLE_CANONICAL_ABSENT,,0,,0,,UNKNOWN,,200,,never crawled,candidate only; compare with local internal links
https://funnytools.win/guides/break-reminder-work-interval-guide/,2026-09-13T08:31:19.373Z,https://search.google.com/search-console/inspect?resource_id=sc-domain:funnytools.win&id=64P9oi1U2t6xv6euygzA5g&utm_medium=link&utm_source=api,Unknown,no,unknown,unknown,NEUTRAL,Google 無法辨識的網址,ROBOTS_TXT_STATE_UNSPECIFIED,INDEXING_STATE_UNSPECIFIED,,PAGE_FETCH_STATE_UNSPECIFIED,,,GOOGLE_CANONICAL_ABSENT,,0,,0,,UNKNOWN,,200,,never crawled,candidate only; compare with local internal links
https://funnytools.win/guides/business-days-calendar-days-guide/,2026-09-13T08:31:21.669Z,https://search.google.com/search-console/inspect?resource_id=sc-domain:funnytools.win&id=-XHtynl56d9eSxXBYGGNdA&utm_medium=link&utm_source=api,Unknown,no,unknown,unknown,NEUTRAL,Google 無法辨識的網址,ROBOTS_TXT_STATE_UNSPECIFIED,INDEXING_STATE_UNSPECIFIED,,PAGE_FETCH_STATE_UNSPECIFIED,,,GOOGLE_CANONICAL_ABSENT,,0,,0,,UNKNOWN,,200,,never crawled,candidate only; compare with local internal links
https://funnytools.win/guides/cad-grid-snap-orthogonal-guide/,2026-09-13T08:31:25.670Z,https://search.google.com/search-console/inspect?resource_id=sc-domain:funnytools.win&id=rdapVgIt-nLi8_wN6MXUUQ&utm_medium=link&utm_source=api,Unknown,no,unknown,unknown,NEUTRAL,Google 無法辨識的網址,ROBOTS_TXT_STATE_UNSPECIFIED,INDEXING_STATE_UNSPECIFIED,,PAGE_FETCH_STATE_UNSPECIFIED,,,GOOGLE_CANONICAL_ABSENT,,0,,0,,UNKNOWN,,200,,never crawled,candidate only; compare with local internal links
https://funnytools.win/guides/camelcase-snake-case-kebab-case-guide/,2026-09-13T08:31:26.766Z,https://search.google.com/search-console/inspect?resource_id=sc-domain:funnytools.win&id=PHl5ZgoPHWdEHwRCt0o4Vg&utm_medium=link&utm_source=api,Unknown,no,unknown,unknown,NEUTRAL,Google 無法辨識的網址,ROBOTS_TXT_STATE_UNSPECIFIED,INDEXING_STATE_UNSPECIFIED,,PAGE_FETCH_STATE_UNSPECIFIED,,,GOOGLE_CANONICAL_ABSENT,,0,,0,,UNKNOWN,,200,,never crawled,candidate only; compare with local internal links
https://funnytools.win/guides/chart-flowchart-alt-text-accessibility/,2026-09-13T08:31:29.034Z,https://search.google.com/search-console/inspect?resource_id=sc-domain:funnytools.win&id=EvOIPlqPZ9oXJrqiNR7piA&utm_medium=link&utm_source=api,Unknown,no,unknown,unknown,NEUTRAL,Google 無法辨識的網址,ROBOTS_TXT_STATE_UNSPECIFIED,INDEXING_STATE_UNSPECIFIED,,PAGE_FETCH_STATE_UNSPECIFIED,,,GOOGLE_CANONICAL_ABSENT,,0,,0,,UNKNOWN,,200,,never crawled,candidate only; compare with local internal links
https://funnytools.win/guides/chart-or-flowchart-selection-guide/,2026-09-13T08:31:32.813Z,https://search.google.com/search-console/inspect?resource_id=sc-domain:funnytools.win&id=Wy6e3P5bILznkm7FMtBbYQ&utm_medium=link&utm_source=api,Unknown,no,unknown,unknown,NEUTRAL,Google 無法辨識的網址,ROBOTS_TXT_STATE_UNSPECIFIED,INDEXING_STATE_UNSPECIFIED,,PAGE_FETCH_STATE_UNSPECIFIED,,,GOOGLE_CANONICAL_ABSENT,,0,,0,,UNKNOWN,,200,,never crawled,candidate only; compare with local internal links
https://funnytools.win/guides/chinese-english-mixed-word-count-guide/,2026-09-13T08:31:34.567Z,https://search.google.com/search-console/inspect?resource_id=sc-domain:funnytools.win&id=hwlsNtHJxQj5A8LM_PLfAQ&utm_medium=link&utm_source=api,Unknown,no,unknown,unknown,NEUTRAL,Google 無法辨識的網址,ROBOTS_TXT_STATE_UNSPECIFIED,INDEXING_STATE_UNSPECIFIED,,PAGE_FETCH_STATE_UNSPECIFIED,,,GOOGLE_CANONICAL_ABSENT,,0,,0,,UNKNOWN,,200,,never crawled,candidate only; compare with local internal links
https://funnytools.win/guides/classroom-group-roles-rotation-guide/,2026-09-13T08:31:36.101Z,https://search.google.com/search-console/inspect?resource_id=sc-domain:funnytools.win&id=aitKY9-v_ukMbq6orrGxqQ&utm_medium=link&utm_source=api,Unknown,no,unknown,unknown,NEUTRAL,Google 無法辨識的網址,ROBOTS_TXT_STATE_UNSPECIFIED,INDEXING_STATE_UNSPECIFIED,,PAGE_FETCH_STATE_UNSPECIFIED,,,GOOGLE_CANONICAL_ABSENT,,0,,0,,UNKNOWN,,200,,never crawled,candidate only; compare with local internal links
https://funnytools.win/guides/classroom-lottery-tool-guide/,2026-09-13T08:31:40.028Z,https://search.google.com/search-console/inspect?resource_id=sc-domain:funnytools.win&id=R1GUtNLdM8rWm3aKdAsLvQ&utm_medium=link&utm_source=api,Unknown,no,unknown,unknown,NEUTRAL,Google 無法辨識的網址,ROBOTS_TXT_STATE_UNSPECIFIED,INDEXING_STATE_UNSPECIFIED,,PAGE_FETCH_STATE_UNSPECIFIED,,,GOOGLE_CANONICAL_ABSENT,,0,,0,,UNKNOWN,,200,,never crawled,candidate only; compare with local internal links
https://funnytools.win/guides/classroom-random-group-absent-student-repair-guide/,2026-09-13T08:31:41.870Z,https://search.google.com/search-console/inspect?resource_id=sc-domain:funnytools.win&id=v15Oyvo7Mpo5Y61fPpT33A&utm_medium=link&utm_source=api,Unknown,no,unknown,unknown,NEUTRAL,Google 無法辨識的網址,ROBOTS_TXT_STATE_UNSPECIFIED,INDEXING_STATE_UNSPECIFIED,,PAGE_FETCH_STATE_UNSPECIFIED,,,GOOGLE_CANONICAL_ABSENT,,0,,0,,UNKNOWN,,200,,never crawled,candidate only; compare with local internal links
https://funnytools.win/guides/classroom-random-group-guide/,2026-09-13T08:31:43.507Z,https://search.google.com/search-console/inspect?resource_id=sc-domain:funnytools.win&id=5RHsoclOSIMugvKvEUtNyg&utm_medium=link&utm_source=api,Crawled Not Indexed,yes,yes,no,NEUTRAL,已檢索 - 目前尚未建立索引,ALLOWED,INDEXING_ALLOWED,2026-07-16T22:00:11Z,SUCCESSFUL,https://funnytools.win/guides/classroom-random-group-guide/,https://funnytools.win/guides/classroom-random-group-guide/,SELF_MATCH,MOBILE,0,,1,https://funnytools.win/,UNKNOWN,,200,58,>30 days,no
https://funnytools.win/guides/classroom-random-group-materials-handoff-guide/,2026-09-13T08:31:47.572Z,https://search.google.com/search-console/inspect?resource_id=sc-domain:funnytools.win&id=fDySpuy2XzmFRy9jCfQqyA&utm_medium=link&utm_source=api,Unknown,no,unknown,unknown,NEUTRAL,Google 無法辨識的網址,ROBOTS_TXT_STATE_UNSPECIFIED,INDEXING_STATE_UNSPECIFIED,,PAGE_FETCH_STATE_UNSPECIFIED,,,GOOGLE_CANONICAL_ABSENT,,0,,0,,UNKNOWN,,200,,never crawled,candidate only; compare with local internal links
https://funnytools.win/guides/classroom-random-group-no-repeat-guide/,2026-09-13T08:31:48.794Z,https://search.google.com/search-console/inspect?resource_id=sc-domain:funnytools.win&id=286G6Zkryhzh0PLHIEHaMg&utm_medium=link&utm_source=api,Unknown,no,unknown,unknown,NEUTRAL,Google 無法辨識的網址,ROBOTS_TXT_STATE_UNSPECIFIED,INDEXING_STATE_UNSPECIFIED,,PAGE_FETCH_STATE_UNSPECIFIED,,,GOOGLE_CANONICAL_ABSENT,,0,,0,,UNKNOWN,,200,,never crawled,candidate only; compare with local internal links
https://funnytools.win/guides/classroom-random-group-seat-transition-guide/,2026-09-13T08:31:50.527Z,https://search.google.com/search-console/inspect?resource_id=sc-domain:funnytools.win&id=vycbWeOUBCx4amFVA4QsIA&utm_medium=link&utm_source=api,Unknown,no,unknown,unknown,NEUTRAL,Google 無法辨識的網址,ROBOTS_TXT_STATE_UNSPECIFIED,INDEXING_STATE_UNSPECIFIED,,PAGE_FETCH_STATE_UNSPECIFIED,,,GOOGLE_CANONICAL_ABSENT,,0,,0,,UNKNOWN,,200,,never crawled,candidate only; compare with local internal links
https://funnytools.win/guides/classroom-random-group-shareable-result-guide/,2026-09-13T08:31:54.594Z,https://search.google.com/search-console/inspect?resource_id=sc-domain:funnytools.win&id=EZpPx8PE1_eEHV2LbIBJWg&utm_medium=link&utm_source=api,Unknown,no,unknown,unknown,NEUTRAL,Google 無法辨識的網址,ROBOTS_TXT_STATE_UNSPECIFIED,INDEXING_STATE_UNSPECIFIED,,PAGE_FETCH_STATE_UNSPECIFIED,,,GOOGLE_CANONICAL_ABSENT,,0,,0,,UNKNOWN,,200,,never crawled,candidate only; compare with local internal links
https://funnytools.win/guides/classroom-random-group-size-balance-guide/,2026-09-13T08:31:56.074Z,https://search.google.com/search-console/inspect?resource_id=sc-domain:funnytools.win&id=aSYHPuZJIzFrmiRJwpP5gA&utm_medium=link&utm_source=api,Unknown,no,unknown,unknown,NEUTRAL,Google 無法辨識的網址,ROBOTS_TXT_STATE_UNSPECIFIED,INDEXING_STATE_UNSPECIFIED,,PAGE_FETCH_STATE_UNSPECIFIED,,,GOOGLE_CANONICAL_ABSENT,,0,,0,,UNKNOWN,,200,,never crawled,candidate only; compare with local internal links
https://funnytools.win/guides/classroom-random-picker-guide/,2026-09-13T08:31:57.679Z,https://search.google.com/search-console/inspect?resource_id=sc-domain:funnytools.win&id=qnQWQqJv4LHUReA1PTYXrQ&utm_medium=link&utm_source=api,Unknown,no,unknown,unknown,NEUTRAL,Google 無法辨識的網址,ROBOTS_TXT_STATE_UNSPECIFIED,INDEXING_STATE_UNSPECIFIED,,PAGE_FETCH_STATE_UNSPECIFIED,,,GOOGLE_CANONICAL_ABSENT,,0,,0,,UNKNOWN,,200,,never crawled,candidate only; compare with local internal links
https://funnytools.win/guides/classroom-timer-guide/,2026-09-13T08:32:01.787Z,https://search.google.com/search-console/inspect?resource_id=sc-domain:funnytools.win&id=FKzwD0PC1q-YowjJjsvJyQ&utm_medium=link&utm_source=api,Crawled Not Indexed,yes,yes,no,NEUTRAL,已檢索 - 目前尚未建立索引,ALLOWED,INDEXING_ALLOWED,2026-08-08T08:50:59Z,SUCCESSFUL,https://funnytools.win/guides/classroom-timer-guide/,https://funnytools.win/guides/classroom-timer-guide/,SELF_MATCH,MOBILE,0,,1,https://funnytools.win/,UNKNOWN,,200,35,>30 days,no
https://funnytools.win/guides/clean-copied-text-from-pdf-web-guide/,2026-09-13T08:32:03.252Z,https://search.google.com/search-console/inspect?resource_id=sc-domain:funnytools.win&id=osK7pcwJJrARKOKP7rQZRA&utm_medium=link&utm_source=api,Unknown,no,unknown,unknown,NEUTRAL,Google 無法辨識的網址,ROBOTS_TXT_STATE_UNSPECIFIED,INDEXING_STATE_UNSPECIFIED,,PAGE_FETCH_STATE_UNSPECIFIED,,,GOOGLE_CANONICAL_ABSENT,,0,,0,,UNKNOWN,,200,,never crawled,candidate only; compare with local internal links
https://funnytools.win/guides/code128-vs-code39-guide/,2026-09-13T08:32:05.714Z,https://search.google.com/search-console/inspect?resource_id=sc-domain:funnytools.win&id=E1KxxQRiMUJv-XKSE_YZEw&utm_medium=link&utm_source=api,Unknown,no,unknown,unknown,NEUTRAL,Google 無法辨識的網址,ROBOTS_TXT_STATE_UNSPECIFIED,INDEXING_STATE_UNSPECIFIED,,PAGE_FETCH_STATE_UNSPECIFIED,,,GOOGLE_CANONICAL_ABSENT,,0,,0,,UNKNOWN,,200,,never crawled,candidate only; compare with local internal links
https://funnytools.win/guides/compress-image-to-upload-limit/,2026-09-13T08:32:08.758Z,https://search.google.com/search-console/inspect?resource_id=sc-domain:funnytools.win&id=FNnFJo-Cgvp1X-DKH4Z86A&utm_medium=link&utm_source=api,Unknown,no,unknown,unknown,NEUTRAL,Google 無法辨識的網址,ROBOTS_TXT_STATE_UNSPECIFIED,INDEXING_STATE_UNSPECIFIED,,PAGE_FETCH_STATE_UNSPECIFIED,,,GOOGLE_CANONICAL_ABSENT,,0,,0,,UNKNOWN,,200,,never crawled,candidate only; compare with local internal links
https://funnytools.win/guides/compress-pdf-to-upload-limit/,2026-09-13T08:32:10.170Z,https://search.google.com/search-console/inspect?resource_id=sc-domain:funnytools.win&id=V3jll5dKtONvTeUaMhGv6Q&utm_medium=link&utm_source=api,Unknown,no,unknown,unknown,NEUTRAL,Google 無法辨識的網址,ROBOTS_TXT_STATE_UNSPECIFIED,INDEXING_STATE_UNSPECIFIED,,PAGE_FETCH_STATE_UNSPECIFIED,,,GOOGLE_CANONICAL_ABSENT,,0,,0,,UNKNOWN,,200,,never crawled,candidate only; compare with local internal links
https://funnytools.win/guides/confidence-interval-95-guide/,2026-09-13T08:32:12.670Z,https://search.google.com/search-console/inspect?resource_id=sc-domain:funnytools.win&id=0fzOGLsu5Hwu2nN49-nN4A&utm_medium=link&utm_source=api,Unknown,no,unknown,unknown,NEUTRAL,Google 無法辨識的網址,ROBOTS_TXT_STATE_UNSPECIFIED,INDEXING_STATE_UNSPECIFIED,,PAGE_FETCH_STATE_UNSPECIFIED,,,GOOGLE_CANONICAL_ABSENT,,0,,0,,UNKNOWN,,200,,never crawled,candidate only; compare with local internal links
https://funnytools.win/guides/countdown-stopwatch-pomodoro-comparison/,2026-09-13T08:32:16.505Z,https://search.google.com/search-console/inspect?resource_id=sc-domain:funnytools.win&id=tTraF_wtoZ1F4LS4Nt_LzA&utm_medium=link&utm_source=api,Unknown,no,unknown,unknown,NEUTRAL,Google 無法辨識的網址,ROBOTS_TXT_STATE_UNSPECIFIED,INDEXING_STATE_UNSPECIFIED,,PAGE_FETCH_STATE_UNSPECIFIED,,,GOOGLE_CANONICAL_ABSENT,,0,,0,,UNKNOWN,,200,,never crawled,candidate only; compare with local internal links
https://funnytools.win/guides/cronbach-alpha-interpretation/,2026-09-13T08:32:17.127Z,https://search.google.com/search-console/inspect?resource_id=sc-domain:funnytools.win&id=KStq-Hm2DTQUL5-QnWDyFA&utm_medium=link&utm_source=api,Unknown,no,unknown,unknown,NEUTRAL,Google 無法辨識的網址,ROBOTS_TXT_STATE_UNSPECIFIED,INDEXING_STATE_UNSPECIFIED,,PAGE_FETCH_STATE_UNSPECIFIED,,,GOOGLE_CANONICAL_ABSENT,,0,,0,,UNKNOWN,,200,,never crawled,candidate only; compare with local internal links
https://funnytools.win/guides/crop-vs-resize-vs-compress-image/,2026-09-13T08:32:19.905Z,https://search.google.com/search-console/inspect?resource_id=sc-domain:funnytools.win&id=pOMf5HX4ACNMAX47x-RcAw&utm_medium=link&utm_source=api,Unknown,no,unknown,unknown,NEUTRAL,Google 無法辨識的網址,ROBOTS_TXT_STATE_UNSPECIFIED,INDEXING_STATE_UNSPECIFIED,,PAGE_FETCH_STATE_UNSPECIFIED,,,GOOGLE_CANONICAL_ABSENT,,0,,0,,UNKNOWN,,200,,never crawled,candidate only; compare with local internal links
https://funnytools.win/guides/csv-to-json-conversion-guide/,2026-09-13T08:32:23.709Z,https://search.google.com/search-console/inspect?resource_id=sc-domain:funnytools.win&id=aeFC2j4GUe2lZA9lU3iCwA&utm_medium=link&utm_source=api,Unknown,no,unknown,unknown,NEUTRAL,Google 無法辨識的網址,ROBOTS_TXT_STATE_UNSPECIFIED,INDEXING_STATE_UNSPECIFIED,,PAGE_FETCH_STATE_UNSPECIFIED,,,GOOGLE_CANONICAL_ABSENT,,0,,0,,UNKNOWN,,200,,never crawled,candidate only; compare with local internal links
https://funnytools.win/guides/csv-to-json-header-duplicate-column-guide/,2026-09-13T08:32:24.096Z,https://search.google.com/search-console/inspect?resource_id=sc-domain:funnytools.win&id=sMVt1lYwzYt-Xa-5krp_zg&utm_medium=link&utm_source=api,Unknown,no,unknown,unknown,NEUTRAL,Google 無法辨識的網址,ROBOTS_TXT_STATE_UNSPECIFIED,INDEXING_STATE_UNSPECIFIED,,PAGE_FETCH_STATE_UNSPECIFIED,,,GOOGLE_CANONICAL_ABSENT,,0,,0,,UNKNOWN,,200,,never crawled,candidate only; compare with local internal links
https://funnytools.win/guides/csv-utf8-bom-excel-garbled-text/,2026-09-13T08:32:27.263Z,https://search.google.com/search-console/inspect?resource_id=sc-domain:funnytools.win&id=6YlKmGL05KhDAbjoIlkVcg&utm_medium=link&utm_source=api,Unknown,no,unknown,unknown,NEUTRAL,Google 無法辨識的網址,ROBOTS_TXT_STATE_UNSPECIFIED,INDEXING_STATE_UNSPECIFIED,,PAGE_FETCH_STATE_UNSPECIFIED,,,GOOGLE_CANONICAL_ABSENT,,0,,0,,UNKNOWN,,200,,never crawled,candidate only; compare with local internal links
https://funnytools.win/guides/cvc-word-families-guide/,2026-09-13T08:32:31.164Z,https://search.google.com/search-console/inspect?resource_id=sc-domain:funnytools.win&id=vmrvm4OU_qVJfxD1bk7EIA&utm_medium=link&utm_source=api,Unknown,no,unknown,unknown,NEUTRAL,Google 無法辨識的網址,ROBOTS_TXT_STATE_UNSPECIFIED,INDEXING_STATE_UNSPECIFIED,,PAGE_FETCH_STATE_UNSPECIFIED,,,GOOGLE_CANONICAL_ABSENT,,0,,0,,UNKNOWN,,200,,never crawled,candidate only; compare with local internal links
https://funnytools.win/guides/date-arithmetic-end-of-month-dst-guide/,2026-09-13T08:32:31.215Z,https://search.google.com/search-console/inspect?resource_id=sc-domain:funnytools.win&id=UdxRkoRUUppiyMdnsUkrQA&utm_medium=link&utm_source=api,Unknown,no,unknown,unknown,NEUTRAL,Google 無法辨識的網址,ROBOTS_TXT_STATE_UNSPECIFIED,INDEXING_STATE_UNSPECIFIED,,PAGE_FETCH_STATE_UNSPECIFIED,,,GOOGLE_CANONICAL_ABSENT,,0,,0,,UNKNOWN,,200,,never crawled,candidate only; compare with local internal links
https://funnytools.win/guides/date-difference-inclusive-exclusive-guide/,2026-09-13T08:32:34.400Z,https://search.google.com/search-console/inspect?resource_id=sc-domain:funnytools.win&id=p3qSo4Xckze21pLbcrLtCw&utm_medium=link&utm_source=api,Unknown,no,unknown,unknown,NEUTRAL,Google 無法辨識的網址,ROBOTS_TXT_STATE_UNSPECIFIED,INDEXING_STATE_UNSPECIFIED,,PAGE_FETCH_STATE_UNSPECIFIED,,,GOOGLE_CANONICAL_ABSENT,,0,,0,,UNKNOWN,,200,,never crawled,candidate only; compare with local internal links
https://funnytools.win/guides/decision-tree-vs-flowchart-guide/,2026-09-13T08:32:38.319Z,https://search.google.com/search-console/inspect?resource_id=sc-domain:funnytools.win&id=h5cS4J2y2wnxQ-8PnBcOgQ&utm_medium=link&utm_source=api,Unknown,no,unknown,unknown,NEUTRAL,Google 無法辨識的網址,ROBOTS_TXT_STATE_UNSPECIFIED,INDEXING_STATE_UNSPECIFIED,,PAGE_FETCH_STATE_UNSPECIFIED,,,GOOGLE_CANONICAL_ABSENT,,0,,0,,UNKNOWN,,200,,never crawled,candidate only; compare with local internal links
https://funnytools.win/guides/delete-blank-pages-from-pdf/,2026-09-13T08:32:38.684Z,https://search.google.com/search-console/inspect?resource_id=sc-domain:funnytools.win&id=cTlIKLYSkkoRC3TcrfwwIw&utm_medium=link&utm_source=api,Unknown,no,unknown,unknown,NEUTRAL,Google 無法辨識的網址,ROBOTS_TXT_STATE_UNSPECIFIED,INDEXING_STATE_UNSPECIFIED,,PAGE_FETCH_STATE_UNSPECIFIED,,,GOOGLE_CANONICAL_ABSENT,,0,,0,,UNKNOWN,,200,,never crawled,candidate only; compare with local internal links
https://funnytools.win/guides/dice-probability-random-streaks-guide/,2026-09-13T08:32:41.560Z,https://search.google.com/search-console/inspect?resource_id=sc-domain:funnytools.win&id=G8Xa-wFZMqK0cylJ_eOaVw&utm_medium=link&utm_source=api,Unknown,no,unknown,unknown,NEUTRAL,Google 無法辨識的網址,ROBOTS_TXT_STATE_UNSPECIFIED,INDEXING_STATE_UNSPECIFIED,,PAGE_FETCH_STATE_UNSPECIFIED,,,GOOGLE_CANONICAL_ABSENT,,0,,0,,UNKNOWN,,200,,never crawled,candidate only; compare with local internal links
https://funnytools.win/guides/ean13-upca-check-digit-gs1-guide/,2026-09-13T08:32:45.467Z,https://search.google.com/search-console/inspect?resource_id=sc-domain:funnytools.win&id=uKReIhOeZsIxWAKIzyPs0w&utm_medium=link&utm_source=api,Unknown,no,unknown,unknown,NEUTRAL,Google 無法辨識的網址,ROBOTS_TXT_STATE_UNSPECIFIED,INDEXING_STATE_UNSPECIFIED,,PAGE_FETCH_STATE_UNSPECIFIED,,,GOOGLE_CANONICAL_ABSENT,,0,,0,,UNKNOWN,,200,,never crawled,candidate only; compare with local internal links
https://funnytools.win/guides/effect-size-guide/,2026-09-13T08:32:46.136Z,https://search.google.com/search-console/inspect?resource_id=sc-domain:funnytools.win&id=2rvYdH1dDpwc-LGQhY7PJQ&utm_medium=link&utm_source=api,Unknown,no,unknown,unknown,NEUTRAL,Google 無法辨識的網址,ROBOTS_TXT_STATE_UNSPECIFIED,INDEXING_STATE_UNSPECIFIED,,PAGE_FETCH_STATE_UNSPECIFIED,,,GOOGLE_CANONICAL_ABSENT,,0,,0,,UNKNOWN,,200,,never crawled,candidate only; compare with local internal links
https://funnytools.win/guides/emoji-character-count-grapheme-guide/,2026-09-13T08:32:48.758Z,https://search.google.com/search-console/inspect?resource_id=sc-domain:funnytools.win&id=GV50eKr_LdghX6MiY8GErg&utm_medium=link&utm_source=api,Unknown,no,unknown,unknown,NEUTRAL,Google 無法辨識的網址,ROBOTS_TXT_STATE_UNSPECIFIED,INDEXING_STATE_UNSPECIFIED,,PAGE_FETCH_STATE_UNSPECIFIED,,,GOOGLE_CANONICAL_ABSENT,,0,,0,,UNKNOWN,,200,,never crawled,candidate only; compare with local internal links
https://funnytools.win/guides/extra-credit-over-100-grade-guide/,2026-09-13T08:32:52.362Z,https://search.google.com/search-console/inspect?resource_id=sc-domain:funnytools.win&id=Onis2U6WiqC6s4v5EdFQ7w&utm_medium=link&utm_source=api,Unknown,no,unknown,unknown,NEUTRAL,Google 無法辨識的網址,ROBOTS_TXT_STATE_UNSPECIFIED,INDEXING_STATE_UNSPECIFIED,,PAGE_FETCH_STATE_UNSPECIFIED,,,GOOGLE_CANONICAL_ABSENT,,0,,0,,UNKNOWN,,200,,never crawled,candidate only; compare with local internal links
https://funnytools.win/guides/extract-specific-pages-from-pdf/,2026-09-13T08:32:53.313Z,https://search.google.com/search-console/inspect?resource_id=sc-domain:funnytools.win&id=lVl3FboxovXBLad_m6v0iQ&utm_medium=link&utm_source=api,Unknown,no,unknown,unknown,NEUTRAL,Google 無法辨識的網址,ROBOTS_TXT_STATE_UNSPECIFIED,INDEXING_STATE_UNSPECIFIED,,PAGE_FETCH_STATE_UNSPECIFIED,,,GOOGLE_CANONICAL_ABSENT,,0,,0,,UNKNOWN,,200,,never crawled,candidate only; compare with local internal links
https://funnytools.win/guides/fair-random-draw-audit-guide/,2026-09-13T08:32:56.159Z,https://search.google.com/search-console/inspect?resource_id=sc-domain:funnytools.win&id=xwCSPBGKZkV4tCIISfoBlw&utm_medium=link&utm_source=api,Unknown,no,unknown,unknown,NEUTRAL,Google 無法辨識的網址,ROBOTS_TXT_STATE_UNSPECIFIED,INDEXING_STATE_UNSPECIFIED,,PAGE_FETCH_STATE_UNSPECIFIED,,,GOOGLE_CANONICAL_ABSENT,,0,,0,,UNKNOWN,,200,,never crawled,candidate only; compare with local internal links
https://funnytools.win/guides/fair-student-grouping-guide/,2026-09-13T08:32:59.290Z,https://search.google.com/search-console/inspect?resource_id=sc-domain:funnytools.win&id=xpvPn6FP-GU2xvsXqNFlMg&utm_medium=link&utm_source=api,Crawled Not Indexed,yes,yes,no,NEUTRAL,已檢索 - 目前尚未建立索引,ALLOWED,INDEXING_ALLOWED,2026-08-22T20:33:34Z,SUCCESSFUL,https://funnytools.win/guides/fair-student-grouping-guide/,https://funnytools.win/guides/fair-student-grouping-guide/,SELF_MATCH,MOBILE,0,,0,,UNKNOWN,,200,21,15–30 days,candidate only; compare with local internal links
https://funnytools.win/guides/file-size-units-guide/,2026-09-13T08:33:00.720Z,https://search.google.com/search-console/inspect?resource_id=sc-domain:funnytools.win&id=Xab94MPMSZ1ezZk0h8pdwQ&utm_medium=link&utm_source=api,Unknown,no,unknown,unknown,NEUTRAL,Google 無法辨識的網址,ROBOTS_TXT_STATE_UNSPECIFIED,INDEXING_STATE_UNSPECIFIED,,PAGE_FETCH_STATE_UNSPECIFIED,,,GOOGLE_CANONICAL_ABSENT,,0,,0,,UNKNOWN,,200,,never crawled,candidate only; compare with local internal links
https://funnytools.win/guides/final-exam-score-needed-guide/,2026-09-13T08:33:03.088Z,https://search.google.com/search-console/inspect?resource_id=sc-domain:funnytools.win&id=GNGNj_qi01JKa1jNBPYGIQ&utm_medium=link&utm_source=api,Unknown,no,unknown,unknown,NEUTRAL,Google 無法辨識的網址,ROBOTS_TXT_STATE_UNSPECIFIED,INDEXING_STATE_UNSPECIFIED,,PAGE_FETCH_STATE_UNSPECIFIED,,,GOOGLE_CANONICAL_ABSENT,,0,,0,,UNKNOWN,,200,,never crawled,candidate only; compare with local internal links
https://funnytools.win/guides/flowchart-design-checklist/,2026-09-13T08:33:06.190Z,https://search.google.com/search-console/inspect?resource_id=sc-domain:funnytools.win&id=VFx-CpxXLhyze1aNNjL-EA&utm_medium=link&utm_source=api,Unknown,no,unknown,unknown,NEUTRAL,Google 無法辨識的網址,ROBOTS_TXT_STATE_UNSPECIFIED,INDEXING_STATE_UNSPECIFIED,,PAGE_FETCH_STATE_UNSPECIFIED,,,GOOGLE_CANONICAL_ABSENT,,0,,0,,UNKNOWN,,200,,never crawled,candidate only; compare with local internal links
https://funnytools.win/guides/flowchart-symbols-guide/,2026-09-13T08:33:07.873Z,https://search.google.com/search-console/inspect?resource_id=sc-domain:funnytools.win&id=D0FExH_b_cN2z74Xsh6WEw&utm_medium=link&utm_source=api,Unknown,no,unknown,unknown,NEUTRAL,Google 無法辨識的網址,ROBOTS_TXT_STATE_UNSPECIFIED,INDEXING_STATE_UNSPECIFIED,,PAGE_FETCH_STATE_UNSPECIFIED,,,GOOGLE_CANONICAL_ABSENT,,0,,0,,UNKNOWN,,200,,never crawled,candidate only; compare with local internal links
https://funnytools.win/guides/gpa-4-0-vs-4-3-guide/,2026-09-13T08:33:10.023Z,https://search.google.com/search-console/inspect?resource_id=sc-domain:funnytools.win&id=77ZEQQD0427OUFh8Rc26nA&utm_medium=link&utm_source=api,Unknown,no,unknown,unknown,NEUTRAL,Google 無法辨識的網址,ROBOTS_TXT_STATE_UNSPECIFIED,INDEXING_STATE_UNSPECIFIED,,PAGE_FETCH_STATE_UNSPECIFIED,,,GOOGLE_CANONICAL_ABSENT,,0,,0,,UNKNOWN,,200,,never crawled,candidate only; compare with local internal links
https://funnytools.win/guides/gpa-credit-weighted-formula-guide/,2026-09-13T08:33:13.313Z,https://search.google.com/search-console/inspect?resource_id=sc-domain:funnytools.win&id=9kxS8ckLERrvu5m9ctv-qA&utm_medium=link&utm_source=api,Unknown,no,unknown,unknown,NEUTRAL,Google 無法辨識的網址,ROBOTS_TXT_STATE_UNSPECIFIED,INDEXING_STATE_UNSPECIFIED,,PAGE_FETCH_STATE_UNSPECIFIED,,,GOOGLE_CANONICAL_ABSENT,,0,,0,,UNKNOWN,,200,,never crawled,candidate only; compare with local internal links
https://funnytools.win/guides/grade-rounding-cutoff-guide/,2026-09-13T08:33:15.105Z,https://search.google.com/search-console/inspect?resource_id=sc-domain:funnytools.win&id=Z7vZiBS1EcYxrZDFZHI--w&utm_medium=link&utm_source=api,Unknown,no,unknown,unknown,NEUTRAL,Google 無法辨識的網址,ROBOTS_TXT_STATE_UNSPECIFIED,INDEXING_STATE_UNSPECIFIED,,PAGE_FETCH_STATE_UNSPECIFIED,,,GOOGLE_CANONICAL_ABSENT,,0,,0,,UNKNOWN,,200,,never crawled,candidate only; compare with local internal links
https://funnytools.win/guides/grades-gpa/,2026-09-13T08:33:17.330Z,https://search.google.com/search-console/inspect?resource_id=sc-domain:funnytools.win&id=H6omsaxGICGdKPJ2PnB-3w&utm_medium=link&utm_source=api,Unknown,no,unknown,unknown,NEUTRAL,Google 無法辨識的網址,ROBOTS_TXT_STATE_UNSPECIFIED,INDEXING_STATE_UNSPECIFIED,,PAGE_FETCH_STATE_UNSPECIFIED,,,GOOGLE_CANONICAL_ABSENT,,0,,0,,UNKNOWN,,200,,never crawled,candidate only; compare with local internal links
https://funnytools.win/guides/household-physics-demos-guide/,2026-09-13T08:33:20.388Z,https://search.google.com/search-console/inspect?resource_id=sc-domain:funnytools.win&id=4j4jc0vjgQHElCMTpcAXHQ&utm_medium=link&utm_source=api,Unknown,no,unknown,unknown,NEUTRAL,Google 無法辨識的網址,ROBOTS_TXT_STATE_UNSPECIFIED,INDEXING_STATE_UNSPECIFIED,,PAGE_FETCH_STATE_UNSPECIFIED,,,GOOGLE_CANONICAL_ABSENT,,0,,0,,UNKNOWN,,200,,never crawled,candidate only; compare with local internal links
https://funnytools.win/guides/image-base64-data-uri-guide/,2026-09-13T08:33:22.474Z,https://search.google.com/search-console/inspect?resource_id=sc-domain:funnytools.win&id=d3ooeyK19MmX8zltKBKlng&utm_medium=link&utm_source=api,Unknown,no,unknown,unknown,NEUTRAL,Google 無法辨識的網址,ROBOTS_TXT_STATE_UNSPECIFIED,INDEXING_STATE_UNSPECIFIED,,PAGE_FETCH_STATE_UNSPECIFIED,,,GOOGLE_CANONICAL_ABSENT,,0,,0,,UNKNOWN,,200,,never crawled,candidate only; compare with local internal links
https://funnytools.win/guides/image-color-profile-web-print-guide/,2026-09-13T08:33:24.242Z,https://search.google.com/search-console/inspect?resource_id=sc-domain:funnytools.win&id=KzNiArqGcIhaHC3A42iVNQ&utm_medium=link&utm_source=api,Unknown,no,unknown,unknown,NEUTRAL,Google 無法辨識的網址,ROBOTS_TXT_STATE_UNSPECIFIED,INDEXING_STATE_UNSPECIFIED,,PAGE_FETCH_STATE_UNSPECIFIED,,,GOOGLE_CANONICAL_ABSENT,,0,,0,,UNKNOWN,,200,,never crawled,candidate only; compare with local internal links
https://funnytools.win/guides/image-compression-email-guide/,2026-09-13T08:33:27.367Z,https://search.google.com/search-console/inspect?resource_id=sc-domain:funnytools.win&id=pzamnmi0_-m_zGSg8nUjhg&utm_medium=link&utm_source=api,Unknown,no,unknown,unknown,NEUTRAL,Google 無法辨識的網址,ROBOTS_TXT_STATE_UNSPECIFIED,INDEXING_STATE_UNSPECIFIED,,PAGE_FETCH_STATE_UNSPECIFIED,,,GOOGLE_CANONICAL_ABSENT,,0,,0,,UNKNOWN,,200,,never crawled,candidate only; compare with local internal links
https://funnytools.win/guides/image-compression-quality-size-guide/,2026-09-13T08:33:29.669Z,https://search.google.com/search-console/inspect?resource_id=sc-domain:funnytools.win&id=a4-DA8Z-QQ6SGqqW_yLz-w&utm_medium=link&utm_source=api,Unknown,no,unknown,unknown,NEUTRAL,Google 無法辨識的網址,ROBOTS_TXT_STATE_UNSPECIFIED,INDEXING_STATE_UNSPECIFIED,,PAGE_FETCH_STATE_UNSPECIFIED,,,GOOGLE_CANONICAL_ABSENT,,0,,0,,UNKNOWN,,200,,never crawled,candidate only; compare with local internal links
https://funnytools.win/guides/image-compressor-metadata-privacy-guide/,2026-09-13T08:33:31.298Z,https://search.google.com/search-console/inspect?resource_id=sc-domain:funnytools.win&id=D4XhSgp40R4DtXo0FhlOiA&utm_medium=link&utm_source=api,Unknown,no,unknown,unknown,NEUTRAL,Google 無法辨識的網址,ROBOTS_TXT_STATE_UNSPECIFIED,INDEXING_STATE_UNSPECIFIED,,PAGE_FETCH_STATE_UNSPECIFIED,,,GOOGLE_CANONICAL_ABSENT,,0,,0,,UNKNOWN,,200,,never crawled,candidate only; compare with local internal links
https://funnytools.win/guides/image-resampling-quality-guide/,2026-09-13T08:33:34.559Z,https://search.google.com/search-console/inspect?resource_id=sc-domain:funnytools.win&id=JpB6hDP_9LqYOgJU7Ru_KQ&utm_medium=link&utm_source=api,Unknown,no,unknown,unknown,NEUTRAL,Google 無法辨識的網址,ROBOTS_TXT_STATE_UNSPECIFIED,INDEXING_STATE_UNSPECIFIED,,PAGE_FETCH_STATE_UNSPECIFIED,,,GOOGLE_CANONICAL_ABSENT,,0,,0,,UNKNOWN,,200,,never crawled,candidate only; compare with local internal links
https://funnytools.win/guides/image-resize-aspect-ratio-guide/,2026-09-13T08:33:36.573Z,https://search.google.com/search-console/inspect?resource_id=sc-domain:funnytools.win&id=en-ZLo_nrvP2fs6qID2Emg&utm_medium=link&utm_source=api,Unknown,no,unknown,unknown,NEUTRAL,Google 無法辨識的網址,ROBOTS_TXT_STATE_UNSPECIFIED,INDEXING_STATE_UNSPECIFIED,,PAGE_FETCH_STATE_UNSPECIFIED,,,GOOGLE_CANONICAL_ABSENT,,0,,0,,UNKNOWN,,200,,never crawled,candidate only; compare with local internal links
https://funnytools.win/guides/image-resolution-print-web-guide/,2026-09-13T08:33:38.272Z,https://search.google.com/search-console/inspect?resource_id=sc-domain:funnytools.win&id=YBmyNi7isVI_rKSQWInJ-A&utm_medium=link&utm_source=api,Unknown,no,unknown,unknown,NEUTRAL,Google 無法辨識的網址,ROBOTS_TXT_STATE_UNSPECIFIED,INDEXING_STATE_UNSPECIFIED,,PAGE_FETCH_STATE_UNSPECIFIED,,,GOOGLE_CANONICAL_ABSENT,,0,,0,,UNKNOWN,,200,,never crawled,candidate only; compare with local internal links
https://funnytools.win/guides/image-upload-failed-troubleshooting/,2026-09-13T08:33:41.529Z,https://search.google.com/search-console/inspect?resource_id=sc-domain:funnytools.win&id=sRmKQ2Wx3iWvszjq9Vx2xw&utm_medium=link&utm_source=api,Unknown,no,unknown,unknown,NEUTRAL,Google 無法辨識的網址,ROBOTS_TXT_STATE_UNSPECIFIED,INDEXING_STATE_UNSPECIFIED,,PAGE_FETCH_STATE_UNSPECIFIED,,,GOOGLE_CANONICAL_ABSENT,,0,,0,,UNKNOWN,,200,,never crawled,candidate only; compare with local internal links
https://funnytools.win/guides/independent-vs-paired-t-test/,2026-09-13T08:33:43.490Z,https://search.google.com/search-console/inspect?resource_id=sc-domain:funnytools.win&id=m9gzIx0aCUa2tTZ1bopg2Q&utm_medium=link&utm_source=api,Unknown,no,unknown,unknown,NEUTRAL,Google 無法辨識的網址,ROBOTS_TXT_STATE_UNSPECIFIED,INDEXING_STATE_UNSPECIFIED,,PAGE_FETCH_STATE_UNSPECIFIED,,,GOOGLE_CANONICAL_ABSENT,,0,,0,,UNKNOWN,,200,,never crawled,candidate only; compare with local internal links
https://funnytools.win/guides/invisible-spaces-nbsp-zero-width-guide/,2026-09-13T08:33:45.405Z,https://search.google.com/search-console/inspect?resource_id=sc-domain:funnytools.win&id=kBuH9mKnpvt3iFmICBCFwQ&utm_medium=link&utm_source=api,Unknown,no,unknown,unknown,NEUTRAL,Google 無法辨識的網址,ROBOTS_TXT_STATE_UNSPECIFIED,INDEXING_STATE_UNSPECIFIED,,PAGE_FETCH_STATE_UNSPECIFIED,,,GOOGLE_CANONICAL_ABSENT,,0,,0,,UNKNOWN,,200,,never crawled,candidate only; compare with local internal links
https://funnytools.win/guides/iso-8601-utc-offset-guide/,2026-09-13T08:33:48.478Z,https://search.google.com/search-console/inspect?resource_id=sc-domain:funnytools.win&id=d9DTX-l-Hc543kDXnybEaw&utm_medium=link&utm_source=api,Unknown,no,unknown,unknown,NEUTRAL,Google 無法辨識的網址,ROBOTS_TXT_STATE_UNSPECIFIED,INDEXING_STATE_UNSPECIFIED,,PAGE_FETCH_STATE_UNSPECIFIED,,,GOOGLE_CANONICAL_ABSENT,,0,,0,,UNKNOWN,,200,,never crawled,candidate only; compare with local internal links
https://funnytools.win/guides/jpg-png-webp-which-to-use/,2026-09-13T08:33:50.555Z,https://search.google.com/search-console/inspect?resource_id=sc-domain:funnytools.win&id=sRRg1jRikdOy-00Bh_Kz7g&utm_medium=link&utm_source=api,Unknown,no,unknown,unknown,NEUTRAL,Google 無法辨識的網址,ROBOTS_TXT_STATE_UNSPECIFIED,INDEXING_STATE_UNSPECIFIED,,PAGE_FETCH_STATE_UNSPECIFIED,,,GOOGLE_CANONICAL_ABSENT,,0,,0,,UNKNOWN,,200,,never crawled,candidate only; compare with local internal links
https://funnytools.win/guides/json-error-fix-guide/,2026-09-13T08:33:52.474Z,https://search.google.com/search-console/inspect?resource_id=sc-domain:funnytools.win&id=ff-BCc-m5m2gxtU9GaXnsA&utm_medium=link&utm_source=api,Unknown,no,unknown,unknown,NEUTRAL,Google 無法辨識的網址,ROBOTS_TXT_STATE_UNSPECIFIED,INDEXING_STATE_UNSPECIFIED,,PAGE_FETCH_STATE_UNSPECIFIED,,,GOOGLE_CANONICAL_ABSENT,,0,,0,,UNKNOWN,,200,,never crawled,candidate only; compare with local internal links
https://funnytools.win/guides/json-formatter-trailing-comma-error-guide/,2026-09-13T08:33:55.690Z,https://search.google.com/search-console/inspect?resource_id=sc-domain:funnytools.win&id=G14gcapRVO95qn6uVGcEeA&utm_medium=link&utm_source=api,Unknown,no,unknown,unknown,NEUTRAL,Google 無法辨識的網址,ROBOTS_TXT_STATE_UNSPECIFIED,INDEXING_STATE_UNSPECIFIED,,PAGE_FETCH_STATE_UNSPECIFIED,,,GOOGLE_CANONICAL_ABSENT,,0,,0,,UNKNOWN,,200,,never crawled,candidate only; compare with local internal links
https://funnytools.win/guides/json-to-csv-excel-guide/,2026-09-13T08:33:57.551Z,https://search.google.com/search-console/inspect?resource_id=sc-domain:funnytools.win&id=AMB_7Z2Qeu1PmNogZc5DMQ&utm_medium=link&utm_source=api,Unknown,no,unknown,unknown,NEUTRAL,Google 無法辨識的網址,ROBOTS_TXT_STATE_UNSPECIFIED,INDEXING_STATE_UNSPECIFIED,,PAGE_FETCH_STATE_UNSPECIFIED,,,GOOGLE_CANONICAL_ABSENT,,0,,0,,UNKNOWN,,200,,never crawled,candidate only; compare with local internal links
https://funnytools.win/guides/line-breaks-lf-crlf-guide/,2026-09-13T08:33:59.410Z,https://search.google.com/search-console/inspect?resource_id=sc-domain:funnytools.win&id=WxFVCtiHouLdwCTyiHH5tw&utm_medium=link&utm_source=api,Unknown,no,unknown,unknown,NEUTRAL,Google 無法辨識的網址,ROBOTS_TXT_STATE_UNSPECIFIED,INDEXING_STATE_UNSPECIFIED,,PAGE_FETCH_STATE_UNSPECIFIED,,,GOOGLE_CANONICAL_ABSENT,,0,,0,,UNKNOWN,,200,,never crawled,candidate only; compare with local internal links
https://funnytools.win/guides/markdown-syntax-preview-guide/,2026-09-13T08:34:02.888Z,https://search.google.com/search-console/inspect?resource_id=sc-domain:funnytools.win&id=LPbMKtb-JHLC-oWnRBCIAg&utm_medium=link&utm_source=api,Unknown,no,unknown,unknown,NEUTRAL,Google 無法辨識的網址,ROBOTS_TXT_STATE_UNSPECIFIED,INDEXING_STATE_UNSPECIFIED,,PAGE_FETCH_STATE_UNSPECIFIED,,,GOOGLE_CANONICAL_ABSENT,,0,,0,,UNKNOWN,,200,,never crawled,candidate only; compare with local internal links
https://funnytools.win/guides/mean-median-mode-when-to-use/,2026-09-13T08:34:04.500Z,https://search.google.com/search-console/inspect?resource_id=sc-domain:funnytools.win&id=0ixcmVlbAFFEe2sa-24D_Q&utm_medium=link&utm_source=api,Unknown,no,unknown,unknown,NEUTRAL,Google 無法辨識的網址,ROBOTS_TXT_STATE_UNSPECIFIED,INDEXING_STATE_UNSPECIFIED,,PAGE_FETCH_STATE_UNSPECIFIED,,,GOOGLE_CANONICAL_ABSENT,,0,,0,,UNKNOWN,,200,,never crawled,candidate only; compare with local internal links
https://funnytools.win/guides/merge-pdf-bookmarks-navigation-guide/,2026-09-13T08:34:06.345Z,https://search.google.com/search-console/inspect?resource_id=sc-domain:funnytools.win&id=3PvwkA2HZE9JfvqD2kY04w&utm_medium=link&utm_source=api,Unknown,no,unknown,unknown,NEUTRAL,Google 無法辨識的網址,ROBOTS_TXT_STATE_UNSPECIFIED,INDEXING_STATE_UNSPECIFIED,,PAGE_FETCH_STATE_UNSPECIFIED,,,GOOGLE_CANONICAL_ABSENT,,0,,0,,UNKNOWN,,200,,never crawled,candidate only; compare with local internal links
https://funnytools.win/guides/merge-pdf-page-size-orientation-guide/,2026-09-13T08:34:09.812Z,https://search.google.com/search-console/inspect?resource_id=sc-domain:funnytools.win&id=QD4hgo93rgByHqhIXWcvwg&utm_medium=link&utm_source=api,Unknown,no,unknown,unknown,NEUTRAL,Google 無法辨識的網址,ROBOTS_TXT_STATE_UNSPECIFIED,INDEXING_STATE_UNSPECIFIED,,PAGE_FETCH_STATE_UNSPECIFIED,,,GOOGLE_CANONICAL_ABSENT,,0,,0,,UNKNOWN,,200,,never crawled,candidate only; compare with local internal links
https://funnytools.win/guides/merge-pdf-private-guide/,2026-09-13T08:34:11.452Z,https://search.google.com/search-console/inspect?resource_id=sc-domain:funnytools.win&id=DjpbqTNSrbkE04QDEuX-eg&utm_medium=link&utm_source=api,Unknown,no,unknown,unknown,NEUTRAL,Google 無法辨識的網址,ROBOTS_TXT_STATE_UNSPECIFIED,INDEXING_STATE_UNSPECIFIED,,PAGE_FETCH_STATE_UNSPECIFIED,,,GOOGLE_CANONICAL_ABSENT,,0,,0,,UNKNOWN,,200,,never crawled,candidate only; compare with local internal links
https://funnytools.win/guides/merge-pdf-reading-order-checklist-guide/,2026-09-13T08:34:13.299Z,https://search.google.com/search-console/inspect?resource_id=sc-domain:funnytools.win&id=f9NItZo5RKUuBStpUSZmMA&utm_medium=link&utm_source=api,Unknown,no,unknown,unknown,NEUTRAL,Google 無法辨識的網址,ROBOTS_TXT_STATE_UNSPECIFIED,INDEXING_STATE_UNSPECIFIED,,PAGE_FETCH_STATE_UNSPECIFIED,,,GOOGLE_CANONICAL_ABSENT,,0,,0,,UNKNOWN,,200,,never crawled,candidate only; compare with local internal links
https://funnytools.win/guides/misleading-chart-common-errors/,2026-09-13T08:34:16.972Z,https://search.google.com/search-console/inspect?resource_id=sc-domain:funnytools.win&id=fFjVNWCFeLCG1LldwGtPiQ&utm_medium=link&utm_source=api,Unknown,no,unknown,unknown,NEUTRAL,Google 無法辨識的網址,ROBOTS_TXT_STATE_UNSPECIFIED,INDEXING_STATE_UNSPECIFIED,,PAGE_FETCH_STATE_UNSPECIFIED,,,GOOGLE_CANONICAL_ABSENT,,0,,0,,UNKNOWN,,200,,never crawled,candidate only; compare with local internal links
https://funnytools.win/guides/missing-assignment-zero-exempt-guide/,2026-09-13T08:34:18.503Z,https://search.google.com/search-console/inspect?resource_id=sc-domain:funnytools.win&id=tSR9taWUxAWxYFREnXVOyQ&utm_medium=link&utm_source=api,Unknown,no,unknown,unknown,NEUTRAL,Google 無法辨識的網址,ROBOTS_TXT_STATE_UNSPECIFIED,INDEXING_STATE_UNSPECIFIED,,PAGE_FETCH_STATE_UNSPECIFIED,,,GOOGLE_CANONICAL_ABSENT,,0,,0,,UNKNOWN,,200,,never crawled,candidate only; compare with local internal links
https://funnytools.win/guides/multiplication-fact-fluency-guide/,2026-09-13T08:34:20.654Z,https://search.google.com/search-console/inspect?resource_id=sc-domain:funnytools.win&id=7s0_UvyFOdX-1Pr5VqVfeg&utm_medium=link&utm_source=api,Unknown,no,unknown,unknown,NEUTRAL,Google 無法辨識的網址,ROBOTS_TXT_STATE_UNSPECIFIED,INDEXING_STATE_UNSPECIFIED,,PAGE_FETCH_STATE_UNSPECIFIED,,,GOOGLE_CANONICAL_ABSENT,,0,,0,,UNKNOWN,,200,,never crawled,candidate only; compare with local internal links
https://funnytools.win/guides/optimize-images-for-website/,2026-09-13T08:34:23.893Z,https://search.google.com/search-console/inspect?resource_id=sc-domain:funnytools.win&id=cbNZJgtCUP5c4qF4mBKRag&utm_medium=link&utm_source=api,Unknown,no,unknown,unknown,NEUTRAL,Google 無法辨識的網址,ROBOTS_TXT_STATE_UNSPECIFIED,INDEXING_STATE_UNSPECIFIED,,PAGE_FETCH_STATE_UNSPECIFIED,,,GOOGLE_CANONICAL_ABSENT,,0,,0,,UNKNOWN,,200,,never crawled,candidate only; compare with local internal links
https://funnytools.win/guides/outlier-detection-iqr-z-score-boxplot/,2026-09-13T08:34:25.519Z,https://search.google.com/search-console/inspect?resource_id=sc-domain:funnytools.win&id=B601KZKZneyFaZ2wKRtIsw&utm_medium=link&utm_source=api,Unknown,no,unknown,unknown,NEUTRAL,Google 無法辨識的網址,ROBOTS_TXT_STATE_UNSPECIFIED,INDEXING_STATE_UNSPECIFIED,,PAGE_FETCH_STATE_UNSPECIFIED,,,GOOGLE_CANONICAL_ABSENT,,0,,0,,UNKNOWN,,200,,never crawled,candidate only; compare with local internal links
https://funnytools.win/guides/p-value-interpretation/,2026-09-13T08:34:27.763Z,https://search.google.com/search-console/inspect?resource_id=sc-domain:funnytools.win&id=y7m7ODxGj2JHo401c19ftw&utm_medium=link&utm_source=api,Unknown,no,unknown,unknown,NEUTRAL,Google 無法辨識的網址,ROBOTS_TXT_STATE_UNSPECIFIED,INDEXING_STATE_UNSPECIFIED,,PAGE_FETCH_STATE_UNSPECIFIED,,,GOOGLE_CANONICAL_ABSENT,,0,,0,,UNKNOWN,,200,,never crawled,candidate only; compare with local internal links
https://funnytools.win/guides/password-manager-mfa-passkey-guide/,2026-09-13T08:34:30.859Z,https://search.google.com/search-console/inspect?resource_id=sc-domain:funnytools.win&id=GzDRPG7dGU8S31Sz9UB9hw&utm_medium=link&utm_source=api,Unknown,no,unknown,unknown,NEUTRAL,Google 無法辨識的網址,ROBOTS_TXT_STATE_UNSPECIFIED,INDEXING_STATE_UNSPECIFIED,,PAGE_FETCH_STATE_UNSPECIFIED,,,GOOGLE_CANONICAL_ABSENT,,0,,0,,UNKNOWN,,200,,never crawled,candidate only; compare with local internal links
https://funnytools.win/guides/password-strength-basics-guide/,2026-09-13T08:34:32.670Z,https://search.google.com/search-console/inspect?resource_id=sc-domain:funnytools.win&id=SOJOHPsSfbNqwrn1pgakOA&utm_medium=link&utm_source=api,Unknown,no,unknown,unknown,NEUTRAL,Google 無法辨識的網址,ROBOTS_TXT_STATE_UNSPECIFIED,INDEXING_STATE_UNSPECIFIED,,PAGE_FETCH_STATE_UNSPECIFIED,,,GOOGLE_CANONICAL_ABSENT,,0,,0,,UNKNOWN,,200,,never crawled,candidate only; compare with local internal links
https://funnytools.win/guides/pdf-accessibility-reading-order-check-guide/,2026-09-13T08:34:34.755Z,https://search.google.com/search-console/inspect?resource_id=sc-domain:funnytools.win&id=sbPJrtUFj6suNBc1n4MGMQ&utm_medium=link&utm_source=api,Unknown,no,unknown,unknown,NEUTRAL,Google 無法辨識的網址,ROBOTS_TXT_STATE_UNSPECIFIED,INDEXING_STATE_UNSPECIFIED,,PAGE_FETCH_STATE_UNSPECIFIED,,,GOOGLE_CANONICAL_ABSENT,,0,,0,,UNKNOWN,,200,,never crawled,candidate only; compare with local internal links
https://funnytools.win/guides/pdf-compressor-email-attachment-guide/,2026-09-13T08:34:37.987Z,https://search.google.com/search-console/inspect?resource_id=sc-domain:funnytools.win&id=z-VNkp-jMsz9d594Pgh7pA&utm_medium=link&utm_source=api,Unknown,no,unknown,unknown,NEUTRAL,Google 無法辨識的網址,ROBOTS_TXT_STATE_UNSPECIFIED,INDEXING_STATE_UNSPECIFIED,,PAGE_FETCH_STATE_UNSPECIFIED,,,GOOGLE_CANONICAL_ABSENT,,0,,0,,UNKNOWN,,200,,never crawled,candidate only; compare with local internal links
https://funnytools.win/guides/pdf-compressor-form-fields-links-guide/,2026-09-13T08:34:39.880Z,https://search.google.com/search-console/inspect?resource_id=sc-domain:funnytools.win&id=hVBtkrveAmyDMEUez6t2BQ&utm_medium=link&utm_source=api,Unknown,no,unknown,unknown,NEUTRAL,Google 無法辨識的網址,ROBOTS_TXT_STATE_UNSPECIFIED,INDEXING_STATE_UNSPECIFIED,,PAGE_FETCH_STATE_UNSPECIFIED,,,GOOGLE_CANONICAL_ABSENT,,0,,0,,UNKNOWN,,200,,never crawled,candidate only; compare with local internal links
https://funnytools.win/guides/pdf-page-reorder-appendix-merge-check-guide/,2026-09-13T08:34:42.114Z,https://search.google.com/search-console/inspect?resource_id=sc-domain:funnytools.win&id=q7QlVXf0ZH0qnXZdlDQmjg&utm_medium=link&utm_source=api,Unknown,no,unknown,unknown,NEUTRAL,Google 無法辨識的網址,ROBOTS_TXT_STATE_UNSPECIFIED,INDEXING_STATE_UNSPECIFIED,,PAGE_FETCH_STATE_UNSPECIFIED,,,GOOGLE_CANONICAL_ABSENT,,0,,0,,UNKNOWN,,200,,never crawled,candidate only; compare with local internal links
https://funnytools.win/guides/pdf-split-vs-extract-vs-delete/,2026-09-13T08:34:44.900Z,https://search.google.com/search-console/inspect?resource_id=sc-domain:funnytools.win&id=Ef23AHiGNcCnTP5b0D7T2A&utm_medium=link&utm_source=api,Unknown,no,unknown,unknown,NEUTRAL,Google 無法辨識的網址,ROBOTS_TXT_STATE_UNSPECIFIED,INDEXING_STATE_UNSPECIFIED,,PAGE_FETCH_STATE_UNSPECIFIED,,,GOOGLE_CANONICAL_ABSENT,,0,,0,,UNKNOWN,,200,,never crawled,candidate only; compare with local internal links
https://funnytools.win/guides/pdf-table-to-excel-header-check-guide/,2026-09-13T08:34:46.774Z,https://search.google.com/search-console/inspect?resource_id=sc-domain:funnytools.win&id=6-jIG5VYMkcze3tmAiX9FA&utm_medium=link&utm_source=api,Unknown,no,unknown,unknown,NEUTRAL,Google 無法辨識的網址,ROBOTS_TXT_STATE_UNSPECIFIED,INDEXING_STATE_UNSPECIFIED,,PAGE_FETCH_STATE_UNSPECIFIED,,,GOOGLE_CANONICAL_ABSENT,,0,,0,,UNKNOWN,,200,,never crawled,candidate only; compare with local internal links
https://funnytools.win/guides/pdf-to-image-background-contrast-guide/,2026-09-13T08:34:49.585Z,https://search.google.com/search-console/inspect?resource_id=sc-domain:funnytools.win&id=UzF-KhAJ_3FjqFpAFT1yPw&utm_medium=link&utm_source=api,Unknown,no,unknown,unknown,NEUTRAL,Google 無法辨識的網址,ROBOTS_TXT_STATE_UNSPECIFIED,INDEXING_STATE_UNSPECIFIED,,PAGE_FETCH_STATE_UNSPECIFIED,,,GOOGLE_CANONICAL_ABSENT,,0,,0,,UNKNOWN,,200,,never crawled,candidate only; compare with local internal links
https://funnytools.win/guides/pdf-to-image-multipage-download-guide/,2026-09-13T08:34:52.377Z,https://search.google.com/search-console/inspect?resource_id=sc-domain:funnytools.win&id=gG9daDmoed9BpUk3oJU7Mw&utm_medium=link&utm_source=api,Unknown,no,unknown,unknown,NEUTRAL,Google 無法辨識的網址,ROBOTS_TXT_STATE_UNSPECIFIED,INDEXING_STATE_UNSPECIFIED,,PAGE_FETCH_STATE_UNSPECIFIED,,,GOOGLE_CANONICAL_ABSENT,,0,,0,,UNKNOWN,,200,,never crawled,candidate only; compare with local internal links
https://funnytools.win/guides/pdf-to-image-print-crop-marks-guide/,2026-09-13T08:34:53.805Z,https://search.google.com/search-console/inspect?resource_id=sc-domain:funnytools.win&id=Gd2YJowssFmK23wnxWIMUw&utm_medium=link&utm_source=api,Unknown,no,unknown,unknown,NEUTRAL,Google 無法辨識的網址,ROBOTS_TXT_STATE_UNSPECIFIED,INDEXING_STATE_UNSPECIFIED,,PAGE_FETCH_STATE_UNSPECIFIED,,,GOOGLE_CANONICAL_ABSENT,,0,,0,,UNKNOWN,,200,,never crawled,candidate only; compare with local internal links
https://funnytools.win/guides/pdf-to-image-raster-text-search-guide/,2026-09-13T08:34:56.533Z,https://search.google.com/search-console/inspect?resource_id=sc-domain:funnytools.win&id=yNXcG5VCnw9AXm_wbEZVTQ&utm_medium=link&utm_source=api,Unknown,no,unknown,unknown,NEUTRAL,Google 無法辨識的網址,ROBOTS_TXT_STATE_UNSPECIFIED,INDEXING_STATE_UNSPECIFIED,,PAGE_FETCH_STATE_UNSPECIFIED,,,GOOGLE_CANONICAL_ABSENT,,0,,0,,UNKNOWN,,200,,never crawled,candidate only; compare with local internal links
https://funnytools.win/guides/pdf-to-image-resolution-guide/,2026-09-13T08:34:59.375Z,https://search.google.com/search-console/inspect?resource_id=sc-domain:funnytools.win&id=kCk0DROgteQmJlH4XJrxpA&utm_medium=link&utm_source=api,Unknown,no,unknown,unknown,NEUTRAL,Google 無法辨識的網址,ROBOTS_TXT_STATE_UNSPECIFIED,INDEXING_STATE_UNSPECIFIED,,PAGE_FETCH_STATE_UNSPECIFIED,,,GOOGLE_CANONICAL_ABSENT,,0,,0,,UNKNOWN,,200,,never crawled,candidate only; compare with local internal links
https://funnytools.win/guides/pdf-to-jpg-vs-png/,2026-09-13T08:35:00.966Z,https://search.google.com/search-console/inspect?resource_id=sc-domain:funnytools.win&id=y_JLHkvso5tqSv3cfnX0AQ&utm_medium=link&utm_source=api,Unknown,no,unknown,unknown,NEUTRAL,Google 無法辨識的網址,ROBOTS_TXT_STATE_UNSPECIFIED,INDEXING_STATE_UNSPECIFIED,,PAGE_FETCH_STATE_UNSPECIFIED,,,GOOGLE_CANONICAL_ABSENT,,0,,0,,UNKNOWN,,200,,never crawled,candidate only; compare with local internal links
https://funnytools.win/guides/pdf-to-word-form-field-editing-guide/,2026-09-13T08:35:03.468Z,https://search.google.com/search-console/inspect?resource_id=sc-domain:funnytools.win&id=BheF5DoLAoQMM8WQemLCwA&utm_medium=link&utm_source=api,Unknown,no,unknown,unknown,NEUTRAL,Google 無法辨識的網址,ROBOTS_TXT_STATE_UNSPECIFIED,INDEXING_STATE_UNSPECIFIED,,PAGE_FETCH_STATE_UNSPECIFIED,,,GOOGLE_CANONICAL_ABSENT,,0,,0,,UNKNOWN,,200,,never crawled,candidate only; compare with local internal links
https://funnytools.win/guides/pdf-to-word-layout-fidelity-guide/,2026-09-13T08:35:06.417Z,https://search.google.com/search-console/inspect?resource_id=sc-domain:funnytools.win&id=MUKQn_GpYo9_V7lPy1NJeg&utm_medium=link&utm_source=api,Unknown,no,unknown,unknown,NEUTRAL,Google 無法辨識的網址,ROBOTS_TXT_STATE_UNSPECIFIED,INDEXING_STATE_UNSPECIFIED,,PAGE_FETCH_STATE_UNSPECIFIED,,,GOOGLE_CANONICAL_ABSENT,,0,,0,,UNKNOWN,,200,,never crawled,candidate only; compare with local internal links
https://funnytools.win/guides/pdf-to-word-ocr-language-check-guide/,2026-09-13T08:35:08.854Z,https://search.google.com/search-console/inspect?resource_id=sc-domain:funnytools.win&id=5eYYtIZ6N7S4KPilGk_OIw&utm_medium=link&utm_source=api,Unknown,no,unknown,unknown,NEUTRAL,Google 無法辨識的網址,ROBOTS_TXT_STATE_UNSPECIFIED,INDEXING_STATE_UNSPECIFIED,,PAGE_FETCH_STATE_UNSPECIFIED,,,GOOGLE_CANONICAL_ABSENT,,0,,0,,UNKNOWN,,200,,never crawled,candidate only; compare with local internal links
https://funnytools.win/guides/pdf-to-word-review-track-changes-guide/,2026-09-13T08:35:10.711Z,https://search.google.com/search-console/inspect?resource_id=sc-domain:funnytools.win&id=k_LCL329e0ekSetwH_x2PA&utm_medium=link&utm_source=api,Unknown,no,unknown,unknown,NEUTRAL,Google 無法辨識的網址,ROBOTS_TXT_STATE_UNSPECIFIED,INDEXING_STATE_UNSPECIFIED,,PAGE_FETCH_STATE_UNSPECIFIED,,,GOOGLE_CANONICAL_ABSENT,,0,,0,,UNKNOWN,,200,,never crawled,candidate only; compare with local internal links
https://funnytools.win/guides/pdf-upload-failed-troubleshooting/,2026-09-13T08:35:13.360Z,https://search.google.com/search-console/inspect?resource_id=sc-domain:funnytools.win&id=PQSzSAYkOeCHlDJEOBV1XQ&utm_medium=link&utm_source=api,Unknown,no,unknown,unknown,NEUTRAL,Google 無法辨識的網址,ROBOTS_TXT_STATE_UNSPECIFIED,INDEXING_STATE_UNSPECIFIED,,PAGE_FETCH_STATE_UNSPECIFIED,,,GOOGLE_CANONICAL_ABSENT,,0,,0,,UNKNOWN,,200,,never crawled,candidate only; compare with local internal links
https://funnytools.win/guides/pearson-vs-spearman-correlation/,2026-09-13T08:35:15.766Z,https://search.google.com/search-console/inspect?resource_id=sc-domain:funnytools.win&id=xxYExxZWiS1tKbjKkc-goQ&utm_medium=link&utm_source=api,Unknown,no,unknown,unknown,NEUTRAL,Google 無法辨識的網址,ROBOTS_TXT_STATE_UNSPECIFIED,INDEXING_STATE_UNSPECIFIED,,PAGE_FETCH_STATE_UNSPECIFIED,,,GOOGLE_CANONICAL_ABSENT,,0,,0,,UNKNOWN,,200,,never crawled,candidate only; compare with local internal links
https://funnytools.win/guides/percentage-grade-to-gpa-conversion-guide/,2026-09-13T08:35:17.811Z,https://search.google.com/search-console/inspect?resource_id=sc-domain:funnytools.win&id=DZijvjOAXVdxHbHlaDpmfA&utm_medium=link&utm_source=api,Unknown,no,unknown,unknown,NEUTRAL,Google 無法辨識的網址,ROBOTS_TXT_STATE_UNSPECIFIED,INDEXING_STATE_UNSPECIFIED,,PAGE_FETCH_STATE_UNSPECIFIED,,,GOOGLE_CANONICAL_ABSENT,,0,,0,,UNKNOWN,,200,,never crawled,candidate only; compare with local internal links
https://funnytools.win/guides/percentage-shortcuts-guide/,2026-09-13T08:35:20.435Z,https://search.google.com/search-console/inspect?resource_id=sc-domain:funnytools.win&id=ZIcbG5dYvPrnx-tV1bRTDg&utm_medium=link&utm_source=api,Unknown,no,unknown,unknown,NEUTRAL,Google 無法辨識的網址,ROBOTS_TXT_STATE_UNSPECIFIED,INDEXING_STATE_UNSPECIFIED,,PAGE_FETCH_STATE_UNSPECIFIED,,,GOOGLE_CANONICAL_ABSENT,,0,,0,,UNKNOWN,,200,,never crawled,candidate only; compare with local internal links
https://funnytools.win/guides/percentile-rank-guide/,2026-09-13T08:35:22.776Z,https://search.google.com/search-console/inspect?resource_id=sc-domain:funnytools.win&id=fRXYL66X_3QNWaEHXvxAxA&utm_medium=link&utm_source=api,Unknown,no,unknown,unknown,NEUTRAL,Google 無法辨識的網址,ROBOTS_TXT_STATE_UNSPECIFIED,INDEXING_STATE_UNSPECIFIED,,PAGE_FETCH_STATE_UNSPECIFIED,,,GOOGLE_CANONICAL_ABSENT,,0,,0,,UNKNOWN,,200,,never crawled,candidate only; compare with local internal links
https://funnytools.win/guides/photos-to-pdf-phone-guide/,2026-09-13T08:35:24.987Z,https://search.google.com/search-console/inspect?resource_id=sc-domain:funnytools.win&id=2g1b083QafbR-b9l458i0w&utm_medium=link&utm_source=api,Unknown,no,unknown,unknown,NEUTRAL,Google 無法辨識的網址,ROBOTS_TXT_STATE_UNSPECIFIED,INDEXING_STATE_UNSPECIFIED,,PAGE_FETCH_STATE_UNSPECIFIED,,,GOOGLE_CANONICAL_ABSENT,,0,,0,,UNKNOWN,,200,,never crawled,candidate only; compare with local internal links
https://funnytools.win/guides/pie-chart-percentage-guide/,2026-09-13T08:35:27.608Z,https://search.google.com/search-console/inspect?resource_id=sc-domain:funnytools.win&id=ch7BviRcMY9X84Wtn8zKYg&utm_medium=link&utm_source=api,Unknown,no,unknown,unknown,NEUTRAL,Google 無法辨識的網址,ROBOTS_TXT_STATE_UNSPECIFIED,INDEXING_STATE_UNSPECIFIED,,PAGE_FETCH_STATE_UNSPECIFIED,,,GOOGLE_CANONICAL_ABSENT,,0,,0,,UNKNOWN,,200,,never crawled,candidate only; compare with local internal links
https://funnytools.win/guides/png-to-jpg-transparency-background/,2026-09-13T08:35:29.937Z,https://search.google.com/search-console/inspect?resource_id=sc-domain:funnytools.win&id=gi8CdqQRZgNoBHygln7Bxg&utm_medium=link&utm_source=api,Unknown,no,unknown,unknown,NEUTRAL,Google 無法辨識的網址,ROBOTS_TXT_STATE_UNSPECIFIED,INDEXING_STATE_UNSPECIFIED,,PAGE_FETCH_STATE_UNSPECIFIED,,,GOOGLE_CANONICAL_ABSENT,,0,,0,,UNKNOWN,,200,,never crawled,candidate only; compare with local internal links
https://funnytools.win/guides/pomodoro-25-5-focus-interval-guide/,2026-09-13T08:35:32.527Z,https://search.google.com/search-console/inspect?resource_id=sc-domain:funnytools.win&id=sjjbcNmheDm1HfBCZ3G4Gg&utm_medium=link&utm_source=api,Unknown,no,unknown,unknown,NEUTRAL,Google 無法辨識的網址,ROBOTS_TXT_STATE_UNSPECIFIED,INDEXING_STATE_UNSPECIFIED,,PAGE_FETCH_STATE_UNSPECIFIED,,,GOOGLE_CANONICAL_ABSENT,,0,,0,,UNKNOWN,,200,,never crawled,candidate only; compare with local internal links
https://funnytools.win/guides/qr-barcode/,2026-09-13T08:35:34.712Z,https://search.google.com/search-console/inspect?resource_id=sc-domain:funnytools.win&id=givERTZVz-RPGVb-SvQexg&utm_medium=link&utm_source=api,Unknown,no,unknown,unknown,NEUTRAL,Google 無法辨識的網址,ROBOTS_TXT_STATE_UNSPECIFIED,INDEXING_STATE_UNSPECIFIED,,PAGE_FETCH_STATE_UNSPECIFIED,,,GOOGLE_CANONICAL_ABSENT,,0,,0,,UNKNOWN,,200,,never crawled,candidate only; compare with local internal links
https://funnytools.win/guides/qr-code-accessible-fallback-guide/,2026-09-13T08:35:37.130Z,https://search.google.com/search-console/inspect?resource_id=sc-domain:funnytools.win&id=b7oFgkFrGsNcMBMh65aUBw&utm_medium=link&utm_source=api,Unknown,no,unknown,unknown,NEUTRAL,Google 無法辨識的網址,ROBOTS_TXT_STATE_UNSPECIFIED,INDEXING_STATE_UNSPECIFIED,,PAGE_FETCH_STATE_UNSPECIFIED,,,GOOGLE_CANONICAL_ABSENT,,0,,0,,UNKNOWN,,200,,never crawled,candidate only; compare with local internal links
https://funnytools.win/guides/qr-code-before-print-testing-guide/,2026-09-13T08:35:39.600Z,https://search.google.com/search-console/inspect?resource_id=sc-domain:funnytools.win&id=v0L_TU5SMjjBx2xRvU8cVg&utm_medium=link&utm_source=api,Unknown,no,unknown,unknown,NEUTRAL,Google 無法辨識的網址,ROBOTS_TXT_STATE_UNSPECIFIED,INDEXING_STATE_UNSPECIFIED,,PAGE_FETCH_STATE_UNSPECIFIED,,,GOOGLE_CANONICAL_ABSENT,,0,,0,,UNKNOWN,,200,,never crawled,candidate only; compare with local internal links
https://funnytools.win/guides/qr-code-classroom-guide/,2026-09-13T08:35:41.691Z,https://search.google.com/search-console/inspect?resource_id=sc-domain:funnytools.win&id=s-0PGnpXq71AcWzjy_DY0A&utm_medium=link&utm_source=api,Unknown,no,unknown,unknown,NEUTRAL,Google 無法辨識的網址,ROBOTS_TXT_STATE_UNSPECIFIED,INDEXING_STATE_UNSPECIFIED,,PAGE_FETCH_STATE_UNSPECIFIED,,,GOOGLE_CANONICAL_ABSENT,,0,,0,,UNKNOWN,,200,,never crawled,candidate only; compare with local internal links
https://funnytools.win/guides/qr-code-destination-change-log-guide/,2026-09-13T08:35:44.317Z,https://search.google.com/search-console/inspect?resource_id=sc-domain:funnytools.win&id=R7P-AkB2haV3GdGL7KfnKg&utm_medium=link&utm_source=api,Unknown,no,unknown,unknown,NEUTRAL,Google 無法辨識的網址,ROBOTS_TXT_STATE_UNSPECIFIED,INDEXING_STATE_UNSPECIFIED,,PAGE_FETCH_STATE_UNSPECIFIED,,,GOOGLE_CANONICAL_ABSENT,,0,,0,,UNKNOWN,,200,,never crawled,candidate only; compare with local internal links
https://funnytools.win/guides/qr-code-event-page-expiry-guide/,2026-09-13T08:35:46.715Z,https://search.google.com/search-console/inspect?resource_id=sc-domain:funnytools.win&id=wxgJJ1EaGOWHARST8JaYzA&utm_medium=link&utm_source=api,Unknown,no,unknown,unknown,NEUTRAL,Google 無法辨識的網址,ROBOTS_TXT_STATE_UNSPECIFIED,INDEXING_STATE_UNSPECIFIED,,PAGE_FETCH_STATE_UNSPECIFIED,,,GOOGLE_CANONICAL_ABSENT,,0,,0,,UNKNOWN,,200,,never crawled,candidate only; compare with local internal links
https://funnytools.win/guides/qr-code-mobile-landing-page-guide/,2026-09-13T08:35:48.799Z,https://search.google.com/search-console/inspect?resource_id=sc-domain:funnytools.win&id=03fDPWqFhrcBZWjPJbNABA&utm_medium=link&utm_source=api,Unknown,no,unknown,unknown,NEUTRAL,Google 無法辨識的網址,ROBOTS_TXT_STATE_UNSPECIFIED,INDEXING_STATE_UNSPECIFIED,,PAGE_FETCH_STATE_UNSPECIFIED,,,GOOGLE_CANONICAL_ABSENT,,0,,0,,UNKNOWN,,200,,never crawled,candidate only; compare with local internal links
https://funnytools.win/guides/qr-code-multi-placement-consistency-guide/,2026-09-13T08:35:51.317Z,https://search.google.com/search-console/inspect?resource_id=sc-domain:funnytools.win&id=j1l-OUyUfZGtl-oH5-J5Cg&utm_medium=link&utm_source=api,Unknown,no,unknown,unknown,NEUTRAL,Google 無法辨識的網址,ROBOTS_TXT_STATE_UNSPECIFIED,INDEXING_STATE_UNSPECIFIED,,PAGE_FETCH_STATE_UNSPECIFIED,,,GOOGLE_CANONICAL_ABSENT,,0,,0,,UNKNOWN,,200,,never crawled,candidate only; compare with local internal links
https://funnytools.win/guides/qr-code-multilingual-switch-testing-guide/,2026-09-13T08:35:53.755Z,https://search.google.com/search-console/inspect?resource_id=sc-domain:funnytools.win&id=l66vyeDFRLbJb7AFUoQTCg&utm_medium=link&utm_source=api,Unknown,no,unknown,unknown,NEUTRAL,Google 無法辨識的網址,ROBOTS_TXT_STATE_UNSPECIFIED,INDEXING_STATE_UNSPECIFIED,,PAGE_FETCH_STATE_UNSPECIFIED,,,GOOGLE_CANONICAL_ABSENT,,0,,0,,UNKNOWN,,200,,never crawled,candidate only; compare with local internal links
https://funnytools.win/guides/qr-code-not-scanning-print-guide/,2026-09-13T08:35:55.908Z,https://search.google.com/search-console/inspect?resource_id=sc-domain:funnytools.win&id=aHd1jD3wTW2wTA-MkaC_WQ&utm_medium=link&utm_source=api,Unknown,no,unknown,unknown,NEUTRAL,Google 無法辨識的網址,ROBOTS_TXT_STATE_UNSPECIFIED,INDEXING_STATE_UNSPECIFIED,,PAGE_FETCH_STATE_UNSPECIFIED,,,GOOGLE_CANONICAL_ABSENT,,0,,0,,UNKNOWN,,200,,never crawled,candidate only; compare with local internal links
https://funnytools.win/guides/qr-code-payload-length-guide/,2026-09-13T08:35:58.275Z,https://search.google.com/search-console/inspect?resource_id=sc-domain:funnytools.win&id=GcU4-5OyFqSBG-xVnpKz_g&utm_medium=link&utm_source=api,Unknown,no,unknown,unknown,NEUTRAL,Google 無法辨識的網址,ROBOTS_TXT_STATE_UNSPECIFIED,INDEXING_STATE_UNSPECIFIED,,PAGE_FETCH_STATE_UNSPECIFIED,,,GOOGLE_CANONICAL_ABSENT,,0,,0,,UNKNOWN,,200,,never crawled,candidate only; compare with local internal links
https://funnytools.win/guides/qr-code-phishing-security-guide/,2026-09-13T08:36:10.052Z,https://search.google.com/search-console/inspect?resource_id=sc-domain:funnytools.win&id=6lDsE-NnxNR2wu3J1XFzBQ&utm_medium=link&utm_source=api,Unknown,no,unknown,unknown,NEUTRAL,Google 無法辨識的網址,ROBOTS_TXT_STATE_UNSPECIFIED,INDEXING_STATE_UNSPECIFIED,,PAGE_FETCH_STATE_UNSPECIFIED,,,GOOGLE_CANONICAL_ABSENT,,0,,0,,UNKNOWN,,200,,never crawled,candidate only; compare with local internal links
https://funnytools.win/guides/qr-code-scan-failure-field-troubleshooting-guide/,2026-09-13T08:36:03.181Z,https://search.google.com/search-console/inspect?resource_id=sc-domain:funnytools.win&id=R8bNuk94HBREjESnZd5YSg&utm_medium=link&utm_source=api,Unknown,no,unknown,unknown,NEUTRAL,Google 無法辨識的網址,ROBOTS_TXT_STATE_UNSPECIFIED,INDEXING_STATE_UNSPECIFIED,,PAGE_FETCH_STATE_UNSPECIFIED,,,GOOGLE_CANONICAL_ABSENT,,0,,0,,UNKNOWN,,200,,never crawled,candidate only; compare with local internal links
https://funnytools.win/guides/qr-code-utm-campaign-link-guide/,2026-09-13T08:36:05.722Z,https://search.google.com/search-console/inspect?resource_id=sc-domain:funnytools.win&id=h04n0ADvnw3nY5N2QwyMeQ&utm_medium=link&utm_source=api,Unknown,no,unknown,unknown,NEUTRAL,Google 無法辨識的網址,ROBOTS_TXT_STATE_UNSPECIFIED,INDEXING_STATE_UNSPECIFIED,,PAGE_FETCH_STATE_UNSPECIFIED,,,GOOGLE_CANONICAL_ABSENT,,0,,0,,UNKNOWN,,200,,never crawled,candidate only; compare with local internal links
https://funnytools.win/guides/qr-code-vs-barcode-guide/,2026-09-13T08:36:10.389Z,https://search.google.com/search-console/inspect?resource_id=sc-domain:funnytools.win&id=duw4L2fT3r4DWAjGfLUsWA&utm_medium=link&utm_source=api,Unknown,no,unknown,unknown,NEUTRAL,Google 無法辨識的網址,ROBOTS_TXT_STATE_UNSPECIFIED,INDEXING_STATE_UNSPECIFIED,,PAGE_FETCH_STATE_UNSPECIFIED,,,GOOGLE_CANONICAL_ABSENT,,0,,0,,UNKNOWN,,200,,never crawled,candidate only; compare with local internal links
https://funnytools.win/guides/qr-error-correction-logo-guide/,2026-09-13T08:36:12.708Z,https://search.google.com/search-console/inspect?resource_id=sc-domain:funnytools.win&id=b-hcgUAeOhRjPRCKDVUeIQ&utm_medium=link&utm_source=api,Unknown,no,unknown,unknown,NEUTRAL,Google 無法辨識的網址,ROBOTS_TXT_STATE_UNSPECIFIED,INDEXING_STATE_UNSPECIFIED,,PAGE_FETCH_STATE_UNSPECIFIED,,,GOOGLE_CANONICAL_ABSENT,,0,,0,,UNKNOWN,,200,,never crawled,candidate only; compare with local internal links
https://funnytools.win/guides/r-squared-adjusted-r-squared/,2026-09-13T08:36:17.005Z,https://search.google.com/search-console/inspect?resource_id=sc-domain:funnytools.win&id=lRNFZ_Ewbazens4awMsyLA&utm_medium=link&utm_source=api,Unknown,no,unknown,unknown,NEUTRAL,Google 無法辨識的網址,ROBOTS_TXT_STATE_UNSPECIFIED,INDEXING_STATE_UNSPECIFIED,,PAGE_FETCH_STATE_UNSPECIFIED,,,GOOGLE_CANONICAL_ABSENT,,0,,0,,UNKNOWN,,200,,never crawled,candidate only; compare with local internal links
https://funnytools.win/guides/random-password-length-security-guide/,2026-09-13T08:36:17.367Z,https://search.google.com/search-console/inspect?resource_id=sc-domain:funnytools.win&id=UyR7IafjeRL-Wn4Vo-vscQ&utm_medium=link&utm_source=api,Unknown,no,unknown,unknown,NEUTRAL,Google 無法辨識的網址,ROBOTS_TXT_STATE_UNSPECIFIED,INDEXING_STATE_UNSPECIFIED,,PAGE_FETCH_STATE_UNSPECIFIED,,,GOOGLE_CANONICAL_ABSENT,,0,,0,,UNKNOWN,,200,,never crawled,candidate only; compare with local internal links
https://funnytools.win/guides/random-sampling-with-without-replacement/,2026-09-13T08:36:20.279Z,https://search.google.com/search-console/inspect?resource_id=sc-domain:funnytools.win&id=gd4qnEJ3aR8Ysva3qKBkRA&utm_medium=link&utm_source=api,Unknown,no,unknown,unknown,NEUTRAL,Google 無法辨識的網址,ROBOTS_TXT_STATE_UNSPECIFIED,INDEXING_STATE_UNSPECIFIED,,PAGE_FETCH_STATE_UNSPECIFIED,,,GOOGLE_CANONICAL_ABSENT,,0,,0,,UNKNOWN,,200,,never crawled,candidate only; compare with local internal links
https://funnytools.win/guides/reading-time-estimate-guide/,2026-09-13T08:36:24.164Z,https://search.google.com/search-console/inspect?resource_id=sc-domain:funnytools.win&id=V64weZkLVvwcWsirPKzObg&utm_medium=link&utm_source=api,Unknown,no,unknown,unknown,NEUTRAL,Google 無法辨識的網址,ROBOTS_TXT_STATE_UNSPECIFIED,INDEXING_STATE_UNSPECIFIED,,PAGE_FETCH_STATE_UNSPECIFIED,,,GOOGLE_CANONICAL_ABSENT,,0,,0,,UNKNOWN,,200,,never crawled,candidate only; compare with local internal links
https://funnytools.win/guides/rejection-sampling-modulo-bias-guide/,2026-09-13T08:36:24.840Z,https://search.google.com/search-console/inspect?resource_id=sc-domain:funnytools.win&id=gQSBm0HCojQpa6jTc8Un4Q&utm_medium=link&utm_source=api,Unknown,no,unknown,unknown,NEUTRAL,Google 無法辨識的網址,ROBOTS_TXT_STATE_UNSPECIFIED,INDEXING_STATE_UNSPECIFIED,,PAGE_FETCH_STATE_UNSPECIFIED,,,GOOGLE_CANONICAL_ABSENT,,0,,0,,UNKNOWN,,200,,never crawled,candidate only; compare with local internal links
https://funnytools.win/guides/remove-duplicate-lines-guide/,2026-09-13T08:36:27.274Z,https://search.google.com/search-console/inspect?resource_id=sc-domain:funnytools.win&id=frd3f3ymRjfODLkVixDCzA&utm_medium=link&utm_source=api,Unknown,no,unknown,unknown,NEUTRAL,Google 無法辨識的網址,ROBOTS_TXT_STATE_UNSPECIFIED,INDEXING_STATE_UNSPECIFIED,,PAGE_FETCH_STATE_UNSPECIFIED,,,GOOGLE_CANONICAL_ABSENT,,0,,0,,UNKNOWN,,200,,never crawled,candidate only; compare with local internal links
https://funnytools.win/guides/reorder-rotate-pdf-pages/,2026-09-13T08:36:31.126Z,https://search.google.com/search-console/inspect?resource_id=sc-domain:funnytools.win&id=lqg4zWXT-9_IsVxYmISGqg&utm_medium=link&utm_source=api,Unknown,no,unknown,unknown,NEUTRAL,Google 無法辨識的網址,ROBOTS_TXT_STATE_UNSPECIFIED,INDEXING_STATE_UNSPECIFIED,,PAGE_FETCH_STATE_UNSPECIFIED,,,GOOGLE_CANONICAL_ABSENT,,0,,0,,UNKNOWN,,200,,never crawled,candidate only; compare with local internal links
https://funnytools.win/guides/resize-image-without-distortion/,2026-09-13T08:36:31.785Z,https://search.google.com/search-console/inspect?resource_id=sc-domain:funnytools.win&id=NzS8LzER-hn6IXiFOoEASg&utm_medium=link&utm_source=api,Unknown,no,unknown,unknown,NEUTRAL,Google 無法辨識的網址,ROBOTS_TXT_STATE_UNSPECIFIED,INDEXING_STATE_UNSPECIFIED,,PAGE_FETCH_STATE_UNSPECIFIED,,,GOOGLE_CANONICAL_ABSENT,,0,,0,,UNKNOWN,,200,,never crawled,candidate only; compare with local internal links
https://funnytools.win/guides/scanned-pdf-searchable-ocr-guide/,2026-09-13T08:36:34.880Z,https://search.google.com/search-console/inspect?resource_id=sc-domain:funnytools.win&id=Ws0ndxkvAkfSc0XQYH-n-Q&utm_medium=link&utm_source=api,Unknown,no,unknown,unknown,NEUTRAL,Google 無法辨識的網址,ROBOTS_TXT_STATE_UNSPECIFIED,INDEXING_STATE_UNSPECIFIED,,PAGE_FETCH_STATE_UNSPECIFIED,,,GOOGLE_CANONICAL_ABSENT,,0,,0,,UNKNOWN,,200,,never crawled,candidate only; compare with local internal links
https://funnytools.win/guides/seating-chart-changeover-routine-guide/,2026-09-13T08:36:38.235Z,https://search.google.com/search-console/inspect?resource_id=sc-domain:funnytools.win&id=CdUdrO-OyoS_DcMkTrg3Mw&utm_medium=link&utm_source=api,Unknown,no,unknown,unknown,NEUTRAL,Google 無法辨識的網址,ROBOTS_TXT_STATE_UNSPECIFIED,INDEXING_STATE_UNSPECIFIED,,PAGE_FETCH_STATE_UNSPECIFIED,,,GOOGLE_CANONICAL_ABSENT,,0,,0,,UNKNOWN,,200,,never crawled,candidate only; compare with local internal links
https://funnytools.win/guides/seating-chart-student-needs-intake-guide/,2026-09-13T08:36:38.722Z,https://search.google.com/search-console/inspect?resource_id=sc-domain:funnytools.win&id=6L-41rbl-xMVpXz_aVNpSA&utm_medium=link&utm_source=api,Unknown,no,unknown,unknown,NEUTRAL,Google 無法辨識的網址,ROBOTS_TXT_STATE_UNSPECIFIED,INDEXING_STATE_UNSPECIFIED,,PAGE_FETCH_STATE_UNSPECIFIED,,,GOOGLE_CANONICAL_ABSENT,,0,,0,,UNKNOWN,,200,,never crawled,candidate only; compare with local internal links
https://funnytools.win/guides/secure-random-vs-math-random-guide/,2026-09-13T08:36:42.232Z,https://search.google.com/search-console/inspect?resource_id=sc-domain:funnytools.win&id=LKuEuu2WBXe7m6tBFXT2tg&utm_medium=link&utm_source=api,Unknown,no,unknown,unknown,NEUTRAL,Google 無法辨識的網址,ROBOTS_TXT_STATE_UNSPECIFIED,INDEXING_STATE_UNSPECIFIED,,PAGE_FETCH_STATE_UNSPECIFIED,,,GOOGLE_CANONICAL_ABSENT,,0,,0,,UNKNOWN,,200,,never crawled,candidate only; compare with local internal links
https://funnytools.win/guides/semester-vs-cumulative-gpa-guide/,2026-09-13T08:36:45.224Z,https://search.google.com/search-console/inspect?resource_id=sc-domain:funnytools.win&id=jiUCcjkcFu2s2LdSzsXZ2A&utm_medium=link&utm_source=api,Unknown,no,unknown,unknown,NEUTRAL,Google 無法辨識的網址,ROBOTS_TXT_STATE_UNSPECIFIED,INDEXING_STATE_UNSPECIFIED,,PAGE_FETCH_STATE_UNSPECIFIED,,,GOOGLE_CANONICAL_ABSENT,,0,,0,,UNKNOWN,,200,,never crawled,candidate only; compare with local internal links
https://funnytools.win/guides/shapiro-wilk-normality-test/,2026-09-13T08:36:45.667Z,https://search.google.com/search-console/inspect?resource_id=sc-domain:funnytools.win&id=vlWZdsTtTO5l8LbgNStQOQ&utm_medium=link&utm_source=api,Unknown,no,unknown,unknown,NEUTRAL,Google 無法辨識的網址,ROBOTS_TXT_STATE_UNSPECIFIED,INDEXING_STATE_UNSPECIFIED,,PAGE_FETCH_STATE_UNSPECIFIED,,,GOOGLE_CANONICAL_ABSENT,,0,,0,,UNKNOWN,,200,,never crawled,candidate only; compare with local internal links
https://funnytools.win/guides/split-pdf-output-naming-batch-delivery-guide/,2026-09-13T08:36:49.162Z,https://search.google.com/search-console/inspect?resource_id=sc-domain:funnytools.win&id=SNGtMyaDSvhC1s0LWbN6cQ&utm_medium=link&utm_source=api,Unknown,no,unknown,unknown,NEUTRAL,Google 無法辨識的網址,ROBOTS_TXT_STATE_UNSPECIFIED,INDEXING_STATE_UNSPECIFIED,,PAGE_FETCH_STATE_UNSPECIFIED,,,GOOGLE_CANONICAL_ABSENT,,0,,0,,UNKNOWN,,200,,never crawled,candidate only; compare with local internal links
https://funnytools.win/guides/split-pdf-page-range-planning-guide/,2026-09-13T08:36:52.187Z,https://search.google.com/search-console/inspect?resource_id=sc-domain:funnytools.win&id=wv2wMuk_h_-myCkG_XLFDw&utm_medium=link&utm_source=api,Unknown,no,unknown,unknown,NEUTRAL,Google 無法辨識的網址,ROBOTS_TXT_STATE_UNSPECIFIED,INDEXING_STATE_UNSPECIFIED,,PAGE_FETCH_STATE_UNSPECIFIED,,,GOOGLE_CANONICAL_ABSENT,,0,,0,,UNKNOWN,,200,,never crawled,candidate only; compare with local internal links
https://funnytools.win/guides/spss-levene-test-guide/,2026-09-13T08:36:52.577Z,https://search.google.com/search-console/inspect?resource_id=sc-domain:funnytools.win&id=uk-esgY76SEW_ljowzbGcA&utm_medium=link&utm_source=api,Crawled Not Indexed,yes,yes,no,NEUTRAL,已檢索 - 目前尚未建立索引,ALLOWED,INDEXING_ALLOWED,2026-08-23T22:29:42Z,SUCCESSFUL,https://funnytools.win/guides/spss-levene-test-guide/,https://funnytools.win/guides/spss-levene-test-guide/,SELF_MATCH,MOBILE,0,,1,https://funnytools.win/,UNKNOWN,,200,20,15–30 days,no
https://funnytools.win/guides/standard-deviation-vs-standard-error/,2026-09-13T08:36:56.118Z,https://search.google.com/search-console/inspect?resource_id=sc-domain:funnytools.win&id=wzp1msXbnHFlI7VTvMBCcw&utm_medium=link&utm_source=api,Unknown,no,unknown,unknown,NEUTRAL,Google 無法辨識的網址,ROBOTS_TXT_STATE_UNSPECIFIED,INDEXING_STATE_UNSPECIFIED,,PAGE_FETCH_STATE_UNSPECIFIED,,,GOOGLE_CANONICAL_ABSENT,,0,,0,,UNKNOWN,,200,,never crawled,candidate only; compare with local internal links
https://funnytools.win/guides/static-vs-dynamic-qr-code-guide/,2026-09-13T08:36:59.489Z,https://search.google.com/search-console/inspect?resource_id=sc-domain:funnytools.win&id=gSod_WVkbVLeWnyL8ZYd7w&utm_medium=link&utm_source=api,Unknown,no,unknown,unknown,NEUTRAL,Google 無法辨識的網址,ROBOTS_TXT_STATE_UNSPECIFIED,INDEXING_STATE_UNSPECIFIED,,PAGE_FETCH_STATE_UNSPECIFIED,,,GOOGLE_CANONICAL_ABSENT,,0,,0,,UNKNOWN,,200,,never crawled,candidate only; compare with local internal links
https://funnytools.win/guides/statistical-test-selection/,2026-09-13T08:36:59.638Z,https://search.google.com/search-console/inspect?resource_id=sc-domain:funnytools.win&id=lX8he0AzgHs91waYuJDYCg&utm_medium=link&utm_source=api,Unknown,no,unknown,unknown,NEUTRAL,Google 無法辨識的網址,ROBOTS_TXT_STATE_UNSPECIFIED,INDEXING_STATE_UNSPECIFIED,,PAGE_FETCH_STATE_UNSPECIFIED,,,GOOGLE_CANONICAL_ABSENT,,0,,0,,UNKNOWN,,200,,never crawled,candidate only; compare with local internal links
https://funnytools.win/guides/statistical-vs-practical-significance/,2026-09-13T08:37:03.031Z,https://search.google.com/search-console/inspect?resource_id=sc-domain:funnytools.win&id=Zt3wQk23EFWliAWepr5DQQ&utm_medium=link&utm_source=api,Unknown,no,unknown,unknown,NEUTRAL,Google 無法辨識的網址,ROBOTS_TXT_STATE_UNSPECIFIED,INDEXING_STATE_UNSPECIFIED,,PAGE_FETCH_STATE_UNSPECIFIED,,,GOOGLE_CANONICAL_ABSENT,,0,,0,,UNKNOWN,,200,,never crawled,candidate only; compare with local internal links
https://funnytools.win/guides/svg-vs-png-diagram-export/,2026-09-13T08:37:06.482Z,https://search.google.com/search-console/inspect?resource_id=sc-domain:funnytools.win&id=FcWcdQ7gX1uqhM9chLnhPQ&utm_medium=link&utm_source=api,Unknown,no,unknown,unknown,NEUTRAL,Google 無法辨識的網址,ROBOTS_TXT_STATE_UNSPECIFIED,INDEXING_STATE_UNSPECIFIED,,PAGE_FETCH_STATE_UNSPECIFIED,,,GOOGLE_CANONICAL_ABSENT,,0,,0,,UNKNOWN,,200,,never crawled,candidate only; compare with local internal links
https://funnytools.win/guides/t-score-calculator-guide/,2026-09-13T08:37:06.850Z,https://search.google.com/search-console/inspect?resource_id=sc-domain:funnytools.win&id=WvnvvUpw0sV51GCCrMOa9Q&utm_medium=link&utm_source=api,Crawled Not Indexed,yes,yes,no,NEUTRAL,已檢索 - 目前尚未建立索引,ALLOWED,INDEXING_ALLOWED,2026-08-25T02:23:20Z,SUCCESSFUL,https://funnytools.win/guides/t-score-calculator-guide/,https://funnytools.win/guides/t-score-calculator-guide/,SELF_MATCH,MOBILE,0,,1,https://funnytools.win/,UNKNOWN,,200,19,15–30 days,no
https://funnytools.win/guides/t-test-apa-format-guide/,2026-09-13T08:37:09.979Z,https://search.google.com/search-console/inspect?resource_id=sc-domain:funnytools.win&id=hB-vPA66O2eJKpd2UOnu4A&utm_medium=link&utm_source=api,Crawled Not Indexed,yes,yes,no,NEUTRAL,已檢索 - 目前尚未建立索引,ALLOWED,INDEXING_ALLOWED,2026-08-13T15:51:13Z,SUCCESSFUL,https://funnytools.win/guides/t-test-apa-format-guide/,https://funnytools.win/guides/t-test-apa-format-guide/,SELF_MATCH,MOBILE,0,,1,https://funnytools.win/,UNKNOWN,,200,30,15–30 days,no
https://funnytools.win/guides/teacher-exam-weighted-score-guide/,2026-09-13T08:37:13.408Z,https://search.google.com/search-console/inspect?resource_id=sc-domain:funnytools.win&id=_aKe2KTKmY62Lbcx8UO8dA&utm_medium=link&utm_source=api,Crawled Not Indexed,yes,yes,no,NEUTRAL,已檢索 - 目前尚未建立索引,ALLOWED,INDEXING_ALLOWED,2026-08-29T02:38:32Z,SUCCESSFUL,https://funnytools.win/guides/teacher-exam-weighted-score-guide/,https://funnytools.win/guides/teacher-exam-weighted-score-guide/,SELF_MATCH,MOBILE,0,,2,https://funnytools.win/es/guias/calcular-nota-oposicion-docente/; https://funnytools.win/,UNKNOWN,,200,15,15–30 days,no
https://funnytools.win/guides/text-sort-alphabetical-numeric-length-guide/,2026-09-13T08:37:13.928Z,https://search.google.com/search-console/inspect?resource_id=sc-domain:funnytools.win&id=AUuX9fmx--I9zlgQ_zfI6A&utm_medium=link&utm_source=api,Unknown,no,unknown,unknown,NEUTRAL,Google 無法辨識的網址,ROBOTS_TXT_STATE_UNSPECIFIED,INDEXING_STATE_UNSPECIFIED,,PAGE_FETCH_STATE_UNSPECIFIED,,,GOOGLE_CANONICAL_ABSENT,,0,,0,,UNKNOWN,,200,,never crawled,candidate only; compare with local internal links
https://funnytools.win/guides/text-writing/,2026-09-13T08:37:16.919Z,https://search.google.com/search-console/inspect?resource_id=sc-domain:funnytools.win&id=woLx2jZaWEAFpeFCQp-dgQ&utm_medium=link&utm_source=api,Unknown,no,unknown,unknown,NEUTRAL,Google 無法辨識的網址,ROBOTS_TXT_STATE_UNSPECIFIED,INDEXING_STATE_UNSPECIFIED,,PAGE_FETCH_STATE_UNSPECIFIED,,,GOOGLE_CANONICAL_ABSENT,,0,,0,,UNKNOWN,,200,,never crawled,candidate only; compare with local internal links
https://funnytools.win/guides/title-case-vs-sentence-case-guide/,2026-09-13T08:37:20.343Z,https://search.google.com/search-console/inspect?resource_id=sc-domain:funnytools.win&id=diKYPOQ0uYOps3JFNo0Kug&utm_medium=link&utm_source=api,Unknown,no,unknown,unknown,NEUTRAL,Google 無法辨識的網址,ROBOTS_TXT_STATE_UNSPECIFIED,INDEXING_STATE_UNSPECIFIED,,PAGE_FETCH_STATE_UNSPECIFIED,,,GOOGLE_CANONICAL_ABSENT,,0,,0,,UNKNOWN,,200,,never crawled,candidate only; compare with local internal links
https://funnytools.win/guides/two-way-anova-interaction-guide/,2026-09-13T08:37:20.905Z,https://search.google.com/search-console/inspect?resource_id=sc-domain:funnytools.win&id=HzjVXW_rG5cmfppFfu63HA&utm_medium=link&utm_source=api,Unknown,no,unknown,unknown,NEUTRAL,Google 無法辨識的網址,ROBOTS_TXT_STATE_UNSPECIFIED,INDEXING_STATE_UNSPECIFIED,,PAGE_FETCH_STATE_UNSPECIFIED,,,GOOGLE_CANONICAL_ABSENT,,0,,0,,UNKNOWN,,200,,never crawled,candidate only; compare with local internal links
https://funnytools.win/guides/unit-price-comparison-guide/,2026-09-13T08:37:23.834Z,https://search.google.com/search-console/inspect?resource_id=sc-domain:funnytools.win&id=S-wx_kOJ_CxM_-8L5WiPqg&utm_medium=link&utm_source=api,Unknown,no,unknown,unknown,NEUTRAL,Google 無法辨識的網址,ROBOTS_TXT_STATE_UNSPECIFIED,INDEXING_STATE_UNSPECIFIED,,PAGE_FETCH_STATE_UNSPECIFIED,,,GOOGLE_CANONICAL_ABSENT,,0,,0,,UNKNOWN,,200,,never crawled,candidate only; compare with local internal links
https://funnytools.win/guides/unix-timestamp-seconds-milliseconds-guide/,2026-09-13T08:37:27.501Z,https://search.google.com/search-console/inspect?resource_id=sc-domain:funnytools.win&id=XTFzJNi6Bh43LPQaO2ry-w&utm_medium=link&utm_source=api,Unknown,no,unknown,unknown,NEUTRAL,Google 無法辨識的網址,ROBOTS_TXT_STATE_UNSPECIFIED,INDEXING_STATE_UNSPECIFIED,,PAGE_FETCH_STATE_UNSPECIFIED,,,GOOGLE_CANONICAL_ABSENT,,0,,0,,UNKNOWN,,200,,never crawled,candidate only; compare with local internal links
https://funnytools.win/guides/url-encoding-percent-encoding-guide/,2026-09-13T08:37:28.071Z,https://search.google.com/search-console/inspect?resource_id=sc-domain:funnytools.win&id=G8MIHcwGHoC3KiFZHRxAFA&utm_medium=link&utm_source=api,Unknown,no,unknown,unknown,NEUTRAL,Google 無法辨識的網址,ROBOTS_TXT_STATE_UNSPECIFIED,INDEXING_STATE_UNSPECIFIED,,PAGE_FETCH_STATE_UNSPECIFIED,,,GOOGLE_CANONICAL_ABSENT,,0,,0,,UNKNOWN,,200,,never crawled,candidate only; compare with local internal links
https://funnytools.win/guides/utf8-bytes-vs-characters-guide/,2026-09-13T08:37:30.972Z,https://search.google.com/search-console/inspect?resource_id=sc-domain:funnytools.win&id=6Pb731O-GxY2nKkaBdVmjw&utm_medium=link&utm_source=api,Unknown,no,unknown,unknown,NEUTRAL,Google 無法辨識的網址,ROBOTS_TXT_STATE_UNSPECIFIED,INDEXING_STATE_UNSPECIFIED,,PAGE_FETCH_STATE_UNSPECIFIED,,,GOOGLE_CANONICAL_ABSENT,,0,,0,,UNKNOWN,,200,,never crawled,candidate only; compare with local internal links
https://funnytools.win/guides/uuid-v4-collision-probability-guide/,2026-09-13T08:37:34.428Z,https://search.google.com/search-console/inspect?resource_id=sc-domain:funnytools.win&id=LIEwVxtxnfm575XHGNx7ug&utm_medium=link&utm_source=api,Unknown,no,unknown,unknown,NEUTRAL,Google 無法辨識的網址,ROBOTS_TXT_STATE_UNSPECIFIED,INDEXING_STATE_UNSPECIFIED,,PAGE_FETCH_STATE_UNSPECIFIED,,,GOOGLE_CANONICAL_ABSENT,,0,,0,,UNKNOWN,,200,,never crawled,candidate only; compare with local internal links
https://funnytools.win/guides/uuid-v4-vs-v7-guide/,2026-09-13T08:37:35.040Z,https://search.google.com/search-console/inspect?resource_id=sc-domain:funnytools.win&id=KTZExUK_SNJnIfUKjNpnDg&utm_medium=link&utm_source=api,Unknown,no,unknown,unknown,NEUTRAL,Google 無法辨識的網址,ROBOTS_TXT_STATE_UNSPECIFIED,INDEXING_STATE_UNSPECIFIED,,PAGE_FETCH_STATE_UNSPECIFIED,,,GOOGLE_CANONICAL_ABSENT,,0,,0,,UNKNOWN,,200,,never crawled,candidate only; compare with local internal links
https://funnytools.win/guides/visual-schedule-slots-guide/,2026-09-13T08:37:37.972Z,https://search.google.com/search-console/inspect?resource_id=sc-domain:funnytools.win&id=3ewKYUaLozOiyGy5tmB1uw&utm_medium=link&utm_source=api,Unknown,no,unknown,unknown,NEUTRAL,Google 無法辨識的網址,ROBOTS_TXT_STATE_UNSPECIFIED,INDEXING_STATE_UNSPECIFIED,,PAGE_FETCH_STATE_UNSPECIFIED,,,GOOGLE_CANONICAL_ABSENT,,0,,0,,UNKNOWN,,200,,never crawled,candidate only; compare with local internal links
https://funnytools.win/guides/weighted-grade-weights-not-100-guide/,2026-09-13T08:37:41.664Z,https://search.google.com/search-console/inspect?resource_id=sc-domain:funnytools.win&id=KuTseOmFGYi5zAkhWhEu3g&utm_medium=link&utm_source=api,Unknown,no,unknown,unknown,NEUTRAL,Google 無法辨識的網址,ROBOTS_TXT_STATE_UNSPECIFIED,INDEXING_STATE_UNSPECIFIED,,PAGE_FETCH_STATE_UNSPECIFIED,,,GOOGLE_CANONICAL_ABSENT,,0,,0,,UNKNOWN,,200,,never crawled,candidate only; compare with local internal links
https://funnytools.win/guides/wifi-qr-code-format-security-guide/,2026-09-13T08:37:41.989Z,https://search.google.com/search-console/inspect?resource_id=sc-domain:funnytools.win&id=GSpO38nRj7us0Ppk_04ARg&utm_medium=link&utm_source=api,Unknown,no,unknown,unknown,NEUTRAL,Google 無法辨識的網址,ROBOTS_TXT_STATE_UNSPECIFIED,INDEXING_STATE_UNSPECIFIED,,PAGE_FETCH_STATE_UNSPECIFIED,,,GOOGLE_CANONICAL_ABSENT,,0,,0,,UNKNOWN,,200,,never crawled,candidate only; compare with local internal links
https://funnytools.win/guides/word-count-essay-limits-guide/,2026-09-13T08:37:44.889Z,https://search.google.com/search-console/inspect?resource_id=sc-domain:funnytools.win&id=4FBla8rRCQMfBEB1BxUSQQ&utm_medium=link&utm_source=api,Unknown,no,unknown,unknown,NEUTRAL,Google 無法辨識的網址,ROBOTS_TXT_STATE_UNSPECIFIED,INDEXING_STATE_UNSPECIFIED,,PAGE_FETCH_STATE_UNSPECIFIED,,,GOOGLE_CANONICAL_ABSENT,,0,,0,,UNKNOWN,,200,,never crawled,candidate only; compare with local internal links
https://funnytools.win/guides/word-count-vs-character-count-guide/,2026-09-13T08:37:48.774Z,https://search.google.com/search-console/inspect?resource_id=sc-domain:funnytools.win&id=8_sO9JJB9mR3wCLTSX44QQ&utm_medium=link&utm_source=api,Unknown,no,unknown,unknown,NEUTRAL,Google 無法辨識的網址,ROBOTS_TXT_STATE_UNSPECIFIED,INDEXING_STATE_UNSPECIFIED,,PAGE_FETCH_STATE_UNSPECIFIED,,,GOOGLE_CANONICAL_ABSENT,,0,,0,,UNKNOWN,,200,,never crawled,candidate only; compare with local internal links
https://funnytools.win/guides/work-deadline-business-day-planning/,2026-09-13T08:37:49.031Z,https://search.google.com/search-console/inspect?resource_id=sc-domain:funnytools.win&id=GRWeSKn8CQIIRE1A1nRvQg&utm_medium=link&utm_source=api,Unknown,no,unknown,unknown,NEUTRAL,Google 無法辨識的網址,ROBOTS_TXT_STATE_UNSPECIFIED,INDEXING_STATE_UNSPECIFIED,,PAGE_FETCH_STATE_UNSPECIFIED,,,GOOGLE_CANONICAL_ABSENT,,0,,0,,UNKNOWN,,200,,never crawled,candidate only; compare with local internal links
https://funnytools.win/guides/z-score-calculator-guide/,2026-09-13T08:37:51.871Z,https://search.google.com/search-console/inspect?resource_id=sc-domain:funnytools.win&id=PzVj-UNPHCso_vrPfoubkg&utm_medium=link&utm_source=api,Crawled Not Indexed,yes,yes,no,NEUTRAL,已檢索 - 目前尚未建立索引,ALLOWED,INDEXING_ALLOWED,2026-08-25T03:38:20Z,SUCCESSFUL,https://funnytools.win/guides/z-score-calculator-guide/,https://funnytools.win/guides/z-score-calculator-guide/,SELF_MATCH,MOBILE,0,,2,https://funnytools.win/; http://funnytools.win/tools/z-score-calculator/,UNKNOWN,,200,19,15–30 days,no
https://funnytools.win/methodology/,2026-09-13T08:37:55.925Z,https://search.google.com/search-console/inspect?resource_id=sc-domain:funnytools.win&id=IG-FR_rMai9iuOB3EOMU3w&utm_medium=link&utm_source=api,Unknown,no,unknown,unknown,NEUTRAL,Google 無法辨識的網址,ROBOTS_TXT_STATE_UNSPECIFIED,INDEXING_STATE_UNSPECIFIED,,PAGE_FETCH_STATE_UNSPECIFIED,,,GOOGLE_CANONICAL_ABSENT,,0,,0,,UNKNOWN,,200,,never crawled,candidate only; compare with local internal links
https://funnytools.win/methodology/accessibility-compatibility/,2026-09-13T08:37:56.104Z,https://search.google.com/search-console/inspect?resource_id=sc-domain:funnytools.win&id=YM4LfivbtKdevfWD9bsgew&utm_medium=link&utm_source=api,Unknown,no,unknown,unknown,NEUTRAL,Google 無法辨識的網址,ROBOTS_TXT_STATE_UNSPECIFIED,INDEXING_STATE_UNSPECIFIED,,PAGE_FETCH_STATE_UNSPECIFIED,,,GOOGLE_CANONICAL_ABSENT,,0,,0,,UNKNOWN,,200,,never crawled,candidate only; compare with local internal links
https://funnytools.win/methodology/ai-assisted-content/,2026-09-13T08:37:59.070Z,https://search.google.com/search-console/inspect?resource_id=sc-domain:funnytools.win&id=_QQmGuWUctge6bHlDmBgJA&utm_medium=link&utm_source=api,Unknown,no,unknown,unknown,NEUTRAL,Google 無法辨識的網址,ROBOTS_TXT_STATE_UNSPECIFIED,INDEXING_STATE_UNSPECIFIED,,PAGE_FETCH_STATE_UNSPECIFIED,,,GOOGLE_CANONICAL_ABSENT,,0,,0,,UNKNOWN,,200,,never crawled,candidate only; compare with local internal links
https://funnytools.win/methodology/browser-local-processing/,2026-09-13T08:38:02.911Z,https://search.google.com/search-console/inspect?resource_id=sc-domain:funnytools.win&id=-6uln__oWUdmoUeJ0MWJFw&utm_medium=link&utm_source=api,Unknown,no,unknown,unknown,NEUTRAL,Google 無法辨識的網址,ROBOTS_TXT_STATE_UNSPECIFIED,INDEXING_STATE_UNSPECIFIED,,PAGE_FETCH_STATE_UNSPECIFIED,,,GOOGLE_CANONICAL_ABSENT,,0,,0,,UNKNOWN,,200,,never crawled,candidate only; compare with local internal links
https://funnytools.win/methodology/calculator-formula-verification/,2026-09-13T08:38:03.593Z,https://search.google.com/search-console/inspect?resource_id=sc-domain:funnytools.win&id=g-sGgdwH1NGw6pHmee_KKw&utm_medium=link&utm_source=api,Unknown,no,unknown,unknown,NEUTRAL,Google 無法辨識的網址,ROBOTS_TXT_STATE_UNSPECIFIED,INDEXING_STATE_UNSPECIFIED,,PAGE_FETCH_STATE_UNSPECIFIED,,,GOOGLE_CANONICAL_ABSENT,,0,,0,,UNKNOWN,,200,,never crawled,candidate only; compare with local internal links
https://funnytools.win/methodology/content-sourcing-corrections/,2026-09-13T08:38:06.182Z,https://search.google.com/search-console/inspect?resource_id=sc-domain:funnytools.win&id=OWNbLlQNI4BJ5fzQ2Sw0nA&utm_medium=link&utm_source=api,Unknown,no,unknown,unknown,NEUTRAL,Google 無法辨識的網址,ROBOTS_TXT_STATE_UNSPECIFIED,INDEXING_STATE_UNSPECIFIED,,PAGE_FETCH_STATE_UNSPECIFIED,,,GOOGLE_CANONICAL_ABSENT,,0,,0,,UNKNOWN,,200,,never crawled,candidate only; compare with local internal links
https://funnytools.win/methodology/file-tool-verification/,2026-09-13T08:38:09.909Z,https://search.google.com/search-console/inspect?resource_id=sc-domain:funnytools.win&id=2cqD602fXIXTo5PxZ7qFDg&utm_medium=link&utm_source=api,Unknown,no,unknown,unknown,NEUTRAL,Google 無法辨識的網址,ROBOTS_TXT_STATE_UNSPECIFIED,INDEXING_STATE_UNSPECIFIED,,PAGE_FETCH_STATE_UNSPECIFIED,,,GOOGLE_CANONICAL_ABSENT,,0,,0,,UNKNOWN,,200,,never crawled,candidate only; compare with local internal links
https://funnytools.win/methodology/public-test-cases/,2026-09-13T08:38:10.541Z,https://search.google.com/search-console/inspect?resource_id=sc-domain:funnytools.win&id=ej7N4X7iu05IV0dITr25cg&utm_medium=link&utm_source=api,Unknown,no,unknown,unknown,NEUTRAL,Google 無法辨識的網址,ROBOTS_TXT_STATE_UNSPECIFIED,INDEXING_STATE_UNSPECIFIED,,PAGE_FETCH_STATE_UNSPECIFIED,,,GOOGLE_CANONICAL_ABSENT,,0,,0,,UNKNOWN,,200,,never crawled,candidate only; compare with local internal links
https://funnytools.win/methodology/randomness-security/,2026-09-13T08:38:13.141Z,https://search.google.com/search-console/inspect?resource_id=sc-domain:funnytools.win&id=eW_r_o-SFq7Gqs2gyq1_Ug&utm_medium=link&utm_source=api,Unknown,no,unknown,unknown,NEUTRAL,Google 無法辨識的網址,ROBOTS_TXT_STATE_UNSPECIFIED,INDEXING_STATE_UNSPECIFIED,,PAGE_FETCH_STATE_UNSPECIFIED,,,GOOGLE_CANONICAL_ABSENT,,0,,0,,UNKNOWN,,200,,never crawled,candidate only; compare with local internal links
https://funnytools.win/methodology/tool-verification/,2026-09-13T08:38:17.120Z,https://search.google.com/search-console/inspect?resource_id=sc-domain:funnytools.win&id=LpOtKhG0CmuKt-vDEMeUmQ&utm_medium=link&utm_source=api,Unknown,no,unknown,unknown,NEUTRAL,Google 無法辨識的網址,ROBOTS_TXT_STATE_UNSPECIFIED,INDEXING_STATE_UNSPECIFIED,,PAGE_FETCH_STATE_UNSPECIFIED,,,GOOGLE_CANONICAL_ABSENT,,0,,0,,UNKNOWN,,200,,never crawled,candidate only; compare with local internal links
https://funnytools.win/privacy/,2026-09-13T08:38:17.649Z,https://search.google.com/search-console/inspect?resource_id=sc-domain:funnytools.win&id=45Wu0fBpDOIwlwpPHX9bbg&utm_medium=link&utm_source=api,Crawled Not Indexed,yes,yes,no,NEUTRAL,已檢索 - 目前尚未建立索引,ALLOWED,INDEXING_ALLOWED,2026-08-18T20:38:37Z,SUCCESSFUL,https://funnytools.win/privacy/,https://funnytools.win/privacy/,SELF_MATCH,MOBILE,0,,3,https://funnytools.win/es/privacidad/; https://funnytools.win/; https://funnytools.win/tools/qr-code-generator/,UNKNOWN,,200,25,15–30 days,no
https://funnytools.win/shop/,2026-09-13T08:38:20.067Z,https://search.google.com/search-console/inspect?resource_id=sc-domain:funnytools.win&id=qStJoYU8zQTUVkDi6J5Aqw&utm_medium=link&utm_source=api,Unknown,no,unknown,unknown,NEUTRAL,Google 無法辨識的網址,ROBOTS_TXT_STATE_UNSPECIFIED,INDEXING_STATE_UNSPECIFIED,,PAGE_FETCH_STATE_UNSPECIFIED,,,GOOGLE_CANONICAL_ABSENT,,0,,0,,UNKNOWN,,200,,never crawled,candidate only; compare with local internal links
https://funnytools.win/support/,2026-09-13T08:38:24.082Z,https://search.google.com/search-console/inspect?resource_id=sc-domain:funnytools.win&id=-OUEJzY545C-CXHaqEtEfg&utm_medium=link&utm_source=api,Crawled Not Indexed,yes,yes,no,NEUTRAL,已檢索 - 目前尚未建立索引,ALLOWED,INDEXING_ALLOWED,2026-08-16T15:27:01Z,SUCCESSFUL,https://funnytools.win/support/,https://funnytools.win/support/,SELF_MATCH,MOBILE,0,,4,https://funnytools.win/; http://funnytools.win/support/; https://funnytools.win/tools/random-wheel/; https://funnytools.win/tools/class-rank-percentile-calculator/,UNKNOWN,,200,27,15–30 days,no
https://funnytools.win/terms/,2026-09-13T08:38:24.775Z,https://search.google.com/search-console/inspect?resource_id=sc-domain:funnytools.win&id=CX1ZyHZlRLMBwCdQEJEG7Q&utm_medium=link&utm_source=api,Crawled Not Indexed,yes,yes,no,NEUTRAL,已檢索 - 目前尚未建立索引,ALLOWED,INDEXING_ALLOWED,2026-08-13T13:59:01Z,SUCCESSFUL,https://funnytools.win/terms/,https://funnytools.win/terms/,SELF_MATCH,MOBILE,0,,2,https://funnytools.win/; https://funnytools.win/tools/random-student-picker/,UNKNOWN,,200,30,15–30 days,no
https://funnytools.win/tools/,2026-09-13T08:38:26.953Z,https://search.google.com/search-console/inspect?resource_id=sc-domain:funnytools.win&id=iGZuuVzD3ib32v6joxEReA&utm_medium=link&utm_source=api,Crawled Not Indexed,yes,yes,no,NEUTRAL,已檢索 - 目前尚未建立索引,ALLOWED,INDEXING_ALLOWED,2026-08-08T05:55:55Z,SUCCESSFUL,https://funnytools.win/tools/,https://funnytools.win/tools/,SELF_MATCH,MOBILE,0,,3,https://funnytools.win/en/tools/; https://funnytools.win/; https://www.dcard.tw/topics/%E5%AD%B8%E7%94%9F,UNKNOWN,,200,36,>30 days,no
https://funnytools.win/tools/age-calculator/,2026-09-13T08:38:30.998Z,https://search.google.com/search-console/inspect?resource_id=sc-domain:funnytools.win&id=uyKz7KEqEANiYAs0B98CPA&utm_medium=link&utm_source=api,Crawled Not Indexed,yes,yes,no,NEUTRAL,已檢索 - 目前尚未建立索引,ALLOWED,INDEXING_ALLOWED,2026-08-04T08:59:48Z,SUCCESSFUL,https://funnytools.win/tools/age-calculator/,https://funnytools.win/tools/age-calculator/,SELF_MATCH,MOBILE,0,,3,https://funnytools.win/; http://funnytools.win/; https://funnytools.win/category/time/,UNKNOWN,,200,39,>30 days,no
https://funnytools.win/tools/apa-7-report-generator/,2026-09-13T08:38:31.725Z,https://search.google.com/search-console/inspect?resource_id=sc-domain:funnytools.win&id=XD3GDhxbf4JQH0HzV7eAzw&utm_medium=link&utm_source=api,Crawled Not Indexed,yes,yes,no,NEUTRAL,已檢索 - 目前尚未建立索引,ALLOWED,INDEXING_ALLOWED,2026-08-05T07:58:07Z,SUCCESSFUL,https://funnytools.win/tools/apa-7-report-generator/,https://funnytools.win/tools/apa-7-report-generator/,SELF_MATCH,MOBILE,0,,1,https://funnytools.win/,UNKNOWN,,200,39,>30 days,no
https://funnytools.win/tools/bar-chart-maker/,2026-09-13T08:38:33.863Z,https://search.google.com/search-console/inspect?resource_id=sc-domain:funnytools.win&id=MOyetCt1lUcLc5GJtPULrw&utm_medium=link&utm_source=api,Crawled Not Indexed,yes,yes,no,NEUTRAL,已檢索 - 目前尚未建立索引,ALLOWED,INDEXING_ALLOWED,2026-08-13T18:43:24Z,SUCCESSFUL,https://funnytools.win/tools/bar-chart-maker/,https://funnytools.win/tools/bar-chart-maker/,SELF_MATCH,MOBILE,0,,2,https://funnytools.win/; https://funnytools.win/en/tools/bar-chart-maker/,UNKNOWN,,200,30,15–30 days,no
https://funnytools.win/tools/barcode-generator/,2026-09-13T08:38:38.204Z,https://search.google.com/search-console/inspect?resource_id=sc-domain:funnytools.win&id=Fe08BqJ3lH5j039E_42hMw&utm_medium=link&utm_source=api,Unknown,no,unknown,unknown,NEUTRAL,Google 無法辨識的網址,ROBOTS_TXT_STATE_UNSPECIFIED,INDEXING_STATE_UNSPECIFIED,,PAGE_FETCH_STATE_UNSPECIFIED,,,GOOGLE_CANONICAL_ABSENT,,0,,0,,UNKNOWN,,200,,never crawled,candidate only; compare with local internal links
https://funnytools.win/tools/base64/,2026-09-13T08:38:39.099Z,https://search.google.com/search-console/inspect?resource_id=sc-domain:funnytools.win&id=yexXyvL5trssHkFtNm4UNw&utm_medium=link&utm_source=api,Crawled Not Indexed,yes,yes,no,NEUTRAL,已檢索 - 目前尚未建立索引,ALLOWED,INDEXING_ALLOWED,2026-08-21T15:50:49Z,SUCCESSFUL,https://funnytools.win/tools/base64/,https://funnytools.win/tools/base64/,SELF_MATCH,MOBILE,0,,3,https://funnytools.win/en/tools/base64/; https://funnytools.win/; https://funnytools.win/tools/,UNKNOWN,,200,22,15–30 days,no
https://funnytools.win/tools/break-reminder/,2026-09-13T08:38:40.838Z,https://search.google.com/search-console/inspect?resource_id=sc-domain:funnytools.win&id=iT75hjqBLYNuyKV-_coKgw&utm_medium=link&utm_source=api,Crawled Not Indexed,yes,yes,no,NEUTRAL,已檢索 - 目前尚未建立索引,ALLOWED,INDEXING_ALLOWED,2026-08-18T01:16:28Z,SUCCESSFUL,https://funnytools.win/tools/break-reminder/,https://funnytools.win/tools/break-reminder/,SELF_MATCH,MOBILE,0,,2,https://funnytools.win/; https://funnytools.win/tools/,UNKNOWN,,200,26,15–30 days,no
https://funnytools.win/tools/bulk-image-compressor/,2026-09-13T08:38:45.156Z,https://search.google.com/search-console/inspect?resource_id=sc-domain:funnytools.win&id=IeyeY_GG3eLERjjovHV-ow&utm_medium=link&utm_source=api,Unknown,no,unknown,unknown,NEUTRAL,Google 無法辨識的網址,ROBOTS_TXT_STATE_UNSPECIFIED,INDEXING_STATE_UNSPECIFIED,,PAGE_FETCH_STATE_UNSPECIFIED,,,GOOGLE_CANONICAL_ABSENT,,0,,0,,UNKNOWN,,200,,never crawled,candidate only; compare with local internal links
https://funnytools.win/tools/business-days/,2026-09-13T08:38:46.051Z,https://search.google.com/search-console/inspect?resource_id=sc-domain:funnytools.win&id=UW0tKoGgHLty7xhwTSiMUQ&utm_medium=link&utm_source=api,Crawled Not Indexed,yes,yes,no,NEUTRAL,已檢索 - 目前尚未建立索引,ALLOWED,INDEXING_ALLOWED,2026-08-20T15:12:32Z,SUCCESSFUL,https://funnytools.win/tools/business-days/,https://funnytools.win/tools/business-days/,SELF_MATCH,MOBILE,0,,3,https://funnytools.win/; https://www.funnytools.win/; https://funnytools.win/category/time/,UNKNOWN,,200,23,15–30 days,no
https://funnytools.win/tools/cad-2d/,2026-09-13T08:38:47.783Z,https://search.google.com/search-console/inspect?resource_id=sc-domain:funnytools.win&id=ieW-0ilXVuE7QiD0IMMdKg&utm_medium=link&utm_source=api,Crawled Not Indexed,yes,yes,no,NEUTRAL,已檢索 - 目前尚未建立索引,ALLOWED,INDEXING_ALLOWED,2026-08-10T02:39:59Z,SUCCESSFUL,https://funnytools.win/tools/cad-2d/,https://funnytools.win/tools/cad-2d/,SELF_MATCH,MOBILE,0,,3,https://funnytools.win/en/tools/cad-2d/; https://funnytools.win/; https://funnytools.win/tools/pie-chart-maker/,UNKNOWN,,200,34,>30 days,no
https://funnytools.win/tools/case-converter/,2026-09-13T08:38:52.079Z,https://search.google.com/search-console/inspect?resource_id=sc-domain:funnytools.win&id=U5pUPykia1ec5UutYfjXxw&utm_medium=link&utm_source=api,Crawled Not Indexed,yes,yes,no,NEUTRAL,已檢索 - 目前尚未建立索引,ALLOWED,INDEXING_ALLOWED,2026-08-21T06:05:47Z,SUCCESSFUL,https://funnytools.win/tools/case-converter/,https://funnytools.win/tools/case-converter/,SELF_MATCH,MOBILE,0,,2,https://funnytools.win/; https://funnytools.win/tools/,UNKNOWN,,200,23,15–30 days,no
https://funnytools.win/tools/character-counter/,2026-09-13T08:38:52.963Z,https://search.google.com/search-console/inspect?resource_id=sc-domain:funnytools.win&id=8TC-grlZWaVtz0Z4U_cceQ&utm_medium=link&utm_source=api,Unknown,no,unknown,unknown,NEUTRAL,Google 無法辨識的網址,ROBOTS_TXT_STATE_UNSPECIFIED,INDEXING_STATE_UNSPECIFIED,,PAGE_FETCH_STATE_UNSPECIFIED,,,GOOGLE_CANONICAL_ABSENT,,0,,0,,UNKNOWN,,200,,never crawled,candidate only; compare with local internal links
https://funnytools.win/tools/class-rank-percentile-calculator/,2026-09-13T08:38:54.684Z,https://search.google.com/search-console/inspect?resource_id=sc-domain:funnytools.win&id=RUYOaa1S0ZKkWXCv80Ahew&utm_medium=link&utm_source=api,Crawled Not Indexed,yes,yes,no,NEUTRAL,已檢索 - 目前尚未建立索引,ALLOWED,INDEXING_ALLOWED,2026-08-19T01:54:04Z,SUCCESSFUL,https://funnytools.win/tools/class-rank-percentile-calculator/,https://funnytools.win/tools/class-rank-percentile-calculator/,SELF_MATCH,MOBILE,0,,2,https://funnytools.win/en/tools/class-rank-percentile-calculator/; https://funnytools.win/,UNKNOWN,,200,25,15–30 days,no
https://funnytools.win/tools/color-generator/,2026-09-13T08:38:59.012Z,https://search.google.com/search-console/inspect?resource_id=sc-domain:funnytools.win&id=MAIjnXopP67QwCjps2CYyA&utm_medium=link&utm_source=api,Crawled Not Indexed,yes,yes,no,NEUTRAL,已檢索 - 目前尚未建立索引,ALLOWED,INDEXING_ALLOWED,2026-08-13T14:37:00Z,SUCCESSFUL,https://funnytools.win/tools/color-generator/,https://funnytools.win/tools/color-generator/,SELF_MATCH,MOBILE,0,,2,https://funnytools.win/; https://funnytools.win/tools/,UNKNOWN,,200,30,15–30 days,no
https://funnytools.win/tools/compound-interest/,2026-09-13T08:38:59.997Z,https://search.google.com/search-console/inspect?resource_id=sc-domain:funnytools.win&id=hnSYD1dGWfLQZrFT0QFAYQ&utm_medium=link&utm_source=api,Crawled Not Indexed,yes,yes,no,NEUTRAL,已檢索 - 目前尚未建立索引,ALLOWED,INDEXING_ALLOWED,2026-08-30T04:34:55Z,SUCCESSFUL,https://funnytools.win/tools/compound-interest/,https://funnytools.win/tools/compound-interest/,SELF_MATCH,MOBILE,0,,3,https://funnytools.win/en/tools/compound-interest/; https://funnytools.win/; https://funnytools.win/tools/,UNKNOWN,,200,14,7–14 days,no
https://funnytools.win/tools/countdown-timer/,2026-09-13T08:39:01.575Z,https://search.google.com/search-console/inspect?resource_id=sc-domain:funnytools.win&id=dtf2QXcumOOQGykff8oDWw&utm_medium=link&utm_source=api,Crawled Not Indexed,yes,yes,no,NEUTRAL,已檢索 - 目前尚未建立索引,ALLOWED,INDEXING_ALLOWED,2026-08-14T02:47:43Z,SUCCESSFUL,https://funnytools.win/tools/countdown-timer/,https://funnytools.win/tools/countdown-timer/,SELF_MATCH,MOBILE,0,,3,https://funnytools.win/en/tools/countdown-timer/; https://funnytools.win/; https://funnytools.win/tools/,UNKNOWN,,200,30,15–30 days,no
https://funnytools.win/tools/cronbach-alpha-calculator/,2026-09-13T08:39:06.332Z,https://search.google.com/search-console/inspect?resource_id=sc-domain:funnytools.win&id=-6-cqvB0o8PzmgS3Ko4gSw&utm_medium=link&utm_source=api,Crawled Not Indexed,yes,yes,no,NEUTRAL,已檢索 - 目前尚未建立索引,ALLOWED,INDEXING_ALLOWED,2026-08-18T22:35:45Z,SUCCESSFUL,https://funnytools.win/tools/cronbach-alpha-calculator/,https://funnytools.win/tools/cronbach-alpha-calculator/,SELF_MATCH,MOBILE,0,,2,https://funnytools.win/; https://funnytools.win/en/tools/cronbach-alpha-calculator/,UNKNOWN,,200,25,15–30 days,no
https://funnytools.win/tools/csv-to-json/,2026-09-13T08:39:06.940Z,https://search.google.com/search-console/inspect?resource_id=sc-domain:funnytools.win&id=eUY-jwE9oav13M851R8G0Q&utm_medium=link&utm_source=api,Crawled Not Indexed,yes,yes,no,NEUTRAL,已檢索 - 目前尚未建立索引,ALLOWED,INDEXING_ALLOWED,2026-08-18T22:09:13Z,SUCCESSFUL,https://funnytools.win/tools/csv-to-json/,https://funnytools.win/tools/csv-to-json/,SELF_MATCH,MOBILE,0,,3,https://funnytools.win/en/tools/csv-to-json/; https://funnytools.win/; https://funnytools.win/category/text/,UNKNOWN,,200,25,15–30 days,no
https://funnytools.win/tools/date-difference/,2026-09-13T08:39:08.494Z,https://search.google.com/search-console/inspect?resource_id=sc-domain:funnytools.win&id=09XNjY5gjHxTkb4-PwWNAw&utm_medium=link&utm_source=api,Crawled Not Indexed,yes,yes,no,NEUTRAL,已檢索 - 目前尚未建立索引,ALLOWED,INDEXING_ALLOWED,2026-08-14T02:47:42Z,SUCCESSFUL,https://funnytools.win/tools/date-difference/,https://funnytools.win/tools/date-difference/,SELF_MATCH,MOBILE,0,,3,https://funnytools.win/en/tools/date-difference/; https://funnytools.win/; https://funnytools.win/category/time/,UNKNOWN,,200,30,15–30 days,no
https://funnytools.win/tools/delete-pdf-pages/,2026-09-13T08:39:13.268Z,https://search.google.com/search-console/inspect?resource_id=sc-domain:funnytools.win&id=HXxKmRbkoencDLq_esP7YQ&utm_medium=link&utm_source=api,Crawled Not Indexed,yes,yes,no,NEUTRAL,已檢索 - 目前尚未建立索引,ALLOWED,INDEXING_ALLOWED,2026-08-19T10:39:04Z,SUCCESSFUL,https://funnytools.win/tools/delete-pdf-pages/,https://funnytools.win/tools/delete-pdf-pages/,SELF_MATCH,MOBILE,0,,3,https://funnytools.win/en/tools/delete-pdf-pages/; https://funnytools.win/; https://funnytools.win/tools/,UNKNOWN,,200,24,15–30 days,no
https://funnytools.win/tools/dice-roller/,2026-09-13T08:39:14.272Z,https://search.google.com/search-console/inspect?resource_id=sc-domain:funnytools.win&id=xMbRbAnnX_lVXasVLoz71A&utm_medium=link&utm_source=api,Crawled Not Indexed,yes,yes,no,NEUTRAL,已檢索 - 目前尚未建立索引,ALLOWED,INDEXING_ALLOWED,2026-08-08T13:50:54Z,SUCCESSFUL,https://funnytools.win/tools/dice-roller/,https://funnytools.win/tools/dice-roller/,SELF_MATCH,MOBILE,0,,2,https://funnytools.win/; https://funnytools.win/tools/,UNKNOWN,,200,35,>30 days,no
https://funnytools.win/tools/extract-pdf-pages/,2026-09-13T08:39:15.532Z,https://search.google.com/search-console/inspect?resource_id=sc-domain:funnytools.win&id=SKyUhtol4UgdzH-ef0zoBQ&utm_medium=link&utm_source=api,Crawled Not Indexed,yes,yes,no,NEUTRAL,已檢索 - 目前尚未建立索引,ALLOWED,INDEXING_ALLOWED,2026-08-19T11:16:34Z,SUCCESSFUL,https://funnytools.win/tools/extract-pdf-pages/,https://funnytools.win/tools/extract-pdf-pages/,SELF_MATCH,MOBILE,0,,2,https://funnytools.win/; https://funnytools.win/tools/,UNKNOWN,,200,24,15–30 days,no
https://funnytools.win/tools/flowchart/,2026-09-13T08:39:38.200Z,https://search.google.com/search-console/inspect?resource_id=sc-domain:funnytools.win&id=J3RGx686wI_CRyABtc8xlA&utm_medium=link&utm_source=api,Crawled Not Indexed,yes,yes,no,NEUTRAL,已檢索 - 目前尚未建立索引,ALLOWED,INDEXING_ALLOWED,2026-08-17T00:46:24Z,SUCCESSFUL,https://funnytools.win/tools/flowchart/,https://funnytools.win/tools/flowchart/,SELF_MATCH,MOBILE,0,,2,https://funnytools.win/; https://funnytools.win/tools/,UNKNOWN,,200,27,15–30 days,no
https://funnytools.win/tools/gpa-calculator/,2026-09-13T08:39:21.188Z,https://search.google.com/search-console/inspect?resource_id=sc-domain:funnytools.win&id=eHgvtlzfSZLsIh_y6mB0HA&utm_medium=link&utm_source=api,Crawled Not Indexed,yes,yes,no,NEUTRAL,已檢索 - 目前尚未建立索引,ALLOWED,INDEXING_ALLOWED,2026-08-13T19:33:45Z,SUCCESSFUL,https://funnytools.win/tools/gpa-calculator/,https://funnytools.win/tools/gpa-calculator/,SELF_MATCH,MOBILE,0,,3,https://funnytools.win/en/tools/gpa-calculator/; https://funnytools.win/; https://funnytools.win/tools/,UNKNOWN,,200,30,15–30 days,no
https://funnytools.win/tools/grade-average/,2026-09-13T08:39:22.567Z,https://search.google.com/search-console/inspect?resource_id=sc-domain:funnytools.win&id=OpqTYbSTyFLHHVOWNypyXg&utm_medium=link&utm_source=api,Crawled Not Indexed,yes,yes,no,NEUTRAL,已檢索 - 目前尚未建立索引,ALLOWED,INDEXING_ALLOWED,2026-09-04T14:49:37Z,SUCCESSFUL,https://funnytools.win/tools/grade-average/,https://funnytools.win/tools/grade-average/,SELF_MATCH,MOBILE,0,,3,https://funnytools.win/; https://funnytools.win/en/tools/grade-average/; https://funnytools.win/tools/,UNKNOWN,,200,8,7–14 days,no
https://funnytools.win/tools/group-generator/,2026-09-13T08:39:28.315Z,https://search.google.com/search-console/inspect?resource_id=sc-domain:funnytools.win&id=YiCoO93STxNLdsBnKpb_XA&utm_medium=link&utm_source=api,Crawled Not Indexed,yes,yes,no,NEUTRAL,已檢索 - 目前尚未建立索引,ALLOWED,INDEXING_ALLOWED,2026-08-16T03:49:08Z,SUCCESSFUL,https://funnytools.win/tools/group-generator/,https://funnytools.win/tools/group-generator/,SELF_MATCH,MOBILE,0,,3,https://funnytools.win/en/tools/group-generator/; https://funnytools.win/; https://funnytools.win/tools/random-student-picker/,UNKNOWN,,200,28,15–30 days,no
https://funnytools.win/tools/image-compressor/,2026-09-13T08:39:29.754Z,https://search.google.com/search-console/inspect?resource_id=sc-domain:funnytools.win&id=A2mHdNr-i_KkvYKY2N_w8A&utm_medium=link&utm_source=api,Unknown,no,unknown,unknown,NEUTRAL,Google 無法辨識的網址,ROBOTS_TXT_STATE_UNSPECIFIED,INDEXING_STATE_UNSPECIFIED,,PAGE_FETCH_STATE_UNSPECIFIED,,,GOOGLE_CANONICAL_ABSENT,,0,,0,,UNKNOWN,,200,,never crawled,candidate only; compare with local internal links
https://funnytools.win/tools/image-crop/,2026-09-13T08:39:35.277Z,https://search.google.com/search-console/inspect?resource_id=sc-domain:funnytools.win&id=s1YDBqYks4AJlTGeC74aUg&utm_medium=link&utm_source=api,Unknown,no,unknown,unknown,NEUTRAL,Google 無法辨識的網址,ROBOTS_TXT_STATE_UNSPECIFIED,INDEXING_STATE_UNSPECIFIED,,PAGE_FETCH_STATE_UNSPECIFIED,,,GOOGLE_CANONICAL_ABSENT,,0,,0,,UNKNOWN,,200,,never crawled,candidate only; compare with local internal links
https://funnytools.win/tools/image-resizer/,2026-09-13T08:39:36.721Z,https://search.google.com/search-console/inspect?resource_id=sc-domain:funnytools.win&id=KcCxGe5jaAJOMC1fuQWY9w&utm_medium=link&utm_source=api,Crawled Not Indexed,yes,yes,no,NEUTRAL,已檢索 - 目前尚未建立索引,ALLOWED,INDEXING_ALLOWED,2026-08-21T12:12:53Z,SUCCESSFUL,https://funnytools.win/tools/image-resizer/,https://funnytools.win/tools/image-resizer/,SELF_MATCH,MOBILE,0,,3,http://funnytools.win/tools/image-resizer/; https://funnytools.win/; https://funnytools.win/tools/,UNKNOWN,,200,22,15–30 days,no
https://funnytools.win/tools/image-rotate-flip/,2026-09-13T08:39:42.215Z,https://search.google.com/search-console/inspect?resource_id=sc-domain:funnytools.win&id=biSJR31AQCVkVn1wt1f4XQ&utm_medium=link&utm_source=api,Crawled Not Indexed,yes,yes,no,NEUTRAL,已檢索 - 目前尚未建立索引,ALLOWED,INDEXING_ALLOWED,2026-08-13T00:55:12Z,SUCCESSFUL,https://funnytools.win/tools/image-rotate-flip/,https://funnytools.win/tools/image-rotate-flip/,SELF_MATCH,MOBILE,0,,2,https://funnytools.win/; https://funnytools.win/en/tools/image-rotate-flip/,UNKNOWN,,200,31,>30 days,no
https://funnytools.win/tools/image-to-base64/,2026-09-13T08:39:43.817Z,https://search.google.com/search-console/inspect?resource_id=sc-domain:funnytools.win&id=uDMq5x_RKNyFyVY5nttEmA&utm_medium=link&utm_source=api,Unknown,no,unknown,unknown,NEUTRAL,Google 無法辨識的網址,ROBOTS_TXT_STATE_UNSPECIFIED,INDEXING_STATE_UNSPECIFIED,,PAGE_FETCH_STATE_UNSPECIFIED,,,GOOGLE_CANONICAL_ABSENT,,0,,0,,UNKNOWN,,200,,never crawled,candidate only; compare with local internal links
https://funnytools.win/tools/image-to-dxf/,2026-09-13T08:39:45.264Z,https://search.google.com/search-console/inspect?resource_id=sc-domain:funnytools.win&id=Tn9DvouXxWTfe7gqJSyxeQ&utm_medium=link&utm_source=api,Unknown,no,unknown,unknown,NEUTRAL,Google 無法辨識的網址,ROBOTS_TXT_STATE_UNSPECIFIED,INDEXING_STATE_UNSPECIFIED,,PAGE_FETCH_STATE_UNSPECIFIED,,,GOOGLE_CANONICAL_ABSENT,,0,,0,,UNKNOWN,,200,,never crawled,candidate only; compare with local internal links
https://funnytools.win/tools/images-to-pdf/,2026-09-13T08:39:49.350Z,https://search.google.com/search-console/inspect?resource_id=sc-domain:funnytools.win&id=e1hodt_IUYWdhWZokef3Jw&utm_medium=link&utm_source=api,Crawled Not Indexed,yes,yes,no,NEUTRAL,已檢索 - 目前尚未建立索引,ALLOWED,INDEXING_ALLOWED,2026-08-30T04:42:19Z,SUCCESSFUL,https://funnytools.win/tools/images-to-pdf/,https://funnytools.win/tools/images-to-pdf/,SELF_MATCH,MOBILE,0,,2,https://funnytools.win/; https://funnytools.win/tools/,UNKNOWN,,200,14,7–14 days,no
https://funnytools.win/tools/independent-samples-t-test-calculator/,2026-09-13T08:39:50.955Z,https://search.google.com/search-console/inspect?resource_id=sc-domain:funnytools.win&id=jYq9Eg2Vdrw5C8RzfjT3-w&utm_medium=link&utm_source=api,Crawled Not Indexed,yes,yes,no,NEUTRAL,已檢索 - 目前尚未建立索引,ALLOWED,INDEXING_ALLOWED,2026-08-20T16:57:58Z,SUCCESSFUL,https://funnytools.win/tools/independent-samples-t-test-calculator/,https://funnytools.win/tools/independent-samples-t-test-calculator/,SELF_MATCH,MOBILE,0,,2,http://funnytools.win/tools/independent-samples-t-test-calculator/; https://funnytools.win/,UNKNOWN,,200,23,15–30 days,no
https://funnytools.win/tools/inflation/,2026-09-13T08:39:52.188Z,https://search.google.com/search-console/inspect?resource_id=sc-domain:funnytools.win&id=dtoAFnIIYiT2MOttPFcqdg&utm_medium=link&utm_source=api,Crawled Not Indexed,yes,yes,no,NEUTRAL,已檢索 - 目前尚未建立索引,ALLOWED,INDEXING_ALLOWED,2026-09-04T15:50:56Z,SUCCESSFUL,https://funnytools.win/tools/inflation/,https://funnytools.win/tools/inflation/,SELF_MATCH,MOBILE,0,,2,https://funnytools.win/; https://funnytools.win/en/tools/inflation/,UNKNOWN,,200,8,7–14 days,no
https://funnytools.win/tools/jpg-to-png/,2026-09-13T08:39:56.329Z,https://search.google.com/search-console/inspect?resource_id=sc-domain:funnytools.win&id=U6un46WMh9vbMdwyXwkPAQ&utm_medium=link&utm_source=api,Crawled Not Indexed,yes,yes,no,NEUTRAL,已檢索 - 目前尚未建立索引,ALLOWED,INDEXING_ALLOWED,2026-07-17T10:39:30Z,SUCCESSFUL,https://funnytools.win/tools/jpg-to-png/,https://funnytools.win/tools/jpg-to-png/,SELF_MATCH,MOBILE,0,,2,https://funnytools.win/en/tools/jpg-to-png/; https://funnytools.win/,UNKNOWN,,200,57,>30 days,no
https://funnytools.win/tools/jpg-to-webp/,2026-09-13T08:39:57.919Z,https://search.google.com/search-console/inspect?resource_id=sc-domain:funnytools.win&id=ehyyckdGW6esaH4kkzfAtA&utm_medium=link&utm_source=api,Crawled Not Indexed,yes,yes,no,NEUTRAL,已檢索 - 目前尚未建立索引,ALLOWED,INDEXING_ALLOWED,2026-07-31T20:18:32Z,SUCCESSFUL,https://funnytools.win/tools/jpg-to-webp/,https://funnytools.win/tools/jpg-to-webp/,SELF_MATCH,MOBILE,0,,3,https://funnytools.win/en/tools/jpg-to-webp/; https://funnytools.win/; http://funnytools.win/tools/jpg-to-webp/,UNKNOWN,,200,43,>30 days,no
https://funnytools.win/tools/json-formatter/,2026-09-13T08:39:59.182Z,https://search.google.com/search-console/inspect?resource_id=sc-domain:funnytools.win&id=vC3zD8k7R7tPKLlJc-VHig&utm_medium=link&utm_source=api,Crawled Not Indexed,yes,yes,no,NEUTRAL,已檢索 - 目前尚未建立索引,ALLOWED,INDEXING_ALLOWED,2026-08-13T03:14:50Z,SUCCESSFUL,https://funnytools.win/tools/json-formatter/,https://funnytools.win/tools/json-formatter/,SELF_MATCH,MOBILE,0,,3,https://funnytools.win/; https://funnytools.win/category/text/; https://funnytools.win/tools/,UNKNOWN,,200,31,>30 days,no
https://funnytools.win/tools/json-to-csv/,2026-09-13T08:40:03.711Z,https://search.google.com/search-console/inspect?resource_id=sc-domain:funnytools.win&id=QHhZEMJXFVl8BShxiL-gUw&utm_medium=link&utm_source=api,Crawled Not Indexed,yes,yes,no,NEUTRAL,已檢索 - 目前尚未建立索引,ALLOWED,INDEXING_ALLOWED,2026-08-22T00:39:55Z,SUCCESSFUL,https://funnytools.win/tools/json-to-csv/,https://funnytools.win/tools/json-to-csv/,SELF_MATCH,MOBILE,0,,4,https://funnytools.win/; https://funnytools.win/en/tools/json-to-csv/; https://funnytools.win/tools/csv-to-json/; http://funnytools.win/en/tools/json-to-csv/,UNKNOWN,,200,22,15–30 days,no
https://funnytools.win/tools/markdown-previewer/,2026-09-13T08:40:04.912Z,https://search.google.com/search-console/inspect?resource_id=sc-domain:funnytools.win&id=4nSWyvT5WqHPXSkZlIm4fA&utm_medium=link&utm_source=api,Crawled Not Indexed,yes,yes,no,NEUTRAL,已檢索 - 目前尚未建立索引,ALLOWED,INDEXING_ALLOWED,2026-08-18T22:51:31Z,SUCCESSFUL,https://funnytools.win/tools/markdown-previewer/,https://funnytools.win/tools/markdown-previewer/,SELF_MATCH,MOBILE,0,,2,https://funnytools.win/; https://funnytools.win/category/text/,UNKNOWN,,200,25,15–30 days,no
https://funnytools.win/tools/merge-pdf/,2026-09-13T08:40:06.110Z,https://search.google.com/search-console/inspect?resource_id=sc-domain:funnytools.win&id=hBAGLZtQ30PwZtnQ7mSlVw&utm_medium=link&utm_source=api,Crawled Not Indexed,yes,yes,no,NEUTRAL,已檢索 - 目前尚未建立索引,ALLOWED,INDEXING_ALLOWED,2026-08-13T18:51:52Z,SUCCESSFUL,https://funnytools.win/tools/merge-pdf/,https://funnytools.win/tools/merge-pdf/,SELF_MATCH,MOBILE,0,,4,https://funnytools.win/en/tools/merge-pdf/; https://funnytools.win/; https://www.dcard.tw/topics/%E5%AF%A6%E7%BF%92?latest=true; https://funnytools.win/tools/,UNKNOWN,,200,30,15–30 days,no
https://funnytools.win/tools/mortgage-payment/,2026-09-13T08:40:10.914Z,https://search.google.com/search-console/inspect?resource_id=sc-domain:funnytools.win&id=aXROyFWi0U7OZ6giD9wOWQ&utm_medium=link&utm_source=api,Crawled Not Indexed,yes,yes,no,NEUTRAL,已檢索 - 目前尚未建立索引,ALLOWED,INDEXING_ALLOWED,2026-08-16T14:55:56Z,SUCCESSFUL,https://funnytools.win/tools/mortgage-payment/,https://funnytools.win/tools/mortgage-payment/,SELF_MATCH,MOBILE,0,,2,https://funnytools.win/; https://funnytools.win/tools/compound-interest/,UNKNOWN,,200,27,15–30 days,no
https://funnytools.win/tools/net-salary/,2026-09-13T08:40:11.861Z,https://search.google.com/search-console/inspect?resource_id=sc-domain:funnytools.win&id=r4HdpoIABCRez58YOSFYGA&utm_medium=link&utm_source=api,Unknown,no,unknown,unknown,NEUTRAL,Google 無法辨識的網址,ROBOTS_TXT_STATE_UNSPECIFIED,INDEXING_STATE_UNSPECIFIED,,PAGE_FETCH_STATE_UNSPECIFIED,,,GOOGLE_CANONICAL_ABSENT,,0,,0,,UNKNOWN,,200,,never crawled,candidate only; compare with local internal links
https://funnytools.win/tools/normalized-score-converter/,2026-09-13T08:40:13.235Z,https://search.google.com/search-console/inspect?resource_id=sc-domain:funnytools.win&id=ZJz6Oa4OaxXw3rwttdcjtw&utm_medium=link&utm_source=api,Crawled Not Indexed,yes,yes,no,NEUTRAL,已檢索 - 目前尚未建立索引,ALLOWED,INDEXING_ALLOWED,2026-08-16T05:04:08Z,SUCCESSFUL,https://funnytools.win/tools/normalized-score-converter/,https://funnytools.win/tools/normalized-score-converter/,SELF_MATCH,MOBILE,0,,3,https://funnytools.win/en/tools/normalized-score-converter/; https://funnytools.win/; http://funnytools.win/en/tools/normalized-score-converter/,UNKNOWN,,200,28,15–30 days,no
https://funnytools.win/tools/overtime-pay/,2026-09-13T08:40:17.848Z,https://search.google.com/search-console/inspect?resource_id=sc-domain:funnytools.win&id=ImLeu-P5suPv2cyoRvwEcg&utm_medium=link&utm_source=api,Crawled Not Indexed,yes,yes,no,NEUTRAL,已檢索 - 目前尚未建立索引,ALLOWED,INDEXING_ALLOWED,2026-08-14T02:48:49Z,SUCCESSFUL,https://funnytools.win/tools/overtime-pay/,https://funnytools.win/tools/overtime-pay/,SELF_MATCH,MOBILE,0,,2,https://funnytools.win/; https://funnytools.win/tools/,UNKNOWN,,200,30,15–30 days,no
https://funnytools.win/tools/password-generator/,2026-09-13T08:40:18.773Z,https://search.google.com/search-console/inspect?resource_id=sc-domain:funnytools.win&id=GJVvT3L9r42gTdZEDctu8A&utm_medium=link&utm_source=api,Unknown,no,unknown,unknown,NEUTRAL,Google 無法辨識的網址,ROBOTS_TXT_STATE_UNSPECIFIED,INDEXING_STATE_UNSPECIFIED,,PAGE_FETCH_STATE_UNSPECIFIED,,,GOOGLE_CANONICAL_ABSENT,,0,,0,,UNKNOWN,,200,,never crawled,candidate only; compare with local internal links
https://funnytools.win/tools/pdf-compressor/,2026-09-13T08:40:20.353Z,https://search.google.com/search-console/inspect?resource_id=sc-domain:funnytools.win&id=E8n6csp7nk5koKyy6KtX_g&utm_medium=link&utm_source=api,Crawled Not Indexed,yes,yes,no,NEUTRAL,已檢索 - 目前尚未建立索引,ALLOWED,INDEXING_ALLOWED,2026-08-10T06:30:16Z,SUCCESSFUL,https://funnytools.win/tools/pdf-compressor/,https://funnytools.win/tools/pdf-compressor/,SELF_MATCH,MOBILE,0,,2,https://funnytools.win/en/tools/pdf-compressor/; https://funnytools.win/,UNKNOWN,,200,34,>30 days,no
https://funnytools.win/tools/pdf-page-reorder/,2026-09-13T08:40:24.807Z,https://search.google.com/search-console/inspect?resource_id=sc-domain:funnytools.win&id=bUHNdlmrP3E1Q6q21CwzRA&utm_medium=link&utm_source=api,Crawled Not Indexed,yes,yes,no,NEUTRAL,已檢索 - 目前尚未建立索引,ALLOWED,INDEXING_ALLOWED,2026-08-09T03:49:08Z,SUCCESSFUL,https://funnytools.win/tools/pdf-page-reorder/,https://funnytools.win/tools/pdf-page-reorder/,SELF_MATCH,MOBILE,0,,3,https://funnytools.win/fr/outils/reorganiser-pages-pdf/; https://funnytools.win/; http://funnytools.win/en/tools/pdf-page-reorder/,UNKNOWN,,200,35,>30 days,no
https://funnytools.win/tools/pdf-table-to-excel/,2026-09-13T08:40:25.826Z,https://search.google.com/search-console/inspect?resource_id=sc-domain:funnytools.win&id=4sGgmsGbEbq8PukkNe9QXg&utm_medium=link&utm_source=api,Unknown,no,unknown,unknown,NEUTRAL,Google 無法辨識的網址,ROBOTS_TXT_STATE_UNSPECIFIED,INDEXING_STATE_UNSPECIFIED,,PAGE_FETCH_STATE_UNSPECIFIED,,,GOOGLE_CANONICAL_ABSENT,,0,,0,,UNKNOWN,,200,,never crawled,candidate only; compare with local internal links
https://funnytools.win/tools/pdf-to-image/,2026-09-13T08:40:27.311Z,https://search.google.com/search-console/inspect?resource_id=sc-domain:funnytools.win&id=UHSfGOmjtw02I6KgocaNUQ&utm_medium=link&utm_source=api,Unknown,no,unknown,unknown,NEUTRAL,Google 無法辨識的網址,ROBOTS_TXT_STATE_UNSPECIFIED,INDEXING_STATE_UNSPECIFIED,,PAGE_FETCH_STATE_UNSPECIFIED,,,GOOGLE_CANONICAL_ABSENT,,0,,0,,UNKNOWN,,200,,never crawled,candidate only; compare with local internal links
https://funnytools.win/tools/pdf-to-word/,2026-09-13T08:40:31.777Z,https://search.google.com/search-console/inspect?resource_id=sc-domain:funnytools.win&id=OLMYEoGgNpvroEI5OPT13g&utm_medium=link&utm_source=api,Unknown,no,unknown,unknown,NEUTRAL,Google 無法辨識的網址,ROBOTS_TXT_STATE_UNSPECIFIED,INDEXING_STATE_UNSPECIFIED,,PAGE_FETCH_STATE_UNSPECIFIED,,,GOOGLE_CANONICAL_ABSENT,,0,,0,,UNKNOWN,,200,,never crawled,candidate only; compare with local internal links
https://funnytools.win/tools/percentage-calculator/,2026-09-13T08:40:32.784Z,https://search.google.com/search-console/inspect?resource_id=sc-domain:funnytools.win&id=eCapd7suVSgCUZ8b23CgOg&utm_medium=link&utm_source=api,Crawled Not Indexed,yes,yes,no,NEUTRAL,已檢索 - 目前尚未建立索引,ALLOWED,INDEXING_ALLOWED,2026-08-05T23:14:21Z,SUCCESSFUL,https://funnytools.win/tools/percentage-calculator/,https://funnytools.win/tools/percentage-calculator/,SELF_MATCH,MOBILE,0,,3,https://funnytools.win/fr/outils/calculateur-pourcentage/; https://funnytools.win/; https://funnytools.win/en/tools/percentage-calculator/,UNKNOWN,,200,38,>30 days,no
https://funnytools.win/tools/percentile-rank-calculator/,2026-09-13T08:40:34.444Z,https://search.google.com/search-console/inspect?resource_id=sc-domain:funnytools.win&id=KZr51CJmxx9rEB5MjljbGw&utm_medium=link&utm_source=api,Crawled Not Indexed,yes,yes,no,NEUTRAL,已檢索 - 目前尚未建立索引,ALLOWED,INDEXING_ALLOWED,2026-08-11T09:48:06Z,SUCCESSFUL,https://funnytools.win/tools/percentile-rank-calculator/,https://funnytools.win/tools/percentile-rank-calculator/,SELF_MATCH,MOBILE,0,,2,https://funnytools.win/; https://funnytools.win/tools/normalized-score-converter/,UNKNOWN,,200,32,>30 days,no
https://funnytools.win/tools/pie-chart-maker/,2026-09-13T08:40:41.762Z,https://search.google.com/search-console/inspect?resource_id=sc-domain:funnytools.win&id=TaE-xj2duq0WQWnPG4d51g&utm_medium=link&utm_source=api,Crawled Not Indexed,yes,yes,no,NEUTRAL,已檢索 - 目前尚未建立索引,ALLOWED,INDEXING_ALLOWED,2026-08-19T14:27:52Z,SUCCESSFUL,https://funnytools.win/tools/pie-chart-maker/,https://funnytools.win/tools/pie-chart-maker/,SELF_MATCH,MOBILE,0,,2,https://funnytools.win/; https://funnytools.win/tools/bar-chart-maker/,UNKNOWN,,200,24,15–30 days,no
https://funnytools.win/tools/png-to-jpg/,2026-09-13T08:40:39.864Z,https://search.google.com/search-console/inspect?resource_id=sc-domain:funnytools.win&id=fVQJ0lbPmmBSmFfSn_NSLA&utm_medium=link&utm_source=api,Crawled Not Indexed,yes,yes,no,NEUTRAL,已檢索 - 目前尚未建立索引,ALLOWED,INDEXING_ALLOWED,2026-08-15T08:41:36Z,SUCCESSFUL,https://funnytools.win/tools/png-to-jpg/,https://funnytools.win/tools/png-to-jpg/,SELF_MATCH,MOBILE,0,,3,https://funnytools.win/en/tools/png-to-jpg/; https://funnytools.win/; https://funnytools.win/tools/,UNKNOWN,,200,28,15–30 days,no
https://funnytools.win/tools/pomodoro-timer/,2026-09-13T08:40:41.818Z,https://search.google.com/search-console/inspect?resource_id=sc-domain:funnytools.win&id=nkdcJOzRGVdsMBxqayknSQ&utm_medium=link&utm_source=api,Crawled Not Indexed,yes,yes,no,NEUTRAL,已檢索 - 目前尚未建立索引,ALLOWED,INDEXING_ALLOWED,2026-08-16T18:47:52Z,SUCCESSFUL,https://funnytools.win/tools/pomodoro-timer/,https://funnytools.win/tools/pomodoro-timer/,SELF_MATCH,MOBILE,0,,3,https://funnytools.win/; http://funnytools.win/; https://funnytools.win/tools/,UNKNOWN,,200,27,15–30 days,no
https://funnytools.win/tools/qr-code-generator/,2026-09-13T08:40:46.832Z,https://search.google.com/search-console/inspect?resource_id=sc-domain:funnytools.win&id=JbGSsTGeZDFSn09IQNDXRA&utm_medium=link&utm_source=api,Crawled Not Indexed,yes,yes,no,NEUTRAL,已檢索 - 目前尚未建立索引,ALLOWED,INDEXING_ALLOWED,2026-08-13T12:43:58Z,SUCCESSFUL,https://funnytools.win/tools/qr-code-generator/,https://funnytools.win/tools/qr-code-generator/,SELF_MATCH,MOBILE,0,,3,https://funnytools.win/; http://funnytools.win/; https://funnytools.win/tools/,UNKNOWN,,200,30,15–30 days,no
https://funnytools.win/tools/random-group-generator/,2026-09-13T08:40:48.770Z,https://search.google.com/search-console/inspect?resource_id=sc-domain:funnytools.win&id=VZ2WQii6qBNuJHBh6YANwA&utm_medium=link&utm_source=api,Unknown,no,unknown,unknown,NEUTRAL,Google 無法辨識的網址,ROBOTS_TXT_STATE_UNSPECIFIED,INDEXING_STATE_UNSPECIFIED,,PAGE_FETCH_STATE_UNSPECIFIED,,,GOOGLE_CANONICAL_ABSENT,,0,,0,,UNKNOWN,,200,,never crawled,candidate only; compare with local internal links
https://funnytools.win/tools/random-name-picker/,2026-09-13T08:40:49.293Z,https://search.google.com/search-console/inspect?resource_id=sc-domain:funnytools.win&id=VaxMM5oXHo8fkOQjvM22Wg&utm_medium=link&utm_source=api,Crawled Not Indexed,yes,yes,no,NEUTRAL,已檢索 - 目前尚未建立索引,ALLOWED,INDEXING_ALLOWED,2026-08-17T01:49:34Z,SUCCESSFUL,https://funnytools.win/tools/random-name-picker/,https://funnytools.win/tools/random-name-picker/,SELF_MATCH,MOBILE,0,,2,https://funnytools.win/; https://funnytools.win/tools/random-number-picker/,UNKNOWN,,200,27,15–30 days,no
https://funnytools.win/tools/random-number-picker/,2026-09-13T08:40:53.753Z,https://search.google.com/search-console/inspect?resource_id=sc-domain:funnytools.win&id=b_HVMOcZ7nOLPxgSA4HsuA&utm_medium=link&utm_source=api,Crawled Not Indexed,yes,yes,no,NEUTRAL,已檢索 - 目前尚未建立索引,ALLOWED,INDEXING_ALLOWED,2026-08-17T05:37:52Z,SUCCESSFUL,https://funnytools.win/tools/random-number-picker/,https://funnytools.win/tools/random-number-picker/,SELF_MATCH,MOBILE,0,,3,https://funnytools.win/en/tools/random-number-picker/; https://funnytools.win/; https://funnytools.win/tools/,UNKNOWN,,200,27,15–30 days,no
https://funnytools.win/tools/random-student-picker/,2026-09-13T08:40:55.730Z,https://search.google.com/search-console/inspect?resource_id=sc-domain:funnytools.win&id=EVP_Lf4dlEUYpdIF_PyQgQ&utm_medium=link&utm_source=api,Crawled Not Indexed,yes,yes,no,NEUTRAL,已檢索 - 目前尚未建立索引,ALLOWED,INDEXING_ALLOWED,2026-08-14T04:03:26Z,SUCCESSFUL,https://funnytools.win/tools/random-student-picker/,https://funnytools.win/tools/random-student-picker/,SELF_MATCH,MOBILE,0,,2,https://funnytools.win/; https://funnytools.win/tools/,UNKNOWN,,200,30,15–30 days,no
https://funnytools.win/tools/random-wheel/,2026-09-13T08:40:56.269Z,https://search.google.com/search-console/inspect?resource_id=sc-domain:funnytools.win&id=C1FN7FRu8Uv_OYIcWLGT4Q&utm_medium=link&utm_source=api,Crawled Not Indexed,yes,yes,no,NEUTRAL,已檢索 - 目前尚未建立索引,ALLOWED,INDEXING_ALLOWED,2026-08-13T16:01:30Z,SUCCESSFUL,https://funnytools.win/tools/random-wheel/,https://funnytools.win/tools/random-wheel/,SELF_MATCH,MOBILE,0,,2,https://funnytools.win/; https://funnytools.win/tools/what-to-eat/,UNKNOWN,,200,30,15–30 days,no
https://funnytools.win/tools/remove-duplicate-lines/,2026-09-13T08:41:00.715Z,https://search.google.com/search-console/inspect?resource_id=sc-domain:funnytools.win&id=hD-fEm5nCaYuNXSxM7h6aQ&utm_medium=link&utm_source=api,Crawled Not Indexed,yes,yes,no,NEUTRAL,已檢索 - 目前尚未建立索引,ALLOWED,INDEXING_ALLOWED,2026-08-13T19:00:17Z,SUCCESSFUL,https://funnytools.win/tools/remove-duplicate-lines/,https://funnytools.win/tools/remove-duplicate-lines/,SELF_MATCH,MOBILE,0,,3,https://funnytools.win/en/tools/remove-duplicate-lines/; https://funnytools.win/; https://funnytools.win/tools/,UNKNOWN,,200,30,15–30 days,no
https://funnytools.win/tools/remove-empty-lines/,2026-09-13T08:41:02.877Z,https://search.google.com/search-console/inspect?resource_id=sc-domain:funnytools.win&id=jIh1KfQNnaLZgKt-ZgTZ8A&utm_medium=link&utm_source=api,Crawled Not Indexed,yes,yes,no,NEUTRAL,已檢索 - 目前尚未建立索引,ALLOWED,INDEXING_ALLOWED,2026-08-20T12:07:30Z,SUCCESSFUL,https://funnytools.win/tools/remove-empty-lines/,https://funnytools.win/tools/remove-empty-lines/,SELF_MATCH,MOBILE,0,,3,https://funnytools.win/; https://funnytools.win/category/text/; https://funnytools.win/tools/case-converter/,UNKNOWN,,200,23,15–30 days,no
https://funnytools.win/tools/rotate-pdf/,2026-09-13T08:41:03.655Z,https://search.google.com/search-console/inspect?resource_id=sc-domain:funnytools.win&id=qPbIUo88WP7yfvPrNzlJCg&utm_medium=link&utm_source=api,Unknown,no,unknown,unknown,NEUTRAL,Google 無法辨識的網址,ROBOTS_TXT_STATE_UNSPECIFIED,INDEXING_STATE_UNSPECIFIED,,PAGE_FETCH_STATE_UNSPECIFIED,,,GOOGLE_CANONICAL_ABSENT,,0,,0,,UNKNOWN,,200,,never crawled,candidate only; compare with local internal links
https://funnytools.win/tools/savings-goal/,2026-09-13T08:41:07.819Z,https://search.google.com/search-console/inspect?resource_id=sc-domain:funnytools.win&id=_qansdPxEKnn4DInRnr29Q&utm_medium=link&utm_source=api,Crawled Not Indexed,yes,yes,no,NEUTRAL,已檢索 - 目前尚未建立索引,ALLOWED,INDEXING_ALLOWED,2026-08-21T14:35:49Z,SUCCESSFUL,https://funnytools.win/tools/savings-goal/,https://funnytools.win/tools/savings-goal/,SELF_MATCH,MOBILE,0,,3,https://funnytools.win/en/tools/savings-goal/; https://funnytools.win/; https://funnytools.win/tools/net-salary/,UNKNOWN,,200,22,15–30 days,no
https://funnytools.win/tools/seating-chart/,2026-09-13T08:41:09.870Z,https://search.google.com/search-console/inspect?resource_id=sc-domain:funnytools.win&id=j2ch9C4Lz4kElH06fzRa2w&utm_medium=link&utm_source=api,Crawled Not Indexed,yes,yes,no,NEUTRAL,已檢索 - 目前尚未建立索引,ALLOWED,INDEXING_ALLOWED,2026-08-18T23:10:18Z,SUCCESSFUL,https://funnytools.win/tools/seating-chart/,https://funnytools.win/tools/seating-chart/,SELF_MATCH,MOBILE,0,,2,https://funnytools.win/; https://funnytools.win/tools/,UNKNOWN,,200,25,15–30 days,no
https://funnytools.win/tools/sketchpad/,2026-09-13T08:41:10.637Z,https://search.google.com/search-console/inspect?resource_id=sc-domain:funnytools.win&id=J9p11a52zQ_usIuFB8p4Vg&utm_medium=link&utm_source=api,Crawled Not Indexed,yes,yes,no,NEUTRAL,已檢索 - 目前尚未建立索引,ALLOWED,INDEXING_ALLOWED,2026-08-19T16:33:56Z,SUCCESSFUL,https://funnytools.win/tools/sketchpad/,https://funnytools.win/tools/sketchpad/,SELF_MATCH,MOBILE,0,,4,https://funnytools.win/es/herramientas/pizarra-dibujo-online/; https://funnytools.win/; https://funnytools.win/en/tools/sketchpad/; https://funnytools.win/tools/pie-chart-maker/,UNKNOWN,,200,24,15–30 days,no
https://funnytools.win/tools/sort-lines/,2026-09-13T08:41:14.820Z,https://search.google.com/search-console/inspect?resource_id=sc-domain:funnytools.win&id=fuBfbshkWeXo3-HDjG879A&utm_medium=link&utm_source=api,Crawled Not Indexed,yes,yes,no,NEUTRAL,已檢索 - 目前尚未建立索引,ALLOWED,INDEXING_ALLOWED,2026-08-13T03:57:13Z,SUCCESSFUL,https://funnytools.win/tools/sort-lines/,https://funnytools.win/tools/sort-lines/,SELF_MATCH,MOBILE,0,,3,https://funnytools.win/; https://funnytools.win/category/text/; https://funnytools.win/tools/case-converter/,UNKNOWN,,200,31,>30 days,no
https://funnytools.win/tools/split-pdf/,2026-09-13T08:41:16.804Z,https://search.google.com/search-console/inspect?resource_id=sc-domain:funnytools.win&id=bxDAvG1faZnklP17dPfzUw&utm_medium=link&utm_source=api,Crawled Not Indexed,yes,yes,no,NEUTRAL,已檢索 - 目前尚未建立索引,ALLOWED,INDEXING_ALLOWED,2026-08-21T04:41:56Z,SUCCESSFUL,https://funnytools.win/tools/split-pdf/,https://funnytools.win/tools/split-pdf/,SELF_MATCH,MOBILE,0,,2,https://funnytools.win/; https://funnytools.win/tools/,UNKNOWN,,200,23,15–30 days,no
https://funnytools.win/tools/spss-result-interpreter/,2026-09-13T08:41:23.815Z,https://search.google.com/search-console/inspect?resource_id=sc-domain:funnytools.win&id=zKTKYktlFRD97StNMzxO1g&utm_medium=link&utm_source=api,Crawled Not Indexed,yes,yes,no,NEUTRAL,已檢索 - 目前尚未建立索引,ALLOWED,INDEXING_ALLOWED,2026-08-18T09:19:35Z,SUCCESSFUL,https://funnytools.win/tools/spss-result-interpreter/,https://funnytools.win/tools/spss-result-interpreter/,SELF_MATCH,MOBILE,0,,1,https://funnytools.win/,UNKNOWN,,200,25,15–30 days,no
https://funnytools.win/tools/standard-deviation/,2026-09-13T08:41:21.738Z,https://search.google.com/search-console/inspect?resource_id=sc-domain:funnytools.win&id=8tAjgKIyissZHgtJHN5h5g&utm_medium=link&utm_source=api,Crawled Not Indexed,yes,yes,no,NEUTRAL,已檢索 - 目前尚未建立索引,ALLOWED,INDEXING_ALLOWED,2026-08-20T20:15:42Z,SUCCESSFUL,https://funnytools.win/tools/standard-deviation/,https://funnytools.win/tools/standard-deviation/,SELF_MATCH,MOBILE,0,,1,https://funnytools.win/,UNKNOWN,,200,23,15–30 days,no
https://funnytools.win/tools/stopwatch/,2026-09-13T08:41:23.902Z,https://search.google.com/search-console/inspect?resource_id=sc-domain:funnytools.win&id=VQzeuMmq7RooL2FfbG1IKg&utm_medium=link&utm_source=api,Unknown,no,unknown,unknown,NEUTRAL,Google 無法辨識的網址,ROBOTS_TXT_STATE_UNSPECIFIED,INDEXING_STATE_UNSPECIFIED,,PAGE_FETCH_STATE_UNSPECIFIED,,,GOOGLE_CANONICAL_ABSENT,,0,,0,,UNKNOWN,,200,,never crawled,candidate only; compare with local internal links
https://funnytools.win/tools/t-score-calculator/,2026-09-13T08:41:28.874Z,https://search.google.com/search-console/inspect?resource_id=sc-domain:funnytools.win&id=0NhP6GuzOkfXrLn-l86W3Q&utm_medium=link&utm_source=api,Crawled Not Indexed,yes,yes,no,NEUTRAL,已檢索 - 目前尚未建立索引,ALLOWED,INDEXING_ALLOWED,2026-08-17T00:34:35Z,SUCCESSFUL,https://funnytools.win/tools/t-score-calculator/,https://funnytools.win/tools/t-score-calculator/,SELF_MATCH,MOBILE,0,,2,https://funnytools.win/; http://funnytools.win/tools/t-score-calculator/,UNKNOWN,,200,27,15–30 days,no
https://funnytools.win/tools/teacher-exam-score-converter/,2026-09-13T08:41:30.930Z,https://search.google.com/search-console/inspect?resource_id=sc-domain:funnytools.win&id=KcXTUuE8mZR6CTIRtc3E_Q&utm_medium=link&utm_source=api,Crawled Not Indexed,yes,yes,no,NEUTRAL,已檢索 - 目前尚未建立索引,ALLOWED,INDEXING_ALLOWED,2026-08-23T04:23:41Z,SUCCESSFUL,https://funnytools.win/tools/teacher-exam-score-converter/,https://funnytools.win/tools/teacher-exam-score-converter/,SELF_MATCH,MOBILE,0,,3,https://funnytools.win/en/tools/teacher-exam-score-converter/; https://funnytools.win/; http://funnytools.win/tools/teacher-exam-score-converter/,UNKNOWN,,200,21,15–30 days,no
https://funnytools.win/tools/this-or-that/,2026-09-13T08:41:31.463Z,https://search.google.com/search-console/inspect?resource_id=sc-domain:funnytools.win&id=puIibQ9loCxh8I66JEneMw&utm_medium=link&utm_source=api,Crawled Not Indexed,yes,yes,no,NEUTRAL,已檢索 - 目前尚未建立索引,ALLOWED,INDEXING_ALLOWED,2026-08-18T10:34:36Z,SUCCESSFUL,https://funnytools.win/tools/this-or-that/,https://funnytools.win/tools/this-or-that/,SELF_MATCH,MOBILE,0,,2,https://funnytools.win/; https://funnytools.win/tools/,UNKNOWN,,200,25,15–30 days,no
https://funnytools.win/tools/timestamp-converter/,2026-09-13T08:41:42.095Z,https://search.google.com/search-console/inspect?resource_id=sc-domain:funnytools.win&id=OUcwZx4ARvcNVh0tc-toUQ&utm_medium=link&utm_source=api,Crawled Not Indexed,yes,yes,no,NEUTRAL,已檢索 - 目前尚未建立索引,ALLOWED,INDEXING_ALLOWED,2026-08-06T09:40:31Z,SUCCESSFUL,https://funnytools.win/tools/timestamp-converter/,https://funnytools.win/tools/timestamp-converter/,SELF_MATCH,MOBILE,0,,2,https://funnytools.win/; http://funnytools.win/tools/timestamp-converter/,UNKNOWN,,200,37,>30 days,no
https://funnytools.win/tools/url-encoder/,2026-09-13T08:41:38.167Z,https://search.google.com/search-console/inspect?resource_id=sc-domain:funnytools.win&id=UvtNshwr_L733LESrwMZYA&utm_medium=link&utm_source=api,Crawled Not Indexed,yes,yes,no,NEUTRAL,已檢索 - 目前尚未建立索引,ALLOWED,INDEXING_ALLOWED,2026-08-21T16:53:29Z,SUCCESSFUL,https://funnytools.win/tools/url-encoder/,https://funnytools.win/tools/url-encoder/,SELF_MATCH,MOBILE,0,,3,https://funnytools.win/; https://funnytools.win/category/text/; https://funnytools.win/tools/,UNKNOWN,,200,22,15–30 days,no
https://funnytools.win/tools/uuid-generator/,2026-09-13T08:41:44.634Z,https://search.google.com/search-console/inspect?resource_id=sc-domain:funnytools.win&id=KcZe77KpUR1we2Rg6C9CIA&utm_medium=link&utm_source=api,Crawled Not Indexed,yes,yes,no,NEUTRAL,已檢索 - 目前尚未建立索引,ALLOWED,INDEXING_ALLOWED,2026-08-10T14:49:25Z,SUCCESSFUL,https://funnytools.win/tools/uuid-generator/,https://funnytools.win/tools/uuid-generator/,SELF_MATCH,MOBILE,0,,2,https://funnytools.win/; http://funnytools.win/en/tools/uuid-generator/,UNKNOWN,,200,33,>30 days,no
https://funnytools.win/tools/webp-to-jpg/,2026-09-13T08:41:45.254Z,https://search.google.com/search-console/inspect?resource_id=sc-domain:funnytools.win&id=kloR_bJ72SYqeDZB4ZmBMg&utm_medium=link&utm_source=api,Crawled Not Indexed,yes,yes,no,NEUTRAL,已檢索 - 目前尚未建立索引,ALLOWED,INDEXING_ALLOWED,2026-08-19T16:04:13Z,SUCCESSFUL,https://funnytools.win/tools/webp-to-jpg/,https://funnytools.win/tools/webp-to-jpg/,SELF_MATCH,MOBILE,0,,2,https://funnytools.win/; https://funnytools.win/en/tools/webp-to-jpg/,UNKNOWN,,200,24,15–30 days,no
https://funnytools.win/tools/weighted-average-calculator/,2026-09-13T08:41:49.659Z,https://search.google.com/search-console/inspect?resource_id=sc-domain:funnytools.win&id=Cs3gU8kOrEiEIh0UYjX7Cw&utm_medium=link&utm_source=api,Crawled Not Indexed,yes,yes,no,NEUTRAL,已檢索 - 目前尚未建立索引,ALLOWED,INDEXING_ALLOWED,2026-08-21T12:46:52Z,SUCCESSFUL,https://funnytools.win/tools/weighted-average-calculator/,https://funnytools.win/tools/weighted-average-calculator/,SELF_MATCH,MOBILE,0,,3,https://funnytools.win/en/tools/weighted-average-calculator/; https://funnytools.win/; http://funnytools.win/tools/weighted-average-calculator/,UNKNOWN,,200,22,15–30 days,no
https://funnytools.win/tools/what-to-eat/,2026-09-13T08:41:51.587Z,https://search.google.com/search-console/inspect?resource_id=sc-domain:funnytools.win&id=7f7Ksw70t8-Q5-ItiRW7WA&utm_medium=link&utm_source=api,Crawled Not Indexed,yes,yes,no,NEUTRAL,已檢索 - 目前尚未建立索引,ALLOWED,INDEXING_ALLOWED,2026-09-09T06:54:43Z,SUCCESSFUL,https://funnytools.win/tools/what-to-eat/,https://funnytools.win/tools/what-to-eat/,SELF_MATCH,MOBILE,0,,3,https://funnytools.win/en/tools/what-to-eat/; https://funnytools.win/; https://funnytools.win/tools/,UNKNOWN,,200,4,<7 days,no
https://funnytools.win/tools/word-counter/,2026-09-13T08:41:52.375Z,https://search.google.com/search-console/inspect?resource_id=sc-domain:funnytools.win&id=5QcqsBu33mJt_hTUv8nbUg&utm_medium=link&utm_source=api,Unknown,no,unknown,unknown,NEUTRAL,Google 無法辨識的網址,ROBOTS_TXT_STATE_UNSPECIFIED,INDEXING_STATE_UNSPECIFIED,,PAGE_FETCH_STATE_UNSPECIFIED,,,GOOGLE_CANONICAL_ABSENT,,0,,0,,UNKNOWN,,200,,never crawled,candidate only; compare with local internal links
https://funnytools.win/tools/z-score-calculator/,2026-09-13T08:41:57.026Z,https://search.google.com/search-console/inspect?resource_id=sc-domain:funnytools.win&id=q5BX2R-TlkiDrvaBjI8DBg&utm_medium=link&utm_source=api,Crawled Not Indexed,yes,yes,no,NEUTRAL,已檢索 - 目前尚未建立索引,ALLOWED,INDEXING_ALLOWED,2026-07-06T05:43:08Z,SUCCESSFUL,https://funnytools.win/tools/z-score-calculator/,https://funnytools.win/tools/z-score-calculator/,SELF_MATCH,MOBILE,0,,3,https://funnytools.win/en/tools/z-score-calculator/; https://funnytools.win/; http://funnytools.win/en/tools/z-score-calculator/,UNKNOWN,,200,69,>30 days,no
https://funnytools.win/workflows/,2026-09-13T08:41:58.816Z,https://search.google.com/search-console/inspect?resource_id=sc-domain:funnytools.win&id=1V7umPzWEoHM37VDMprGig&utm_medium=link&utm_source=api,Crawled Not Indexed,yes,yes,no,NEUTRAL,已檢索 - 目前尚未建立索引,ALLOWED,INDEXING_ALLOWED,2026-08-19T03:52:45Z,SUCCESSFUL,https://funnytools.win/workflows/,https://funnytools.win/workflows/,SELF_MATCH,MOBILE,0,,2,https://funnytools.win/; https://funnytools.win/tools/delete-pdf-pages/,UNKNOWN,,200,25,15–30 days,no
https://funnytools.win/workflows/creator-social-toolkit/,2026-09-13T08:41:59.749Z,https://search.google.com/search-console/inspect?resource_id=sc-domain:funnytools.win&id=Rv3I_RaqTIxoxIKhO-UxDw&utm_medium=link&utm_source=api,Crawled Not Indexed,yes,yes,no,NEUTRAL,已檢索 - 目前尚未建立索引,ALLOWED,INDEXING_ALLOWED,2026-08-19T09:24:04Z,SUCCESSFUL,https://funnytools.win/workflows/creator-social-toolkit/,https://funnytools.win/workflows/creator-social-toolkit/,SELF_MATCH,MOBILE,0,,2,https://funnytools.win/en/workflows/creator-social-toolkit/; https://funnytools.win/,UNKNOWN,,200,24,15–30 days,no
https://funnytools.win/workflows/daily-decision-toolkit/,2026-09-13T08:42:04.000Z,https://search.google.com/search-console/inspect?resource_id=sc-domain:funnytools.win&id=_T0hoPLsE7hcAzkkj9V_tA&utm_medium=link&utm_source=api,Unknown,no,unknown,unknown,NEUTRAL,Google 無法辨識的網址,ROBOTS_TXT_STATE_UNSPECIFIED,INDEXING_STATE_UNSPECIFIED,,PAGE_FETCH_STATE_UNSPECIFIED,,,GOOGLE_CANONICAL_ABSENT,,0,,0,,UNKNOWN,,200,,never crawled,candidate only; compare with local internal links
https://funnytools.win/workflows/grade-gpa-check-toolkit/,2026-09-13T08:42:05.861Z,https://search.google.com/search-console/inspect?resource_id=sc-domain:funnytools.win&id=QtGllkgrjSIbNOuDTVhESA&utm_medium=link&utm_source=api,Unknown,no,unknown,unknown,NEUTRAL,Google 無法辨識的網址,ROBOTS_TXT_STATE_UNSPECIFIED,INDEXING_STATE_UNSPECIFIED,,PAGE_FETCH_STATE_UNSPECIFIED,,,GOOGLE_CANONICAL_ABSENT,,0,,0,,UNKNOWN,,200,,never crawled,candidate only; compare with local internal links
https://funnytools.win/workflows/graduate-statistics-report-toolkit/,2026-09-13T08:42:06.904Z,https://search.google.com/search-console/inspect?resource_id=sc-domain:funnytools.win&id=Zr_pCERbGneOfhzhm7TJ_A&utm_medium=link&utm_source=api,Crawled Not Indexed,yes,yes,no,NEUTRAL,已檢索 - 目前尚未建立索引,ALLOWED,INDEXING_ALLOWED,2026-08-18T08:51:34Z,SUCCESSFUL,https://funnytools.win/workflows/graduate-statistics-report-toolkit/,https://funnytools.win/workflows/graduate-statistics-report-toolkit/,SELF_MATCH,MOBILE,0,,1,https://funnytools.win/,UNKNOWN,,200,25,15–30 days,no
https://funnytools.win/workflows/office-document-toolkit/,2026-09-13T08:42:11.132Z,https://search.google.com/search-console/inspect?resource_id=sc-domain:funnytools.win&id=CYMWhvoVtJtx85VOiuiVPA&utm_medium=link&utm_source=api,Crawled Not Indexed,yes,yes,no,NEUTRAL,已檢索 - 目前尚未建立索引,ALLOWED,INDEXING_ALLOWED,2026-08-25T03:00:50Z,SUCCESSFUL,https://funnytools.win/workflows/office-document-toolkit/,https://funnytools.win/workflows/office-document-toolkit/,SELF_MATCH,MOBILE,0,,1,https://funnytools.win/,UNKNOWN,,200,19,15–30 days,no
https://funnytools.win/workflows/qr-barcode-publishing-toolkit/,2026-09-13T08:42:13.049Z,https://search.google.com/search-console/inspect?resource_id=sc-domain:funnytools.win&id=10R-f2k2b_t5zzkTgveIvw&utm_medium=link&utm_source=api,Unknown,no,unknown,unknown,NEUTRAL,Google 無法辨識的網址,ROBOTS_TXT_STATE_UNSPECIFIED,INDEXING_STATE_UNSPECIFIED,,PAGE_FETCH_STATE_UNSPECIFIED,,,GOOGLE_CANONICAL_ABSENT,,0,,0,,UNKNOWN,,200,,never crawled,candidate only; compare with local internal links
https://funnytools.win/workflows/student-report-toolkit/,2026-09-13T08:42:13.986Z,https://search.google.com/search-console/inspect?resource_id=sc-domain:funnytools.win&id=GvtLT8nyZR9fM1vMfXSFzw&utm_medium=link&utm_source=api,Crawled Not Indexed,yes,yes,no,NEUTRAL,已檢索 - 目前尚未建立索引,ALLOWED,INDEXING_ALLOWED,2026-08-10T06:15:19Z,SUCCESSFUL,https://funnytools.win/workflows/student-report-toolkit/,https://funnytools.win/workflows/student-report-toolkit/,SELF_MATCH,MOBILE,0,,1,https://funnytools.win/,UNKNOWN,,200,34,>30 days,no
https://funnytools.win/workflows/teacher-classroom-random-toolkit/,2026-09-13T08:42:18.137Z,https://search.google.com/search-console/inspect?resource_id=sc-domain:funnytools.win&id=efhoV9739S9rMo1JljV_tQ&utm_medium=link&utm_source=api,Unknown,no,unknown,unknown,NEUTRAL,Google 無法辨識的網址,ROBOTS_TXT_STATE_UNSPECIFIED,INDEXING_STATE_UNSPECIFIED,,PAGE_FETCH_STATE_UNSPECIFIED,,,GOOGLE_CANONICAL_ABSENT,,0,,0,,UNKNOWN,,200,,never crawled,candidate only; compare with local internal links
https://funnytools.win/workflows/teacher-exam-score-toolkit/,2026-09-13T08:42:20.077Z,https://search.google.com/search-console/inspect?resource_id=sc-domain:funnytools.win&id=L4aUi-PhwjqImTzFCL5CBA&utm_medium=link&utm_source=api,Crawled Not Indexed,yes,yes,no,NEUTRAL,已檢索 - 目前尚未建立索引,ALLOWED,INDEXING_ALLOWED,2026-08-16T19:04:43Z,SUCCESSFUL,https://funnytools.win/workflows/teacher-exam-score-toolkit/,https://funnytools.win/workflows/teacher-exam-score-toolkit/,SELF_MATCH,MOBILE,0,,2,http://funnytools.win/workflows/teacher-exam-score-toolkit/; https://funnytools.win/,UNKNOWN,,200,27,15–30 days,no
https://funnytools.win/workflows/text-cleanup-publishing-toolkit/,2026-09-13T08:42:20.982Z,https://search.google.com/search-console/inspect?resource_id=sc-domain:funnytools.win&id=LOydv7Z3r2sHw9dxNxTaNg&utm_medium=link&utm_source=api,Unknown,no,unknown,unknown,NEUTRAL,Google 無法辨識的網址,ROBOTS_TXT_STATE_UNSPECIFIED,INDEXING_STATE_UNSPECIFIED,,PAGE_FETCH_STATE_UNSPECIFIED,,,GOOGLE_CANONICAL_ABSENT,,0,,0,,UNKNOWN,,200,,never crawled,candidate only; compare with local internal links
https://funnytools.win/workflows/verify-tool-result/,2026-09-13T08:42:25.350Z,https://search.google.com/search-console/inspect?resource_id=sc-domain:funnytools.win&id=Nf5YwXwUb4JgEpfpzrxT9A&utm_medium=link&utm_source=api,Unknown,no,unknown,unknown,NEUTRAL,Google 無法辨識的網址,ROBOTS_TXT_STATE_UNSPECIFIED,INDEXING_STATE_UNSPECIFIED,,PAGE_FETCH_STATE_UNSPECIFIED,,,GOOGLE_CANONICAL_ABSENT,,0,,0,,UNKNOWN,,200,,never crawled,candidate only; compare with local internal links
