url,locale,locale_group,page_type,content_cluster,sitemap,sitemap_lastmod,sitemap_lastmod_age_days,production_status,indexable,internal_link_count,internal_link_source_count,crawl_depth,word_count,main_content_word_count,unique_content_ratio,value_score,title,tool_slug,functional_signature,signature_confidence,similarity_pair_count,max_raw_similarity,max_boilerplate_adjusted_similarity,intent_relationships,v2_action,v2_similarity_risk,google_status,google_known,google_crawled,google_indexed,inspected_at,inspection_result_link,verdict,coverage_state,robots_txt_state,indexing_state,last_crawl_time,last_crawl_age_days,crawl_recency_bucket,page_fetch_state,google_canonical,user_canonical,canonical_category,crawled_as,sitemap_count,sitemap_urls,referring_url_count,referring_urls,weak_discovery_support,rich_results_available,api_error,api_status,search_28_clicks,search_28_impressions,search_28_ctr,search_28_position,search_90_clicks,search_90_impressions,search_90_ctr,search_90_position
https://funnytools.win/,zh-TW,zh,home,general,sitemap-guides.xml,2026-09-10,3,200 live verified,yes,271,526,0,3717,3689,0.992467043314501,,FunnyTools 免費線上工具箱｜PDF、圖片、文字、QR Code 與教育統計工具,,,,3,0.853,0.812,ADJACENT; UNKNOWN,IMPROVE,high,Indexed,yes,yes,yes,2026-09-13T08:13:39.350Z,https://search.google.com/search-console/inspect?resource_id=sc-domain:funnytools.win&id=T1pdpmGF9BeNWiTWekWzjg&utm_medium=link&utm_source=api,PASS,已提交並建立索引,ALLOWED,INDEXING_ALLOWED,2026-09-11T19:00:02Z,1,<7 days,SUCCESSFUL,https://funnytools.win/,https://funnytools.win/,SELF_MATCH,MOBILE,0,,2,https://www.dcard.tw/topics/%E8%B3%87%E8%A8%8A; https://funnytools.win/category/time/,no,UNKNOWN,,200,33,59,0.559322033898305,10.033898305084746,44,139,0.31654676258992803,8.820143884892087
https://funnytools.win/about-tools/,zh-TW,zh,legal,general,sitemap-guides.xml,2026-06-17,88,200 live verified,yes,30,314,1,1101,1077,0.9782016348773842,,本站工具如何運作｜瀏覽器本機處理說明 - FunnyTools,,,,0,,,,IMPROVE,low,Crawled Not Indexed,yes,yes,no,2026-09-13T08:13:39.766Z,https://search.google.com/search-console/inspect?resource_id=sc-domain:funnytools.win&id=u6n29yCSPbGsWXocJr-HlQ&utm_medium=link&utm_source=api,NEUTRAL,已檢索 - 目前尚未建立索引,ALLOWED,INDEXING_ALLOWED,2026-08-15T04:10:54Z,29,15–30 days,SUCCESSFUL,https://funnytools.win/about-tools/,https://funnytools.win/about-tools/,SELF_MATCH,MOBILE,0,,2,https://funnytools.win/; https://funnytools.win/tools/,no,UNKNOWN,,200,,,,,0,20,0,6.2
https://funnytools.win/about/,zh-TW,zh,legal,general,sitemap-guides.xml,2026-09-02,11,200 live verified,yes,29,313,1,1557,1537,0.9871547848426461,,關於我們｜免費線上工具箱簡介 - FunnyTools,,,,0,,,,IMPROVE,low,Crawled Not Indexed,yes,yes,no,2026-09-13T08:13:40.050Z,https://search.google.com/search-console/inspect?resource_id=sc-domain:funnytools.win&id=zAwy7XcEuG083mNDH9aQ5A&utm_medium=link&utm_source=api,NEUTRAL,已檢索 - 目前尚未建立索引,ALLOWED,INDEXING_ALLOWED,2026-08-22T21:31:54Z,21,15–30 days,SUCCESSFUL,https://funnytools.win/about/,https://funnytools.win/about/,SELF_MATCH,MOBILE,0,,2,https://funnytools.win/; https://funnytools.win/tools/,no,UNKNOWN,,200,0,2,0,1,7,66,0.10606060606060606,4.196969696969697
https://funnytools.win/affiliate-disclosure/,zh-TW,zh,legal,general,sitemap-guides.xml,2026-09-07,6,200 live verified,yes,28,497,1,424,409,0.964622641509434,,分潤連結透明說明 - FunnyTools,,,,0,,,,KEEP,low,Unknown,no,unknown,unknown,2026-09-13T08:13:46.534Z,https://search.google.com/search-console/inspect?resource_id=sc-domain:funnytools.win&id=OfqDDjIn4l1DGovw3ZK-1A&utm_medium=link&utm_source=api,NEUTRAL,Google 無法辨識的網址,ROBOTS_TXT_STATE_UNSPECIFIED,INDEXING_STATE_UNSPECIFIED,,0,never crawled,PAGE_FETCH_STATE_UNSPECIFIED,,,GOOGLE_CANONICAL_ABSENT,,0,,0,,no,UNKNOWN,,200,,,,,,,,
https://funnytools.win/category/draw/,zh-TW,zh,category,draw,sitemap-guides.xml,2026-09-02,11,200 live verified,yes,45,24,1,1596,1569,0.9830827067669173,,製圖與圖表免費工具｜2D CAD、流程圖、長條圖、圓餅圖 - FunnyTools,,,,0,,,,KEEP,low,Crawled Not Indexed,yes,yes,no,2026-09-13T08:13:46.956Z,https://search.google.com/search-console/inspect?resource_id=sc-domain:funnytools.win&id=rtifPTTO6cQGj7Dd35BxOA&utm_medium=link&utm_source=api,NEUTRAL,已檢索 - 目前尚未建立索引,ALLOWED,INDEXING_ALLOWED,2026-09-02T05:21:43Z,11,7–14 days,SUCCESSFUL,https://funnytools.win/category/draw/,https://funnytools.win/category/draw/,SELF_MATCH,MOBILE,0,,2,https://funnytools.win/; https://funnytools.win/en/category/draw/,no,UNKNOWN,,200,,,,,0,3,0,4.333333333333334
https://funnytools.win/category/image/,zh-TW,zh,category,image,sitemap-guides.xml,2026-09-03,10,200 live verified,yes,60,34,1,2104,2078,0.9876425855513308,,圖片與檔案免費工具｜圖片壓縮、轉檔、尺寸調整 - FunnyTools,,,,1,0.805,0.61,UNKNOWN,IMPROVE,low,Crawled Not Indexed,yes,yes,no,2026-09-13T08:13:47.310Z,https://search.google.com/search-console/inspect?resource_id=sc-domain:funnytools.win&id=97iZxE8xoNAlEFAj9UeCSg&utm_medium=link&utm_source=api,NEUTRAL,已檢索 - 目前尚未建立索引,ALLOWED,INDEXING_ALLOWED,2026-08-03T16:39:23Z,40,>30 days,SUCCESSFUL,https://funnytools.win/category/image/,https://funnytools.win/category/image/,SELF_MATCH,MOBILE,0,,3,https://funnytools.win/; http://funnytools.win/category/image/; https://funnytools.win/en/category/image/,no,UNKNOWN,,200,,,,,,,,
https://funnytools.win/category/money/,zh-TW,zh,category,money,sitemap-guides.xml,2026-08-01,43,200 live verified,yes,46,15,1,1492,1468,0.9839142091152815,,薪資與金錢免費工具｜薪水、貸款、複利試算 - FunnyTools,,,,0,,,,KEEP,low,Crawled Not Indexed,yes,yes,no,2026-09-13T08:13:54.124Z,https://search.google.com/search-console/inspect?resource_id=sc-domain:funnytools.win&id=jtF7_YpzqERcNb3nF7Lf7Q&utm_medium=link&utm_source=api,NEUTRAL,已檢索 - 目前尚未建立索引,ALLOWED,INDEXING_ALLOWED,2026-08-19T18:24:07Z,24,15–30 days,SUCCESSFUL,https://funnytools.win/category/money/,https://funnytools.win/category/money/,SELF_MATCH,MOBILE,0,,2,https://funnytools.win/; https://funnytools.win/tools/net-salary/,no,UNKNOWN,,200,,,,,0,15,0,7.2
https://funnytools.win/category/pdf/,zh-TW,zh,category,pdf,sitemap-guides.xml,2026-09-02,11,200 live verified,yes,55,34,1,1850,1829,0.9886486486486487,,PDF 免費工具｜合併、拆分、旋轉、壓縮 PDF - FunnyTools,,,,0,,,,KEEP,low,Crawled Not Indexed,yes,yes,no,2026-09-13T08:13:53.949Z,https://search.google.com/search-console/inspect?resource_id=sc-domain:funnytools.win&id=mN2DfYeIu63-9pqYO3oMEQ&utm_medium=link&utm_source=api,NEUTRAL,已檢索 - 目前尚未建立索引,ALLOWED,INDEXING_ALLOWED,2026-08-16T02:42:51Z,28,15–30 days,SUCCESSFUL,https://funnytools.win/category/pdf/,https://funnytools.win/category/pdf/,SELF_MATCH,MOBILE,0,,3,https://funnytools.win/; https://funnytools.win/en/category/pdf/; https://funnytools.win/tools/,no,UNKNOWN,,200,0,1,0,1,0,16,0,6.625
https://funnytools.win/category/random/,zh-TW,zh,category,random,sitemap-guides.xml,2026-08-01,43,200 live verified,yes,61,32,1,2242,2216,0.9884032114183765,,隨機與抽籤免費工具｜抽號碼、抽名字、分組、轉盤 - FunnyTools,,,,2,0.83,0.567,ADJACENT,IMPROVE,low,Crawled Not Indexed,yes,yes,no,2026-09-13T08:13:54.570Z,https://search.google.com/search-console/inspect?resource_id=sc-domain:funnytools.win&id=vSJi7LjrR0czmF3mU85O3A&utm_medium=link&utm_source=api,NEUTRAL,已檢索 - 目前尚未建立索引,ALLOWED,INDEXING_ALLOWED,2026-08-01T03:39:40Z,43,>30 days,SUCCESSFUL,https://funnytools.win/category/random/,https://funnytools.win/category/random/,SELF_MATCH,MOBILE,0,,4,https://funnytools.win/es/categorias/azar/; https://funnytools.win/; https://funnytools.win/en/category/random/; https://funnytools.win/tools/what-to-eat/,no,UNKNOWN,,200,,,,,,,,
https://funnytools.win/category/statistics/,zh-TW,zh,category,statistics,sitemap-guides.xml,2026-09-03,10,200 live verified,yes,63,24,1,2351,2325,0.9889408762228838,,教育與統計免費工具｜標準差、百分比、平均計算 - FunnyTools,,,,6,0.891,0.75,ADJACENT,IMPROVE,low,Crawled Not Indexed,yes,yes,no,2026-09-13T08:14:01.188Z,https://search.google.com/search-console/inspect?resource_id=sc-domain:funnytools.win&id=tbS6tSvaLd0ZpUi-KHUUfQ&utm_medium=link&utm_source=api,NEUTRAL,已檢索 - 目前尚未建立索引,ALLOWED,INDEXING_ALLOWED,2026-08-23T04:04:58Z,21,15–30 days,SUCCESSFUL,https://funnytools.win/category/statistics/,https://funnytools.win/category/statistics/,SELF_MATCH,MOBILE,0,,3,https://funnytools.win/; https://funnytools.win/en/category/statistics/; https://funnytools.win/tools/random-group-generator/,no,UNKNOWN,,200,,,,,0,22,0,6
https://funnytools.win/category/study/,zh-TW,zh,category,study,sitemap-guides.xml,2026-09-03,10,200 live verified,yes,50,17,1,1672,1645,0.9838516746411483,,學生與老師免費工具｜點名、分組、座位表、成績計算 - FunnyTools,,,,4,0.841,0.693,ADJACENT; UNKNOWN,IMPROVE,low,Crawled Not Indexed,yes,yes,no,2026-09-13T08:14:01.717Z,https://search.google.com/search-console/inspect?resource_id=sc-domain:funnytools.win&id=_j4dVyi1W0T7NNaSua6toA&utm_medium=link&utm_source=api,NEUTRAL,已檢索 - 目前尚未建立索引,ALLOWED,INDEXING_ALLOWED,2026-08-01T07:29:05Z,43,>30 days,SUCCESSFUL,https://funnytools.win/category/study/,https://funnytools.win/category/study/,SELF_MATCH,MOBILE,0,,3,https://funnytools.win/en/category/study/; https://funnytools.win/; https://funnytools.win/tools/gpa-calculator/,no,UNKNOWN,,200,,,,,,,,
https://funnytools.win/category/text/,zh-TW,zh,category,text,sitemap-guides.xml,2026-09-02,11,200 live verified,yes,73,36,1,2618,2591,0.9896867838044309,,文字與寫作免費工具｜字數統計、大小寫、文字清理 - FunnyTools,,,,3,0.816,0.639,ADJACENT,IMPROVE,low,Crawled Not Indexed,yes,yes,no,2026-09-13T08:14:02.123Z,https://search.google.com/search-console/inspect?resource_id=sc-domain:funnytools.win&id=dn5Q_sx1jCase0iCCOPIhA&utm_medium=link&utm_source=api,NEUTRAL,已檢索 - 目前尚未建立索引,ALLOWED,INDEXING_ALLOWED,2026-08-14T04:41:13Z,30,15–30 days,SUCCESSFUL,https://funnytools.win/category/text/,https://funnytools.win/category/text/,SELF_MATCH,MOBILE,0,,3,https://funnytools.win/en/category/text/; https://funnytools.win/; https://funnytools.win/tools/remove-empty-lines/,no,UNKNOWN,,200,,,,,0,11,0,6.636363636363637
https://funnytools.win/category/time/,zh-TW,zh,category,time,sitemap-guides.xml,2026-08-01,43,200 live verified,yes,53,29,1,1775,1748,0.9847887323943662,,工作與時間免費工具｜番茄鐘、倒數計時、日期計算 - FunnyTools,,,,1,0.8,0.621,ADJACENT,IMPROVE,low,Crawled Not Indexed,yes,yes,no,2026-09-13T08:14:08.152Z,https://search.google.com/search-console/inspect?resource_id=sc-domain:funnytools.win&id=n5rVfS8IVbwwH89oj0Ugnw&utm_medium=link&utm_source=api,NEUTRAL,已檢索 - 目前尚未建立索引,ALLOWED,INDEXING_ALLOWED,2026-08-10T02:23:26Z,34,>30 days,SUCCESSFUL,https://funnytools.win/category/time/,https://funnytools.win/category/time/,SELF_MATCH,MOBILE,0,,3,https://funnytools.win/en/category/time/; https://funnytools.win/; https://funnytools.win/tools/,no,UNKNOWN,,200,,,,,,,,
https://funnytools.win/contact/,zh-TW,zh,legal,general,sitemap-guides.xml,2026-07-31,44,200 live verified,yes,29,313,1,1319,1299,0.9848369977255497,,聯絡我們｜問題回報與工具建議 - FunnyTools,,,,0,,,,IMPROVE,low,Crawled Not Indexed,yes,yes,no,2026-09-13T08:14:08.903Z,https://search.google.com/search-console/inspect?resource_id=sc-domain:funnytools.win&id=VfmjqqETdZsZyXPPlVGTrA&utm_medium=link&utm_source=api,NEUTRAL,已檢索 - 目前尚未建立索引,ALLOWED,INDEXING_ALLOWED,2026-09-02T03:41:45Z,11,7–14 days,SUCCESSFUL,https://funnytools.win/contact/,https://funnytools.win/contact/,SELF_MATCH,MOBILE,0,,3,https://funnytools.win/en/contact/; https://funnytools.win/; https://funnytools.win/tools/,no,UNKNOWN,,200,0,3,0,1.6666666666666665,0,3,0,1.6666666666666665
https://funnytools.win/disclaimer/,zh-TW,zh,legal,general,sitemap-guides.xml,2026-06-17,88,200 live verified,yes,29,313,1,1320,1301,0.9856060606060606,,免責聲明｜工具結果僅供參考 - FunnyTools,,,,0,,,,IMPROVE,low,Crawled Not Indexed,yes,yes,no,2026-09-13T08:14:09.347Z,https://search.google.com/search-console/inspect?resource_id=sc-domain:funnytools.win&id=86epDjgR2Ouhtxvc43b8nA&utm_medium=link&utm_source=api,NEUTRAL,已檢索 - 目前尚未建立索引,ALLOWED,INDEXING_ALLOWED,2026-08-18T04:02:21Z,26,15–30 days,SUCCESSFUL,https://funnytools.win/disclaimer/,https://funnytools.win/disclaimer/,SELF_MATCH,MOBILE,0,,2,https://funnytools.win/; https://funnytools.win/tools/what-to-eat/,no,UNKNOWN,,200,,,,,0,24,0,6.916666666666667
https://funnytools.win/education-statistics/,zh-TW,zh,other,statistics,sitemap-guides.xml,2026-09-03,10,200 live verified,yes,76,312,1,3062,3035,0.9911822338340953,,教育與統計工具中心 | 教師考試與研究統計工具 - FunnyTools,,,,2,0.891,0.715,ADJACENT,IMPROVE,low,Crawled Not Indexed,yes,yes,no,2026-09-13T08:14:15.392Z,https://search.google.com/search-console/inspect?resource_id=sc-domain:funnytools.win&id=JEAW9eAXUt396VybZJLewQ&utm_medium=link&utm_source=api,NEUTRAL,已檢索 - 目前尚未建立索引,ALLOWED,INDEXING_ALLOWED,2026-07-16T16:37:45Z,58,>30 days,SUCCESSFUL,https://funnytools.win/education-statistics/,https://funnytools.win/education-statistics/,SELF_MATCH,MOBILE,0,,2,https://funnytools.win/; http://funnytools.win/education-statistics/,no,UNKNOWN,,200,,,,,0,1,0,2
https://funnytools.win/en/,en,en,home,general,sitemap-en.xml,2026-09-10,3,200 live verified,yes,250,407,0,1605,1594,0.9931464174454828,,"Free Online Tools - PDF, Image, Text & QR | FunnyTools",,,,0,,,,KEEP,low,Indexed,yes,yes,yes,2026-09-13T08:14:16.030Z,https://search.google.com/search-console/inspect?resource_id=sc-domain:funnytools.win&id=Cf1qJ-GYEcDYWjjWJYGQkw&utm_medium=link&utm_source=api,PASS,Submitted and indexed,ALLOWED,INDEXING_ALLOWED,2026-09-11T22:37:47Z,1,<7 days,SUCCESSFUL,https://funnytools.win/en/,https://funnytools.win/en/,SELF_MATCH,MOBILE,0,,3,https://funnytools.win/fr/; https://funnytools.win/; https://funnytools.win/en/category/text/,no,UNKNOWN,,200,1,20,0.05,8.95,3,97,0.030927835051546393,8.092783505154639
https://funnytools.win/en/about-tools/,en,en,legal,general,sitemap-en.xml,2026-06-17,88,200 live verified,yes,30,194,1,644,633,0.9829192546583851,,How Our Tools Work | Local Browser Processing - FunnyTools,,,,0,,,,KEEP,low,Crawled Not Indexed,yes,yes,no,2026-09-13T08:14:16.546Z,https://search.google.com/search-console/inspect?resource_id=sc-domain:funnytools.win&id=G_pqP7uCIpADMWAB2Ra6zw&utm_medium=link&utm_source=api,NEUTRAL,Crawled - currently not indexed,ALLOWED,INDEXING_ALLOWED,2026-08-05T06:36:52Z,39,>30 days,SUCCESSFUL,https://funnytools.win/en/about-tools/,https://funnytools.win/en/about-tools/,SELF_MATCH,MOBILE,0,,3,https://funnytools.win/about-tools/; https://funnytools.win/en/category/statistics/; https://funnytools.win/en/tools/,no,UNKNOWN,,200,,,,,0,2,0,7
https://funnytools.win/en/about/,en,en,legal,general,sitemap-en.xml,2026-09-02,11,200 live verified,yes,29,193,1,943,934,0.9904559915164369,,About Us | Free Online Toolbox - FunnyTools,,,,0,,,,IMPROVE,low,Crawled Not Indexed,yes,yes,no,2026-09-13T08:14:22.296Z,https://search.google.com/search-console/inspect?resource_id=sc-domain:funnytools.win&id=InMvoHCSuwiZr2hKsKP5Wg&utm_medium=link&utm_source=api,NEUTRAL,Crawled - currently not indexed,ALLOWED,INDEXING_ALLOWED,2026-08-16T17:36:32Z,27,15–30 days,SUCCESSFUL,https://funnytools.win/en/about/,https://funnytools.win/en/about/,SELF_MATCH,MOBILE,0,,3,https://funnytools.win/en/category/statistics/; https://funnytools.win/about/; https://funnytools.win/en/tools/,no,UNKNOWN,,200,,,,,0,11,0,2
https://funnytools.win/en/category/draw/,en,en,category,draw,sitemap-en.xml,2026-09-02,11,200 live verified,yes,45,13,1,735,725,0.9863945578231292,,"Drawing & Chart Tools | CAD, Flowcharts & Charts - FunnyTools",,,,0,,,,KEEP,low,Crawled Not Indexed,yes,yes,no,2026-09-13T08:14:23.199Z,https://search.google.com/search-console/inspect?resource_id=sc-domain:funnytools.win&id=f7JpSzi5eH6exqXunzaWYg&utm_medium=link&utm_source=api,NEUTRAL,Crawled - currently not indexed,ALLOWED,INDEXING_ALLOWED,2026-07-16T15:41:04Z,58,>30 days,SUCCESSFUL,https://funnytools.win/en/category/draw/,https://funnytools.win/en/category/draw/,SELF_MATCH,MOBILE,0,,3,https://funnytools.win/es/categorias/dibujo/; https://funnytools.win/en/; https://funnytools.win/en/tools/,no,UNKNOWN,,200,,,,,0,7,0,19.142857142857142
https://funnytools.win/en/category/image/,en,en,category,image,sitemap-en.xml,2026-09-02,11,200 live verified,yes,59,23,1,959,950,0.9906152241918665,,"Image Tools | Compress, Convert & Resize - FunnyTools",,,,0,,,,KEEP,low,Crawled Not Indexed,yes,yes,no,2026-09-13T08:14:23.728Z,https://search.google.com/search-console/inspect?resource_id=sc-domain:funnytools.win&id=UU4PAG0M3XxzoO796hgjlQ&utm_medium=link&utm_source=api,NEUTRAL,Crawled - currently not indexed,ALLOWED,INDEXING_ALLOWED,2026-08-04T17:45:05Z,39,>30 days,SUCCESSFUL,https://funnytools.win/en/category/image/,https://funnytools.win/en/category/image/,SELF_MATCH,MOBILE,0,,4,https://funnytools.win/en/; https://funnytools.win/category/image/; http://funnytools.win/category/image/; https://funnytools.win/en/tools/,no,UNKNOWN,,200,,,,,0,1,0,7
https://funnytools.win/en/category/money/,en,en,category,money,sitemap-en.xml,2026-08-01,43,200 live verified,yes,46,13,1,593,584,0.984822934232715,,Money & Salary Calculators | Free Tools - FunnyTools,,,,0,,,,KEEP,low,Crawled Not Indexed,yes,yes,no,2026-09-13T08:14:29.501Z,https://search.google.com/search-console/inspect?resource_id=sc-domain:funnytools.win&id=5j0Qr7cKqL_SFUuVMfwtCg&utm_medium=link&utm_source=api,NEUTRAL,Crawled - currently not indexed,ALLOWED,INDEXING_ALLOWED,2026-08-17T12:14:53Z,26,15–30 days,SUCCESSFUL,https://funnytools.win/en/category/money/,https://funnytools.win/en/category/money/,SELF_MATCH,MOBILE,0,,3,https://funnytools.win/en/category/statistics/; https://funnytools.win/category/money/; https://funnytools.win/en/tools/,no,UNKNOWN,,200,,,,,,,,
https://funnytools.win/en/category/pdf/,en,en,category,pdf,sitemap-en.xml,2026-09-02,11,200 live verified,yes,55,24,1,801,791,0.9875156054931336,,"PDF Tools | Merge, Split, Rotate & Compress - FunnyTools",,,,0,,,,KEEP,low,Crawled Not Indexed,yes,yes,no,2026-09-13T08:14:30.383Z,https://search.google.com/search-console/inspect?resource_id=sc-domain:funnytools.win&id=FJFuUTTF-3kr1EdW0FFLLQ&utm_medium=link&utm_source=api,NEUTRAL,Crawled - currently not indexed,ALLOWED,INDEXING_ALLOWED,2026-08-13T14:37:00Z,30,15–30 days,SUCCESSFUL,https://funnytools.win/en/category/pdf/,https://funnytools.win/en/category/pdf/,SELF_MATCH,MOBILE,0,,2,https://funnytools.win/en/; https://funnytools.win/en/tools/,no,UNKNOWN,,200,,,,,0,10,0,3.7
https://funnytools.win/en/category/random/,en,en,category,random,sitemap-en.xml,2026-08-01,43,200 live verified,yes,61,21,1,951,942,0.9905362776025236,,Random Pickers & Generators | Free Tools - FunnyTools,,,,0,,,,KEEP,low,Crawled Not Indexed,yes,yes,no,2026-09-13T08:14:30.727Z,https://search.google.com/search-console/inspect?resource_id=sc-domain:funnytools.win&id=O5W8pup0rvhHc8r872H2TA&utm_medium=link&utm_source=api,NEUTRAL,Crawled - currently not indexed,ALLOWED,INDEXING_ALLOWED,2026-08-20T10:52:31Z,23,15–30 days,SUCCESSFUL,https://funnytools.win/en/category/random/,https://funnytools.win/en/category/random/,SELF_MATCH,MOBILE,0,,2,https://funnytools.win/en/; https://funnytools.win/en/tools/,no,UNKNOWN,,200,,,,,0,1,0,7
https://funnytools.win/en/category/statistics/,en,en,category,statistics,sitemap-en.xml,2026-08-01,43,200 live verified,yes,62,22,1,1065,1056,0.9915492957746479,,Education & Statistics Calculators | Free Tools - FunnyTools,,,,1,0.807,0.561,ADJACENT,IMPROVE,low,Crawled Not Indexed,yes,yes,no,2026-09-13T08:14:36.642Z,https://search.google.com/search-console/inspect?resource_id=sc-domain:funnytools.win&id=t4_ES3Y1GB9WuF6RFff4wg&utm_medium=link&utm_source=api,NEUTRAL,Crawled - currently not indexed,ALLOWED,INDEXING_ALLOWED,2026-08-18T04:52:21Z,26,15–30 days,SUCCESSFUL,https://funnytools.win/en/category/statistics/,https://funnytools.win/en/category/statistics/,SELF_MATCH,MOBILE,0,,3,https://funnytools.win/es/categorias/estadistica/; https://funnytools.win/category/statistics/; http://funnytools.win/en/tools/class-rank-percentile-calculator/,no,UNKNOWN,,200,,,,,0,4,0,3.75
https://funnytools.win/en/category/study/,en,en,category,study,sitemap-en.xml,2026-08-01,43,200 live verified,yes,49,15,1,691,680,0.984081041968162,,"Student & Teacher Tools | Groups, Grades & Roll Call - FunnyTools",,,,0,,,,KEEP,low,Crawled Not Indexed,yes,yes,no,2026-09-13T08:14:37.758Z,https://search.google.com/search-console/inspect?resource_id=sc-domain:funnytools.win&id=q2ZTHemJkyzfbdmcpmPgQw&utm_medium=link&utm_source=api,NEUTRAL,Crawled - currently not indexed,ALLOWED,INDEXING_ALLOWED,2026-08-17T17:37:21Z,26,15–30 days,SUCCESSFUL,https://funnytools.win/en/category/study/,https://funnytools.win/en/category/study/,SELF_MATCH,MOBILE,0,,2,https://funnytools.win/en/category/statistics/; https://funnytools.win/en/tools/,no,UNKNOWN,,200,,,,,0,1,0,3
https://funnytools.win/en/category/text/,en,en,category,text,sitemap-en.xml,2026-09-02,11,200 live verified,yes,58,26,1,831,821,0.9879663056558363,,"Text & Writing Tools | Count, Convert & Clean - FunnyTools",,,,0,,,,KEEP,low,Crawled Not Indexed,yes,yes,no,2026-09-13T08:14:37.954Z,https://search.google.com/search-console/inspect?resource_id=sc-domain:funnytools.win&id=CiTAYjtK7F0FrfORK8OdlQ&utm_medium=link&utm_source=api,NEUTRAL,Crawled - currently not indexed,ALLOWED,INDEXING_ALLOWED,2026-07-30T10:00:27Z,44,>30 days,SUCCESSFUL,https://funnytools.win/en/category/text/,https://funnytools.win/en/category/text/,SELF_MATCH,MOBILE,0,,2,https://funnytools.win/en/category/statistics/; https://funnytools.win/en/tools/,no,UNKNOWN,,200,,,,,0,1,0,10
https://funnytools.win/en/category/time/,en,en,category,time,sitemap-en.xml,2026-08-01,43,200 live verified,yes,53,18,1,744,734,0.9865591397849462,,Work & Time Tools | Timers & Date Calculators - FunnyTools,,,,0,,,,KEEP,low,Crawled Not Indexed,yes,yes,no,2026-09-13T08:14:43.786Z,https://search.google.com/search-console/inspect?resource_id=sc-domain:funnytools.win&id=Ig5pkZaFtskM-cikS6J0RA&utm_medium=link&utm_source=api,NEUTRAL,Crawled - currently not indexed,ALLOWED,INDEXING_ALLOWED,2026-08-22T01:04:53Z,22,15–30 days,SUCCESSFUL,https://funnytools.win/en/category/time/,https://funnytools.win/en/category/time/,SELF_MATCH,MOBILE,0,,2,https://funnytools.win/en/; https://funnytools.win/category/time/,no,UNKNOWN,,200,,,,,0,1,0,7
https://funnytools.win/en/contact/,en,en,legal,general,sitemap-en.xml,2026-07-31,44,200 live verified,yes,29,193,1,825,815,0.9878787878787879,,Contact Us | Bug Reports & Tool Suggestions - FunnyTools,,,,0,,,,IMPROVE,low,Crawled Not Indexed,yes,yes,no,2026-09-13T08:14:44.937Z,https://search.google.com/search-console/inspect?resource_id=sc-domain:funnytools.win&id=-Lfn-QyOKJ8aXZLqOM0hQA&utm_medium=link&utm_source=api,NEUTRAL,Crawled - currently not indexed,ALLOWED,INDEXING_ALLOWED,2026-07-15T19:24:42Z,59,>30 days,SUCCESSFUL,https://funnytools.win/en/contact/,https://funnytools.win/en/contact/,SELF_MATCH,MOBILE,0,,2,https://funnytools.win/en/category/statistics/; https://funnytools.win/en/tools/,no,UNKNOWN,,200,,,,,0,17,0,3.8823529411764706
https://funnytools.win/en/disclaimer/,en,en,legal,general,sitemap-en.xml,2026-06-17,88,200 live verified,yes,27,193,1,730,721,0.9876712328767123,,Disclaimer | Results Are Reference Only - FunnyTools,,,,0,,,,KEEP,low,Crawled Not Indexed,yes,yes,no,2026-09-13T08:14:45.146Z,https://search.google.com/search-console/inspect?resource_id=sc-domain:funnytools.win&id=MlzMaEMbA6rqfRET5fzpSw&utm_medium=link&utm_source=api,NEUTRAL,Crawled - currently not indexed,ALLOWED,INDEXING_ALLOWED,2026-08-13T00:47:43Z,31,>30 days,SUCCESSFUL,https://funnytools.win/en/disclaimer/,https://funnytools.win/en/disclaimer/,SELF_MATCH,MOBILE,0,,3,https://funnytools.win/en/category/statistics/; https://funnytools.win/disclaimer/; https://funnytools.win/en/tools/,no,UNKNOWN,,200,,,,,0,6,0,6.333333333333333
https://funnytools.win/en/education-statistics/,en,en,other,statistics,sitemap-en.xml,2026-07-02,73,200 live verified,yes,66,193,1,1375,1368,0.9949090909090909,,Education Statistics Tools - FunnyTools,,,,1,0.807,0.561,ADJACENT,IMPROVE,low,Crawled Not Indexed,yes,yes,no,2026-09-13T08:14:51.012Z,https://search.google.com/search-console/inspect?resource_id=sc-domain:funnytools.win&id=xa3BmV6NFEssxZcQszHP3w&utm_medium=link&utm_source=api,NEUTRAL,Crawled - currently not indexed,ALLOWED,INDEXING_ALLOWED,2026-08-11T06:53:06Z,33,>30 days,SUCCESSFUL,https://funnytools.win/en/education-statistics/,https://funnytools.win/en/education-statistics/,SELF_MATCH,MOBILE,0,,2,https://funnytools.win/education-statistics/; http://funnytools.win/education-statistics/,no,UNKNOWN,,200,0,1,0,62,0,1,0,62
https://funnytools.win/en/for/,en,en,hub,general,sitemap-en.xml,2026-07-31,44,200 live verified,yes,41,193,1,931,924,0.9924812030075187,,Find FunnyTools by Audience,,,,0,,,,KEEP,low,Crawled Not Indexed,yes,yes,no,2026-09-13T08:14:52.302Z,https://search.google.com/search-console/inspect?resource_id=sc-domain:funnytools.win&id=0paUpYOxufi05FDjU03kcg&utm_medium=link&utm_source=api,NEUTRAL,Crawled - currently not indexed,ALLOWED,INDEXING_ALLOWED,2026-08-18T10:09:35Z,25,15–30 days,SUCCESSFUL,https://funnytools.win/en/for/,https://funnytools.win/en/for/,SELF_MATCH,MOBILE,0,,2,https://funnytools.win/en/category/statistics/; https://funnytools.win/for/,no,UNKNOWN,,200,,,,,0,1,0,5
https://funnytools.win/en/for/creators/,en,en,audience,creators,sitemap-en.xml,2026-09-02,11,200 live verified,yes,46,7,1,692,681,0.9841040462427746,,"Free Creator Tools: Text, Images, QR Codes - FunnyTools",,,,0,,,,KEEP,low,Crawled Not Indexed,yes,yes,no,2026-09-13T08:14:52.281Z,https://search.google.com/search-console/inspect?resource_id=sc-domain:funnytools.win&id=ajWRIoA4gG36cMabrKk08A&utm_medium=link&utm_source=api,NEUTRAL,Crawled - currently not indexed,ALLOWED,INDEXING_ALLOWED,2026-08-19T16:16:16Z,24,15–30 days,SUCCESSFUL,https://funnytools.win/en/for/creators/,https://funnytools.win/en/for/creators/,SELF_MATCH,MOBILE,0,,2,https://funnytools.win/en/; https://funnytools.win/for/creators/,no,UNKNOWN,,200,,,,,0,2,0,4.5
https://funnytools.win/en/for/designers/,en,en,audience,designers,sitemap-en.xml,2026-09-02,11,200 live verified,yes,44,7,1,685,674,0.983941605839416,,"Free Designer Tools: Images, Color, QR Codes - FunnyTools",,,,0,,,,KEEP,low,Crawled Not Indexed,yes,yes,no,2026-09-13T08:14:58.165Z,https://search.google.com/search-console/inspect?resource_id=sc-domain:funnytools.win&id=6KH2ORzzYNtsqT1AERI6_A&utm_medium=link&utm_source=api,NEUTRAL,Crawled - currently not indexed,ALLOWED,INDEXING_ALLOWED,2026-08-20T16:23:31Z,23,15–30 days,SUCCESSFUL,https://funnytools.win/en/for/designers/,https://funnytools.win/en/for/designers/,SELF_MATCH,MOBILE,0,,2,https://funnytools.win/for/designers/; https://funnytools.win/en/,no,UNKNOWN,,200,,,,,,,,
https://funnytools.win/en/for/developers/,en,en,audience,developers,sitemap-en.xml,2026-08-01,43,200 live verified,yes,44,7,1,613,602,0.9820554649265906,,"Free Developer Tools: JSON, Base64, UUID, CSV - FunnyTools",,,,0,,,,KEEP,low,Crawled Not Indexed,yes,yes,no,2026-09-13T08:14:59.455Z,https://search.google.com/search-console/inspect?resource_id=sc-domain:funnytools.win&id=IyUkT-oqUV2SatZtq-yelg&utm_medium=link&utm_source=api,NEUTRAL,Crawled - currently not indexed,ALLOWED,INDEXING_ALLOWED,2026-08-21T06:43:48Z,23,15–30 days,SUCCESSFUL,https://funnytools.win/en/for/developers/,https://funnytools.win/en/for/developers/,SELF_MATCH,MOBILE,0,,2,https://funnytools.win/en/; https://funnytools.win/for/developers/,no,UNKNOWN,,200,,,,,0,1,0,4
https://funnytools.win/en/for/office-workers/,en,en,audience,office-workers,sitemap-en.xml,2026-09-02,11,200 live verified,yes,47,9,1,691,680,0.984081041968162,,"Free Office Tools: PDF, Images, Dates, JSON - FunnyTools",,,,0,,,,KEEP,low,Crawled Not Indexed,yes,yes,no,2026-09-13T08:14:59.669Z,https://search.google.com/search-console/inspect?resource_id=sc-domain:funnytools.win&id=kBc6-esCX6iTPVV0U_J7kg&utm_medium=link&utm_source=api,NEUTRAL,Crawled - currently not indexed,ALLOWED,INDEXING_ALLOWED,2026-08-21T07:12:01Z,23,15–30 days,SUCCESSFUL,https://funnytools.win/en/for/office-workers/,https://funnytools.win/en/for/office-workers/,SELF_MATCH,MOBILE,0,,2,https://funnytools.win/en/; https://funnytools.win/for/office-workers/,no,UNKNOWN,,200,,,,,0,2,0,6
https://funnytools.win/en/for/students/,en,en,audience,students,sitemap-en.xml,2026-09-02,11,200 live verified,yes,47,8,1,507,496,0.9783037475345168,,"Free Tools for Students: Words, PDFs, Reports - FunnyTools",,,,0,,,,KEEP,low,Crawled Not Indexed,yes,yes,no,2026-09-13T08:15:05.059Z,https://search.google.com/search-console/inspect?resource_id=sc-domain:funnytools.win&id=-jhDOVXiU87boI8YFavmug&utm_medium=link&utm_source=api,NEUTRAL,Crawled - currently not indexed,ALLOWED,INDEXING_ALLOWED,2026-08-22T00:52:23Z,22,15–30 days,SUCCESSFUL,https://funnytools.win/en/for/students/,https://funnytools.win/en/for/students/,SELF_MATCH,MOBILE,0,,2,https://funnytools.win/en/category/statistics/; https://funnytools.win/for/students/,no,UNKNOWN,,200,,,,,0,1,0,8
https://funnytools.win/en/for/teachers/,en,en,audience,teachers,sitemap-en.xml,2026-06-26,79,200 live verified,yes,47,8,1,884,873,0.9875565610859729,,"Free Tools for Teachers: Picks, Groups, Timers - FunnyTools",,,,0,,,,KEEP,low,Crawled Not Indexed,yes,yes,no,2026-09-13T08:15:06.890Z,https://search.google.com/search-console/inspect?resource_id=sc-domain:funnytools.win&id=gr-8X8A-RGFP5_Sz81marg&utm_medium=link&utm_source=api,NEUTRAL,Crawled - currently not indexed,ALLOWED,INDEXING_ALLOWED,2026-08-09T05:06:35Z,35,>30 days,SUCCESSFUL,https://funnytools.win/en/for/teachers/,https://funnytools.win/en/for/teachers/,SELF_MATCH,MOBILE,0,,3,https://funnytools.win/en/category/statistics/; https://funnytools.win/for/teachers/; http://funnytools.win/for/teachers/,no,UNKNOWN,,200,0,1,0,90,0,27,0,51.666666666666664
https://funnytools.win/en/guides/,en,en,hub,general,sitemap-en.xml,2026-09-04,9,200 live verified,yes,180,193,1,3038,3028,0.9967083607636603,,Education Statistics and Teacher Exam Guides - FunnyTools,,,,0,,,,KEEP,low,Crawled Not Indexed,yes,yes,no,2026-09-13T08:15:07.075Z,https://search.google.com/search-console/inspect?resource_id=sc-domain:funnytools.win&id=TuNByvz4b2TpQW6mVd02Ng&utm_medium=link&utm_source=api,NEUTRAL,Crawled - currently not indexed,ALLOWED,INDEXING_ALLOWED,2026-08-19T14:47:08Z,24,15–30 days,SUCCESSFUL,https://funnytools.win/en/guides/,https://funnytools.win/en/guides/,SELF_MATCH,MOBILE,0,,2,https://funnytools.win/en/category/statistics/; https://funnytools.win/guides/,no,UNKNOWN,,200,,,,,0,2,0,6
https://funnytools.win/en/guides/2d-cad-drawing-board-workflow-guide/,en,en,guide,drawing,sitemap-en.xml,2026-09-03,10,200 live verified,yes,38,3,2,879,867,0.9863481228668942,,2D CAD Drawing Board: Grid to PNG/SVG - FunnyTools,,,,0,,,,WAIT,low,Unknown,no,unknown,unknown,2026-09-13T08:15:12.003Z,https://search.google.com/search-console/inspect?resource_id=sc-domain:funnytools.win&id=YdRU-qy-63lRxrFYxduk0Q&utm_medium=link&utm_source=api,NEUTRAL,URL is unknown to Google,ROBOTS_TXT_STATE_UNSPECIFIED,INDEXING_STATE_UNSPECIFIED,,0,never crawled,PAGE_FETCH_STATE_UNSPECIFIED,,,GOOGLE_CANONICAL_ABSENT,,0,,0,,no,UNKNOWN,,200,,,,,,,,
https://funnytools.win/en/guides/a4-vs-us-letter-printing-guide/,en,en,guide,general,sitemap-en.xml,2026-07-18,57,200 live verified,yes,40,12,2,807,794,0.9838909541511772,,A4 vs US Letter: Stop Printables Getting Cut Off - FunnyTools,,,,0,,,,KEEP,low,Unknown,no,unknown,unknown,2026-09-13T08:15:14.093Z,https://search.google.com/search-console/inspect?resource_id=sc-domain:funnytools.win&id=TisNXTo7jvwaoBgC_4TViQ&utm_medium=link&utm_source=api,NEUTRAL,URL is unknown to Google,ROBOTS_TXT_STATE_UNSPECIFIED,INDEXING_STATE_UNSPECIFIED,,0,never crawled,PAGE_FETCH_STATE_UNSPECIFIED,,,GOOGLE_CANONICAL_ABSENT,,0,,0,,no,UNKNOWN,,200,,,,,,,,
https://funnytools.win/en/guides/anova-apa-format-guide/,en,en,guide,statistics,sitemap-en.xml,2026-06-25,80,200 live verified,yes,41,11,1,540,530,0.9814814814814815,,ANOVA APA Format Guide with Examples - FunnyTools,,,,0,,,,KEEP,low,Unknown,no,unknown,unknown,2026-09-13T08:15:14.512Z,https://search.google.com/search-console/inspect?resource_id=sc-domain:funnytools.win&id=orsWVgebWfiyGqQbOl1TgA&utm_medium=link&utm_source=api,NEUTRAL,URL is unknown to Google,ROBOTS_TXT_STATE_UNSPECIFIED,INDEXING_STATE_UNSPECIFIED,,0,never crawled,PAGE_FETCH_STATE_UNSPECIFIED,,,GOOGLE_CANONICAL_ABSENT,,0,,0,,no,UNKNOWN,,200,,,,,,,,
https://funnytools.win/en/guides/bar-chart-school-report-guide/,en,en,guide,drawing,sitemap-en.xml,2026-07-21,54,200 live verified,yes,37,7,2,662,649,0.9803625377643505,,"Clean Bar Chart in 2 Minutes: Sort, Label, Color - FunnyTools",,,,0,,,,KEEP,low,Unknown,no,unknown,unknown,2026-09-13T08:15:19.261Z,https://search.google.com/search-console/inspect?resource_id=sc-domain:funnytools.win&id=D9lOGDMrBwDgaapB5mMKkQ&utm_medium=link&utm_source=api,NEUTRAL,URL is unknown to Google,ROBOTS_TXT_STATE_UNSPECIFIED,INDEXING_STATE_UNSPECIFIED,,0,never crawled,PAGE_FETCH_STATE_UNSPECIFIED,,,GOOGLE_CANONICAL_ABSENT,,0,,0,,no,UNKNOWN,,200,,,,,,,,
https://funnytools.win/en/guides/classroom-group-roles-rotation-guide/,en,en,guide,random,sitemap-en.xml,2026-09-03,10,200 live verified,yes,42,7,2,875,865,0.9885714285714285,,Classroom Group Roles and Rotation Guide - FunnyTools,,,,0,,,,WAIT,low,Unknown,no,unknown,unknown,2026-09-13T08:15:21.237Z,https://search.google.com/search-console/inspect?resource_id=sc-domain:funnytools.win&id=kz5KNIxFvyrX-ukU99HMPg&utm_medium=link&utm_source=api,NEUTRAL,URL is unknown to Google,ROBOTS_TXT_STATE_UNSPECIFIED,INDEXING_STATE_UNSPECIFIED,,0,never crawled,PAGE_FETCH_STATE_UNSPECIFIED,,,GOOGLE_CANONICAL_ABSENT,,0,,0,,no,UNKNOWN,,200,,,,,,,,
https://funnytools.win/en/guides/classroom-lottery-tool-guide/,en,en,guide,random,sitemap-en.xml,2026-06-26,79,200 live verified,yes,44,11,2,578,568,0.9826989619377162,,Classroom Lottery Tool Guide for Teachers - FunnyTools,,,,0,,,,KEEP,low,Unknown,no,unknown,unknown,2026-09-13T08:15:21.695Z,https://search.google.com/search-console/inspect?resource_id=sc-domain:funnytools.win&id=UTBsINja3SPwm_DvO8VMzQ&utm_medium=link&utm_source=api,NEUTRAL,URL is unknown to Google,ROBOTS_TXT_STATE_UNSPECIFIED,INDEXING_STATE_UNSPECIFIED,,0,never crawled,PAGE_FETCH_STATE_UNSPECIFIED,,,GOOGLE_CANONICAL_ABSENT,,0,,0,,no,UNKNOWN,,200,,,,,,,,
https://funnytools.win/en/guides/classroom-random-group-absent-student-repair-guide/,en,en,guide,random,sitemap-en.xml,2026-09-03,10,200 live verified,yes,42,4,2,904,893,0.9878318584070797,,Absent Students After Random Groups: Repair Plan - FunnyTools,,,,1,0.8,0.697,ADJACENT,WAIT,low,Unknown,no,unknown,unknown,2026-09-13T08:15:26.260Z,https://search.google.com/search-console/inspect?resource_id=sc-domain:funnytools.win&id=0aBVwTmjjNfQQZCE2-Zsiw&utm_medium=link&utm_source=api,NEUTRAL,URL is unknown to Google,ROBOTS_TXT_STATE_UNSPECIFIED,INDEXING_STATE_UNSPECIFIED,,0,never crawled,PAGE_FETCH_STATE_UNSPECIFIED,,,GOOGLE_CANONICAL_ABSENT,,0,,0,,no,UNKNOWN,,200,,,,,,,,
https://funnytools.win/en/guides/classroom-random-group-guide/,en,en,guide,random,sitemap-en.xml,2026-06-26,79,200 live verified,yes,44,19,1,612,602,0.9836601307189542,,Classroom Random Group Guide for Teachers - FunnyTools,,,,1,0.81,0.727,ADJACENT,KEEP,low,Crawled Not Indexed,yes,yes,no,2026-09-13T08:15:28.210Z,https://search.google.com/search-console/inspect?resource_id=sc-domain:funnytools.win&id=aYWBnl4A6rnQaHLZM2dinQ&utm_medium=link&utm_source=api,NEUTRAL,Crawled - currently not indexed,ALLOWED,INDEXING_ALLOWED,2026-08-20T14:27:59Z,23,15–30 days,SUCCESSFUL,https://funnytools.win/en/guides/classroom-random-group-guide/,https://funnytools.win/en/guides/classroom-random-group-guide/,SELF_MATCH,MOBILE,0,,2,https://funnytools.win/en/; https://funnytools.win/guides/classroom-random-group-guide/,no,UNKNOWN,,200,0,3,0,59,0,8,0,44
https://funnytools.win/en/guides/classroom-random-group-materials-handoff-guide/,en,en,guide,random,sitemap-en.xml,2026-09-03,10,200 live verified,yes,42,2,2,832,824,0.9903846153846154,,Group Materials Handoff Checklist - FunnyTools,,,,0,,,,WAIT,low,Unknown,no,unknown,unknown,2026-09-13T08:15:28.695Z,https://search.google.com/search-console/inspect?resource_id=sc-domain:funnytools.win&id=ZCaYgSf9Gg3wo_ytrDjBYQ&utm_medium=link&utm_source=api,NEUTRAL,URL is unknown to Google,ROBOTS_TXT_STATE_UNSPECIFIED,INDEXING_STATE_UNSPECIFIED,,0,never crawled,PAGE_FETCH_STATE_UNSPECIFIED,,,GOOGLE_CANONICAL_ABSENT,,0,,0,,no,UNKNOWN,,200,,,,,,,,
https://funnytools.win/en/guides/classroom-random-group-no-repeat-guide/,en,en,guide,random,sitemap-en.xml,2026-09-03,10,200 live verified,yes,42,7,2,871,861,0.9885189437428243,,Avoid Repeating Classroom Groups: Pairing Log - FunnyTools,,,,0,,,,WAIT,low,Unknown,no,unknown,unknown,2026-09-13T08:15:36.283Z,https://search.google.com/search-console/inspect?resource_id=sc-domain:funnytools.win&id=_Mu26s1h9-L4eMBAuH5LUA&utm_medium=link&utm_source=api,NEUTRAL,URL is unknown to Google,ROBOTS_TXT_STATE_UNSPECIFIED,INDEXING_STATE_UNSPECIFIED,,0,never crawled,PAGE_FETCH_STATE_UNSPECIFIED,,,GOOGLE_CANONICAL_ABSENT,,0,,0,,no,UNKNOWN,,200,,,,,,,,
https://funnytools.win/en/guides/classroom-random-group-seat-transition-guide/,en,en,guide,random,sitemap-en.xml,2026-09-03,10,200 live verified,yes,42,3,2,877,867,0.9885974914481186,,Smooth Seat Transition After Random Groups - FunnyTools,,,,0,,,,WAIT,low,Unknown,no,unknown,unknown,2026-09-13T08:15:35.401Z,https://search.google.com/search-console/inspect?resource_id=sc-domain:funnytools.win&id=ClYxhhcbrnwSr2CnaSJShw&utm_medium=link&utm_source=api,NEUTRAL,URL is unknown to Google,ROBOTS_TXT_STATE_UNSPECIFIED,INDEXING_STATE_UNSPECIFIED,,0,never crawled,PAGE_FETCH_STATE_UNSPECIFIED,,,GOOGLE_CANONICAL_ABSENT,,0,,0,,no,UNKNOWN,,200,,,,,,,,
https://funnytools.win/en/guides/classroom-random-group-shareable-result-guide/,en,en,guide,random,sitemap-en.xml,2026-09-03,10,200 live verified,yes,42,4,2,865,853,0.9861271676300578,,How to Share Random Group Results in Class - FunnyTools,,,,0,,,,WAIT,low,Unknown,no,unknown,unknown,2026-09-13T08:15:35.810Z,https://search.google.com/search-console/inspect?resource_id=sc-domain:funnytools.win&id=9KlvTstgTF4_5ASE6Dw_ew&utm_medium=link&utm_source=api,NEUTRAL,URL is unknown to Google,ROBOTS_TXT_STATE_UNSPECIFIED,INDEXING_STATE_UNSPECIFIED,,0,never crawled,PAGE_FETCH_STATE_UNSPECIFIED,,,GOOGLE_CANONICAL_ABSENT,,0,,0,,no,UNKNOWN,,200,,,,,,,,
https://funnytools.win/en/guides/classroom-random-group-size-balance-guide/,en,en,guide,random,sitemap-en.xml,2026-09-03,10,200 live verified,yes,42,5,2,887,877,0.9887260428410372,,Random Classroom Groups: Balance Group Sizes - FunnyTools,,,,1,0.8,0.697,ADJACENT,WAIT,low,Unknown,no,unknown,unknown,2026-09-13T08:15:42.393Z,https://search.google.com/search-console/inspect?resource_id=sc-domain:funnytools.win&id=KjWXNpOZ1SVm1HJ209yttw&utm_medium=link&utm_source=api,NEUTRAL,URL is unknown to Google,ROBOTS_TXT_STATE_UNSPECIFIED,INDEXING_STATE_UNSPECIFIED,,0,never crawled,PAGE_FETCH_STATE_UNSPECIFIED,,,GOOGLE_CANONICAL_ABSENT,,0,,0,,no,UNKNOWN,,200,,,,,,,,
https://funnytools.win/en/guides/classroom-random-picker-guide/,en,en,guide,random,sitemap-en.xml,2026-06-26,79,200 live verified,yes,44,16,1,670,660,0.9850746268656716,,Classroom Random Picker Guide for Teachers - FunnyTools,,,,0,,,,KEEP,low,Unknown,no,unknown,unknown,2026-09-13T08:15:42.766Z,https://search.google.com/search-console/inspect?resource_id=sc-domain:funnytools.win&id=MxTBqJ7xr4-BJ510m5Hkww&utm_medium=link&utm_source=api,NEUTRAL,URL is unknown to Google,ROBOTS_TXT_STATE_UNSPECIFIED,INDEXING_STATE_UNSPECIFIED,,0,never crawled,PAGE_FETCH_STATE_UNSPECIFIED,,,GOOGLE_CANONICAL_ABSENT,,0,,0,,no,UNKNOWN,,200,,,,,,,,
https://funnytools.win/en/guides/classroom-timer-guide/,en,en,guide,time,sitemap-en.xml,2026-06-26,79,200 live verified,yes,44,16,1,665,656,0.9864661654135338,,Classroom Timer Guide for Teachers - FunnyTools,,,,0,,,,KEEP,low,Crawled Not Indexed,yes,yes,no,2026-09-13T08:15:43.239Z,https://search.google.com/search-console/inspect?resource_id=sc-domain:funnytools.win&id=Wixvt-13TcAyZMGvbSWF7Q&utm_medium=link&utm_source=api,NEUTRAL,Crawled - currently not indexed,ALLOWED,INDEXING_ALLOWED,2026-08-18T17:38:37Z,25,15–30 days,SUCCESSFUL,https://funnytools.win/en/guides/classroom-timer-guide/,https://funnytools.win/en/guides/classroom-timer-guide/,SELF_MATCH,MOBILE,0,,3,https://funnytools.win/en/; https://funnytools.win/es/guias/temporizador-clase/; https://funnytools.win/guides/classroom-timer-guide/,no,UNKNOWN,,200,0,1,0,96,0,5,0,53.6
https://funnytools.win/en/guides/csv-to-json-header-duplicate-column-guide/,en,en,guide,text,sitemap-en.xml,2026-09-03,10,200 live verified,yes,38,6,2,807,798,0.9888475836431226,,CSV-to-JSON Misaligned? Check Headers First - FunnyTools,,,,0,,,,WAIT,low,Unknown,no,unknown,unknown,2026-09-13T08:15:49.326Z,https://search.google.com/search-console/inspect?resource_id=sc-domain:funnytools.win&id=B8Uit9DwWb7UiQuJjJ8Iog&utm_medium=link&utm_source=api,NEUTRAL,URL is unknown to Google,ROBOTS_TXT_STATE_UNSPECIFIED,INDEXING_STATE_UNSPECIFIED,,0,never crawled,PAGE_FETCH_STATE_UNSPECIFIED,,,GOOGLE_CANONICAL_ABSENT,,0,,0,,no,UNKNOWN,,200,,,,,,,,
https://funnytools.win/en/guides/fair-student-grouping-guide/,en,en,guide,random,sitemap-en.xml,2026-06-26,79,200 live verified,yes,42,11,2,691,681,0.9855282199710564,,Fair Student Grouping Guide for Classrooms - FunnyTools,,,,1,0.81,0.727,ADJACENT,KEEP,low,Unknown,no,unknown,unknown,2026-09-13T08:15:49.933Z,https://search.google.com/search-console/inspect?resource_id=sc-domain:funnytools.win&id=R5XenAbR-_M38Mmahyxf2Q&utm_medium=link&utm_source=api,NEUTRAL,URL is unknown to Google,ROBOTS_TXT_STATE_UNSPECIFIED,INDEXING_STATE_UNSPECIFIED,,0,never crawled,PAGE_FETCH_STATE_UNSPECIFIED,,,GOOGLE_CANONICAL_ABSENT,,0,,0,,no,UNKNOWN,,200,,,,,,,,
https://funnytools.win/en/guides/image-color-profile-web-print-guide/,en,en,guide,image,sitemap-en.xml,2026-09-03,10,200 live verified,yes,42,3,2,957,944,0.9864158829676071,,"sRGB, Adobe RGB, or CMYK: Image Color Profile Guide - FunnyTools",,,,0,,,,WAIT,low,Unknown,no,unknown,unknown,2026-09-13T08:15:50.146Z,https://search.google.com/search-console/inspect?resource_id=sc-domain:funnytools.win&id=RThNhMicpNMBnLIbSbYtnQ&utm_medium=link&utm_source=api,NEUTRAL,URL is unknown to Google,ROBOTS_TXT_STATE_UNSPECIFIED,INDEXING_STATE_UNSPECIFIED,,0,never crawled,PAGE_FETCH_STATE_UNSPECIFIED,,,GOOGLE_CANONICAL_ABSENT,,0,,0,,no,UNKNOWN,,200,,,,,,,,
https://funnytools.win/en/guides/image-compression-email-guide/,en,en,guide,image,sitemap-en.xml,2026-07-20,55,200 live verified,yes,42,11,2,802,791,0.986284289276808,,Compress Images for Email Without Blurry Text - FunnyTools,,,,0,,,,KEEP,low,Unknown,no,unknown,unknown,2026-09-13T08:15:56.481Z,https://search.google.com/search-console/inspect?resource_id=sc-domain:funnytools.win&id=o7P36iMt4SJoK3yPygM8gg&utm_medium=link&utm_source=api,NEUTRAL,URL is unknown to Google,ROBOTS_TXT_STATE_UNSPECIFIED,INDEXING_STATE_UNSPECIFIED,,0,never crawled,PAGE_FETCH_STATE_UNSPECIFIED,,,GOOGLE_CANONICAL_ABSENT,,0,,0,,no,UNKNOWN,,200,,,,,,,,
https://funnytools.win/en/guides/image-compression-quality-size-guide/,en,en,guide,image,sitemap-en.xml,2026-09-03,10,200 live verified,yes,40,8,2,801,792,0.9887640449438202,,Image Compression: Size vs Clarity - FunnyTools,,,,0,,,,WAIT,low,Unknown,no,unknown,unknown,2026-09-13T08:15:57.133Z,https://search.google.com/search-console/inspect?resource_id=sc-domain:funnytools.win&id=sgTD2QbE_1OK2dopq-ti0w&utm_medium=link&utm_source=api,NEUTRAL,URL is unknown to Google,ROBOTS_TXT_STATE_UNSPECIFIED,INDEXING_STATE_UNSPECIFIED,,0,never crawled,PAGE_FETCH_STATE_UNSPECIFIED,,,GOOGLE_CANONICAL_ABSENT,,0,,0,,no,UNKNOWN,,200,,,,,,,,
https://funnytools.win/en/guides/image-compressor-metadata-privacy-guide/,en,en,guide,image,sitemap-en.xml,2026-09-03,10,200 live verified,yes,41,4,2,863,853,0.9884125144843569,,Image Compression and Metadata Privacy Check - FunnyTools,,,,0,,,,WAIT,low,Unknown,no,unknown,unknown,2026-09-13T08:15:57.288Z,https://search.google.com/search-console/inspect?resource_id=sc-domain:funnytools.win&id=RtpIdg45imR6TkgaP0m4Ww&utm_medium=link&utm_source=api,NEUTRAL,URL is unknown to Google,ROBOTS_TXT_STATE_UNSPECIFIED,INDEXING_STATE_UNSPECIFIED,,0,never crawled,PAGE_FETCH_STATE_UNSPECIFIED,,,GOOGLE_CANONICAL_ABSENT,,0,,0,,no,UNKNOWN,,200,,,,,,,,
https://funnytools.win/en/guides/image-resampling-quality-guide/,en,en,guide,image,sitemap-en.xml,2026-09-03,10,200 live verified,yes,42,3,2,882,872,0.9886621315192744,,Image Resampling: Upscale and Downscale Quality - FunnyTools,,,,0,,,,WAIT,low,Unknown,no,unknown,unknown,2026-09-13T08:16:03.406Z,https://search.google.com/search-console/inspect?resource_id=sc-domain:funnytools.win&id=ouBUfxGNNOjzgy58xP3ssA&utm_medium=link&utm_source=api,NEUTRAL,URL is unknown to Google,ROBOTS_TXT_STATE_UNSPECIFIED,INDEXING_STATE_UNSPECIFIED,,0,never crawled,PAGE_FETCH_STATE_UNSPECIFIED,,,GOOGLE_CANONICAL_ABSENT,,0,,0,,no,UNKNOWN,,200,,,,,,,,
https://funnytools.win/en/guides/image-resize-aspect-ratio-guide/,en,en,guide,image,sitemap-en.xml,2026-09-03,10,200 live verified,yes,40,7,2,826,815,0.986682808716707,,Resize Images Without Stretching: Crop or Pad - FunnyTools,,,,0,,,,WAIT,low,Unknown,no,unknown,unknown,2026-09-13T08:16:04.490Z,https://search.google.com/search-console/inspect?resource_id=sc-domain:funnytools.win&id=gMqhkjCVsCBs0yNSlCscvg&utm_medium=link&utm_source=api,NEUTRAL,URL is unknown to Google,ROBOTS_TXT_STATE_UNSPECIFIED,INDEXING_STATE_UNSPECIFIED,,0,never crawled,PAGE_FETCH_STATE_UNSPECIFIED,,,GOOGLE_CANONICAL_ABSENT,,0,,0,,no,UNKNOWN,,200,,,,,,,,
https://funnytools.win/en/guides/image-resolution-print-web-guide/,en,en,guide,image,sitemap-en.xml,2026-09-03,10,200 live verified,yes,42,5,2,880,870,0.9886363636363636,,Image Resolution for Print vs Web - FunnyTools,,,,0,,,,WAIT,low,Unknown,no,unknown,unknown,2026-09-13T08:16:04.530Z,https://search.google.com/search-console/inspect?resource_id=sc-domain:funnytools.win&id=zkyus8JX-sDACGX5KnCKfA&utm_medium=link&utm_source=api,NEUTRAL,URL is unknown to Google,ROBOTS_TXT_STATE_UNSPECIFIED,INDEXING_STATE_UNSPECIFIED,,0,never crawled,PAGE_FETCH_STATE_UNSPECIFIED,,,GOOGLE_CANONICAL_ABSENT,,0,,0,,no,UNKNOWN,,200,,,,,,,,
https://funnytools.win/en/guides/json-formatter-trailing-comma-error-guide/,en,en,guide,text,sitemap-en.xml,2026-09-03,10,200 live verified,yes,39,5,2,808,798,0.9876237623762376,,JSON Parse Error: Find Trailing Commas - FunnyTools,,,,0,,,,WAIT,low,Unknown,no,unknown,unknown,2026-09-13T08:16:10.616Z,https://search.google.com/search-console/inspect?resource_id=sc-domain:funnytools.win&id=ViIWN7dPAGFVLRQ4L_pG2g&utm_medium=link&utm_source=api,NEUTRAL,URL is unknown to Google,ROBOTS_TXT_STATE_UNSPECIFIED,INDEXING_STATE_UNSPECIFIED,,0,never crawled,PAGE_FETCH_STATE_UNSPECIFIED,,,GOOGLE_CANONICAL_ABSENT,,0,,0,,no,UNKNOWN,,200,,,,,,,,
https://funnytools.win/en/guides/merge-pdf-bookmarks-navigation-guide/,en,en,guide,pdf,sitemap-en.xml,2026-09-03,10,200 live verified,yes,42,4,2,894,884,0.9888143176733781,,"Merged PDF: Check Bookmarks, Links & Navigation - FunnyTools",,,,0,,,,WAIT,low,Unknown,no,unknown,unknown,2026-09-13T08:16:11.490Z,https://search.google.com/search-console/inspect?resource_id=sc-domain:funnytools.win&id=3h8HeBapZVCi-kSS0KwZuw&utm_medium=link&utm_source=api,NEUTRAL,URL is unknown to Google,ROBOTS_TXT_STATE_UNSPECIFIED,INDEXING_STATE_UNSPECIFIED,,0,never crawled,PAGE_FETCH_STATE_UNSPECIFIED,,,GOOGLE_CANONICAL_ABSENT,,0,,0,,no,UNKNOWN,,200,,,,,,,,
https://funnytools.win/en/guides/merge-pdf-page-size-orientation-guide/,en,en,guide,pdf,sitemap-en.xml,2026-09-03,10,200 live verified,yes,40,9,2,817,806,0.9865361077111383,,Merged PDF Page Sizes and Orientations Guide - FunnyTools,,,,0,,,,WAIT,low,Unknown,no,unknown,unknown,2026-09-13T08:16:11.870Z,https://search.google.com/search-console/inspect?resource_id=sc-domain:funnytools.win&id=nOyxeJfwtQizmkA8A8A6Hw&utm_medium=link&utm_source=api,NEUTRAL,URL is unknown to Google,ROBOTS_TXT_STATE_UNSPECIFIED,INDEXING_STATE_UNSPECIFIED,,0,never crawled,PAGE_FETCH_STATE_UNSPECIFIED,,,GOOGLE_CANONICAL_ABSENT,,0,,0,,no,UNKNOWN,,200,,,,,,,,
https://funnytools.win/en/guides/merge-pdf-private-guide/,en,en,guide,pdf,sitemap-en.xml,2026-07-17,58,200 live verified,yes,41,14,2,723,713,0.9861687413554634,,Merge PDFs Privately Without Uploading Files - FunnyTools,,,,0,,,,KEEP,low,Unknown,no,unknown,unknown,2026-09-13T08:16:17.562Z,https://search.google.com/search-console/inspect?resource_id=sc-domain:funnytools.win&id=1dsiPeb1iyTO_Lji0pH1rg&utm_medium=link&utm_source=api,NEUTRAL,URL is unknown to Google,ROBOTS_TXT_STATE_UNSPECIFIED,INDEXING_STATE_UNSPECIFIED,,0,never crawled,PAGE_FETCH_STATE_UNSPECIFIED,,,GOOGLE_CANONICAL_ABSENT,,0,,0,,no,UNKNOWN,,200,,,,,,,,
https://funnytools.win/en/guides/merge-pdf-reading-order-checklist-guide/,en,en,guide,pdf,sitemap-en.xml,2026-09-03,10,200 live verified,yes,42,9,2,854,845,0.9894613583138173,,Merged PDF Order: Reading Checklist - FunnyTools,,,,0,,,,WAIT,low,Unknown,no,unknown,unknown,2026-09-13T08:16:18.865Z,https://search.google.com/search-console/inspect?resource_id=sc-domain:funnytools.win&id=_Dc7-YzqwHeqZDRrH2P_pQ&utm_medium=link&utm_source=api,NEUTRAL,URL is unknown to Google,ROBOTS_TXT_STATE_UNSPECIFIED,INDEXING_STATE_UNSPECIFIED,,0,never crawled,PAGE_FETCH_STATE_UNSPECIFIED,,,GOOGLE_CANONICAL_ABSENT,,0,,0,,no,UNKNOWN,,200,,,,,,,,
https://funnytools.win/en/guides/pdf-accessibility-reading-order-check-guide/,en,en,guide,pdf,sitemap-en.xml,2026-09-03,10,200 live verified,yes,42,2,2,875,866,0.9897142857142858,,PDF Conversion Reading Order Checklist - FunnyTools,,,,0,,,,WAIT,low,Unknown,no,unknown,unknown,2026-09-13T08:16:18.845Z,https://search.google.com/search-console/inspect?resource_id=sc-domain:funnytools.win&id=NkrlMgdMRjQ0S7jREaOPtA&utm_medium=link&utm_source=api,NEUTRAL,URL is unknown to Google,ROBOTS_TXT_STATE_UNSPECIFIED,INDEXING_STATE_UNSPECIFIED,,0,never crawled,PAGE_FETCH_STATE_UNSPECIFIED,,,GOOGLE_CANONICAL_ABSENT,,0,,0,,no,UNKNOWN,,200,,,,,,,,
https://funnytools.win/en/guides/pdf-compressor-email-attachment-guide/,en,en,guide,pdf,sitemap-en.xml,2026-09-03,10,200 live verified,yes,42,5,2,937,927,0.9893276414087513,,Compress PDF for Email and Upload - FunnyTools,,,,0,,,,WAIT,low,Unknown,no,unknown,unknown,2026-09-13T08:16:24.534Z,https://search.google.com/search-console/inspect?resource_id=sc-domain:funnytools.win&id=0lWNb5LJO-Iikd_9kRAYpw&utm_medium=link&utm_source=api,NEUTRAL,URL is unknown to Google,ROBOTS_TXT_STATE_UNSPECIFIED,INDEXING_STATE_UNSPECIFIED,,0,never crawled,PAGE_FETCH_STATE_UNSPECIFIED,,,GOOGLE_CANONICAL_ABSENT,,0,,0,,no,UNKNOWN,,200,,,,,,,,
https://funnytools.win/en/guides/pdf-compressor-form-fields-links-guide/,en,en,guide,pdf,sitemap-en.xml,2026-09-03,10,200 live verified,yes,42,3,2,895,885,0.9888268156424581,,PDF Compression: Check Forms and Links - FunnyTools,,,,0,,,,WAIT,low,Unknown,no,unknown,unknown,2026-09-13T08:16:25.798Z,https://search.google.com/search-console/inspect?resource_id=sc-domain:funnytools.win&id=oBk7__RGWhq88lddvcEPUA&utm_medium=link&utm_source=api,NEUTRAL,URL is unknown to Google,ROBOTS_TXT_STATE_UNSPECIFIED,INDEXING_STATE_UNSPECIFIED,,0,never crawled,PAGE_FETCH_STATE_UNSPECIFIED,,,GOOGLE_CANONICAL_ABSENT,,0,,0,,no,UNKNOWN,,200,,,,,,,,
https://funnytools.win/en/guides/pdf-page-reorder-appendix-merge-check-guide/,en,en,guide,pdf,sitemap-en.xml,2026-09-03,10,200 live verified,yes,42,4,2,895,885,0.9888268156424581,,PDF Appendix Reorder: Pages and References - FunnyTools,,,,0,,,,WAIT,low,Unknown,no,unknown,unknown,2026-09-13T08:16:26.442Z,https://search.google.com/search-console/inspect?resource_id=sc-domain:funnytools.win&id=ysAqrzxRkrrHmt5kRjYeOw&utm_medium=link&utm_source=api,NEUTRAL,URL is unknown to Google,ROBOTS_TXT_STATE_UNSPECIFIED,INDEXING_STATE_UNSPECIFIED,,0,never crawled,PAGE_FETCH_STATE_UNSPECIFIED,,,GOOGLE_CANONICAL_ABSENT,,0,,0,,no,UNKNOWN,,200,,,,,,,,
https://funnytools.win/en/guides/pdf-split-vs-extract-vs-delete/,en,en,guide,pdf,sitemap-en.xml,2026-09-04,9,200 live verified,yes,40,5,2,857,844,0.9848308051341891,,PDF Split vs Extract vs Delete: Choose Right Tool - FunnyTools,,,,0,,,,WAIT,low,Unknown,no,unknown,unknown,2026-09-13T08:16:31.613Z,https://search.google.com/search-console/inspect?resource_id=sc-domain:funnytools.win&id=Lbq6hjPXpgfMlxXuTICfqw&utm_medium=link&utm_source=api,NEUTRAL,URL is unknown to Google,ROBOTS_TXT_STATE_UNSPECIFIED,INDEXING_STATE_UNSPECIFIED,,0,never crawled,PAGE_FETCH_STATE_UNSPECIFIED,,,GOOGLE_CANONICAL_ABSENT,,0,,0,,no,UNKNOWN,,200,,,,,,,,
https://funnytools.win/en/guides/pdf-table-to-excel-header-check-guide/,en,en,guide,pdf,sitemap-en.xml,2026-09-03,10,200 live verified,yes,42,5,2,892,882,0.9887892376681614,,PDF Table to Excel: Validate Fields - FunnyTools,,,,0,,,,WAIT,low,Unknown,no,unknown,unknown,2026-09-13T08:16:32.971Z,https://search.google.com/search-console/inspect?resource_id=sc-domain:funnytools.win&id=KtR7mUuqLqdwWo4sJxsaLA&utm_medium=link&utm_source=api,NEUTRAL,URL is unknown to Google,ROBOTS_TXT_STATE_UNSPECIFIED,INDEXING_STATE_UNSPECIFIED,,0,never crawled,PAGE_FETCH_STATE_UNSPECIFIED,,,GOOGLE_CANONICAL_ABSENT,,0,,0,,no,UNKNOWN,,200,,,,,,,,
https://funnytools.win/en/guides/pdf-to-image-background-contrast-guide/,en,en,guide,pdf,sitemap-en.xml,2026-09-03,10,200 live verified,yes,41,5,2,800,791,0.98875,,PDF-to-Image Too Dark? Contrast Checklist - FunnyTools,,,,0,,,,WAIT,low,Unknown,no,unknown,unknown,2026-09-13T08:16:33.565Z,https://search.google.com/search-console/inspect?resource_id=sc-domain:funnytools.win&id=rIsg41GWyOXj-RQycHY7Iw&utm_medium=link&utm_source=api,NEUTRAL,URL is unknown to Google,ROBOTS_TXT_STATE_UNSPECIFIED,INDEXING_STATE_UNSPECIFIED,,0,never crawled,PAGE_FETCH_STATE_UNSPECIFIED,,,GOOGLE_CANONICAL_ABSENT,,0,,0,,no,UNKNOWN,,200,,,,,,,,
https://funnytools.win/en/guides/pdf-to-image-multipage-download-guide/,en,en,guide,pdf,sitemap-en.xml,2026-09-03,10,200 live verified,yes,40,8,2,808,799,0.9888613861386139,,Multi-page PDF Image Download Guide - FunnyTools,,,,0,,,,WAIT,low,Unknown,no,unknown,unknown,2026-09-13T08:16:38.958Z,https://search.google.com/search-console/inspect?resource_id=sc-domain:funnytools.win&id=NgGIixdUqFOwbwwW1_uZjw&utm_medium=link&utm_source=api,NEUTRAL,URL is unknown to Google,ROBOTS_TXT_STATE_UNSPECIFIED,INDEXING_STATE_UNSPECIFIED,,0,never crawled,PAGE_FETCH_STATE_UNSPECIFIED,,,GOOGLE_CANONICAL_ABSENT,,0,,0,,no,UNKNOWN,,200,,,,,,,,
https://funnytools.win/en/guides/pdf-to-image-print-crop-marks-guide/,en,en,guide,pdf,sitemap-en.xml,2026-09-03,10,200 live verified,yes,42,3,2,919,906,0.985854189336235,,PDF to Image for Print: Crop and Bleed Checks - FunnyTools,,,,0,,,,WAIT,low,Unknown,no,unknown,unknown,2026-09-13T08:16:40.535Z,https://search.google.com/search-console/inspect?resource_id=sc-domain:funnytools.win&id=53PDcnEFGi4esdjYJC6DDw&utm_medium=link&utm_source=api,NEUTRAL,URL is unknown to Google,ROBOTS_TXT_STATE_UNSPECIFIED,INDEXING_STATE_UNSPECIFIED,,0,never crawled,PAGE_FETCH_STATE_UNSPECIFIED,,,GOOGLE_CANONICAL_ABSENT,,0,,0,,no,UNKNOWN,,200,,,,,,,,
https://funnytools.win/en/guides/pdf-to-image-raster-text-search-guide/,en,en,guide,pdf,sitemap-en.xml,2026-09-03,10,200 live verified,yes,42,9,2,811,801,0.9876695437731196,,PDF-to-Image: Why Text Search Stops Working - FunnyTools,,,,0,,,,WAIT,low,Unknown,no,unknown,unknown,2026-09-13T08:16:40.587Z,https://search.google.com/search-console/inspect?resource_id=sc-domain:funnytools.win&id=oZOyerk5FgDoHinX34dOSQ&utm_medium=link&utm_source=api,NEUTRAL,URL is unknown to Google,ROBOTS_TXT_STATE_UNSPECIFIED,INDEXING_STATE_UNSPECIFIED,,0,never crawled,PAGE_FETCH_STATE_UNSPECIFIED,,,GOOGLE_CANONICAL_ABSENT,,0,,0,,no,UNKNOWN,,200,,,,,,,,
https://funnytools.win/en/guides/pdf-to-image-resolution-guide/,en,en,guide,pdf,sitemap-en.xml,2026-09-03,10,200 live verified,yes,40,12,2,823,812,0.9866342648845686,,PDF to JPG or PNG Resolution Guide - FunnyTools,,,,0,,,,WAIT,low,Unknown,no,unknown,unknown,2026-09-13T08:16:46.199Z,https://search.google.com/search-console/inspect?resource_id=sc-domain:funnytools.win&id=D6Ejz8GriK851cq-sdNCAg&utm_medium=link&utm_source=api,NEUTRAL,URL is unknown to Google,ROBOTS_TXT_STATE_UNSPECIFIED,INDEXING_STATE_UNSPECIFIED,,0,never crawled,PAGE_FETCH_STATE_UNSPECIFIED,,,GOOGLE_CANONICAL_ABSENT,,0,,0,,no,UNKNOWN,,200,,,,,,,,
https://funnytools.win/en/guides/pdf-to-word-form-field-editing-guide/,en,en,guide,pdf,sitemap-en.xml,2026-09-03,10,200 live verified,yes,42,4,2,881,869,0.9863791146424518,,PDF Form to Word: Edit Fields and Labels - FunnyTools,,,,0,,,,WAIT,low,Unknown,no,unknown,unknown,2026-09-13T08:16:47.848Z,https://search.google.com/search-console/inspect?resource_id=sc-domain:funnytools.win&id=g6X9j1I0EN1jjJWu6zhhFQ&utm_medium=link&utm_source=api,NEUTRAL,URL is unknown to Google,ROBOTS_TXT_STATE_UNSPECIFIED,INDEXING_STATE_UNSPECIFIED,,0,never crawled,PAGE_FETCH_STATE_UNSPECIFIED,,,GOOGLE_CANONICAL_ABSENT,,0,,0,,no,UNKNOWN,,200,,,,,,,,
https://funnytools.win/en/guides/pdf-to-word-layout-fidelity-guide/,en,en,guide,pdf,sitemap-en.xml,2026-09-03,10,200 live verified,yes,42,9,2,964,953,0.9885892116182573,,PDF to Word: Check Layout and Text - FunnyTools,,,,0,,,,WAIT,low,Unknown,no,unknown,unknown,2026-09-13T08:16:48.134Z,https://search.google.com/search-console/inspect?resource_id=sc-domain:funnytools.win&id=UVtYsxPWrmFdCZGUEVFroA&utm_medium=link&utm_source=api,NEUTRAL,URL is unknown to Google,ROBOTS_TXT_STATE_UNSPECIFIED,INDEXING_STATE_UNSPECIFIED,,0,never crawled,PAGE_FETCH_STATE_UNSPECIFIED,,,GOOGLE_CANONICAL_ABSENT,,0,,0,,no,UNKNOWN,,200,,,,,,,,
https://funnytools.win/en/guides/pdf-to-word-ocr-language-check-guide/,en,en,guide,pdf,sitemap-en.xml,2026-09-03,10,200 live verified,yes,42,2,2,925,914,0.9881081081081081,,PDF to Word OCR Language Check Guide - FunnyTools,,,,0,,,,WAIT,low,Unknown,no,unknown,unknown,2026-09-13T08:16:53.316Z,https://search.google.com/search-console/inspect?resource_id=sc-domain:funnytools.win&id=1p-MlkuBibcJmVPw6_jUCg&utm_medium=link&utm_source=api,NEUTRAL,URL is unknown to Google,ROBOTS_TXT_STATE_UNSPECIFIED,INDEXING_STATE_UNSPECIFIED,,0,never crawled,PAGE_FETCH_STATE_UNSPECIFIED,,,GOOGLE_CANONICAL_ABSENT,,0,,0,,no,UNKNOWN,,200,,,,,,,,
https://funnytools.win/en/guides/pdf-to-word-review-track-changes-guide/,en,en,guide,pdf,sitemap-en.xml,2026-09-03,10,200 live verified,yes,40,6,2,906,895,0.9878587196467992,,PDF to Word: Review Changes and Comments - FunnyTools,,,,0,,,,WAIT,low,Unknown,no,unknown,unknown,2026-09-13T08:16:54.816Z,https://search.google.com/search-console/inspect?resource_id=sc-domain:funnytools.win&id=2ZeFhKBInrCG_L81JAJtRw&utm_medium=link&utm_source=api,NEUTRAL,URL is unknown to Google,ROBOTS_TXT_STATE_UNSPECIFIED,INDEXING_STATE_UNSPECIFIED,,0,never crawled,PAGE_FETCH_STATE_UNSPECIFIED,,,GOOGLE_CANONICAL_ABSENT,,0,,0,,no,UNKNOWN,,200,,,,,,,,
https://funnytools.win/en/guides/pdf-upload-failed-troubleshooting/,en,en,guide,pdf,sitemap-en.xml,2026-09-04,9,200 live verified,yes,39,5,2,831,822,0.9891696750902527,,PDF Upload Failed? Troubleshooting Checklist | FunnyTools,,,,0,,,,WAIT,low,Unknown,no,unknown,unknown,2026-09-13T08:16:55.232Z,https://search.google.com/search-console/inspect?resource_id=sc-domain:funnytools.win&id=3MzxRhq7W1_Qs-l1vBNQiQ&utm_medium=link&utm_source=api,NEUTRAL,URL is unknown to Google,ROBOTS_TXT_STATE_UNSPECIFIED,INDEXING_STATE_UNSPECIFIED,,0,never crawled,PAGE_FETCH_STATE_UNSPECIFIED,,,GOOGLE_CANONICAL_ABSENT,,0,,0,,no,UNKNOWN,,200,,,,,,,,
https://funnytools.win/en/guides/percentage-grade-to-gpa-conversion-guide/,en,en,guide,statistics,sitemap-en.xml,2026-09-04,9,200 live verified,yes,33,3,2,864,850,0.9837962962962963,,Percentage to GPA: Why 85% Is Not Always 3.4 | FunnyTools,,,,0,,,,WAIT,low,Unknown,no,unknown,unknown,2026-09-13T08:17:00.481Z,https://search.google.com/search-console/inspect?resource_id=sc-domain:funnytools.win&id=yyujAdO0PpXQPolzeefkpQ&utm_medium=link&utm_source=api,NEUTRAL,URL is unknown to Google,ROBOTS_TXT_STATE_UNSPECIFIED,INDEXING_STATE_UNSPECIFIED,,0,never crawled,PAGE_FETCH_STATE_UNSPECIFIED,,,GOOGLE_CANONICAL_ABSENT,,0,,0,,no,UNKNOWN,,200,,,,,,,,
https://funnytools.win/en/guides/percentage-shortcuts-guide/,en,en,guide,general,sitemap-en.xml,2026-07-23,52,200 live verified,yes,39,8,2,767,758,0.9882659713168188,,"Percentage Shortcuts: Discounts, Tips & Grades - FunnyTools",,,,0,,,,KEEP,low,Unknown,no,unknown,unknown,2026-09-13T08:17:01.730Z,https://search.google.com/search-console/inspect?resource_id=sc-domain:funnytools.win&id=y24qQRECJBaCIQ7tOkAbPw&utm_medium=link&utm_source=api,NEUTRAL,URL is unknown to Google,ROBOTS_TXT_STATE_UNSPECIFIED,INDEXING_STATE_UNSPECIFIED,,0,never crawled,PAGE_FETCH_STATE_UNSPECIFIED,,,GOOGLE_CANONICAL_ABSENT,,0,,0,,no,UNKNOWN,,200,,,,,,,,
https://funnytools.win/en/guides/percentile-rank-guide/,en,en,guide,statistics,sitemap-en.xml,2026-06-25,80,200 live verified,yes,42,10,2,546,535,0.9798534798534798,,Percentile Rank Guide: PR Meaning and Examples - FunnyTools,,,,0,,,,KEEP,low,Unknown,no,unknown,unknown,2026-09-13T08:17:02.165Z,https://search.google.com/search-console/inspect?resource_id=sc-domain:funnytools.win&id=P_LpAfwM7y2zLed3jaEa_A&utm_medium=link&utm_source=api,NEUTRAL,URL is unknown to Google,ROBOTS_TXT_STATE_UNSPECIFIED,INDEXING_STATE_UNSPECIFIED,,0,never crawled,PAGE_FETCH_STATE_UNSPECIFIED,,,GOOGLE_CANONICAL_ABSENT,,0,,0,,no,UNKNOWN,,200,,,,,,,,
https://funnytools.win/en/guides/photos-to-pdf-phone-guide/,en,en,guide,pdf,sitemap-en.xml,2026-07-24,51,200 live verified,yes,44,7,2,913,902,0.9879518072289156,,Phone Photos to PDF — No App Required - FunnyTools,,,,0,,,,KEEP,low,Unknown,no,unknown,unknown,2026-09-13T08:17:07.443Z,https://search.google.com/search-console/inspect?resource_id=sc-domain:funnytools.win&id=3ZdP2wWenXksQWfLHsPnuA&utm_medium=link&utm_source=api,NEUTRAL,URL is unknown to Google,ROBOTS_TXT_STATE_UNSPECIFIED,INDEXING_STATE_UNSPECIFIED,,0,never crawled,PAGE_FETCH_STATE_UNSPECIFIED,,,GOOGLE_CANONICAL_ABSENT,,0,,0,,no,UNKNOWN,,200,,,,,,,,
https://funnytools.win/en/guides/qr-code-accessible-fallback-guide/,en,en,guide,general,sitemap-en.xml,2026-09-03,10,200 live verified,yes,41,3,2,859,848,0.9871944121071012,,QR Code Accessibility: Add a Text Fallback - FunnyTools,,,,0,,,,WAIT,low,Unknown,no,unknown,unknown,2026-09-13T08:17:08.951Z,https://search.google.com/search-console/inspect?resource_id=sc-domain:funnytools.win&id=4BJ-P8HC-hvwIHAf5dZbWg&utm_medium=link&utm_source=api,NEUTRAL,URL is unknown to Google,ROBOTS_TXT_STATE_UNSPECIFIED,INDEXING_STATE_UNSPECIFIED,,0,never crawled,PAGE_FETCH_STATE_UNSPECIFIED,,,GOOGLE_CANONICAL_ABSENT,,0,,0,,no,UNKNOWN,,200,,,,,,,,
https://funnytools.win/en/guides/qr-code-before-print-testing-guide/,en,en,guide,general,sitemap-en.xml,2026-09-02,11,200 live verified,yes,40,12,2,883,872,0.9875424688561721,,Test a QR Code Before Printing: Checklist - FunnyTools,,,,0,,,,WAIT,low,Unknown,no,unknown,unknown,2026-09-13T08:17:09.348Z,https://search.google.com/search-console/inspect?resource_id=sc-domain:funnytools.win&id=Sd5LWsjNbt1vngZKJB87Gg&utm_medium=link&utm_source=api,NEUTRAL,URL is unknown to Google,ROBOTS_TXT_STATE_UNSPECIFIED,INDEXING_STATE_UNSPECIFIED,,0,never crawled,PAGE_FETCH_STATE_UNSPECIFIED,,,GOOGLE_CANONICAL_ABSENT,,0,,0,,no,UNKNOWN,,200,,,,,,,,
https://funnytools.win/en/guides/qr-code-classroom-guide/,en,en,guide,general,sitemap-en.xml,2026-07-22,53,200 live verified,yes,39,7,2,786,774,0.9847328244274809,,Classroom QR Codes: 12 Uses and Safety Checklist - FunnyTools,,,,0,,,,KEEP,low,Unknown,no,unknown,unknown,2026-09-13T08:17:14.580Z,https://search.google.com/search-console/inspect?resource_id=sc-domain:funnytools.win&id=VYGn89UhzRp_6tchgKIFvw&utm_medium=link&utm_source=api,NEUTRAL,URL is unknown to Google,ROBOTS_TXT_STATE_UNSPECIFIED,INDEXING_STATE_UNSPECIFIED,,0,never crawled,PAGE_FETCH_STATE_UNSPECIFIED,,,GOOGLE_CANONICAL_ABSENT,,0,,0,,no,UNKNOWN,,200,,,,,,,,
https://funnytools.win/en/guides/qr-code-destination-change-log-guide/,en,en,guide,general,sitemap-en.xml,2026-09-03,10,200 live verified,yes,41,4,2,873,862,0.9873997709049256,,Change a QR Code Destination: Change Log - FunnyTools,,,,0,,,,WAIT,low,Unknown,no,unknown,unknown,2026-09-13T08:17:16.161Z,https://search.google.com/search-console/inspect?resource_id=sc-domain:funnytools.win&id=MtOgm6h4VSJesGcWSbqg6Q&utm_medium=link&utm_source=api,NEUTRAL,URL is unknown to Google,ROBOTS_TXT_STATE_UNSPECIFIED,INDEXING_STATE_UNSPECIFIED,,0,never crawled,PAGE_FETCH_STATE_UNSPECIFIED,,,GOOGLE_CANONICAL_ABSENT,,0,,0,,no,UNKNOWN,,200,,,,,,,,
https://funnytools.win/en/guides/qr-code-event-page-expiry-guide/,en,en,guide,general,sitemap-en.xml,2026-09-03,10,200 live verified,yes,41,7,2,857,845,0.9859976662777129,,QR Code Event Page Expiry: Prevent Broken Links - FunnyTools,,,,0,,,,WAIT,low,Unknown,no,unknown,unknown,2026-09-13T08:17:16.555Z,https://search.google.com/search-console/inspect?resource_id=sc-domain:funnytools.win&id=GKUkRMZdnSlZ1CQQjLXRXQ&utm_medium=link&utm_source=api,NEUTRAL,URL is unknown to Google,ROBOTS_TXT_STATE_UNSPECIFIED,INDEXING_STATE_UNSPECIFIED,,0,never crawled,PAGE_FETCH_STATE_UNSPECIFIED,,,GOOGLE_CANONICAL_ABSENT,,0,,0,,no,UNKNOWN,,200,,,,,,,,
https://funnytools.win/en/guides/qr-code-mobile-landing-page-guide/,en,en,guide,general,sitemap-en.xml,2026-09-03,10,200 live verified,yes,38,11,2,820,810,0.9878048780487805,,QR Code Mobile Landing Page Checklist - FunnyTools,,,,0,,,,WAIT,low,Unknown,no,unknown,unknown,2026-09-13T08:17:21.767Z,https://search.google.com/search-console/inspect?resource_id=sc-domain:funnytools.win&id=yN1MpoDj_KK0kT467gHRSA&utm_medium=link&utm_source=api,NEUTRAL,URL is unknown to Google,ROBOTS_TXT_STATE_UNSPECIFIED,INDEXING_STATE_UNSPECIFIED,,0,never crawled,PAGE_FETCH_STATE_UNSPECIFIED,,,GOOGLE_CANONICAL_ABSENT,,0,,0,,no,UNKNOWN,,200,,,,,,,,
https://funnytools.win/en/guides/qr-code-multi-placement-consistency-guide/,en,en,guide,general,sitemap-en.xml,2026-09-03,10,200 live verified,yes,41,2,2,806,797,0.988833746898263,,QR Code Placement Consistency Checklist - FunnyTools,,,,0,,,,WAIT,low,Unknown,no,unknown,unknown,2026-09-13T08:17:23.100Z,https://search.google.com/search-console/inspect?resource_id=sc-domain:funnytools.win&id=DwwbFCdoCwxhQj_io1H_BA&utm_medium=link&utm_source=api,NEUTRAL,URL is unknown to Google,ROBOTS_TXT_STATE_UNSPECIFIED,INDEXING_STATE_UNSPECIFIED,,0,never crawled,PAGE_FETCH_STATE_UNSPECIFIED,,,GOOGLE_CANONICAL_ABSENT,,0,,0,,no,UNKNOWN,,200,,,,,,,,
https://funnytools.win/en/guides/qr-code-multilingual-switch-testing-guide/,en,en,guide,general,sitemap-en.xml,2026-09-03,10,200 live verified,yes,41,4,2,829,819,0.9879372738238842,,Multilingual QR Codes: Test Language Switching - FunnyTools,,,,0,,,,WAIT,low,Unknown,no,unknown,unknown,2026-09-13T08:17:23.752Z,https://search.google.com/search-console/inspect?resource_id=sc-domain:funnytools.win&id=v3llHm2C8AB8g4AK3xTMKw&utm_medium=link&utm_source=api,NEUTRAL,URL is unknown to Google,ROBOTS_TXT_STATE_UNSPECIFIED,INDEXING_STATE_UNSPECIFIED,,0,never crawled,PAGE_FETCH_STATE_UNSPECIFIED,,,GOOGLE_CANONICAL_ABSENT,,0,,0,,no,UNKNOWN,,200,,,,,,,,
https://funnytools.win/en/guides/qr-code-payload-length-guide/,en,en,guide,general,sitemap-en.xml,2026-09-03,10,200 live verified,yes,40,6,2,825,814,0.9866666666666667,,QR Code Text Capacity and Density Guide - FunnyTools,,,,0,,,,WAIT,low,Unknown,no,unknown,unknown,2026-09-13T08:17:28.692Z,https://search.google.com/search-console/inspect?resource_id=sc-domain:funnytools.win&id=YLpF74YyuTw0_cx7nQ-1XA&utm_medium=link&utm_source=api,NEUTRAL,URL is unknown to Google,ROBOTS_TXT_STATE_UNSPECIFIED,INDEXING_STATE_UNSPECIFIED,,0,never crawled,PAGE_FETCH_STATE_UNSPECIFIED,,,GOOGLE_CANONICAL_ABSENT,,0,,0,,no,UNKNOWN,,200,,,,,,,,
https://funnytools.win/en/guides/qr-code-scan-failure-field-troubleshooting-guide/,en,en,guide,general,sitemap-en.xml,2026-09-03,10,200 live verified,yes,41,3,2,852,842,0.9882629107981221,,QR Code Scan Troubleshooting On Site - FunnyTools,,,,0,,,,WAIT,low,Unknown,no,unknown,unknown,2026-09-13T08:17:30.066Z,https://search.google.com/search-console/inspect?resource_id=sc-domain:funnytools.win&id=pdhugKljexuAx3pYjg3VIA&utm_medium=link&utm_source=api,NEUTRAL,URL is unknown to Google,ROBOTS_TXT_STATE_UNSPECIFIED,INDEXING_STATE_UNSPECIFIED,,0,never crawled,PAGE_FETCH_STATE_UNSPECIFIED,,,GOOGLE_CANONICAL_ABSENT,,0,,0,,no,UNKNOWN,,200,,,,,,,,
https://funnytools.win/en/guides/qr-code-utm-campaign-link-guide/,en,en,guide,general,sitemap-en.xml,2026-09-03,10,200 live verified,yes,40,5,2,865,854,0.9872832369942196,,QR Code Campaign Tracking with UTM Links - FunnyTools,,,,0,,,,WAIT,low,Unknown,no,unknown,unknown,2026-09-13T08:17:31.136Z,https://search.google.com/search-console/inspect?resource_id=sc-domain:funnytools.win&id=Ibsl2ND6oLue64Q_dl_skQ&utm_medium=link&utm_source=api,NEUTRAL,URL is unknown to Google,ROBOTS_TXT_STATE_UNSPECIFIED,INDEXING_STATE_UNSPECIFIED,,0,never crawled,PAGE_FETCH_STATE_UNSPECIFIED,,,GOOGLE_CANONICAL_ABSENT,,0,,0,,no,UNKNOWN,,200,,,,,,,,
https://funnytools.win/en/guides/seating-chart-changeover-routine-guide/,en,en,guide,drawing,sitemap-en.xml,2026-09-03,10,200 live verified,yes,41,5,2,855,847,0.9906432748538012,,Seating Chart Changeover Routine - FunnyTools,,,,0,,,,WAIT,low,Unknown,no,unknown,unknown,2026-09-13T08:17:35.826Z,https://search.google.com/search-console/inspect?resource_id=sc-domain:funnytools.win&id=HORhGRGlTT0MXyouqcgv5w&utm_medium=link&utm_source=api,NEUTRAL,URL is unknown to Google,ROBOTS_TXT_STATE_UNSPECIFIED,INDEXING_STATE_UNSPECIFIED,,0,never crawled,PAGE_FETCH_STATE_UNSPECIFIED,,,GOOGLE_CANONICAL_ABSENT,,0,,0,,no,UNKNOWN,,200,,,,,,,,
https://funnytools.win/en/guides/seating-chart-student-needs-intake-guide/,en,en,guide,drawing,sitemap-en.xml,2026-09-03,10,200 live verified,yes,41,6,2,894,885,0.9899328859060402,,Seating Chart Student Needs Checklist - FunnyTools,,,,0,,,,WAIT,low,Unknown,no,unknown,unknown,2026-09-13T08:17:37.224Z,https://search.google.com/search-console/inspect?resource_id=sc-domain:funnytools.win&id=UxADZypgWsXyPrK34_X_Yw&utm_medium=link&utm_source=api,NEUTRAL,URL is unknown to Google,ROBOTS_TXT_STATE_UNSPECIFIED,INDEXING_STATE_UNSPECIFIED,,0,never crawled,PAGE_FETCH_STATE_UNSPECIFIED,,,GOOGLE_CANONICAL_ABSENT,,0,,0,,no,UNKNOWN,,200,,,,,,,,
https://funnytools.win/en/guides/split-pdf-output-naming-batch-delivery-guide/,en,en,guide,pdf,sitemap-en.xml,2026-09-03,10,200 live verified,yes,42,3,2,903,893,0.9889258028792912,,"Split PDFs: Naming, Folders & Batch Checks - FunnyTools",,,,0,,,,WAIT,low,Unknown,no,unknown,unknown,2026-09-13T08:17:38.353Z,https://search.google.com/search-console/inspect?resource_id=sc-domain:funnytools.win&id=aExPkGyP_dCa3_OF9zDMJg&utm_medium=link&utm_source=api,NEUTRAL,URL is unknown to Google,ROBOTS_TXT_STATE_UNSPECIFIED,INDEXING_STATE_UNSPECIFIED,,0,never crawled,PAGE_FETCH_STATE_UNSPECIFIED,,,GOOGLE_CANONICAL_ABSENT,,0,,0,,no,UNKNOWN,,200,,,,,,,,
https://funnytools.win/en/guides/split-pdf-page-range-planning-guide/,en,en,guide,pdf,sitemap-en.xml,2026-09-03,10,200 live verified,yes,42,8,2,834,823,0.986810551558753,,Split PDF Pages by Range: Safe Checklist - FunnyTools,,,,0,,,,WAIT,low,Unknown,no,unknown,unknown,2026-09-13T08:17:42.998Z,https://search.google.com/search-console/inspect?resource_id=sc-domain:funnytools.win&id=eCxdxu7z9GsfIEgJKRL7vQ&utm_medium=link&utm_source=api,NEUTRAL,URL is unknown to Google,ROBOTS_TXT_STATE_UNSPECIFIED,INDEXING_STATE_UNSPECIFIED,,0,never crawled,PAGE_FETCH_STATE_UNSPECIFIED,,,GOOGLE_CANONICAL_ABSENT,,0,,0,,no,UNKNOWN,,200,,,,,,,,
https://funnytools.win/en/guides/spss-levene-test-guide/,en,en,guide,statistics,sitemap-en.xml,2026-06-25,80,200 live verified,yes,43,12,1,541,530,0.9796672828096118,,SPSS Levene Test Guide for Variance Checks - FunnyTools,,,,0,,,,KEEP,low,Crawled Not Indexed,yes,yes,no,2026-09-13T08:17:44.673Z,https://search.google.com/search-console/inspect?resource_id=sc-domain:funnytools.win&id=t5ipsbmw25N3Bnp-v4sMsw&utm_medium=link&utm_source=api,NEUTRAL,Crawled - currently not indexed,ALLOWED,INDEXING_ALLOWED,2026-08-13T13:21:28Z,30,15–30 days,SUCCESSFUL,https://funnytools.win/en/guides/spss-levene-test-guide/,https://funnytools.win/en/guides/spss-levene-test-guide/,SELF_MATCH,MOBILE,0,,3,https://funnytools.win/es/guias/prueba-levene-spss/; https://funnytools.win/en/; https://funnytools.win/guides/spss-levene-test-guide/,no,UNKNOWN,,200,0,2,0,77,0,4,0,57.5
https://funnytools.win/en/guides/t-score-calculator-guide/,en,en,guide,statistics,sitemap-en.xml,2026-06-25,80,200 live verified,yes,45,15,1,993,982,0.9889224572004028,,T Score Calculator Guide: Formula and Examples - FunnyTools,,,,4,0.87,0.815,ADJACENT; COMPLEMENTARY,KEEP,high,Crawled Not Indexed,yes,yes,no,2026-09-13T08:17:45.593Z,https://search.google.com/search-console/inspect?resource_id=sc-domain:funnytools.win&id=fsVRA3rnCxVO_197z-2ZXA&utm_medium=link&utm_source=api,NEUTRAL,Crawled - currently not indexed,ALLOWED,INDEXING_ALLOWED,2026-08-19T08:46:34Z,24,15–30 days,SUCCESSFUL,https://funnytools.win/en/guides/t-score-calculator-guide/,https://funnytools.win/en/guides/t-score-calculator-guide/,SELF_MATCH,MOBILE,0,,3,https://funnytools.win/es/guias/puntuacion-t-interpretacion/; https://funnytools.win/en/category/statistics/; https://funnytools.win/guides/t-score-calculator-guide/,no,UNKNOWN,,200,0,12,0,84.75,0,19,0,76.42105263157895
https://funnytools.win/en/guides/t-test-apa-format-guide/,en,en,guide,general,sitemap-en.xml,2026-06-25,80,200 live verified,yes,40,11,1,759,748,0.9855072463768116,,T Test APA Format Guide with Examples - FunnyTools,,,,0,,,,KEEP,low,Crawled Not Indexed,yes,yes,no,2026-09-13T08:17:50.133Z,https://search.google.com/search-console/inspect?resource_id=sc-domain:funnytools.win&id=BPR1p8SDiyou6015S6wVLg&utm_medium=link&utm_source=api,NEUTRAL,Crawled - currently not indexed,ALLOWED,INDEXING_ALLOWED,2026-08-16T16:09:50Z,27,15–30 days,SUCCESSFUL,https://funnytools.win/en/guides/t-test-apa-format-guide/,https://funnytools.win/en/guides/t-test-apa-format-guide/,SELF_MATCH,MOBILE,0,,2,https://funnytools.win/en/; https://funnytools.win/guides/t-test-apa-format-guide/,no,UNKNOWN,,200,0,27,0,85.48148148148148,0,32,0,77.625
https://funnytools.win/en/guides/teacher-exam-weighted-score-guide/,en,en,guide,statistics,sitemap-en.xml,2026-06-25,80,200 live verified,yes,43,12,1,755,744,0.9854304635761589,,Teacher Exam Weighted Score Guide and Examples - FunnyTools,,,,0,,,,KEEP,low,Crawled Not Indexed,yes,yes,no,2026-09-13T08:17:51.608Z,https://search.google.com/search-console/inspect?resource_id=sc-domain:funnytools.win&id=1-uE7HpLLd4PRkbd4BE38g&utm_medium=link&utm_source=api,NEUTRAL,Crawled - currently not indexed,ALLOWED,INDEXING_ALLOWED,2026-08-19T06:16:34Z,25,15–30 days,SUCCESSFUL,https://funnytools.win/en/guides/teacher-exam-weighted-score-guide/,https://funnytools.win/en/guides/teacher-exam-weighted-score-guide/,SELF_MATCH,MOBILE,0,,2,https://funnytools.win/en/category/statistics/; https://funnytools.win/guides/teacher-exam-weighted-score-guide/,no,UNKNOWN,,200,0,1,0,74,0,2,0,39
https://funnytools.win/en/guides/two-way-anova-interaction-guide/,en,en,guide,statistics,sitemap-en.xml,2026-06-25,80,200 live verified,yes,41,8,2,780,771,0.9884615384615385,,Two Way ANOVA Interaction Guide - FunnyTools,,,,0,,,,KEEP,low,Unknown,no,unknown,unknown,2026-09-13T08:17:52.890Z,https://search.google.com/search-console/inspect?resource_id=sc-domain:funnytools.win&id=P0qSiD_wXVD0mKAPEFOtCA&utm_medium=link&utm_source=api,NEUTRAL,URL is unknown to Google,ROBOTS_TXT_STATE_UNSPECIFIED,INDEXING_STATE_UNSPECIFIED,,0,never crawled,PAGE_FETCH_STATE_UNSPECIFIED,,,GOOGLE_CANONICAL_ABSENT,,0,,0,,no,UNKNOWN,,200,,,,,,,,
https://funnytools.win/en/guides/word-count-essay-limits-guide/,en,en,guide,text,sitemap-en.xml,2026-07-19,56,200 live verified,yes,39,6,2,728,717,0.9848901098901099,,"Essay Word Limits: IELTS, TOEFL & Common App - FunnyTools",,,,0,,,,KEEP,low,Unknown,no,unknown,unknown,2026-09-13T08:17:58.223Z,https://search.google.com/search-console/inspect?resource_id=sc-domain:funnytools.win&id=Vr-GLt2fjzL49hqhKxbQvA&utm_medium=link&utm_source=api,NEUTRAL,URL is unknown to Google,ROBOTS_TXT_STATE_UNSPECIFIED,INDEXING_STATE_UNSPECIFIED,,0,never crawled,PAGE_FETCH_STATE_UNSPECIFIED,,,GOOGLE_CANONICAL_ABSENT,,0,,0,,no,UNKNOWN,,200,,,,,,,,
https://funnytools.win/en/guides/z-score-calculator-guide/,en,en,guide,statistics,sitemap-en.xml,2026-06-25,80,200 live verified,yes,43,12,1,553,542,0.9801084990958409,,Z Score Calculator Guide: Formula and Examples - FunnyTools,,,,3,0.842,0.745,ADJACENT; COMPLEMENTARY,KEEP,low,Crawled Not Indexed,yes,yes,no,2026-09-13T08:17:58.576Z,https://search.google.com/search-console/inspect?resource_id=sc-domain:funnytools.win&id=E_uvP6Oq7Q5FtpNolonSxQ&utm_medium=link&utm_source=api,NEUTRAL,Crawled - currently not indexed,ALLOWED,INDEXING_ALLOWED,2026-08-13T01:25:17Z,31,>30 days,SUCCESSFUL,https://funnytools.win/en/guides/z-score-calculator-guide/,https://funnytools.win/en/guides/z-score-calculator-guide/,SELF_MATCH,MOBILE,0,,2,https://funnytools.win/guides/z-score-calculator-guide/; https://funnytools.win/en/,no,UNKNOWN,,200,0,1,0,79,0,1,0,79
https://funnytools.win/en/privacy/,en,en,legal,general,sitemap-en.xml,2026-09-02,11,200 live verified,yes,28,194,1,1282,1273,0.9929797191887676,,Privacy Policy | Data Handling & Cookies - FunnyTools,,,,0,,,,IMPROVE,low,Crawled Not Indexed,yes,yes,no,2026-09-13T08:18:00.088Z,https://search.google.com/search-console/inspect?resource_id=sc-domain:funnytools.win&id=PqgJmFBAbhLuX3hfz9IdoA&utm_medium=link&utm_source=api,NEUTRAL,Crawled - currently not indexed,ALLOWED,INDEXING_ALLOWED,2026-08-18T14:01:33Z,25,15–30 days,SUCCESSFUL,https://funnytools.win/en/privacy/,https://funnytools.win/en/privacy/,SELF_MATCH,MOBILE,0,,3,https://funnytools.win/en/category/statistics/; https://funnytools.win/privacy/; https://funnytools.win/en/tools/,no,UNKNOWN,,200,,,,,0,8,0,4.25
https://funnytools.win/en/shop/,en,en,support,general,sitemap-en.xml,2026-09-02,11,200 live verified,yes,29,193,1,913,903,0.9890470974808324,,Btcson Lab Printable Learning & STEM Kits - FunnyTools,,,,0,,,,KEEP,low,Unknown,no,unknown,unknown,2026-09-13T08:18:05.354Z,https://search.google.com/search-console/inspect?resource_id=sc-domain:funnytools.win&id=v20K1xS6wM0XkNsYg3d95g&utm_medium=link&utm_source=api,NEUTRAL,URL is unknown to Google,ROBOTS_TXT_STATE_UNSPECIFIED,INDEXING_STATE_UNSPECIFIED,,0,never crawled,PAGE_FETCH_STATE_UNSPECIFIED,,,GOOGLE_CANONICAL_ABSENT,,0,,0,,no,UNKNOWN,,200,,,,,,,,
https://funnytools.win/en/support/,en,en,support,general,sitemap-en.xml,2026-09-02,11,200 live verified,yes,30,193,1,915,906,0.9901639344262295,,Support FunnyTools with sharing and feedback,,,,0,,,,KEEP,low,Crawled Not Indexed,yes,yes,no,2026-09-13T08:18:05.572Z,https://search.google.com/search-console/inspect?resource_id=sc-domain:funnytools.win&id=ncrpbHZl5JuiMOa8qyIAvg&utm_medium=link&utm_source=api,NEUTRAL,Crawled - currently not indexed,ALLOWED,INDEXING_ALLOWED,2026-07-31T03:45:52Z,44,>30 days,SUCCESSFUL,https://funnytools.win/en/support/,https://funnytools.win/en/support/,SELF_MATCH,MOBILE,0,,2,https://funnytools.win/en/category/statistics/; https://funnytools.win/support/,no,UNKNOWN,,200,,,,,0,5,0,5.4
https://funnytools.win/en/terms/,en,en,legal,general,sitemap-en.xml,2026-07-31,44,200 live verified,yes,27,193,1,785,775,0.9872611464968153,,Terms of Use | Service Scope & Limits - FunnyTools,,,,0,,,,IMPROVE,low,Crawled Not Indexed,yes,yes,no,2026-09-13T08:18:07.252Z,https://search.google.com/search-console/inspect?resource_id=sc-domain:funnytools.win&id=iib_6Gv6lQSpCzEv1DWTIg&utm_medium=link&utm_source=api,NEUTRAL,Crawled - currently not indexed,ALLOWED,INDEXING_ALLOWED,2026-08-22T01:03:55Z,22,15–30 days,SUCCESSFUL,https://funnytools.win/en/terms/,https://funnytools.win/en/terms/,SELF_MATCH,MOBILE,0,,4,https://funnytools.win/es/condiciones-de-uso/; https://funnytools.win/en/category/statistics/; https://funnytools.win/terms/; https://funnytools.win/en/tools/json-formatter/,no,UNKNOWN,,200,,,,,0,7,0,3
https://funnytools.win/en/tools/,en,en,hub,general,sitemap-en.xml,2026-09-02,11,200 live verified,yes,131,194,1,2141,2130,0.9948622139187295,,"All Free Tools | PDF, Image, Text & Calculators - FunnyTools",,,,0,,,,KEEP,low,Crawled Not Indexed,yes,yes,no,2026-09-13T08:18:12.363Z,https://search.google.com/search-console/inspect?resource_id=sc-domain:funnytools.win&id=22X66-TLQdMAyhVGPFwQWg&utm_medium=link&utm_source=api,NEUTRAL,Crawled - currently not indexed,ALLOWED,INDEXING_ALLOWED,2026-08-19T15:44:57Z,24,15–30 days,SUCCESSFUL,https://funnytools.win/en/tools/,https://funnytools.win/en/tools/,SELF_MATCH,MOBILE,0,,2,https://funnytools.win/tools/; https://funnytools.win/en/privacy/,no,UNKNOWN,,200,0,1,0,2,0,17,0,4.117647058823529
https://funnytools.win/en/tools/age-calculator/,en,en,tool,time,sitemap-en.xml,2026-09-03,10,200 live verified,yes,42,14,1,685,674,0.983941605839416,,"Age Calculator｜Birthday, Age and Days Calculator - FunnyTools",age-calculator,calculate|age|age|calculated-result|age|general,MEDIUM,0,,,,KEEP,low,Unknown,no,unknown,unknown,2026-09-13T08:18:12.689Z,https://search.google.com/search-console/inspect?resource_id=sc-domain:funnytools.win&id=deiplSRQKcEI3Jk8Jbbfjw&utm_medium=link&utm_source=api,NEUTRAL,URL is unknown to Google,ROBOTS_TXT_STATE_UNSPECIFIED,INDEXING_STATE_UNSPECIFIED,,0,never crawled,PAGE_FETCH_STATE_UNSPECIFIED,,,GOOGLE_CANONICAL_ABSENT,,0,,0,,no,UNKNOWN,,200,,,,,,,,
https://funnytools.win/en/tools/apa-7-report-generator/,en,en,tool,statistics,sitemap-en.xml,2026-09-03,10,200 live verified,yes,46,16,1,703,691,0.9829302987197724,,"APA 7 Statistics Report Generator｜t Test, ANOVA, - FunnyTools",apa-7-report-generator,generate|apa-7-report|apa-7-report|generated-result|apa-7-report|general,MEDIUM,1,0.824,0.367,ADJACENT,KEEP,low,Unknown,no,unknown,unknown,2026-09-13T08:18:14.440Z,https://search.google.com/search-console/inspect?resource_id=sc-domain:funnytools.win&id=QryTgzrMI0HsXxTBQkqmgQ&utm_medium=link&utm_source=api,NEUTRAL,URL is unknown to Google,ROBOTS_TXT_STATE_UNSPECIFIED,INDEXING_STATE_UNSPECIFIED,,0,never crawled,PAGE_FETCH_STATE_UNSPECIFIED,,,GOOGLE_CANONICAL_ABSENT,,0,,0,,no,UNKNOWN,,200,,,,,,,,
https://funnytools.win/en/tools/bar-chart-maker/,en,en,tool,draw,sitemap-en.xml,2026-09-03,10,200 live verified,yes,43,14,1,491,479,0.9755600814663951,,Bar Chart Maker｜Free Online Bar Chart Generator - FunnyTools,bar-chart-maker,create|bar-chart|bar-chart|created-artifact|bar-chart|general,MEDIUM,0,,,,KEEP,low,Unknown,no,unknown,unknown,2026-09-13T08:18:19.313Z,https://search.google.com/search-console/inspect?resource_id=sc-domain:funnytools.win&id=p2e49-2ptWwyRCeuf1Jblg&utm_medium=link&utm_source=api,NEUTRAL,URL is unknown to Google,ROBOTS_TXT_STATE_UNSPECIFIED,INDEXING_STATE_UNSPECIFIED,,0,never crawled,PAGE_FETCH_STATE_UNSPECIFIED,,,GOOGLE_CANONICAL_ABSENT,,0,,0,,no,UNKNOWN,,200,,,,,,,,
https://funnytools.win/en/tools/barcode-generator/,en,en,tool,image,sitemap-en.xml,2026-09-03,10,200 live verified,yes,44,10,1,2404,2394,0.9958402662229617,,Barcode Generator Free｜Code 128 & EAN-13 - FunnyTools,barcode-generator,generate|barcode|barcode|generated-result|barcode|general,MEDIUM,0,,,,KEEP,low,Unknown,no,unknown,unknown,2026-09-13T08:18:19.942Z,https://search.google.com/search-console/inspect?resource_id=sc-domain:funnytools.win&id=9d35n-G9Hkgej5S6-LQdbw&utm_medium=link&utm_source=api,NEUTRAL,URL is unknown to Google,ROBOTS_TXT_STATE_UNSPECIFIED,INDEXING_STATE_UNSPECIFIED,,0,never crawled,PAGE_FETCH_STATE_UNSPECIFIED,,,GOOGLE_CANONICAL_ABSENT,,0,,0,,no,UNKNOWN,,200,,,,,,,,
https://funnytools.win/en/tools/base64/,en,en,tool,text,sitemap-en.xml,2026-09-03,10,200 live verified,yes,42,12,1,506,495,0.9782608695652174,,Base64 Encoder / Decoder｜Free UTF-8 online tool - FunnyTools,base64,use|base64|base64|tool-result|base64|general,MEDIUM,0,,,,KEEP,low,Crawled Not Indexed,yes,yes,no,2026-09-13T08:18:21.509Z,https://search.google.com/search-console/inspect?resource_id=sc-domain:funnytools.win&id=zTHNFhIRxoYsuS38oV9bJA&utm_medium=link&utm_source=api,NEUTRAL,Crawled - currently not indexed,ALLOWED,INDEXING_ALLOWED,2026-08-21T10:00:39Z,22,15–30 days,SUCCESSFUL,https://funnytools.win/en/tools/base64/,https://funnytools.win/en/tools/base64/,SELF_MATCH,MOBILE,0,,2,https://funnytools.win/en/; https://funnytools.win/en/tools/,no,UNKNOWN,,200,,,,,,,,
https://funnytools.win/en/tools/break-reminder/,en,en,tool,time,sitemap-en.xml,2026-09-03,10,200 live verified,yes,42,10,1,631,620,0.9825673534072901,,Break Reminder｜Free screen break interval timer - FunnyTools,break-reminder,use|break-reminder|break-reminder|tool-result|break-reminder|general,MEDIUM,0,,,,KEEP,low,Crawled Not Indexed,yes,yes,no,2026-09-13T08:18:26.292Z,https://search.google.com/search-console/inspect?resource_id=sc-domain:funnytools.win&id=_QRvIj3JQJT42VJpJEjONA&utm_medium=link&utm_source=api,NEUTRAL,Crawled - currently not indexed,ALLOWED,INDEXING_ALLOWED,2026-08-19T16:16:15Z,24,15–30 days,SUCCESSFUL,https://funnytools.win/en/tools/break-reminder/,https://funnytools.win/en/tools/break-reminder/,SELF_MATCH,MOBILE,0,,4,https://funnytools.win/fr/outils/rappel-pause-ecran/; https://funnytools.win/en/; https://funnytools.win/tools/break-reminder/; https://funnytools.win/en/tools/,no,UNKNOWN,,200,,,,,0,4,0,19.25
https://funnytools.win/en/tools/bulk-image-compressor/,en,en,tool,image,sitemap-en.xml,2026-09-03,10,200 live verified,yes,40,4,1,749,737,0.9839786381842457,,"Bulk Image Compressor｜Compress JPG, PNG, and WebP - FunnyTools",bulk-image-compressor,compress|bulk-image-compressor|bulk-image-compressor|smaller-file|bulk-image-compressor|general,MEDIUM,0,,,,KEEP,low,Unknown,no,unknown,unknown,2026-09-13T08:18:26.924Z,https://search.google.com/search-console/inspect?resource_id=sc-domain:funnytools.win&id=w-8XAq4HZWkXC8W3agcTiA&utm_medium=link&utm_source=api,NEUTRAL,URL is unknown to Google,ROBOTS_TXT_STATE_UNSPECIFIED,INDEXING_STATE_UNSPECIFIED,,0,never crawled,PAGE_FETCH_STATE_UNSPECIFIED,,,GOOGLE_CANONICAL_ABSENT,,0,,0,,no,UNKNOWN,,200,,,,,,,,
https://funnytools.win/en/tools/business-days/,en,en,tool,time,sitemap-en.xml,2026-09-03,10,200 live verified,yes,43,17,1,731,721,0.9863201094391245,,Business Days Calculator｜Count Workdays & Holidays - FunnyTools,business-days,use|business-days|business-days|tool-result|business-days|general,MEDIUM,0,,,,KEEP,low,Crawled Not Indexed,yes,yes,no,2026-09-13T08:18:28.867Z,https://search.google.com/search-console/inspect?resource_id=sc-domain:funnytools.win&id=bL2obD-CXbR_mvVieSSKDA&utm_medium=link&utm_source=api,NEUTRAL,Crawled - currently not indexed,ALLOWED,INDEXING_ALLOWED,2026-08-21T17:43:31Z,22,15–30 days,SUCCESSFUL,https://funnytools.win/en/tools/business-days/,https://funnytools.win/en/tools/business-days/,SELF_MATCH,MOBILE,0,,3,https://funnytools.win/en/; https://funnytools.win/tools/business-days/; https://funnytools.win/en/tools/,no,UNKNOWN,,200,,,,,0,2,0,8
https://funnytools.win/en/tools/cad-2d/,en,en,tool,draw,sitemap-en.xml,2026-09-03,10,200 live verified,yes,44,13,1,1178,1166,0.9898132427843803,,Free Online 2D CAD Drawing Board｜PNG & SVG - FunnyTools,cad-2d,use|cad-2d|cad-2d|tool-result|cad-2d|general,MEDIUM,0,,,,KEEP,low,Crawled Not Indexed,yes,yes,no,2026-09-13T08:18:33.237Z,https://search.google.com/search-console/inspect?resource_id=sc-domain:funnytools.win&id=Vz1nV-GI5eFmTcKVZuMKsA&utm_medium=link&utm_source=api,NEUTRAL,Crawled - currently not indexed,ALLOWED,INDEXING_ALLOWED,2026-08-23T05:32:30Z,21,15–30 days,SUCCESSFUL,https://funnytools.win/en/tools/cad-2d/,https://funnytools.win/en/tools/cad-2d/,SELF_MATCH,MOBILE,0,,2,https://funnytools.win/en/; https://funnytools.win/en/tools/,no,UNKNOWN,,200,0,59,0,71.35593220338983,0,330,0,59.448484848484846
https://funnytools.win/en/tools/case-converter/,en,en,tool,text,sitemap-en.xml,2026-09-03,10,200 live verified,yes,45,22,1,693,682,0.9841269841269841,,Case Converter｜Free online text case tool - FunnyTools,case-converter,use|case-converter|case-converter|tool-result|case-converter|general,MEDIUM,0,,,,KEEP,low,Crawled Not Indexed,yes,yes,no,2026-09-13T08:18:33.895Z,https://search.google.com/search-console/inspect?resource_id=sc-domain:funnytools.win&id=xdmNVvsMcJxuJZG3eVi9Og&utm_medium=link&utm_source=api,NEUTRAL,Crawled - currently not indexed,ALLOWED,INDEXING_ALLOWED,2026-08-15T19:02:53Z,28,15–30 days,SUCCESSFUL,https://funnytools.win/en/tools/case-converter/,https://funnytools.win/en/tools/case-converter/,SELF_MATCH,MOBILE,0,,3,https://funnytools.win/tools/case-converter/; https://funnytools.win/en/; https://funnytools.win/en/tools/,no,UNKNOWN,,200,,,,,0,5,0,5.6
https://funnytools.win/en/tools/character-counter/,en,en,tool,text,sitemap-en.xml,2026-09-03,10,200 live verified,yes,48,31,1,1087,1077,0.9908003679852806,,"Character Counter｜Characters, Words & UTF-8 Bytes - FunnyTools",character-counter,count|character-counter|character-counter|count|character-counter|general,MEDIUM,0,,,,KEEP,low,Crawled Not Indexed,yes,yes,no,2026-09-13T08:18:35.889Z,https://search.google.com/search-console/inspect?resource_id=sc-domain:funnytools.win&id=G0lCBeqAEm_dDIByffVv4Q&utm_medium=link&utm_source=api,NEUTRAL,Crawled - currently not indexed,ALLOWED,INDEXING_ALLOWED,2026-08-17T18:59:30Z,26,15–30 days,SUCCESSFUL,https://funnytools.win/en/tools/character-counter/,https://funnytools.win/en/tools/character-counter/,SELF_MATCH,MOBILE,0,,2,https://funnytools.win/en/; https://funnytools.win/en/tools/,no,UNKNOWN,,200,,,,,0,20,0,45.1
https://funnytools.win/en/tools/class-rank-percentile-calculator/,en,en,tool,statistics,sitemap-en.xml,2026-09-10,3,200 live verified,yes,42,14,1,613,603,0.9836867862969005,,Class Rank Calculator｜Rank to Percentile - FunnyTools,class-rank-percentile-calculator,calculate|class-rank-percentile|class-rank-percentile|calculated-result|class-rank-percentile|general,MEDIUM,1,0.828,0.599,ADJACENT,KEEP,low,Crawled Not Indexed,yes,yes,no,2026-09-13T08:18:40.555Z,https://search.google.com/search-console/inspect?resource_id=sc-domain:funnytools.win&id=1U_URat-oJS9biC8cEf4Ew&utm_medium=link&utm_source=api,NEUTRAL,Crawled - currently not indexed,ALLOWED,INDEXING_ALLOWED,2026-08-17T03:08:52Z,27,15–30 days,SUCCESSFUL,https://funnytools.win/en/tools/class-rank-percentile-calculator/,https://funnytools.win/en/tools/class-rank-percentile-calculator/,SELF_MATCH,MOBILE,0,,3,https://funnytools.win/es/herramientas/calculadora-percentil-ranking-clase/; https://funnytools.win/en/category/statistics/; http://funnytools.win/en/tools/class-rank-percentile-calculator/,no,UNKNOWN,,200,0,1,0,9,0,2,0,6.5
https://funnytools.win/en/tools/color-generator/,en,en,tool,random,sitemap-en.xml,2026-09-03,10,200 live verified,yes,43,13,1,715,703,0.9832167832167832,,Random Color Generator｜HEX RGB HSL palette tool - FunnyTools,color-generator,generate|color|color|generated-result|color|general,MEDIUM,0,,,,KEEP,low,Crawled Not Indexed,yes,yes,no,2026-09-13T08:18:41.075Z,https://search.google.com/search-console/inspect?resource_id=sc-domain:funnytools.win&id=QVghFgG4w-BeC4bWedZeqg&utm_medium=link&utm_source=api,NEUTRAL,Crawled - currently not indexed,ALLOWED,INDEXING_ALLOWED,2026-08-21T07:02:39Z,23,15–30 days,SUCCESSFUL,https://funnytools.win/en/tools/color-generator/,https://funnytools.win/en/tools/color-generator/,SELF_MATCH,MOBILE,0,,3,https://funnytools.win/tools/color-generator/; https://funnytools.win/en/; https://funnytools.win/en/tools/,no,UNKNOWN,,200,,,,,0,4,0,6.5
https://funnytools.win/en/tools/compound-interest/,en,en,tool,money,sitemap-en.xml,2026-09-03,10,200 live verified,yes,42,13,1,923,913,0.9891657638136512,,Compound Interest Calc｜Future Value Estimator - FunnyTools,compound-interest,use|compound-interest|compound-interest|tool-result|compound-interest|general,MEDIUM,0,,,,KEEP,low,Crawled Not Indexed,yes,yes,no,2026-09-13T08:18:42.839Z,https://search.google.com/search-console/inspect?resource_id=sc-domain:funnytools.win&id=noHdIHtT8qnThQqq6OZcDQ&utm_medium=link&utm_source=api,NEUTRAL,Crawled - currently not indexed,ALLOWED,INDEXING_ALLOWED,2026-08-17T16:28:57Z,26,15–30 days,SUCCESSFUL,https://funnytools.win/en/tools/compound-interest/,https://funnytools.win/en/tools/compound-interest/,SELF_MATCH,MOBILE,0,,2,https://funnytools.win/en/; https://funnytools.win/en/tools/,no,UNKNOWN,,200,0,1,0,4,0,1,0,4
https://funnytools.win/en/tools/countdown-timer/,en,en,tool,time,sitemap-en.xml,2026-09-03,10,200 live verified,yes,48,21,1,867,857,0.9884659746251442,,Countdown Timer｜Duration and Date Countdown - FunnyTools,countdown-timer,use|countdown-timer|countdown-timer|tool-result|countdown-timer|general,MEDIUM,0,,,,KEEP,low,Crawled Not Indexed,yes,yes,no,2026-09-13T08:18:47.984Z,https://search.google.com/search-console/inspect?resource_id=sc-domain:funnytools.win&id=9YH4EYczTyrb8K-11mjUHg&utm_medium=link&utm_source=api,NEUTRAL,Crawled - currently not indexed,ALLOWED,INDEXING_ALLOWED,2026-08-07T14:09:21Z,36,>30 days,SUCCESSFUL,https://funnytools.win/en/tools/countdown-timer/,https://funnytools.win/en/tools/countdown-timer/,SELF_MATCH,MOBILE,0,,2,https://funnytools.win/en/; https://funnytools.win/tools/countdown-timer/,no,UNKNOWN,,200,,,,,0,2,0,2.5
https://funnytools.win/en/tools/cronbach-alpha-calculator/,en,en,tool,statistics,sitemap-en.xml,2026-09-03,10,200 live verified,yes,41,7,1,846,837,0.9893617021276596,,Cronbach Alpha Calculator｜Scale Reliability - FunnyTools,cronbach-alpha-calculator,calculate|cronbach-alpha|cronbach-alpha|calculated-result|cronbach-alpha|general,MEDIUM,0,,,,KEEP,low,Crawled Not Indexed,yes,yes,no,2026-09-13T08:18:48.399Z,https://search.google.com/search-console/inspect?resource_id=sc-domain:funnytools.win&id=GzWLFTcdsiLDQDRwx4q84Q&utm_medium=link&utm_source=api,NEUTRAL,Crawled - currently not indexed,ALLOWED,INDEXING_ALLOWED,2026-08-02T13:44:13Z,41,>30 days,SUCCESSFUL,https://funnytools.win/en/tools/cronbach-alpha-calculator/,https://funnytools.win/en/tools/cronbach-alpha-calculator/,SELF_MATCH,MOBILE,0,,3,https://funnytools.win/en/category/statistics/; https://funnytools.win/tools/cronbach-alpha-calculator/; http://funnytools.win/en/tools/cronbach-alpha-calculator/,no,UNKNOWN,,200,0,1,0,77,0,2,0,41
https://funnytools.win/en/tools/csv-to-json/,en,en,tool,text,sitemap-en.xml,2026-09-03,10,200 live verified,yes,45,12,1,925,912,0.985945945945946,,CSV to JSON Converter｜Free Online Data Format Tool - FunnyTools,csv-to-json,convert|csv|json|json-data|data-format-conversion|general,HIGH,1,0.823,0.724,DIFFERENT,KEEP,low,Crawled Not Indexed,yes,yes,no,2026-09-13T08:18:49.789Z,https://search.google.com/search-console/inspect?resource_id=sc-domain:funnytools.win&id=O9RQnySqK6re38AmBkuCyw&utm_medium=link&utm_source=api,NEUTRAL,Crawled - currently not indexed,ALLOWED,INDEXING_ALLOWED,2026-08-18T21:52:26Z,25,15–30 days,SUCCESSFUL,https://funnytools.win/en/tools/csv-to-json/,https://funnytools.win/en/tools/csv-to-json/,SELF_MATCH,MOBILE,0,,1,https://funnytools.win/en/,no,UNKNOWN,,200,,,,,,,,
https://funnytools.win/en/tools/date-difference/,en,en,tool,time,sitemap-en.xml,2026-09-03,10,200 live verified,yes,43,16,1,704,694,0.9857954545454546,,Date Difference Calculator｜Days Between Dates - FunnyTools,date-difference,use|date-difference|date-difference|tool-result|date-difference|general,MEDIUM,0,,,,KEEP,low,Crawled Not Indexed,yes,yes,no,2026-09-13T08:18:54.899Z,https://search.google.com/search-console/inspect?resource_id=sc-domain:funnytools.win&id=zVqIPMNoNL71XE_5ngtLhA&utm_medium=link&utm_source=api,NEUTRAL,Crawled - currently not indexed,ALLOWED,INDEXING_ALLOWED,2026-08-15T17:47:51Z,28,15–30 days,SUCCESSFUL,https://funnytools.win/en/tools/date-difference/,https://funnytools.win/en/tools/date-difference/,SELF_MATCH,MOBILE,0,,2,https://funnytools.win/en/; https://funnytools.win/en/tools/,no,UNKNOWN,,200,,,,,0,1,0,9
https://funnytools.win/en/tools/delete-pdf-pages/,en,en,tool,pdf,sitemap-en.xml,2026-09-04,9,200 live verified,yes,43,14,1,770,760,0.987012987012987,,Delete PDF Pages｜Remove Selected Pages - FunnyTools,delete-pdf-pages,delete|pdf|pdf|remove-selected-pages|pdf-page-editing|general,HIGH,1,0.887,0.803,DIFFERENT,KEEP,high,Crawled Not Indexed,yes,yes,no,2026-09-13T08:18:55.372Z,https://search.google.com/search-console/inspect?resource_id=sc-domain:funnytools.win&id=tydc8qs7xcIii-qFHnsVLw&utm_medium=link&utm_source=api,NEUTRAL,Crawled - currently not indexed,ALLOWED,INDEXING_ALLOWED,2026-08-15T18:25:24Z,28,15–30 days,SUCCESSFUL,https://funnytools.win/en/tools/delete-pdf-pages/,https://funnytools.win/en/tools/delete-pdf-pages/,SELF_MATCH,MOBILE,0,,2,https://funnytools.win/en/; https://funnytools.win/en/tools/,no,UNKNOWN,,200,,,,,0,1,0,10
https://funnytools.win/en/tools/dice-roller/,en,en,tool,random,sitemap-en.xml,2026-09-03,10,200 live verified,yes,44,15,1,768,756,0.984375,,Dice Roller｜Free online d4 d6 d20 roller - FunnyTools,dice-roller,generate|dice-roller|dice-roller|generated-result|dice-roller|general,MEDIUM,0,,,,KEEP,low,Crawled Not Indexed,yes,yes,no,2026-09-13T08:18:57.166Z,https://search.google.com/search-console/inspect?resource_id=sc-domain:funnytools.win&id=H3dpqH6YrhBCnUuKzaTAmg&utm_medium=link&utm_source=api,NEUTRAL,Crawled - currently not indexed,ALLOWED,INDEXING_ALLOWED,2026-08-19T08:09:04Z,25,15–30 days,SUCCESSFUL,https://funnytools.win/en/tools/dice-roller/,https://funnytools.win/en/tools/dice-roller/,SELF_MATCH,MOBILE,0,,3,https://funnytools.win/en/; https://funnytools.win/tools/dice-roller/; https://funnytools.win/en/tools/,no,UNKNOWN,,200,,,,,0,5,0,6.2
https://funnytools.win/en/tools/extract-pdf-pages/,en,en,tool,pdf,sitemap-en.xml,2026-09-04,9,200 live verified,yes,46,15,1,899,889,0.9888765294771968,,Extract PDF Pages｜Keep Selected Ranges - FunnyTools,extract-pdf-pages,extract|pdf|pdf|new-document-from-selected-pages|pdf-page-editing|general,HIGH,1,0.887,0.803,DIFFERENT,KEEP,high,Crawled Not Indexed,yes,yes,no,2026-09-13T08:19:01.850Z,https://search.google.com/search-console/inspect?resource_id=sc-domain:funnytools.win&id=RdOvaRsD0CPBUqbagapVAA&utm_medium=link&utm_source=api,NEUTRAL,Crawled - currently not indexed,ALLOWED,INDEXING_ALLOWED,2026-08-23T03:53:01Z,21,15–30 days,SUCCESSFUL,https://funnytools.win/en/tools/extract-pdf-pages/,https://funnytools.win/en/tools/extract-pdf-pages/,SELF_MATCH,MOBILE,0,,4,https://funnytools.win/es/herramientas/extraer-paginas-pdf/; https://funnytools.win/en/; https://funnytools.win/tools/extract-pdf-pages/; https://funnytools.win/en/tools/,no,UNKNOWN,,200,,,,,0,9,0,29.333333333333332
https://funnytools.win/en/tools/flowchart/,en,en,tool,draw,sitemap-en.xml,2026-09-03,10,200 live verified,yes,42,12,1,980,969,0.9887755102040816,,Flowchart Maker｜Online Diagram with PNG Export - FunnyTools,flowchart,create|flowchart|flowchart|created-artifact|flowchart|general,MEDIUM,0,,,,KEEP,low,Crawled Not Indexed,yes,yes,no,2026-09-13T08:19:02.509Z,https://search.google.com/search-console/inspect?resource_id=sc-domain:funnytools.win&id=aKpqKatof3NUkZ9aNmeGNg&utm_medium=link&utm_source=api,NEUTRAL,Crawled - currently not indexed,ALLOWED,INDEXING_ALLOWED,2026-08-17T18:52:21Z,26,15–30 days,SUCCESSFUL,https://funnytools.win/en/tools/flowchart/,https://funnytools.win/en/tools/flowchart/,SELF_MATCH,MOBILE,0,,3,https://funnytools.win/tools/flowchart/; https://funnytools.win/en/; https://funnytools.win/en/tools/,no,UNKNOWN,,200,0,1,0,74,0,1,0,74
https://funnytools.win/en/tools/gpa-calculator/,en,en,tool,study,sitemap-en.xml,2026-09-04,9,200 live verified,yes,42,14,1,1052,1041,0.9895437262357415,,GPA Calculator｜4.3 scale credit-weighted GPA - FunnyTools,gpa-calculator,calculate|gpa|gpa|calculated-result|gpa|general,MEDIUM,0,,,,KEEP,low,Crawled Not Indexed,yes,yes,no,2026-09-13T08:19:04.228Z,https://search.google.com/search-console/inspect?resource_id=sc-domain:funnytools.win&id=WfkBZ6IQEYHNJkRjp8P-lw&utm_medium=link&utm_source=api,NEUTRAL,Crawled - currently not indexed,ALLOWED,INDEXING_ALLOWED,2026-08-01T01:53:18Z,43,>30 days,SUCCESSFUL,https://funnytools.win/en/tools/gpa-calculator/,https://funnytools.win/en/tools/gpa-calculator/,SELF_MATCH,MOBILE,0,,2,https://funnytools.win/en/; https://funnytools.win/en/tools/,no,UNKNOWN,,200,,,,,0,2,0,6.5
https://funnytools.win/en/tools/grade-average/,en,en,tool,statistics,sitemap-en.xml,2026-09-10,3,200 live verified,yes,43,23,1,1081,1071,0.9907493061979649,,Grade Average Calculator｜Simple & Weighted Grades - FunnyTools,grade-average,calculate|grades|average-grade|grade-average|grade-calculation|general,HIGH,0,,,,KEEP,low,Crawled Not Indexed,yes,yes,no,2026-09-13T08:19:09.012Z,https://search.google.com/search-console/inspect?resource_id=sc-domain:funnytools.win&id=kn5h7Uqudl74Q7X8e-k2Yg&utm_medium=link&utm_source=api,NEUTRAL,Crawled - currently not indexed,ALLOWED,INDEXING_ALLOWED,2026-08-04T18:35:57Z,39,>30 days,SUCCESSFUL,https://funnytools.win/en/tools/grade-average/,https://funnytools.win/en/tools/grade-average/,SELF_MATCH,MOBILE,0,,2,https://funnytools.win/en/category/statistics/; https://funnytools.win/en/tools/,no,UNKNOWN,,200,0,1,0,3,0,25,0,44.04
https://funnytools.win/en/tools/group-generator/,en,en,tool,study,sitemap-en.xml,2026-09-03,10,200 live verified,yes,47,23,1,942,932,0.9893842887473461,,Class Group Generator｜Classroom Team Maker - FunnyTools,group-generator,generate|group|group|generated-result|group|general,MEDIUM,1,0.82,0.593,DIFFERENT,IMPROVE,low,Crawled Not Indexed,yes,yes,no,2026-09-13T08:19:09.827Z,https://search.google.com/search-console/inspect?resource_id=sc-domain:funnytools.win&id=xhcPEtvuYsqz_yVPZ2Haig&utm_medium=link&utm_source=api,NEUTRAL,Crawled - currently not indexed,ALLOWED,INDEXING_ALLOWED,2026-08-17T06:37:54Z,27,15–30 days,SUCCESSFUL,https://funnytools.win/en/tools/group-generator/,https://funnytools.win/en/tools/group-generator/,SELF_MATCH,MOBILE,0,,2,https://funnytools.win/en/; https://funnytools.win/en/tools/,no,UNKNOWN,,200,0,6,0,86.5,0,17,0,43.35294117647059
https://funnytools.win/en/tools/image-compressor/,en,en,tool,image,sitemap-en.xml,2026-09-03,10,200 live verified,yes,48,40,1,950,938,0.9873684210526316,,"Free Image Compressor Online｜Shrink JPG, PNG & WebP - FunnyTools",image-compressor,compress|image-compressor|image-compressor|smaller-file|image-compressor|general,MEDIUM,0,,,,KEEP,low,Blocked/Error,yes,yes,no,2026-09-13T08:19:11.153Z,https://search.google.com/search-console/inspect?resource_id=sc-domain:funnytools.win&id=blGRRdX928DreRHFa9O2dg&utm_medium=link&utm_source=api,NEUTRAL,Excluded by ‘noindex’ tag,ALLOWED,BLOCKED_BY_META_TAG,2026-07-05T23:14:53Z,69,>30 days,SUCCESSFUL,https://funnytools.win/en/tools/image-compressor/,,SELF_MATCH,MOBILE,0,,3,https://funnytools.win/en/; http://funnytools.win/en/; https://funnytools.win/tools/image-compressor/,no,UNKNOWN,,200,,,,,,,,
https://funnytools.win/en/tools/image-crop/,en,en,tool,image,sitemap-en.xml,2026-09-03,10,200 live verified,yes,46,16,1,918,906,0.9869281045751634,,Image Crop Tool｜Online Cropper for Avatars and - FunnyTools,image-crop,transform|image-crop|image-crop|transformed-output|image-crop|general,MEDIUM,0,,,,KEEP,low,Crawled Not Indexed,yes,yes,no,2026-09-13T08:19:16.204Z,https://search.google.com/search-console/inspect?resource_id=sc-domain:funnytools.win&id=ZW_h24vRG3iPBESEp5gGLg&utm_medium=link&utm_source=api,NEUTRAL,Crawled - currently not indexed,ALLOWED,INDEXING_ALLOWED,2026-08-15T02:56:00Z,29,15–30 days,SUCCESSFUL,https://funnytools.win/en/tools/image-crop/,https://funnytools.win/en/tools/image-crop/,SELF_MATCH,MOBILE,0,,2,https://funnytools.win/en/; http://funnytools.win/en/tools/image-crop/,no,UNKNOWN,,200,,,,,0,11,0,5
https://funnytools.win/en/tools/image-resizer/,en,en,tool,image,sitemap-en.xml,2026-09-03,10,200 live verified,yes,47,37,1,914,903,0.9879649890590809,,Image Resizer｜Free local image resize tool - FunnyTools,image-resizer,transform|image-resizer|image-resizer|transformed-output|image-resizer|general,MEDIUM,0,,,,KEEP,low,Unknown,no,unknown,unknown,2026-09-13T08:19:17.009Z,https://search.google.com/search-console/inspect?resource_id=sc-domain:funnytools.win&id=trMv7jGD6KUF7XLrwt3iig&utm_medium=link&utm_source=api,NEUTRAL,URL is unknown to Google,ROBOTS_TXT_STATE_UNSPECIFIED,INDEXING_STATE_UNSPECIFIED,,0,never crawled,PAGE_FETCH_STATE_UNSPECIFIED,,,GOOGLE_CANONICAL_ABSENT,,0,,0,,no,UNKNOWN,,200,,,,,,,,
https://funnytools.win/en/tools/image-rotate-flip/,en,en,tool,image,sitemap-en.xml,2026-09-03,10,200 live verified,yes,43,9,1,481,470,0.9771309771309772,,Image Rotate & Flip｜Rotate and Mirror Images - FunnyTools,image-rotate-flip,transform|image-rotate-flip|image-rotate-flip|transformed-output|image-rotate-flip|general,MEDIUM,0,,,,KEEP,low,Crawled Not Indexed,yes,yes,no,2026-09-13T08:19:18.105Z,https://search.google.com/search-console/inspect?resource_id=sc-domain:funnytools.win&id=1UWyony99BG9MhqKdYuwAg&utm_medium=link&utm_source=api,NEUTRAL,Crawled - currently not indexed,ALLOWED,INDEXING_ALLOWED,2026-08-19T11:54:04Z,24,15–30 days,SUCCESSFUL,https://funnytools.win/en/tools/image-rotate-flip/,https://funnytools.win/en/tools/image-rotate-flip/,SELF_MATCH,MOBILE,0,,3,https://funnytools.win/en/; https://funnytools.win/tools/image-rotate-flip/; https://funnytools.win/en/tools/image-crop/,no,UNKNOWN,,200,,,,,0,2,0,5.5
https://funnytools.win/en/tools/image-to-base64/,en,en,tool,image,sitemap-en.xml,2026-09-03,10,200 live verified,yes,43,10,1,985,972,0.9868020304568528,,Image to Base64｜Free Online Image to Data URI - FunnyTools,image-to-base64,convert|image|base64|base64-output|directional-conversion|general,MEDIUM,0,,,,KEEP,low,Crawled Not Indexed,yes,yes,no,2026-09-13T08:19:23.278Z,https://search.google.com/search-console/inspect?resource_id=sc-domain:funnytools.win&id=u2bt77hMs39UKzX2U7dscw&utm_medium=link&utm_source=api,NEUTRAL,Crawled - currently not indexed,ALLOWED,INDEXING_ALLOWED,2026-08-22T01:17:23Z,22,15–30 days,SUCCESSFUL,https://funnytools.win/en/tools/image-to-base64/,https://funnytools.win/en/tools/image-to-base64/,SELF_MATCH,MOBILE,0,,3,https://funnytools.win/en/; http://funnytools.win/tools/image-to-base64/; http://funnytools.win/en/tools/image-to-base64/,no,UNKNOWN,,200,,,,,0,4,0,4
https://funnytools.win/en/tools/image-to-dxf/,en,en,tool,draw,sitemap-en.xml,2026-09-03,10,200 live verified,yes,40,9,1,839,827,0.9856972586412396,,Image to DXF｜JPG and PNG Line-Art Vectorizer - FunnyTools,image-to-dxf,convert|image|dxf|dxf-output|directional-conversion|general,MEDIUM,0,,,,KEEP,low,Unknown,no,unknown,unknown,2026-09-13T08:19:24.069Z,https://search.google.com/search-console/inspect?resource_id=sc-domain:funnytools.win&id=O6eciqijv755GTExAJb2tQ&utm_medium=link&utm_source=api,NEUTRAL,URL is unknown to Google,ROBOTS_TXT_STATE_UNSPECIFIED,INDEXING_STATE_UNSPECIFIED,,0,never crawled,PAGE_FETCH_STATE_UNSPECIFIED,,,GOOGLE_CANONICAL_ABSENT,,0,,0,,no,UNKNOWN,,200,,,,,,,,
https://funnytools.win/en/tools/images-to-pdf/,en,en,tool,pdf,sitemap-en.xml,2026-09-04,9,200 live verified,yes,46,18,1,929,917,0.9870828848223897,,Images to PDF｜Combine JPG and PNG Files - FunnyTools,images-to-pdf,convert|images|pdf|pdf-output|directional-conversion|general,MEDIUM,0,,,,KEEP,low,Crawled Not Indexed,yes,yes,no,2026-09-13T08:19:25.037Z,https://search.google.com/search-console/inspect?resource_id=sc-domain:funnytools.win&id=9fJt37Q3toTTRhBtOfgiOw&utm_medium=link&utm_source=api,NEUTRAL,Crawled - currently not indexed,ALLOWED,INDEXING_ALLOWED,2026-08-25T01:58:19Z,19,15–30 days,SUCCESSFUL,https://funnytools.win/en/tools/images-to-pdf/,https://funnytools.win/en/tools/images-to-pdf/,SELF_MATCH,MOBILE,0,,2,https://funnytools.win/tools/images-to-pdf/; https://funnytools.win/en/,no,UNKNOWN,,200,,,,,,,,
https://funnytools.win/en/tools/independent-samples-t-test-calculator/,en,en,tool,statistics,sitemap-en.xml,2026-09-10,3,200 live verified,yes,43,10,1,534,523,0.9794007490636704,,Independent Samples t-test Calculator｜Welch t Test - FunnyTools,independent-samples-t-test-calculator,calculate|independent-samples-t-test|independent-samples-t-test|calculated-result|independent-samples-t-test|general,MEDIUM,0,,,,KEEP,low,Crawled Not Indexed,yes,yes,no,2026-09-13T08:19:30.159Z,https://search.google.com/search-console/inspect?resource_id=sc-domain:funnytools.win&id=fSCvrzuCVq7rksn-eX0aKA&utm_medium=link&utm_source=api,NEUTRAL,Crawled - currently not indexed,ALLOWED,INDEXING_ALLOWED,2026-08-18T21:26:39Z,25,15–30 days,SUCCESSFUL,https://funnytools.win/en/tools/independent-samples-t-test-calculator/,https://funnytools.win/en/tools/independent-samples-t-test-calculator/,SELF_MATCH,MOBILE,0,,4,https://funnytools.win/en/category/statistics/; https://funnytools.win/tools/independent-samples-t-test-calculator/; http://funnytools.win/tools/independent-samples-t-test-calculator/; http://funnytools.win/en/tools/independent-samples-t-test-calculator/,no,UNKNOWN,,200,,,,,,,,
https://funnytools.win/en/tools/inflation/,en,en,tool,money,sitemap-en.xml,2026-09-04,9,200 live verified,yes,42,12,1,717,708,0.9874476987447699,,Inflation Calculator｜Purchasing Power Estimator - FunnyTools,inflation,use|inflation|inflation|tool-result|inflation|general,MEDIUM,0,,,,KEEP,low,Crawled Not Indexed,yes,yes,no,2026-09-13T08:19:31.184Z,https://search.google.com/search-console/inspect?resource_id=sc-domain:funnytools.win&id=WBrAC9WkeEQIfrVuNCqVmw&utm_medium=link&utm_source=api,NEUTRAL,Crawled - currently not indexed,ALLOWED,INDEXING_ALLOWED,2026-08-21T05:56:54Z,23,15–30 days,SUCCESSFUL,https://funnytools.win/en/tools/inflation/,https://funnytools.win/en/tools/inflation/,SELF_MATCH,MOBILE,0,,4,https://funnytools.win/es/herramientas/calculadora-inflacion/; https://funnytools.win/en/; https://funnytools.win/tools/inflation/; https://funnytools.win/en/tools/,no,UNKNOWN,,200,,,,,,,,
https://funnytools.win/en/tools/jpg-to-png/,en,en,tool,image,sitemap-en.xml,2026-09-03,10,200 live verified,yes,42,18,1,781,770,0.9859154929577465,,JPG to PNG｜Local Image Format Converter - FunnyTools,jpg-to-png,convert|jpg|png|png-file|image-format-conversion|general,HIGH,3,0.885,0.841,DIFFERENT,KEEP,high,Crawled Not Indexed,yes,yes,no,2026-09-13T08:19:32.258Z,https://search.google.com/search-console/inspect?resource_id=sc-domain:funnytools.win&id=teBycc-7sKFmwQHqdkJdEA&utm_medium=link&utm_source=api,NEUTRAL,Crawled - currently not indexed,ALLOWED,INDEXING_ALLOWED,2026-08-17T08:17:53Z,27,15–30 days,SUCCESSFUL,https://funnytools.win/en/tools/jpg-to-png/,https://funnytools.win/en/tools/jpg-to-png/,SELF_MATCH,MOBILE,0,,3,https://funnytools.win/fr/outils/convertir-jpg-en-png/; https://funnytools.win/en/; https://funnytools.win/en/category/image/,no,UNKNOWN,,200,,,,,0,1,0,5
https://funnytools.win/en/tools/jpg-to-webp/,en,en,tool,image,sitemap-en.xml,2026-09-03,10,200 live verified,yes,44,15,1,806,796,0.9875930521091811,,JPG to WebP｜Compress Website Images - FunnyTools,jpg-to-webp,convert|jpg|webp|webp-file|image-format-conversion|general,HIGH,3,0.898,0.839,DIFFERENT,KEEP,high,Crawled Not Indexed,yes,yes,no,2026-09-13T08:19:37.082Z,https://search.google.com/search-console/inspect?resource_id=sc-domain:funnytools.win&id=M1fq9vVPNZYIXPrfVDzfog&utm_medium=link&utm_source=api,NEUTRAL,Crawled - currently not indexed,ALLOWED,INDEXING_ALLOWED,2026-08-15T02:56:01Z,29,15–30 days,SUCCESSFUL,https://funnytools.win/en/tools/jpg-to-webp/,https://funnytools.win/en/tools/jpg-to-webp/,SELF_MATCH,MOBILE,0,,2,https://funnytools.win/en/; https://funnytools.win/tools/jpg-to-webp/,no,UNKNOWN,,200,,,,,0,5,0,1.8
https://funnytools.win/en/tools/json-formatter/,en,en,tool,text,sitemap-en.xml,2026-09-03,10,200 live verified,yes,45,23,1,788,777,0.9860406091370558,,JSON Formatter / Validator｜Free online JSON tool - FunnyTools,json-formatter,format|json-formatter|json-formatter|formatted-output|json-formatter|general,MEDIUM,0,,,,KEEP,low,Crawled Not Indexed,yes,yes,no,2026-09-13T08:19:38.288Z,https://search.google.com/search-console/inspect?resource_id=sc-domain:funnytools.win&id=9zB1vZ7brk7ojR0F7mK_uQ&utm_medium=link&utm_source=api,NEUTRAL,Crawled - currently not indexed,ALLOWED,INDEXING_ALLOWED,2026-08-08T07:35:58Z,36,>30 days,SUCCESSFUL,https://funnytools.win/en/tools/json-formatter/,https://funnytools.win/en/tools/json-formatter/,SELF_MATCH,MOBILE,0,,3,https://funnytools.win/en/; https://funnytools.win/tools/json-formatter/; https://funnytools.win/en/tools/,no,UNKNOWN,,200,,,,,,,,
https://funnytools.win/en/tools/json-to-csv/,en,en,tool,text,sitemap-en.xml,2026-09-03,10,200 live verified,yes,43,10,1,753,741,0.9840637450199203,,JSON to CSV Converter｜Export JSON Arrays to - FunnyTools,json-to-csv,convert|json|csv|csv-data|data-format-conversion|general,HIGH,1,0.823,0.724,DIFFERENT,KEEP,low,Crawled Not Indexed,yes,yes,no,2026-09-13T08:19:39.371Z,https://search.google.com/search-console/inspect?resource_id=sc-domain:funnytools.win&id=bcgknqd-hO1HW0xi7Hyc_w&utm_medium=link&utm_source=api,NEUTRAL,Crawled - currently not indexed,ALLOWED,INDEXING_ALLOWED,2026-08-16T23:48:03Z,27,15–30 days,SUCCESSFUL,https://funnytools.win/en/tools/json-to-csv/,https://funnytools.win/en/tools/json-to-csv/,SELF_MATCH,MOBILE,0,,4,https://funnytools.win/en/; http://funnytools.win/tools/json-to-csv/; https://funnytools.win/en/tools/csv-to-json/; http://funnytools.win/en/tools/json-to-csv/,no,UNKNOWN,,200,,,,,0,1,0,10
https://funnytools.win/en/tools/markdown-previewer/,en,en,tool,text,sitemap-en.xml,2026-09-03,10,200 live verified,yes,42,9,1,728,717,0.9848901098901099,,Markdown Previewer｜Live Editor with HTML Export - FunnyTools,markdown-previewer,preview|markdown-previewer|markdown-previewer|preview|markdown-previewer|general,MEDIUM,0,,,,KEEP,low,Crawled Not Indexed,yes,yes,no,2026-09-13T08:19:44.190Z,https://search.google.com/search-console/inspect?resource_id=sc-domain:funnytools.win&id=z7oLYgDHw6QtWaR8pVQ0gw&utm_medium=link&utm_source=api,NEUTRAL,Crawled - currently not indexed,ALLOWED,INDEXING_ALLOWED,2026-08-16T06:19:10Z,28,15–30 days,SUCCESSFUL,https://funnytools.win/en/tools/markdown-previewer/,https://funnytools.win/en/tools/markdown-previewer/,SELF_MATCH,MOBILE,0,,2,https://funnytools.win/en/; https://funnytools.win/tools/markdown-previewer/,no,UNKNOWN,,200,,,,,0,5,0,12.8
https://funnytools.win/en/tools/merge-pdf/,en,en,tool,pdf,sitemap-en.xml,2026-09-03,10,200 live verified,yes,48,27,1,1108,1096,0.9891696750902527,,Merge PDF Online Free｜Combine Multiple PDF Files - FunnyTools,merge-pdf,merge|pdf-files|pdf|combined-document|pdf-document-assembly|general,HIGH,0,,,,KEEP,low,Crawled Not Indexed,yes,yes,no,2026-09-13T08:19:45.280Z,https://search.google.com/search-console/inspect?resource_id=sc-domain:funnytools.win&id=jZB92-PCkimJeQTDe5vl4Q&utm_medium=link&utm_source=api,NEUTRAL,Crawled - currently not indexed,ALLOWED,INDEXING_ALLOWED,2026-08-23T03:32:46Z,21,15–30 days,SUCCESSFUL,https://funnytools.win/en/tools/merge-pdf/,https://funnytools.win/en/tools/merge-pdf/,SELF_MATCH,MOBILE,0,,2,https://funnytools.win/en/; https://funnytools.win/en/tools/,no,UNKNOWN,,200,,,,,,,,
https://funnytools.win/en/tools/mortgage-payment/,en,en,tool,money,sitemap-en.xml,2026-09-03,10,200 live verified,yes,42,13,1,930,920,0.989247311827957,,Mortgage Payment Calculator｜Monthly Loan Estimate - FunnyTools,mortgage-payment,use|mortgage-payment|mortgage-payment|tool-result|mortgage-payment|general,MEDIUM,0,,,,KEEP,low,Crawled Not Indexed,yes,yes,no,2026-09-13T08:19:46.822Z,https://search.google.com/search-console/inspect?resource_id=sc-domain:funnytools.win&id=AEJPksKEdeLYkVq6SrsEkw&utm_medium=link&utm_source=api,NEUTRAL,Crawled - currently not indexed,ALLOWED,INDEXING_ALLOWED,2026-08-23T21:52:06Z,20,15–30 days,SUCCESSFUL,https://funnytools.win/en/tools/mortgage-payment/,https://funnytools.win/en/tools/mortgage-payment/,SELF_MATCH,MOBILE,0,,4,https://funnytools.win/fr/outils/calculateur-mensualite-pret-immobilier/; https://funnytools.win/en/; http://funnytools.win/en/; https://funnytools.win/en/tools/,no,UNKNOWN,,200,,,,,,,,
https://funnytools.win/en/tools/net-salary/,en,en,tool,money,sitemap-en.xml,2026-09-03,10,200 live verified,yes,42,12,1,675,665,0.9851851851851852,,Net Salary Calculator｜Take-Home Pay Estimate - FunnyTools,net-salary,calculate|net-salary|net-salary|calculated-result|net-salary|general,MEDIUM,0,,,,KEEP,low,Crawled Not Indexed,yes,yes,no,2026-09-13T08:19:51.537Z,https://search.google.com/search-console/inspect?resource_id=sc-domain:funnytools.win&id=zffpwvLdZxSrcCjnss0mBQ&utm_medium=link&utm_source=api,NEUTRAL,Crawled - currently not indexed,ALLOWED,INDEXING_ALLOWED,2026-08-17T07:34:16Z,27,15–30 days,SUCCESSFUL,https://funnytools.win/en/tools/net-salary/,https://funnytools.win/en/tools/net-salary/,SELF_MATCH,MOBILE,0,,2,https://funnytools.win/en/; https://funnytools.win/en/tools/,no,UNKNOWN,,200,0,1,0,10,0,1,0,10
https://funnytools.win/en/tools/normalized-score-converter/,en,en,tool,statistics,sitemap-en.xml,2026-09-03,10,200 live verified,yes,41,13,1,507,497,0.980276134122288,,Normalized Score Converter｜Standard Score Tool - FunnyTools,normalized-score-converter,convert|raw-score-and-target-scale|standardized-score|normalized-score|score-standardization|general,HIGH,1,0.81,0.626,ADJACENT,KEEP,low,Crawled Not Indexed,yes,yes,no,2026-09-13T08:19:52.190Z,https://search.google.com/search-console/inspect?resource_id=sc-domain:funnytools.win&id=R-Ldy73nABRl_8GixWG4nw&utm_medium=link&utm_source=api,NEUTRAL,Crawled - currently not indexed,ALLOWED,INDEXING_ALLOWED,2026-08-16T14:05:36Z,27,15–30 days,SUCCESSFUL,https://funnytools.win/en/tools/normalized-score-converter/,https://funnytools.win/en/tools/normalized-score-converter/,SELF_MATCH,MOBILE,0,,2,https://funnytools.win/en/category/statistics/; http://funnytools.win/en/tools/normalized-score-converter/,no,UNKNOWN,,200,0,1,0,87,0,3,0,33.333333333333336
https://funnytools.win/en/tools/overtime-pay/,en,en,tool,money,sitemap-en.xml,2026-09-03,10,200 live verified,yes,42,13,1,911,901,0.9890230515916575,,Overtime Pay Calculator｜Editable Multiplier Tool - FunnyTools,overtime-pay,use|overtime-pay|overtime-pay|tool-result|overtime-pay|general,MEDIUM,0,,,,KEEP,low,Crawled Not Indexed,yes,yes,no,2026-09-13T08:19:53.822Z,https://search.google.com/search-console/inspect?resource_id=sc-domain:funnytools.win&id=cX6tUp6peZNQ226gx4lqZw&utm_medium=link&utm_source=api,NEUTRAL,Crawled - currently not indexed,ALLOWED,INDEXING_ALLOWED,2026-07-31T12:40:38Z,43,>30 days,SUCCESSFUL,https://funnytools.win/en/tools/overtime-pay/,https://funnytools.win/en/tools/overtime-pay/,SELF_MATCH,MOBILE,0,,3,https://funnytools.win/tools/overtime-pay/; https://funnytools.win/en/; https://funnytools.win/en/tools/,no,UNKNOWN,,200,,,,,0,1,0,6
https://funnytools.win/en/tools/password-generator/,en,en,tool,random,sitemap-en.xml,2026-09-03,10,200 live verified,yes,42,13,1,661,652,0.9863842662632375,,Password Generator｜Random Strong Passwords - FunnyTools,password-generator,generate|password|password|generated-result|password|general,MEDIUM,0,,,,KEEP,low,Crawled Not Indexed,yes,yes,no,2026-09-13T08:19:58.460Z,https://search.google.com/search-console/inspect?resource_id=sc-domain:funnytools.win&id=Ve8YutMI6OdkVnkktPyr2A&utm_medium=link&utm_source=api,NEUTRAL,Crawled - currently not indexed,ALLOWED,INDEXING_ALLOWED,2026-08-18T03:32:25Z,26,15–30 days,SUCCESSFUL,https://funnytools.win/en/tools/password-generator/,https://funnytools.win/en/tools/password-generator/,SELF_MATCH,MOBILE,0,,2,https://funnytools.win/en/; https://funnytools.win/en/tools/,no,UNKNOWN,,200,,,,,0,5,0,6.2
https://funnytools.win/en/tools/pdf-compressor/,en,en,tool,pdf,sitemap-en.xml,2026-09-03,10,200 live verified,yes,48,27,1,949,937,0.9873551106427819,,PDF Compressor｜Three Modes with Text and Vector - FunnyTools,pdf-compressor,compress|pdf-compressor|pdf-compressor|smaller-file|pdf-compressor|general,MEDIUM,0,,,,KEEP,low,Crawled Not Indexed,yes,yes,no,2026-09-13T08:19:59.387Z,https://search.google.com/search-console/inspect?resource_id=sc-domain:funnytools.win&id=rcv7_Lx_pooo07FuEdm6sA&utm_medium=link&utm_source=api,NEUTRAL,Crawled - currently not indexed,ALLOWED,INDEXING_ALLOWED,2026-08-17T02:44:22Z,27,15–30 days,SUCCESSFUL,https://funnytools.win/en/tools/pdf-compressor/,https://funnytools.win/en/tools/pdf-compressor/,SELF_MATCH,MOBILE,0,,2,https://funnytools.win/en/; http://funnytools.win/en/tools/pdf-compressor/,no,UNKNOWN,,200,,,,,0,7,0,6.714285714285714
https://funnytools.win/en/tools/pdf-page-reorder/,en,en,tool,pdf,sitemap-en.xml,2026-09-03,10,200 live verified,yes,46,22,1,885,873,0.9864406779661017,,PDF Page Reorder｜Rearrange PDF Pages Online Free - FunnyTools,pdf-page-reorder,reorder|pdf|pdf|reordered-document|pdf-page-editing|general,HIGH,0,,,,KEEP,low,Crawled Not Indexed,yes,yes,no,2026-09-13T08:20:01.037Z,https://search.google.com/search-console/inspect?resource_id=sc-domain:funnytools.win&id=WQ1Caex-p2umW2UCfAQgtg&utm_medium=link&utm_source=api,NEUTRAL,Crawled - currently not indexed,ALLOWED,INDEXING_ALLOWED,2026-08-18T05:19:26Z,26,15–30 days,SUCCESSFUL,https://funnytools.win/en/tools/pdf-page-reorder/,https://funnytools.win/en/tools/pdf-page-reorder/,SELF_MATCH,MOBILE,0,,2,https://funnytools.win/en/; http://funnytools.win/en/tools/pdf-page-reorder/,no,UNKNOWN,,200,,,,,0,3,0,9.333333333333334
https://funnytools.win/en/tools/pdf-table-to-excel/,en,en,tool,pdf,sitemap-en.xml,2026-09-03,10,200 live verified,yes,42,7,1,837,824,0.984468339307049,,"PDF Table to Excel｜Preview, Edit, and Export XLSX - FunnyTools",pdf-table-to-excel,convert|pdf-table|excel|spreadsheet-data|table-extraction|general,HIGH,0,,,,KEEP,low,Unknown,no,unknown,unknown,2026-09-13T08:20:05.415Z,https://search.google.com/search-console/inspect?resource_id=sc-domain:funnytools.win&id=LG2zb9LI-aNTQ8cb5XWIsQ&utm_medium=link&utm_source=api,NEUTRAL,URL is unknown to Google,ROBOTS_TXT_STATE_UNSPECIFIED,INDEXING_STATE_UNSPECIFIED,,0,never crawled,PAGE_FETCH_STATE_UNSPECIFIED,,,GOOGLE_CANONICAL_ABSENT,,0,,0,,no,UNKNOWN,,200,,,,,,,,
https://funnytools.win/en/tools/pdf-to-image/,en,en,tool,pdf,sitemap-en.xml,2026-09-03,10,200 live verified,yes,46,23,1,928,914,0.9849137931034483,,PDF to Image Converter｜Export Pages as PNG or JPG - FunnyTools,pdf-to-image,convert|pdf|image|image-files|pdf-rendering|general,HIGH,0,,,,KEEP,low,Unknown,no,unknown,unknown,2026-09-13T08:20:06.588Z,https://search.google.com/search-console/inspect?resource_id=sc-domain:funnytools.win&id=8nIHj9SMfXUSJhfLV8vdJQ&utm_medium=link&utm_source=api,NEUTRAL,URL is unknown to Google,ROBOTS_TXT_STATE_UNSPECIFIED,INDEXING_STATE_UNSPECIFIED,,0,never crawled,PAGE_FETCH_STATE_UNSPECIFIED,,,GOOGLE_CANONICAL_ABSENT,,0,,0,,no,UNKNOWN,,200,,,,,,,,
https://funnytools.win/en/tools/pdf-to-word/,en,en,tool,pdf,sitemap-en.xml,2026-09-03,10,200 live verified,yes,44,12,1,914,902,0.986870897155361,,PDF to Editable Word｜DOCX and OCR Converter - FunnyTools,pdf-to-word,convert|pdf|word|word-document|document-conversion|general,HIGH,0,,,,KEEP,low,Unknown,no,unknown,unknown,2026-09-13T08:20:08.239Z,https://search.google.com/search-console/inspect?resource_id=sc-domain:funnytools.win&id=GSyQTf059zWUrddTjRpQ9w&utm_medium=link&utm_source=api,NEUTRAL,URL is unknown to Google,ROBOTS_TXT_STATE_UNSPECIFIED,INDEXING_STATE_UNSPECIFIED,,0,never crawled,PAGE_FETCH_STATE_UNSPECIFIED,,,GOOGLE_CANONICAL_ABSENT,,0,,0,,no,UNKNOWN,,200,,,,,,,,
https://funnytools.win/en/tools/percentage-calculator/,en,en,tool,statistics,sitemap-en.xml,2026-09-03,10,200 live verified,yes,43,11,1,511,502,0.9823874755381604,,"Percentage Calculator｜Discounts, Ratios & Change - FunnyTools",percentage-calculator,calculate|percentage|percentage|calculated-result|percentage|general,MEDIUM,0,,,,KEEP,low,Crawled Not Indexed,yes,yes,no,2026-09-13T08:20:12.556Z,https://search.google.com/search-console/inspect?resource_id=sc-domain:funnytools.win&id=5zd59CSdnRx8VFUGdiiOSQ&utm_medium=link&utm_source=api,NEUTRAL,Crawled - currently not indexed,ALLOWED,INDEXING_ALLOWED,2026-08-10T03:14:36Z,34,>30 days,SUCCESSFUL,https://funnytools.win/en/tools/percentage-calculator/,https://funnytools.win/en/tools/percentage-calculator/,SELF_MATCH,MOBILE,0,,2,https://funnytools.win/en/category/statistics/; http://funnytools.win/en/tools/percentage-calculator/,no,UNKNOWN,,200,0,1,0,1,0,2,0,2.5
https://funnytools.win/en/tools/percentile-rank-calculator/,en,en,tool,statistics,sitemap-en.xml,2026-09-03,10,200 live verified,yes,44,21,1,588,578,0.9829931972789115,,Percentile Rank Calc｜Formula & Education Guide - FunnyTools,percentile-rank-calculator,calculate|score-and-distribution|rank|percentile-rank|rank-calculation|general,HIGH,1,0.828,0.599,ADJACENT,KEEP,low,Crawled Not Indexed,yes,yes,no,2026-09-13T08:20:13.978Z,https://search.google.com/search-console/inspect?resource_id=sc-domain:funnytools.win&id=CGfvG2D97UNFkfw_v2CbpQ&utm_medium=link&utm_source=api,NEUTRAL,Crawled - currently not indexed,ALLOWED,INDEXING_ALLOWED,2026-08-09T16:58:09Z,34,>30 days,SUCCESSFUL,https://funnytools.win/en/tools/percentile-rank-calculator/,https://funnytools.win/en/tools/percentile-rank-calculator/,SELF_MATCH,MOBILE,0,,4,https://funnytools.win/en/category/statistics/; https://funnytools.win/tools/percentile-rank-calculator/; https://funnytools.win/en/; http://funnytools.win/en/tools/percentile-rank-calculator/,no,UNKNOWN,,200,0,1,0,7,0,2,0,5.5
https://funnytools.win/en/tools/pie-chart-maker/,en,en,tool,draw,sitemap-en.xml,2026-09-03,10,200 live verified,yes,43,13,1,1070,1058,0.9887850467289719,,Pie Chart Maker｜Free Online Pie Chart Generator - FunnyTools,pie-chart-maker,create|pie-chart|pie-chart|created-artifact|pie-chart|general,MEDIUM,0,,,,KEEP,low,Crawled Not Indexed,yes,yes,no,2026-09-13T08:20:15.191Z,https://search.google.com/search-console/inspect?resource_id=sc-domain:funnytools.win&id=WAegVIMfHayJAxSNDIZENA&utm_medium=link&utm_source=api,NEUTRAL,Crawled - currently not indexed,ALLOWED,INDEXING_ALLOWED,2026-08-22T02:36:59Z,22,15–30 days,SUCCESSFUL,https://funnytools.win/en/tools/pie-chart-maker/,https://funnytools.win/en/tools/pie-chart-maker/,SELF_MATCH,MOBILE,0,,3,https://funnytools.win/tools/pie-chart-maker/; https://funnytools.win/en/; http://funnytools.win/en/tools/pie-chart-maker/,no,UNKNOWN,,200,,,,,,,,
https://funnytools.win/en/tools/png-to-jpg/,en,en,tool,image,sitemap-en.xml,2026-09-03,10,200 live verified,yes,44,23,1,878,868,0.9886104783599089,,PNG to JPG｜Convert Transparent Images - FunnyTools,png-to-jpg,convert|png|jpg|jpg-file|image-format-conversion|general,HIGH,3,0.885,0.841,DIFFERENT,KEEP,high,Crawled Not Indexed,yes,yes,no,2026-09-13T08:20:19.955Z,https://search.google.com/search-console/inspect?resource_id=sc-domain:funnytools.win&id=JoruiontN3WKTqXOHLu-MA&utm_medium=link&utm_source=api,NEUTRAL,Crawled - currently not indexed,ALLOWED,INDEXING_ALLOWED,2026-07-30T07:49:21Z,45,>30 days,SUCCESSFUL,https://funnytools.win/en/tools/png-to-jpg/,https://funnytools.win/en/tools/png-to-jpg/,SELF_MATCH,MOBILE,0,,2,https://funnytools.win/en/; https://funnytools.win/tools/png-to-jpg/,no,UNKNOWN,,200,,,,,0,2,0,8
https://funnytools.win/en/tools/pomodoro-timer/,en,en,tool,time,sitemap-en.xml,2026-09-03,10,200 live verified,yes,43,14,1,798,786,0.9849624060150376,,Pomodoro Timer Online｜Free Focus Timer with Breaks - FunnyTools,pomodoro-timer,use|pomodoro-timer|pomodoro-timer|tool-result|pomodoro-timer|general,MEDIUM,0,,,,KEEP,low,Unknown,no,unknown,unknown,2026-09-13T08:20:20.916Z,https://search.google.com/search-console/inspect?resource_id=sc-domain:funnytools.win&id=u_OLkx9Q5N3aMXfOa_3yLA&utm_medium=link&utm_source=api,NEUTRAL,URL is unknown to Google,ROBOTS_TXT_STATE_UNSPECIFIED,INDEXING_STATE_UNSPECIFIED,,0,never crawled,PAGE_FETCH_STATE_UNSPECIFIED,,,GOOGLE_CANONICAL_ABSENT,,0,,0,,no,UNKNOWN,,200,,,,,,,,
https://funnytools.win/en/tools/qr-code-generator/,en,en,tool,image,sitemap-en.xml,2026-09-03,10,200 live verified,yes,49,41,1,1043,1029,0.9865771812080537,,QR Code Generator Online Free｜Create QR PNG for URLs - FunnyTools,qr-code-generator,generate|qr-code|qr-code|generated-result|qr-code|general,MEDIUM,0,,,,KEEP,low,Unknown,no,unknown,unknown,2026-09-13T08:20:22.503Z,https://search.google.com/search-console/inspect?resource_id=sc-domain:funnytools.win&id=p-9TlTdKzzLRIVo1uoXBtQ&utm_medium=link&utm_source=api,NEUTRAL,URL is unknown to Google,ROBOTS_TXT_STATE_UNSPECIFIED,INDEXING_STATE_UNSPECIFIED,,0,never crawled,PAGE_FETCH_STATE_UNSPECIFIED,,,GOOGLE_CANONICAL_ABSENT,,0,,0,,no,UNKNOWN,,200,,,,,,,,
https://funnytools.win/en/tools/random-group-generator/,en,en,tool,random,sitemap-en.xml,2026-09-03,10,200 live verified,yes,47,32,1,822,811,0.98661800486618,,Random Group Generator｜Free Balanced Team Splitter - FunnyTools,random-group-generator,generate|random-group|random-group|generated-result|random-group|general,MEDIUM,1,0.82,0.593,DIFFERENT,IMPROVE,low,Unknown,no,unknown,unknown,2026-09-13T08:20:26.959Z,https://search.google.com/search-console/inspect?resource_id=sc-domain:funnytools.win&id=SfaXVqUHFNET7uWunay6TA&utm_medium=link&utm_source=api,NEUTRAL,URL is unknown to Google,ROBOTS_TXT_STATE_UNSPECIFIED,INDEXING_STATE_UNSPECIFIED,,0,never crawled,PAGE_FETCH_STATE_UNSPECIFIED,,,GOOGLE_CANONICAL_ABSENT,,0,,0,,no,UNKNOWN,,200,,,,,,,,
https://funnytools.win/en/tools/random-name-picker/,en,en,tool,random,sitemap-en.xml,2026-09-03,10,200 live verified,yes,46,22,1,845,834,0.98698224852071,,Random Name Picker｜Free online list picker - FunnyTools,random-name-picker,select|random-name-picker|random-name-picker|selected-result|random-name-picker|general,MEDIUM,0,,,,KEEP,low,Crawled Not Indexed,yes,yes,no,2026-09-13T08:20:28.061Z,https://search.google.com/search-console/inspect?resource_id=sc-domain:funnytools.win&id=hYrzCE7Trit2vfQ-K43tgA&utm_medium=link&utm_source=api,NEUTRAL,Crawled - currently not indexed,ALLOWED,INDEXING_ALLOWED,2026-08-22T01:03:54Z,22,15–30 days,SUCCESSFUL,https://funnytools.win/en/tools/random-name-picker/,https://funnytools.win/en/tools/random-name-picker/,SELF_MATCH,MOBILE,0,,3,https://funnytools.win/en/; https://funnytools.win/tools/random-name-picker/; https://funnytools.win/en/tools/,no,UNKNOWN,,200,,,,,0,6,0,3.8333333333333335
https://funnytools.win/en/tools/random-number-picker/,en,en,tool,random,sitemap-en.xml,2026-09-03,10,200 live verified,yes,42,23,1,749,738,0.9853137516688919,,Random Number Picker｜Free online integer generator - FunnyTools,random-number-picker,select|random-number-picker|random-number-picker|selected-result|random-number-picker|general,MEDIUM,0,,,,KEEP,low,Crawled Not Indexed,yes,yes,no,2026-09-13T08:20:29.666Z,https://search.google.com/search-console/inspect?resource_id=sc-domain:funnytools.win&id=7wx2Nnnh8iQ1C_kaByOfpQ&utm_medium=link&utm_source=api,NEUTRAL,Crawled - currently not indexed,ALLOWED,INDEXING_ALLOWED,2026-08-01T01:53:16Z,43,>30 days,SUCCESSFUL,https://funnytools.win/en/tools/random-number-picker/,https://funnytools.win/en/tools/random-number-picker/,SELF_MATCH,MOBILE,0,,2,https://funnytools.win/en/; https://funnytools.win/tools/random-number-picker/,no,UNKNOWN,,200,,,,,0,7,0,11.714285714285714
https://funnytools.win/en/tools/random-student-picker/,en,en,tool,study,sitemap-en.xml,2026-09-03,10,200 live verified,yes,47,26,1,879,868,0.987485779294653,,Random Student Picker｜Free classroom name picker - FunnyTools,random-student-picker,select|random-student-picker|random-student-picker|selected-result|random-student-picker|general,MEDIUM,0,,,,KEEP,low,Unknown,no,unknown,unknown,2026-09-13T08:20:34.130Z,https://search.google.com/search-console/inspect?resource_id=sc-domain:funnytools.win&id=SzjDBEcj3onAfJlOd86GPw&utm_medium=link&utm_source=api,NEUTRAL,URL is unknown to Google,ROBOTS_TXT_STATE_UNSPECIFIED,INDEXING_STATE_UNSPECIFIED,,0,never crawled,PAGE_FETCH_STATE_UNSPECIFIED,,,GOOGLE_CANONICAL_ABSENT,,0,,0,,no,UNKNOWN,,200,,,,,,,,
https://funnytools.win/en/tools/random-wheel/,en,en,tool,random,sitemap-en.xml,2026-09-03,10,200 live verified,yes,45,19,1,775,764,0.9858064516129033,,Random Wheel Picker｜Free online spinning wheel - FunnyTools,random-wheel,select|random-wheel|random-wheel|selected-result|random-wheel|general,MEDIUM,0,,,,KEEP,low,Crawled Not Indexed,yes,yes,no,2026-09-13T08:20:35.236Z,https://search.google.com/search-console/inspect?resource_id=sc-domain:funnytools.win&id=Z8-IcUCZ4faVsShmrXXkdg&utm_medium=link&utm_source=api,NEUTRAL,Crawled - currently not indexed,ALLOWED,INDEXING_ALLOWED,2026-08-09T20:43:09Z,34,>30 days,SUCCESSFUL,https://funnytools.win/en/tools/random-wheel/,https://funnytools.win/en/tools/random-wheel/,SELF_MATCH,MOBILE,0,,3,https://funnytools.win/en/; https://funnytools.win/tools/random-wheel/; https://funnytools.win/en/tools/,no,UNKNOWN,,200,0,1,0,63,0,8,0,12.125
https://funnytools.win/en/tools/remove-duplicate-lines/,en,en,tool,text,sitemap-en.xml,2026-09-03,10,200 live verified,yes,42,12,1,535,524,0.9794392523364486,,Remove Duplicate Lines｜Free unique list cleaner - FunnyTools,remove-duplicate-lines,remove|remove-duplicate-lines|remove-duplicate-lines|cleaned-output|remove-duplicate-lines|general,MEDIUM,0,,,,KEEP,low,Crawled Not Indexed,yes,yes,no,2026-09-13T08:20:36.728Z,https://search.google.com/search-console/inspect?resource_id=sc-domain:funnytools.win&id=RCoqeGUgE2XvL4XdWJA_sg&utm_medium=link&utm_source=api,NEUTRAL,Crawled - currently not indexed,ALLOWED,INDEXING_ALLOWED,2026-08-18T22:00:49Z,25,15–30 days,SUCCESSFUL,https://funnytools.win/en/tools/remove-duplicate-lines/,https://funnytools.win/en/tools/remove-duplicate-lines/,SELF_MATCH,MOBILE,0,,2,https://funnytools.win/en/; https://funnytools.win/en/tools/,no,UNKNOWN,,200,,,,,0,1,0,8
https://funnytools.win/en/tools/remove-empty-lines/,en,en,tool,text,sitemap-en.xml,2026-09-03,10,200 live verified,yes,42,13,1,645,634,0.9829457364341085,,Remove Empty Lines｜Free text cleanup tool - FunnyTools,remove-empty-lines,remove|remove-empty-lines|remove-empty-lines|cleaned-output|remove-empty-lines|general,MEDIUM,0,,,,KEEP,low,Crawled Not Indexed,yes,yes,no,2026-09-13T08:20:41.332Z,https://search.google.com/search-console/inspect?resource_id=sc-domain:funnytools.win&id=yFL5xH3yZlC2Thrp7Utbyg&utm_medium=link&utm_source=api,NEUTRAL,Crawled - currently not indexed,ALLOWED,INDEXING_ALLOWED,2026-08-21T10:57:53Z,22,15–30 days,SUCCESSFUL,https://funnytools.win/en/tools/remove-empty-lines/,https://funnytools.win/en/tools/remove-empty-lines/,SELF_MATCH,MOBILE,0,,3,https://funnytools.win/en/; https://funnytools.win/tools/remove-empty-lines/; https://funnytools.win/en/tools/,no,UNKNOWN,,200,,,,,0,1,0,5
https://funnytools.win/en/tools/rotate-pdf/,en,en,tool,pdf,sitemap-en.xml,2026-09-03,10,200 live verified,yes,43,11,1,1039,1028,0.9894128970163619,,Rotate PDF｜Free online PDF page rotator - FunnyTools,rotate-pdf,transform|rotate-pdf|rotate-pdf|transformed-output|rotate-pdf|general,MEDIUM,0,,,,KEEP,low,Unknown,no,unknown,unknown,2026-09-13T08:20:42.581Z,https://search.google.com/search-console/inspect?resource_id=sc-domain:funnytools.win&id=mYyCUKlh2kq8BQ1uEcHo4w&utm_medium=link&utm_source=api,NEUTRAL,URL is unknown to Google,ROBOTS_TXT_STATE_UNSPECIFIED,INDEXING_STATE_UNSPECIFIED,,0,never crawled,PAGE_FETCH_STATE_UNSPECIFIED,,,GOOGLE_CANONICAL_ABSENT,,0,,0,,no,UNKNOWN,,200,,,,,,,,
https://funnytools.win/en/tools/savings-goal/,en,en,tool,money,sitemap-en.xml,2026-09-03,10,200 live verified,yes,42,13,1,817,805,0.98531211750306,,Savings Goal Calculator｜How Much to Save Monthly - FunnyTools,savings-goal,use|savings-goal|savings-goal|tool-result|savings-goal|general,MEDIUM,0,,,,KEEP,low,Crawled Not Indexed,yes,yes,no,2026-09-13T08:20:43.979Z,https://search.google.com/search-console/inspect?resource_id=sc-domain:funnytools.win&id=rE1-phKpINsEhQkm-xqckQ&utm_medium=link&utm_source=api,NEUTRAL,Crawled - currently not indexed,ALLOWED,INDEXING_ALLOWED,2026-08-03T14:43:23Z,40,>30 days,SUCCESSFUL,https://funnytools.win/en/tools/savings-goal/,https://funnytools.win/en/tools/savings-goal/,SELF_MATCH,MOBILE,0,,2,https://funnytools.win/en/; https://funnytools.win/en/tools/,no,UNKNOWN,,200,,,,,0,15,0,49.733333333333334
https://funnytools.win/en/tools/seating-chart/,en,en,tool,study,sitemap-en.xml,2026-09-03,10,200 live verified,yes,47,19,1,1043,1032,0.9894534995206136,,Seating Chart Generator｜Free Classroom Seat Planner - FunnyTools,seating-chart,use|seating-chart|seating-chart|tool-result|seating-chart|general,MEDIUM,0,,,,KEEP,low,Crawled Not Indexed,yes,yes,no,2026-09-13T08:20:51.551Z,https://search.google.com/search-console/inspect?resource_id=sc-domain:funnytools.win&id=jNYeykowS3eL87Qdk4RHRA&utm_medium=link&utm_source=api,NEUTRAL,Crawled - currently not indexed,ALLOWED,INDEXING_ALLOWED,2026-08-23T16:44:46Z,20,15–30 days,SUCCESSFUL,https://funnytools.win/en/tools/seating-chart/,https://funnytools.win/en/tools/seating-chart/,SELF_MATCH,MOBILE,0,,3,https://funnytools.win/es/herramientas/crear-plano-asientos-aula/; https://funnytools.win/en/; https://funnytools.win/en/tools/,no,UNKNOWN,,200,,,,,,,,
https://funnytools.win/en/tools/sketchpad/,en,en,tool,draw,sitemap-en.xml,2026-09-03,10,200 live verified,yes,43,13,1,945,934,0.9883597883597883,,Online Sketchpad｜Drawing Canvas with PNG Export - FunnyTools,sketchpad,create|sketchpad|sketchpad|created-artifact|sketchpad|general,MEDIUM,0,,,,KEEP,low,Crawled Not Indexed,yes,yes,no,2026-09-13T08:20:49.794Z,https://search.google.com/search-console/inspect?resource_id=sc-domain:funnytools.win&id=_tzcEKeCSnvVrzFhB8LRjw&utm_medium=link&utm_source=api,NEUTRAL,Crawled - currently not indexed,ALLOWED,INDEXING_ALLOWED,2026-07-18T18:47:00Z,56,>30 days,SUCCESSFUL,https://funnytools.win/en/tools/sketchpad/,https://funnytools.win/en/tools/sketchpad/,SELF_MATCH,MOBILE,0,,3,https://funnytools.win/fr/outils/tableau-blanc-dessin-en-ligne/; https://funnytools.win/en/; https://funnytools.win/en/tools/,no,UNKNOWN,,200,0,3,0,75.33333333333333,0,8,0,39.375
https://funnytools.win/en/tools/sort-lines/,en,en,tool,text,sitemap-en.xml,2026-09-03,10,200 live verified,yes,42,15,1,534,524,0.9812734082397003,,Sort Lines｜Free multiline text sorter - FunnyTools,sort-lines,sort|sort-lines|sort-lines|sorted-output|sort-lines|general,MEDIUM,0,,,,KEEP,low,Crawled Not Indexed,yes,yes,no,2026-09-13T08:20:50.917Z,https://search.google.com/search-console/inspect?resource_id=sc-domain:funnytools.win&id=yibrzuGCP73eFlmvKsxn0A&utm_medium=link&utm_source=api,NEUTRAL,Crawled - currently not indexed,ALLOWED,INDEXING_ALLOWED,2026-07-31T14:56:14Z,43,>30 days,SUCCESSFUL,https://funnytools.win/en/tools/sort-lines/,https://funnytools.win/en/tools/sort-lines/,SELF_MATCH,MOBILE,0,,3,https://funnytools.win/en/; https://funnytools.win/tools/sort-lines/; https://funnytools.win/en/tools/,no,UNKNOWN,,200,,,,,0,2,0,6.5
https://funnytools.win/en/tools/split-pdf/,en,en,tool,pdf,sitemap-en.xml,2026-09-03,10,200 live verified,yes,48,25,1,1605,1593,0.9925233644859813,,Split PDF Online Free｜Extract Pages and Custom - FunnyTools,split-pdf,split|pdf|pdf-files|separate-documents|pdf-document-assembly|general,HIGH,0,,,,KEEP,low,Crawled Not Indexed,yes,yes,no,2026-09-13T08:20:56.750Z,https://search.google.com/search-console/inspect?resource_id=sc-domain:funnytools.win&id=sOFnZSCaFMtP4aXTnM7SYQ&utm_medium=link&utm_source=api,NEUTRAL,Crawled - currently not indexed,ALLOWED,INDEXING_ALLOWED,2026-08-18T02:22:46Z,26,15–30 days,SUCCESSFUL,https://funnytools.win/en/tools/split-pdf/,https://funnytools.win/en/tools/split-pdf/,SELF_MATCH,MOBILE,0,,2,https://funnytools.win/tools/split-pdf/; https://funnytools.win/en/,no,UNKNOWN,,200,,,,,,,,
https://funnytools.win/en/tools/spss-result-interpreter/,en,en,tool,statistics,sitemap-en.xml,2026-09-03,10,200 live verified,yes,46,13,1,705,693,0.9829787234042553,,SPSS Result Interpretation Helper｜t Test and ANOVA - FunnyTools,spss-result-interpreter,interpret|spss-result-interpreter|spss-result-interpreter|interpreted-result|spss-result-interpreter|general,MEDIUM,1,0.824,0.367,ADJACENT,KEEP,low,Unknown,no,unknown,unknown,2026-09-13T08:20:57.890Z,https://search.google.com/search-console/inspect?resource_id=sc-domain:funnytools.win&id=xY3-PTmhySJ3K6KKY-9YYQ&utm_medium=link&utm_source=api,NEUTRAL,URL is unknown to Google,ROBOTS_TXT_STATE_UNSPECIFIED,INDEXING_STATE_UNSPECIFIED,,0,never crawled,PAGE_FETCH_STATE_UNSPECIFIED,,,GOOGLE_CANONICAL_ABSENT,,0,,0,,no,UNKNOWN,,200,,,,,,,,
https://funnytools.win/en/tools/standard-deviation/,en,en,tool,statistics,sitemap-en.xml,2026-09-03,10,200 live verified,yes,45,21,1,869,859,0.9884925201380897,,Standard Deviation Calculator｜Mean and Variance - FunnyTools,standard-deviation,calculate|raw-scores|summary-statistics|mean-variance-standard-deviation|descriptive-statistics|general,HIGH,1,0.845,0.674,ADJACENT,KEEP,low,Crawled Not Indexed,yes,yes,no,2026-09-13T08:20:58.489Z,https://search.google.com/search-console/inspect?resource_id=sc-domain:funnytools.win&id=UCYfS9yjiUdbw_rjdMmgjw&utm_medium=link&utm_source=api,NEUTRAL,Crawled - currently not indexed,ALLOWED,INDEXING_ALLOWED,2026-08-06T15:49:20Z,37,>30 days,SUCCESSFUL,https://funnytools.win/en/tools/standard-deviation/,https://funnytools.win/en/tools/standard-deviation/,SELF_MATCH,MOBILE,0,,4,https://funnytools.win/fr/outils/calculateur-ecart-type/; https://funnytools.win/en/category/statistics/; https://funnytools.win/tools/standard-deviation/; https://funnytools.win/en/tools/bar-chart-maker/,no,UNKNOWN,,200,,,,,,,,
https://funnytools.win/en/tools/stopwatch/,en,en,tool,time,sitemap-en.xml,2026-09-03,10,200 live verified,yes,42,13,1,615,605,0.983739837398374,,Stopwatch｜Free online timer with laps - FunnyTools,stopwatch,use|stopwatch|stopwatch|tool-result|stopwatch|general,MEDIUM,0,,,,KEEP,low,Unknown,no,unknown,unknown,2026-09-13T08:21:03.970Z,https://search.google.com/search-console/inspect?resource_id=sc-domain:funnytools.win&id=Do9PE9cgPt5OuwBnagUpBQ&utm_medium=link&utm_source=api,NEUTRAL,URL is unknown to Google,ROBOTS_TXT_STATE_UNSPECIFIED,INDEXING_STATE_UNSPECIFIED,,0,never crawled,PAGE_FETCH_STATE_UNSPECIFIED,,,GOOGLE_CANONICAL_ABSENT,,0,,0,,no,UNKNOWN,,200,,,,,,,,
https://funnytools.win/en/tools/t-score-calculator/,en,en,tool,statistics,sitemap-en.xml,2026-09-03,10,200 live verified,yes,48,24,1,1150,1138,0.9895652173913043,,T Score Calculator｜Convert Z Scores for Education - FunnyTools,t-score-calculator,calculate|z-score|standardized-score|t-score|score-standardization|general,HIGH,4,0.87,0.815,ADJACENT; COMPLEMENTARY,KEEP,high,Crawled Not Indexed,yes,yes,no,2026-09-13T08:21:05.118Z,https://search.google.com/search-console/inspect?resource_id=sc-domain:funnytools.win&id=5j-YPmkvOQiMXrwrIHuioQ&utm_medium=link&utm_source=api,NEUTRAL,Crawled - currently not indexed,ALLOWED,INDEXING_ALLOWED,2026-08-19T18:35:58Z,24,15–30 days,SUCCESSFUL,https://funnytools.win/en/tools/t-score-calculator/,https://funnytools.win/en/tools/t-score-calculator/,SELF_MATCH,MOBILE,0,,4,https://funnytools.win/en/category/statistics/; https://funnytools.win/fr/outils/calculateur-score-t/; https://funnytools.win/tools/t-score-calculator/; http://funnytools.win/en/tools/t-score-calculator/,no,UNKNOWN,,200,0,2,0,50.5,0,4,0,30.75
https://funnytools.win/en/tools/teacher-exam-score-converter/,en,en,tool,statistics,sitemap-en.xml,2026-09-03,10,200 live verified,yes,44,14,1,1033,1022,0.989351403678606,,Free Teacher Exam Score Calculator｜Weighted Total - FunnyTools,teacher-exam-score-converter,calculate|teacher-exam-score-converter|teacher-exam-score-converter|calculated-result|teacher-exam-score-converter|general,MEDIUM,1,0.83,0.7,ADJACENT,KEEP,low,Crawled Not Indexed,yes,yes,no,2026-09-13T08:21:05.680Z,https://search.google.com/search-console/inspect?resource_id=sc-domain:funnytools.win&id=-KpeQJGAdrsPC6LWACjIYg&utm_medium=link&utm_source=api,NEUTRAL,Crawled - currently not indexed,ALLOWED,INDEXING_ALLOWED,2026-08-13T17:06:13Z,30,15–30 days,SUCCESSFUL,https://funnytools.win/en/tools/teacher-exam-score-converter/,https://funnytools.win/en/tools/teacher-exam-score-converter/,SELF_MATCH,MOBILE,0,,4,https://funnytools.win/en/category/statistics/; https://funnytools.win/es/herramientas/calculadora-nota-oposicion-docente/; http://funnytools.win/tools/teacher-exam-score-converter/; http://funnytools.win/en/tools/teacher-exam-score-converter/,no,UNKNOWN,,200,0,3,0,50.333333333333336,0,8,0,22.75
https://funnytools.win/en/tools/this-or-that/,en,en,tool,random,sitemap-en.xml,2026-09-03,10,200 live verified,yes,43,12,1,664,651,0.9804216867469879,,50/50 Decision Maker｜Free This or That Picker - FunnyTools,this-or-that,use|this-or-that|this-or-that|tool-result|this-or-that|general,MEDIUM,0,,,,KEEP,low,Crawled Not Indexed,yes,yes,no,2026-09-13T08:21:11.186Z,https://search.google.com/search-console/inspect?resource_id=sc-domain:funnytools.win&id=jlq4kOJgIkzrultvQ8OfBg&utm_medium=link&utm_source=api,NEUTRAL,Crawled - currently not indexed,ALLOWED,INDEXING_ALLOWED,2026-08-18T22:17:36Z,25,15–30 days,SUCCESSFUL,https://funnytools.win/en/tools/this-or-that/,https://funnytools.win/en/tools/this-or-that/,SELF_MATCH,MOBILE,0,,3,https://funnytools.win/en/; https://funnytools.win/tools/this-or-that/; https://funnytools.win/en/tools/,no,UNKNOWN,,200,,,,,1,32,0.03125,16.34375
https://funnytools.win/en/tools/timestamp-converter/,en,en,tool,time,sitemap-en.xml,2026-09-03,10,200 live verified,yes,42,10,1,768,756,0.984375,,"Unix Timestamp Converter｜Epoch to Date, UTC & ISO - FunnyTools",timestamp-converter,use|timestamp-converter|timestamp-converter|tool-result|timestamp-converter|general,MEDIUM,0,,,,KEEP,low,Crawled Not Indexed,yes,yes,no,2026-09-13T08:21:12.698Z,https://search.google.com/search-console/inspect?resource_id=sc-domain:funnytools.win&id=3z3gsoE-X46JVXY1CxURXA&utm_medium=link&utm_source=api,NEUTRAL,Crawled - currently not indexed,ALLOWED,INDEXING_ALLOWED,2026-08-17T14:30:20Z,26,15–30 days,SUCCESSFUL,https://funnytools.win/en/tools/timestamp-converter/,https://funnytools.win/en/tools/timestamp-converter/,SELF_MATCH,MOBILE,0,,2,https://funnytools.win/en/; https://funnytools.win/tools/timestamp-converter/,no,UNKNOWN,,200,,,,,,,,
https://funnytools.win/en/tools/url-encoder/,en,en,tool,text,sitemap-en.xml,2026-09-03,10,200 live verified,yes,46,21,1,654,644,0.9847094801223242,,URL Encoder / Decoder｜Free percent-encoding tool - FunnyTools,url-encoder,use|url-encoder|url-encoder|tool-result|url-encoder|general,MEDIUM,0,,,,KEEP,low,Crawled Not Indexed,yes,yes,no,2026-09-13T08:21:12.600Z,https://search.google.com/search-console/inspect?resource_id=sc-domain:funnytools.win&id=-6vvqf4bIMXNClvdRXsEnw&utm_medium=link&utm_source=api,NEUTRAL,Crawled - currently not indexed,ALLOWED,INDEXING_ALLOWED,2026-08-13T19:08:39Z,30,15–30 days,SUCCESSFUL,https://funnytools.win/en/tools/url-encoder/,https://funnytools.win/en/tools/url-encoder/,SELF_MATCH,MOBILE,0,,3,https://funnytools.win/en/; https://funnytools.win/tools/url-encoder/; https://funnytools.win/en/tools/,no,UNKNOWN,,200,,,,,0,3,0,7
https://funnytools.win/en/tools/uuid-generator/,en,en,tool,random,sitemap-en.xml,2026-09-03,10,200 live verified,yes,42,9,1,769,757,0.9843953185955787,,UUID Generator｜Bulk UUID v4 with Copy & Download - FunnyTools,uuid-generator,generate|uuid|uuid|generated-result|uuid|general,MEDIUM,0,,,,KEEP,low,Crawled Not Indexed,yes,yes,no,2026-09-13T08:21:18.607Z,https://search.google.com/search-console/inspect?resource_id=sc-domain:funnytools.win&id=nDlFtgo15X-nUk_zAkNegw&utm_medium=link&utm_source=api,NEUTRAL,Crawled - currently not indexed,ALLOWED,INDEXING_ALLOWED,2026-09-07T02:36:47Z,6,<7 days,SUCCESSFUL,https://funnytools.win/en/tools/uuid-generator/,https://funnytools.win/en/tools/uuid-generator/,SELF_MATCH,MOBILE,0,,3,https://funnytools.win/tools/uuid-generator/; https://funnytools.win/en/; http://funnytools.win/en/tools/uuid-generator/,no,UNKNOWN,,200,,,,,,,,
https://funnytools.win/en/tools/webp-to-jpg/,en,en,tool,image,sitemap-en.xml,2026-09-03,10,200 live verified,yes,42,10,1,722,712,0.9861495844875346,,WebP to JPG｜Compatible Image Conversion - FunnyTools,webp-to-jpg,convert|webp|jpg|jpg-file|image-format-conversion|general,HIGH,3,0.898,0.839,DIFFERENT,KEEP,high,Crawled Not Indexed,yes,yes,no,2026-09-13T08:21:19.529Z,https://search.google.com/search-console/inspect?resource_id=sc-domain:funnytools.win&id=2KZahfPXkoamxlNoN9BtBA&utm_medium=link&utm_source=api,NEUTRAL,Crawled - currently not indexed,ALLOWED,INDEXING_ALLOWED,2026-08-14T05:56:13Z,30,15–30 days,SUCCESSFUL,https://funnytools.win/en/tools/webp-to-jpg/,https://funnytools.win/en/tools/webp-to-jpg/,SELF_MATCH,MOBILE,0,,3,https://funnytools.win/en/; https://funnytools.win/tools/webp-to-jpg/; https://funnytools.win/en/tools/jpg-to-webp/,no,UNKNOWN,,200,,,,,0,1,0,7
https://funnytools.win/en/tools/weighted-average-calculator/,en,en,tool,statistics,sitemap-en.xml,2026-09-03,10,200 live verified,yes,45,18,1,950,940,0.9894736842105263,,Weighted Average Calculator｜Scores and Weights - FunnyTools,weighted-average-calculator,calculate|values-and-weights|weighted-result|weighted-average|weighted-calculation|general,HIGH,1,0.83,0.7,ADJACENT,KEEP,low,Crawled Not Indexed,yes,yes,no,2026-09-13T08:21:20.354Z,https://search.google.com/search-console/inspect?resource_id=sc-domain:funnytools.win&id=fU_cCEuCsRCciFjzOdirHw&utm_medium=link&utm_source=api,NEUTRAL,Crawled - currently not indexed,ALLOWED,INDEXING_ALLOWED,2026-08-17T06:07:54Z,27,15–30 days,SUCCESSFUL,https://funnytools.win/en/tools/weighted-average-calculator/,https://funnytools.win/en/tools/weighted-average-calculator/,SELF_MATCH,MOBILE,0,,3,https://funnytools.win/en/category/statistics/; http://funnytools.win/tools/weighted-average-calculator/; http://funnytools.win/en/tools/weighted-average-calculator/,no,UNKNOWN,,200,0,1,0,5,0,1,0,5
https://funnytools.win/en/tools/what-to-eat/,en,en,tool,random,sitemap-en.xml,2026-09-03,10,200 live verified,yes,43,11,1,684,672,0.9824561403508771,,What Should I Eat｜Free random meal picker - FunnyTools,what-to-eat,convert|what|eat|eat-output|directional-conversion|general,MEDIUM,0,,,,KEEP,low,Crawled Not Indexed,yes,yes,no,2026-09-13T08:21:25.569Z,https://search.google.com/search-console/inspect?resource_id=sc-domain:funnytools.win&id=vBQOHTiCllGGsRtq8hhuaA&utm_medium=link&utm_source=api,NEUTRAL,Crawled - currently not indexed,ALLOWED,INDEXING_ALLOWED,2026-08-19T10:01:34Z,24,15–30 days,SUCCESSFUL,https://funnytools.win/en/tools/what-to-eat/,https://funnytools.win/en/tools/what-to-eat/,SELF_MATCH,MOBILE,0,,2,https://funnytools.win/en/; https://funnytools.win/tools/what-to-eat/,no,UNKNOWN,,200,0,1,0,75,0,6,0,18.833333333333332
https://funnytools.win/en/tools/word-counter/,en,en,tool,text,sitemap-en.xml,2026-09-03,10,200 live verified,yes,45,24,1,872,861,0.9873853211009175,,"Word Counter Online｜Count Words, Characters and - FunnyTools",word-counter,count|word-counter|word-counter|count|word-counter|general,MEDIUM,0,,,,KEEP,low,Crawled Not Indexed,yes,yes,no,2026-09-13T08:21:26.736Z,https://search.google.com/search-console/inspect?resource_id=sc-domain:funnytools.win&id=Df_nWLPu92yTd5LuoT8jFg&utm_medium=link&utm_source=api,NEUTRAL,Crawled - currently not indexed,ALLOWED,INDEXING_ALLOWED,2026-08-10T03:10:56Z,34,>30 days,SUCCESSFUL,https://funnytools.win/en/tools/word-counter/,https://funnytools.win/en/tools/word-counter/,SELF_MATCH,MOBILE,0,,3,https://funnytools.win/en/; http://funnytools.win/en/; https://funnytools.win/en/tools/,no,UNKNOWN,,200,,,,,0,4,0,14.75
https://funnytools.win/en/tools/z-score-calculator/,en,en,tool,statistics,sitemap-en.xml,2026-09-03,10,200 live verified,yes,46,23,1,1032,1022,0.9903100775193798,,Z Score Calculator｜Standard Score Formula - FunnyTools,z-score-calculator,calculate|score-and-distribution|standardized-score|z-score|score-standardization|general,HIGH,6,0.846,0.764,ADJACENT; COMPLEMENTARY,KEEP,low,Crawled Not Indexed,yes,yes,no,2026-09-13T08:21:27.359Z,https://search.google.com/search-console/inspect?resource_id=sc-domain:funnytools.win&id=L_QiL46ahGrHN0M-IxQFlA&utm_medium=link&utm_source=api,NEUTRAL,Crawled - currently not indexed,ALLOWED,INDEXING_ALLOWED,2026-08-15T05:34:05Z,29,15–30 days,SUCCESSFUL,https://funnytools.win/en/tools/z-score-calculator/,https://funnytools.win/en/tools/z-score-calculator/,SELF_MATCH,MOBILE,0,,2,https://funnytools.win/en/category/statistics/; https://funnytools.win/en/tools/cronbach-alpha-calculator/,no,UNKNOWN,,200,,,,,0,1,0,6
https://funnytools.win/en/workflows/,en,en,hub,drawing,sitemap-en.xml,2026-07-31,44,200 live verified,yes,54,193,1,917,910,0.9923664122137404,,Education Statistics Workflows - FunnyTools,,,,0,,,,KEEP,low,Crawled Not Indexed,yes,yes,no,2026-09-13T08:21:32.931Z,https://search.google.com/search-console/inspect?resource_id=sc-domain:funnytools.win&id=w5iAncYi09sGfDSRyDFRtQ&utm_medium=link&utm_source=api,NEUTRAL,Crawled - currently not indexed,ALLOWED,INDEXING_ALLOWED,2026-08-17T01:30:19Z,27,15–30 days,SUCCESSFUL,https://funnytools.win/en/workflows/,https://funnytools.win/en/workflows/,SELF_MATCH,MOBILE,0,,2,https://funnytools.win/en/category/statistics/; https://funnytools.win/workflows/,no,UNKNOWN,,200,,,,,,,,
https://funnytools.win/en/workflows/creator-social-toolkit/,en,en,workflow,general,sitemap-en.xml,2026-09-03,10,200 live verified,yes,48,24,1,603,594,0.9850746268656716,,Creator & Social Media Workflow Toolkit - FunnyTools,,,,0,,,,KEEP,low,Crawled Not Indexed,yes,yes,no,2026-09-13T08:21:33.683Z,https://search.google.com/search-console/inspect?resource_id=sc-domain:funnytools.win&id=YwuZSCV7tx67hurUgydbEw&utm_medium=link&utm_source=api,NEUTRAL,Crawled - currently not indexed,ALLOWED,INDEXING_ALLOWED,2026-08-23T02:56:33Z,21,15–30 days,SUCCESSFUL,https://funnytools.win/en/workflows/creator-social-toolkit/,https://funnytools.win/en/workflows/creator-social-toolkit/,SELF_MATCH,MOBILE,0,,3,https://funnytools.win/es/flujos/contenido-redes-sociales/; https://funnytools.win/en/; http://funnytools.win/en/workflows/,no,UNKNOWN,,200,,,,,0,2,0,6
https://funnytools.win/en/workflows/daily-decision-toolkit/,en,en,workflow,general,sitemap-en.xml,2026-09-03,10,200 live verified,yes,44,14,1,569,561,0.9859402460456942,,Daily Decision Workflow Toolkit - FunnyTools,,,,0,,,,KEEP,low,Unknown,no,unknown,unknown,2026-09-13T08:21:37.342Z,https://search.google.com/search-console/inspect?resource_id=sc-domain:funnytools.win&id=udna2Di5dRaVqQZzsc9HUw&utm_medium=link&utm_source=api,NEUTRAL,URL is unknown to Google,ROBOTS_TXT_STATE_UNSPECIFIED,INDEXING_STATE_UNSPECIFIED,,0,never crawled,PAGE_FETCH_STATE_UNSPECIFIED,,,GOOGLE_CANONICAL_ABSENT,,0,,0,,no,UNKNOWN,,200,,,,,,,,
https://funnytools.win/en/workflows/graduate-statistics-report-toolkit/,en,en,workflow,statistics,sitemap-en.xml,2026-09-03,10,200 live verified,yes,46,18,1,468,459,0.9807692307692307,,Graduate Statistics Report Workflow Toolkit - FunnyTools,,,,0,,,,KEEP,low,Crawled Not Indexed,yes,yes,no,2026-09-13T08:21:40.189Z,https://search.google.com/search-console/inspect?resource_id=sc-domain:funnytools.win&id=hg12qkppd_P7g-oocF4OEg&utm_medium=link&utm_source=api,NEUTRAL,Crawled - currently not indexed,ALLOWED,INDEXING_ALLOWED,2026-08-19T17:22:29Z,24,15–30 days,SUCCESSFUL,https://funnytools.win/en/workflows/graduate-statistics-report-toolkit/,https://funnytools.win/en/workflows/graduate-statistics-report-toolkit/,SELF_MATCH,MOBILE,0,,3,https://funnytools.win/es/flujos/informe-estadistico-investigacion/; https://funnytools.win/en/category/statistics/; https://funnytools.win/workflows/graduate-statistics-report-toolkit/,no,UNKNOWN,,200,,,,,,,,
https://funnytools.win/en/workflows/office-document-toolkit/,en,en,workflow,pdf,sitemap-en.xml,2026-09-03,10,200 live verified,yes,50,35,1,661,653,0.9878971255673222,,Office Document Workflow Toolkit - FunnyTools,,,,0,,,,KEEP,low,Crawled Not Indexed,yes,yes,no,2026-09-13T08:21:40.876Z,https://search.google.com/search-console/inspect?resource_id=sc-domain:funnytools.win&id=etbIM-agNyObs_pAbA-N7w&utm_medium=link&utm_source=api,NEUTRAL,Crawled - currently not indexed,ALLOWED,INDEXING_ALLOWED,2026-08-23T14:02:58Z,20,15–30 days,SUCCESSFUL,https://funnytools.win/en/workflows/office-document-toolkit/,https://funnytools.win/en/workflows/office-document-toolkit/,SELF_MATCH,MOBILE,0,,3,https://funnytools.win/en/; https://funnytools.win/workflows/office-document-toolkit/; http://funnytools.win/en/workflows/,no,UNKNOWN,,200,,,,,0,1,0,4
https://funnytools.win/en/workflows/student-report-toolkit/,en,en,workflow,general,sitemap-en.xml,2026-09-03,10,200 live verified,yes,48,18,1,664,656,0.9879518072289156,,Student Report Workflow Toolkit - FunnyTools,,,,0,,,,KEEP,low,Crawled Not Indexed,yes,yes,no,2026-09-13T08:21:44.386Z,https://search.google.com/search-console/inspect?resource_id=sc-domain:funnytools.win&id=NvjKUyywMMFWdwD6J20CaA&utm_medium=link&utm_source=api,NEUTRAL,Crawled - currently not indexed,ALLOWED,INDEXING_ALLOWED,2026-08-10T07:00:11Z,34,>30 days,SUCCESSFUL,https://funnytools.win/en/workflows/student-report-toolkit/,https://funnytools.win/en/workflows/student-report-toolkit/,SELF_MATCH,MOBILE,0,,3,https://funnytools.win/en/; https://funnytools.win/workflows/student-report-toolkit/; http://funnytools.win/en/workflows/,no,UNKNOWN,,200,,,,,,,,
https://funnytools.win/en/workflows/teacher-classroom-random-toolkit/,en,en,workflow,random,sitemap-en.xml,2026-09-03,10,200 live verified,yes,51,31,1,516,507,0.9825581395348837,,Teacher Classroom Random Workflow Toolkit - FunnyTools,,,,0,,,,KEEP,low,Unknown,no,unknown,unknown,2026-09-13T08:21:47.528Z,https://search.google.com/search-console/inspect?resource_id=sc-domain:funnytools.win&id=baKpmQ29BhgpJ1HBTohtgw&utm_medium=link&utm_source=api,NEUTRAL,URL is unknown to Google,ROBOTS_TXT_STATE_UNSPECIFIED,INDEXING_STATE_UNSPECIFIED,,0,never crawled,PAGE_FETCH_STATE_UNSPECIFIED,,,GOOGLE_CANONICAL_ABSENT,,0,,0,,no,UNKNOWN,,200,,,,,,,,
https://funnytools.win/en/workflows/teacher-exam-score-toolkit/,en,en,workflow,statistics,sitemap-en.xml,2026-09-03,10,200 live verified,yes,46,17,1,674,665,0.9866468842729971,,Teacher Exam Score Workflow Toolkit - FunnyTools,,,,3,0.835,0.69,ADJACENT,IMPROVE,low,Crawled Not Indexed,yes,yes,no,2026-09-13T08:21:47.923Z,https://search.google.com/search-console/inspect?resource_id=sc-domain:funnytools.win&id=1Fb3uapQ3z14_FNqCcy5nQ&utm_medium=link&utm_source=api,NEUTRAL,Crawled - currently not indexed,ALLOWED,INDEXING_ALLOWED,2026-08-10T03:03:04Z,34,>30 days,SUCCESSFUL,https://funnytools.win/en/workflows/teacher-exam-score-toolkit/,https://funnytools.win/en/workflows/teacher-exam-score-toolkit/,SELF_MATCH,MOBILE,0,,3,https://funnytools.win/en/category/statistics/; https://funnytools.win/workflows/teacher-exam-score-toolkit/; http://funnytools.win/workflows/teacher-exam-score-toolkit/,no,UNKNOWN,,200,,,,,,,,
https://funnytools.win/es/,es,es,home,general,sitemap-es.xml,2026-09-10,3,200 live verified,yes,323,216,0,2969,2958,0.9962950488379926,,Herramientas online gratis y privadas | FunnyTools en español,,,,1,0.885,0.884,ADJACENT,IMPROVE,high,Indexed,yes,yes,yes,2026-09-13T08:21:51.338Z,https://search.google.com/search-console/inspect?resource_id=sc-domain:funnytools.win&id=NFPug0Z6gOFYTcKmpD6qWw&utm_medium=link&utm_source=api,PASS,Enviada e indexada,ALLOWED,INDEXING_ALLOWED,2026-08-27T03:42:42Z,17,15–30 days,SUCCESSFUL,https://funnytools.win/es/,https://funnytools.win/es/,SELF_MATCH,MOBILE,0,,2,https://funnytools.win/fr/; https://funnytools.win/,no,UNKNOWN,,200,0,5,0,6.8,0,7,0,5.857142857142857
https://funnytools.win/es/apoyar-funnytools/,es,es,support,general,sitemap-es.xml,2026-07-29,46,200 live verified,yes,161,141,1,1671,1662,0.9946140035906643,,"Apoyar FunnyTools: ayuda, errores y recursos",,,,4,0.841,0.843,ADJACENT,IMPROVE,high,Crawled Not Indexed,yes,yes,no,2026-09-13T08:21:54.729Z,https://search.google.com/search-console/inspect?resource_id=sc-domain:funnytools.win&id=uyn50_Pnkc6HwdEf04-OnA&utm_medium=link&utm_source=api,NEUTRAL,Rastreada: actualmente sin indexar,ALLOWED,INDEXING_ALLOWED,2026-08-19T17:32:10Z,24,15–30 days,SUCCESSFUL,https://funnytools.win/es/apoyar-funnytools/,https://funnytools.win/es/apoyar-funnytools/,SELF_MATCH,MOBILE,0,,2,https://funnytools.win/support/; https://funnytools.win/en/support/,no,UNKNOWN,,200,,,,,,,,
https://funnytools.win/es/aviso-legal/,es,es,other,general,sitemap-es.xml,2026-07-29,46,200 live verified,yes,166,141,1,2413,2403,0.9958557811852465,,Aviso legal y límites de uso | FunnyTools,,,,14,0.862,0.857,ADJACENT; UNKNOWN,IMPROVE,high,Crawled Not Indexed,yes,yes,no,2026-09-13T08:21:54.942Z,https://search.google.com/search-console/inspect?resource_id=sc-domain:funnytools.win&id=xpRkZeEFRGSnpk6JRvytwg&utm_medium=link&utm_source=api,NEUTRAL,Rastreada: actualmente sin indexar,ALLOWED,INDEXING_ALLOWED,2026-08-19T16:38:20Z,24,15–30 days,SUCCESSFUL,https://funnytools.win/es/aviso-legal/,https://funnytools.win/es/aviso-legal/,SELF_MATCH,MOBILE,0,,2,https://funnytools.win/disclaimer/; https://funnytools.win/en/disclaimer/,no,UNKNOWN,,200,,,,,,,,
https://funnytools.win/es/categorias/azar/,es,es,category,random,sitemap-es.xml,2026-07-28,47,200 live verified,yes,171,141,1,2164,2155,0.9958410351201479,,Herramientas aleatorias y sorteos gratis | FunnyTools,,,,5,0.831,0.827,ADJACENT; UNKNOWN,IMPROVE,high,Crawled Not Indexed,yes,yes,no,2026-09-13T08:21:58.785Z,https://search.google.com/search-console/inspect?resource_id=sc-domain:funnytools.win&id=9V2stI_8tF_r2d_pGZVHbA&utm_medium=link&utm_source=api,NEUTRAL,Rastreada: actualmente sin indexar,ALLOWED,INDEXING_ALLOWED,2026-07-31T17:00:50Z,43,>30 days,SUCCESSFUL,https://funnytools.win/es/categorias/azar/,https://funnytools.win/es/categorias/azar/,SELF_MATCH,MOBILE,0,,1,https://funnytools.win/en/category/random/,no,UNKNOWN,,200,,,,,,,,
https://funnytools.win/es/categorias/dibujo/,es,es,category,draw,sitemap-es.xml,2026-07-29,46,200 live verified,yes,164,141,1,1956,1945,0.9943762781186094,,"Dibujo, CAD 2D y diagramas online gratis | FunnyTools",,,,1,0.823,0.794,UNKNOWN,IMPROVE,low,Crawled Not Indexed,yes,yes,no,2026-09-13T08:22:01.809Z,https://search.google.com/search-console/inspect?resource_id=sc-domain:funnytools.win&id=e7-naWyUpDTH9swjQTIC6A&utm_medium=link&utm_source=api,NEUTRAL,Rastreada: actualmente sin indexar,ALLOWED,INDEXING_ALLOWED,2026-08-03T16:24:22Z,40,>30 days,SUCCESSFUL,https://funnytools.win/es/categorias/dibujo/,https://funnytools.win/es/categorias/dibujo/,SELF_MATCH,MOBILE,0,,1,https://funnytools.win/category/draw/,no,UNKNOWN,,200,,,,,,,,
https://funnytools.win/es/categorias/dinero/,es,es,category,money,sitemap-es.xml,2026-07-28,47,200 live verified,yes,167,141,1,1830,1821,0.9950819672131147,,Calculadoras financieras gratis y prudentes | FunnyTools,,,,0,,,,KEEP,low,Crawled Not Indexed,yes,yes,no,2026-09-13T08:22:02.188Z,https://search.google.com/search-console/inspect?resource_id=sc-domain:funnytools.win&id=bDr9YCbPUmBDhySvYwFFcA&utm_medium=link&utm_source=api,NEUTRAL,Rastreada: actualmente sin indexar,ALLOWED,INDEXING_ALLOWED,2026-08-19T18:15:18Z,24,15–30 days,SUCCESSFUL,https://funnytools.win/es/categorias/dinero/,https://funnytools.win/es/categorias/dinero/,SELF_MATCH,MOBILE,0,,2,https://funnytools.win/category/money/; https://funnytools.win/en/category/money/,no,UNKNOWN,,200,,,,,,,,
https://funnytools.win/es/categorias/estadistica/,es,es,category,statistics,sitemap-es.xml,2026-07-29,46,200 live verified,yes,173,141,1,2537,2528,0.9964525029562475,,Calculadoras de estadística educativa gratis | FunnyTools,,,,11,0.901,0.878,ADJACENT; UNKNOWN,IMPROVE,high,Crawled Not Indexed,yes,yes,no,2026-09-13T08:22:05.751Z,https://search.google.com/search-console/inspect?resource_id=sc-domain:funnytools.win&id=mPgW1sAqQw5O7P-U4X7PPg&utm_medium=link&utm_source=api,NEUTRAL,Rastreada: actualmente sin indexar,ALLOWED,INDEXING_ALLOWED,2026-08-20T18:36:57Z,23,15–30 days,SUCCESSFUL,https://funnytools.win/es/categorias/estadistica/,https://funnytools.win/es/categorias/estadistica/,SELF_MATCH,MOBILE,0,,1,https://funnytools.win/category/statistics/,no,UNKNOWN,,200,,,,,0,1,0,2
https://funnytools.win/es/categorias/estudio/,es,es,category,study,sitemap-es.xml,2026-07-28,47,200 live verified,yes,166,141,1,2036,2026,0.9950884086444007,,Herramientas para profesores y estudiantes gratis | FunnyTools,,,,16,0.86,0.83,ADJACENT; UNKNOWN,IMPROVE,high,Unknown,no,unknown,unknown,2026-09-13T08:22:09.048Z,https://search.google.com/search-console/inspect?resource_id=sc-domain:funnytools.win&id=KlqYaJJBx8qpedDCDDCouQ&utm_medium=link&utm_source=api,NEUTRAL,Google no reconoce esta URL,ROBOTS_TXT_STATE_UNSPECIFIED,INDEXING_STATE_UNSPECIFIED,,0,never crawled,PAGE_FETCH_STATE_UNSPECIFIED,,,GOOGLE_CANONICAL_ABSENT,,0,,0,,no,UNKNOWN,,200,,,,,,,,
https://funnytools.win/es/categorias/imagen/,es,es,category,image,sitemap-es.xml,2026-07-29,46,200 live verified,yes,172,141,1,1832,1823,0.9950873362445415,,Herramientas de imagen online gratis | FunnyTools,,,,5,0.869,0.86,ADJACENT; UNKNOWN,IMPROVE,high,Unknown,no,unknown,unknown,2026-09-13T08:22:09.190Z,https://search.google.com/search-console/inspect?resource_id=sc-domain:funnytools.win&id=iTDPbtnwfm8CUheO17vJ-g&utm_medium=link&utm_source=api,NEUTRAL,Google no reconoce esta URL,ROBOTS_TXT_STATE_UNSPECIFIED,INDEXING_STATE_UNSPECIFIED,,0,never crawled,PAGE_FETCH_STATE_UNSPECIFIED,,,GOOGLE_CANONICAL_ABSENT,,0,,0,,no,UNKNOWN,,200,,,,,,,,
https://funnytools.win/es/categorias/pdf/,es,es,category,pdf,sitemap-es.xml,2026-07-29,46,200 live verified,yes,170,141,1,1958,1950,0.9959141981613892,,Herramientas PDF online gratis | FunnyTools,,,,7,0.888,0.875,ADJACENT; UNKNOWN,IMPROVE,high,Crawled Not Indexed,yes,yes,no,2026-09-13T08:22:15.695Z,https://search.google.com/search-console/inspect?resource_id=sc-domain:funnytools.win&id=t3IYc9CdyzkbtReioNmxXg&utm_medium=link&utm_source=api,NEUTRAL,Rastreada: actualmente sin indexar,ALLOWED,INDEXING_ALLOWED,2026-08-17T05:07:55Z,27,15–30 days,SUCCESSFUL,https://funnytools.win/es/categorias/pdf/,https://funnytools.win/es/categorias/pdf/,SELF_MATCH,MOBILE,0,,2,https://funnytools.win/category/pdf/; https://funnytools.win/en/category/pdf/,no,UNKNOWN,,200,,,,,,,,
https://funnytools.win/es/categorias/texto/,es,es,category,text,sitemap-es.xml,2026-07-29,46,200 live verified,yes,173,141,1,1839,1830,0.9951060358890701,,Herramientas de texto online gratis | FunnyTools,,,,2,0.832,0.811,UNKNOWN,IMPROVE,high,Crawled Not Indexed,yes,yes,no,2026-09-13T08:22:16.101Z,https://search.google.com/search-console/inspect?resource_id=sc-domain:funnytools.win&id=4np8332APXHDmRAgpYekig&utm_medium=link&utm_source=api,NEUTRAL,Rastreada: actualmente sin indexar,ALLOWED,INDEXING_ALLOWED,2026-08-13T12:06:29Z,30,15–30 days,SUCCESSFUL,https://funnytools.win/es/categorias/texto/,https://funnytools.win/es/categorias/texto/,SELF_MATCH,MOBILE,0,,2,https://funnytools.win/category/text/; https://funnytools.win/en/category/text/,no,UNKNOWN,,200,,,,,,,,
https://funnytools.win/es/categorias/tiempo/,es,es,category,time,sitemap-es.xml,2026-07-28,47,200 live verified,yes,169,141,1,1958,1948,0.9948927477017364,,Calculadoras de tiempo y fechas gratis | FunnyTools,,,,1,0.8,0.784,UNKNOWN,IMPROVE,low,Unknown,no,unknown,unknown,2026-09-13T08:22:16.828Z,https://search.google.com/search-console/inspect?resource_id=sc-domain:funnytools.win&id=jrC7eJuHkvT6mcI00OhGQw&utm_medium=link&utm_source=api,NEUTRAL,Google no reconoce esta URL,ROBOTS_TXT_STATE_UNSPECIFIED,INDEXING_STATE_UNSPECIFIED,,0,never crawled,PAGE_FETCH_STATE_UNSPECIFIED,,,GOOGLE_CANONICAL_ABSENT,,0,,0,,no,UNKNOWN,,200,,,,,,,,
https://funnytools.win/es/como-funcionan-las-herramientas/,es,es,legal,general,sitemap-es.xml,2026-07-29,46,200 live verified,yes,162,142,1,1260,1252,0.9936507936507937,,Cómo funcionan las herramientas | FunnyTools,,,,9,0.872,0.87,ADJACENT; UNKNOWN,IMPROVE,high,Unknown,no,unknown,unknown,2026-09-13T08:22:22.946Z,https://search.google.com/search-console/inspect?resource_id=sc-domain:funnytools.win&id=yrEQmhFpDZnomh_xmblMGg&utm_medium=link&utm_source=api,NEUTRAL,Google no reconoce esta URL,ROBOTS_TXT_STATE_UNSPECIFIED,INDEXING_STATE_UNSPECIFIED,,0,never crawled,PAGE_FETCH_STATE_UNSPECIFIED,,,GOOGLE_CANONICAL_ABSENT,,0,,0,,no,UNKNOWN,,200,,,,,,,,
https://funnytools.win/es/condiciones-de-uso/,es,es,legal,general,sitemap-es.xml,2026-07-29,46,200 live verified,yes,162,141,1,1826,1815,0.9939759036144579,,Condiciones de uso de FunnyTools | Alcance y límites,,,,7,0.858,0.853,ADJACENT; UNKNOWN,IMPROVE,high,Crawled Not Indexed,yes,yes,no,2026-09-13T08:22:23.282Z,https://search.google.com/search-console/inspect?resource_id=sc-domain:funnytools.win&id=78v9ihKkwGJZ4f2w0mwxCQ&utm_medium=link&utm_source=api,NEUTRAL,Rastreada: actualmente sin indexar,ALLOWED,INDEXING_ALLOWED,2026-08-21T17:18:29Z,22,15–30 days,SUCCESSFUL,https://funnytools.win/es/condiciones-de-uso/,https://funnytools.win/es/condiciones-de-uso/,SELF_MATCH,MOBILE,0,,1,https://funnytools.win/terms/,no,UNKNOWN,,200,,,,,0,1,0,7
https://funnytools.win/es/contacto/,es,es,legal,general,sitemap-es.xml,2026-07-29,46,200 live verified,yes,161,141,1,2240,2231,0.9959821428571428,,"Contacto FunnyTools: soporte, errores y mejoras",,,,6,0.856,0.851,ADJACENT; UNKNOWN,IMPROVE,high,Unknown,no,unknown,unknown,2026-09-13T08:22:24.311Z,https://search.google.com/search-console/inspect?resource_id=sc-domain:funnytools.win&id=TLeShk6PqDj5qG_8Z3puTg&utm_medium=link&utm_source=api,NEUTRAL,Google no reconoce esta URL,ROBOTS_TXT_STATE_UNSPECIFIED,INDEXING_STATE_UNSPECIFIED,,0,never crawled,PAGE_FETCH_STATE_UNSPECIFIED,,,GOOGLE_CANONICAL_ABSENT,,0,,0,,no,UNKNOWN,,200,,,,,,,,
https://funnytools.win/es/estadisticas-educativas/,es,es,other,statistics,sitemap-es.xml,2026-07-29,46,200 live verified,yes,178,141,1,1594,1583,0.993099121706399,,"Estadística educativa: calculadoras, SPSS y APA 7 | FunnyTools",,,,5,0.901,0.878,ADJACENT; UNKNOWN,IMPROVE,high,Crawled Not Indexed,yes,yes,no,2026-09-13T08:22:29.934Z,https://search.google.com/search-console/inspect?resource_id=sc-domain:funnytools.win&id=m-7ZPbhuG0zxU5nzAKzMIg&utm_medium=link&utm_source=api,NEUTRAL,Rastreada: actualmente sin indexar,ALLOWED,INDEXING_ALLOWED,2026-09-07T00:06:46Z,6,<7 days,SUCCESSFUL,https://funnytools.win/es/estadisticas-educativas/,https://funnytools.win/es/estadisticas-educativas/,SELF_MATCH,MOBILE,0,,1,https://funnytools.win/education-statistics/,no,UNKNOWN,,200,,,,,,,,
https://funnytools.win/es/flujos/,es,es,hub,drawing,sitemap-es.xml,2026-07-29,46,200 live verified,yes,187,141,1,1552,1542,0.9935567010309279,,Flujos de trabajo con herramientas online | FunnyTools,,,,11,0.851,0.811,ADJACENT; UNKNOWN,IMPROVE,high,Unknown,no,unknown,unknown,2026-09-13T08:22:30.691Z,https://search.google.com/search-console/inspect?resource_id=sc-domain:funnytools.win&id=MVILFWr0QIWuw07vw6AJtw&utm_medium=link&utm_source=api,NEUTRAL,Google no reconoce esta URL,ROBOTS_TXT_STATE_UNSPECIFIED,INDEXING_STATE_UNSPECIFIED,,0,never crawled,PAGE_FETCH_STATE_UNSPECIFIED,,,GOOGLE_CANONICAL_ABSENT,,0,,0,,no,UNKNOWN,,200,,,,,,,,
https://funnytools.win/es/flujos/actividades-aleatorias-aula/,es,es,workflow,random,sitemap-es.xml,2026-07-29,46,200 live verified,yes,170,5,2,1034,1022,0.988394584139265,,Grupos aleatorios y selección de alumnos en clase - FunnyTools,,,,2,0.839,0.804,UNKNOWN,IMPROVE,high,Unknown,no,unknown,unknown,2026-09-13T08:22:31.463Z,https://search.google.com/search-console/inspect?resource_id=sc-domain:funnytools.win&id=ICi2giyt8mnUlplCXC1KjQ&utm_medium=link&utm_source=api,NEUTRAL,Google no reconoce esta URL,ROBOTS_TXT_STATE_UNSPECIFIED,INDEXING_STATE_UNSPECIFIED,,0,never crawled,PAGE_FETCH_STATE_UNSPECIFIED,,,GOOGLE_CANONICAL_ABSENT,,0,,0,,no,UNKNOWN,,200,,,,,,,,
https://funnytools.win/es/flujos/calcular-nota-oposicion-docente/,es,es,workflow,statistics,sitemap-es.xml,2026-07-29,46,200 live verified,yes,166,5,2,1016,1003,0.9872047244094488,,Cómo calcular nota de oposición docente paso a paso - FunnyTools,,,,0,,,,KEEP,low,Unknown,no,unknown,unknown,2026-09-13T08:22:37.533Z,https://search.google.com/search-console/inspect?resource_id=sc-domain:funnytools.win&id=T_UjgxtMU688u6lEYZqegA&utm_medium=link&utm_source=api,NEUTRAL,Google no reconoce esta URL,ROBOTS_TXT_STATE_UNSPECIFIED,INDEXING_STATE_UNSPECIFIED,,0,never crawled,PAGE_FETCH_STATE_UNSPECIFIED,,,GOOGLE_CANONICAL_ABSENT,,0,,0,,no,UNKNOWN,,200,,,,,,,,
https://funnytools.win/es/flujos/contenido-redes-sociales/,es,es,workflow,general,sitemap-es.xml,2026-07-29,46,200 live verified,yes,167,4,2,767,757,0.9869621903520208,,Cómo preparar publicaciones para redes sociales - FunnyTools,,,,1,0.856,0.82,UNKNOWN,IMPROVE,high,Crawled Not Indexed,yes,yes,no,2026-09-13T08:22:38.056Z,https://search.google.com/search-console/inspect?resource_id=sc-domain:funnytools.win&id=zKwNwMrduMlSoZxIldw7-w&utm_medium=link&utm_source=api,NEUTRAL,Rastreada: actualmente sin indexar,ALLOWED,INDEXING_ALLOWED,2026-08-19T16:25:06Z,24,15–30 days,SUCCESSFUL,https://funnytools.win/es/flujos/contenido-redes-sociales/,https://funnytools.win/es/flujos/contenido-redes-sociales/,SELF_MATCH,MOBILE,0,,1,https://funnytools.win/workflows/creator-social-toolkit/,no,UNKNOWN,,200,,,,,,,,
https://funnytools.win/es/flujos/decisiones-cotidianas/,es,es,workflow,general,sitemap-es.xml,2026-07-29,46,200 live verified,yes,166,141,1,1991,1980,0.994475138121547,,"Cómo decidir: ruleta, sorteo y dos opciones - FunnyTools",,,,4,0.831,0.827,UNKNOWN,IMPROVE,high,Unknown,no,unknown,unknown,2026-09-13T08:22:38.466Z,https://search.google.com/search-console/inspect?resource_id=sc-domain:funnytools.win&id=aA7nU16TlSrai1Cj7GTwkg&utm_medium=link&utm_source=api,NEUTRAL,Google no reconoce esta URL,ROBOTS_TXT_STATE_UNSPECIFIED,INDEXING_STATE_UNSPECIFIED,,0,never crawled,PAGE_FETCH_STATE_UNSPECIFIED,,,GOOGLE_CANONICAL_ABSENT,,0,,0,,no,UNKNOWN,,200,,,,,,,,
https://funnytools.win/es/flujos/documentos-oficina/,es,es,workflow,pdf,sitemap-es.xml,2026-07-29,46,200 live verified,yes,171,4,2,850,838,0.9858823529411764,,"Cómo organizar PDF, imágenes y fechas de oficina - FunnyTools",,,,1,0.825,0.797,UNKNOWN,IMPROVE,low,Crawled Not Indexed,yes,yes,no,2026-09-13T08:22:44.557Z,https://search.google.com/search-console/inspect?resource_id=sc-domain:funnytools.win&id=ww3SmB3pd3vxCDVtm76ORg&utm_medium=link&utm_source=api,NEUTRAL,Rastreada: actualmente sin indexar,ALLOWED,INDEXING_ALLOWED,2026-09-04T12:06:18Z,8,7–14 days,SUCCESSFUL,https://funnytools.win/es/flujos/documentos-oficina/,https://funnytools.win/es/flujos/documentos-oficina/,SELF_MATCH,MOBILE,0,,1,https://funnytools.win/workflows/office-document-toolkit/,no,UNKNOWN,,200,,,,,,,,
https://funnytools.win/es/flujos/entrega-informe-estudiantil/,es,es,workflow,general,sitemap-es.xml,2026-07-29,46,200 live verified,yes,172,4,2,965,953,0.9875647668393782,,Cómo preparar un informe y entregarlo en PDF - FunnyTools,,,,1,0.883,0.867,UNKNOWN,IMPROVE,high,Unknown,no,unknown,unknown,2026-09-13T08:22:45.481Z,https://search.google.com/search-console/inspect?resource_id=sc-domain:funnytools.win&id=asxLCIfZhAKbKaNRXAANpw&utm_medium=link&utm_source=api,NEUTRAL,Google no reconoce esta URL,ROBOTS_TXT_STATE_UNSPECIFIED,INDEXING_STATE_UNSPECIFIED,,0,never crawled,PAGE_FETCH_STATE_UNSPECIFIED,,,GOOGLE_CANONICAL_ABSENT,,0,,0,,no,UNKNOWN,,200,,,,,,,,
https://funnytools.win/es/flujos/informe-estadistico-investigacion/,es,es,workflow,statistics,sitemap-es.xml,2026-07-28,47,200 live verified,yes,163,141,1,1718,1704,0.9918509895227008,,Cómo hacer un informe estadístico con SPSS y APA 7 - FunnyTools,,,,6,0.842,0.836,ADJACENT; UNKNOWN,IMPROVE,high,Crawled Not Indexed,yes,yes,no,2026-09-13T08:22:45.672Z,https://search.google.com/search-console/inspect?resource_id=sc-domain:funnytools.win&id=J-fpFQLze2oo8ByTYDmVDg&utm_medium=link&utm_source=api,NEUTRAL,Rastreada: actualmente sin indexar,ALLOWED,INDEXING_ALLOWED,2026-08-19T16:29:31Z,24,15–30 days,SUCCESSFUL,https://funnytools.win/es/flujos/informe-estadistico-investigacion/,https://funnytools.win/es/flujos/informe-estadistico-investigacion/,SELF_MATCH,MOBILE,0,,1,https://funnytools.win/workflows/graduate-statistics-report-toolkit/,no,UNKNOWN,,200,,,,,,,,
https://funnytools.win/es/guias/,es,es,hub,general,sitemap-es.xml,2026-07-29,46,200 live verified,yes,186,141,1,1512,1502,0.9933862433862434,,"Guías de herramientas, estadística y aula | FunnyTools",,,,12,0.851,0.813,ADJACENT; UNKNOWN,IMPROVE,high,Unknown,no,unknown,unknown,2026-09-13T08:22:51.564Z,https://search.google.com/search-console/inspect?resource_id=sc-domain:funnytools.win&id=PPdCBoTFDZVhvigYXevTQA&utm_medium=link&utm_source=api,NEUTRAL,Google no reconoce esta URL,ROBOTS_TXT_STATE_UNSPECIFIED,INDEXING_STATE_UNSPECIFIED,,0,never crawled,PAGE_FETCH_STATE_UNSPECIFIED,,,GOOGLE_CANONICAL_ABSENT,,0,,0,,no,UNKNOWN,,200,,,,,,,,
https://funnytools.win/es/guias/a4-o-letter-para-imprimir/,es,es,guide,general,sitemap-es.xml,2026-07-28,47,200 live verified,yes,161,141,1,2027,2015,0.9940799210656142,,A4 vs Letter: medidas y cómo imprimir PDF - FunnyTools,,,,0,,,,KEEP,low,Unknown,no,unknown,unknown,2026-09-13T08:22:52.985Z,https://search.google.com/search-console/inspect?resource_id=sc-domain:funnytools.win&id=u5NCe5BSqRYlMLYFt2pGCA&utm_medium=link&utm_source=api,NEUTRAL,Google no reconoce esta URL,ROBOTS_TXT_STATE_UNSPECIFIED,INDEXING_STATE_UNSPECIFIED,,0,never crawled,PAGE_FETCH_STATE_UNSPECIFIED,,,GOOGLE_CANONICAL_ABSENT,,0,,0,,no,UNKNOWN,,200,,,,,,,,
https://funnytools.win/es/guias/agrupamientos-equitativos-aula/,es,es,guide,random,sitemap-es.xml,2026-07-28,47,200 live verified,yes,161,141,1,1784,1775,0.9949551569506726,,Agrupamientos equitativos en el aula - FunnyTools,,,,2,0.837,0.836,ADJACENT; UNKNOWN,KEEP,high,Crawled Not Indexed,yes,yes,no,2026-09-13T08:22:53.149Z,https://search.google.com/search-console/inspect?resource_id=sc-domain:funnytools.win&id=FuuIqIuaXyCXAmhbrpe3FQ&utm_medium=link&utm_source=api,NEUTRAL,Rastreada: actualmente sin indexar,ALLOWED,INDEXING_ALLOWED,2026-08-17T03:18:30Z,27,15–30 days,SUCCESSFUL,https://funnytools.win/es/guias/agrupamientos-equitativos-aula/,https://funnytools.win/es/guias/agrupamientos-equitativos-aula/,SELF_MATCH,MOBILE,0,,1,https://funnytools.win/guides/fair-student-grouping-guide/,no,UNKNOWN,,200,,,,,,,,
https://funnytools.win/es/guias/anova-formato-apa-7/,es,es,guide,statistics,sitemap-es.xml,2026-07-28,47,200 live verified,yes,165,141,1,2098,2083,0.9928503336510963,,"ANOVA en APA 7: F, gl, p, eta y post hoc - FunnyTools",,,,3,0.867,0.853,ADJACENT; COMPLEMENTARY,KEEP,high,Unknown,no,unknown,unknown,2026-09-13T08:22:58.589Z,https://search.google.com/search-console/inspect?resource_id=sc-domain:funnytools.win&id=ijZpluIJwV6T64n5SKcf3Q&utm_medium=link&utm_source=api,NEUTRAL,Google no reconoce esta URL,ROBOTS_TXT_STATE_UNSPECIFIED,INDEXING_STATE_UNSPECIFIED,,0,never crawled,PAGE_FETCH_STATE_UNSPECIFIED,,,GOOGLE_CANONICAL_ABSENT,,0,,0,,no,UNKNOWN,,200,,,,,,,,
https://funnytools.win/es/guias/calcular-nota-oposicion-docente/,es,es,guide,statistics,sitemap-es.xml,2026-07-29,46,200 live verified,yes,162,141,1,2033,2022,0.9945892769306444,,Calcular nota de oposición docente y baremo - FunnyTools,,,,0,,,,KEEP,low,Crawled Not Indexed,yes,yes,no,2026-09-13T08:23:00.192Z,https://search.google.com/search-console/inspect?resource_id=sc-domain:funnytools.win&id=IfhtEr_74NdDuzt6ugeiFQ&utm_medium=link&utm_source=api,NEUTRAL,Rastreada: actualmente sin indexar,ALLOWED,INDEXING_ALLOWED,2026-07-30T16:30:20Z,44,>30 days,SUCCESSFUL,https://funnytools.win/es/guias/calcular-nota-oposicion-docente/,https://funnytools.win/es/guias/calcular-nota-oposicion-docente/,SELF_MATCH,MOBILE,0,,1,https://funnytools.win/en/guides/teacher-exam-weighted-score-guide/,no,UNKNOWN,,200,,,,,0,1,0,79
https://funnytools.win/es/guias/calcular-porcentajes-rapido/,es,es,guide,general,sitemap-es.xml,2026-07-28,47,200 live verified,yes,162,141,1,1814,1803,0.9939360529217199,,Cómo calcular porcentajes rápido y sin errores - FunnyTools,,,,0,,,,KEEP,low,Unknown,no,unknown,unknown,2026-09-13T08:23:00.349Z,https://search.google.com/search-console/inspect?resource_id=sc-domain:funnytools.win&id=OjpuQELhlkXg-0n6e7UYrA&utm_medium=link&utm_source=api,NEUTRAL,Google no reconoce esta URL,ROBOTS_TXT_STATE_UNSPECIFIED,INDEXING_STATE_UNSPECIFIED,,0,never crawled,PAGE_FETCH_STATE_UNSPECIFIED,,,GOOGLE_CANONICAL_ABSENT,,0,,0,,no,UNKNOWN,,200,,,,,,,,
https://funnytools.win/es/guias/codigos-qr-en-el-aula/,es,es,guide,general,sitemap-es.xml,2026-07-28,47,200 live verified,yes,161,141,1,2089,2076,0.9937769267592149,,Códigos QR en el aula: guía práctica y segura - FunnyTools,,,,3,0.819,0.825,ADJACENT; COMPLEMENTARY; UNKNOWN,IMPROVE,high,Unknown,no,unknown,unknown,2026-09-13T08:23:05.742Z,https://search.google.com/search-console/inspect?resource_id=sc-domain:funnytools.win&id=j90i5pGBq1Hdbq-bnLui9Q&utm_medium=link&utm_source=api,NEUTRAL,Google no reconoce esta URL,ROBOTS_TXT_STATE_UNSPECIFIED,INDEXING_STATE_UNSPECIFIED,,0,never crawled,PAGE_FETCH_STATE_UNSPECIFIED,,,GOOGLE_CANONICAL_ABSENT,,0,,0,,no,UNKNOWN,,200,,,,,,,,
https://funnytools.win/es/guias/comprimir-fotos-para-email/,es,es,guide,image,sitemap-es.xml,2026-07-28,47,200 live verified,yes,162,141,1,2278,2267,0.995171202809482,,Cómo comprimir fotos para enviar por email - FunnyTools,,,,4,0.869,0.86,ADJACENT; COMPLEMENTARY; DIFFERENT; UNKNOWN,IMPROVE,high,Unknown,no,unknown,unknown,2026-09-13T08:23:07.168Z,https://search.google.com/search-console/inspect?resource_id=sc-domain:funnytools.win&id=Si7NiA0uVDdDdT4Sc_xITQ&utm_medium=link&utm_source=api,NEUTRAL,Google no reconoce esta URL,ROBOTS_TXT_STATE_UNSPECIFIED,INDEXING_STATE_UNSPECIFIED,,0,never crawled,PAGE_FETCH_STATE_UNSPECIFIED,,,GOOGLE_CANONICAL_ABSENT,,0,,0,,no,UNKNOWN,,200,,,,,,,,
https://funnytools.win/es/guias/contrasena-segura-fuerte/,es,es,guide,text,sitemap-es.xml,2026-07-29,46,200 live verified,yes,159,140,1,1773,1765,0.9954878736604625,,Contraseñas seguras: guía actualizada - FunnyTools,,,,1,0.847,0.847,COMPLEMENTARY,IMPROVE,high,Unknown,no,unknown,unknown,2026-09-13T08:23:07.602Z,https://search.google.com/search-console/inspect?resource_id=sc-domain:funnytools.win&id=2DjCWeazD9f5TQ3ugt85hA&utm_medium=link&utm_source=api,NEUTRAL,Google no reconoce esta URL,ROBOTS_TXT_STATE_UNSPECIFIED,INDEXING_STATE_UNSPECIFIED,,0,never crawled,PAGE_FETCH_STATE_UNSPECIFIED,,,GOOGLE_CANONICAL_ABSENT,,0,,0,,no,UNKNOWN,,200,,,,,,,,
https://funnytools.win/es/guias/fluidez-tablas-multiplicar/,es,es,guide,general,sitemap-es.xml,2026-07-29,46,200 live verified,yes,161,140,1,1959,1949,0.9948953547728433,,Fluidez en las tablas de multiplicar - FunnyTools,,,,0,,,,KEEP,low,Unknown,no,unknown,unknown,2026-09-13T08:23:12.705Z,https://search.google.com/search-console/inspect?resource_id=sc-domain:funnytools.win&id=0ehfaOvasaCinD8zIh7j-Q&utm_medium=link&utm_source=api,NEUTRAL,Google no reconoce esta URL,ROBOTS_TXT_STATE_UNSPECIFIED,INDEXING_STATE_UNSPECIFIED,,0,never crawled,PAGE_FETCH_STATE_UNSPECIFIED,,,GOOGLE_CANONICAL_ABSENT,,0,,0,,no,UNKNOWN,,200,,,,,,,,
https://funnytools.win/es/guias/fotos-a-pdf-desde-movil/,es,es,guide,pdf,sitemap-es.xml,2026-07-28,47,200 live verified,yes,164,141,1,1906,1894,0.993704092339979,,Cómo pasar fotos a PDF desde el móvil - FunnyTools,,,,6,0.837,0.832,ADJACENT; COMPLEMENTARY; DIFFERENT; UNKNOWN,KEEP,high,Unknown,no,unknown,unknown,2026-09-13T08:23:14.330Z,https://search.google.com/search-console/inspect?resource_id=sc-domain:funnytools.win&id=m5ac2I1Q5j-zz7_0ig0pbw&utm_medium=link&utm_source=api,NEUTRAL,Google no reconoce esta URL,ROBOTS_TXT_STATE_UNSPECIFIED,INDEXING_STATE_UNSPECIFIED,,0,never crawled,PAGE_FETCH_STATE_UNSPECIFIED,,,GOOGLE_CANONICAL_ABSENT,,0,,0,,no,UNKNOWN,,200,,,,,,,,
https://funnytools.win/es/guias/grafico-barras-trabajo-escolar/,es,es,guide,drawing,sitemap-es.xml,2026-07-28,47,200 live verified,yes,161,141,1,1751,1740,0.9937178754997145,,Cómo hacer un gráfico de barras escolar - FunnyTools,,,,1,0.816,0.815,COMPLEMENTARY,IMPROVE,high,Unknown,no,unknown,unknown,2026-09-13T08:23:14.616Z,https://search.google.com/search-console/inspect?resource_id=sc-domain:funnytools.win&id=DHlUR5vYa782WoORj_fiDA&utm_medium=link&utm_source=api,NEUTRAL,Google no reconoce esta URL,ROBOTS_TXT_STATE_UNSPECIFIED,INDEXING_STATE_UNSPECIFIED,,0,never crawled,PAGE_FETCH_STATE_UNSPECIFIED,,,GOOGLE_CANONICAL_ABSENT,,0,,0,,no,UNKNOWN,,200,,,,,,,,
https://funnytools.win/es/guias/grupos-aleatorios-clase/,es,es,guide,random,sitemap-es.xml,2026-07-28,47,200 live verified,yes,161,141,1,1434,1423,0.9923291492329149,,Grupos aleatorios en clase: guía para docentes - FunnyTools,,,,3,0.84,0.836,ADJACENT; COMPLEMENTARY; UNKNOWN,KEEP,high,Unknown,no,unknown,unknown,2026-09-13T08:23:19.944Z,https://search.google.com/search-console/inspect?resource_id=sc-domain:funnytools.win&id=8XMHttDm3So8YQD_AmiHyg&utm_medium=link&utm_source=api,NEUTRAL,Google no reconoce esta URL,ROBOTS_TXT_STATE_UNSPECIFIED,INDEXING_STATE_UNSPECIFIED,,0,never crawled,PAGE_FETCH_STATE_UNSPECIFIED,,,GOOGLE_CANONICAL_ABSENT,,0,,0,,no,UNKNOWN,,200,,,,,,,,
https://funnytools.win/es/guias/interaccion-anova-dos-factores/,es,es,guide,statistics,sitemap-es.xml,2026-07-28,47,200 live verified,yes,163,141,1,1974,1964,0.9949341438703141,,Interacción en ANOVA de dos factores - FunnyTools,,,,1,0.833,0.831,ADJACENT,KEEP,high,Unknown,no,unknown,unknown,2026-09-13T08:23:21.517Z,https://search.google.com/search-console/inspect?resource_id=sc-domain:funnytools.win&id=yTJuEPFzgn7U9Sni1Zw5PQ&utm_medium=link&utm_source=api,NEUTRAL,Google no reconoce esta URL,ROBOTS_TXT_STATE_UNSPECIFIED,INDEXING_STATE_UNSPECIFIED,,0,never crawled,PAGE_FETCH_STATE_UNSPECIFIED,,,GOOGLE_CANONICAL_ABSENT,,0,,0,,no,UNKNOWN,,200,,,,,,,,
https://funnytools.win/es/guias/kb-mb-gb-tb-conversion/,es,es,guide,general,sitemap-es.xml,2026-07-29,46,200 live verified,yes,160,140,1,1790,1778,0.9932960893854749,,"KB, MB, GB y TB: conversión y diferencias - FunnyTools",,,,0,,,,KEEP,low,Unknown,no,unknown,unknown,2026-09-13T08:23:21.784Z,https://search.google.com/search-console/inspect?resource_id=sc-domain:funnytools.win&id=oyD4TaLJhkAvHja3jdRqzA&utm_medium=link&utm_source=api,NEUTRAL,Google no reconoce esta URL,ROBOTS_TXT_STATE_UNSPECIFIED,INDEXING_STATE_UNSPECIFIED,,0,never crawled,PAGE_FETCH_STATE_UNSPECIFIED,,,GOOGLE_CANONICAL_ABSENT,,0,,0,,no,UNKNOWN,,200,,,,,,,,
https://funnytools.win/es/guias/limite-palabras-ensayos-examenes/,es,es,guide,text,sitemap-es.xml,2026-07-28,47,200 live verified,yes,162,141,1,2200,2189,0.995,,Cómo contar palabras en ensayos y exámenes - FunnyTools,,,,1,0.839,0.836,COMPLEMENTARY,IMPROVE,high,Unknown,no,unknown,unknown,2026-09-13T08:23:27.303Z,https://search.google.com/search-console/inspect?resource_id=sc-domain:funnytools.win&id=7wWSoEemnJ2UWPSVmdYAKw&utm_medium=link&utm_source=api,NEUTRAL,Google no reconoce esta URL,ROBOTS_TXT_STATE_UNSPECIFIED,INDEXING_STATE_UNSPECIFIED,,0,never crawled,PAGE_FETCH_STATE_UNSPECIFIED,,,GOOGLE_CANONICAL_ABSENT,,0,,0,,no,UNKNOWN,,200,,,,,,,,
https://funnytools.win/es/guias/prueba-levene-spss/,es,es,guide,statistics,sitemap-es.xml,2026-07-28,47,200 live verified,yes,164,141,1,2037,2026,0.9945999018163967,,Levene en SPSS: interpretación y fila correcta - FunnyTools,,,,2,0.877,0.88,COMPLEMENTARY; DIFFERENT,IMPROVE,high,Crawled Not Indexed,yes,yes,no,2026-09-13T08:23:28.787Z,https://search.google.com/search-console/inspect?resource_id=sc-domain:funnytools.win&id=lshpTiFUcAcDi2eGG4S2fQ&utm_medium=link&utm_source=api,NEUTRAL,Rastreada: actualmente sin indexar,ALLOWED,INDEXING_ALLOWED,2026-08-13T04:04:07Z,31,>30 days,SUCCESSFUL,https://funnytools.win/es/guias/prueba-levene-spss/,https://funnytools.win/es/guias/prueba-levene-spss/,SELF_MATCH,MOBILE,0,,1,https://funnytools.win/guides/spss-levene-test-guide/,no,UNKNOWN,,200,,,,,,,,
https://funnytools.win/es/guias/prueba-t-formato-apa-7/,es,es,guide,general,sitemap-es.xml,2026-07-28,47,200 live verified,yes,163,141,1,1960,1946,0.9928571428571429,,"Prueba t en APA 7: formato, ejemplos, p y efecto - FunnyTools",,,,6,0.842,0.836,COMPLEMENTARY; DIFFERENT; UNKNOWN,IMPROVE,high,Unknown,no,unknown,unknown,2026-09-13T08:23:29.096Z,https://search.google.com/search-console/inspect?resource_id=sc-domain:funnytools.win&id=zFwjR0YXPKVUHUpLzZ-2nQ&utm_medium=link&utm_source=api,NEUTRAL,Google no reconoce esta URL,ROBOTS_TXT_STATE_UNSPECIFIED,INDEXING_STATE_UNSPECIFIED,,0,never crawled,PAGE_FETCH_STATE_UNSPECIFIED,,,GOOGLE_CANONICAL_ABSENT,,0,,0,,no,UNKNOWN,,200,,,,,,,,
https://funnytools.win/es/guias/puntuacion-t-interpretacion/,es,es,guide,statistics,sitemap-es.xml,2026-07-28,47,200 live verified,yes,162,141,1,1580,1571,0.9943037974683544,,Puntuación T: cálculo e interpretación - FunnyTools,,,,1,0.867,0.857,COMPLEMENTARY,IMPROVE,high,Crawled Not Indexed,yes,yes,no,2026-09-13T08:23:34.473Z,https://search.google.com/search-console/inspect?resource_id=sc-domain:funnytools.win&id=qYTWsmZpQ6p-uESueTkHaQ&utm_medium=link&utm_source=api,NEUTRAL,Rastreada: actualmente sin indexar,ALLOWED,INDEXING_ALLOWED,2026-08-02T14:59:12Z,41,>30 days,SUCCESSFUL,https://funnytools.win/es/guias/puntuacion-t-interpretacion/,https://funnytools.win/es/guias/puntuacion-t-interpretacion/,SELF_MATCH,MOBILE,0,,1,https://funnytools.win/guides/t-score-calculator-guide/,no,UNKNOWN,,200,,,,,,,,
https://funnytools.win/es/guias/puntuacion-z-interpretacion/,es,es,guide,statistics,sitemap-es.xml,2026-07-28,47,200 live verified,yes,163,141,1,1487,1478,0.9939475453934096,,Puntuación Z: cálculo e interpretación - FunnyTools,,,,1,0.837,0.825,COMPLEMENTARY,IMPROVE,high,Crawled Not Indexed,yes,yes,no,2026-09-13T08:23:50.934Z,https://search.google.com/search-console/inspect?resource_id=sc-domain:funnytools.win&id=lJveahFjP0sa1lG_GsI61A&utm_medium=link&utm_source=api,NEUTRAL,Rastreada: actualmente sin indexar,ALLOWED,INDEXING_ALLOWED,2026-08-11T23:03:32Z,32,>30 days,SUCCESSFUL,https://funnytools.win/es/guias/puntuacion-z-interpretacion/,https://funnytools.win/es/guias/puntuacion-z-interpretacion/,SELF_MATCH,MOBILE,0,,0,,no,UNKNOWN,,200,,,,,,,,
https://funnytools.win/es/guias/rango-percentil-interpretacion/,es,es,guide,statistics,sitemap-es.xml,2026-07-28,47,200 live verified,yes,163,141,1,1903,1893,0.9947451392538098,,"Rango percentil: significado, fórmula y ejemplos - FunnyTools",,,,1,0.876,0.875,COMPLEMENTARY,IMPROVE,high,Unknown,no,unknown,unknown,2026-09-13T08:23:36.472Z,https://search.google.com/search-console/inspect?resource_id=sc-domain:funnytools.win&id=nmNT33CMguocd1tcmd5z8w&utm_medium=link&utm_source=api,NEUTRAL,Google no reconoce esta URL,ROBOTS_TXT_STATE_UNSPECIFIED,INDEXING_STATE_UNSPECIFIED,,0,never crawled,PAGE_FETCH_STATE_UNSPECIFIED,,,GOOGLE_CANONICAL_ABSENT,,0,,0,,no,UNKNOWN,,200,,,,,,,,
https://funnytools.win/es/guias/ruleta-sorteos-clase/,es,es,guide,random,sitemap-es.xml,2026-07-28,47,200 live verified,yes,162,141,1,1623,1613,0.9938385705483672,,Ruleta aleatoria para clase: guía docente - FunnyTools,,,,4,0.816,0.812,ADJACENT; UNKNOWN,KEEP,high,Unknown,no,unknown,unknown,2026-09-13T08:23:41.652Z,https://search.google.com/search-console/inspect?resource_id=sc-domain:funnytools.win&id=qaYPQpzyvyOuSi6lWdnMAQ&utm_medium=link&utm_source=api,NEUTRAL,Google no reconoce esta URL,ROBOTS_TXT_STATE_UNSPECIFIED,INDEXING_STATE_UNSPECIFIED,,0,never crawled,PAGE_FETCH_STATE_UNSPECIFIED,,,GOOGLE_CANONICAL_ABSENT,,0,,0,,no,UNKNOWN,,200,,,,,,,,
https://funnytools.win/es/guias/selector-aleatorio-alumnos/,es,es,guide,random,sitemap-es.xml,2026-07-29,46,200 live verified,yes,161,141,1,1220,1210,0.9918032786885246,,Selector aleatorio de alumnos para clase - FunnyTools,,,,1,0.816,0.798,ADJACENT,KEEP,low,Unknown,no,unknown,unknown,2026-09-13T08:23:43.821Z,https://search.google.com/search-console/inspect?resource_id=sc-domain:funnytools.win&id=eVJQ_IuaKa6fELzSDWTo1w&utm_medium=link&utm_source=api,NEUTRAL,Google no reconoce esta URL,ROBOTS_TXT_STATE_UNSPECIFIED,INDEXING_STATE_UNSPECIFIED,,0,never crawled,PAGE_FETCH_STATE_UNSPECIFIED,,,GOOGLE_CANONICAL_ABSENT,,0,,0,,no,UNKNOWN,,200,,,,,,,,
https://funnytools.win/es/guias/temporizador-clase/,es,es,guide,time,sitemap-es.xml,2026-07-28,47,200 live verified,yes,163,141,1,1205,1196,0.9925311203319502,,Temporizador para clase y actividades - FunnyTools,,,,0,,,,KEEP,low,Crawled Not Indexed,yes,yes,no,2026-09-13T08:23:48.692Z,https://search.google.com/search-console/inspect?resource_id=sc-domain:funnytools.win&id=cnqJYC7g6uOXivnP6MP1-w&utm_medium=link&utm_source=api,NEUTRAL,Rastreada: actualmente sin indexar,ALLOWED,INDEXING_ALLOWED,2026-09-09T04:10:53Z,4,<7 days,SUCCESSFUL,https://funnytools.win/es/guias/temporizador-clase/,https://funnytools.win/es/guias/temporizador-clase/,SELF_MATCH,MOBILE,0,,1,https://funnytools.win/guides/classroom-timer-guide/,no,UNKNOWN,,200,,,,,0,1,0,1
https://funnytools.win/es/guias/unir-pdf-sin-subir-archivos/,es,es,guide,pdf,sitemap-es.xml,2026-07-28,47,200 live verified,yes,163,141,1,1825,1812,0.9928767123287672,,Unir PDF sin subir archivos y de forma privada - FunnyTools,,,,9,0.888,0.875,ADJACENT; COMPLEMENTARY; UNKNOWN,KEEP,high,Unknown,no,unknown,unknown,2026-09-13T08:23:50.958Z,https://search.google.com/search-console/inspect?resource_id=sc-domain:funnytools.win&id=NJX_Q_9GkwSp6a-UWb29GA&utm_medium=link&utm_source=api,NEUTRAL,Google no reconoce esta URL,ROBOTS_TXT_STATE_UNSPECIFIED,INDEXING_STATE_UNSPECIFIED,,0,never crawled,PAGE_FETCH_STATE_UNSPECIFIED,,,GOOGLE_CANONICAL_ABSENT,,0,,0,,no,UNKNOWN,,200,,,,,,,,
https://funnytools.win/es/herramientas/,es,es,hub,general,sitemap-es.xml,2026-09-02,11,200 live verified,yes,322,142,1,3901,3892,0.9976928992566009,,Herramientas online gratis y privadas | FunnyTools,,,,1,0.885,0.884,ADJACENT,IMPROVE,high,Unknown,no,unknown,unknown,2026-09-13T08:24:10.802Z,https://search.google.com/search-console/inspect?resource_id=sc-domain:funnytools.win&id=rEC2aZfzorvyHZTEhz8kaQ&utm_medium=link&utm_source=api,NEUTRAL,Google no reconoce esta URL,ROBOTS_TXT_STATE_UNSPECIFIED,INDEXING_STATE_UNSPECIFIED,,0,never crawled,PAGE_FETCH_STATE_UNSPECIFIED,,,GOOGLE_CANONICAL_ABSENT,,0,,0,,no,UNKNOWN,,200,,,,,,,,
https://funnytools.win/es/herramientas/cad-2d-online/,es,es,tool,draw,sitemap-es.xml,2026-07-29,46,200 live verified,yes,163,142,1,1746,1733,0.9925544100801833,,CAD 2D online gratis | Dibujar planos y exportar SVG - FunnyTools,cad-2d,use|cad-2d|cad-2d|tool-result|cad-2d|general,MEDIUM,0,,,,KEEP,low,Unknown,no,unknown,unknown,2026-09-13T08:23:57.891Z,https://search.google.com/search-console/inspect?resource_id=sc-domain:funnytools.win&id=jfq24JE0P-GSTGj85P0bUg&utm_medium=link&utm_source=api,NEUTRAL,Google no reconoce esta URL,ROBOTS_TXT_STATE_UNSPECIFIED,INDEXING_STATE_UNSPECIFIED,,0,never crawled,PAGE_FETCH_STATE_UNSPECIFIED,,,GOOGLE_CANONICAL_ABSENT,,0,,0,,no,UNKNOWN,,200,,,,,,,,
https://funnytools.win/es/herramientas/calculadora-alfa-cronbach/,es,es,tool,statistics,sitemap-es.xml,2026-07-28,47,200 live verified,yes,161,141,1,1753,1743,0.9942954934398175,,Calculadora de alfa de Cronbach online - FunnyTools,cronbach-alpha-calculator,calculate|cronbach-alpha|cronbach-alpha|calculated-result|cronbach-alpha|general,MEDIUM,0,,,,KEEP,low,Crawled Not Indexed,yes,yes,no,2026-09-13T08:23:58.242Z,https://search.google.com/search-console/inspect?resource_id=sc-domain:funnytools.win&id=Bay-G47wIz5sndaIBn-2CQ&utm_medium=link&utm_source=api,NEUTRAL,Rastreada: actualmente sin indexar,ALLOWED,INDEXING_ALLOWED,2026-08-19T00:59:18Z,25,15–30 days,SUCCESSFUL,https://funnytools.win/es/herramientas/calculadora-alfa-cronbach/,https://funnytools.win/es/herramientas/calculadora-alfa-cronbach/,SELF_MATCH,MOBILE,0,,1,https://funnytools.win/tools/cronbach-alpha-calculator/,no,UNKNOWN,,200,,,,,,,,
https://funnytools.win/es/herramientas/calculadora-de-edad/,es,es,tool,time,sitemap-es.xml,2026-07-29,46,200 live verified,yes,163,142,1,1851,1839,0.993517017828201,,"Calculadora de edad exacta | Años, meses y días - FunnyTools",age-calculator,calculate|age|age|calculated-result|age|general,MEDIUM,0,,,,KEEP,low,Unknown,no,unknown,unknown,2026-09-13T08:24:04.803Z,https://search.google.com/search-console/inspect?resource_id=sc-domain:funnytools.win&id=NUyzDt-5fTgMbncPxADrUw&utm_medium=link&utm_source=api,NEUTRAL,Google no reconoce esta URL,ROBOTS_TXT_STATE_UNSPECIFIED,INDEXING_STATE_UNSPECIFIED,,0,never crawled,PAGE_FETCH_STATE_UNSPECIFIED,,,GOOGLE_CANONICAL_ABSENT,,0,,0,,no,UNKNOWN,,200,,,,,,,,
https://funnytools.win/es/herramientas/calculadora-desviacion-estandar/,es,es,tool,statistics,sitemap-es.xml,2026-07-29,46,200 live verified,yes,163,142,1,1529,1519,0.9934597776324395,,Calculadora de desviación estándar y varianza - FunnyTools,standard-deviation,calculate|raw-scores|summary-statistics|mean-variance-standard-deviation|descriptive-statistics|general,HIGH,0,,,,KEEP,low,Crawled Not Indexed,yes,yes,no,2026-09-13T08:24:05.499Z,https://search.google.com/search-console/inspect?resource_id=sc-domain:funnytools.win&id=SI9Jmm8zGePStOVv7jar5Q&utm_medium=link&utm_source=api,NEUTRAL,Rastreada: actualmente sin indexar,ALLOWED,INDEXING_ALLOWED,2026-08-08T13:19:57Z,35,>30 days,SUCCESSFUL,https://funnytools.win/es/herramientas/calculadora-desviacion-estandar/,https://funnytools.win/es/herramientas/calculadora-desviacion-estandar/,SELF_MATCH,MOBILE,0,,2,https://funnytools.win/en/tools/standard-deviation/; https://funnytools.win/tools/standard-deviation/,no,UNKNOWN,,200,,,,,,,,
https://funnytools.win/es/herramientas/calculadora-dias-laborables/,es,es,tool,time,sitemap-es.xml,2026-07-29,46,200 live verified,yes,163,142,1,1879,1869,0.9946780202235231,,Calculadora de días laborables y hábiles - FunnyTools,business-days,use|business-days|business-days|tool-result|business-days|general,MEDIUM,1,0.829,0.825,ADJACENT,KEEP,high,Crawled Not Indexed,yes,yes,no,2026-09-13T08:24:11.805Z,https://search.google.com/search-console/inspect?resource_id=sc-domain:funnytools.win&id=qWi3F_PmLpqnqZgm7_emNg&utm_medium=link&utm_source=api,NEUTRAL,Rastreada: actualmente sin indexar,ALLOWED,INDEXING_ALLOWED,2026-08-19T18:06:28Z,24,15–30 days,SUCCESSFUL,https://funnytools.win/es/herramientas/calculadora-dias-laborables/,https://funnytools.win/es/herramientas/calculadora-dias-laborables/,SELF_MATCH,MOBILE,0,,1,https://funnytools.win/en/tools/business-days/,no,UNKNOWN,,200,,,,,,,,
https://funnytools.win/es/herramientas/calculadora-gpa/,es,es,tool,study,sitemap-es.xml,2026-07-28,47,200 live verified,yes,161,141,1,2092,2079,0.9937858508604207,,Calculadora GPA 4.0 y 4.3 por créditos - FunnyTools,gpa-calculator,calculate|gpa|gpa|calculated-result|gpa|general,MEDIUM,0,,,,KEEP,low,Unknown,no,unknown,unknown,2026-09-13T08:24:12.476Z,https://search.google.com/search-console/inspect?resource_id=sc-domain:funnytools.win&id=vpbNkhmXyroO3e5g68R7zQ&utm_medium=link&utm_source=api,NEUTRAL,Google no reconoce esta URL,ROBOTS_TXT_STATE_UNSPECIFIED,INDEXING_STATE_UNSPECIFIED,,0,never crawled,PAGE_FETCH_STATE_UNSPECIFIED,,,GOOGLE_CANONICAL_ABSENT,,0,,0,,no,UNKNOWN,,200,,,,,,,,
https://funnytools.win/es/herramientas/calculadora-hipoteca/,es,es,tool,money,sitemap-es.xml,2026-07-29,46,200 live verified,yes,163,142,1,2248,2237,0.9951067615658363,,Calculadora de hipoteca: cuota mensual e intereses - FunnyTools,mortgage-payment,use|mortgage-payment|mortgage-payment|tool-result|mortgage-payment|general,MEDIUM,0,,,,KEEP,low,Crawled Not Indexed,yes,yes,no,2026-09-13T08:24:18.254Z,https://search.google.com/search-console/inspect?resource_id=sc-domain:funnytools.win&id=Ri1LiBDXwDIRrEk5-hApiA&utm_medium=link&utm_source=api,NEUTRAL,Rastreada: actualmente sin indexar,ALLOWED,INDEXING_ALLOWED,2026-08-23T01:14:06Z,21,15–30 days,SUCCESSFUL,https://funnytools.win/es/herramientas/calculadora-hipoteca/,https://funnytools.win/es/herramientas/calculadora-hipoteca/,SELF_MATCH,MOBILE,0,,2,https://funnytools.win/fr/outils/calculateur-mensualite-pret-immobilier/; https://funnytools.win/tools/mortgage-payment/,no,UNKNOWN,,200,,,,,,,,
https://funnytools.win/es/herramientas/calculadora-horas-extra/,es,es,tool,money,sitemap-es.xml,2026-07-29,46,200 live verified,yes,163,142,1,1858,1847,0.9940796555435952,,Calculadora de horas extra | Pago por hora - FunnyTools,overtime-pay,use|overtime-pay|overtime-pay|tool-result|overtime-pay|general,MEDIUM,0,,,,KEEP,low,Unknown,no,unknown,unknown,2026-09-13T08:24:19.019Z,https://search.google.com/search-console/inspect?resource_id=sc-domain:funnytools.win&id=yfswA1_XJ0WKzq31ZICNsg&utm_medium=link&utm_source=api,NEUTRAL,Google no reconoce esta URL,ROBOTS_TXT_STATE_UNSPECIFIED,INDEXING_STATE_UNSPECIFIED,,0,never crawled,PAGE_FETCH_STATE_UNSPECIFIED,,,GOOGLE_CANONICAL_ABSENT,,0,,0,,no,UNKNOWN,,200,,,,,,,,
https://funnytools.win/es/herramientas/calculadora-inflacion/,es,es,tool,money,sitemap-es.xml,2026-09-04,9,200 live verified,yes,163,142,1,1746,1736,0.9942726231386025,,Calculadora de inflación y poder adquisitivo - FunnyTools,inflation,use|inflation|inflation|tool-result|inflation|general,MEDIUM,0,,,,KEEP,low,Crawled Not Indexed,yes,yes,no,2026-09-13T08:24:19.618Z,https://search.google.com/search-console/inspect?resource_id=sc-domain:funnytools.win&id=eNmXfpMMYxlU-VRnnTME7g&utm_medium=link&utm_source=api,NEUTRAL,Rastreada: actualmente sin indexar,ALLOWED,INDEXING_ALLOWED,2026-08-20T17:34:39Z,23,15–30 days,SUCCESSFUL,https://funnytools.win/es/herramientas/calculadora-inflacion/,https://funnytools.win/es/herramientas/calculadora-inflacion/,SELF_MATCH,MOBILE,0,,1,https://funnytools.win/tools/inflation/,no,UNKNOWN,,200,,,,,,,,
https://funnytools.win/es/herramientas/calculadora-interes-compuesto/,es,es,tool,money,sitemap-es.xml,2026-07-29,46,200 live verified,yes,163,142,1,2061,2051,0.995147986414362,,Interés compuesto: calculadora con aportes mensuales - FunnyTools,compound-interest,use|compound-interest|compound-interest|tool-result|compound-interest|general,MEDIUM,1,0.833,0.834,ADJACENT,KEEP,high,Crawled Not Indexed,yes,yes,no,2026-09-13T08:24:40.487Z,https://search.google.com/search-console/inspect?resource_id=sc-domain:funnytools.win&id=i7lpHKeuK0paxElbPMXIpw&utm_medium=link&utm_source=api,NEUTRAL,Rastreada: actualmente sin indexar,ALLOWED,INDEXING_ALLOWED,2026-08-16T16:17:51Z,27,15–30 days,SUCCESSFUL,https://funnytools.win/es/herramientas/calculadora-interes-compuesto/,https://funnytools.win/es/herramientas/calculadora-interes-compuesto/,SELF_MATCH,MOBILE,0,,0,,no,UNKNOWN,,200,,,,,,,,
https://funnytools.win/es/herramientas/calculadora-media-ponderada/,es,es,tool,statistics,sitemap-es.xml,2026-07-30,45,200 live verified,yes,163,142,1,1705,1694,0.9935483870967742,,Calculadora de media ponderada | Notas y créditos - FunnyTools,weighted-average-calculator,calculate|values-and-weights|weighted-result|weighted-average|weighted-calculation|general,HIGH,0,,,,KEEP,low,Crawled Not Indexed,yes,yes,no,2026-09-13T08:24:26.016Z,https://search.google.com/search-console/inspect?resource_id=sc-domain:funnytools.win&id=DgG1IpsjLDbTJuRMvFabMQ&utm_medium=link&utm_source=api,NEUTRAL,Rastreada: actualmente sin indexar,ALLOWED,INDEXING_ALLOWED,2026-08-24T23:49:35Z,19,15–30 days,SUCCESSFUL,https://funnytools.win/es/herramientas/calculadora-media-ponderada/,https://funnytools.win/es/herramientas/calculadora-media-ponderada/,SELF_MATCH,MOBILE,0,,2,https://funnytools.win/tools/weighted-average-calculator/; https://funnytools.win/en/tools/weighted-average-calculator/,no,UNKNOWN,,200,,,,,,,,
https://funnytools.win/es/herramientas/calculadora-meta-ahorro/,es,es,tool,money,sitemap-es.xml,2026-07-29,46,200 live verified,yes,163,142,1,2077,2065,0.9942224362060664,,Meta de ahorro: calcula tiempo o aporte mensual - FunnyTools,savings-goal,use|savings-goal|savings-goal|tool-result|savings-goal|general,MEDIUM,1,0.833,0.834,ADJACENT,KEEP,high,Unknown,no,unknown,unknown,2026-09-13T08:24:26.701Z,https://search.google.com/search-console/inspect?resource_id=sc-domain:funnytools.win&id=3ROtUs2PoonEoYKFXWpFLg&utm_medium=link&utm_source=api,NEUTRAL,Google no reconoce esta URL,ROBOTS_TXT_STATE_UNSPECIFIED,INDEXING_STATE_UNSPECIFIED,,0,never crawled,PAGE_FETCH_STATE_UNSPECIFIED,,,GOOGLE_CANONICAL_ABSENT,,0,,0,,no,UNKNOWN,,200,,,,,,,,
https://funnytools.win/es/herramientas/calculadora-nota-oposicion-docente/,es,es,tool,statistics,sitemap-es.xml,2026-07-28,47,200 live verified,yes,161,141,1,1440,1431,0.99375,,Calculadora nota oposición docente | Ponderaciones - FunnyTools,teacher-exam-score-converter,calculate|teacher-exam-score-converter|teacher-exam-score-converter|calculated-result|teacher-exam-score-converter|general,MEDIUM,0,,,,KEEP,low,Crawled Not Indexed,yes,yes,no,2026-09-13T08:24:33.007Z,https://search.google.com/search-console/inspect?resource_id=sc-domain:funnytools.win&id=Qepo_P29nzgfK3814l5AZw&utm_medium=link&utm_source=api,NEUTRAL,Rastreada: actualmente sin indexar,ALLOWED,INDEXING_ALLOWED,2026-08-09T03:39:10Z,35,>30 days,SUCCESSFUL,https://funnytools.win/es/herramientas/calculadora-nota-oposicion-docente/,https://funnytools.win/es/herramientas/calculadora-nota-oposicion-docente/,SELF_MATCH,MOBILE,0,,1,https://funnytools.win/tools/teacher-exam-score-converter/,no,UNKNOWN,,200,,,,,,,,
https://funnytools.win/es/herramientas/calculadora-percentil-ranking-clase/,es,es,tool,statistics,sitemap-es.xml,2026-09-10,3,200 live verified,yes,161,141,1,1625,1614,0.9932307692307693,,Calculadora de percentil por ranking de clase - FunnyTools,class-rank-percentile-calculator,calculate|class-rank-percentile|class-rank-percentile|calculated-result|class-rank-percentile|general,MEDIUM,0,,,,KEEP,low,Crawled Not Indexed,yes,yes,no,2026-09-13T08:24:33.834Z,https://search.google.com/search-console/inspect?resource_id=sc-domain:funnytools.win&id=Dy4Ai2eFEdMR6dlvUNoJpg&utm_medium=link&utm_source=api,NEUTRAL,Rastreada: actualmente sin indexar,ALLOWED,INDEXING_ALLOWED,2026-08-20T17:47:22Z,23,15–30 days,SUCCESSFUL,https://funnytools.win/es/herramientas/calculadora-percentil-ranking-clase/,https://funnytools.win/es/herramientas/calculadora-percentil-ranking-clase/,SELF_MATCH,MOBILE,0,,1,https://funnytools.win/tools/class-rank-percentile-calculator/,no,UNKNOWN,,200,,,,,0,1,0,3
https://funnytools.win/es/herramientas/calculadora-porcentajes/,es,es,tool,statistics,sitemap-es.xml,2026-07-29,46,200 live verified,yes,163,142,1,1415,1405,0.9929328621908127,,Calculadora de porcentajes: cantidad y cambio - FunnyTools,percentage-calculator,calculate|percentage|percentage|calculated-result|percentage|general,MEDIUM,0,,,,KEEP,low,Crawled Not Indexed,yes,yes,no,2026-09-13T08:24:39.993Z,https://search.google.com/search-console/inspect?resource_id=sc-domain:funnytools.win&id=0JCKnv25PMDYyLGsiEOkog&utm_medium=link&utm_source=api,NEUTRAL,Rastreada: actualmente sin indexar,ALLOWED,INDEXING_ALLOWED,2026-08-05T14:30:23Z,38,>30 days,SUCCESSFUL,https://funnytools.win/es/herramientas/calculadora-porcentajes/,https://funnytools.win/es/herramientas/calculadora-porcentajes/,SELF_MATCH,MOBILE,0,,1,https://funnytools.win/en/tools/percentage-calculator/,no,UNKNOWN,,200,,,,,,,,
https://funnytools.win/es/herramientas/calculadora-promedio-notas/,es,es,tool,statistics,sitemap-es.xml,2026-09-10,3,200 live verified,yes,163,142,1,1436,1425,0.9923398328690808,,Promedio de notas: calculadora simple y ponderada - FunnyTools,grade-average,calculate|grades|average-grade|grade-average|grade-calculation|general,HIGH,0,,,,KEEP,low,Crawled Not Indexed,yes,yes,no,2026-09-13T08:24:43.919Z,https://search.google.com/search-console/inspect?resource_id=sc-domain:funnytools.win&id=3R1oRbFbMaFgclxBDTTqvA&utm_medium=link&utm_source=api,NEUTRAL,Rastreada: actualmente sin indexar,ALLOWED,INDEXING_ALLOWED,2026-08-06T06:44:21Z,38,>30 days,SUCCESSFUL,https://funnytools.win/es/herramientas/calculadora-promedio-notas/,https://funnytools.win/es/herramientas/calculadora-promedio-notas/,SELF_MATCH,MOBILE,0,,2,https://funnytools.win/en/tools/grade-average/; https://funnytools.win/tools/grade-average/,no,UNKNOWN,,200,,,,,,,,
https://funnytools.win/es/herramientas/calculadora-puntuacion-t/,es,es,tool,statistics,sitemap-es.xml,2026-07-30,45,200 live verified,yes,163,142,1,1696,1684,0.9929245283018868,,Calculadora de puntuación T | Convertir Z a T - FunnyTools,t-score-calculator,calculate|z-score|standardized-score|t-score|score-standardization|general,HIGH,1,0.867,0.857,COMPLEMENTARY,IMPROVE,high,Crawled Not Indexed,yes,yes,no,2026-09-13T08:24:47.004Z,https://search.google.com/search-console/inspect?resource_id=sc-domain:funnytools.win&id=ldUcy8q9Ny4-RLWzT9_Nqw&utm_medium=link&utm_source=api,NEUTRAL,Rastreada: actualmente sin indexar,ALLOWED,INDEXING_ALLOWED,2026-08-07T12:54:21Z,36,>30 days,SUCCESSFUL,https://funnytools.win/es/herramientas/calculadora-puntuacion-t/,https://funnytools.win/es/herramientas/calculadora-puntuacion-t/,SELF_MATCH,MOBILE,0,,1,https://funnytools.win/en/tools/t-score-calculator/,no,UNKNOWN,,200,,,,,,,,
https://funnytools.win/es/herramientas/calculadora-puntuacion-z/,es,es,tool,statistics,sitemap-es.xml,2026-07-30,45,200 live verified,yes,163,142,1,1911,1900,0.9942438513867086,,Calculadora de puntuación Z | Fórmula y ejemplo - FunnyTools,z-score-calculator,calculate|score-and-distribution|standardized-score|z-score|score-standardization|general,HIGH,2,0.837,0.825,ADJACENT; COMPLEMENTARY,IMPROVE,high,Crawled Not Indexed,yes,yes,no,2026-09-13T08:24:47.624Z,https://search.google.com/search-console/inspect?resource_id=sc-domain:funnytools.win&id=Asf51zFOVpK44l5OQ6FxQg&utm_medium=link&utm_source=api,NEUTRAL,Rastreada: actualmente sin indexar,ALLOWED,INDEXING_ALLOWED,2026-09-09T03:45:50Z,4,<7 days,SUCCESSFUL,https://funnytools.win/es/herramientas/calculadora-puntuacion-z/,https://funnytools.win/es/herramientas/calculadora-puntuacion-z/,SELF_MATCH,MOBILE,0,,2,https://funnytools.win/tools/z-score-calculator/; https://funnytools.win/en/tools/z-score-calculator/,no,UNKNOWN,,200,,,,,,,,
https://funnytools.win/es/herramientas/calculadora-rango-percentil/,es,es,tool,statistics,sitemap-es.xml,2026-07-29,46,200 live verified,yes,163,142,1,1776,1765,0.9938063063063063,,Calculadora de rango percentil con empates | PR - FunnyTools,percentile-rank-calculator,calculate|score-and-distribution|rank|percentile-rank|rank-calculation|general,HIGH,1,0.876,0.875,COMPLEMENTARY,IMPROVE,high,Unknown,no,unknown,unknown,2026-09-13T08:24:51.232Z,https://search.google.com/search-console/inspect?resource_id=sc-domain:funnytools.win&id=OPqL6TTibZh3rlRgBEeXog&utm_medium=link&utm_source=api,NEUTRAL,Google no reconoce esta URL,ROBOTS_TXT_STATE_UNSPECIFIED,INDEXING_STATE_UNSPECIFIED,,0,never crawled,PAGE_FETCH_STATE_UNSPECIFIED,,,GOOGLE_CANONICAL_ABSENT,,0,,0,,no,UNKNOWN,,200,,,,,,,,
https://funnytools.win/es/herramientas/calculadora-sueldo-neto/,es,es,tool,money,sitemap-es.xml,2026-07-29,46,200 live verified,yes,163,142,1,1861,1849,0.9935518538420204,,Calculadora de sueldo neto | De bruto a neto - FunnyTools,net-salary,calculate|net-salary|net-salary|calculated-result|net-salary|general,MEDIUM,0,,,,KEEP,low,Unknown,no,unknown,unknown,2026-09-13T08:24:54.160Z,https://search.google.com/search-console/inspect?resource_id=sc-domain:funnytools.win&id=3KePs011MFZOJ30RK9alug&utm_medium=link&utm_source=api,NEUTRAL,Google no reconoce esta URL,ROBOTS_TXT_STATE_UNSPECIFIED,INDEXING_STATE_UNSPECIFIED,,0,never crawled,PAGE_FETCH_STATE_UNSPECIFIED,,,GOOGLE_CANONICAL_ABSENT,,0,,0,,no,UNKNOWN,,200,,,,,,,,
https://funnytools.win/es/herramientas/calculadora-t-muestras-independientes/,es,es,tool,statistics,sitemap-es.xml,2026-09-10,3,200 live verified,yes,162,141,1,1608,1598,0.9937810945273632,,Calculadora t de muestras independientes | Welch - FunnyTools,independent-samples-t-test-calculator,calculate|independent-samples-t-test|independent-samples-t-test|calculated-result|independent-samples-t-test|general,MEDIUM,1,0.842,0.836,COMPLEMENTARY,IMPROVE,high,Crawled Not Indexed,yes,yes,no,2026-09-13T08:24:54.555Z,https://search.google.com/search-console/inspect?resource_id=sc-domain:funnytools.win&id=q5LdKueGpow0F5vFLjBvqA&utm_medium=link&utm_source=api,NEUTRAL,Rastreada: actualmente sin indexar,ALLOWED,INDEXING_ALLOWED,2026-08-25T01:33:17Z,19,15–30 days,SUCCESSFUL,https://funnytools.win/es/herramientas/calculadora-t-muestras-independientes/,https://funnytools.win/es/herramientas/calculadora-t-muestras-independientes/,SELF_MATCH,MOBILE,0,,1,https://funnytools.win/tools/independent-samples-t-test-calculator/,no,UNKNOWN,,200,,,,,,,,
https://funnytools.win/es/herramientas/calcular-diferencia-entre-fechas/,es,es,tool,time,sitemap-es.xml,2026-07-29,46,200 live verified,yes,163,142,1,1986,1976,0.9949647532729103,,Diferencia entre fechas | Calculadora de días - FunnyTools,date-difference,use|date-difference|date-difference|tool-result|date-difference|general,MEDIUM,1,0.829,0.825,ADJACENT,KEEP,high,Crawled Not Indexed,yes,yes,no,2026-09-13T08:24:58.196Z,https://search.google.com/search-console/inspect?resource_id=sc-domain:funnytools.win&id=ZZ05NergaB7AjH5QUIbIUQ&utm_medium=link&utm_source=api,NEUTRAL,Rastreada: actualmente sin indexar,ALLOWED,INDEXING_ALLOWED,2026-08-18T14:51:32Z,25,15–30 days,SUCCESSFUL,https://funnytools.win/es/herramientas/calcular-diferencia-entre-fechas/,https://funnytools.win/es/herramientas/calcular-diferencia-entre-fechas/,SELF_MATCH,MOBILE,0,,1,https://funnytools.win/en/tools/date-difference/,no,UNKNOWN,,200,,,,,,,,
https://funnytools.win/es/herramientas/codificar-decodificar-base64/,es,es,tool,text,sitemap-es.xml,2026-07-29,46,200 live verified,yes,163,142,1,1273,1264,0.992930086410055,,Codificador y decodificador Base64 UTF-8 - FunnyTools,base64,use|base64|base64|tool-result|base64|general,MEDIUM,0,,,,KEEP,low,Unknown,no,unknown,unknown,2026-09-13T08:25:01.355Z,https://search.google.com/search-console/inspect?resource_id=sc-domain:funnytools.win&id=vEJj2qVBo3gV2HHvdQCVog&utm_medium=link&utm_source=api,NEUTRAL,Google no reconoce esta URL,ROBOTS_TXT_STATE_UNSPECIFIED,INDEXING_STATE_UNSPECIFIED,,0,never crawled,PAGE_FETCH_STATE_UNSPECIFIED,,,GOOGLE_CANONICAL_ABSENT,,0,,0,,no,UNKNOWN,,200,,,,,,,,
https://funnytools.win/es/herramientas/codificar-decodificar-url/,es,es,tool,text,sitemap-es.xml,2026-07-29,46,200 live verified,yes,163,142,1,1455,1445,0.993127147766323,,Codificar y decodificar URL online | UTF-8 - FunnyTools,url-encoder,use|url-encoder|url-encoder|tool-result|url-encoder|general,MEDIUM,0,,,,KEEP,low,Crawled Not Indexed,yes,yes,no,2026-09-13T08:25:01.816Z,https://search.google.com/search-console/inspect?resource_id=sc-domain:funnytools.win&id=Par--DnYz2Ew20aOl2bMCg&utm_medium=link&utm_source=api,NEUTRAL,Rastreada: actualmente sin indexar,ALLOWED,INDEXING_STATE_UNSPECIFIED,2026-09-12T03:53:37Z,1,<7 days,SUCCESSFUL,,,GOOGLE_CANONICAL_ABSENT,MOBILE,0,,1,https://funnytools.win/tools/url-encoder/,no,UNKNOWN,,200,,,,,,,,
https://funnytools.win/es/herramientas/comprimir-imagenes/,es,es,tool,image,sitemap-es.xml,2026-07-29,46,200 live verified,yes,163,142,1,1610,1598,0.9925465838509316,,"Comprimir imágenes online gratis: JPG, PNG y WebP - FunnyTools",image-compressor,compress|image-compressor|image-compressor|smaller-file|image-compressor|general,MEDIUM,8,0.871,0.869,ADJACENT; COMPLEMENTARY,KEEP,high,Unknown,no,unknown,unknown,2026-09-13T08:25:05.183Z,https://search.google.com/search-console/inspect?resource_id=sc-domain:funnytools.win&id=aOFQCpzpu1ZZszC3S3BuUA&utm_medium=link&utm_source=api,NEUTRAL,Google no reconoce esta URL,ROBOTS_TXT_STATE_UNSPECIFIED,INDEXING_STATE_UNSPECIFIED,,0,never crawled,PAGE_FETCH_STATE_UNSPECIFIED,,,GOOGLE_CANONICAL_ABSENT,,0,,0,,no,UNKNOWN,,200,,,,,,,,
https://funnytools.win/es/herramientas/comprimir-pdf/,es,es,tool,pdf,sitemap-es.xml,2026-07-29,46,200 live verified,yes,163,142,1,1314,1305,0.9931506849315068,,Comprimir PDF online: optimización local - FunnyTools,pdf-compressor,compress|pdf-compressor|pdf-compressor|smaller-file|pdf-compressor|general,MEDIUM,1,0.8,0.8,COMPLEMENTARY,IMPROVE,high,Unknown,no,unknown,unknown,2026-09-13T08:25:08.554Z,https://search.google.com/search-console/inspect?resource_id=sc-domain:funnytools.win&id=hzSrLWMaO2Et-4ba3_rLqA&utm_medium=link&utm_source=api,NEUTRAL,Google no reconoce esta URL,ROBOTS_TXT_STATE_UNSPECIFIED,INDEXING_STATE_UNSPECIFIED,,0,never crawled,PAGE_FETCH_STATE_UNSPECIFIED,,,GOOGLE_CANONICAL_ABSENT,,0,,0,,no,UNKNOWN,,200,,,,,,,,
https://funnytools.win/es/herramientas/contador-caracteres/,es,es,tool,text,sitemap-es.xml,2026-07-29,46,200 live verified,yes,163,142,1,1506,1495,0.9926958831341302,,"Contador de caracteres, espacios y bytes UTF-8 - FunnyTools",character-counter,count|character-counter|character-counter|count|character-counter|general,MEDIUM,0,,,,KEEP,low,Unknown,no,unknown,unknown,2026-09-13T08:25:08.726Z,https://search.google.com/search-console/inspect?resource_id=sc-domain:funnytools.win&id=c7-cjqajrxOShagJX7KN2Q&utm_medium=link&utm_source=api,NEUTRAL,Google no reconoce esta URL,ROBOTS_TXT_STATE_UNSPECIFIED,INDEXING_STATE_UNSPECIFIED,,0,never crawled,PAGE_FETCH_STATE_UNSPECIFIED,,,GOOGLE_CANONICAL_ABSENT,,0,,0,,no,UNKNOWN,,200,,,,,,,,
https://funnytools.win/es/herramientas/contador-palabras/,es,es,tool,text,sitemap-es.xml,2026-07-29,46,200 live verified,yes,163,142,1,1469,1459,0.9931926480599047,,Contador de palabras y caracteres online - FunnyTools,word-counter,count|word-counter|word-counter|count|word-counter|general,MEDIUM,1,0.839,0.836,COMPLEMENTARY,IMPROVE,high,Unknown,no,unknown,unknown,2026-09-13T08:25:12.127Z,https://search.google.com/search-console/inspect?resource_id=sc-domain:funnytools.win&id=ZNolZHZNybJCWNgvY77Ysg&utm_medium=link&utm_source=api,NEUTRAL,Google no reconoce esta URL,ROBOTS_TXT_STATE_UNSPECIFIED,INDEXING_STATE_UNSPECIFIED,,0,never crawled,PAGE_FETCH_STATE_UNSPECIFIED,,,GOOGLE_CANONICAL_ABSENT,,0,,0,,no,UNKNOWN,,200,,,,,,,,
https://funnytools.win/es/herramientas/conversor-puntuaciones-estandarizadas/,es,es,tool,statistics,sitemap-es.xml,2026-07-28,47,200 live verified,yes,161,141,1,1345,1335,0.9925650557620818,,Conversor de puntuación estandarizada | Escala Z - FunnyTools,normalized-score-converter,convert|raw-score-and-target-scale|standardized-score|normalized-score|score-standardization|general,HIGH,0,,,,KEEP,low,Crawled Not Indexed,yes,yes,no,2026-09-13T08:25:15.825Z,https://search.google.com/search-console/inspect?resource_id=sc-domain:funnytools.win&id=PIlPYqKqtLhg8EIJgvkOSA&utm_medium=link&utm_source=api,NEUTRAL,Rastreada: actualmente sin indexar,ALLOWED,INDEXING_ALLOWED,2026-08-15T03:41:35Z,29,15–30 days,SUCCESSFUL,https://funnytools.win/es/herramientas/conversor-puntuaciones-estandarizadas/,https://funnytools.win/es/herramientas/conversor-puntuaciones-estandarizadas/,SELF_MATCH,MOBILE,0,,1,https://funnytools.win/en/tools/normalized-score-converter/,no,UNKNOWN,,200,,,,,,,,
https://funnytools.win/es/herramientas/convertir-csv-a-json/,es,es,tool,text,sitemap-es.xml,2026-07-29,46,200 live verified,yes,163,142,1,1767,1753,0.9920769666100736,,Convertir CSV a JSON online | Coma y punto y coma - FunnyTools,csv-to-json,convert|csv|json|json-data|data-format-conversion|general,HIGH,1,0.866,0.865,DIFFERENT,KEEP,high,Crawled Not Indexed,yes,yes,no,2026-09-13T08:25:15.950Z,https://search.google.com/search-console/inspect?resource_id=sc-domain:funnytools.win&id=gagUzjq9LyHN4Da0vhB9Ug&utm_medium=link&utm_source=api,NEUTRAL,Rastreada: actualmente sin indexar,ALLOWED,INDEXING_ALLOWED,2026-08-25T02:43:44Z,19,15–30 days,SUCCESSFUL,https://funnytools.win/es/herramientas/convertir-csv-a-json/,https://funnytools.win/es/herramientas/convertir-csv-a-json/,SELF_MATCH,MOBILE,0,,2,https://funnytools.win/fr/outils/convertir-csv-en-json/; https://funnytools.win/en/tools/csv-to-json/,no,UNKNOWN,,200,,,,,,,,
https://funnytools.win/es/herramientas/convertir-imagen-base64/,es,es,tool,image,sitemap-es.xml,2026-07-29,46,200 live verified,yes,163,142,1,1479,1466,0.991210277214334,,Convertir imagen a Base64 y Data URI online gratis - FunnyTools,image-to-base64,convert|image|base64|base64-output|directional-conversion|general,MEDIUM,0,,,,KEEP,low,Unknown,no,unknown,unknown,2026-09-13T08:25:19.089Z,https://search.google.com/search-console/inspect?resource_id=sc-domain:funnytools.win&id=g0A_zpLkPdKZyqyuyu_dTQ&utm_medium=link&utm_source=api,NEUTRAL,Google no reconoce esta URL,ROBOTS_TXT_STATE_UNSPECIFIED,INDEXING_STATE_UNSPECIFIED,,0,never crawled,PAGE_FETCH_STATE_UNSPECIFIED,,,GOOGLE_CANONICAL_ABSENT,,0,,0,,no,UNKNOWN,,200,,,,,,,,
https://funnytools.win/es/herramientas/convertir-imagenes-a-pdf/,es,es,tool,pdf,sitemap-es.xml,2026-07-29,46,200 live verified,yes,163,142,1,1485,1471,0.9905723905723905,,Convertir JPG y PNG a PDF online gratis y ordenar - FunnyTools,images-to-pdf,convert|images|pdf|pdf-output|directional-conversion|general,MEDIUM,1,0.837,0.832,COMPLEMENTARY,IMPROVE,high,Unknown,no,unknown,unknown,2026-09-13T08:25:22.795Z,https://search.google.com/search-console/inspect?resource_id=sc-domain:funnytools.win&id=sVVX2pnJjihrACsl3A0jYA&utm_medium=link&utm_source=api,NEUTRAL,Google no reconoce esta URL,ROBOTS_TXT_STATE_UNSPECIFIED,INDEXING_STATE_UNSPECIFIED,,0,never crawled,PAGE_FETCH_STATE_UNSPECIFIED,,,GOOGLE_CANONICAL_ABSENT,,0,,0,,no,UNKNOWN,,200,,,,,,,,
https://funnytools.win/es/herramientas/convertir-jpg-a-png/,es,es,tool,image,sitemap-es.xml,2026-07-29,46,200 live verified,yes,163,142,1,1447,1434,0.9910158949550795,,Convertir JPG a PNG online gratis y sin subir - FunnyTools,jpg-to-png,convert|jpg|png|png-file|image-format-conversion|general,HIGH,3,0.889,0.881,ADJACENT; DIFFERENT,KEEP,high,Crawled Not Indexed,yes,yes,no,2026-09-13T08:25:23.621Z,https://search.google.com/search-console/inspect?resource_id=sc-domain:funnytools.win&id=_GjtXdG-xcenzSJ3UmuAWQ&utm_medium=link&utm_source=api,NEUTRAL,Rastreada: actualmente sin indexar,ALLOWED,INDEXING_ALLOWED,2026-08-02T17:00:15Z,41,>30 days,SUCCESSFUL,https://funnytools.win/es/herramientas/convertir-jpg-a-png/,https://funnytools.win/es/herramientas/convertir-jpg-a-png/,SELF_MATCH,MOBILE,0,,2,https://funnytools.win/tools/jpg-to-png/; https://funnytools.win/en/tools/jpg-to-png/,no,UNKNOWN,,200,,,,,,,,
https://funnytools.win/es/herramientas/convertir-jpg-a-webp/,es,es,tool,image,sitemap-es.xml,2026-07-29,46,200 live verified,yes,163,142,1,1333,1320,0.9902475618904726,,Convertir JPG a WebP online gratis y comparar peso - FunnyTools,jpg-to-webp,convert|jpg|webp|webp-file|image-format-conversion|general,HIGH,3,0.88,0.876,ADJACENT; DIFFERENT,KEEP,high,Crawled Not Indexed,yes,yes,no,2026-09-13T08:25:26.434Z,https://search.google.com/search-console/inspect?resource_id=sc-domain:funnytools.win&id=X8zY9BxyATfPuOANTki3cQ&utm_medium=link&utm_source=api,NEUTRAL,Rastreada: actualmente sin indexar,ALLOWED,INDEXING_ALLOWED,2026-08-20T15:41:58Z,23,15–30 days,SUCCESSFUL,https://funnytools.win/es/herramientas/convertir-jpg-a-webp/,https://funnytools.win/es/herramientas/convertir-jpg-a-webp/,SELF_MATCH,MOBILE,0,,2,https://funnytools.win/fr/outils/convertir-jpg-en-webp/; https://funnytools.win/tools/jpg-to-webp/,no,UNKNOWN,,200,,,,,,,,
https://funnytools.win/es/herramientas/convertir-json-a-csv/,es,es,tool,text,sitemap-es.xml,2026-07-29,46,200 live verified,yes,163,142,1,1698,1686,0.9929328621908127,,Convertir JSON a CSV online | Excel y UTF-8 - FunnyTools,json-to-csv,convert|json|csv|csv-data|data-format-conversion|general,HIGH,1,0.866,0.865,DIFFERENT,KEEP,high,Unknown,no,unknown,unknown,2026-09-13T08:25:29.757Z,https://search.google.com/search-console/inspect?resource_id=sc-domain:funnytools.win&id=WN-nr4kBE6rMtSCOG6g0tg&utm_medium=link&utm_source=api,NEUTRAL,Google no reconoce esta URL,ROBOTS_TXT_STATE_UNSPECIFIED,INDEXING_STATE_UNSPECIFIED,,0,never crawled,PAGE_FETCH_STATE_UNSPECIFIED,,,GOOGLE_CANONICAL_ABSENT,,0,,0,,no,UNKNOWN,,200,,,,,,,,
https://funnytools.win/es/herramientas/convertir-mayusculas-minusculas/,es,es,tool,text,sitemap-es.xml,2026-07-29,46,200 live verified,yes,163,142,1,1528,1519,0.9941099476439791,,Convertir mayúsculas y minúsculas online - FunnyTools,case-converter,use|case-converter|case-converter|tool-result|case-converter|general,MEDIUM,0,,,,KEEP,low,Crawled Not Indexed,yes,yes,no,2026-09-13T08:25:30.870Z,https://search.google.com/search-console/inspect?resource_id=sc-domain:funnytools.win&id=fNg4efZRvaVvPI6D3DXWyA&utm_medium=link&utm_source=api,NEUTRAL,Rastreada: actualmente sin indexar,ALLOWED,INDEXING_ALLOWED,2026-08-25T13:01:49Z,18,15–30 days,SUCCESSFUL,https://funnytools.win/es/herramientas/convertir-mayusculas-minusculas/,https://funnytools.win/es/herramientas/convertir-mayusculas-minusculas/,SELF_MATCH,MOBILE,0,,2,https://funnytools.win/tools/case-converter/; https://funnytools.win/en/tools/case-converter/,no,UNKNOWN,,200,,,,,,,,
https://funnytools.win/es/herramientas/convertir-pdf-a-imagen/,es,es,tool,pdf,sitemap-es.xml,2026-07-29,46,200 live verified,yes,163,142,1,1385,1373,0.9913357400722022,,Convertir PDF a JPG o PNG por páginas - FunnyTools,pdf-to-image,convert|pdf|image|image-files|pdf-rendering|general,HIGH,0,,,,KEEP,low,Unknown,no,unknown,unknown,2026-09-13T08:25:33.967Z,https://search.google.com/search-console/inspect?resource_id=sc-domain:funnytools.win&id=RqtJWxF0Fr7jfGaSg0wySQ&utm_medium=link&utm_source=api,NEUTRAL,Google no reconoce esta URL,ROBOTS_TXT_STATE_UNSPECIFIED,INDEXING_STATE_UNSPECIFIED,,0,never crawled,PAGE_FETCH_STATE_UNSPECIFIED,,,GOOGLE_CANONICAL_ABSENT,,0,,0,,no,UNKNOWN,,200,,,,,,,,
https://funnytools.win/es/herramientas/convertir-png-a-jpg/,es,es,tool,image,sitemap-es.xml,2026-07-29,46,200 live verified,yes,163,142,1,1538,1525,0.9915474642392718,,Convertir PNG a JPG online gratis y elegir fondo - FunnyTools,png-to-jpg,convert|png|jpg|jpg-file|image-format-conversion|general,HIGH,4,0.889,0.881,ADJACENT; DIFFERENT,KEEP,high,Unknown,no,unknown,unknown,2026-09-13T08:25:36.927Z,https://search.google.com/search-console/inspect?resource_id=sc-domain:funnytools.win&id=_DnJlZ7u6Lun4NV0aaGgYQ&utm_medium=link&utm_source=api,NEUTRAL,Google no reconoce esta URL,ROBOTS_TXT_STATE_UNSPECIFIED,INDEXING_STATE_UNSPECIFIED,,0,never crawled,PAGE_FETCH_STATE_UNSPECIFIED,,,GOOGLE_CANONICAL_ABSENT,,0,,0,,no,UNKNOWN,,200,,,,,,,,
https://funnytools.win/es/herramientas/convertir-timestamp-unix/,es,es,tool,time,sitemap-es.xml,2026-07-29,46,200 live verified,yes,163,142,1,1509,1497,0.9920477137176938,,Convertir timestamp Unix a fecha | Segundos y ms - FunnyTools,timestamp-converter,use|timestamp-converter|timestamp-converter|tool-result|timestamp-converter|general,MEDIUM,0,,,,KEEP,low,Crawled Not Indexed,yes,yes,no,2026-09-13T08:25:38.072Z,https://search.google.com/search-console/inspect?resource_id=sc-domain:funnytools.win&id=9fGCUBuyVasAXgUXCFoYSw&utm_medium=link&utm_source=api,NEUTRAL,Rastreada: actualmente sin indexar,ALLOWED,INDEXING_ALLOWED,2026-08-08T16:46:59Z,35,>30 days,SUCCESSFUL,https://funnytools.win/es/herramientas/convertir-timestamp-unix/,https://funnytools.win/es/herramientas/convertir-timestamp-unix/,SELF_MATCH,MOBILE,0,,2,https://funnytools.win/tools/timestamp-converter/; https://funnytools.win/en/tools/timestamp-converter/,no,UNKNOWN,,200,,,,,,,,
https://funnytools.win/es/herramientas/convertir-webp-a-jpg/,es,es,tool,image,sitemap-es.xml,2026-07-29,46,200 live verified,yes,163,142,1,1318,1306,0.9908952959028832,,Convertir WebP a JPG online gratis con fondo - FunnyTools,webp-to-jpg,convert|webp|jpg|jpg-file|image-format-conversion|general,HIGH,4,0.88,0.876,ADJACENT; DIFFERENT,KEEP,high,Unknown,no,unknown,unknown,2026-09-13T08:25:41.065Z,https://search.google.com/search-console/inspect?resource_id=sc-domain:funnytools.win&id=bvdlZMy9NPbYgvQThgx0sg&utm_medium=link&utm_source=api,NEUTRAL,Google no reconoce esta URL,ROBOTS_TXT_STATE_UNSPECIFIED,INDEXING_STATE_UNSPECIFIED,,0,never crawled,PAGE_FETCH_STATE_UNSPECIFIED,,,GOOGLE_CANONICAL_ABSENT,,0,,0,,no,UNKNOWN,,200,,,,,,,,
https://funnytools.win/es/herramientas/crear-diagrama-flujo/,es,es,tool,draw,sitemap-es.xml,2026-07-29,46,200 live verified,yes,164,142,1,1693,1681,0.9929119905493208,,Creador de diagramas de flujo online gratis | PNG - FunnyTools,flowchart,create|flowchart|flowchart|created-artifact|flowchart|general,MEDIUM,0,,,,KEEP,low,Crawled Not Indexed,yes,yes,no,2026-09-13T08:25:43.835Z,https://search.google.com/search-console/inspect?resource_id=sc-domain:funnytools.win&id=nTundTfecpJ_lCGbDsK_aQ&utm_medium=link&utm_source=api,NEUTRAL,Rastreada: actualmente sin indexar,ALLOWED,INDEXING_ALLOWED,2026-08-19T16:55:53Z,24,15–30 days,SUCCESSFUL,https://funnytools.win/es/herramientas/crear-diagrama-flujo/,https://funnytools.win/es/herramientas/crear-diagrama-flujo/,SELF_MATCH,MOBILE,0,,2,https://funnytools.win/en/tools/flowchart/; https://funnytools.win/tools/flowchart/,no,UNKNOWN,,200,,,,,,,,
https://funnytools.win/es/herramientas/crear-grafico-barras/,es,es,tool,draw,sitemap-es.xml,2026-07-29,46,200 live verified,yes,163,142,1,1343,1331,0.9910647803425168,,Crear gráfico de barras online y descargar PNG - FunnyTools,bar-chart-maker,create|bar-chart|bar-chart|created-artifact|bar-chart|general,MEDIUM,2,0.833,0.831,ADJACENT; COMPLEMENTARY,KEEP,high,Unknown,no,unknown,unknown,2026-09-13T08:25:45.072Z,https://search.google.com/search-console/inspect?resource_id=sc-domain:funnytools.win&id=wtGQwEJwsjdX-HeK_-75jw&utm_medium=link&utm_source=api,NEUTRAL,Google no reconoce esta URL,ROBOTS_TXT_STATE_UNSPECIFIED,INDEXING_STATE_UNSPECIFIED,,0,never crawled,PAGE_FETCH_STATE_UNSPECIFIED,,,GOOGLE_CANONICAL_ABSENT,,0,,0,,no,UNKNOWN,,200,,,,,,,,
https://funnytools.win/es/herramientas/crear-grafico-circular/,es,es,tool,draw,sitemap-es.xml,2026-07-29,46,200 live verified,yes,163,142,1,1499,1488,0.9926617745163442,,Crear gráfico circular o de sectores online - FunnyTools,pie-chart-maker,create|pie-chart|pie-chart|created-artifact|pie-chart|general,MEDIUM,1,0.833,0.831,ADJACENT,KEEP,high,Unknown,no,unknown,unknown,2026-09-13T08:25:48.211Z,https://search.google.com/search-console/inspect?resource_id=sc-domain:funnytools.win&id=EIu02zE6MCM0MFb5JtMgog&utm_medium=link&utm_source=api,NEUTRAL,Google no reconoce esta URL,ROBOTS_TXT_STATE_UNSPECIFIED,INDEXING_STATE_UNSPECIFIED,,0,never crawled,PAGE_FETCH_STATE_UNSPECIFIED,,,GOOGLE_CANONICAL_ABSENT,,0,,0,,no,UNKNOWN,,200,,,,,,,,
https://funnytools.win/es/herramientas/crear-grupos-clase/,es,es,tool,study,sitemap-es.xml,2026-07-29,46,200 live verified,yes,164,142,1,1772,1759,0.9926636568848759,,Crear grupos para clase por número o tamaño | CSV - FunnyTools,group-generator,generate|group|group|generated-result|group|general,MEDIUM,2,0.833,0.828,COMPLEMENTARY; DIFFERENT,IMPROVE,high,Unknown,no,unknown,unknown,2026-09-13T08:25:50.804Z,https://search.google.com/search-console/inspect?resource_id=sc-domain:funnytools.win&id=yJWGPXp9VXefUWGT1Mw9fQ&utm_medium=link&utm_source=api,NEUTRAL,Google no reconoce esta URL,ROBOTS_TXT_STATE_UNSPECIFIED,INDEXING_STATE_UNSPECIFIED,,0,never crawled,PAGE_FETCH_STATE_UNSPECIFIED,,,GOOGLE_CANONICAL_ABSENT,,0,,0,,no,UNKNOWN,,200,,,,,,,,
https://funnytools.win/es/herramientas/crear-plano-asientos-aula/,es,es,tool,study,sitemap-es.xml,2026-07-29,46,200 live verified,yes,163,142,1,1901,1890,0.9942135718043135,,Crear plano de asientos del aula | CSV - FunnyTools,seating-chart,use|seating-chart|seating-chart|tool-result|seating-chart|general,MEDIUM,0,,,,KEEP,low,Crawled Not Indexed,yes,yes,no,2026-09-13T08:25:52.033Z,https://search.google.com/search-console/inspect?resource_id=sc-domain:funnytools.win&id=x-48xcxV-0pqkZRH6U3kJw&utm_medium=link&utm_source=api,NEUTRAL,Rastreada: actualmente sin indexar,ALLOWED,INDEXING_ALLOWED,2026-08-19T18:35:59Z,24,15–30 days,SUCCESSFUL,https://funnytools.win/es/herramientas/crear-plano-asientos-aula/,https://funnytools.win/es/herramientas/crear-plano-asientos-aula/,SELF_MATCH,MOBILE,0,,1,https://funnytools.win/tools/seating-chart/,no,UNKNOWN,,200,,,,,,,,
https://funnytools.win/es/herramientas/cronometro-online/,es,es,tool,time,sitemap-es.xml,2026-07-29,46,200 live verified,yes,163,142,1,1666,1656,0.9939975990396158,,Cronómetro online con vueltas y centésimas - FunnyTools,stopwatch,use|stopwatch|stopwatch|tool-result|stopwatch|general,MEDIUM,0,,,,KEEP,low,Unknown,no,unknown,unknown,2026-09-13T08:25:55.453Z,https://search.google.com/search-console/inspect?resource_id=sc-domain:funnytools.win&id=TMi7jCKx1llU0Flxtu8kaQ&utm_medium=link&utm_source=api,NEUTRAL,Google no reconoce esta URL,ROBOTS_TXT_STATE_UNSPECIFIED,INDEXING_STATE_UNSPECIFIED,,0,never crawled,PAGE_FETCH_STATE_UNSPECIFIED,,,GOOGLE_CANONICAL_ABSENT,,0,,0,,no,UNKNOWN,,200,,,,,,,,
https://funnytools.win/es/herramientas/decidir-entre-dos-opciones/,es,es,tool,random,sitemap-es.xml,2026-07-29,46,200 live verified,yes,163,142,1,1701,1690,0.993533215755438,,Decidir entre dos opciones | Selector 50/50 - FunnyTools,this-or-that,use|this-or-that|this-or-that|tool-result|this-or-that|general,MEDIUM,1,0.806,0.802,UNKNOWN,IMPROVE,high,Crawled Not Indexed,yes,yes,no,2026-09-13T08:25:57.814Z,https://search.google.com/search-console/inspect?resource_id=sc-domain:funnytools.win&id=vESwRADFqgaRfxFRmupFmQ&utm_medium=link&utm_source=api,NEUTRAL,Rastreada: actualmente sin indexar,ALLOWED,INDEXING_ALLOWED,2026-08-10T15:40:43Z,33,>30 days,SUCCESSFUL,https://funnytools.win/es/herramientas/decidir-entre-dos-opciones/,https://funnytools.win/es/herramientas/decidir-entre-dos-opciones/,SELF_MATCH,MOBILE,0,,1,https://funnytools.win/en/tools/this-or-that/,no,UNKNOWN,,200,,,,,,,,
https://funnytools.win/es/herramientas/dividir-pdf/,es,es,tool,pdf,sitemap-es.xml,2026-07-29,46,200 live verified,yes,163,142,1,1421,1410,0.9922589725545391,,Dividir PDF online gratis y separar páginas - FunnyTools,split-pdf,split|pdf|pdf-files|separate-documents|pdf-document-assembly|general,HIGH,4,0.845,0.836,ADJACENT; DIFFERENT,KEEP,high,Crawled Not Indexed,yes,yes,no,2026-09-13T08:25:59.225Z,https://search.google.com/search-console/inspect?resource_id=sc-domain:funnytools.win&id=UYyTMMiKXyTNg_HWCI6vZw&utm_medium=link&utm_source=api,NEUTRAL,Rastreada: actualmente sin indexar,ALLOWED,INDEXING_ALLOWED,2026-08-16T15:31:25Z,27,15–30 days,SUCCESSFUL,https://funnytools.win/es/herramientas/dividir-pdf/,https://funnytools.win/es/herramientas/dividir-pdf/,SELF_MATCH,MOBILE,0,,1,https://funnytools.win/tools/split-pdf/,no,UNKNOWN,,200,,,,,,,,
https://funnytools.win/es/herramientas/editor-markdown-online/,es,es,tool,text,sitemap-es.xml,2026-07-29,46,200 live verified,yes,163,142,1,1673,1661,0.9928272564255828,,Editor Markdown online | Vista previa y HTML seguro - FunnyTools,markdown-previewer,preview|markdown-previewer|markdown-previewer|preview|markdown-previewer|general,MEDIUM,0,,,,KEEP,low,Crawled Not Indexed,yes,yes,no,2026-09-13T08:26:02.454Z,https://search.google.com/search-console/inspect?resource_id=sc-domain:funnytools.win&id=DIv34Fshqk_SaQm0p9jVDw&utm_medium=link&utm_source=api,NEUTRAL,Rastreada: actualmente sin indexar,ALLOWED,INDEXING_ALLOWED,2026-08-19T16:20:40Z,24,15–30 days,SUCCESSFUL,https://funnytools.win/es/herramientas/editor-markdown-online/,https://funnytools.win/es/herramientas/editor-markdown-online/,SELF_MATCH,MOBILE,0,,1,https://funnytools.win/tools/markdown-previewer/,no,UNKNOWN,,200,,,,,,,,
https://funnytools.win/es/herramientas/eliminar-lineas-duplicadas/,es,es,tool,text,sitemap-es.xml,2026-07-29,46,200 live verified,yes,163,142,1,1412,1402,0.9929178470254958,,Eliminar líneas duplicadas de texto online - FunnyTools,remove-duplicate-lines,remove|remove-duplicate-lines|remove-duplicate-lines|cleaned-output|remove-duplicate-lines|general,MEDIUM,1,0.836,0.832,ADJACENT,KEEP,high,Unknown,no,unknown,unknown,2026-09-13T08:26:05.040Z,https://search.google.com/search-console/inspect?resource_id=sc-domain:funnytools.win&id=gD3z_8wsoNWg4tXNsK9R7A&utm_medium=link&utm_source=api,NEUTRAL,Google no reconoce esta URL,ROBOTS_TXT_STATE_UNSPECIFIED,INDEXING_STATE_UNSPECIFIED,,0,never crawled,PAGE_FETCH_STATE_UNSPECIFIED,,,GOOGLE_CANONICAL_ABSENT,,0,,0,,no,UNKNOWN,,200,,,,,,,,
https://funnytools.win/es/herramientas/eliminar-lineas-vacias/,es,es,tool,text,sitemap-es.xml,2026-07-29,46,200 live verified,yes,163,142,1,1469,1457,0.9918311776718857,,Eliminar líneas vacías y saltos en blanco online - FunnyTools,remove-empty-lines,remove|remove-empty-lines|remove-empty-lines|cleaned-output|remove-empty-lines|general,MEDIUM,0,,,,KEEP,low,Crawled Not Indexed,yes,yes,no,2026-09-13T08:26:06.462Z,https://search.google.com/search-console/inspect?resource_id=sc-domain:funnytools.win&id=T1TRUrZbGzLvwWoXtyuLZA&utm_medium=link&utm_source=api,NEUTRAL,Rastreada: actualmente sin indexar,ALLOWED,INDEXING_ALLOWED,2026-09-02T04:44:11Z,11,7–14 days,SUCCESSFUL,https://funnytools.win/es/herramientas/eliminar-lineas-vacias/,https://funnytools.win/es/herramientas/eliminar-lineas-vacias/,SELF_MATCH,MOBILE,0,,2,https://funnytools.win/en/tools/remove-empty-lines/; https://funnytools.win/tools/remove-empty-lines/,no,UNKNOWN,,200,,,,,,,,
https://funnytools.win/es/herramientas/eliminar-paginas-pdf/,es,es,tool,pdf,sitemap-es.xml,2026-07-29,46,200 live verified,yes,163,142,1,1326,1316,0.9924585218702866,,Eliminar páginas PDF online: borrar hojas - FunnyTools,delete-pdf-pages,delete|pdf|pdf|remove-selected-pages|pdf-page-editing|general,HIGH,5,0.872,0.871,ADJACENT; DIFFERENT,KEEP,high,Unknown,no,unknown,unknown,2026-09-13T08:26:09.422Z,https://search.google.com/search-console/inspect?resource_id=sc-domain:funnytools.win&id=6TtsztAUbknB0PfWBTZ4qw&utm_medium=link&utm_source=api,NEUTRAL,Google no reconoce esta URL,ROBOTS_TXT_STATE_UNSPECIFIED,INDEXING_STATE_UNSPECIFIED,,0,never crawled,PAGE_FETCH_STATE_UNSPECIFIED,,,GOOGLE_CANONICAL_ABSENT,,0,,0,,no,UNKNOWN,,200,,,,,,,,
https://funnytools.win/es/herramientas/extraer-paginas-pdf/,es,es,tool,pdf,sitemap-es.xml,2026-07-29,46,200 live verified,yes,163,142,1,1334,1323,0.9917541229385307,,Extraer páginas PDF online: crear otro PDF - FunnyTools,extract-pdf-pages,extract|pdf|pdf|new-document-from-selected-pages|pdf-page-editing|general,HIGH,6,0.872,0.871,ADJACENT; COMPLEMENTARY; DIFFERENT,KEEP,high,Crawled Not Indexed,yes,yes,no,2026-09-13T08:26:12.098Z,https://search.google.com/search-console/inspect?resource_id=sc-domain:funnytools.win&id=9ql1W6tA6KiD3VfTMr9Nnw&utm_medium=link&utm_source=api,NEUTRAL,Rastreada: actualmente sin indexar,ALLOWED,INDEXING_ALLOWED,2026-07-30T17:20:19Z,44,>30 days,SUCCESSFUL,https://funnytools.win/es/herramientas/extraer-paginas-pdf/,https://funnytools.win/es/herramientas/extraer-paginas-pdf/,SELF_MATCH,MOBILE,0,,1,https://funnytools.win/tools/extract-pdf-pages/,no,UNKNOWN,,200,,,,,,,,
https://funnytools.win/es/herramientas/formatear-validar-json/,es,es,tool,text,sitemap-es.xml,2026-07-29,46,200 live verified,yes,163,142,1,1313,1304,0.9931454683929931,,Formateador y validador JSON online - FunnyTools,json-formatter,format|json-formatter|json-formatter|formatted-output|json-formatter|general,MEDIUM,0,,,,KEEP,low,Unknown,no,unknown,unknown,2026-09-13T08:26:13.394Z,https://search.google.com/search-console/inspect?resource_id=sc-domain:funnytools.win&id=JjSwTxy9HdCL61uF5CQKqw&utm_medium=link&utm_source=api,NEUTRAL,Google no reconoce esta URL,ROBOTS_TXT_STATE_UNSPECIFIED,INDEXING_STATE_UNSPECIFIED,,0,never crawled,PAGE_FETCH_STATE_UNSPECIFIED,,,GOOGLE_CANONICAL_ABSENT,,0,,0,,no,UNKNOWN,,200,,,,,,,,
https://funnytools.win/es/herramientas/generador-codigo-barras/,es,es,tool,image,sitemap-es.xml,2026-07-29,46,200 live verified,yes,163,142,1,1875,1861,0.9925333333333334,,"Generador de código de barras EAN-13, UPC y Code 128 - FunnyTools",barcode-generator,generate|barcode|barcode|generated-result|barcode|general,MEDIUM,0,,,,KEEP,low,Unknown,no,unknown,unknown,2026-09-13T08:26:16.799Z,https://search.google.com/search-console/inspect?resource_id=sc-domain:funnytools.win&id=J6VC5fMzA6dKjLiNoujbMA&utm_medium=link&utm_source=api,NEUTRAL,Google no reconoce esta URL,ROBOTS_TXT_STATE_UNSPECIFIED,INDEXING_STATE_UNSPECIFIED,,0,never crawled,PAGE_FETCH_STATE_UNSPECIFIED,,,GOOGLE_CANONICAL_ABSENT,,0,,0,,no,UNKNOWN,,200,,,,,,,,
https://funnytools.win/es/herramientas/generador-codigo-qr/,es,es,tool,image,sitemap-es.xml,2026-07-29,46,200 live verified,yes,163,142,1,1491,1478,0.9912810194500336,,Generador de código QR gratis para URL o texto - FunnyTools,qr-code-generator,generate|qr-code|qr-code|generated-result|qr-code|general,MEDIUM,1,0.819,0.825,COMPLEMENTARY,IMPROVE,high,Unknown,no,unknown,unknown,2026-09-13T08:26:18.993Z,https://search.google.com/search-console/inspect?resource_id=sc-domain:funnytools.win&id=dMYzmxGWDbWPmT7s15XdLg&utm_medium=link&utm_source=api,NEUTRAL,Google no reconoce esta URL,ROBOTS_TXT_STATE_UNSPECIFIED,INDEXING_STATE_UNSPECIFIED,,0,never crawled,PAGE_FETCH_STATE_UNSPECIFIED,,,GOOGLE_CANONICAL_ABSENT,,0,,0,,no,UNKNOWN,,200,,,,,,,,
https://funnytools.win/es/herramientas/generador-colores-hex-rgb-hsl/,es,es,tool,random,sitemap-es.xml,2026-07-29,46,200 live verified,yes,163,142,1,1872,1860,0.9935897435897436,,"Generador de colores aleatorios HEX, RGB y HSL - FunnyTools",color-generator,generate|color|color|generated-result|color|general,MEDIUM,0,,,,KEEP,low,Unknown,no,unknown,unknown,2026-09-13T08:26:20.364Z,https://search.google.com/search-console/inspect?resource_id=sc-domain:funnytools.win&id=ScGrlNUgKtNi8STdAvwWyw&utm_medium=link&utm_source=api,NEUTRAL,Google no reconoce esta URL,ROBOTS_TXT_STATE_UNSPECIFIED,INDEXING_STATE_UNSPECIFIED,,0,never crawled,PAGE_FETCH_STATE_UNSPECIFIED,,,GOOGLE_CANONICAL_ABSENT,,0,,0,,no,UNKNOWN,,200,,,,,,,,
https://funnytools.win/es/herramientas/generador-contrasenas-seguras/,es,es,tool,random,sitemap-es.xml,2026-07-29,46,200 live verified,yes,163,142,1,1922,1911,0.9942767950052029,,Generador de contraseñas seguras y aleatorias online - FunnyTools,password-generator,generate|password|password|generated-result|password|general,MEDIUM,1,0.847,0.847,COMPLEMENTARY,IMPROVE,high,Unknown,no,unknown,unknown,2026-09-13T08:26:23.969Z,https://search.google.com/search-console/inspect?resource_id=sc-domain:funnytools.win&id=akOWlRAXjNtyLhdbMx1Xzw&utm_medium=link&utm_source=api,NEUTRAL,Google no reconoce esta URL,ROBOTS_TXT_STATE_UNSPECIFIED,INDEXING_STATE_UNSPECIFIED,,0,never crawled,PAGE_FETCH_STATE_UNSPECIFIED,,,GOOGLE_CANONICAL_ABSENT,,0,,0,,no,UNKNOWN,,200,,,,,,,,
https://funnytools.win/es/herramientas/generador-grupos-aleatorios/,es,es,tool,random,sitemap-es.xml,2026-07-29,46,200 live verified,yes,163,142,1,1888,1877,0.9941737288135594,,Generador de grupos aleatorios y equipos online - FunnyTools,random-group-generator,generate|random-group|random-group|generated-result|random-group|general,MEDIUM,2,0.833,0.828,ADJACENT; DIFFERENT,KEEP,high,Unknown,no,unknown,unknown,2026-09-13T08:26:26.343Z,https://search.google.com/search-console/inspect?resource_id=sc-domain:funnytools.win&id=aQ_nCSSh8s_Zg8gdVzQ2qg&utm_medium=link&utm_source=api,NEUTRAL,Google no reconoce esta URL,ROBOTS_TXT_STATE_UNSPECIFIED,INDEXING_STATE_UNSPECIFIED,,0,never crawled,PAGE_FETCH_STATE_UNSPECIFIED,,,GOOGLE_CANONICAL_ABSENT,,0,,0,,no,UNKNOWN,,200,,,,,,,,
https://funnytools.win/es/herramientas/generador-informe-apa-7/,es,es,tool,statistics,sitemap-es.xml,2026-07-28,47,200 live verified,yes,163,141,1,1755,1744,0.9937321937321937,,Generador de resultados APA 7 en español - FunnyTools,apa-7-report-generator,generate|apa-7-report|apa-7-report|generated-result|apa-7-report|general,MEDIUM,4,0.83,0.818,ADJACENT; COMPLEMENTARY,KEEP,high,Unknown,no,unknown,unknown,2026-09-13T08:26:27.325Z,https://search.google.com/search-console/inspect?resource_id=sc-domain:funnytools.win&id=irHHdr7kOZHUqAlLgJUt8g&utm_medium=link&utm_source=api,NEUTRAL,Google no reconoce esta URL,ROBOTS_TXT_STATE_UNSPECIFIED,INDEXING_STATE_UNSPECIFIED,,0,never crawled,PAGE_FETCH_STATE_UNSPECIFIED,,,GOOGLE_CANONICAL_ABSENT,,0,,0,,no,UNKNOWN,,200,,,,,,,,
https://funnytools.win/es/herramientas/generador-numeros-aleatorios/,es,es,tool,random,sitemap-es.xml,2026-07-29,46,200 live verified,yes,163,142,1,1630,1621,0.994478527607362,,Generador de números aleatorios online - FunnyTools,random-number-picker,select|random-number-picker|random-number-picker|selected-result|random-number-picker|general,MEDIUM,0,,,,KEEP,low,Crawled Not Indexed,yes,yes,no,2026-09-13T08:26:31.258Z,https://search.google.com/search-console/inspect?resource_id=sc-domain:funnytools.win&id=gDLgObLAQ9qVZI58moxLlA&utm_medium=link&utm_source=api,NEUTRAL,Rastreada: actualmente sin indexar,ALLOWED,INDEXING_ALLOWED,2026-08-19T19:04:56Z,24,15–30 days,SUCCESSFUL,https://funnytools.win/es/herramientas/generador-numeros-aleatorios/,https://funnytools.win/es/herramientas/generador-numeros-aleatorios/,SELF_MATCH,MOBILE,0,,2,https://funnytools.win/tools/random-number-picker/; https://funnytools.win/en/tools/random-number-picker/,no,UNKNOWN,,200,,,,,,,,
https://funnytools.win/es/herramientas/generador-uuid-v4/,es,es,tool,random,sitemap-es.xml,2026-07-29,46,200 live verified,yes,163,142,1,1460,1448,0.9917808219178083,,Generador UUID v4 online | Crear GUID en lote - FunnyTools,uuid-generator,generate|uuid|uuid|generated-result|uuid|general,MEDIUM,0,,,,KEEP,low,Unknown,no,unknown,unknown,2026-09-13T08:26:33.470Z,https://search.google.com/search-console/inspect?resource_id=sc-domain:funnytools.win&id=wkj93X6XX93RRUGPapMhAA&utm_medium=link&utm_source=api,NEUTRAL,Google no reconoce esta URL,ROBOTS_TXT_STATE_UNSPECIFIED,INDEXING_STATE_UNSPECIFIED,,0,never crawled,PAGE_FETCH_STATE_UNSPECIFIED,,,GOOGLE_CANONICAL_ABSENT,,0,,0,,no,UNKNOWN,,200,,,,,,,,
https://funnytools.win/es/herramientas/interpretar-resultados-spss/,es,es,tool,statistics,sitemap-es.xml,2026-07-28,47,200 live verified,yes,163,141,1,2259,2248,0.9951305887560867,,"Interpretar resultados SPSS: t, Levene y ANOVA - FunnyTools",spss-result-interpreter,interpret|spss-result-interpreter|spss-result-interpreter|interpreted-result|spss-result-interpreter|general,MEDIUM,5,0.877,0.88,ADJACENT; COMPLEMENTARY,KEEP,high,Unknown,no,unknown,unknown,2026-09-13T08:26:34.678Z,https://search.google.com/search-console/inspect?resource_id=sc-domain:funnytools.win&id=dRFMVtDPSW658hhZ1YtxhA&utm_medium=link&utm_source=api,NEUTRAL,Google no reconoce esta URL,ROBOTS_TXT_STATE_UNSPECIFIED,INDEXING_STATE_UNSPECIFIED,,0,never crawled,PAGE_FETCH_STATE_UNSPECIFIED,,,GOOGLE_CANONICAL_ABSENT,,0,,0,,no,UNKNOWN,,200,,,,,,,,
https://funnytools.win/es/herramientas/ordenar-lineas-texto/,es,es,tool,text,sitemap-es.xml,2026-07-29,46,200 live verified,yes,163,142,1,1387,1377,0.992790194664744,,Ordenar líneas y texto alfabéticamente online - FunnyTools,sort-lines,sort|sort-lines|sort-lines|sorted-output|sort-lines|general,MEDIUM,1,0.836,0.832,ADJACENT,KEEP,high,Unknown,no,unknown,unknown,2026-09-13T08:26:38.170Z,https://search.google.com/search-console/inspect?resource_id=sc-domain:funnytools.win&id=ROTuHN_DUknVUYpprSgL_A&utm_medium=link&utm_source=api,NEUTRAL,Google no reconoce esta URL,ROBOTS_TXT_STATE_UNSPECIFIED,INDEXING_STATE_UNSPECIFIED,,0,never crawled,PAGE_FETCH_STATE_UNSPECIFIED,,,GOOGLE_CANONICAL_ABSENT,,0,,0,,no,UNKNOWN,,200,,,,,,,,
https://funnytools.win/es/herramientas/ordenar-paginas-pdf/,es,es,tool,pdf,sitemap-es.xml,2026-07-29,46,200 live verified,yes,163,142,1,1395,1385,0.992831541218638,,Ordenar PDF online: reordenar sus páginas - FunnyTools,pdf-page-reorder,reorder|pdf|pdf|reordered-document|pdf-page-editing|general,HIGH,3,0.819,0.818,DIFFERENT,KEEP,high,Crawled Not Indexed,yes,yes,no,2026-09-13T08:26:40.430Z,https://search.google.com/search-console/inspect?resource_id=sc-domain:funnytools.win&id=_WX-yfMgqTZnAxcYm7ASjQ&utm_medium=link&utm_source=api,NEUTRAL,Rastreada: actualmente sin indexar,ALLOWED,INDEXING_ALLOWED,2026-08-09T04:10:06Z,35,>30 days,SUCCESSFUL,https://funnytools.win/es/herramientas/ordenar-paginas-pdf/,https://funnytools.win/es/herramientas/ordenar-paginas-pdf/,SELF_MATCH,MOBILE,0,,2,https://funnytools.win/tools/pdf-page-reorder/; https://funnytools.win/en/tools/pdf-page-reorder/,no,UNKNOWN,,200,,,,,,,,
https://funnytools.win/es/herramientas/pizarra-dibujo-online/,es,es,tool,draw,sitemap-es.xml,2026-07-29,46,200 live verified,yes,164,142,1,1769,1758,0.9937817976257772,,Pizarra para dibujar online gratis | Descargar PNG - FunnyTools,sketchpad,create|sketchpad|sketchpad|created-artifact|sketchpad|general,MEDIUM,0,,,,KEEP,low,Crawled Not Indexed,yes,yes,no,2026-09-13T08:26:41.961Z,https://search.google.com/search-console/inspect?resource_id=sc-domain:funnytools.win&id=JJ1a8xNmwYh0LNCW0CEjpA&utm_medium=link&utm_source=api,NEUTRAL,Rastreada: actualmente sin indexar,ALLOWED,INDEXING_ALLOWED,2026-07-31T00:35:44Z,44,>30 days,SUCCESSFUL,https://funnytools.win/es/herramientas/pizarra-dibujo-online/,https://funnytools.win/es/herramientas/pizarra-dibujo-online/,SELF_MATCH,MOBILE,0,,1,https://funnytools.win/en/tools/sketchpad/,no,UNKNOWN,,200,,,,,,,,
https://funnytools.win/es/herramientas/que-comer-hoy/,es,es,tool,random,sitemap-es.xml,2026-07-29,46,200 live verified,yes,163,142,1,1879,1868,0.9941458222458754,,Qué comer hoy | Selector de comida aleatoria - FunnyTools,what-to-eat,convert|what|eat|eat-output|directional-conversion|general,MEDIUM,0,,,,KEEP,low,Crawled Not Indexed,yes,yes,no,2026-09-13T08:26:45.366Z,https://search.google.com/search-console/inspect?resource_id=sc-domain:funnytools.win&id=1iRtcyYjRCBDfheDkuFZug&utm_medium=link&utm_source=api,NEUTRAL,Rastreada: actualmente sin indexar,ALLOWED,INDEXING_STATE_UNSPECIFIED,2026-09-12T02:38:38Z,1,<7 days,SUCCESSFUL,,,GOOGLE_CANONICAL_ABSENT,MOBILE,0,,2,https://funnytools.win/tools/what-to-eat/; https://funnytools.win/en/tools/what-to-eat/,no,UNKNOWN,,200,,,,,,,,
https://funnytools.win/es/herramientas/recordatorio-descansos/,es,es,tool,time,sitemap-es.xml,2026-07-29,46,200 live verified,yes,163,142,1,1873,1863,0.99466097170315,,Recordatorio de descansos | Temporizador de pausas - FunnyTools,break-reminder,use|break-reminder|break-reminder|tool-result|break-reminder|general,MEDIUM,2,0.863,0.866,ADJACENT,KEEP,high,Crawled Not Indexed,yes,yes,no,2026-09-13T08:26:47.409Z,https://search.google.com/search-console/inspect?resource_id=sc-domain:funnytools.win&id=mTWBZfcUKjPg1kjg_DUmGg&utm_medium=link&utm_source=api,NEUTRAL,Rastreada: actualmente sin indexar,ALLOWED,INDEXING_ALLOWED,2026-08-04T05:44:47Z,40,>30 days,SUCCESSFUL,https://funnytools.win/es/herramientas/recordatorio-descansos/,https://funnytools.win/es/herramientas/recordatorio-descansos/,SELF_MATCH,MOBILE,0,,2,https://funnytools.win/en/tools/break-reminder/; https://funnytools.win/tools/break-reminder/,no,UNKNOWN,,200,,,,,,,,
https://funnytools.win/es/herramientas/recortar-imagen/,es,es,tool,image,sitemap-es.xml,2026-07-29,46,200 live verified,yes,163,142,1,1480,1467,0.9912162162162163,,Recortar imagen online gratis y sin subir la foto - FunnyTools,image-crop,transform|image-crop|image-crop|transformed-output|image-crop|general,MEDIUM,2,0.839,0.834,ADJACENT,KEEP,high,Unknown,no,unknown,unknown,2026-09-13T08:26:49.148Z,https://search.google.com/search-console/inspect?resource_id=sc-domain:funnytools.win&id=O9BnPjVoNbV80XQHKEDl7A&utm_medium=link&utm_source=api,NEUTRAL,Google no reconoce esta URL,ROBOTS_TXT_STATE_UNSPECIFIED,INDEXING_STATE_UNSPECIFIED,,0,never crawled,PAGE_FETCH_STATE_UNSPECIFIED,,,GOOGLE_CANONICAL_ABSENT,,0,,0,,no,UNKNOWN,,200,,,,,,,,
https://funnytools.win/es/herramientas/redimensionar-imagen/,es,es,tool,image,sitemap-es.xml,2026-07-29,46,200 live verified,yes,163,142,1,1545,1535,0.9935275080906149,,Redimensionar imagen online gratis por píxeles - FunnyTools,image-resizer,transform|image-resizer|image-resizer|transformed-output|image-resizer|general,MEDIUM,2,0.839,0.834,ADJACENT,KEEP,high,Unknown,no,unknown,unknown,2026-09-13T08:26:52.355Z,https://search.google.com/search-console/inspect?resource_id=sc-domain:funnytools.win&id=lt9QaX_yJ9m7WeX95Sj2yg&utm_medium=link&utm_source=api,NEUTRAL,Google no reconoce esta URL,ROBOTS_TXT_STATE_UNSPECIFIED,INDEXING_STATE_UNSPECIFIED,,0,never crawled,PAGE_FETCH_STATE_UNSPECIFIED,,,GOOGLE_CANONICAL_ABSENT,,0,,0,,no,UNKNOWN,,200,,,,,,,,
https://funnytools.win/es/herramientas/rotar-pdf/,es,es,tool,pdf,sitemap-es.xml,2026-07-29,46,200 live verified,yes,163,142,1,1465,1452,0.9911262798634812,,"Rotar PDF online: girar páginas 90°, 180° o 270° - FunnyTools",rotate-pdf,transform|rotate-pdf|rotate-pdf|transformed-output|rotate-pdf|general,MEDIUM,3,0.84,0.839,DIFFERENT,KEEP,high,Unknown,no,unknown,unknown,2026-09-13T08:26:54.708Z,https://search.google.com/search-console/inspect?resource_id=sc-domain:funnytools.win&id=hR7SKh8AcCWAV2SPN745nQ&utm_medium=link&utm_source=api,NEUTRAL,Google no reconoce esta URL,ROBOTS_TXT_STATE_UNSPECIFIED,INDEXING_STATE_UNSPECIFIED,,0,never crawled,PAGE_FETCH_STATE_UNSPECIFIED,,,GOOGLE_CANONICAL_ABSENT,,0,,0,,no,UNKNOWN,,200,,,,,,,,
https://funnytools.win/es/herramientas/rotar-voltear-imagen/,es,es,tool,image,sitemap-es.xml,2026-07-29,46,200 live verified,yes,163,142,1,1504,1491,0.9913563829787234,,Rotar imagen online y voltear foto en espejo gratis - FunnyTools,image-rotate-flip,transform|image-rotate-flip|image-rotate-flip|transformed-output|image-rotate-flip|general,MEDIUM,0,,,,KEEP,low,Unknown,no,unknown,unknown,2026-09-13T08:26:56.082Z,https://search.google.com/search-console/inspect?resource_id=sc-domain:funnytools.win&id=RvfFdFoVTlcEN3Yu2qyUMA&utm_medium=link&utm_source=api,NEUTRAL,Google no reconoce esta URL,ROBOTS_TXT_STATE_UNSPECIFIED,INDEXING_STATE_UNSPECIFIED,,0,never crawled,PAGE_FETCH_STATE_UNSPECIFIED,,,GOOGLE_CANONICAL_ABSENT,,0,,0,,no,UNKNOWN,,200,,,,,,,,
https://funnytools.win/es/herramientas/ruleta-aleatoria/,es,es,tool,random,sitemap-es.xml,2026-07-29,46,200 live verified,yes,163,142,1,1477,1468,0.993906567366283,,Ruleta aleatoria online de nombres - FunnyTools,random-wheel,select|random-wheel|random-wheel|selected-result|random-wheel|general,MEDIUM,1,0.804,0.804,ADJACENT,KEEP,high,Crawled Not Indexed,yes,yes,no,2026-09-13T08:26:59.279Z,https://search.google.com/search-console/inspect?resource_id=sc-domain:funnytools.win&id=EJCryfgDGN3Iq4LBTGvuuA&utm_medium=link&utm_source=api,NEUTRAL,Rastreada: actualmente sin indexar,ALLOWED,INDEXING_ALLOWED,2026-08-05T07:01:53Z,39,>30 days,SUCCESSFUL,https://funnytools.win/es/herramientas/ruleta-aleatoria/,https://funnytools.win/es/herramientas/ruleta-aleatoria/,SELF_MATCH,MOBILE,0,,2,https://funnytools.win/tools/random-wheel/; https://funnytools.win/en/tools/random-wheel/,no,UNKNOWN,,200,,,,,,,,
https://funnytools.win/es/herramientas/selector-aleatorio-alumnos/,es,es,tool,study,sitemap-es.xml,2026-07-29,46,200 live verified,yes,163,142,1,1732,1721,0.99364896073903,,Selector aleatorio de alumnos | Sin repetir nombres - FunnyTools,random-student-picker,select|random-student-picker|random-student-picker|selected-result|random-student-picker|general,MEDIUM,1,0.811,0.816,DIFFERENT,IMPROVE,high,Unknown,no,unknown,unknown,2026-09-13T08:27:01.701Z,https://search.google.com/search-console/inspect?resource_id=sc-domain:funnytools.win&id=7cCTDEbiLhFvmWaAlPWt-Q&utm_medium=link&utm_source=api,NEUTRAL,Google no reconoce esta URL,ROBOTS_TXT_STATE_UNSPECIFIED,INDEXING_STATE_UNSPECIFIED,,0,never crawled,PAGE_FETCH_STATE_UNSPECIFIED,,,GOOGLE_CANONICAL_ABSENT,,0,,0,,no,UNKNOWN,,200,,,,,,,,
https://funnytools.win/es/herramientas/sorteo-nombres-aleatorio/,es,es,tool,random,sitemap-es.xml,2026-07-29,46,200 live verified,yes,163,142,1,1479,1469,0.993238674780257,,Sorteo de nombres online | Selector aleatorio - FunnyTools,random-name-picker,select|random-name-picker|random-name-picker|selected-result|random-name-picker|general,MEDIUM,3,0.811,0.816,ADJACENT; DIFFERENT,KEEP,high,Crawled Not Indexed,yes,yes,no,2026-09-13T08:27:03.024Z,https://search.google.com/search-console/inspect?resource_id=sc-domain:funnytools.win&id=SQLnl_f1faZtlCyVncw-IQ&utm_medium=link&utm_source=api,NEUTRAL,Rastreada: actualmente sin indexar,ALLOWED,INDEXING_ALLOWED,2026-08-03T06:54:07Z,41,>30 days,SUCCESSFUL,https://funnytools.win/es/herramientas/sorteo-nombres-aleatorio/,https://funnytools.win/es/herramientas/sorteo-nombres-aleatorio/,SELF_MATCH,MOBILE,0,,1,https://funnytools.win/en/tools/random-name-picker/,no,UNKNOWN,,200,,,,,,,,
https://funnytools.win/es/herramientas/temporizador-online/,es,es,tool,time,sitemap-es.xml,2026-07-29,46,200 live verified,yes,163,142,1,1839,1830,0.9951060358890701,,Temporizador online | Cuenta atrás gratis - FunnyTools,countdown-timer,use|countdown-timer|countdown-timer|tool-result|countdown-timer|general,MEDIUM,1,0.829,0.827,ADJACENT,KEEP,high,Unknown,no,unknown,unknown,2026-09-13T08:27:06.240Z,https://search.google.com/search-console/inspect?resource_id=sc-domain:funnytools.win&id=JknjDn6-nA2nJL_ufgLrvw&utm_medium=link&utm_source=api,NEUTRAL,Google no reconoce esta URL,ROBOTS_TXT_STATE_UNSPECIFIED,INDEXING_STATE_UNSPECIFIED,,0,never crawled,PAGE_FETCH_STATE_UNSPECIFIED,,,GOOGLE_CANONICAL_ABSENT,,0,,0,,no,UNKNOWN,,200,,,,,,,,
https://funnytools.win/es/herramientas/temporizador-pomodoro/,es,es,tool,time,sitemap-es.xml,2026-07-29,46,200 live verified,yes,164,142,1,1680,1670,0.9940476190476191,,Temporizador Pomodoro online | Enfoque y pausas - FunnyTools,pomodoro-timer,use|pomodoro-timer|pomodoro-timer|tool-result|pomodoro-timer|general,MEDIUM,1,0.863,0.866,ADJACENT,KEEP,high,Unknown,no,unknown,unknown,2026-09-13T08:27:08.890Z,https://search.google.com/search-console/inspect?resource_id=sc-domain:funnytools.win&id=g7WguUtSTZGAEUd2kfiAew&utm_medium=link&utm_source=api,NEUTRAL,Google no reconoce esta URL,ROBOTS_TXT_STATE_UNSPECIFIED,INDEXING_STATE_UNSPECIFIED,,0,never crawled,PAGE_FETCH_STATE_UNSPECIFIED,,,GOOGLE_CANONICAL_ABSENT,,0,,0,,no,UNKNOWN,,200,,,,,,,,
https://funnytools.win/es/herramientas/tirar-dados-online/,es,es,tool,random,sitemap-es.xml,2026-07-29,46,200 live verified,yes,163,142,1,1825,1813,0.9934246575342466,,Tirar dados online | Dado virtual d6 y d20 - FunnyTools,dice-roller,generate|dice-roller|dice-roller|generated-result|dice-roller|general,MEDIUM,0,,,,KEEP,low,Crawled Not Indexed,yes,yes,no,2026-09-13T08:27:10.179Z,https://search.google.com/search-console/inspect?resource_id=sc-domain:funnytools.win&id=HN-KhQPgvi8us8X1q3M_gQ&utm_medium=link&utm_source=api,NEUTRAL,Rastreada: actualmente sin indexar,ALLOWED,INDEXING_ALLOWED,2026-08-09T04:31:05Z,35,>30 days,SUCCESSFUL,https://funnytools.win/es/herramientas/tirar-dados-online/,https://funnytools.win/es/herramientas/tirar-dados-online/,SELF_MATCH,MOBILE,0,,2,https://funnytools.win/tools/dice-roller/; https://funnytools.win/en/tools/dice-roller/,no,UNKNOWN,,200,0,1,0,62,0,2,0,57.5
https://funnytools.win/es/herramientas/unir-pdf/,es,es,tool,pdf,sitemap-es.xml,2026-07-29,46,200 live verified,yes,163,142,1,1330,1319,0.9917293233082707,,Unir PDF online gratis y en privado - FunnyTools,merge-pdf,merge|pdf-files|pdf|combined-document|pdf-document-assembly|general,HIGH,3,0.857,0.847,ADJACENT; COMPLEMENTARY; DIFFERENT,KEEP,high,Crawled Not Indexed,yes,yes,no,2026-09-13T08:27:13.256Z,https://search.google.com/search-console/inspect?resource_id=sc-domain:funnytools.win&id=vl_pGzjZZluBaniRLLWyCA&utm_medium=link&utm_source=api,NEUTRAL,Rastreada: actualmente sin indexar,ALLOWED,INDEXING_ALLOWED,2026-08-22T03:31:46Z,22,15–30 days,SUCCESSFUL,https://funnytools.win/es/herramientas/unir-pdf/,https://funnytools.win/es/herramientas/unir-pdf/,SELF_MATCH,MOBILE,0,,1,https://funnytools.win/en/tools/merge-pdf/,no,UNKNOWN,,200,,,,,,,,
https://funnytools.win/es/para/,es,es,hub,general,sitemap-es.xml,2026-07-29,46,200 live verified,yes,179,141,1,1234,1224,0.9918962722852512,,"Herramientas para docentes, estudiantes y trabajo | FunnyTools",,,,5,0.83,0.802,ADJACENT; UNKNOWN,IMPROVE,high,Crawled Not Indexed,yes,yes,no,2026-09-13T08:27:16.450Z,https://search.google.com/search-console/inspect?resource_id=sc-domain:funnytools.win&id=sAEjT4uk8kHxU0OJfY3Q8A&utm_medium=link&utm_source=api,NEUTRAL,Rastreada: actualmente sin indexar,ALLOWED,INDEXING_ALLOWED,2026-09-04T18:01:57Z,8,7–14 days,SUCCESSFUL,https://funnytools.win/es/para/,https://funnytools.win/es/para/,SELF_MATCH,MOBILE,0,,2,https://funnytools.win/for/; https://funnytools.win/en/for/,no,UNKNOWN,,200,,,,,,,,
https://funnytools.win/es/para/creadores/,es,es,audience,creators,sitemap-es.xml,2026-07-29,46,200 live verified,yes,174,4,2,1350,1340,0.9925925925925926,,Herramientas para creadores: texto e imágenes | FunnyTools,,,,11,0.856,0.82,ADJACENT; UNKNOWN,IMPROVE,high,Crawled Not Indexed,yes,yes,no,2026-09-13T08:27:17.368Z,https://search.google.com/search-console/inspect?resource_id=sc-domain:funnytools.win&id=cG_SicYY7lYXHJGZOIyE5g&utm_medium=link&utm_source=api,NEUTRAL,Rastreada: actualmente sin indexar,ALLOWED,INDEXING_ALLOWED,2026-08-19T17:57:39Z,24,15–30 days,SUCCESSFUL,https://funnytools.win/es/para/creadores/,https://funnytools.win/es/para/creadores/,SELF_MATCH,MOBILE,0,,1,https://funnytools.win/for/creators/,no,UNKNOWN,,200,,,,,,,,
https://funnytools.win/es/para/desarrolladores/,es,es,audience,developers,sitemap-es.xml,2026-07-29,46,200 live verified,yes,170,4,2,1195,1185,0.9916317991631799,,Herramientas para desarrolladores: JSON y Base64 | FunnyTools,,,,2,0.832,0.811,ADJACENT; UNKNOWN,IMPROVE,high,Unknown,no,unknown,unknown,2026-09-13T08:27:20.214Z,https://search.google.com/search-console/inspect?resource_id=sc-domain:funnytools.win&id=9CZ2gll590Qdzf-Ae-SEDg&utm_medium=link&utm_source=api,NEUTRAL,Google no reconoce esta URL,ROBOTS_TXT_STATE_UNSPECIFIED,INDEXING_STATE_UNSPECIFIED,,0,never crawled,PAGE_FETCH_STATE_UNSPECIFIED,,,GOOGLE_CANONICAL_ABSENT,,0,,0,,no,UNKNOWN,,200,,,,,,,,
https://funnytools.win/es/para/disenadores/,es,es,audience,designers,sitemap-es.xml,2026-07-29,46,200 live verified,yes,176,4,2,1315,1305,0.9923954372623575,,Herramientas para diseñadores: imagen y color | FunnyTools,,,,5,0.86,0.826,ADJACENT; UNKNOWN,IMPROVE,high,Unknown,no,unknown,unknown,2026-09-13T08:27:23.597Z,https://search.google.com/search-console/inspect?resource_id=sc-domain:funnytools.win&id=Q1Jp8wAJ-diXy6XzSLVAjw&utm_medium=link&utm_source=api,NEUTRAL,Google no reconoce esta URL,ROBOTS_TXT_STATE_UNSPECIFIED,INDEXING_STATE_UNSPECIFIED,,0,never crawled,PAGE_FETCH_STATE_UNSPECIFIED,,,GOOGLE_CANONICAL_ABSENT,,0,,0,,no,UNKNOWN,,200,,,,,,,,
https://funnytools.win/es/para/docentes/,es,es,audience,teachers,sitemap-es.xml,2026-07-29,46,200 live verified,yes,178,4,2,1117,1106,0.990152193375112,,"Herramientas para docentes: grupos, notas y aula | FunnyTools",,,,4,0.86,0.824,UNKNOWN,IMPROVE,high,Crawled Not Indexed,yes,yes,no,2026-09-13T08:27:24.498Z,https://search.google.com/search-console/inspect?resource_id=sc-domain:funnytools.win&id=CxpzO9vLIVAu-DQxlH3Thw&utm_medium=link&utm_source=api,NEUTRAL,Rastreada: actualmente sin indexar,ALLOWED,INDEXING_ALLOWED,2026-08-10T02:17:38Z,34,>30 days,SUCCESSFUL,https://funnytools.win/es/para/docentes/,https://funnytools.win/es/para/docentes/,SELF_MATCH,MOBILE,0,,1,https://funnytools.win/for/teachers/,no,UNKNOWN,,200,,,,,,,,
https://funnytools.win/es/para/estudiantes/,es,es,audience,students,sitemap-es.xml,2026-07-29,46,200 live verified,yes,178,4,2,1071,1061,0.9906629318394025,,Herramientas para estudiantes: informes y PDF | FunnyTools,,,,5,0.883,0.867,ADJACENT; UNKNOWN,IMPROVE,high,Unknown,no,unknown,unknown,2026-09-13T08:27:27.604Z,https://search.google.com/search-console/inspect?resource_id=sc-domain:funnytools.win&id=LdeNhZN5vBaMd6xWcpBs4A&utm_medium=link&utm_source=api,NEUTRAL,Google no reconoce esta URL,ROBOTS_TXT_STATE_UNSPECIFIED,INDEXING_STATE_UNSPECIFIED,,0,never crawled,PAGE_FETCH_STATE_UNSPECIFIED,,,GOOGLE_CANONICAL_ABSENT,,0,,0,,no,UNKNOWN,,200,,,,,,,,
https://funnytools.win/es/para/oficina/,es,es,audience,office-workers,sitemap-es.xml,2026-07-29,46,200 live verified,yes,177,4,2,1481,1470,0.9925725860904794,,"Herramientas de oficina: PDF, fechas y datos | FunnyTools",,,,20,0.835,0.825,ADJACENT; UNKNOWN,IMPROVE,high,Crawled Not Indexed,yes,yes,no,2026-09-13T08:27:30.708Z,https://search.google.com/search-console/inspect?resource_id=sc-domain:funnytools.win&id=SNmpFLCv3U0UjjzzDjmMsA&utm_medium=link&utm_source=api,NEUTRAL,Rastreada: actualmente sin indexar,ALLOWED,INDEXING_ALLOWED,2026-08-20T19:00:42Z,23,15–30 days,SUCCESSFUL,https://funnytools.win/es/para/oficina/,https://funnytools.win/es/para/oficina/,SELF_MATCH,MOBILE,0,,2,https://funnytools.win/en/for/office-workers/; https://funnytools.win/for/office-workers/,no,UNKNOWN,,200,,,,,,,,
https://funnytools.win/es/privacidad/,es,es,legal,general,sitemap-es.xml,2026-09-02,11,200 live verified,yes,162,142,1,1760,1751,0.9948863636363636,,Política de privacidad y datos | FunnyTools,,,,4,0.834,0.826,ADJACENT,IMPROVE,high,Crawled Not Indexed,yes,yes,no,2026-09-13T08:27:31.924Z,https://search.google.com/search-console/inspect?resource_id=sc-domain:funnytools.win&id=cc6_XtHfg0ZkP3Ev04f6CA&utm_medium=link&utm_source=api,NEUTRAL,Rastreada: actualmente sin indexar,ALLOWED,INDEXING_ALLOWED,2026-07-30T19:35:19Z,44,>30 days,SUCCESSFUL,https://funnytools.win/es/privacidad/,https://funnytools.win/es/privacidad/,SELF_MATCH,MOBILE,0,,1,https://funnytools.win/en/privacy/,no,UNKNOWN,,200,,,,,,,,
https://funnytools.win/es/sobre-funnytools/,es,es,legal,general,sitemap-es.xml,2026-09-02,11,200 live verified,yes,165,141,1,2489,2480,0.9963840899959823,,"Sobre FunnyTools: equipo, método y principios",,,,15,0.872,0.87,ADJACENT; UNKNOWN,IMPROVE,high,Crawled Not Indexed,yes,yes,no,2026-09-13T08:27:34.758Z,https://search.google.com/search-console/inspect?resource_id=sc-domain:funnytools.win&id=l0jiz8mfTk9G49lDCH9Gmg&utm_medium=link&utm_source=api,NEUTRAL,Rastreada: actualmente sin indexar,ALLOWED,INDEXING_ALLOWED,2026-08-16T12:50:27Z,27,15–30 days,SUCCESSFUL,https://funnytools.win/es/sobre-funnytools/,https://funnytools.win/es/sobre-funnytools/,SELF_MATCH,MOBILE,0,,1,https://funnytools.win/en/about/,no,UNKNOWN,,200,,,,,,,,
https://funnytools.win/es/tienda/,es,es,support,general,sitemap-es.xml,2026-07-29,46,200 live verified,yes,160,141,1,1841,1829,0.993481803367735,,Tienda Btcson Lab | PDF educativos y kits STEM - FunnyTools,,,,0,,,,IMPROVE,low,Unknown,no,unknown,unknown,2026-09-13T08:27:37.845Z,https://search.google.com/search-console/inspect?resource_id=sc-domain:funnytools.win&id=LsItyEfqvIrsRZuIDDoclQ&utm_medium=link&utm_source=api,NEUTRAL,Google no reconoce esta URL,ROBOTS_TXT_STATE_UNSPECIFIED,INDEXING_STATE_UNSPECIFIED,,0,never crawled,PAGE_FETCH_STATE_UNSPECIFIED,,,GOOGLE_CANONICAL_ABSENT,,0,,0,,no,UNKNOWN,,200,,,,,,,,
https://funnytools.win/find-tools/,zh-TW,zh,other,general,sitemap-guides.xml,2026-09-04,9,200 live verified,yes,150,310,1,3795,3777,0.9952569169960475,,不知道工具名稱？依任務找 FunnyTools,,,,1,0.853,0.705,ADJACENT,IMPROVE,low,Unknown,no,unknown,unknown,2026-09-13T08:27:38.927Z,https://search.google.com/search-console/inspect?resource_id=sc-domain:funnytools.win&id=7au2XBfRu2Wpbr0GFWfglA&utm_medium=link&utm_source=api,NEUTRAL,Google 無法辨識的網址,ROBOTS_TXT_STATE_UNSPECIFIED,INDEXING_STATE_UNSPECIFIED,,0,never crawled,PAGE_FETCH_STATE_UNSPECIFIED,,,GOOGLE_CANONICAL_ABSENT,,0,,0,,no,UNKNOWN,,200,,,,,,,,
https://funnytools.win/for/,zh-TW,zh,hub,general,sitemap-guides.xml,2026-09-02,11,200 live verified,yes,42,312,1,1667,1652,0.991001799640072,,依使用情境找 FunnyTools 工具,,,,0,,,,IMPROVE,low,Crawled Not Indexed,yes,yes,no,2026-09-13T08:27:41.684Z,https://search.google.com/search-console/inspect?resource_id=sc-domain:funnytools.win&id=jHW3osqp9yqB8lOaY_Iy9g&utm_medium=link&utm_source=api,NEUTRAL,已檢索 - 目前尚未建立索引,ALLOWED,INDEXING_ALLOWED,2026-08-08T20:06:58Z,35,>30 days,SUCCESSFUL,https://funnytools.win/for/,https://funnytools.win/for/,SELF_MATCH,MOBILE,0,,2,https://funnytools.win/; https://funnytools.win/tools/delete-pdf-pages/,no,UNKNOWN,,200,0,2,0,1,0,7,0,3.4285714285714284
https://funnytools.win/for/creators/,zh-TW,zh,audience,creators,sitemap-guides.xml,2026-09-02,11,200 live verified,yes,47,7,1,1433,1404,0.9797627355198884,,創作者工具：字數字元、圖片壓縮、尺寸調整、QR Code 與顏色 - FunnyTools,,,,1,0.891,0.797,UNKNOWN,IMPROVE,low,Crawled Not Indexed,yes,yes,no,2026-09-13T08:27:45.003Z,https://search.google.com/search-console/inspect?resource_id=sc-domain:funnytools.win&id=S49VIv7dzdKn8ncQ_JWQAA&utm_medium=link&utm_source=api,NEUTRAL,已檢索 - 目前尚未建立索引,ALLOWED,INDEXING_ALLOWED,2026-08-21T16:28:19Z,22,15–30 days,SUCCESSFUL,https://funnytools.win/for/creators/,https://funnytools.win/for/creators/,SELF_MATCH,MOBILE,0,,1,https://funnytools.win/,no,UNKNOWN,,200,,,,,,,,
https://funnytools.win/for/designers/,zh-TW,zh,audience,designers,sitemap-guides.xml,2026-09-02,11,200 live verified,yes,44,7,1,1301,1274,0.9792467332820907,,設計師工具：圖片壓縮、裁切、轉檔、顏色、QR Code 與草圖 - FunnyTools,,,,3,0.807,0.643,UNKNOWN,IMPROVE,low,Crawled Not Indexed,yes,yes,no,2026-09-13T08:27:46.267Z,https://search.google.com/search-console/inspect?resource_id=sc-domain:funnytools.win&id=UX1mOMzfxw2yfNGaOqFfMg&utm_medium=link&utm_source=api,NEUTRAL,已檢索 - 目前尚未建立索引,ALLOWED,INDEXING_ALLOWED,2026-08-10T17:51:59Z,33,>30 days,SUCCESSFUL,https://funnytools.win/for/designers/,https://funnytools.win/for/designers/,SELF_MATCH,MOBILE,0,,1,https://funnytools.win/,no,UNKNOWN,,200,,,,,,,,
https://funnytools.win/for/developers/,zh-TW,zh,audience,developers,sitemap-guides.xml,2026-09-02,11,200 live verified,yes,45,10,1,1281,1259,0.9828259172521467,,開發者工具：JSON、Base64、URL 編碼、UUID 與 CSV 轉換 - FunnyTools,,,,0,,,,KEEP,low,Crawled Not Indexed,yes,yes,no,2026-09-13T08:27:48.788Z,https://search.google.com/search-console/inspect?resource_id=sc-domain:funnytools.win&id=TSwHV0Q66u9C2HUwr3CWhg&utm_medium=link&utm_source=api,NEUTRAL,已檢索 - 目前尚未建立索引,ALLOWED,INDEXING_ALLOWED,2026-08-10T05:45:23Z,34,>30 days,SUCCESSFUL,https://funnytools.win/for/developers/,https://funnytools.win/for/developers/,SELF_MATCH,MOBILE,0,,1,https://funnytools.win/,no,UNKNOWN,,200,,,,,,,,
https://funnytools.win/for/office-workers/,zh-TW,zh,audience,office-workers,sitemap-guides.xml,2026-09-02,11,200 live verified,yes,48,9,1,1509,1484,0.9834327369118622,,上班族文件工具：PDF、圖片、工作天與 JSON 格式化 - FunnyTools,,,,1,0.872,0.807,UNKNOWN,IMPROVE,high,Crawled Not Indexed,yes,yes,no,2026-09-13T08:27:51.944Z,https://search.google.com/search-console/inspect?resource_id=sc-domain:funnytools.win&id=jUVT-1Nt2iPLICP5V0K9SA&utm_medium=link&utm_source=api,NEUTRAL,已檢索 - 目前尚未建立索引,ALLOWED,INDEXING_ALLOWED,2026-08-08T15:56:58Z,35,>30 days,SUCCESSFUL,https://funnytools.win/for/office-workers/,https://funnytools.win/for/office-workers/,SELF_MATCH,MOBILE,0,,1,https://funnytools.win/,no,UNKNOWN,,200,,,,,,,,
https://funnytools.win/for/students/,zh-TW,zh,audience,students,sitemap-guides.xml,2026-09-02,11,200 live verified,yes,48,8,1,1173,1148,0.9786871270247229,,學生報告工具：字數、PDF、圖片壓縮、APA 7 與 QR Code - FunnyTools,,,,2,0.836,0.704,UNKNOWN,IMPROVE,low,Crawled Not Indexed,yes,yes,no,2026-09-13T08:27:53.241Z,https://search.google.com/search-console/inspect?resource_id=sc-domain:funnytools.win&id=BNo9YjBaSXJBEFv9UOk92w&utm_medium=link&utm_source=api,NEUTRAL,已檢索 - 目前尚未建立索引,ALLOWED,INDEXING_ALLOWED,2026-08-23T15:32:47Z,20,15–30 days,SUCCESSFUL,https://funnytools.win/for/students/,https://funnytools.win/for/students/,SELF_MATCH,MOBILE,0,,2,http://funnytools.win/for/students/; https://funnytools.win/,no,UNKNOWN,,200,,,,,,,,
https://funnytools.win/for/teachers/,zh-TW,zh,audience,teachers,sitemap-guides.xml,2026-09-03,10,200 live verified,yes,47,8,1,1800,1773,0.985,,教師常用工具：抽籤、分組、座位表、計時與成績計算 - FunnyTools,,,,2,0.824,0.651,UNKNOWN,IMPROVE,low,Crawled Not Indexed,yes,yes,no,2026-09-13T08:27:55.752Z,https://search.google.com/search-console/inspect?resource_id=sc-domain:funnytools.win&id=wJtKrk3NqTRyUnIUXH86vg&utm_medium=link&utm_source=api,NEUTRAL,已檢索 - 目前尚未建立索引,ALLOWED,INDEXING_ALLOWED,2026-09-11T17:45:03Z,1,<7 days,SUCCESSFUL,https://funnytools.win/for/teachers/,https://funnytools.win/for/teachers/,SELF_MATCH,MOBILE,0,,2,http://funnytools.win/for/teachers/; https://funnytools.win/,no,UNKNOWN,,200,,,,,,,,
https://funnytools.win/fr/,fr,fr,home,general,sitemap-fr.xml,2026-07-30,45,200 live verified,yes,169,216,0,2809,2798,0.9960840156639373,,"Outils en ligne gratuits, pratiques et vérifiables - FunnyTools",,,,1,0.894,0.849,ADJACENT,IMPROVE,high,Indexed,yes,yes,yes,2026-09-13T08:27:59.099Z,https://search.google.com/search-console/inspect?resource_id=sc-domain:funnytools.win&id=SCwdIkRsvEWm5S45EjqXQw&utm_medium=link&utm_source=api,PASS,Envoyée et indexée,ALLOWED,INDEXING_ALLOWED,2026-09-11T21:30:02Z,1,<7 days,SUCCESSFUL,https://funnytools.win/fr/,https://funnytools.win/fr/,SELF_MATCH,MOBILE,0,,1,https://funnytools.win/,no,UNKNOWN,,200,0,1,0,3,0,3,0,4
https://funnytools.win/fr/confidentialite/,fr,fr,legal,general,sitemap-fr.xml,2026-09-02,11,200 live verified,yes,28,78,1,1989,1981,0.9959778783308195,,Confidentialité et données personnelles | FunnyTools,,,,1,0.843,0.846,ADJACENT,IMPROVE,high,Crawled Not Indexed,yes,yes,no,2026-09-13T08:28:00.209Z,https://search.google.com/search-console/inspect?resource_id=sc-domain:funnytools.win&id=iqXfWeM-HdvbcNxaecWKsw&utm_medium=link&utm_source=api,NEUTRAL,"Explorée, actuellement non indexée",ALLOWED,INDEXING_ALLOWED,2026-08-02T06:32:21Z,42,>30 days,SUCCESSFUL,https://funnytools.win/fr/confidentialite/,https://funnytools.win/fr/confidentialite/,SELF_MATCH,MOBILE,0,,2,https://funnytools.win/privacy/; https://funnytools.win/en/privacy/,no,UNKNOWN,,200,,,,,,,,
https://funnytools.win/fr/fonctionnement-outils/,fr,fr,legal,general,sitemap-fr.xml,2026-09-02,11,200 live verified,yes,29,78,1,1885,1876,0.9952254641909815,,Fonctionnement des outils en ligne | FunnyTools,,,,5,0.844,0.846,ADJACENT; UNKNOWN,IMPROVE,high,Crawled Not Indexed,yes,yes,no,2026-09-13T08:28:02.692Z,https://search.google.com/search-console/inspect?resource_id=sc-domain:funnytools.win&id=xh12wASjt0f4cE7RVegAUQ&utm_medium=link&utm_source=api,NEUTRAL,"Explorée, actuellement non indexée",ALLOWED,INDEXING_ALLOWED,2026-08-05T07:26:52Z,39,>30 days,SUCCESSFUL,https://funnytools.win/fr/fonctionnement-outils/,https://funnytools.win/fr/fonctionnement-outils/,SELF_MATCH,MOBILE,0,,2,https://funnytools.win/en/about-tools/; https://funnytools.win/about-tools/,no,UNKNOWN,,200,0,1,0,1,0,2,0,2
https://funnytools.win/fr/outils/,fr,fr,hub,general,sitemap-fr.xml,2026-09-02,11,200 live verified,yes,172,78,1,3836,3826,0.997393117831074,,Outils en ligne gratuits sans inscription | FunnyTools,,,,1,0.894,0.849,ADJACENT,IMPROVE,high,Unknown,no,unknown,unknown,2026-09-13T08:28:06.047Z,https://search.google.com/search-console/inspect?resource_id=sc-domain:funnytools.win&id=iZSUdTyvKdY06S7Bqb9iZQ&utm_medium=link&utm_source=api,NEUTRAL,Google ne reconnaît pas cette URL,ROBOTS_TXT_STATE_UNSPECIFIED,INDEXING_STATE_UNSPECIFIED,,0,never crawled,PAGE_FETCH_STATE_UNSPECIFIED,,,GOOGLE_CANONICAL_ABSENT,,0,,0,,no,UNKNOWN,,200,,,,,,,,
https://funnytools.win/fr/outils/calcul-moyenne-notes/,fr,fr,tool,statistics,sitemap-fr.xml,2026-09-10,3,200 live verified,yes,29,78,1,1627,1618,0.9944683466502766,,Calcul moyenne notes avec coefficients - FunnyTools,grade-average,calculate|grades|average-grade|grade-average|grade-calculation|general,HIGH,1,0.826,0.814,ADJACENT,KEEP,high,Crawled Not Indexed,yes,yes,no,2026-09-13T08:28:07.349Z,https://search.google.com/search-console/inspect?resource_id=sc-domain:funnytools.win&id=e9BoIlOqZy7Q3TXXLoPZJQ&utm_medium=link&utm_source=api,NEUTRAL,"Explorée, actuellement non indexée",ALLOWED,INDEXING_ALLOWED,2026-08-08T07:10:58Z,36,>30 days,SUCCESSFUL,https://funnytools.win/fr/outils/calcul-moyenne-notes/,https://funnytools.win/fr/outils/calcul-moyenne-notes/,SELF_MATCH,MOBILE,0,,2,https://funnytools.win/es/herramientas/calculadora-promedio-notas/; https://funnytools.win/tools/grade-average/,no,UNKNOWN,,200,,,,,,,,
https://funnytools.win/fr/outils/calculateur-age/,fr,fr,tool,time,sitemap-fr.xml,2026-07-29,46,200 live verified,yes,29,7,1,1676,1666,0.9940334128878282,,"Calculateur d’âge exact : années, mois, jours - FunnyTools",age-calculator,calculate|age|age|calculated-result|age|general,MEDIUM,0,,,,KEEP,low,Unknown,no,unknown,unknown,2026-09-13T08:28:09.887Z,https://search.google.com/search-console/inspect?resource_id=sc-domain:funnytools.win&id=MIH974KwIW4vwuDyy_gLYg&utm_medium=link&utm_source=api,NEUTRAL,Google ne reconnaît pas cette URL,ROBOTS_TXT_STATE_UNSPECIFIED,INDEXING_STATE_UNSPECIFIED,,0,never crawled,PAGE_FETCH_STATE_UNSPECIFIED,,,GOOGLE_CANONICAL_ABSENT,,0,,0,,no,UNKNOWN,,200,,,,,,,,
https://funnytools.win/fr/outils/calculateur-ecart-type/,fr,fr,tool,statistics,sitemap-fr.xml,2026-07-29,46,200 live verified,yes,29,9,1,1352,1343,0.9933431952662722,,Calculateur d’écart-type et de variance - FunnyTools,standard-deviation,calculate|raw-scores|summary-statistics|mean-variance-standard-deviation|descriptive-statistics|general,HIGH,0,,,,KEEP,low,Crawled Not Indexed,yes,yes,no,2026-09-13T08:28:13.069Z,https://search.google.com/search-console/inspect?resource_id=sc-domain:funnytools.win&id=tBn8CVH07t3m5J5E-S5PXg&utm_medium=link&utm_source=api,NEUTRAL,"Explorée, actuellement non indexée",ALLOWED,INDEXING_ALLOWED,2026-08-06T02:39:08Z,38,>30 days,SUCCESSFUL,https://funnytools.win/fr/outils/calculateur-ecart-type/,https://funnytools.win/fr/outils/calculateur-ecart-type/,SELF_MATCH,MOBILE,0,,1,https://funnytools.win/tools/standard-deviation/,no,UNKNOWN,,200,,,,,,,,
https://funnytools.win/fr/outils/calculateur-heures-supplementaires/,fr,fr,tool,money,sitemap-fr.xml,2026-07-29,46,200 live verified,yes,29,7,1,1686,1677,0.994661921708185,,Calculateur heures supplémentaires et majoration - FunnyTools,overtime-pay,use|overtime-pay|overtime-pay|tool-result|overtime-pay|general,MEDIUM,0,,,,KEEP,low,Unknown,no,unknown,unknown,2026-09-13T08:28:14.470Z,https://search.google.com/search-console/inspect?resource_id=sc-domain:funnytools.win&id=1rfZ7pPhaYZO-BMj6d7LnQ&utm_medium=link&utm_source=api,NEUTRAL,Google ne reconnaît pas cette URL,ROBOTS_TXT_STATE_UNSPECIFIED,INDEXING_STATE_UNSPECIFIED,,0,never crawled,PAGE_FETCH_STATE_UNSPECIFIED,,,GOOGLE_CANONICAL_ABSENT,,0,,0,,no,UNKNOWN,,200,,,,,,,,
https://funnytools.win/fr/outils/calculateur-inflation-pouvoir-achat/,fr,fr,tool,money,sitemap-fr.xml,2026-09-04,9,200 live verified,yes,29,6,1,2151,2140,0.99488609948861,,Calculateur inflation et pouvoir d’achat en ligne - FunnyTools,inflation,use|inflation|inflation|tool-result|inflation|general,MEDIUM,0,,,,KEEP,low,Crawled Not Indexed,yes,yes,no,2026-09-13T08:28:16.820Z,https://search.google.com/search-console/inspect?resource_id=sc-domain:funnytools.win&id=6hX3hcTtxglT_RmitkEKUA&utm_medium=link&utm_source=api,NEUTRAL,"Explorée, actuellement non indexée",ALLOWED,INDEXING_ALLOWED,2026-08-21T15:13:18Z,22,15–30 days,SUCCESSFUL,https://funnytools.win/fr/outils/calculateur-inflation-pouvoir-achat/,https://funnytools.win/fr/outils/calculateur-inflation-pouvoir-achat/,SELF_MATCH,MOBILE,0,,2,https://funnytools.win/en/tools/inflation/; https://funnytools.win/tools/inflation/,no,UNKNOWN,,200,,,,,,,,
https://funnytools.win/fr/outils/calculateur-interets-composes/,fr,fr,tool,money,sitemap-fr.xml,2026-07-29,46,200 live verified,yes,29,7,1,1624,1615,0.9944581280788177,,Calculateur intérêts composés avec versements - FunnyTools,compound-interest,use|compound-interest|compound-interest|tool-result|compound-interest|general,MEDIUM,1,0.803,0.804,ADJACENT,KEEP,high,Crawled Not Indexed,yes,yes,no,2026-09-13T08:28:20.435Z,https://search.google.com/search-console/inspect?resource_id=sc-domain:funnytools.win&id=j40FG03ovxVwc0XSY8S3qw&utm_medium=link&utm_source=api,NEUTRAL,"Explorée, actuellement non indexée",ALLOWED,INDEXING_ALLOWED,2026-08-15T01:40:54Z,29,15–30 days,SUCCESSFUL,https://funnytools.win/fr/outils/calculateur-interets-composes/,https://funnytools.win/fr/outils/calculateur-interets-composes/,SELF_MATCH,MOBILE,0,,2,https://funnytools.win/tools/compound-interest/; https://funnytools.win/en/tools/compound-interest/,no,UNKNOWN,,200,,,,,,,,
https://funnytools.win/fr/outils/calculateur-jours-ouvres/,fr,fr,tool,time,sitemap-fr.xml,2026-07-29,46,200 live verified,yes,29,7,1,1773,1762,0.9937958262831359,,Calculateur de jours ouvrés entre deux dates - FunnyTools,business-days,use|business-days|business-days|tool-result|business-days|general,MEDIUM,0,,,,KEEP,low,Crawled Not Indexed,yes,yes,no,2026-09-13T08:28:21.444Z,https://search.google.com/search-console/inspect?resource_id=sc-domain:funnytools.win&id=YLLLiyjTdyj9CrPN81t0xQ&utm_medium=link&utm_source=api,NEUTRAL,"Explorée, actuellement non indexée",ALLOWED,INDEXING_ALLOWED,2026-08-01T05:08:42Z,43,>30 days,SUCCESSFUL,https://funnytools.win/fr/outils/calculateur-jours-ouvres/,https://funnytools.win/fr/outils/calculateur-jours-ouvres/,SELF_MATCH,MOBILE,0,,2,https://funnytools.win/es/herramientas/calculadora-dias-laborables/; https://funnytools.win/en/tools/business-days/,no,UNKNOWN,,200,,,,,,,,
https://funnytools.win/fr/outils/calculateur-mensualite-pret-immobilier/,fr,fr,tool,money,sitemap-fr.xml,2026-07-29,46,200 live verified,yes,29,6,1,1812,1802,0.9944812362030905,,Calculateur mensualité prêt immobilier et intérêts - FunnyTools,mortgage-payment,use|mortgage-payment|mortgage-payment|tool-result|mortgage-payment|general,MEDIUM,0,,,,KEEP,low,Crawled Not Indexed,yes,yes,no,2026-09-13T08:28:23.961Z,https://search.google.com/search-console/inspect?resource_id=sc-domain:funnytools.win&id=3bCo0V82zNqs9v2TJ-g6Lg&utm_medium=link&utm_source=api,NEUTRAL,"Explorée, actuellement non indexée",ALLOWED,INDEXING_ALLOWED,2026-08-19T17:04:43Z,24,15–30 days,SUCCESSFUL,https://funnytools.win/fr/outils/calculateur-mensualite-pret-immobilier/,https://funnytools.win/fr/outils/calculateur-mensualite-pret-immobilier/,SELF_MATCH,MOBILE,0,,1,https://funnytools.win/tools/mortgage-payment/,no,UNKNOWN,,200,,,,,,,,
https://funnytools.win/fr/outils/calculateur-moyenne-ponderee/,fr,fr,tool,statistics,sitemap-fr.xml,2026-07-30,45,200 live verified,yes,29,6,1,1346,1337,0.9933135215453195,,Moyenne pondérée | Calculateur et formule - FunnyTools,weighted-average-calculator,calculate|values-and-weights|weighted-result|weighted-average|weighted-calculation|general,HIGH,1,0.826,0.814,ADJACENT,KEEP,high,Crawled Not Indexed,yes,yes,no,2026-09-13T08:28:27.532Z,https://search.google.com/search-console/inspect?resource_id=sc-domain:funnytools.win&id=LD-tDo7843koRPIVIQ8Nvg&utm_medium=link&utm_source=api,NEUTRAL,"Explorée, actuellement non indexée",ALLOWED,INDEXING_ALLOWED,2026-08-24T06:24:53Z,20,15–30 days,SUCCESSFUL,https://funnytools.win/fr/outils/calculateur-moyenne-ponderee/,https://funnytools.win/fr/outils/calculateur-moyenne-ponderee/,SELF_MATCH,MOBILE,0,,2,https://funnytools.win/tools/weighted-average-calculator/; https://funnytools.win/en/tools/weighted-average-calculator/,no,UNKNOWN,,200,,,,,,,,
https://funnytools.win/fr/outils/calculateur-objectif-epargne/,fr,fr,tool,money,sitemap-fr.xml,2026-07-29,46,200 live verified,yes,29,9,1,1711,1701,0.994155464640561,,Calculateur objectif épargne et versement mensuel - FunnyTools,savings-goal,use|savings-goal|savings-goal|tool-result|savings-goal|general,MEDIUM,1,0.803,0.804,ADJACENT,KEEP,high,Unknown,no,unknown,unknown,2026-09-13T08:28:28.734Z,https://search.google.com/search-console/inspect?resource_id=sc-domain:funnytools.win&id=6smwzkn26yiWrQhqTqP8-w&utm_medium=link&utm_source=api,NEUTRAL,Google ne reconnaît pas cette URL,ROBOTS_TXT_STATE_UNSPECIFIED,INDEXING_STATE_UNSPECIFIED,,0,never crawled,PAGE_FETCH_STATE_UNSPECIFIED,,,GOOGLE_CANONICAL_ABSENT,,0,,0,,no,UNKNOWN,,200,,,,,,,,
https://funnytools.win/fr/outils/calculateur-pourcentage/,fr,fr,tool,statistics,sitemap-fr.xml,2026-07-29,46,200 live verified,yes,29,7,1,1249,1239,0.9919935948759008,,Calculateur de pourcentage et de variation - FunnyTools,percentage-calculator,calculate|percentage|percentage|calculated-result|percentage|general,MEDIUM,0,,,,KEEP,low,Crawled Not Indexed,yes,yes,no,2026-09-13T08:28:36.858Z,https://search.google.com/search-console/inspect?resource_id=sc-domain:funnytools.win&id=2Gg9R_bYuo3G4JvMWAU9CQ&utm_medium=link&utm_source=api,NEUTRAL,"Explorée, actuellement non indexée",ALLOWED,INDEXING_ALLOWED,2026-08-05T19:29:21Z,38,>30 days,SUCCESSFUL,https://funnytools.win/fr/outils/calculateur-pourcentage/,https://funnytools.win/fr/outils/calculateur-pourcentage/,SELF_MATCH,MOBILE,0,,2,https://funnytools.win/es/herramientas/calculadora-porcentajes/; https://funnytools.win/en/tools/percentage-calculator/,no,UNKNOWN,,200,,,,,,,,
https://funnytools.win/fr/outils/calculateur-rang-percentile/,fr,fr,tool,statistics,sitemap-fr.xml,2026-07-29,46,200 live verified,yes,29,7,1,1813,1803,0.9944842801985659,,Rang percentile avec ex æquo | Calculateur - FunnyTools,percentile-rank-calculator,calculate|score-and-distribution|rank|percentile-rank|rank-calculation|general,HIGH,0,,,,KEEP,low,Unknown,no,unknown,unknown,2026-09-13T08:28:34.974Z,https://search.google.com/search-console/inspect?resource_id=sc-domain:funnytools.win&id=iSwOhTg_RJtx7y7yuhWAgw&utm_medium=link&utm_source=api,NEUTRAL,Google ne reconnaît pas cette URL,ROBOTS_TXT_STATE_UNSPECIFIED,INDEXING_STATE_UNSPECIFIED,,0,never crawled,PAGE_FETCH_STATE_UNSPECIFIED,,,GOOGLE_CANONICAL_ABSENT,,0,,0,,no,UNKNOWN,,200,,,,,,,,
https://funnytools.win/fr/outils/calculateur-salaire-net/,fr,fr,tool,money,sitemap-fr.xml,2026-07-29,46,200 live verified,yes,29,7,1,1627,1617,0.9938537185003073,,Calculateur salaire brut en net : simulation - FunnyTools,net-salary,calculate|net-salary|net-salary|calculated-result|net-salary|general,MEDIUM,0,,,,KEEP,low,Unknown,no,unknown,unknown,2026-09-13T08:28:35.651Z,https://search.google.com/search-console/inspect?resource_id=sc-domain:funnytools.win&id=ijJeBaIa4JnCNTdkrNHJcA&utm_medium=link&utm_source=api,NEUTRAL,Google ne reconnaît pas cette URL,ROBOTS_TXT_STATE_UNSPECIFIED,INDEXING_STATE_UNSPECIFIED,,0,never crawled,PAGE_FETCH_STATE_UNSPECIFIED,,,GOOGLE_CANONICAL_ABSENT,,0,,0,,no,UNKNOWN,,200,,,,,,,,
https://funnytools.win/fr/outils/calculateur-score-t/,fr,fr,tool,statistics,sitemap-fr.xml,2026-07-30,45,200 live verified,yes,29,6,1,1314,1302,0.9908675799086758,,Calculateur de score T | Convertir z en T - FunnyTools,t-score-calculator,calculate|z-score|standardized-score|t-score|score-standardization|general,HIGH,0,,,,KEEP,low,Crawled Not Indexed,yes,yes,no,2026-09-13T08:28:41.909Z,https://search.google.com/search-console/inspect?resource_id=sc-domain:funnytools.win&id=O6TF6SKSWT5ZB2RbTxjL7Q&utm_medium=link&utm_source=api,NEUTRAL,"Explorée, actuellement non indexée",ALLOWED,INDEXING_ALLOWED,2026-09-04T13:48:14Z,8,7–14 days,SUCCESSFUL,https://funnytools.win/fr/outils/calculateur-score-t/,https://funnytools.win/fr/outils/calculateur-score-t/,SELF_MATCH,MOBILE,0,,1,https://funnytools.win/tools/t-score-calculator/,no,UNKNOWN,,200,,,,,,,,
https://funnytools.win/fr/outils/calculateur-score-z/,fr,fr,tool,statistics,sitemap-fr.xml,2026-07-30,45,200 live verified,yes,30,7,1,1485,1474,0.9925925925925926,,Calculateur de score z | Formule et interprétation - FunnyTools,z-score-calculator,calculate|score-and-distribution|standardized-score|z-score|score-standardization|general,HIGH,0,,,,KEEP,low,Unknown,no,unknown,unknown,2026-09-13T08:28:42.594Z,https://search.google.com/search-console/inspect?resource_id=sc-domain:funnytools.win&id=EF0SpYGemeLykQY-SeHTqA&utm_medium=link&utm_source=api,NEUTRAL,Google ne reconnaît pas cette URL,ROBOTS_TXT_STATE_UNSPECIFIED,INDEXING_STATE_UNSPECIFIED,,0,never crawled,PAGE_FETCH_STATE_UNSPECIFIED,,,GOOGLE_CANONICAL_ABSENT,,0,,0,,no,UNKNOWN,,200,,,,,,,,
https://funnytools.win/fr/outils/calculer-difference-entre-dates/,fr,fr,tool,time,sitemap-fr.xml,2026-07-29,46,200 live verified,yes,29,7,1,1839,1828,0.9940184883088635,,Différence entre deux dates : calcul en jours - FunnyTools,date-difference,use|date-difference|date-difference|tool-result|date-difference|general,MEDIUM,0,,,,KEEP,low,Crawled Not Indexed,yes,yes,no,2026-09-13T08:28:43.749Z,https://search.google.com/search-console/inspect?resource_id=sc-domain:funnytools.win&id=8B24UEvLdPoEwY8sIJCi8Q&utm_medium=link&utm_source=api,NEUTRAL,"Explorée, actuellement non indexée",ALLOWED,INDEXING_ALLOWED,2026-08-19T16:16:16Z,24,15–30 days,SUCCESSFUL,https://funnytools.win/fr/outils/calculer-difference-entre-dates/,https://funnytools.win/fr/outils/calculer-difference-entre-dates/,SELF_MATCH,MOBILE,0,,2,https://funnytools.win/es/herramientas/calcular-diferencia-entre-fechas/; https://funnytools.win/en/tools/date-difference/,no,UNKNOWN,,200,,,,,,,,
https://funnytools.win/fr/outils/cao-2d-en-ligne/,fr,fr,tool,draw,sitemap-fr.xml,2026-07-29,46,200 live verified,yes,29,7,1,2194,2181,0.9940747493163172,,CAO 2D en ligne gratuite pour croquis et plan - FunnyTools,cad-2d,use|cad-2d|cad-2d|tool-result|cad-2d|general,MEDIUM,0,,,,KEEP,low,Unknown,no,unknown,unknown,2026-09-13T08:28:49.097Z,https://search.google.com/search-console/inspect?resource_id=sc-domain:funnytools.win&id=UPE7kkSLe754zYbD1mKfRA&utm_medium=link&utm_source=api,NEUTRAL,Google ne reconnaît pas cette URL,ROBOTS_TXT_STATE_UNSPECIFIED,INDEXING_STATE_UNSPECIFIED,,0,never crawled,PAGE_FETCH_STATE_UNSPECIFIED,,,GOOGLE_CANONICAL_ABSENT,,0,,0,,no,UNKNOWN,,200,,,,,,,,
https://funnytools.win/fr/outils/choisir-entre-deux-options/,fr,fr,tool,random,sitemap-fr.xml,2026-07-29,46,200 live verified,yes,29,7,1,1588,1577,0.993073047858942,,Choisir entre deux options | Décision 50/50 - FunnyTools,this-or-that,use|this-or-that|this-or-that|tool-result|this-or-that|general,MEDIUM,0,,,,KEEP,low,Crawled Not Indexed,yes,yes,no,2026-09-13T08:28:49.738Z,https://search.google.com/search-console/inspect?resource_id=sc-domain:funnytools.win&id=cSfSBKfQJHiJUiCLkGQiLQ&utm_medium=link&utm_source=api,NEUTRAL,"Explorée, actuellement non indexée",ALLOWED,INDEXING_ALLOWED,2026-08-11T04:57:47Z,33,>30 days,SUCCESSFUL,https://funnytools.win/fr/outils/choisir-entre-deux-options/,https://funnytools.win/fr/outils/choisir-entre-deux-options/,SELF_MATCH,MOBILE,0,,2,https://funnytools.win/en/tools/this-or-that/; https://funnytools.win/tools/this-or-that/,no,UNKNOWN,,200,,,,,,,,
https://funnytools.win/fr/outils/chronometre-en-ligne/,fr,fr,tool,time,sitemap-fr.xml,2026-07-29,46,200 live verified,yes,29,7,1,1790,1779,0.993854748603352,,Chronomètre en ligne avec tours et centièmes - FunnyTools,stopwatch,use|stopwatch|stopwatch|tool-result|stopwatch|general,MEDIUM,0,,,,KEEP,low,Unknown,no,unknown,unknown,2026-09-13T08:28:50.744Z,https://search.google.com/search-console/inspect?resource_id=sc-domain:funnytools.win&id=vor-EVI1eeYZpc88WzBPSg&utm_medium=link&utm_source=api,NEUTRAL,Google ne reconnaît pas cette URL,ROBOTS_TXT_STATE_UNSPECIFIED,INDEXING_STATE_UNSPECIFIED,,0,never crawled,PAGE_FETCH_STATE_UNSPECIFIED,,,GOOGLE_CANONICAL_ABSENT,,0,,0,,no,UNKNOWN,,200,,,,,,,,
https://funnytools.win/fr/outils/compresser-image/,fr,fr,tool,image,sitemap-fr.xml,2026-07-29,46,200 live verified,yes,29,10,1,1627,1617,0.9938537185003073,,Compresser une image en ligne gratuitement - FunnyTools,image-compressor,compress|image-compressor|image-compressor|smaller-file|image-compressor|general,MEDIUM,4,0.849,0.847,ADJACENT,KEEP,high,Unknown,no,unknown,unknown,2026-09-13T08:28:56.111Z,https://search.google.com/search-console/inspect?resource_id=sc-domain:funnytools.win&id=39r3284WOTwkOqawaLBekQ&utm_medium=link&utm_source=api,NEUTRAL,Google ne reconnaît pas cette URL,ROBOTS_TXT_STATE_UNSPECIFIED,INDEXING_STATE_UNSPECIFIED,,0,never crawled,PAGE_FETCH_STATE_UNSPECIFIED,,,GOOGLE_CANONICAL_ABSENT,,0,,0,,no,UNKNOWN,,200,,,,,,,,
https://funnytools.win/fr/outils/compresser-pdf/,fr,fr,tool,pdf,sitemap-fr.xml,2026-07-29,46,200 live verified,yes,29,7,1,1226,1215,0.9910277324632952,,Compresser un PDF en ligne sans envoi - FunnyTools,pdf-compressor,compress|pdf-compressor|pdf-compressor|smaller-file|pdf-compressor|general,MEDIUM,0,,,,KEEP,low,Unknown,no,unknown,unknown,2026-09-13T08:28:56.987Z,https://search.google.com/search-console/inspect?resource_id=sc-domain:funnytools.win&id=eJcrQLHv7QRTI1rNDsjpTg&utm_medium=link&utm_source=api,NEUTRAL,Google ne reconnaît pas cette URL,ROBOTS_TXT_STATE_UNSPECIFIED,INDEXING_STATE_UNSPECIFIED,,0,never crawled,PAGE_FETCH_STATE_UNSPECIFIED,,,GOOGLE_CANONICAL_ABSENT,,0,,0,,no,UNKNOWN,,200,,,,,,,,
https://funnytools.win/fr/outils/compteur-caracteres/,fr,fr,tool,text,sitemap-fr.xml,2026-07-29,46,200 live verified,yes,29,8,1,1345,1334,0.9918215613382899,,"Compteur de caractères, espaces et octets UTF-8 - FunnyTools",character-counter,count|character-counter|character-counter|count|character-counter|general,MEDIUM,0,,,,KEEP,low,Unknown,no,unknown,unknown,2026-09-13T08:28:57.921Z,https://search.google.com/search-console/inspect?resource_id=sc-domain:funnytools.win&id=XNbsbwt6-gzzUmGmvhIKBg&utm_medium=link&utm_source=api,NEUTRAL,Google ne reconnaît pas cette URL,ROBOTS_TXT_STATE_UNSPECIFIED,INDEXING_STATE_UNSPECIFIED,,0,never crawled,PAGE_FETCH_STATE_UNSPECIFIED,,,GOOGLE_CANONICAL_ABSENT,,0,,0,,no,UNKNOWN,,200,,,,,,,,
https://funnytools.win/fr/outils/compteur-mots/,fr,fr,tool,text,sitemap-fr.xml,2026-07-29,46,200 live verified,yes,29,7,1,1372,1361,0.9919825072886297,,Compteur de mots et caractères en ligne - FunnyTools,word-counter,count|word-counter|word-counter|count|word-counter|general,MEDIUM,0,,,,KEEP,low,Unknown,no,unknown,unknown,2026-09-13T08:29:06.418Z,https://search.google.com/search-console/inspect?resource_id=sc-domain:funnytools.win&id=ZrrEqdaJo-ram1Ra14OARQ&utm_medium=link&utm_source=api,NEUTRAL,Google ne reconnaît pas cette URL,ROBOTS_TXT_STATE_UNSPECIFIED,INDEXING_STATE_UNSPECIFIED,,0,never crawled,PAGE_FETCH_STATE_UNSPECIFIED,,,GOOGLE_CANONICAL_ABSENT,,0,,0,,no,UNKNOWN,,200,,,,,,,,
https://funnytools.win/fr/outils/convertir-csv-en-json/,fr,fr,tool,text,sitemap-fr.xml,2026-07-29,46,200 live verified,yes,29,7,1,1666,1654,0.992797118847539,,"Convertir CSV en JSON en ligne, séparateur français - FunnyTools",csv-to-json,convert|csv|json|json-data|data-format-conversion|general,HIGH,1,0.865,0.861,DIFFERENT,KEEP,high,Crawled Not Indexed,yes,yes,no,2026-09-13T08:29:04.169Z,https://search.google.com/search-console/inspect?resource_id=sc-domain:funnytools.win&id=tpdK0KvbFqcZJ0iiiE3INQ&utm_medium=link&utm_source=api,NEUTRAL,"Explorée, actuellement non indexée",ALLOWED,INDEXING_ALLOWED,2026-08-19T06:54:04Z,25,15–30 days,SUCCESSFUL,https://funnytools.win/fr/outils/convertir-csv-en-json/,https://funnytools.win/fr/outils/convertir-csv-en-json/,SELF_MATCH,MOBILE,0,,2,https://funnytools.win/tools/csv-to-json/; https://funnytools.win/en/tools/csv-to-json/,no,UNKNOWN,,200,,,,,,,,
https://funnytools.win/fr/outils/convertir-image-en-base64/,fr,fr,tool,image,sitemap-fr.xml,2026-07-29,46,200 live verified,yes,29,6,1,1347,1335,0.9910913140311804,,Convertir une image en Base64 et Data URI - FunnyTools,image-to-base64,convert|image|base64|base64-output|directional-conversion|general,MEDIUM,0,,,,KEEP,low,Unknown,no,unknown,unknown,2026-09-13T08:29:04.873Z,https://search.google.com/search-console/inspect?resource_id=sc-domain:funnytools.win&id=c91lS9EZky4ajLwFM_2V4w&utm_medium=link&utm_source=api,NEUTRAL,Google ne reconnaît pas cette URL,ROBOTS_TXT_STATE_UNSPECIFIED,INDEXING_STATE_UNSPECIFIED,,0,never crawled,PAGE_FETCH_STATE_UNSPECIFIED,,,GOOGLE_CANONICAL_ABSENT,,0,,0,,no,UNKNOWN,,200,,,,,,,,
https://funnytools.win/fr/outils/convertir-images-en-pdf/,fr,fr,tool,pdf,sitemap-fr.xml,2026-07-29,46,200 live verified,yes,29,6,1,1306,1295,0.9915773353751914,,"Convertir JPG, PNG et photos en PDF - FunnyTools",images-to-pdf,convert|images|pdf|pdf-output|directional-conversion|general,MEDIUM,0,,,,KEEP,low,Crawled Not Indexed,yes,yes,no,2026-09-13T08:29:11.479Z,https://search.google.com/search-console/inspect?resource_id=sc-domain:funnytools.win&id=OtVFAZu1h5RPJwFsmIGBvw&utm_medium=link&utm_source=api,NEUTRAL,"Explorée, actuellement non indexée",ALLOWED,INDEXING_ALLOWED,2026-08-24T15:07:42Z,19,15–30 days,SUCCESSFUL,https://funnytools.win/fr/outils/convertir-images-en-pdf/,https://funnytools.win/fr/outils/convertir-images-en-pdf/,SELF_MATCH,MOBILE,0,,1,https://funnytools.win/tools/images-to-pdf/,no,UNKNOWN,,200,,,,,,,,
https://funnytools.win/fr/outils/convertir-jpg-en-png/,fr,fr,tool,image,sitemap-fr.xml,2026-07-29,46,200 live verified,yes,29,6,1,1384,1373,0.9920520231213873,,Convertir JPG en PNG en ligne gratuitement - FunnyTools,jpg-to-png,convert|jpg|png|png-file|image-format-conversion|general,HIGH,2,0.874,0.864,ADJACENT; DIFFERENT,KEEP,high,Crawled Not Indexed,yes,yes,no,2026-09-13T08:29:12.034Z,https://search.google.com/search-console/inspect?resource_id=sc-domain:funnytools.win&id=HdHUSyi7XSbUMIUQmgB8UQ&utm_medium=link&utm_source=api,NEUTRAL,"Explorée, actuellement non indexée",ALLOWED,INDEXING_ALLOWED,2026-08-04T14:27:37Z,39,>30 days,SUCCESSFUL,https://funnytools.win/fr/outils/convertir-jpg-en-png/,https://funnytools.win/fr/outils/convertir-jpg-en-png/,SELF_MATCH,MOBILE,0,,2,https://funnytools.win/es/herramientas/convertir-jpg-a-png/; https://funnytools.win/tools/jpg-to-png/,no,UNKNOWN,,200,,,,,,,,
https://funnytools.win/fr/outils/convertir-jpg-en-webp/,fr,fr,tool,image,sitemap-fr.xml,2026-07-29,46,200 live verified,yes,29,7,1,1014,1003,0.9891518737672583,,Convertir JPG en WebP en ligne gratuitement - FunnyTools,jpg-to-webp,convert|jpg|webp|webp-file|image-format-conversion|general,HIGH,3,0.847,0.844,ADJACENT; DIFFERENT,KEEP,high,Crawled Not Indexed,yes,yes,no,2026-09-13T08:29:13.602Z,https://search.google.com/search-console/inspect?resource_id=sc-domain:funnytools.win&id=aSq_ZWRQzszulrlNI-O6gA&utm_medium=link&utm_source=api,NEUTRAL,"Explorée, actuellement non indexée",ALLOWED,INDEXING_ALLOWED,2026-08-19T17:40:00Z,24,15–30 days,SUCCESSFUL,https://funnytools.win/fr/outils/convertir-jpg-en-webp/,https://funnytools.win/fr/outils/convertir-jpg-en-webp/,SELF_MATCH,MOBILE,0,,2,https://funnytools.win/en/tools/jpg-to-webp/; https://funnytools.win/tools/jpg-to-webp/,no,UNKNOWN,,200,,,,,,,,
https://funnytools.win/fr/outils/convertir-json-en-csv/,fr,fr,tool,text,sitemap-fr.xml,2026-07-29,46,200 live verified,yes,29,7,1,1608,1596,0.9925373134328358,,Convertir JSON en CSV pour Excel et UTF-8 - FunnyTools,json-to-csv,convert|json|csv|csv-data|data-format-conversion|general,HIGH,1,0.865,0.861,DIFFERENT,KEEP,high,Unknown,no,unknown,unknown,2026-09-13T08:29:18.745Z,https://search.google.com/search-console/inspect?resource_id=sc-domain:funnytools.win&id=UxKZbLnzNo1Ckgc-e84OHg&utm_medium=link&utm_source=api,NEUTRAL,Google ne reconnaît pas cette URL,ROBOTS_TXT_STATE_UNSPECIFIED,INDEXING_STATE_UNSPECIFIED,,0,never crawled,PAGE_FETCH_STATE_UNSPECIFIED,,,GOOGLE_CANONICAL_ABSENT,,0,,0,,no,UNKNOWN,,200,,,,,,,,
https://funnytools.win/fr/outils/convertir-majuscules-minuscules/,fr,fr,tool,text,sitemap-fr.xml,2026-07-29,46,200 live verified,yes,29,6,1,1305,1296,0.993103448275862,,"Convertir majuscules, minuscules et camelCase - FunnyTools",case-converter,use|case-converter|case-converter|tool-result|case-converter|general,MEDIUM,0,,,,KEEP,low,Crawled Not Indexed,yes,yes,no,2026-09-13T08:29:19.255Z,https://search.google.com/search-console/inspect?resource_id=sc-domain:funnytools.win&id=5d4pguYNRJrqpP04xczf9A&utm_medium=link&utm_source=api,NEUTRAL,"Explorée, actuellement non indexée",ALLOWED,INDEXING_ALLOWED,2026-08-25T12:23:19Z,18,15–30 days,SUCCESSFUL,https://funnytools.win/fr/outils/convertir-majuscules-minuscules/,https://funnytools.win/fr/outils/convertir-majuscules-minuscules/,SELF_MATCH,MOBILE,0,,2,https://funnytools.win/tools/case-converter/; https://funnytools.win/en/tools/case-converter/,no,UNKNOWN,,200,,,,,,,,
https://funnytools.win/fr/outils/convertir-pdf-en-image/,fr,fr,tool,pdf,sitemap-fr.xml,2026-07-29,46,200 live verified,yes,29,6,1,1296,1283,0.9899691358024691,,Convertir un PDF en JPG ou PNG en ligne - FunnyTools,pdf-to-image,convert|pdf|image|image-files|pdf-rendering|general,HIGH,0,,,,KEEP,low,Unknown,no,unknown,unknown,2026-09-13T08:29:20.563Z,https://search.google.com/search-console/inspect?resource_id=sc-domain:funnytools.win&id=YK3WXQKf63PmDUVGy9MBrw&utm_medium=link&utm_source=api,NEUTRAL,Google ne reconnaît pas cette URL,ROBOTS_TXT_STATE_UNSPECIFIED,INDEXING_STATE_UNSPECIFIED,,0,never crawled,PAGE_FETCH_STATE_UNSPECIFIED,,,GOOGLE_CANONICAL_ABSENT,,0,,0,,no,UNKNOWN,,200,,,,,,,,
https://funnytools.win/fr/outils/convertir-png-en-jpg/,fr,fr,tool,image,sitemap-fr.xml,2026-07-29,46,200 live verified,yes,29,7,1,1368,1357,0.9919590643274854,,Convertir PNG en JPG en ligne gratuitement - FunnyTools,png-to-jpg,convert|png|jpg|jpg-file|image-format-conversion|general,HIGH,4,0.874,0.864,ADJACENT; DIFFERENT,KEEP,high,Unknown,no,unknown,unknown,2026-09-13T08:29:25.773Z,https://search.google.com/search-console/inspect?resource_id=sc-domain:funnytools.win&id=LmwXvRV-6DdrqSvCrrcMEA&utm_medium=link&utm_source=api,NEUTRAL,Google ne reconnaît pas cette URL,ROBOTS_TXT_STATE_UNSPECIFIED,INDEXING_STATE_UNSPECIFIED,,0,never crawled,PAGE_FETCH_STATE_UNSPECIFIED,,,GOOGLE_CANONICAL_ABSENT,,0,,0,,no,UNKNOWN,,200,,,,,,,,
https://funnytools.win/fr/outils/convertir-timestamp-unix/,fr,fr,tool,time,sitemap-fr.xml,2026-07-29,46,200 live verified,yes,29,6,1,1216,1204,0.9901315789473685,,Convertir timestamp Unix en date UTC et locale - FunnyTools,timestamp-converter,use|timestamp-converter|timestamp-converter|tool-result|timestamp-converter|general,MEDIUM,0,,,,KEEP,low,Crawled Not Indexed,yes,yes,no,2026-09-13T08:29:26.376Z,https://search.google.com/search-console/inspect?resource_id=sc-domain:funnytools.win&id=6sjLyKPs5OI3Y2veCFtc7Q&utm_medium=link&utm_source=api,NEUTRAL,"Explorée, actuellement non indexée",ALLOWED,INDEXING_ALLOWED,2026-08-21T16:45:24Z,22,15–30 days,SUCCESSFUL,https://funnytools.win/fr/outils/convertir-timestamp-unix/,https://funnytools.win/fr/outils/convertir-timestamp-unix/,SELF_MATCH,MOBILE,0,,2,https://funnytools.win/es/herramientas/convertir-timestamp-unix/; https://funnytools.win/en/tools/timestamp-converter/,no,UNKNOWN,,200,,,,,,,,
https://funnytools.win/fr/outils/convertir-webp-en-jpg/,fr,fr,tool,image,sitemap-fr.xml,2026-07-29,46,200 live verified,yes,29,6,1,1020,1009,0.9892156862745098,,Convertir WebP en JPG en ligne gratuitement - FunnyTools,webp-to-jpg,convert|webp|jpg|jpg-file|image-format-conversion|general,HIGH,2,0.862,0.846,DIFFERENT,KEEP,high,Crawled Not Indexed,yes,yes,no,2026-09-13T08:29:27.905Z,https://search.google.com/search-console/inspect?resource_id=sc-domain:funnytools.win&id=1Rpj--KoDPGORrQtUTx0cw&utm_medium=link&utm_source=api,NEUTRAL,"Explorée, actuellement non indexée",ALLOWED,INDEXING_ALLOWED,2026-08-31T03:44:20Z,13,7–14 days,SUCCESSFUL,https://funnytools.win/fr/outils/convertir-webp-en-jpg/,https://funnytools.win/fr/outils/convertir-webp-en-jpg/,SELF_MATCH,MOBILE,0,,1,https://funnytools.win/tools/webp-to-jpg/,no,UNKNOWN,,200,,,,,,,,
https://funnytools.win/fr/outils/creer-diagramme-circulaire/,fr,fr,tool,draw,sitemap-fr.xml,2026-07-29,46,200 live verified,yes,29,6,1,1367,1357,0.9926847110460864,,Créer un diagramme circulaire avec pourcentages - FunnyTools,pie-chart-maker,create|pie-chart|pie-chart|created-artifact|pie-chart|general,MEDIUM,1,0.832,0.825,ADJACENT,KEEP,high,Unknown,no,unknown,unknown,2026-09-13T08:29:32.906Z,https://search.google.com/search-console/inspect?resource_id=sc-domain:funnytools.win&id=YNZ94uIQYkFSc68QTRcQIw&utm_medium=link&utm_source=api,NEUTRAL,Google ne reconnaît pas cette URL,ROBOTS_TXT_STATE_UNSPECIFIED,INDEXING_STATE_UNSPECIFIED,,0,never crawled,PAGE_FETCH_STATE_UNSPECIFIED,,,GOOGLE_CANONICAL_ABSENT,,0,,0,,no,UNKNOWN,,200,,,,,,,,
https://funnytools.win/fr/outils/creer-diagramme-flux/,fr,fr,tool,draw,sitemap-fr.xml,2026-07-29,46,200 live verified,yes,30,7,1,1899,1888,0.9942074776197999,,Diagramme de flux en ligne gratuit | PNG - FunnyTools,flowchart,create|flowchart|flowchart|created-artifact|flowchart|general,MEDIUM,0,,,,KEEP,low,Crawled Not Indexed,yes,yes,no,2026-09-13T08:29:33.385Z,https://search.google.com/search-console/inspect?resource_id=sc-domain:funnytools.win&id=yUiL2cJbQaG_5h1hr_aeGQ&utm_medium=link&utm_source=api,NEUTRAL,"Explorée, actuellement non indexée",ALLOWED,INDEXING_ALLOWED,2026-08-19T17:48:49Z,24,15–30 days,SUCCESSFUL,https://funnytools.win/fr/outils/creer-diagramme-flux/,https://funnytools.win/fr/outils/creer-diagramme-flux/,SELF_MATCH,MOBILE,0,,2,https://funnytools.win/es/herramientas/crear-diagrama-flujo/; https://funnytools.win/tools/flowchart/,no,UNKNOWN,,200,,,,,,,,
https://funnytools.win/fr/outils/creer-graphique-barres/,fr,fr,tool,draw,sitemap-fr.xml,2026-07-29,46,200 live verified,yes,29,8,1,1189,1178,0.990748528174937,,Créer un graphique en barres en ligne - FunnyTools,bar-chart-maker,create|bar-chart|bar-chart|created-artifact|bar-chart|general,MEDIUM,1,0.832,0.825,ADJACENT,KEEP,high,Unknown,no,unknown,unknown,2026-09-13T08:29:35.068Z,https://search.google.com/search-console/inspect?resource_id=sc-domain:funnytools.win&id=jJTEVwigEbx1ItYk4mPYxA&utm_medium=link&utm_source=api,NEUTRAL,Google ne reconnaît pas cette URL,ROBOTS_TXT_STATE_UNSPECIFIED,INDEXING_STATE_UNSPECIFIED,,0,never crawled,PAGE_FETCH_STATE_UNSPECIFIED,,,GOOGLE_CANONICAL_ABSENT,,0,,0,,no,UNKNOWN,,200,,,,,,,,
https://funnytools.win/fr/outils/diviser-pdf/,fr,fr,tool,pdf,sitemap-fr.xml,2026-07-29,46,200 live verified,yes,29,6,1,1440,1430,0.9930555555555556,,Diviser un PDF en ligne gratuitement - FunnyTools,split-pdf,split|pdf|pdf-files|separate-documents|pdf-document-assembly|general,HIGH,4,0.841,0.841,DIFFERENT; UNKNOWN,KEEP,high,Crawled Not Indexed,yes,yes,no,2026-09-13T08:29:39.837Z,https://search.google.com/search-console/inspect?resource_id=sc-domain:funnytools.win&id=ygKQCemAA_ZFtpVjOB3DJg&utm_medium=link&utm_source=api,NEUTRAL,"Explorée, actuellement non indexée",ALLOWED,INDEXING_ALLOWED,2026-08-18T18:09:36Z,25,15–30 days,SUCCESSFUL,https://funnytools.win/fr/outils/diviser-pdf/,https://funnytools.win/fr/outils/diviser-pdf/,SELF_MATCH,MOBILE,0,,1,https://funnytools.win/tools/split-pdf/,no,UNKNOWN,,200,,,,,,,,
https://funnytools.win/fr/outils/editeur-markdown-en-ligne/,fr,fr,tool,text,sitemap-fr.xml,2026-07-29,46,200 live verified,yes,29,6,1,1649,1638,0.9933292904790783,,Éditeur Markdown en ligne avec aperçu HTML - FunnyTools,markdown-previewer,preview|markdown-previewer|markdown-previewer|preview|markdown-previewer|general,MEDIUM,0,,,,KEEP,low,Crawled Not Indexed,yes,yes,no,2026-09-13T08:29:40.528Z,https://search.google.com/search-console/inspect?resource_id=sc-domain:funnytools.win&id=dGhe7F6GQvTdcSpy4glAUA&utm_medium=link&utm_source=api,NEUTRAL,"Explorée, actuellement non indexée",ALLOWED,INDEXING_ALLOWED,2026-08-21T13:32:48Z,22,15–30 days,SUCCESSFUL,https://funnytools.win/fr/outils/editeur-markdown-en-ligne/,https://funnytools.win/fr/outils/editeur-markdown-en-ligne/,SELF_MATCH,MOBILE,0,,2,https://funnytools.win/es/herramientas/editor-markdown-online/; https://funnytools.win/en/tools/markdown-previewer/,no,UNKNOWN,,200,,,,,,,,
https://funnytools.win/fr/outils/encoder-decoder-base64/,fr,fr,tool,text,sitemap-fr.xml,2026-09-03,10,200 live verified,yes,29,8,1,1300,1288,0.9907692307692307,,Encoder ou décoder du Base64 UTF-8 en ligne - FunnyTools,base64,use|base64|base64|tool-result|base64|general,MEDIUM,0,,,,KEEP,low,Crawled Not Indexed,yes,yes,no,2026-09-13T08:29:42.036Z,https://search.google.com/search-console/inspect?resource_id=sc-domain:funnytools.win&id=DO1-93gUne1q9yMaSxS7mA&utm_medium=link&utm_source=api,NEUTRAL,"Explorée, actuellement non indexée",ALLOWED,INDEXING_ALLOWED,2026-09-12T01:23:37Z,1,<7 days,SUCCESSFUL,https://funnytools.win/fr/outils/encoder-decoder-base64/,https://funnytools.win/fr/outils/encoder-decoder-base64/,SELF_MATCH,MOBILE,0,,2,https://funnytools.win/tools/base64/; https://funnytools.win/en/tools/base64/,no,UNKNOWN,,200,,,,,,,,
https://funnytools.win/fr/outils/encoder-decoder-url/,fr,fr,tool,text,sitemap-fr.xml,2026-07-29,46,200 live verified,yes,29,6,1,1197,1186,0.9908103592314118,,Encoder ou décoder une URL avec pourcentages - FunnyTools,url-encoder,use|url-encoder|url-encoder|tool-result|url-encoder|general,MEDIUM,0,,,,KEEP,low,Crawled Not Indexed,yes,yes,no,2026-09-13T08:29:46.734Z,https://search.google.com/search-console/inspect?resource_id=sc-domain:funnytools.win&id=x4q08vOYky3QEoFBHtabHg&utm_medium=link&utm_source=api,NEUTRAL,"Explorée, actuellement non indexée",ALLOWED,INDEXING_ALLOWED,2026-08-25T13:39:19Z,18,15–30 days,SUCCESSFUL,https://funnytools.win/fr/outils/encoder-decoder-url/,https://funnytools.win/fr/outils/encoder-decoder-url/,SELF_MATCH,MOBILE,0,,1,https://funnytools.win/tools/url-encoder/,no,UNKNOWN,,200,,,,,,,,
https://funnytools.win/fr/outils/extraire-pages-pdf/,fr,fr,tool,pdf,sitemap-fr.xml,2026-07-29,46,200 live verified,yes,29,8,1,1055,1044,0.9895734597156398,,Extraire des pages d’un PDF en ligne - FunnyTools,extract-pdf-pages,extract|pdf|pdf|new-document-from-selected-pages|pdf-page-editing|general,HIGH,2,0.823,0.815,DIFFERENT,KEEP,high,Unknown,no,unknown,unknown,2026-09-13T08:29:47.459Z,https://search.google.com/search-console/inspect?resource_id=sc-domain:funnytools.win&id=3OIvgg26_U8FqvNxH8GKhQ&utm_medium=link&utm_source=api,NEUTRAL,Google ne reconnaît pas cette URL,ROBOTS_TXT_STATE_UNSPECIFIED,INDEXING_STATE_UNSPECIFIED,,0,never crawled,PAGE_FETCH_STATE_UNSPECIFIED,,,GOOGLE_CANONICAL_ABSENT,,0,,0,,no,UNKNOWN,,200,,,,,,,,
https://funnytools.win/fr/outils/faire-pivoter-image/,fr,fr,tool,image,sitemap-fr.xml,2026-07-29,46,200 live verified,yes,29,6,1,1345,1333,0.9910780669144982,,Faire pivoter ou retourner une image en ligne - FunnyTools,image-rotate-flip,transform|image-rotate-flip|image-rotate-flip|transformed-output|image-rotate-flip|general,MEDIUM,0,,,,KEEP,low,Crawled Not Indexed,yes,yes,no,2026-09-13T08:29:49.399Z,https://search.google.com/search-console/inspect?resource_id=sc-domain:funnytools.win&id=jqEeQH4GgNI9Pk3KLMekag&utm_medium=link&utm_source=api,NEUTRAL,"Explorée, actuellement non indexée",ALLOWED,INDEXING_ALLOWED,2026-09-02T03:13:01Z,11,7–14 days,SUCCESSFUL,https://funnytools.win/fr/outils/faire-pivoter-image/,https://funnytools.win/fr/outils/faire-pivoter-image/,SELF_MATCH,MOBILE,0,,2,https://funnytools.win/en/tools/image-rotate-flip/; https://funnytools.win/tools/image-rotate-flip/,no,UNKNOWN,,200,,,,,,,,
https://funnytools.win/fr/outils/faire-pivoter-pdf/,fr,fr,tool,pdf,sitemap-fr.xml,2026-07-29,46,200 live verified,yes,29,6,1,1200,1189,0.9908333333333333,,Faire pivoter un PDF en ligne gratuitement - FunnyTools,rotate-pdf,transform|rotate-pdf|rotate-pdf|transformed-output|rotate-pdf|general,MEDIUM,0,,,,KEEP,low,Unknown,no,unknown,unknown,2026-09-13T08:29:53.642Z,https://search.google.com/search-console/inspect?resource_id=sc-domain:funnytools.win&id=bpOCL8gF4Z9V-VoZTCNkLA&utm_medium=link&utm_source=api,NEUTRAL,Google ne reconnaît pas cette URL,ROBOTS_TXT_STATE_UNSPECIFIED,INDEXING_STATE_UNSPECIFIED,,0,never crawled,PAGE_FETCH_STATE_UNSPECIFIED,,,GOOGLE_CANONICAL_ABSENT,,0,,0,,no,UNKNOWN,,200,,,,,,,,
https://funnytools.win/fr/outils/formater-valider-json/,fr,fr,tool,text,sitemap-fr.xml,2026-07-29,46,200 live verified,yes,29,10,1,1343,1331,0.9910647803425168,,"Formater, minifier et valider du JSON en ligne - FunnyTools",json-formatter,format|json-formatter|json-formatter|formatted-output|json-formatter|general,MEDIUM,0,,,,KEEP,low,Unknown,no,unknown,unknown,2026-09-13T08:29:54.393Z,https://search.google.com/search-console/inspect?resource_id=sc-domain:funnytools.win&id=SmEkUd7vU093FmYTnE_keg&utm_medium=link&utm_source=api,NEUTRAL,Google ne reconnaît pas cette URL,ROBOTS_TXT_STATE_UNSPECIFIED,INDEXING_STATE_UNSPECIFIED,,0,never crawled,PAGE_FETCH_STATE_UNSPECIFIED,,,GOOGLE_CANONICAL_ABSENT,,0,,0,,no,UNKNOWN,,200,,,,,,,,
https://funnytools.win/fr/outils/fusionner-pdf/,fr,fr,tool,pdf,sitemap-fr.xml,2026-07-29,46,200 live verified,yes,29,78,1,1451,1442,0.9937973811164714,,Fusionner PDF gratuitement sans téléversement - FunnyTools,merge-pdf,merge|pdf-files|pdf|combined-document|pdf-document-assembly|general,HIGH,2,0.844,0.841,DIFFERENT; UNKNOWN,KEEP,high,Crawled Not Indexed,yes,yes,no,2026-09-13T08:29:56.590Z,https://search.google.com/search-console/inspect?resource_id=sc-domain:funnytools.win&id=kIz50rE7lGe9MvBuI2ZGgA&utm_medium=link&utm_source=api,NEUTRAL,"Explorée, actuellement non indexée",ALLOWED,INDEXING_ALLOWED,2026-08-21T04:46:45Z,23,15–30 days,SUCCESSFUL,https://funnytools.win/fr/outils/fusionner-pdf/,https://funnytools.win/fr/outils/fusionner-pdf/,SELF_MATCH,MOBILE,0,,1,https://funnytools.win/en/tools/merge-pdf/,no,UNKNOWN,,200,,,,,,,,
https://funnytools.win/fr/outils/generateur-code-barres/,fr,fr,tool,image,sitemap-fr.xml,2026-07-29,46,200 live verified,yes,29,6,1,1644,1633,0.9933090024330901,,"Générateur code-barres EAN-13, UPC et Code 128 - FunnyTools",barcode-generator,generate|barcode|barcode|generated-result|barcode|general,MEDIUM,0,,,,KEEP,low,Unknown,no,unknown,unknown,2026-09-13T08:30:00.578Z,https://search.google.com/search-console/inspect?resource_id=sc-domain:funnytools.win&id=SkwH-TFl-Oq53gVypsBUtA&utm_medium=link&utm_source=api,NEUTRAL,Google ne reconnaît pas cette URL,ROBOTS_TXT_STATE_UNSPECIFIED,INDEXING_STATE_UNSPECIFIED,,0,never crawled,PAGE_FETCH_STATE_UNSPECIFIED,,,GOOGLE_CANONICAL_ABSENT,,0,,0,,no,UNKNOWN,,200,,,,,,,,
https://funnytools.win/fr/outils/generateur-code-qr/,fr,fr,tool,image,sitemap-fr.xml,2026-07-29,46,200 live verified,yes,29,8,1,1476,1465,0.9925474254742548,,Générateur de QR code gratuit pour URL - FunnyTools,qr-code-generator,generate|qr-code|qr-code|generated-result|qr-code|general,MEDIUM,0,,,,KEEP,low,Unknown,no,unknown,unknown,2026-09-13T08:30:01.365Z,https://search.google.com/search-console/inspect?resource_id=sc-domain:funnytools.win&id=w4OiqkwvkNo57L_zzj_03Q&utm_medium=link&utm_source=api,NEUTRAL,Google ne reconnaît pas cette URL,ROBOTS_TXT_STATE_UNSPECIFIED,INDEXING_STATE_UNSPECIFIED,,0,never crawled,PAGE_FETCH_STATE_UNSPECIFIED,,,GOOGLE_CANONICAL_ABSENT,,0,,0,,no,UNKNOWN,,200,,,,,,,,
https://funnytools.win/fr/outils/generateur-couleurs-hex-rgb-hsl/,fr,fr,tool,random,sitemap-fr.xml,2026-07-29,46,200 live verified,yes,29,7,1,1619,1608,0.9932056825200741,,"Générateur couleur HEX, RGB, HSL et contraste - FunnyTools",color-generator,generate|color|color|generated-result|color|general,MEDIUM,0,,,,KEEP,low,Unknown,no,unknown,unknown,2026-09-13T08:30:03.530Z,https://search.google.com/search-console/inspect?resource_id=sc-domain:funnytools.win&id=45vA0jgDCUZ9OI4oKY-9Jw&utm_medium=link&utm_source=api,NEUTRAL,Google ne reconnaît pas cette URL,ROBOTS_TXT_STATE_UNSPECIFIED,INDEXING_STATE_UNSPECIFIED,,0,never crawled,PAGE_FETCH_STATE_UNSPECIFIED,,,GOOGLE_CANONICAL_ABSENT,,0,,0,,no,UNKNOWN,,200,,,,,,,,
https://funnytools.win/fr/outils/generateur-groupes-aleatoires/,fr,fr,tool,random,sitemap-fr.xml,2026-07-29,46,200 live verified,yes,29,6,1,1932,1922,0.994824016563147,,Générateur de groupes aléatoires et équipes - FunnyTools,random-group-generator,generate|random-group|random-group|generated-result|random-group|general,MEDIUM,2,0.869,0.862,ADJACENT; DIFFERENT,KEEP,high,Unknown,no,unknown,unknown,2026-09-13T08:30:07.770Z,https://search.google.com/search-console/inspect?resource_id=sc-domain:funnytools.win&id=x0_d2C47lc1uhQTHZaZCfA&utm_medium=link&utm_source=api,NEUTRAL,Google ne reconnaît pas cette URL,ROBOTS_TXT_STATE_UNSPECIFIED,INDEXING_STATE_UNSPECIFIED,,0,never crawled,PAGE_FETCH_STATE_UNSPECIFIED,,,GOOGLE_CANONICAL_ABSENT,,0,,0,,no,UNKNOWN,,200,,,,,,,,
https://funnytools.win/fr/outils/generateur-groupes-classe/,fr,fr,tool,study,sitemap-fr.xml,2026-07-29,46,200 live verified,yes,29,7,1,1833,1821,0.9934533551554828,,Générateur de groupes de classe | Nombre ou effectif - FunnyTools,group-generator,generate|group|group|generated-result|group|general,MEDIUM,1,0.869,0.862,DIFFERENT,IMPROVE,high,Unknown,no,unknown,unknown,2026-09-13T08:30:08.549Z,https://search.google.com/search-console/inspect?resource_id=sc-domain:funnytools.win&id=mSJRHKqVcPR492iZM9j2ZA&utm_medium=link&utm_source=api,NEUTRAL,Google ne reconnaît pas cette URL,ROBOTS_TXT_STATE_UNSPECIFIED,INDEXING_STATE_UNSPECIFIED,,0,never crawled,PAGE_FETCH_STATE_UNSPECIFIED,,,GOOGLE_CANONICAL_ABSENT,,0,,0,,no,UNKNOWN,,200,,,,,,,,
https://funnytools.win/fr/outils/generateur-mot-de-passe-securise/,fr,fr,tool,random,sitemap-fr.xml,2026-07-29,46,200 live verified,yes,29,6,1,1662,1650,0.9927797833935018,,Générateur de mot de passe sécurisé et aléatoire - FunnyTools,password-generator,generate|password|password|generated-result|password|general,MEDIUM,0,,,,KEEP,low,Unknown,no,unknown,unknown,2026-09-13T08:30:10.554Z,https://search.google.com/search-console/inspect?resource_id=sc-domain:funnytools.win&id=rPphMMAkVjI-l5O556lwgw&utm_medium=link&utm_source=api,NEUTRAL,Google ne reconnaît pas cette URL,ROBOTS_TXT_STATE_UNSPECIFIED,INDEXING_STATE_UNSPECIFIED,,0,never crawled,PAGE_FETCH_STATE_UNSPECIFIED,,,GOOGLE_CANONICAL_ABSENT,,0,,0,,no,UNKNOWN,,200,,,,,,,,
https://funnytools.win/fr/outils/generateur-nombres-aleatoires/,fr,fr,tool,random,sitemap-fr.xml,2026-09-02,11,200 live verified,yes,29,8,1,2464,2454,0.9959415584415584,,Générateur de nombres aléatoires en ligne - FunnyTools,random-number-picker,select|random-number-picker|random-number-picker|selected-result|random-number-picker|general,MEDIUM,2,0.826,0.823,ADJACENT; UNKNOWN,KEEP,high,Crawled Not Indexed,yes,yes,no,2026-09-13T08:30:14.686Z,https://search.google.com/search-console/inspect?resource_id=sc-domain:funnytools.win&id=pu2vDXm4GZtgMQujJID_Cw&utm_medium=link&utm_source=api,NEUTRAL,"Explorée, actuellement non indexée",ALLOWED,INDEXING_ALLOWED,2026-08-01T15:44:04Z,42,>30 days,SUCCESSFUL,https://funnytools.win/fr/outils/generateur-nombres-aleatoires/,https://funnytools.win/fr/outils/generateur-nombres-aleatoires/,SELF_MATCH,MOBILE,0,,2,https://funnytools.win/tools/random-number-picker/; https://funnytools.win/en/tools/random-number-picker/,no,UNKNOWN,,200,,,,,,,,
https://funnytools.win/fr/outils/generateur-uuid-v4/,fr,fr,tool,random,sitemap-fr.xml,2026-07-29,46,200 live verified,yes,29,7,1,1180,1170,0.9915254237288136,,Générateur UUID v4 aléatoire en ligne - FunnyTools,uuid-generator,generate|uuid|uuid|generated-result|uuid|general,MEDIUM,0,,,,KEEP,low,Unknown,no,unknown,unknown,2026-09-13T08:30:15.712Z,https://search.google.com/search-console/inspect?resource_id=sc-domain:funnytools.win&id=WOoORnD1sAgJ4Va4D8_pfg&utm_medium=link&utm_source=api,NEUTRAL,Google ne reconnaît pas cette URL,ROBOTS_TXT_STATE_UNSPECIFIED,INDEXING_STATE_UNSPECIFIED,,0,never crawled,PAGE_FETCH_STATE_UNSPECIFIED,,,GOOGLE_CANONICAL_ABSENT,,0,,0,,no,UNKNOWN,,200,,,,,,,,
https://funnytools.win/fr/outils/lancer-des-en-ligne/,fr,fr,tool,random,sitemap-fr.xml,2026-07-29,46,200 live verified,yes,29,6,1,1759,1745,0.992040932347925,,Lancer de dés en ligne | Dé virtuel d6 et d20 - FunnyTools,dice-roller,generate|dice-roller|dice-roller|generated-result|dice-roller|general,MEDIUM,0,,,,KEEP,low,Crawled Not Indexed,yes,yes,no,2026-09-13T08:30:17.923Z,https://search.google.com/search-console/inspect?resource_id=sc-domain:funnytools.win&id=uCNsGdK81JvyXYA29oGghA&utm_medium=link&utm_source=api,NEUTRAL,"Explorée, actuellement non indexée",ALLOWED,INDEXING_ALLOWED,2026-08-17T03:19:31Z,27,15–30 days,SUCCESSFUL,https://funnytools.win/fr/outils/lancer-des-en-ligne/,https://funnytools.win/fr/outils/lancer-des-en-ligne/,SELF_MATCH,MOBILE,0,,2,https://funnytools.win/es/herramientas/tirar-dados-online/; https://funnytools.win/en/tools/dice-roller/,no,UNKNOWN,,200,,,,,,,,
https://funnytools.win/fr/outils/minuteur-en-ligne/,fr,fr,tool,time,sitemap-fr.xml,2026-07-29,46,200 live verified,yes,29,8,1,1885,1874,0.9941644562334218,,Minuteur en ligne gratuit | Compte à rebours - FunnyTools,countdown-timer,use|countdown-timer|countdown-timer|tool-result|countdown-timer|general,MEDIUM,1,0.817,0.811,ADJACENT,KEEP,high,Unknown,no,unknown,unknown,2026-09-13T08:30:22.070Z,https://search.google.com/search-console/inspect?resource_id=sc-domain:funnytools.win&id=0YYoS3vm2TRUj3Hyh2CQkA&utm_medium=link&utm_source=api,NEUTRAL,Google ne reconnaît pas cette URL,ROBOTS_TXT_STATE_UNSPECIFIED,INDEXING_STATE_UNSPECIFIED,,0,never crawled,PAGE_FETCH_STATE_UNSPECIFIED,,,GOOGLE_CANONICAL_ABSENT,,0,,0,,no,UNKNOWN,,200,,,,,,,,
https://funnytools.win/fr/outils/minuteur-pomodoro/,fr,fr,tool,time,sitemap-fr.xml,2026-07-29,46,200 live verified,yes,30,7,1,2218,2207,0.9950405770964833,,Minuteur Pomodoro en ligne gratuit et réglable - FunnyTools,pomodoro-timer,use|pomodoro-timer|pomodoro-timer|tool-result|pomodoro-timer|general,MEDIUM,1,0.852,0.85,ADJACENT,KEEP,high,Unknown,no,unknown,unknown,2026-09-13T08:30:22.625Z,https://search.google.com/search-console/inspect?resource_id=sc-domain:funnytools.win&id=RDUYUXIBOeJ_KIhU5ffGGg&utm_medium=link&utm_source=api,NEUTRAL,Google ne reconnaît pas cette URL,ROBOTS_TXT_STATE_UNSPECIFIED,INDEXING_STATE_UNSPECIFIED,,0,never crawled,PAGE_FETCH_STATE_UNSPECIFIED,,,GOOGLE_CANONICAL_ABSENT,,0,,0,,no,UNKNOWN,,200,,,,,,,,
https://funnytools.win/fr/outils/plan-de-classe-en-ligne/,fr,fr,tool,study,sitemap-fr.xml,2026-07-29,46,200 live verified,yes,29,7,1,1928,1914,0.9927385892116183,,Créer un plan de classe en ligne | CSV et impression - FunnyTools,seating-chart,use|seating-chart|seating-chart|tool-result|seating-chart|general,MEDIUM,0,,,,KEEP,low,Unknown,no,unknown,unknown,2026-09-13T08:30:24.868Z,https://search.google.com/search-console/inspect?resource_id=sc-domain:funnytools.win&id=Ke6Kmb72renl5uKbiinR3A&utm_medium=link&utm_source=api,NEUTRAL,Google ne reconnaît pas cette URL,ROBOTS_TXT_STATE_UNSPECIFIED,INDEXING_STATE_UNSPECIFIED,,0,never crawled,PAGE_FETCH_STATE_UNSPECIFIED,,,GOOGLE_CANONICAL_ABSENT,,0,,0,,no,UNKNOWN,,200,,,,,,,,
https://funnytools.win/fr/outils/quoi-manger-ce-soir/,fr,fr,tool,random,sitemap-fr.xml,2026-07-29,46,200 live verified,yes,29,6,1,1984,1972,0.9939516129032258,,Quoi manger ce soir ? Idée repas au hasard - FunnyTools,what-to-eat,convert|what|eat|eat-output|directional-conversion|general,MEDIUM,0,,,,KEEP,low,Unknown,no,unknown,unknown,2026-09-13T08:30:29.029Z,https://search.google.com/search-console/inspect?resource_id=sc-domain:funnytools.win&id=joaxecS9ffWbVXvtrLKpzg&utm_medium=link&utm_source=api,NEUTRAL,Google ne reconnaît pas cette URL,ROBOTS_TXT_STATE_UNSPECIFIED,INDEXING_STATE_UNSPECIFIED,,0,never crawled,PAGE_FETCH_STATE_UNSPECIFIED,,,GOOGLE_CANONICAL_ABSENT,,0,,0,,no,UNKNOWN,,200,,,,,,,,
https://funnytools.win/fr/outils/rappel-pause-ecran/,fr,fr,tool,time,sitemap-fr.xml,2026-07-29,46,200 live verified,yes,29,7,1,1735,1723,0.9930835734870317,,Rappel de pause écran et minuteur de repos - FunnyTools,break-reminder,use|break-reminder|break-reminder|tool-result|break-reminder|general,MEDIUM,2,0.852,0.85,ADJACENT,KEEP,high,Crawled Not Indexed,yes,yes,no,2026-09-13T08:30:30.044Z,https://search.google.com/search-console/inspect?resource_id=sc-domain:funnytools.win&id=UU5hFFznOPN4-ScOOxOiig&utm_medium=link&utm_source=api,NEUTRAL,"Explorée, actuellement non indexée",ALLOWED,INDEXING_ALLOWED,2026-08-03T02:43:13Z,41,>30 days,SUCCESSFUL,https://funnytools.win/fr/outils/rappel-pause-ecran/,https://funnytools.win/fr/outils/rappel-pause-ecran/,SELF_MATCH,MOBILE,0,,1,https://funnytools.win/tools/break-reminder/,no,UNKNOWN,,200,,,,,,,,
https://funnytools.win/fr/outils/recadrer-image/,fr,fr,tool,image,sitemap-fr.xml,2026-07-29,46,200 live verified,yes,29,7,1,1190,1180,0.9915966386554622,,Recadrer une image en ligne gratuitement - FunnyTools,image-crop,transform|image-crop|image-crop|transformed-output|image-crop|general,MEDIUM,1,0.804,0.802,ADJACENT,KEEP,high,Unknown,no,unknown,unknown,2026-09-13T08:30:31.831Z,https://search.google.com/search-console/inspect?resource_id=sc-domain:funnytools.win&id=TH_Pdw30F-VVfEdzsZE9Ig&utm_medium=link&utm_source=api,NEUTRAL,Google ne reconnaît pas cette URL,ROBOTS_TXT_STATE_UNSPECIFIED,INDEXING_STATE_UNSPECIFIED,,0,never crawled,PAGE_FETCH_STATE_UNSPECIFIED,,,GOOGLE_CANONICAL_ABSENT,,0,,0,,no,UNKNOWN,,200,,,,,,,,
https://funnytools.win/fr/outils/redimensionner-image/,fr,fr,tool,image,sitemap-fr.xml,2026-07-29,46,200 live verified,yes,29,8,1,1524,1514,0.9934383202099738,,Redimensionner une image en ligne gratuitement - FunnyTools,image-resizer,transform|image-resizer|image-resizer|transformed-output|image-resizer|general,MEDIUM,2,0.849,0.843,ADJACENT,KEEP,high,Unknown,no,unknown,unknown,2026-09-13T08:30:35.957Z,https://search.google.com/search-console/inspect?resource_id=sc-domain:funnytools.win&id=Or0JOi1wskLi-Momq39knQ&utm_medium=link&utm_source=api,NEUTRAL,Google ne reconnaît pas cette URL,ROBOTS_TXT_STATE_UNSPECIFIED,INDEXING_STATE_UNSPECIFIED,,0,never crawled,PAGE_FETCH_STATE_UNSPECIFIED,,,GOOGLE_CANONICAL_ABSENT,,0,,0,,no,UNKNOWN,,200,,,,,,,,
https://funnytools.win/fr/outils/reorganiser-pages-pdf/,fr,fr,tool,pdf,sitemap-fr.xml,2026-07-29,46,200 live verified,yes,29,7,1,1257,1246,0.9912490055688147,,Réorganiser les pages d’un PDF en ligne - FunnyTools,pdf-page-reorder,reorder|pdf|pdf|reordered-document|pdf-page-editing|general,HIGH,2,0.809,0.81,DIFFERENT; UNKNOWN,KEEP,high,Crawled Not Indexed,yes,yes,no,2026-09-13T08:30:36.874Z,https://search.google.com/search-console/inspect?resource_id=sc-domain:funnytools.win&id=R0kWIJd1dR6lbki6yJimcA&utm_medium=link&utm_source=api,NEUTRAL,"Explorée, actuellement non indexée",ALLOWED,INDEXING_ALLOWED,2026-08-17T04:08:24Z,27,15–30 days,SUCCESSFUL,https://funnytools.win/fr/outils/reorganiser-pages-pdf/,https://funnytools.win/fr/outils/reorganiser-pages-pdf/,SELF_MATCH,MOBILE,0,,1,https://funnytools.win/en/tools/pdf-page-reorder/,no,UNKNOWN,,200,,,,,,,,
https://funnytools.win/fr/outils/roue-aleatoire/,fr,fr,tool,random,sitemap-fr.xml,2026-09-02,11,200 live verified,yes,29,8,1,2184,2174,0.9954212454212454,,Roue aléatoire en ligne de noms - FunnyTools,random-wheel,select|random-wheel|random-wheel|selected-result|random-wheel|general,MEDIUM,1,0.834,0.837,ADJACENT,KEEP,high,Unknown,no,unknown,unknown,2026-09-13T08:30:39.094Z,https://search.google.com/search-console/inspect?resource_id=sc-domain:funnytools.win&id=QW7s7Do-QizW-ISFQG_cvA&utm_medium=link&utm_source=api,NEUTRAL,Google ne reconnaît pas cette URL,ROBOTS_TXT_STATE_UNSPECIFIED,INDEXING_STATE_UNSPECIFIED,,0,never crawled,PAGE_FETCH_STATE_UNSPECIFIED,,,GOOGLE_CANONICAL_ABSENT,,0,,0,,no,UNKNOWN,,200,,,,,,,,
https://funnytools.win/fr/outils/supprimer-lignes-doublons/,fr,fr,tool,text,sitemap-fr.xml,2026-07-29,46,200 live verified,yes,29,8,1,1287,1276,0.9914529914529915,,Supprimer les lignes en double d’un texte - FunnyTools,remove-duplicate-lines,remove|remove-duplicate-lines|remove-duplicate-lines|cleaned-output|remove-duplicate-lines|general,MEDIUM,1,0.838,0.825,ADJACENT,KEEP,high,Unknown,no,unknown,unknown,2026-09-13T08:30:42.897Z,https://search.google.com/search-console/inspect?resource_id=sc-domain:funnytools.win&id=f79wy5_h2kD0ubxB_0QdXQ&utm_medium=link&utm_source=api,NEUTRAL,Google ne reconnaît pas cette URL,ROBOTS_TXT_STATE_UNSPECIFIED,INDEXING_STATE_UNSPECIFIED,,0,never crawled,PAGE_FETCH_STATE_UNSPECIFIED,,,GOOGLE_CANONICAL_ABSENT,,0,,0,,no,UNKNOWN,,200,,,,,,,,
https://funnytools.win/fr/outils/supprimer-lignes-vides/,fr,fr,tool,text,sitemap-fr.xml,2026-07-29,46,200 live verified,yes,29,7,1,1349,1339,0.9925871015567087,,Supprimer les lignes vides d’un texte - FunnyTools,remove-empty-lines,remove|remove-empty-lines|remove-empty-lines|cleaned-output|remove-empty-lines|general,MEDIUM,0,,,,KEEP,low,Unknown,no,unknown,unknown,2026-09-13T08:30:44.014Z,https://search.google.com/search-console/inspect?resource_id=sc-domain:funnytools.win&id=QDS39iGynFT2XWZz4qIqTQ&utm_medium=link&utm_source=api,NEUTRAL,Google ne reconnaît pas cette URL,ROBOTS_TXT_STATE_UNSPECIFIED,INDEXING_STATE_UNSPECIFIED,,0,never crawled,PAGE_FETCH_STATE_UNSPECIFIED,,,GOOGLE_CANONICAL_ABSENT,,0,,0,,no,UNKNOWN,,200,,,,,,,,
https://funnytools.win/fr/outils/supprimer-pages-pdf/,fr,fr,tool,pdf,sitemap-fr.xml,2026-07-29,46,200 live verified,yes,29,8,1,1056,1045,0.9895833333333334,,Supprimer des pages d’un PDF en ligne - FunnyTools,delete-pdf-pages,delete|pdf|pdf|remove-selected-pages|pdf-page-editing|general,HIGH,1,0.823,0.815,DIFFERENT,KEEP,high,Crawled Not Indexed,yes,yes,no,2026-09-13T08:30:46.259Z,https://search.google.com/search-console/inspect?resource_id=sc-domain:funnytools.win&id=lARFEpEsK11Pim-5fgvASA&utm_medium=link&utm_source=api,NEUTRAL,"Explorée, actuellement non indexée",ALLOWED,INDEXING_ALLOWED,2026-08-25T11:40:44Z,18,15–30 days,SUCCESSFUL,https://funnytools.win/fr/outils/supprimer-pages-pdf/,https://funnytools.win/fr/outils/supprimer-pages-pdf/,SELF_MATCH,MOBILE,0,,1,https://funnytools.win/tools/delete-pdf-pages/,no,UNKNOWN,,200,,,,,,,,
https://funnytools.win/fr/outils/tableau-blanc-dessin-en-ligne/,fr,fr,tool,draw,sitemap-fr.xml,2026-07-29,46,200 live verified,yes,30,7,1,2039,2027,0.9941147621383031,,Tableau blanc en ligne gratuit pour dessiner | PNG - FunnyTools,sketchpad,create|sketchpad|sketchpad|created-artifact|sketchpad|general,MEDIUM,0,,,,KEEP,low,Crawled Not Indexed,yes,yes,no,2026-09-13T08:30:49.840Z,https://search.google.com/search-console/inspect?resource_id=sc-domain:funnytools.win&id=mRAWJT5e1OzEG3WRJ38Iug&utm_medium=link&utm_source=api,NEUTRAL,"Explorée, actuellement non indexée",ALLOWED,INDEXING_ALLOWED,2026-08-01T14:51:30Z,42,>30 days,SUCCESSFUL,https://funnytools.win/fr/outils/tableau-blanc-dessin-en-ligne/,https://funnytools.win/fr/outils/tableau-blanc-dessin-en-ligne/,SELF_MATCH,MOBILE,0,,1,https://funnytools.win/es/herramientas/pizarra-dibujo-online/,no,UNKNOWN,,200,,,,,,,,
https://funnytools.win/fr/outils/tirage-au-sort-eleves/,fr,fr,tool,study,sitemap-fr.xml,2026-07-29,46,200 live verified,yes,29,6,1,1994,1982,0.9939819458375125,,Tirage au sort élève en ligne | Sans répétition - FunnyTools,random-student-picker,select|random-student-picker|random-student-picker|selected-result|random-student-picker|general,MEDIUM,1,0.822,0.825,DIFFERENT,IMPROVE,high,Unknown,no,unknown,unknown,2026-09-13T08:30:51.170Z,https://search.google.com/search-console/inspect?resource_id=sc-domain:funnytools.win&id=hnrI16RgWj9bcLL1O2M0Eg&utm_medium=link&utm_source=api,NEUTRAL,Google ne reconnaît pas cette URL,ROBOTS_TXT_STATE_UNSPECIFIED,INDEXING_STATE_UNSPECIFIED,,0,never crawled,PAGE_FETCH_STATE_UNSPECIFIED,,,GOOGLE_CANONICAL_ABSENT,,0,,0,,no,UNKNOWN,,200,,,,,,,,
https://funnytools.win/fr/outils/tirage-au-sort-noms/,fr,fr,tool,random,sitemap-fr.xml,2026-09-02,11,200 live verified,yes,29,8,1,2296,2285,0.9952090592334495,,Tirage au sort de noms en ligne - FunnyTools,random-name-picker,select|random-name-picker|random-name-picker|selected-result|random-name-picker|general,MEDIUM,4,0.834,0.837,ADJACENT; DIFFERENT,KEEP,high,Crawled Not Indexed,yes,yes,no,2026-09-13T08:30:53.183Z,https://search.google.com/search-console/inspect?resource_id=sc-domain:funnytools.win&id=_ZobDNsyM0YAAZP1Zq_xQw&utm_medium=link&utm_source=api,NEUTRAL,"Explorée, actuellement non indexée",ALLOWED,INDEXING_ALLOWED,2026-08-03T18:11:28Z,40,>30 days,SUCCESSFUL,https://funnytools.win/fr/outils/tirage-au-sort-noms/,https://funnytools.win/fr/outils/tirage-au-sort-noms/,SELF_MATCH,MOBILE,0,,2,https://funnytools.win/es/herramientas/sorteo-nombres-aleatorio/; https://funnytools.win/en/tools/random-name-picker/,no,UNKNOWN,,200,,,,,,,,
https://funnytools.win/fr/outils/trier-lignes-texte/,fr,fr,tool,text,sitemap-fr.xml,2026-07-29,46,200 live verified,yes,29,6,1,1489,1477,0.9919408999328408,,Trier des lignes par ordre alphabétique ou nombre - FunnyTools,sort-lines,sort|sort-lines|sort-lines|sorted-output|sort-lines|general,MEDIUM,1,0.838,0.825,ADJACENT,KEEP,high,Unknown,no,unknown,unknown,2026-09-13T08:30:56.805Z,https://search.google.com/search-console/inspect?resource_id=sc-domain:funnytools.win&id=1Qq20C5xV1ZmR99Usp7ISQ&utm_medium=link&utm_source=api,NEUTRAL,Google ne reconnaît pas cette URL,ROBOTS_TXT_STATE_UNSPECIFIED,INDEXING_STATE_UNSPECIFIED,,0,never crawled,PAGE_FETCH_STATE_UNSPECIFIED,,,GOOGLE_CANONICAL_ABSENT,,0,,0,,no,UNKNOWN,,200,,,,,,,,
https://funnytools.win/guides/,zh-TW,zh,hub,general,sitemap-guides.xml,2026-09-04,9,200 live verified,yes,390,312,1,11467,11449,0.9984302781895875,,教育統計與教師甄試指南 - FunnyTools,,,,0,,,,KEEP,low,Crawled Not Indexed,yes,yes,no,2026-09-13T08:30:58.070Z,https://search.google.com/search-console/inspect?resource_id=sc-domain:funnytools.win&id=kUhkb2CADLzHiatS4j0P4Q&utm_medium=link&utm_source=api,NEUTRAL,已檢索 - 目前尚未建立索引,ALLOWED,INDEXING_ALLOWED,2026-08-13T19:25:23Z,30,15–30 days,SUCCESSFUL,https://funnytools.win/guides/,https://funnytools.win/guides/,SELF_MATCH,MOBILE,0,,1,https://funnytools.win/,no,UNKNOWN,,200,,,,,0,7,0,4.142857142857142
https://funnytools.win/guides/2d-cad-drawing-board-workflow-guide/,zh-TW,zh,guide,drawing,sitemap-guides.xml,2026-09-03,10,200 live verified,yes,41,3,2,1698,1672,0.9846878680800942,,線上 2D CAD 怎麼畫？格線、正交線與 PNG／SVG 匯出流程 - FunnyTools,,,,0,,,,WAIT,low,Unknown,no,unknown,unknown,2026-09-13T08:31:00.328Z,https://search.google.com/search-console/inspect?resource_id=sc-domain:funnytools.win&id=9UGCzItiv5_djDomUrB9JQ&utm_medium=link&utm_source=api,NEUTRAL,Google 無法辨識的網址,ROBOTS_TXT_STATE_UNSPECIFIED,INDEXING_STATE_UNSPECIFIED,,0,never crawled,PAGE_FETCH_STATE_UNSPECIFIED,,,GOOGLE_CANONICAL_ABSENT,,0,,0,,no,UNKNOWN,,200,,,,,,,,
https://funnytools.win/guides/a4-vs-us-letter-printing-guide/,zh-TW,zh,guide,general,sitemap-guides.xml,2026-07-18,57,200 live verified,yes,42,10,2,1405,1375,0.9786476868327402,,A4 跟 US Letter 差在哪？教材與文件列印不裁切、不縮小的設定 - FunnyTools,,,,0,,,,KEEP,low,Unknown,no,unknown,unknown,2026-09-13T08:31:03.866Z,https://search.google.com/search-console/inspect?resource_id=sc-domain:funnytools.win&id=TckNfaTCos8lXSSX4Xiw5Q&utm_medium=link&utm_source=api,NEUTRAL,Google 無法辨識的網址,ROBOTS_TXT_STATE_UNSPECIFIED,INDEXING_STATE_UNSPECIFIED,,0,never crawled,PAGE_FETCH_STATE_UNSPECIFIED,,,GOOGLE_CANONICAL_ABSENT,,0,,0,,no,UNKNOWN,,200,,,,,,,,
https://funnytools.win/guides/age-calculator-school-cutoff-guide/,zh-TW,zh,guide,general,sitemap-guides.xml,2026-07-25,50,200 live verified,yes,37,5,2,1338,1307,0.976831091180867,,入學年齡與年齡計算：9/1 切點、足歲、閏年生日的完整說明 - FunnyTools,,,,0,,,,KEEP,low,Unknown,no,unknown,unknown,2026-09-13T08:31:05.182Z,https://search.google.com/search-console/inspect?resource_id=sc-domain:funnytools.win&id=TAG6XnZxGFKNoCutgt3gDw&utm_medium=link&utm_source=api,NEUTRAL,Google 無法辨識的網址,ROBOTS_TXT_STATE_UNSPECIFIED,INDEXING_STATE_UNSPECIFIED,,0,never crawled,PAGE_FETCH_STATE_UNSPECIFIED,,,GOOGLE_CANONICAL_ABSENT,,0,,0,,no,UNKNOWN,,200,,,,,,,,
https://funnytools.win/guides/anova-apa-format-guide/,zh-TW,zh,guide,statistics,sitemap-guides.xml,2026-06-25,80,200 live verified,yes,41,11,1,1010,987,0.9772277227722772,,ANOVA APA 7 怎麼寫？F、df、p、eta squared 與事後比較 - FunnyTools,,,,0,,,,KEEP,low,Unknown,no,unknown,unknown,2026-09-13T08:31:07.539Z,https://search.google.com/search-console/inspect?resource_id=sc-domain:funnytools.win&id=kUEhbAaA01EgXDx1o3AOTg&utm_medium=link&utm_source=api,NEUTRAL,Google 無法辨識的網址,ROBOTS_TXT_STATE_UNSPECIFIED,INDEXING_STATE_UNSPECIFIED,,0,never crawled,PAGE_FETCH_STATE_UNSPECIFIED,,,GOOGLE_CANONICAL_ABSENT,,0,,0,,no,UNKNOWN,,200,,,,,,,,
https://funnytools.win/guides/anova-post-hoc-tukey-bonferroni/,zh-TW,zh,guide,statistics,sitemap-guides.xml,2026-08-27,17,200 live verified,yes,36,2,2,2550,2526,0.9905882352941177,,ANOVA 顯著後怎麼辦？Tukey、Bonferroni、事後比較完整指南｜FunnyTools,,,,0,,,,KEEP,low,Unknown,no,unknown,unknown,2026-09-13T08:31:11.080Z,https://search.google.com/search-console/inspect?resource_id=sc-domain:funnytools.win&id=3l75gx0MX2T4erxKbHQOWA&utm_medium=link&utm_source=api,NEUTRAL,Google 無法辨識的網址,ROBOTS_TXT_STATE_UNSPECIFIED,INDEXING_STATE_UNSPECIFIED,,0,never crawled,PAGE_FETCH_STATE_UNSPECIFIED,,,GOOGLE_CANONICAL_ABSENT,,0,,0,,no,UNKNOWN,,200,,,,,,,,
https://funnytools.win/guides/bar-chart-school-report-guide/,zh-TW,zh,guide,drawing,sitemap-guides.xml,2026-07-21,54,200 live verified,yes,37,11,2,1149,1119,0.9738903394255874,,報告長條圖怎麼做才專業？排序、軸線、配色的兩分鐘法則 - FunnyTools,,,,0,,,,KEEP,low,Unknown,no,unknown,unknown,2026-09-13T08:31:12.166Z,https://search.google.com/search-console/inspect?resource_id=sc-domain:funnytools.win&id=YuGICOJZonE6wGmTlDT7Kg&utm_medium=link&utm_source=api,NEUTRAL,Google 無法辨識的網址,ROBOTS_TXT_STATE_UNSPECIFIED,INDEXING_STATE_UNSPECIFIED,,0,never crawled,PAGE_FETCH_STATE_UNSPECIFIED,,,GOOGLE_CANONICAL_ABSENT,,0,,0,,no,UNKNOWN,,200,,,,,,,,
https://funnytools.win/guides/barcode-printing-quiet-zone-svg-guide/,zh-TW,zh,guide,general,sitemap-guides.xml,2026-08-27,17,200 live verified,yes,34,5,2,1049,1017,0.9694947569113441,,條碼怎麼印才掃得到？Quiet Zone、SVG、尺寸、對比與列印品質完整指南｜FunnyTools,,,,0,,,,KEEP,low,Unknown,no,unknown,unknown,2026-09-13T08:31:14.486Z,https://search.google.com/search-console/inspect?resource_id=sc-domain:funnytools.win&id=Q2pQ632vfU8oqPdtiCnkYw&utm_medium=link&utm_source=api,NEUTRAL,Google 無法辨識的網址,ROBOTS_TXT_STATE_UNSPECIFIED,INDEXING_STATE_UNSPECIFIED,,0,never crawled,PAGE_FETCH_STATE_UNSPECIFIED,,,GOOGLE_CANONICAL_ABSENT,,0,,0,,no,UNKNOWN,,200,,,,,,,,
https://funnytools.win/guides/base64-utf8-unicode-guide/,zh-TW,zh,guide,text,sitemap-guides.xml,2026-08-27,17,200 live verified,yes,34,4,2,1523,1494,0.9809586342744583,,Base64 中文、Emoji 為什麼亂碼？UTF-8、btoa/atob 與正確編解碼完整指南｜FunnyTools,,,,0,,,,KEEP,low,Unknown,no,unknown,unknown,2026-09-13T08:31:18.236Z,https://search.google.com/search-console/inspect?resource_id=sc-domain:funnytools.win&id=rJHAP4QtiKarTNXuvmwksw&utm_medium=link&utm_source=api,NEUTRAL,Google 無法辨識的網址,ROBOTS_TXT_STATE_UNSPECIFIED,INDEXING_STATE_UNSPECIFIED,,0,never crawled,PAGE_FETCH_STATE_UNSPECIFIED,,,GOOGLE_CANONICAL_ABSENT,,0,,0,,no,UNKNOWN,,200,,,,,,,,
https://funnytools.win/guides/break-reminder-work-interval-guide/,zh-TW,zh,guide,general,sitemap-guides.xml,2026-08-27,17,200 live verified,yes,34,4,2,1554,1530,0.9845559845559846,,休息提醒怎麼設定？30、45、50、60分鐘工作區間與 Pomodoro 差異指南｜FunnyTools,,,,0,,,,KEEP,low,Unknown,no,unknown,unknown,2026-09-13T08:31:19.373Z,https://search.google.com/search-console/inspect?resource_id=sc-domain:funnytools.win&id=64P9oi1U2t6xv6euygzA5g&utm_medium=link&utm_source=api,NEUTRAL,Google 無法辨識的網址,ROBOTS_TXT_STATE_UNSPECIFIED,INDEXING_STATE_UNSPECIFIED,,0,never crawled,PAGE_FETCH_STATE_UNSPECIFIED,,,GOOGLE_CANONICAL_ABSENT,,0,,0,,no,UNKNOWN,,200,,,,,,,,
https://funnytools.win/guides/business-days-calendar-days-guide/,zh-TW,zh,guide,time,sitemap-guides.xml,2026-08-27,17,200 live verified,yes,35,5,2,1807,1775,0.9822910902047592,,工作日怎麼算？日曆日、週末、國定假日與包含截止日完整指南｜FunnyTools,,,,1,0.852,0.823,COMPLEMENTARY,IMPROVE,high,Unknown,no,unknown,unknown,2026-09-13T08:31:21.669Z,https://search.google.com/search-console/inspect?resource_id=sc-domain:funnytools.win&id=-XHtynl56d9eSxXBYGGNdA&utm_medium=link&utm_source=api,NEUTRAL,Google 無法辨識的網址,ROBOTS_TXT_STATE_UNSPECIFIED,INDEXING_STATE_UNSPECIFIED,,0,never crawled,PAGE_FETCH_STATE_UNSPECIFIED,,,GOOGLE_CANONICAL_ABSENT,,0,,0,,no,UNKNOWN,,200,,,,,,,,
https://funnytools.win/guides/cad-grid-snap-orthogonal-guide/,zh-TW,zh,guide,drawing,sitemap-guides.xml,2026-08-27,17,200 live verified,yes,35,5,2,1449,1416,0.9772256728778468,,2D CAD 網格、吸附、正交、端點鎖定怎麼用？草圖與比例示意完整指南｜FunnyTools,,,,0,,,,KEEP,low,Unknown,no,unknown,unknown,2026-09-13T08:31:25.670Z,https://search.google.com/search-console/inspect?resource_id=sc-domain:funnytools.win&id=rdapVgIt-nLi8_wN6MXUUQ&utm_medium=link&utm_source=api,NEUTRAL,Google 無法辨識的網址,ROBOTS_TXT_STATE_UNSPECIFIED,INDEXING_STATE_UNSPECIFIED,,0,never crawled,PAGE_FETCH_STATE_UNSPECIFIED,,,GOOGLE_CANONICAL_ABSENT,,0,,0,,no,UNKNOWN,,200,,,,,,,,
https://funnytools.win/guides/camelcase-snake-case-kebab-case-guide/,zh-TW,zh,guide,text,sitemap-guides.xml,2026-08-27,17,200 live verified,yes,33,5,2,1431,1408,0.983927323549965,,camelCase、snake_case、kebab-case 差在哪？變數、URL、檔名命名指南｜FunnyTools,,,,0,,,,WAIT,low,Unknown,no,unknown,unknown,2026-09-13T08:31:26.766Z,https://search.google.com/search-console/inspect?resource_id=sc-domain:funnytools.win&id=PHl5ZgoPHWdEHwRCt0o4Vg&utm_medium=link&utm_source=api,NEUTRAL,Google 無法辨識的網址,ROBOTS_TXT_STATE_UNSPECIFIED,INDEXING_STATE_UNSPECIFIED,,0,never crawled,PAGE_FETCH_STATE_UNSPECIFIED,,,GOOGLE_CANONICAL_ABSENT,,0,,0,,no,UNKNOWN,,200,,,,,,,,
https://funnytools.win/guides/chart-flowchart-alt-text-accessibility/,zh-TW,zh,guide,drawing,sitemap-guides.xml,2026-08-27,17,200 live verified,yes,34,7,2,1418,1383,0.9753173483779972,,圖表與流程圖 ALT 怎麼寫？W3C 可存取性、長描述、色彩與資料表完整指南｜FunnyTools,,,,0,,,,KEEP,low,Unknown,no,unknown,unknown,2026-09-13T08:31:29.034Z,https://search.google.com/search-console/inspect?resource_id=sc-domain:funnytools.win&id=EvOIPlqPZ9oXJrqiNR7piA&utm_medium=link&utm_source=api,NEUTRAL,Google 無法辨識的網址,ROBOTS_TXT_STATE_UNSPECIFIED,INDEXING_STATE_UNSPECIFIED,,0,never crawled,PAGE_FETCH_STATE_UNSPECIFIED,,,GOOGLE_CANONICAL_ABSENT,,0,,0,,no,UNKNOWN,,200,,,,,,,,
https://funnytools.win/guides/chart-or-flowchart-selection-guide/,zh-TW,zh,guide,drawing,sitemap-guides.xml,2026-08-27,17,200 live verified,yes,34,8,2,1118,1083,0.9686940966010733,,長條圖、圓餅圖、流程圖怎麼選？資料比較、占比與程序視覺化完整指南｜FunnyTools,,,,0,,,,KEEP,low,Unknown,no,unknown,unknown,2026-09-13T08:31:32.813Z,https://search.google.com/search-console/inspect?resource_id=sc-domain:funnytools.win&id=Wy6e3P5bILznkm7FMtBbYQ&utm_medium=link&utm_source=api,NEUTRAL,Google 無法辨識的網址,ROBOTS_TXT_STATE_UNSPECIFIED,INDEXING_STATE_UNSPECIFIED,,0,never crawled,PAGE_FETCH_STATE_UNSPECIFIED,,,GOOGLE_CANONICAL_ABSENT,,0,,0,,no,UNKNOWN,,200,,,,,,,,
https://funnytools.win/guides/chinese-english-mixed-word-count-guide/,zh-TW,zh,guide,text,sitemap-guides.xml,2026-08-27,17,200 live verified,yes,33,4,2,1403,1372,0.977904490377762,,中英文混合字數怎麼算？中文逐字、英文逐詞與 CJK 計數差異｜FunnyTools,,,,1,0.817,0.819,ADJACENT,WAIT,high,Unknown,no,unknown,unknown,2026-09-13T08:31:34.567Z,https://search.google.com/search-console/inspect?resource_id=sc-domain:funnytools.win&id=hwlsNtHJxQj5A8LM_PLfAQ&utm_medium=link&utm_source=api,NEUTRAL,Google 無法辨識的網址,ROBOTS_TXT_STATE_UNSPECIFIED,INDEXING_STATE_UNSPECIFIED,,0,never crawled,PAGE_FETCH_STATE_UNSPECIFIED,,,GOOGLE_CANONICAL_ABSENT,,0,,0,,no,UNKNOWN,,200,,,,,,,,
https://funnytools.win/guides/classroom-group-roles-rotation-guide/,zh-TW,zh,guide,random,sitemap-guides.xml,2026-09-03,10,200 live verified,yes,42,7,2,1652,1622,0.9818401937046005,,小組討論要分哪些角色？主持、記錄、報告與檢查輪替教學 - FunnyTools,,,,1,0.801,0.67,ADJACENT,WAIT,low,Unknown,no,unknown,unknown,2026-09-13T08:31:36.101Z,https://search.google.com/search-console/inspect?resource_id=sc-domain:funnytools.win&id=aitKY9-v_ukMbq6orrGxqQ&utm_medium=link&utm_source=api,NEUTRAL,Google 無法辨識的網址,ROBOTS_TXT_STATE_UNSPECIFIED,INDEXING_STATE_UNSPECIFIED,,0,never crawled,PAGE_FETCH_STATE_UNSPECIFIED,,,GOOGLE_CANONICAL_ABSENT,,0,,0,,no,UNKNOWN,,200,,,,,,,,
https://funnytools.win/guides/classroom-lottery-tool-guide/,zh-TW,zh,guide,random,sitemap-guides.xml,2026-06-26,79,200 live verified,yes,46,15,2,1093,1058,0.9679780420860018,,課堂抽籤與轉盤工具指南：主題分配、發表順序、獎勵抽選與角色安排 - FunnyTools,,,,3,0.848,0.675,ADJACENT; COMPLEMENTARY,KEEP,low,Unknown,no,unknown,unknown,2026-09-13T08:31:40.028Z,https://search.google.com/search-console/inspect?resource_id=sc-domain:funnytools.win&id=R1GUtNLdM8rWm3aKdAsLvQ&utm_medium=link&utm_source=api,NEUTRAL,Google 無法辨識的網址,ROBOTS_TXT_STATE_UNSPECIFIED,INDEXING_STATE_UNSPECIFIED,,0,never crawled,PAGE_FETCH_STATE_UNSPECIFIED,,,GOOGLE_CANONICAL_ABSENT,,0,,0,,no,UNKNOWN,,200,,,,,,,,
https://funnytools.win/guides/classroom-random-group-absent-student-repair-guide/,zh-TW,zh,guide,random,sitemap-guides.xml,2026-09-03,10,200 live verified,yes,42,4,2,1721,1694,0.9843114468332365,,分組後有人缺席怎麼辦？課堂小組快速修補流程 - FunnyTools,,,,1,0.882,0.807,ADJACENT,WAIT,high,Unknown,no,unknown,unknown,2026-09-13T08:31:41.870Z,https://search.google.com/search-console/inspect?resource_id=sc-domain:funnytools.win&id=v15Oyvo7Mpo5Y61fPpT33A&utm_medium=link&utm_source=api,NEUTRAL,Google 無法辨識的網址,ROBOTS_TXT_STATE_UNSPECIFIED,INDEXING_STATE_UNSPECIFIED,,0,never crawled,PAGE_FETCH_STATE_UNSPECIFIED,,,GOOGLE_CANONICAL_ABSENT,,0,,0,,no,UNKNOWN,,200,,,,,,,,
https://funnytools.win/guides/classroom-random-group-guide/,zh-TW,zh,guide,random,sitemap-guides.xml,2026-06-26,79,200 live verified,yes,46,22,1,1177,1147,0.9745114698385726,,課堂隨機分組教學指南：快速公平分組、組數與人數設定 - FunnyTools,,,,6,0.931,0.884,ADJACENT; COMPLEMENTARY,KEEP,high,Crawled Not Indexed,yes,yes,no,2026-09-13T08:31:43.507Z,https://search.google.com/search-console/inspect?resource_id=sc-domain:funnytools.win&id=5RHsoclOSIMugvKvEUtNyg&utm_medium=link&utm_source=api,NEUTRAL,已檢索 - 目前尚未建立索引,ALLOWED,INDEXING_ALLOWED,2026-07-16T22:00:11Z,58,>30 days,SUCCESSFUL,https://funnytools.win/guides/classroom-random-group-guide/,https://funnytools.win/guides/classroom-random-group-guide/,SELF_MATCH,MOBILE,0,,1,https://funnytools.win/,no,UNKNOWN,,200,,,,,0,2,0,6
https://funnytools.win/guides/classroom-random-group-materials-handoff-guide/,zh-TW,zh,guide,random,sitemap-guides.xml,2026-09-03,10,200 live verified,yes,42,2,2,1624,1596,0.9827586206896551,,隨機分組後材料怎麼分？小組物品交接與回收清單 - FunnyTools,,,,0,,,,WAIT,low,Unknown,no,unknown,unknown,2026-09-13T08:31:47.572Z,https://search.google.com/search-console/inspect?resource_id=sc-domain:funnytools.win&id=fDySpuy2XzmFRy9jCfQqyA&utm_medium=link&utm_source=api,NEUTRAL,Google 無法辨識的網址,ROBOTS_TXT_STATE_UNSPECIFIED,INDEXING_STATE_UNSPECIFIED,,0,never crawled,PAGE_FETCH_STATE_UNSPECIFIED,,,GOOGLE_CANONICAL_ABSENT,,0,,0,,no,UNKNOWN,,200,,,,,,,,
https://funnytools.win/guides/classroom-random-group-no-repeat-guide/,zh-TW,zh,guide,random,sitemap-guides.xml,2026-09-03,10,200 live verified,yes,42,7,2,1588,1556,0.9798488664987406,,學生分組一直重複怎麼辦？用歷史紀錄檢查組員與最小調整 - FunnyTools,,,,4,0.846,0.742,ADJACENT; COMPLEMENTARY,WAIT,low,Unknown,no,unknown,unknown,2026-09-13T08:31:48.794Z,https://search.google.com/search-console/inspect?resource_id=sc-domain:funnytools.win&id=286G6Zkryhzh0PLHIEHaMg&utm_medium=link&utm_source=api,NEUTRAL,Google 無法辨識的網址,ROBOTS_TXT_STATE_UNSPECIFIED,INDEXING_STATE_UNSPECIFIED,,0,never crawled,PAGE_FETCH_STATE_UNSPECIFIED,,,GOOGLE_CANONICAL_ABSENT,,0,,0,,no,UNKNOWN,,200,,,,,,,,
https://funnytools.win/guides/classroom-random-group-seat-transition-guide/,zh-TW,zh,guide,random,sitemap-guides.xml,2026-09-03,10,200 live verified,yes,42,3,2,1656,1626,0.9818840579710145,,隨機分組後怎麼快速換座位？課堂動線與分組轉換流程 - FunnyTools,,,,0,,,,WAIT,low,Unknown,no,unknown,unknown,2026-09-13T08:31:50.527Z,https://search.google.com/search-console/inspect?resource_id=sc-domain:funnytools.win&id=vycbWeOUBCx4amFVA4QsIA&utm_medium=link&utm_source=api,NEUTRAL,Google 無法辨識的網址,ROBOTS_TXT_STATE_UNSPECIFIED,INDEXING_STATE_UNSPECIFIED,,0,never crawled,PAGE_FETCH_STATE_UNSPECIFIED,,,GOOGLE_CANONICAL_ABSENT,,0,,0,,no,UNKNOWN,,200,,,,,,,,
https://funnytools.win/guides/classroom-random-group-shareable-result-guide/,zh-TW,zh,guide,random,sitemap-guides.xml,2026-09-03,10,200 live verified,yes,42,4,2,1688,1658,0.9822274881516587,,隨機分組結果怎麼公布？投影、列印與隱私友善分享方法 - FunnyTools,,,,1,0.816,0.651,ADJACENT,WAIT,low,Unknown,no,unknown,unknown,2026-09-13T08:31:54.594Z,https://search.google.com/search-console/inspect?resource_id=sc-domain:funnytools.win&id=EZpPx8PE1_eEHV2LbIBJWg&utm_medium=link&utm_source=api,NEUTRAL,Google 無法辨識的網址,ROBOTS_TXT_STATE_UNSPECIFIED,INDEXING_STATE_UNSPECIFIED,,0,never crawled,PAGE_FETCH_STATE_UNSPECIFIED,,,GOOGLE_CANONICAL_ABSENT,,0,,0,,no,UNKNOWN,,200,,,,,,,,
https://funnytools.win/guides/classroom-random-group-size-balance-guide/,zh-TW,zh,guide,random,sitemap-guides.xml,2026-09-03,10,200 live verified,yes,42,5,2,1681,1653,0.983343248066627,,隨機分組怎麼平衡人數？課堂小組規模與例外處理 - FunnyTools,,,,8,0.882,0.807,ADJACENT; COMPLEMENTARY,WAIT,high,Unknown,no,unknown,unknown,2026-09-13T08:31:56.074Z,https://search.google.com/search-console/inspect?resource_id=sc-domain:funnytools.win&id=aSYHPuZJIzFrmiRJwpP5gA&utm_medium=link&utm_source=api,NEUTRAL,Google 無法辨識的網址,ROBOTS_TXT_STATE_UNSPECIFIED,INDEXING_STATE_UNSPECIFIED,,0,never crawled,PAGE_FETCH_STATE_UNSPECIFIED,,,GOOGLE_CANONICAL_ABSENT,,0,,0,,no,UNKNOWN,,200,,,,,,,,
https://funnytools.win/guides/classroom-random-picker-guide/,zh-TW,zh,guide,random,sitemap-guides.xml,2026-06-26,79,200 live verified,yes,46,21,1,1049,1018,0.9704480457578646,,課堂隨機點名與抽人指南：提升參與、發表順序與快速複習 - FunnyTools,,,,3,0.866,0.68,ADJACENT; COMPLEMENTARY,KEEP,low,Unknown,no,unknown,unknown,2026-09-13T08:31:57.679Z,https://search.google.com/search-console/inspect?resource_id=sc-domain:funnytools.win&id=qnQWQqJv4LHUReA1PTYXrQ&utm_medium=link&utm_source=api,NEUTRAL,Google 無法辨識的網址,ROBOTS_TXT_STATE_UNSPECIFIED,INDEXING_STATE_UNSPECIFIED,,0,never crawled,PAGE_FETCH_STATE_UNSPECIFIED,,,GOOGLE_CANONICAL_ABSENT,,0,,0,,no,UNKNOWN,,200,,,,,,,,
https://funnytools.win/guides/classroom-timer-guide/,zh-TW,zh,guide,time,sitemap-guides.xml,2026-06-26,79,200 live verified,yes,46,19,1,1087,1057,0.9724011039558418,,課堂計時器使用指南：討論、發表、學習單與小組活動控時 - FunnyTools,,,,0,,,,KEEP,low,Crawled Not Indexed,yes,yes,no,2026-09-13T08:32:01.787Z,https://search.google.com/search-console/inspect?resource_id=sc-domain:funnytools.win&id=FKzwD0PC1q-YowjJjsvJyQ&utm_medium=link&utm_source=api,NEUTRAL,已檢索 - 目前尚未建立索引,ALLOWED,INDEXING_ALLOWED,2026-08-08T08:50:59Z,35,>30 days,SUCCESSFUL,https://funnytools.win/guides/classroom-timer-guide/,https://funnytools.win/guides/classroom-timer-guide/,SELF_MATCH,MOBILE,0,,1,https://funnytools.win/,no,UNKNOWN,,200,,,,,0,2,0,4.5
https://funnytools.win/guides/clean-copied-text-from-pdf-web-guide/,zh-TW,zh,guide,pdf,sitemap-guides.xml,2026-08-27,17,200 live verified,yes,36,7,2,1381,1344,0.9732078204199855,,從 PDF 或網頁複製文字格式跑掉怎麼辦？空白行、斷行與隱藏字元清理指南｜FunnyTools,,,,0,,,,WAIT,low,Unknown,no,unknown,unknown,2026-09-13T08:32:03.252Z,https://search.google.com/search-console/inspect?resource_id=sc-domain:funnytools.win&id=osK7pcwJJrARKOKP7rQZRA&utm_medium=link&utm_source=api,NEUTRAL,Google 無法辨識的網址,ROBOTS_TXT_STATE_UNSPECIFIED,INDEXING_STATE_UNSPECIFIED,,0,never crawled,PAGE_FETCH_STATE_UNSPECIFIED,,,GOOGLE_CANONICAL_ABSENT,,0,,0,,no,UNKNOWN,,200,,,,,,,,
https://funnytools.win/guides/code128-vs-code39-guide/,zh-TW,zh,guide,general,sitemap-guides.xml,2026-08-27,17,200 live verified,yes,34,8,1,1129,1098,0.9725420726306466,,Code 128 vs Code 39 差在哪？庫存、訂單、資產標籤與掃描器完整比較｜FunnyTools,,,,0,,,,KEEP,low,Unknown,no,unknown,unknown,2026-09-13T08:32:05.714Z,https://search.google.com/search-console/inspect?resource_id=sc-domain:funnytools.win&id=E1KxxQRiMUJv-XKSE_YZEw&utm_medium=link&utm_source=api,NEUTRAL,Google 無法辨識的網址,ROBOTS_TXT_STATE_UNSPECIFIED,INDEXING_STATE_UNSPECIFIED,,0,never crawled,PAGE_FETCH_STATE_UNSPECIFIED,,,GOOGLE_CANONICAL_ABSENT,,0,,0,,no,UNKNOWN,,200,,,,,,,,
https://funnytools.win/guides/compress-image-to-upload-limit/,zh-TW,zh,guide,image,sitemap-guides.xml,2026-08-27,17,200 live verified,yes,34,6,2,1920,1889,0.9838541666666667,,圖片太大怎麼壓到 5MB、2MB、1MB？上傳限制、畫質與尺寸完整指南｜FunnyTools,,,,0,,,,KEEP,low,Unknown,no,unknown,unknown,2026-09-13T08:32:08.758Z,https://search.google.com/search-console/inspect?resource_id=sc-domain:funnytools.win&id=FNnFJo-Cgvp1X-DKH4Z86A&utm_medium=link&utm_source=api,NEUTRAL,Google 無法辨識的網址,ROBOTS_TXT_STATE_UNSPECIFIED,INDEXING_STATE_UNSPECIFIED,,0,never crawled,PAGE_FETCH_STATE_UNSPECIFIED,,,GOOGLE_CANONICAL_ABSENT,,0,,0,,no,UNKNOWN,,200,,,,,,,,
https://funnytools.win/guides/compress-pdf-to-upload-limit/,zh-TW,zh,guide,pdf,sitemap-guides.xml,2026-08-27,17,200 live verified,yes,38,8,2,2733,2704,0.9893889498719356,,PDF 太大怎麼壓縮到 10MB、5MB、2MB？上傳限制與畫質完整指南｜FunnyTools,,,,0,,,,KEEP,low,Unknown,no,unknown,unknown,2026-09-13T08:32:10.170Z,https://search.google.com/search-console/inspect?resource_id=sc-domain:funnytools.win&id=V3jll5dKtONvTeUaMhGv6Q&utm_medium=link&utm_source=api,NEUTRAL,Google 無法辨識的網址,ROBOTS_TXT_STATE_UNSPECIFIED,INDEXING_STATE_UNSPECIFIED,,0,never crawled,PAGE_FETCH_STATE_UNSPECIFIED,,,GOOGLE_CANONICAL_ABSENT,,0,,0,,no,UNKNOWN,,200,,,,,,,,
https://funnytools.win/guides/confidence-interval-95-guide/,zh-TW,zh,guide,general,sitemap-guides.xml,2026-08-27,17,200 live verified,yes,37,10,2,2444,2416,0.9885433715220949,,95% 信賴區間怎麼看？CI、p 值、包含 0 的意思完整指南｜FunnyTools,,,,0,,,,KEEP,low,Unknown,no,unknown,unknown,2026-09-13T08:32:12.670Z,https://search.google.com/search-console/inspect?resource_id=sc-domain:funnytools.win&id=0fzOGLsu5Hwu2nN49-nN4A&utm_medium=link&utm_source=api,NEUTRAL,Google 無法辨識的網址,ROBOTS_TXT_STATE_UNSPECIFIED,INDEXING_STATE_UNSPECIFIED,,0,never crawled,PAGE_FETCH_STATE_UNSPECIFIED,,,GOOGLE_CANONICAL_ABSENT,,0,,0,,no,UNKNOWN,,200,,,,,,,,
https://funnytools.win/guides/countdown-stopwatch-pomodoro-comparison/,zh-TW,zh,guide,time,sitemap-guides.xml,2026-08-27,17,200 live verified,yes,34,5,2,1747,1717,0.9828277046365197,,倒數計時器、碼錶、Pomodoro 怎麼選？三種計時工具用途完整比較｜FunnyTools,,,,0,,,,KEEP,low,Unknown,no,unknown,unknown,2026-09-13T08:32:16.505Z,https://search.google.com/search-console/inspect?resource_id=sc-domain:funnytools.win&id=tTraF_wtoZ1F4LS4Nt_LzA&utm_medium=link&utm_source=api,NEUTRAL,Google 無法辨識的網址,ROBOTS_TXT_STATE_UNSPECIFIED,INDEXING_STATE_UNSPECIFIED,,0,never crawled,PAGE_FETCH_STATE_UNSPECIFIED,,,GOOGLE_CANONICAL_ABSENT,,0,,0,,no,UNKNOWN,,200,,,,,,,,
https://funnytools.win/guides/cronbach-alpha-interpretation/,zh-TW,zh,guide,statistics,sitemap-guides.xml,2026-08-27,17,200 live verified,yes,35,2,2,3158,3133,0.9920835972134262,,Cronbach’s Alpha 怎麼看？α=.70、刪題、負值與信度完整解讀｜FunnyTools,,,,0,,,,KEEP,low,Unknown,no,unknown,unknown,2026-09-13T08:32:17.127Z,https://search.google.com/search-console/inspect?resource_id=sc-domain:funnytools.win&id=KStq-Hm2DTQUL5-QnWDyFA&utm_medium=link&utm_source=api,NEUTRAL,Google 無法辨識的網址,ROBOTS_TXT_STATE_UNSPECIFIED,INDEXING_STATE_UNSPECIFIED,,0,never crawled,PAGE_FETCH_STATE_UNSPECIFIED,,,GOOGLE_CANONICAL_ABSENT,,0,,0,,no,UNKNOWN,,200,,,,,,,,
https://funnytools.win/guides/crop-vs-resize-vs-compress-image/,zh-TW,zh,guide,image,sitemap-guides.xml,2026-08-27,17,200 live verified,yes,37,5,2,1403,1376,0.9807555238774056,,圖片裁切、縮放、壓縮差在哪？Crop vs Resize vs Compress 完整比較｜FunnyTools,,,,0,,,,KEEP,low,Unknown,no,unknown,unknown,2026-09-13T08:32:19.905Z,https://search.google.com/search-console/inspect?resource_id=sc-domain:funnytools.win&id=pOMf5HX4ACNMAX47x-RcAw&utm_medium=link&utm_source=api,NEUTRAL,Google 無法辨識的網址,ROBOTS_TXT_STATE_UNSPECIFIED,INDEXING_STATE_UNSPECIFIED,,0,never crawled,PAGE_FETCH_STATE_UNSPECIFIED,,,GOOGLE_CANONICAL_ABSENT,,0,,0,,no,UNKNOWN,,200,,,,,,,,
https://funnytools.win/guides/csv-to-json-conversion-guide/,zh-TW,zh,guide,text,sitemap-guides.xml,2026-08-27,17,200 live verified,yes,34,7,2,1441,1412,0.9798750867453158,,CSV 轉 JSON 怎麼做？標題列、逗號、引號、分號與型別完整指南｜FunnyTools,,,,0,,,,KEEP,low,Unknown,no,unknown,unknown,2026-09-13T08:32:23.709Z,https://search.google.com/search-console/inspect?resource_id=sc-domain:funnytools.win&id=aeFC2j4GUe2lZA9lU3iCwA&utm_medium=link&utm_source=api,NEUTRAL,Google 無法辨識的網址,ROBOTS_TXT_STATE_UNSPECIFIED,INDEXING_STATE_UNSPECIFIED,,0,never crawled,PAGE_FETCH_STATE_UNSPECIFIED,,,GOOGLE_CANONICAL_ABSENT,,0,,0,,no,UNKNOWN,,200,,,,,,,,
https://funnytools.win/guides/csv-to-json-header-duplicate-column-guide/,zh-TW,zh,guide,text,sitemap-guides.xml,2026-09-03,10,200 live verified,yes,42,6,2,1584,1560,0.9848484848484849,,CSV 轉 JSON 欄位錯位？標題列與重複欄位檢查 - FunnyTools,,,,1,0.813,0.737,COMPLEMENTARY,WAIT,low,Unknown,no,unknown,unknown,2026-09-13T08:32:24.096Z,https://search.google.com/search-console/inspect?resource_id=sc-domain:funnytools.win&id=sMVt1lYwzYt-Xa-5krp_zg&utm_medium=link&utm_source=api,NEUTRAL,Google 無法辨識的網址,ROBOTS_TXT_STATE_UNSPECIFIED,INDEXING_STATE_UNSPECIFIED,,0,never crawled,PAGE_FETCH_STATE_UNSPECIFIED,,,GOOGLE_CANONICAL_ABSENT,,0,,0,,no,UNKNOWN,,200,,,,,,,,
https://funnytools.win/guides/csv-utf8-bom-excel-garbled-text/,zh-TW,zh,guide,text,sitemap-guides.xml,2026-08-27,17,200 live verified,yes,34,7,2,1653,1622,0.9812462189957653,,CSV 在 Excel 開啟中文亂碼怎麼辦？UTF-8、BOM、分隔符與匯入完整指南｜FunnyTools,,,,0,,,,KEEP,low,Unknown,no,unknown,unknown,2026-09-13T08:32:27.263Z,https://search.google.com/search-console/inspect?resource_id=sc-domain:funnytools.win&id=6YlKmGL05KhDAbjoIlkVcg&utm_medium=link&utm_source=api,NEUTRAL,Google 無法辨識的網址,ROBOTS_TXT_STATE_UNSPECIFIED,INDEXING_STATE_UNSPECIFIED,,0,never crawled,PAGE_FETCH_STATE_UNSPECIFIED,,,GOOGLE_CANONICAL_ABSENT,,0,,0,,no,UNKNOWN,,200,,,,,,,,
https://funnytools.win/guides/cvc-word-families-guide/,zh-TW,zh,guide,text,sitemap-guides.xml,2026-07-31,44,200 live verified,yes,37,4,2,1300,1269,0.9761538461538461,,CVC 單字入門：60 個字族分類清單、教學順序與三個家庭遊戲 - FunnyTools,,,,0,,,,KEEP,low,Unknown,no,unknown,unknown,2026-09-13T08:32:31.164Z,https://search.google.com/search-console/inspect?resource_id=sc-domain:funnytools.win&id=vmrvm4OU_qVJfxD1bk7EIA&utm_medium=link&utm_source=api,NEUTRAL,Google 無法辨識的網址,ROBOTS_TXT_STATE_UNSPECIFIED,INDEXING_STATE_UNSPECIFIED,,0,never crawled,PAGE_FETCH_STATE_UNSPECIFIED,,,GOOGLE_CANONICAL_ABSENT,,0,,0,,no,UNKNOWN,,200,,,,,,,,
https://funnytools.win/guides/date-arithmetic-end-of-month-dst-guide/,zh-TW,zh,guide,time,sitemap-guides.xml,2026-08-27,17,200 live verified,yes,34,6,2,1308,1283,0.9808868501529052,,日期加減為什麼會算錯？1月31日+1個月、閏年、月底與DST陷阱｜FunnyTools,,,,0,,,,KEEP,low,Unknown,no,unknown,unknown,2026-09-13T08:32:31.215Z,https://search.google.com/search-console/inspect?resource_id=sc-domain:funnytools.win&id=UdxRkoRUUppiyMdnsUkrQA&utm_medium=link&utm_source=api,NEUTRAL,Google 無法辨識的網址,ROBOTS_TXT_STATE_UNSPECIFIED,INDEXING_STATE_UNSPECIFIED,,0,never crawled,PAGE_FETCH_STATE_UNSPECIFIED,,,GOOGLE_CANONICAL_ABSENT,,0,,0,,no,UNKNOWN,,200,,,,,,,,
https://funnytools.win/guides/date-difference-inclusive-exclusive-guide/,zh-TW,zh,guide,time,sitemap-guides.xml,2026-08-27,17,200 live verified,yes,36,6,2,1635,1602,0.9798165137614679,,兩個日期差幾天怎麼算？包含結束日、跨月跨年與閏年完整指南｜FunnyTools,,,,0,,,,KEEP,low,Unknown,no,unknown,unknown,2026-09-13T08:32:34.400Z,https://search.google.com/search-console/inspect?resource_id=sc-domain:funnytools.win&id=p3qSo4Xckze21pLbcrLtCw&utm_medium=link&utm_source=api,NEUTRAL,Google 無法辨識的網址,ROBOTS_TXT_STATE_UNSPECIFIED,INDEXING_STATE_UNSPECIFIED,,0,never crawled,PAGE_FETCH_STATE_UNSPECIFIED,,,GOOGLE_CANONICAL_ABSENT,,0,,0,,no,UNKNOWN,,200,,,,,,,,
https://funnytools.win/guides/decision-tree-vs-flowchart-guide/,zh-TW,zh,guide,drawing,sitemap-guides.xml,2026-08-27,17,200 live verified,yes,34,4,2,1154,1120,0.9705372616984402,,決策樹 vs 流程圖差在哪？分支問題、程序步驟與使用情境完整比較｜FunnyTools,,,,0,,,,KEEP,low,Unknown,no,unknown,unknown,2026-09-13T08:32:38.319Z,https://search.google.com/search-console/inspect?resource_id=sc-domain:funnytools.win&id=h5cS4J2y2wnxQ-8PnBcOgQ&utm_medium=link&utm_source=api,NEUTRAL,Google 無法辨識的網址,ROBOTS_TXT_STATE_UNSPECIFIED,INDEXING_STATE_UNSPECIFIED,,0,never crawled,PAGE_FETCH_STATE_UNSPECIFIED,,,GOOGLE_CANONICAL_ABSENT,,0,,0,,no,UNKNOWN,,200,,,,,,,,
https://funnytools.win/guides/delete-blank-pages-from-pdf/,zh-TW,zh,guide,pdf,sitemap-guides.xml,2026-08-27,17,200 live verified,yes,35,4,2,1741,1711,0.9827685238368754,,PDF 怎麼刪除空白頁、其中一頁？指定頁碼與刪頁完整指南｜FunnyTools,,,,0,,,,KEEP,low,Unknown,no,unknown,unknown,2026-09-13T08:32:38.684Z,https://search.google.com/search-console/inspect?resource_id=sc-domain:funnytools.win&id=cTlIKLYSkkoRC3TcrfwwIw&utm_medium=link&utm_source=api,NEUTRAL,Google 無法辨識的網址,ROBOTS_TXT_STATE_UNSPECIFIED,INDEXING_STATE_UNSPECIFIED,,0,never crawled,PAGE_FETCH_STATE_UNSPECIFIED,,,GOOGLE_CANONICAL_ABSENT,,0,,0,,no,UNKNOWN,,200,,,,,,,,
https://funnytools.win/guides/dice-probability-random-streaks-guide/,zh-TW,zh,guide,random,sitemap-guides.xml,2026-08-27,17,200 live verified,yes,34,3,2,1281,1248,0.9742388758782201,,骰子機率怎麼算？d6、d20、多顆總和、連續高點與隨機波動完整指南｜FunnyTools,,,,0,,,,KEEP,low,Unknown,no,unknown,unknown,2026-09-13T08:32:41.560Z,https://search.google.com/search-console/inspect?resource_id=sc-domain:funnytools.win&id=G8Xa-wFZMqK0cylJ_eOaVw&utm_medium=link&utm_source=api,NEUTRAL,Google 無法辨識的網址,ROBOTS_TXT_STATE_UNSPECIFIED,INDEXING_STATE_UNSPECIFIED,,0,never crawled,PAGE_FETCH_STATE_UNSPECIFIED,,,GOOGLE_CANONICAL_ABSENT,,0,,0,,no,UNKNOWN,,200,,,,,,,,
https://funnytools.win/guides/ean13-upca-check-digit-gs1-guide/,zh-TW,zh,guide,general,sitemap-guides.xml,2026-08-27,17,200 live verified,yes,34,9,1,1236,1218,0.9854368932038835,,EAN-13、UPC-A 檢查碼怎麼算？GTIN、GS1、12位13位與商品條碼完整指南｜FunnyTools,,,,0,,,,KEEP,low,Unknown,no,unknown,unknown,2026-09-13T08:32:45.467Z,https://search.google.com/search-console/inspect?resource_id=sc-domain:funnytools.win&id=uKReIhOeZsIxWAKIzyPs0w&utm_medium=link&utm_source=api,NEUTRAL,Google 無法辨識的網址,ROBOTS_TXT_STATE_UNSPECIFIED,INDEXING_STATE_UNSPECIFIED,,0,never crawled,PAGE_FETCH_STATE_UNSPECIFIED,,,GOOGLE_CANONICAL_ABSENT,,0,,0,,no,UNKNOWN,,200,,,,,,,,
https://funnytools.win/guides/effect-size-guide/,zh-TW,zh,guide,general,sitemap-guides.xml,2026-08-27,17,200 live verified,yes,37,13,2,2940,2916,0.9918367346938776,,效果量 Effect Size 怎麼看？Cohen’s d、η²、r、R² 完整指南｜FunnyTools,,,,0,,,,KEEP,low,Unknown,no,unknown,unknown,2026-09-13T08:32:46.136Z,https://search.google.com/search-console/inspect?resource_id=sc-domain:funnytools.win&id=2rvYdH1dDpwc-LGQhY7PJQ&utm_medium=link&utm_source=api,NEUTRAL,Google 無法辨識的網址,ROBOTS_TXT_STATE_UNSPECIFIED,INDEXING_STATE_UNSPECIFIED,,0,never crawled,PAGE_FETCH_STATE_UNSPECIFIED,,,GOOGLE_CANONICAL_ABSENT,,0,,0,,no,UNKNOWN,,200,,,,,,,,
https://funnytools.win/guides/emoji-character-count-grapheme-guide/,zh-TW,zh,guide,text,sitemap-guides.xml,2026-08-27,17,200 live verified,yes,32,9,1,1505,1487,0.9880398671096345,,Emoji 為什麼算2個以上字元？Unicode、UTF-16 與 Grapheme Cluster｜FunnyTools,,,,0,,,,WAIT,low,Unknown,no,unknown,unknown,2026-09-13T08:32:48.758Z,https://search.google.com/search-console/inspect?resource_id=sc-domain:funnytools.win&id=GV50eKr_LdghX6MiY8GErg&utm_medium=link&utm_source=api,NEUTRAL,Google 無法辨識的網址,ROBOTS_TXT_STATE_UNSPECIFIED,INDEXING_STATE_UNSPECIFIED,,0,never crawled,PAGE_FETCH_STATE_UNSPECIFIED,,,GOOGLE_CANONICAL_ABSENT,,0,,0,,no,UNKNOWN,,200,,,,,,,,
https://funnytools.win/guides/extra-credit-over-100-grade-guide/,zh-TW,zh,guide,statistics,sitemap-guides.xml,2026-08-27,17,200 live verified,yes,34,6,2,1198,1168,0.9749582637729549,,Extra Credit 怎麼算？成績超過100分、Bonus、加權後加分與上限完整指南｜FunnyTools,,,,0,,,,KEEP,low,Unknown,no,unknown,unknown,2026-09-13T08:32:52.362Z,https://search.google.com/search-console/inspect?resource_id=sc-domain:funnytools.win&id=Onis2U6WiqC6s4v5EdFQ7w&utm_medium=link&utm_source=api,NEUTRAL,Google 無法辨識的網址,ROBOTS_TXT_STATE_UNSPECIFIED,INDEXING_STATE_UNSPECIFIED,,0,never crawled,PAGE_FETCH_STATE_UNSPECIFIED,,,GOOGLE_CANONICAL_ABSENT,,0,,0,,no,UNKNOWN,,200,,,,,,,,
https://funnytools.win/guides/extract-specific-pages-from-pdf/,zh-TW,zh,guide,pdf,sitemap-guides.xml,2026-08-27,17,200 live verified,yes,38,9,2,1915,1883,0.983289817232376,,PDF 只存其中幾頁怎麼做？擷取單頁、指定頁碼與範圍完整指南｜FunnyTools,,,,0,,,,KEEP,low,Unknown,no,unknown,unknown,2026-09-13T08:32:53.313Z,https://search.google.com/search-console/inspect?resource_id=sc-domain:funnytools.win&id=lVl3FboxovXBLad_m6v0iQ&utm_medium=link&utm_source=api,NEUTRAL,Google 無法辨識的網址,ROBOTS_TXT_STATE_UNSPECIFIED,INDEXING_STATE_UNSPECIFIED,,0,never crawled,PAGE_FETCH_STATE_UNSPECIFIED,,,GOOGLE_CANONICAL_ABSENT,,0,,0,,no,UNKNOWN,,200,,,,,,,,
https://funnytools.win/guides/fair-random-draw-audit-guide/,zh-TW,zh,guide,random,sitemap-guides.xml,2026-08-27,17,200 live verified,yes,34,8,2,1345,1309,0.9732342007434944,,公平抽籤怎麼做？名單、重複項、抽後移除、亂數來源與稽核紀錄完整指南｜FunnyTools,,,,0,,,,KEEP,low,Unknown,no,unknown,unknown,2026-09-13T08:32:56.159Z,https://search.google.com/search-console/inspect?resource_id=sc-domain:funnytools.win&id=xwCSPBGKZkV4tCIISfoBlw&utm_medium=link&utm_source=api,NEUTRAL,Google 無法辨識的網址,ROBOTS_TXT_STATE_UNSPECIFIED,INDEXING_STATE_UNSPECIFIED,,0,never crawled,PAGE_FETCH_STATE_UNSPECIFIED,,,GOOGLE_CANONICAL_ABSENT,,0,,0,,no,UNKNOWN,,200,,,,,,,,
https://funnytools.win/guides/fair-student-grouping-guide/,zh-TW,zh,guide,random,sitemap-guides.xml,2026-06-26,79,200 live verified,yes,44,16,2,1051,1018,0.9686013320647003,,學生公平分組方法指南：隨機分組、老師微調與 30 人分 6 組範例 - FunnyTools,,,,6,0.931,0.884,ADJACENT; COMPLEMENTARY,KEEP,high,Crawled Not Indexed,yes,yes,no,2026-09-13T08:32:59.290Z,https://search.google.com/search-console/inspect?resource_id=sc-domain:funnytools.win&id=xpvPn6FP-GU2xvsXqNFlMg&utm_medium=link&utm_source=api,NEUTRAL,已檢索 - 目前尚未建立索引,ALLOWED,INDEXING_ALLOWED,2026-08-22T20:33:34Z,21,15–30 days,SUCCESSFUL,https://funnytools.win/guides/fair-student-grouping-guide/,https://funnytools.win/guides/fair-student-grouping-guide/,SELF_MATCH,MOBILE,0,,0,,no,UNKNOWN,,200,,,,,,,,
https://funnytools.win/guides/file-size-units-guide/,zh-TW,zh,guide,general,sitemap-guides.xml,2026-07-28,47,200 live verified,yes,40,5,2,1379,1353,0.981145757795504,,KB MB GB 換算與 MiB 差異：硬碟標 1TB 只剩 931GB 的原因 - FunnyTools,,,,0,,,,KEEP,low,Unknown,no,unknown,unknown,2026-09-13T08:33:00.720Z,https://search.google.com/search-console/inspect?resource_id=sc-domain:funnytools.win&id=Xab94MPMSZ1ezZk0h8pdwQ&utm_medium=link&utm_source=api,NEUTRAL,Google 無法辨識的網址,ROBOTS_TXT_STATE_UNSPECIFIED,INDEXING_STATE_UNSPECIFIED,,0,never crawled,PAGE_FETCH_STATE_UNSPECIFIED,,,GOOGLE_CANONICAL_ABSENT,,0,,0,,no,UNKNOWN,,200,,,,,,,,
https://funnytools.win/guides/final-exam-score-needed-guide/,zh-TW,zh,guide,statistics,sitemap-guides.xml,2026-08-27,17,200 live verified,yes,34,8,1,1233,1200,0.9732360097323601,,期末要考幾分才能及格或達80？加權成績反推公式與完整範例｜FunnyTools,,,,0,,,,KEEP,low,Unknown,no,unknown,unknown,2026-09-13T08:33:03.088Z,https://search.google.com/search-console/inspect?resource_id=sc-domain:funnytools.win&id=GNGNj_qi01JKa1jNBPYGIQ&utm_medium=link&utm_source=api,NEUTRAL,Google 無法辨識的網址,ROBOTS_TXT_STATE_UNSPECIFIED,INDEXING_STATE_UNSPECIFIED,,0,never crawled,PAGE_FETCH_STATE_UNSPECIFIED,,,GOOGLE_CANONICAL_ABSENT,,0,,0,,no,UNKNOWN,,200,,,,,,,,
https://funnytools.win/guides/flowchart-design-checklist/,zh-TW,zh,guide,drawing,sitemap-guides.xml,2026-08-27,17,200 live verified,yes,34,5,2,1279,1249,0.9765441751368257,,流程圖怎麼畫才看得懂？方向、分支、斷路、循環與驗證清單｜FunnyTools,,,,0,,,,KEEP,low,Unknown,no,unknown,unknown,2026-09-13T08:33:06.190Z,https://search.google.com/search-console/inspect?resource_id=sc-domain:funnytools.win&id=VFx-CpxXLhyze1aNNjL-EA&utm_medium=link&utm_source=api,NEUTRAL,Google 無法辨識的網址,ROBOTS_TXT_STATE_UNSPECIFIED,INDEXING_STATE_UNSPECIFIED,,0,never crawled,PAGE_FETCH_STATE_UNSPECIFIED,,,GOOGLE_CANONICAL_ABSENT,,0,,0,,no,UNKNOWN,,200,,,,,,,,
https://funnytools.win/guides/flowchart-symbols-guide/,zh-TW,zh,guide,drawing,sitemap-guides.xml,2026-08-27,17,200 live verified,yes,34,4,2,1248,1223,0.9799679487179487,,流程圖符號怎麼用？Process、Decision、Arrow、Start End 與簡化原則｜FunnyTools,,,,0,,,,KEEP,low,Unknown,no,unknown,unknown,2026-09-13T08:33:07.873Z,https://search.google.com/search-console/inspect?resource_id=sc-domain:funnytools.win&id=D0FExH_b_cN2z74Xsh6WEw&utm_medium=link&utm_source=api,NEUTRAL,Google 無法辨識的網址,ROBOTS_TXT_STATE_UNSPECIFIED,INDEXING_STATE_UNSPECIFIED,,0,never crawled,PAGE_FETCH_STATE_UNSPECIFIED,,,GOOGLE_CANONICAL_ABSENT,,0,,0,,no,UNKNOWN,,200,,,,,,,,
https://funnytools.win/guides/gpa-4-0-vs-4-3-guide/,zh-TW,zh,guide,statistics,sitemap-guides.xml,2026-08-27,17,200 live verified,yes,34,7,2,1352,1320,0.9763313609467456,,GPA 4.0 vs 4.3 差在哪？A+、學分加權與不同學校制度完整指南｜FunnyTools,,,,0,,,,KEEP,low,Unknown,no,unknown,unknown,2026-09-13T08:33:10.023Z,https://search.google.com/search-console/inspect?resource_id=sc-domain:funnytools.win&id=77ZEQQD0427OUFh8Rc26nA&utm_medium=link&utm_source=api,NEUTRAL,Google 無法辨識的網址,ROBOTS_TXT_STATE_UNSPECIFIED,INDEXING_STATE_UNSPECIFIED,,0,never crawled,PAGE_FETCH_STATE_UNSPECIFIED,,,GOOGLE_CANONICAL_ABSENT,,0,,0,,no,UNKNOWN,,200,,,,,,,,
https://funnytools.win/guides/gpa-credit-weighted-formula-guide/,zh-TW,zh,guide,statistics,sitemap-guides.xml,2026-08-27,17,200 live verified,yes,35,8,2,1181,1153,0.9762912785774767,,GPA 怎麼算？學分加權、Quality Points、公式與手算驗證完整指南｜FunnyTools,,,,0,,,,KEEP,low,Unknown,no,unknown,unknown,2026-09-13T08:33:13.313Z,https://search.google.com/search-console/inspect?resource_id=sc-domain:funnytools.win&id=9kxS8ckLERrvu5m9ctv-qA&utm_medium=link&utm_source=api,NEUTRAL,Google 無法辨識的網址,ROBOTS_TXT_STATE_UNSPECIFIED,INDEXING_STATE_UNSPECIFIED,,0,never crawled,PAGE_FETCH_STATE_UNSPECIFIED,,,GOOGLE_CANONICAL_ABSENT,,0,,0,,no,UNKNOWN,,200,,,,,,,,
https://funnytools.win/guides/grade-rounding-cutoff-guide/,zh-TW,zh,guide,statistics,sitemap-guides.xml,2026-08-27,17,200 live verified,yes,34,4,2,1182,1151,0.9737732656514383,,59.5 一定算60嗎？成績四捨五入、及格線、Cutoff 與小數位完整指南｜FunnyTools,,,,0,,,,KEEP,low,Unknown,no,unknown,unknown,2026-09-13T08:33:15.105Z,https://search.google.com/search-console/inspect?resource_id=sc-domain:funnytools.win&id=Z7vZiBS1EcYxrZDFZHI--w&utm_medium=link&utm_source=api,NEUTRAL,Google 無法辨識的網址,ROBOTS_TXT_STATE_UNSPECIFIED,INDEXING_STATE_UNSPECIFIED,,0,never crawled,PAGE_FETCH_STATE_UNSPECIFIED,,,GOOGLE_CANONICAL_ABSENT,,0,,0,,no,UNKNOWN,,200,,,,,,,,
https://funnytools.win/guides/grades-gpa/,zh-TW,zh,guide,statistics,sitemap-guides.xml,2026-09-04,9,200 live verified,yes,50,17,2,1381,1350,0.9775524981897176,,成績、GPA 與加權分數完整指南中心｜期末成績、學分、4.0/4.3｜FunnyTools,,,,0,,,,KEEP,low,Unknown,no,unknown,unknown,2026-09-13T08:33:17.330Z,https://search.google.com/search-console/inspect?resource_id=sc-domain:funnytools.win&id=H6omsaxGICGdKPJ2PnB-3w&utm_medium=link&utm_source=api,NEUTRAL,Google 無法辨識的網址,ROBOTS_TXT_STATE_UNSPECIFIED,INDEXING_STATE_UNSPECIFIED,,0,never crawled,PAGE_FETCH_STATE_UNSPECIFIED,,,GOOGLE_CANONICAL_ABSENT,,0,,0,,no,UNKNOWN,,200,,,,,,,,
https://funnytools.win/guides/household-physics-demos-guide/,zh-TW,zh,guide,general,sitemap-guides.xml,2026-08-01,43,200 live verified,yes,38,3,2,1371,1340,0.9773887673231219,,10 個家用物理實驗：氣球火箭到紙橋承重，每個都附「為什麼」 - FunnyTools,,,,0,,,,KEEP,low,Unknown,no,unknown,unknown,2026-09-13T08:33:20.388Z,https://search.google.com/search-console/inspect?resource_id=sc-domain:funnytools.win&id=4j4jc0vjgQHElCMTpcAXHQ&utm_medium=link&utm_source=api,NEUTRAL,Google 無法辨識的網址,ROBOTS_TXT_STATE_UNSPECIFIED,INDEXING_STATE_UNSPECIFIED,,0,never crawled,PAGE_FETCH_STATE_UNSPECIFIED,,,GOOGLE_CANONICAL_ABSENT,,0,,0,,no,UNKNOWN,,200,,,,,,,,
https://funnytools.win/guides/image-base64-data-uri-guide/,zh-TW,zh,guide,image,sitemap-guides.xml,2026-08-27,17,200 live verified,yes,34,4,2,1667,1635,0.9808038392321535,,圖片 Base64 是什麼？Data URL、大小增加、HTML/CSS 內嵌與適用情境完整指南｜FunnyTools,,,,0,,,,KEEP,low,Unknown,no,unknown,unknown,2026-09-13T08:33:22.474Z,https://search.google.com/search-console/inspect?resource_id=sc-domain:funnytools.win&id=d3ooeyK19MmX8zltKBKlng&utm_medium=link&utm_source=api,NEUTRAL,Google 無法辨識的網址,ROBOTS_TXT_STATE_UNSPECIFIED,INDEXING_STATE_UNSPECIFIED,,0,never crawled,PAGE_FETCH_STATE_UNSPECIFIED,,,GOOGLE_CANONICAL_ABSENT,,0,,0,,no,UNKNOWN,,200,,,,,,,,
https://funnytools.win/guides/image-color-profile-web-print-guide/,zh-TW,zh,guide,image,sitemap-guides.xml,2026-09-03,10,200 live verified,yes,42,3,2,1679,1657,0.9868969624776652,,sRGB、Adobe RGB、CMYK 怎麼選？圖片色彩交付檢查 - FunnyTools,,,,0,,,,WAIT,low,Unknown,no,unknown,unknown,2026-09-13T08:33:24.242Z,https://search.google.com/search-console/inspect?resource_id=sc-domain:funnytools.win&id=KzNiArqGcIhaHC3A42iVNQ&utm_medium=link&utm_source=api,NEUTRAL,Google 無法辨識的網址,ROBOTS_TXT_STATE_UNSPECIFIED,INDEXING_STATE_UNSPECIFIED,,0,never crawled,PAGE_FETCH_STATE_UNSPECIFIED,,,GOOGLE_CANONICAL_ABSENT,,0,,0,,no,UNKNOWN,,200,,,,,,,,
https://funnytools.win/guides/image-compression-email-guide/,zh-TW,zh,guide,image,sitemap-guides.xml,2026-07-20,55,200 live verified,yes,44,12,2,1360,1328,0.9764705882352941,,圖片壓縮到 email 可寄的完整流程：先縮尺寸再壓品質，文字不糊 - FunnyTools,,,,0,,,,KEEP,low,Unknown,no,unknown,unknown,2026-09-13T08:33:27.367Z,https://search.google.com/search-console/inspect?resource_id=sc-domain:funnytools.win&id=pzamnmi0_-m_zGSg8nUjhg&utm_medium=link&utm_source=api,NEUTRAL,Google 無法辨識的網址,ROBOTS_TXT_STATE_UNSPECIFIED,INDEXING_STATE_UNSPECIFIED,,0,never crawled,PAGE_FETCH_STATE_UNSPECIFIED,,,GOOGLE_CANONICAL_ABSENT,,0,,0,,no,UNKNOWN,,200,,,,,,,,
https://funnytools.win/guides/image-compression-quality-size-guide/,zh-TW,zh,guide,image,sitemap-guides.xml,2026-09-03,10,200 live verified,yes,42,8,2,1544,1518,0.9831606217616581,,圖片壓縮品質怎麼選？檔案大小與清晰度驗收 - FunnyTools,,,,1,0.805,0.699,COMPLEMENTARY,WAIT,low,Unknown,no,unknown,unknown,2026-09-13T08:33:29.669Z,https://search.google.com/search-console/inspect?resource_id=sc-domain:funnytools.win&id=a4-DA8Z-QQ6SGqqW_yLz-w&utm_medium=link&utm_source=api,NEUTRAL,Google 無法辨識的網址,ROBOTS_TXT_STATE_UNSPECIFIED,INDEXING_STATE_UNSPECIFIED,,0,never crawled,PAGE_FETCH_STATE_UNSPECIFIED,,,GOOGLE_CANONICAL_ABSENT,,0,,0,,no,UNKNOWN,,200,,,,,,,,
https://funnytools.win/guides/image-compressor-metadata-privacy-guide/,zh-TW,zh,guide,image,sitemap-guides.xml,2026-09-03,10,200 live verified,yes,41,4,2,1592,1570,0.9861809045226131,,圖片壓縮會保留 EXIF 嗎？Metadata 與隱私驗收 - FunnyTools,,,,0,,,,WAIT,low,Unknown,no,unknown,unknown,2026-09-13T08:33:31.298Z,https://search.google.com/search-console/inspect?resource_id=sc-domain:funnytools.win&id=D4XhSgp40R4DtXo0FhlOiA&utm_medium=link&utm_source=api,NEUTRAL,Google 無法辨識的網址,ROBOTS_TXT_STATE_UNSPECIFIED,INDEXING_STATE_UNSPECIFIED,,0,never crawled,PAGE_FETCH_STATE_UNSPECIFIED,,,GOOGLE_CANONICAL_ABSENT,,0,,0,,no,UNKNOWN,,200,,,,,,,,
https://funnytools.win/guides/image-resampling-quality-guide/,zh-TW,zh,guide,image,sitemap-guides.xml,2026-09-03,10,200 live verified,yes,42,3,2,1665,1639,0.9843843843843844,,圖片放大縮小會糊嗎？重採樣方法與品質驗收 - FunnyTools,,,,2,0.836,0.716,ADJACENT,WAIT,low,Unknown,no,unknown,unknown,2026-09-13T08:33:34.559Z,https://search.google.com/search-console/inspect?resource_id=sc-domain:funnytools.win&id=JpB6hDP_9LqYOgJU7Ru_KQ&utm_medium=link&utm_source=api,NEUTRAL,Google 無法辨識的網址,ROBOTS_TXT_STATE_UNSPECIFIED,INDEXING_STATE_UNSPECIFIED,,0,never crawled,PAGE_FETCH_STATE_UNSPECIFIED,,,GOOGLE_CANONICAL_ABSENT,,0,,0,,no,UNKNOWN,,200,,,,,,,,
https://funnytools.win/guides/image-resize-aspect-ratio-guide/,zh-TW,zh,guide,image,sitemap-guides.xml,2026-09-03,10,200 live verified,yes,42,7,2,1551,1526,0.9838813668600903,,圖片調整尺寸不變形：比例、裁切與留白選擇 - FunnyTools,,,,2,0.814,0.712,ADJACENT; COMPLEMENTARY,WAIT,low,Unknown,no,unknown,unknown,2026-09-13T08:33:36.573Z,https://search.google.com/search-console/inspect?resource_id=sc-domain:funnytools.win&id=en-ZLo_nrvP2fs6qID2Emg&utm_medium=link&utm_source=api,NEUTRAL,Google 無法辨識的網址,ROBOTS_TXT_STATE_UNSPECIFIED,INDEXING_STATE_UNSPECIFIED,,0,never crawled,PAGE_FETCH_STATE_UNSPECIFIED,,,GOOGLE_CANONICAL_ABSENT,,0,,0,,no,UNKNOWN,,200,,,,,,,,
https://funnytools.win/guides/image-resolution-print-web-guide/,zh-TW,zh,guide,image,sitemap-guides.xml,2026-09-03,10,200 live verified,yes,42,5,2,1682,1656,0.9845422116527943,,圖片解析度怎麼選？列印、網頁與像素尺寸驗收 - FunnyTools,,,,2,0.836,0.756,ADJACENT; DIFFERENT,WAIT,low,Unknown,no,unknown,unknown,2026-09-13T08:33:38.272Z,https://search.google.com/search-console/inspect?resource_id=sc-domain:funnytools.win&id=YBmyNi7isVI_rKSQWInJ-A&utm_medium=link&utm_source=api,NEUTRAL,Google 無法辨識的網址,ROBOTS_TXT_STATE_UNSPECIFIED,INDEXING_STATE_UNSPECIFIED,,0,never crawled,PAGE_FETCH_STATE_UNSPECIFIED,,,GOOGLE_CANONICAL_ABSENT,,0,,0,,no,UNKNOWN,,200,,,,,,,,
https://funnytools.win/guides/image-upload-failed-troubleshooting/,zh-TW,zh,guide,image,sitemap-guides.xml,2026-08-27,17,200 live verified,yes,36,3,2,1458,1427,0.9787379972565158,,圖片無法上傳怎麼辦？檔案太大、尺寸、格式、WebP、PNG、JPG 完整排查｜FunnyTools,,,,0,,,,KEEP,low,Unknown,no,unknown,unknown,2026-09-13T08:33:41.529Z,https://search.google.com/search-console/inspect?resource_id=sc-domain:funnytools.win&id=sRmKQ2Wx3iWvszjq9Vx2xw&utm_medium=link&utm_source=api,NEUTRAL,Google 無法辨識的網址,ROBOTS_TXT_STATE_UNSPECIFIED,INDEXING_STATE_UNSPECIFIED,,0,never crawled,PAGE_FETCH_STATE_UNSPECIFIED,,,GOOGLE_CANONICAL_ABSENT,,0,,0,,no,UNKNOWN,,200,,,,,,,,
https://funnytools.win/guides/independent-vs-paired-t-test/,zh-TW,zh,guide,general,sitemap-guides.xml,2026-08-27,17,200 live verified,yes,36,6,2,2793,2762,0.9889008234872897,,獨立樣本 vs 相依樣本 t 檢定：前後測要用哪一個？完整比較｜FunnyTools,,,,0,,,,KEEP,low,Unknown,no,unknown,unknown,2026-09-13T08:33:43.490Z,https://search.google.com/search-console/inspect?resource_id=sc-domain:funnytools.win&id=m9gzIx0aCUa2tTZ1bopg2Q&utm_medium=link&utm_source=api,NEUTRAL,Google 無法辨識的網址,ROBOTS_TXT_STATE_UNSPECIFIED,INDEXING_STATE_UNSPECIFIED,,0,never crawled,PAGE_FETCH_STATE_UNSPECIFIED,,,GOOGLE_CANONICAL_ABSENT,,0,,0,,no,UNKNOWN,,200,,,,,,,,
https://funnytools.win/guides/invisible-spaces-nbsp-zero-width-guide/,zh-TW,zh,guide,general,sitemap-guides.xml,2026-08-27,17,200 live verified,yes,32,8,1,1472,1439,0.9775815217391305,,明明一樣卻比對失敗？NBSP、零寬空格、全形空白與隱藏 Unicode 字元指南｜FunnyTools,,,,0,,,,WAIT,low,Unknown,no,unknown,unknown,2026-09-13T08:33:45.405Z,https://search.google.com/search-console/inspect?resource_id=sc-domain:funnytools.win&id=kBuH9mKnpvt3iFmICBCFwQ&utm_medium=link&utm_source=api,NEUTRAL,Google 無法辨識的網址,ROBOTS_TXT_STATE_UNSPECIFIED,INDEXING_STATE_UNSPECIFIED,,0,never crawled,PAGE_FETCH_STATE_UNSPECIFIED,,,GOOGLE_CANONICAL_ABSENT,,0,,0,,no,UNKNOWN,,200,,,,,,,,
https://funnytools.win/guides/iso-8601-utc-offset-guide/,zh-TW,zh,guide,general,sitemap-guides.xml,2026-08-27,17,200 live verified,yes,34,5,2,1581,1553,0.9822896900695762,,ISO 8601 日期時間怎麼看？T、Z、UTC、+08:00、時區 Offset 完整指南｜FunnyTools,,,,0,,,,KEEP,low,Unknown,no,unknown,unknown,2026-09-13T08:33:48.478Z,https://search.google.com/search-console/inspect?resource_id=sc-domain:funnytools.win&id=d9DTX-l-Hc543kDXnybEaw&utm_medium=link&utm_source=api,NEUTRAL,Google 無法辨識的網址,ROBOTS_TXT_STATE_UNSPECIFIED,INDEXING_STATE_UNSPECIFIED,,0,never crawled,PAGE_FETCH_STATE_UNSPECIFIED,,,GOOGLE_CANONICAL_ABSENT,,0,,0,,no,UNKNOWN,,200,,,,,,,,
https://funnytools.win/guides/jpg-png-webp-which-to-use/,zh-TW,zh,guide,image,sitemap-guides.xml,2026-08-27,17,200 live verified,yes,35,12,2,1399,1367,0.9771265189421015,,JPG、PNG、WebP 怎麼選？透明背景、畫質、檔案大小與網站用途完整比較｜FunnyTools,,,,0,,,,KEEP,low,Unknown,no,unknown,unknown,2026-09-13T08:33:50.555Z,https://search.google.com/search-console/inspect?resource_id=sc-domain:funnytools.win&id=sRRg1jRikdOy-00Bh_Kz7g&utm_medium=link&utm_source=api,NEUTRAL,Google 無法辨識的網址,ROBOTS_TXT_STATE_UNSPECIFIED,INDEXING_STATE_UNSPECIFIED,,0,never crawled,PAGE_FETCH_STATE_UNSPECIFIED,,,GOOGLE_CANONICAL_ABSENT,,0,,0,,no,UNKNOWN,,200,,,,,,,,
https://funnytools.win/guides/json-error-fix-guide/,zh-TW,zh,guide,text,sitemap-guides.xml,2026-08-27,17,200 live verified,yes,34,10,2,1584,1554,0.9810606060606061,,JSON 格式錯誤怎麼修？Unexpected token、逗號、引號與常見錯誤完整指南｜FunnyTools,,,,0,,,,KEEP,low,Unknown,no,unknown,unknown,2026-09-13T08:33:52.474Z,https://search.google.com/search-console/inspect?resource_id=sc-domain:funnytools.win&id=ff-BCc-m5m2gxtU9GaXnsA&utm_medium=link&utm_source=api,NEUTRAL,Google 無法辨識的網址,ROBOTS_TXT_STATE_UNSPECIFIED,INDEXING_STATE_UNSPECIFIED,,0,never crawled,PAGE_FETCH_STATE_UNSPECIFIED,,,GOOGLE_CANONICAL_ABSENT,,0,,0,,no,UNKNOWN,,200,,,,,,,,
https://funnytools.win/guides/json-formatter-trailing-comma-error-guide/,zh-TW,zh,guide,text,sitemap-guides.xml,2026-09-03,10,200 live verified,yes,42,5,2,1518,1494,0.9841897233201581,,JSON 為什麼解析失敗？尾端逗號與引號檢查 - FunnyTools,,,,1,0.805,0.7,COMPLEMENTARY,WAIT,low,Unknown,no,unknown,unknown,2026-09-13T08:33:55.690Z,https://search.google.com/search-console/inspect?resource_id=sc-domain:funnytools.win&id=G14gcapRVO95qn6uVGcEeA&utm_medium=link&utm_source=api,NEUTRAL,Google 無法辨識的網址,ROBOTS_TXT_STATE_UNSPECIFIED,INDEXING_STATE_UNSPECIFIED,,0,never crawled,PAGE_FETCH_STATE_UNSPECIFIED,,,GOOGLE_CANONICAL_ABSENT,,0,,0,,no,UNKNOWN,,200,,,,,,,,
https://funnytools.win/guides/json-to-csv-excel-guide/,zh-TW,zh,guide,text,sitemap-guides.xml,2026-08-27,17,200 live verified,yes,34,6,2,1646,1624,0.9866342648845686,,JSON 轉 CSV 給 Excel：欄位、UTF-8 與公式注入指南｜FunnyTools,,,,0,,,,KEEP,low,Unknown,no,unknown,unknown,2026-09-13T08:33:57.551Z,https://search.google.com/search-console/inspect?resource_id=sc-domain:funnytools.win&id=AMB_7Z2Qeu1PmNogZc5DMQ&utm_medium=link&utm_source=api,NEUTRAL,Google 無法辨識的網址,ROBOTS_TXT_STATE_UNSPECIFIED,INDEXING_STATE_UNSPECIFIED,,0,never crawled,PAGE_FETCH_STATE_UNSPECIFIED,,,GOOGLE_CANONICAL_ABSENT,,0,,0,,no,UNKNOWN,,200,,,,,,,,
https://funnytools.win/guides/line-breaks-lf-crlf-guide/,zh-TW,zh,guide,text,sitemap-guides.xml,2026-08-27,17,200 live verified,yes,32,5,2,1468,1439,0.9802452316076294,,LF vs CRLF 差在哪？Windows、Linux、Git 換行格式與文字行數完整指南｜FunnyTools,,,,0,,,,WAIT,low,Unknown,no,unknown,unknown,2026-09-13T08:33:59.410Z,https://search.google.com/search-console/inspect?resource_id=sc-domain:funnytools.win&id=WxFVCtiHouLdwCTyiHH5tw&utm_medium=link&utm_source=api,NEUTRAL,Google 無法辨識的網址,ROBOTS_TXT_STATE_UNSPECIFIED,INDEXING_STATE_UNSPECIFIED,,0,never crawled,PAGE_FETCH_STATE_UNSPECIFIED,,,GOOGLE_CANONICAL_ABSENT,,0,,0,,no,UNKNOWN,,200,,,,,,,,
https://funnytools.win/guides/markdown-syntax-preview-guide/,zh-TW,zh,guide,text,sitemap-guides.xml,2026-08-27,17,200 live verified,yes,34,3,2,1615,1587,0.9826625386996904,,Markdown 語法完整指南｜標題、清單、表格、Code Block、README 與預覽差異｜FunnyTools,,,,0,,,,KEEP,low,Unknown,no,unknown,unknown,2026-09-13T08:34:02.888Z,https://search.google.com/search-console/inspect?resource_id=sc-domain:funnytools.win&id=LPbMKtb-JHLC-oWnRBCIAg&utm_medium=link&utm_source=api,NEUTRAL,Google 無法辨識的網址,ROBOTS_TXT_STATE_UNSPECIFIED,INDEXING_STATE_UNSPECIFIED,,0,never crawled,PAGE_FETCH_STATE_UNSPECIFIED,,,GOOGLE_CANONICAL_ABSENT,,0,,0,,no,UNKNOWN,,200,,,,,,,,
https://funnytools.win/guides/mean-median-mode-when-to-use/,zh-TW,zh,guide,statistics,sitemap-guides.xml,2026-08-27,17,200 live verified,yes,36,3,2,2214,2184,0.986449864498645,,平均數、中位數、眾數怎麼選？偏態、離群值與例子完整比較｜FunnyTools,,,,0,,,,KEEP,low,Unknown,no,unknown,unknown,2026-09-13T08:34:04.500Z,https://search.google.com/search-console/inspect?resource_id=sc-domain:funnytools.win&id=0ixcmVlbAFFEe2sa-24D_Q&utm_medium=link&utm_source=api,NEUTRAL,Google 無法辨識的網址,ROBOTS_TXT_STATE_UNSPECIFIED,INDEXING_STATE_UNSPECIFIED,,0,never crawled,PAGE_FETCH_STATE_UNSPECIFIED,,,GOOGLE_CANONICAL_ABSENT,,0,,0,,no,UNKNOWN,,200,,,,,,,,
https://funnytools.win/guides/merge-pdf-bookmarks-navigation-guide/,zh-TW,zh,guide,pdf,sitemap-guides.xml,2026-09-03,10,200 live verified,yes,42,4,2,1684,1658,0.9845605700712589,,合併 PDF 後怎麼保留書籤？目錄、連結與導航檢查 - FunnyTools,,,,2,0.803,0.71,ADJACENT,WAIT,low,Unknown,no,unknown,unknown,2026-09-13T08:34:06.345Z,https://search.google.com/search-console/inspect?resource_id=sc-domain:funnytools.win&id=3PvwkA2HZE9JfvqD2kY04w&utm_medium=link&utm_source=api,NEUTRAL,Google 無法辨識的網址,ROBOTS_TXT_STATE_UNSPECIFIED,INDEXING_STATE_UNSPECIFIED,,0,never crawled,PAGE_FETCH_STATE_UNSPECIFIED,,,GOOGLE_CANONICAL_ABSENT,,0,,0,,no,UNKNOWN,,200,,,,,,,,
https://funnytools.win/guides/merge-pdf-page-size-orientation-guide/,zh-TW,zh,guide,pdf,sitemap-guides.xml,2026-09-03,10,200 live verified,yes,41,8,2,1457,1425,0.9780370624571036,,合併 PDF 後大小不一、方向混亂怎麼辦？A4、Letter 與橫直頁整理教學 - FunnyTools,,,,0,,,,WAIT,low,Unknown,no,unknown,unknown,2026-09-13T08:34:09.812Z,https://search.google.com/search-console/inspect?resource_id=sc-domain:funnytools.win&id=QD4hgo93rgByHqhIXWcvwg&utm_medium=link&utm_source=api,NEUTRAL,Google 無法辨識的網址,ROBOTS_TXT_STATE_UNSPECIFIED,INDEXING_STATE_UNSPECIFIED,,0,never crawled,PAGE_FETCH_STATE_UNSPECIFIED,,,GOOGLE_CANONICAL_ABSENT,,0,,0,,no,UNKNOWN,,200,,,,,,,,
https://funnytools.win/guides/merge-pdf-private-guide/,zh-TW,zh,guide,pdf,sitemap-guides.xml,2026-07-17,58,200 live verified,yes,43,15,2,1275,1244,0.9756862745098039,,免上傳合併 PDF 教學：瀏覽器本機處理、順序調整與品質檢查 - FunnyTools,,,,1,0.84,0.782,COMPLEMENTARY,IMPROVE,low,Unknown,no,unknown,unknown,2026-09-13T08:34:11.452Z,https://search.google.com/search-console/inspect?resource_id=sc-domain:funnytools.win&id=DjpbqTNSrbkE04QDEuX-eg&utm_medium=link&utm_source=api,NEUTRAL,Google 無法辨識的網址,ROBOTS_TXT_STATE_UNSPECIFIED,INDEXING_STATE_UNSPECIFIED,,0,never crawled,PAGE_FETCH_STATE_UNSPECIFIED,,,GOOGLE_CANONICAL_ABSENT,,0,,0,,no,UNKNOWN,,200,,,,,,,,
https://funnytools.win/guides/merge-pdf-reading-order-checklist-guide/,zh-TW,zh,guide,pdf,sitemap-guides.xml,2026-09-03,10,200 live verified,yes,42,9,2,1557,1532,0.9839434810533076,,合併 PDF 後順序錯了？檔案閱讀與交付檢查表 - FunnyTools,,,,3,0.831,0.726,ADJACENT; COMPLEMENTARY,WAIT,low,Unknown,no,unknown,unknown,2026-09-13T08:34:13.299Z,https://search.google.com/search-console/inspect?resource_id=sc-domain:funnytools.win&id=f9NItZo5RKUuBStpUSZmMA&utm_medium=link&utm_source=api,NEUTRAL,Google 無法辨識的網址,ROBOTS_TXT_STATE_UNSPECIFIED,INDEXING_STATE_UNSPECIFIED,,0,never crawled,PAGE_FETCH_STATE_UNSPECIFIED,,,GOOGLE_CANONICAL_ABSENT,,0,,0,,no,UNKNOWN,,200,,,,,,,,
https://funnytools.win/guides/misleading-chart-common-errors/,zh-TW,zh,guide,drawing,sitemap-guides.xml,2026-08-27,17,200 live verified,yes,34,5,2,1456,1423,0.9773351648351648,,圖表怎麼避免誤導？截斷軸、3D、圓餅圖錯用、配色與標籤完整指南｜FunnyTools,,,,0,,,,KEEP,low,Unknown,no,unknown,unknown,2026-09-13T08:34:16.972Z,https://search.google.com/search-console/inspect?resource_id=sc-domain:funnytools.win&id=fFjVNWCFeLCG1LldwGtPiQ&utm_medium=link&utm_source=api,NEUTRAL,Google 無法辨識的網址,ROBOTS_TXT_STATE_UNSPECIFIED,INDEXING_STATE_UNSPECIFIED,,0,never crawled,PAGE_FETCH_STATE_UNSPECIFIED,,,GOOGLE_CANONICAL_ABSENT,,0,,0,,no,UNKNOWN,,200,,,,,,,,
https://funnytools.win/guides/missing-assignment-zero-exempt-guide/,zh-TW,zh,guide,general,sitemap-guides.xml,2026-08-27,17,200 live verified,yes,34,7,1,1289,1264,0.9806051202482544,,缺交作業要算0分還是不計？Missing、Zero、Exempt 與未評分完整指南｜FunnyTools,,,,0,,,,KEEP,low,Unknown,no,unknown,unknown,2026-09-13T08:34:18.503Z,https://search.google.com/search-console/inspect?resource_id=sc-domain:funnytools.win&id=tSR9taWUxAWxYFREnXVOyQ&utm_medium=link&utm_source=api,NEUTRAL,Google 無法辨識的網址,ROBOTS_TXT_STATE_UNSPECIFIED,INDEXING_STATE_UNSPECIFIED,,0,never crawled,PAGE_FETCH_STATE_UNSPECIFIED,,,GOOGLE_CANONICAL_ABSENT,,0,,0,,no,UNKNOWN,,200,,,,,,,,
https://funnytools.win/guides/multiplication-fact-fluency-guide/,zh-TW,zh,guide,general,sitemap-guides.xml,2026-07-29,46,200 live verified,yes,38,5,2,1380,1347,0.9760869565217392,,乘法背不起來？計時測驗的問題與真正有效的事實流暢度練習 - FunnyTools,,,,0,,,,KEEP,low,Unknown,no,unknown,unknown,2026-09-13T08:34:20.654Z,https://search.google.com/search-console/inspect?resource_id=sc-domain:funnytools.win&id=7s0_UvyFOdX-1Pr5VqVfeg&utm_medium=link&utm_source=api,NEUTRAL,Google 無法辨識的網址,ROBOTS_TXT_STATE_UNSPECIFIED,INDEXING_STATE_UNSPECIFIED,,0,never crawled,PAGE_FETCH_STATE_UNSPECIFIED,,,GOOGLE_CANONICAL_ABSENT,,0,,0,,no,UNKNOWN,,200,,,,,,,,
https://funnytools.win/guides/optimize-images-for-website/,zh-TW,zh,guide,image,sitemap-guides.xml,2026-08-27,17,200 live verified,yes,39,5,2,1692,1663,0.9828605200945626,,網站圖片怎麼最佳化？尺寸、WebP、srcset、Lazy Loading、LCP 與 ALT 完整指南｜FunnyTools,,,,0,,,,KEEP,low,Unknown,no,unknown,unknown,2026-09-13T08:34:23.893Z,https://search.google.com/search-console/inspect?resource_id=sc-domain:funnytools.win&id=cbNZJgtCUP5c4qF4mBKRag&utm_medium=link&utm_source=api,NEUTRAL,Google 無法辨識的網址,ROBOTS_TXT_STATE_UNSPECIFIED,INDEXING_STATE_UNSPECIFIED,,0,never crawled,PAGE_FETCH_STATE_UNSPECIFIED,,,GOOGLE_CANONICAL_ABSENT,,0,,0,,no,UNKNOWN,,200,,,,,,,,
https://funnytools.win/guides/outlier-detection-iqr-z-score-boxplot/,zh-TW,zh,guide,statistics,sitemap-guides.xml,2026-08-27,17,200 live verified,yes,37,4,2,2493,2466,0.9891696750902527,,離群值怎麼判斷？IQR、Z-score、箱型圖與 1.5×IQR 完整指南｜FunnyTools,,,,0,,,,KEEP,low,Unknown,no,unknown,unknown,2026-09-13T08:34:25.519Z,https://search.google.com/search-console/inspect?resource_id=sc-domain:funnytools.win&id=B601KZKZneyFaZ2wKRtIsw&utm_medium=link&utm_source=api,NEUTRAL,Google 無法辨識的網址,ROBOTS_TXT_STATE_UNSPECIFIED,INDEXING_STATE_UNSPECIFIED,,0,never crawled,PAGE_FETCH_STATE_UNSPECIFIED,,,GOOGLE_CANONICAL_ABSENT,,0,,0,,no,UNKNOWN,,200,,,,,,,,
https://funnytools.win/guides/p-value-interpretation/,zh-TW,zh,guide,general,sitemap-guides.xml,2026-08-27,17,200 live verified,yes,38,14,2,2883,2824,0.9795352063822407,,p 值怎麼看？p < .05、p > .05、SPSS p=.000 完整解讀｜FunnyTools,,,,0,,,,KEEP,low,Unknown,no,unknown,unknown,2026-09-13T08:34:27.763Z,https://search.google.com/search-console/inspect?resource_id=sc-domain:funnytools.win&id=y7m7ODxGj2JHo401c19ftw&utm_medium=link&utm_source=api,NEUTRAL,Google 無法辨識的網址,ROBOTS_TXT_STATE_UNSPECIFIED,INDEXING_STATE_UNSPECIFIED,,0,never crawled,PAGE_FETCH_STATE_UNSPECIFIED,,,GOOGLE_CANONICAL_ABSENT,,0,,0,,no,UNKNOWN,,200,,,,,,,,
https://funnytools.win/guides/password-manager-mfa-passkey-guide/,zh-TW,zh,guide,text,sitemap-guides.xml,2026-08-27,17,200 live verified,yes,34,4,2,1373,1348,0.9817916970138383,,密碼管理器、MFA、Passkey 差在哪？帳號安全完整指南｜FunnyTools,,,,0,,,,KEEP,low,Unknown,no,unknown,unknown,2026-09-13T08:34:30.859Z,https://search.google.com/search-console/inspect?resource_id=sc-domain:funnytools.win&id=GzDRPG7dGU8S31Sz9UB9hw&utm_medium=link&utm_source=api,NEUTRAL,Google 無法辨識的網址,ROBOTS_TXT_STATE_UNSPECIFIED,INDEXING_STATE_UNSPECIFIED,,0,never crawled,PAGE_FETCH_STATE_UNSPECIFIED,,,GOOGLE_CANONICAL_ABSENT,,0,,0,,no,UNKNOWN,,200,,,,,,,,
https://funnytools.win/guides/password-strength-basics-guide/,zh-TW,zh,guide,text,sitemap-guides.xml,2026-07-27,48,200 live verified,yes,36,6,2,1297,1266,0.9760986892829607,,密碼安全實務：為什麼長度比符號重要、哪些規則已經過時 - FunnyTools,,,,0,,,,KEEP,low,Unknown,no,unknown,unknown,2026-09-13T08:34:32.670Z,https://search.google.com/search-console/inspect?resource_id=sc-domain:funnytools.win&id=SOJOHPsSfbNqwrn1pgakOA&utm_medium=link&utm_source=api,NEUTRAL,Google 無法辨識的網址,ROBOTS_TXT_STATE_UNSPECIFIED,INDEXING_STATE_UNSPECIFIED,,0,never crawled,PAGE_FETCH_STATE_UNSPECIFIED,,,GOOGLE_CANONICAL_ABSENT,,0,,0,,no,UNKNOWN,,200,,,,,,,,
https://funnytools.win/guides/pdf-accessibility-reading-order-check-guide/,zh-TW,zh,guide,pdf,sitemap-guides.xml,2026-09-03,10,200 live verified,yes,43,2,2,1643,1619,0.985392574558734,,PDF 轉 Word 後閱讀順序錯亂？可及性驗收清單 - FunnyTools,,,,0,,,,WAIT,low,Unknown,no,unknown,unknown,2026-09-13T08:34:34.755Z,https://search.google.com/search-console/inspect?resource_id=sc-domain:funnytools.win&id=sbPJrtUFj6suNBc1n4MGMQ&utm_medium=link&utm_source=api,NEUTRAL,Google 無法辨識的網址,ROBOTS_TXT_STATE_UNSPECIFIED,INDEXING_STATE_UNSPECIFIED,,0,never crawled,PAGE_FETCH_STATE_UNSPECIFIED,,,GOOGLE_CANONICAL_ABSENT,,0,,0,,no,UNKNOWN,,200,,,,,,,,
https://funnytools.win/guides/pdf-compressor-email-attachment-guide/,zh-TW,zh,guide,pdf,sitemap-guides.xml,2026-09-03,10,200 live verified,yes,42,5,2,1753,1725,0.9840273816314888,,PDF 太大寄不出去怎麼辦？壓縮後容量與清晰度檢查 - FunnyTools,,,,0,,,,WAIT,low,Unknown,no,unknown,unknown,2026-09-13T08:34:37.987Z,https://search.google.com/search-console/inspect?resource_id=sc-domain:funnytools.win&id=z-VNkp-jMsz9d594Pgh7pA&utm_medium=link&utm_source=api,NEUTRAL,Google 無法辨識的網址,ROBOTS_TXT_STATE_UNSPECIFIED,INDEXING_STATE_UNSPECIFIED,,0,never crawled,PAGE_FETCH_STATE_UNSPECIFIED,,,GOOGLE_CANONICAL_ABSENT,,0,,0,,no,UNKNOWN,,200,,,,,,,,
https://funnytools.win/guides/pdf-compressor-form-fields-links-guide/,zh-TW,zh,guide,pdf,sitemap-guides.xml,2026-09-03,10,200 live verified,yes,42,3,2,1663,1636,0.9837642814191221,,PDF 壓縮後表單不能填？欄位、連結與附件驗收流程 - FunnyTools,,,,0,,,,WAIT,low,Unknown,no,unknown,unknown,2026-09-13T08:34:39.880Z,https://search.google.com/search-console/inspect?resource_id=sc-domain:funnytools.win&id=hVBtkrveAmyDMEUez6t2BQ&utm_medium=link&utm_source=api,NEUTRAL,Google 無法辨識的網址,ROBOTS_TXT_STATE_UNSPECIFIED,INDEXING_STATE_UNSPECIFIED,,0,never crawled,PAGE_FETCH_STATE_UNSPECIFIED,,,GOOGLE_CANONICAL_ABSENT,,0,,0,,no,UNKNOWN,,200,,,,,,,,
https://funnytools.win/guides/pdf-page-reorder-appendix-merge-check-guide/,zh-TW,zh,guide,pdf,sitemap-guides.xml,2026-09-03,10,200 live verified,yes,42,4,2,1653,1627,0.984271022383545,,PDF 附錄怎麼重排？合併前頁碼、版本與引用檢查 - FunnyTools,,,,2,0.831,0.726,ADJACENT,WAIT,low,Unknown,no,unknown,unknown,2026-09-13T08:34:42.114Z,https://search.google.com/search-console/inspect?resource_id=sc-domain:funnytools.win&id=q7QlVXf0ZH0qnXZdlDQmjg&utm_medium=link&utm_source=api,NEUTRAL,Google 無法辨識的網址,ROBOTS_TXT_STATE_UNSPECIFIED,INDEXING_STATE_UNSPECIFIED,,0,never crawled,PAGE_FETCH_STATE_UNSPECIFIED,,,GOOGLE_CANONICAL_ABSENT,,0,,0,,no,UNKNOWN,,200,,,,,,,,
https://funnytools.win/guides/pdf-split-vs-extract-vs-delete/,zh-TW,zh,guide,pdf,sitemap-guides.xml,2026-09-04,9,200 live verified,yes,36,8,2,1729,1705,0.9861191440138809,,PDF 拆分、擷取、刪除差在哪？Split、Extract、Delete 一次選對｜FunnyTools,,,,0,,,,WAIT,low,Unknown,no,unknown,unknown,2026-09-13T08:34:44.900Z,https://search.google.com/search-console/inspect?resource_id=sc-domain:funnytools.win&id=Ef23AHiGNcCnTP5b0D7T2A&utm_medium=link&utm_source=api,NEUTRAL,Google 無法辨識的網址,ROBOTS_TXT_STATE_UNSPECIFIED,INDEXING_STATE_UNSPECIFIED,,0,never crawled,PAGE_FETCH_STATE_UNSPECIFIED,,,GOOGLE_CANONICAL_ABSENT,,0,,0,,no,UNKNOWN,,200,,,,,,,,
https://funnytools.win/guides/pdf-table-to-excel-header-check-guide/,zh-TW,zh,guide,pdf,sitemap-guides.xml,2026-09-03,10,200 live verified,yes,42,5,2,1567,1540,0.982769623484365,,PDF 表格轉 Excel 後怎麼檢查？欄位、數字與合併儲存格 - FunnyTools,,,,0,,,,WAIT,low,Unknown,no,unknown,unknown,2026-09-13T08:34:46.774Z,https://search.google.com/search-console/inspect?resource_id=sc-domain:funnytools.win&id=6-jIG5VYMkcze3tmAiX9FA&utm_medium=link&utm_source=api,NEUTRAL,Google 無法辨識的網址,ROBOTS_TXT_STATE_UNSPECIFIED,INDEXING_STATE_UNSPECIFIED,,0,never crawled,PAGE_FETCH_STATE_UNSPECIFIED,,,GOOGLE_CANONICAL_ABSENT,,0,,0,,no,UNKNOWN,,200,,,,,,,,
https://funnytools.win/guides/pdf-to-image-background-contrast-guide/,zh-TW,zh,guide,pdf,sitemap-guides.xml,2026-09-03,10,200 live verified,yes,42,5,2,1518,1493,0.9835309617918313,,PDF 轉圖片背景變黑或太淡？對比與閱讀檢查 - FunnyTools,,,,0,,,,WAIT,low,Unknown,no,unknown,unknown,2026-09-13T08:34:49.585Z,https://search.google.com/search-console/inspect?resource_id=sc-domain:funnytools.win&id=UzF-KhAJ_3FjqFpAFT1yPw&utm_medium=link&utm_source=api,NEUTRAL,Google 無法辨識的網址,ROBOTS_TXT_STATE_UNSPECIFIED,INDEXING_STATE_UNSPECIFIED,,0,never crawled,PAGE_FETCH_STATE_UNSPECIFIED,,,GOOGLE_CANONICAL_ABSENT,,0,,0,,no,UNKNOWN,,200,,,,,,,,
https://funnytools.win/guides/pdf-to-image-multipage-download-guide/,zh-TW,zh,guide,pdf,sitemap-guides.xml,2026-09-03,10,200 live verified,yes,41,7,2,1473,1444,0.9803122878479293,,多頁 PDF 轉 JPG／PNG 後怎麼下載？頁碼、檔名與 20 頁限制教學 - FunnyTools,,,,3,0.81,0.716,ADJACENT; COMPLEMENTARY,WAIT,low,Unknown,no,unknown,unknown,2026-09-13T08:34:52.377Z,https://search.google.com/search-console/inspect?resource_id=sc-domain:funnytools.win&id=gG9daDmoed9BpUk3oJU7Mw&utm_medium=link&utm_source=api,NEUTRAL,Google 無法辨識的網址,ROBOTS_TXT_STATE_UNSPECIFIED,INDEXING_STATE_UNSPECIFIED,,0,never crawled,PAGE_FETCH_STATE_UNSPECIFIED,,,GOOGLE_CANONICAL_ABSENT,,0,,0,,no,UNKNOWN,,200,,,,,,,,
https://funnytools.win/guides/pdf-to-image-print-crop-marks-guide/,zh-TW,zh,guide,pdf,sitemap-guides.xml,2026-09-03,10,200 live verified,yes,42,3,2,1653,1627,0.984271022383545,,PDF 轉 JPG／PNG 列印怎麼不被裁掉？出血與裁切檢查 - FunnyTools,,,,0,,,,WAIT,low,Unknown,no,unknown,unknown,2026-09-13T08:34:53.805Z,https://search.google.com/search-console/inspect?resource_id=sc-domain:funnytools.win&id=Gd2YJowssFmK23wnxWIMUw&utm_medium=link&utm_source=api,NEUTRAL,Google 無法辨識的網址,ROBOTS_TXT_STATE_UNSPECIFIED,INDEXING_STATE_UNSPECIFIED,,0,never crawled,PAGE_FETCH_STATE_UNSPECIFIED,,,GOOGLE_CANONICAL_ABSENT,,0,,0,,no,UNKNOWN,,200,,,,,,,,
https://funnytools.win/guides/pdf-to-image-raster-text-search-guide/,zh-TW,zh,guide,pdf,sitemap-guides.xml,2026-09-03,10,200 live verified,yes,42,9,2,1522,1495,0.9822601839684626,,PDF 轉圖片後文字不能搜尋？點陣化前要知道的事 - FunnyTools,,,,0,,,,WAIT,low,Unknown,no,unknown,unknown,2026-09-13T08:34:56.533Z,https://search.google.com/search-console/inspect?resource_id=sc-domain:funnytools.win&id=yNXcG5VCnw9AXm_wbEZVTQ&utm_medium=link&utm_source=api,NEUTRAL,Google 無法辨識的網址,ROBOTS_TXT_STATE_UNSPECIFIED,INDEXING_STATE_UNSPECIFIED,,0,never crawled,PAGE_FETCH_STATE_UNSPECIFIED,,,GOOGLE_CANONICAL_ABSENT,,0,,0,,no,UNKNOWN,,200,,,,,,,,
https://funnytools.win/guides/pdf-to-image-resolution-guide/,zh-TW,zh,guide,pdf,sitemap-guides.xml,2026-09-03,10,200 live verified,yes,41,11,2,1501,1473,0.9813457694870087,,PDF 轉 JPG／PNG 要選多高解析度？螢幕、Email 與列印設定指南 - FunnyTools,,,,1,0.804,0.756,DIFFERENT,WAIT,low,Unknown,no,unknown,unknown,2026-09-13T08:34:59.375Z,https://search.google.com/search-console/inspect?resource_id=sc-domain:funnytools.win&id=kCk0DROgteQmJlH4XJrxpA&utm_medium=link&utm_source=api,NEUTRAL,Google 無法辨識的網址,ROBOTS_TXT_STATE_UNSPECIFIED,INDEXING_STATE_UNSPECIFIED,,0,never crawled,PAGE_FETCH_STATE_UNSPECIFIED,,,GOOGLE_CANONICAL_ABSENT,,0,,0,,no,UNKNOWN,,200,,,,,,,,
https://funnytools.win/guides/pdf-to-jpg-vs-png/,zh-TW,zh,guide,pdf,sitemap-guides.xml,2026-08-27,17,200 live verified,yes,38,6,2,2093,2061,0.9847109412326803,,PDF 轉 JPG 還是 PNG？畫質、檔案大小、文字清晰度與解析度完整指南｜FunnyTools,,,,0,,,,KEEP,low,Unknown,no,unknown,unknown,2026-09-13T08:35:00.966Z,https://search.google.com/search-console/inspect?resource_id=sc-domain:funnytools.win&id=y_JLHkvso5tqSv3cfnX0AQ&utm_medium=link&utm_source=api,NEUTRAL,Google 無法辨識的網址,ROBOTS_TXT_STATE_UNSPECIFIED,INDEXING_STATE_UNSPECIFIED,,0,never crawled,PAGE_FETCH_STATE_UNSPECIFIED,,,GOOGLE_CANONICAL_ABSENT,,0,,0,,no,UNKNOWN,,200,,,,,,,,
https://funnytools.win/guides/pdf-to-word-form-field-editing-guide/,zh-TW,zh,guide,pdf,sitemap-guides.xml,2026-09-03,10,200 live verified,yes,42,4,2,1624,1598,0.9839901477832512,,PDF 表單轉 Word 後怎麼改？欄位、標籤與可填性檢查 - FunnyTools,,,,0,,,,WAIT,low,Unknown,no,unknown,unknown,2026-09-13T08:35:03.468Z,https://search.google.com/search-console/inspect?resource_id=sc-domain:funnytools.win&id=BheF5DoLAoQMM8WQemLCwA&utm_medium=link&utm_source=api,NEUTRAL,Google 無法辨識的網址,ROBOTS_TXT_STATE_UNSPECIFIED,INDEXING_STATE_UNSPECIFIED,,0,never crawled,PAGE_FETCH_STATE_UNSPECIFIED,,,GOOGLE_CANONICAL_ABSENT,,0,,0,,no,UNKNOWN,,200,,,,,,,,
https://funnytools.win/guides/pdf-to-word-layout-fidelity-guide/,zh-TW,zh,guide,pdf,sitemap-guides.xml,2026-09-03,10,200 live verified,yes,42,9,2,1664,1638,0.984375,,PDF 轉 Word 後版面跑掉？文字、表格與圖片驗收流程 - FunnyTools,,,,1,0.801,0.718,ADJACENT,WAIT,low,Unknown,no,unknown,unknown,2026-09-13T08:35:06.417Z,https://search.google.com/search-console/inspect?resource_id=sc-domain:funnytools.win&id=MUKQn_GpYo9_V7lPy1NJeg&utm_medium=link&utm_source=api,NEUTRAL,Google 無法辨識的網址,ROBOTS_TXT_STATE_UNSPECIFIED,INDEXING_STATE_UNSPECIFIED,,0,never crawled,PAGE_FETCH_STATE_UNSPECIFIED,,,GOOGLE_CANONICAL_ABSENT,,0,,0,,no,UNKNOWN,,200,,,,,,,,
https://funnytools.win/guides/pdf-to-word-ocr-language-check-guide/,zh-TW,zh,guide,pdf,sitemap-guides.xml,2026-09-03,10,200 live verified,yes,42,2,2,1686,1661,0.9851720047449585,,PDF 轉 Word 後文字亂碼？OCR 語言與版面驗收指南 - FunnyTools,,,,1,0.801,0.718,ADJACENT,WAIT,low,Unknown,no,unknown,unknown,2026-09-13T08:35:08.854Z,https://search.google.com/search-console/inspect?resource_id=sc-domain:funnytools.win&id=5eYYtIZ6N7S4KPilGk_OIw&utm_medium=link&utm_source=api,NEUTRAL,Google 無法辨識的網址,ROBOTS_TXT_STATE_UNSPECIFIED,INDEXING_STATE_UNSPECIFIED,,0,never crawled,PAGE_FETCH_STATE_UNSPECIFIED,,,GOOGLE_CANONICAL_ABSENT,,0,,0,,no,UNKNOWN,,200,,,,,,,,
https://funnytools.win/guides/pdf-to-word-review-track-changes-guide/,zh-TW,zh,guide,pdf,sitemap-guides.xml,2026-09-03,10,200 live verified,yes,40,6,2,1641,1616,0.9847653869591713,,PDF 轉 Word 後怎麼開修訂？轉換、審稿與交付流程 - FunnyTools,,,,0,,,,WAIT,low,Unknown,no,unknown,unknown,2026-09-13T08:35:10.711Z,https://search.google.com/search-console/inspect?resource_id=sc-domain:funnytools.win&id=k_LCL329e0ekSetwH_x2PA&utm_medium=link&utm_source=api,NEUTRAL,Google 無法辨識的網址,ROBOTS_TXT_STATE_UNSPECIFIED,INDEXING_STATE_UNSPECIFIED,,0,never crawled,PAGE_FETCH_STATE_UNSPECIFIED,,,GOOGLE_CANONICAL_ABSENT,,0,,0,,no,UNKNOWN,,200,,,,,,,,
https://funnytools.win/guides/pdf-upload-failed-troubleshooting/,zh-TW,zh,guide,pdf,sitemap-guides.xml,2026-09-04,9,200 live verified,yes,39,3,2,2413,2380,0.9863240779113137,,PDF 無法上傳怎麼辦？檔案太大、密碼、損壞、瀏覽器與格式完整排查｜FunnyTools,,,,0,,,,WAIT,low,Unknown,no,unknown,unknown,2026-09-13T08:35:13.360Z,https://search.google.com/search-console/inspect?resource_id=sc-domain:funnytools.win&id=PQSzSAYkOeCHlDJEOBV1XQ&utm_medium=link&utm_source=api,NEUTRAL,Google 無法辨識的網址,ROBOTS_TXT_STATE_UNSPECIFIED,INDEXING_STATE_UNSPECIFIED,,0,never crawled,PAGE_FETCH_STATE_UNSPECIFIED,,,GOOGLE_CANONICAL_ABSENT,,0,,0,,no,UNKNOWN,,200,,,,,,,,
https://funnytools.win/guides/pearson-vs-spearman-correlation/,zh-TW,zh,guide,statistics,sitemap-guides.xml,2026-08-27,17,200 live verified,yes,37,3,2,2385,2355,0.9874213836477987,,Pearson 還是 Spearman？相關分析怎麼選、散佈圖與結果解讀完整指南｜FunnyTools,,,,0,,,,KEEP,low,Unknown,no,unknown,unknown,2026-09-13T08:35:15.766Z,https://search.google.com/search-console/inspect?resource_id=sc-domain:funnytools.win&id=xxYExxZWiS1tKbjKkc-goQ&utm_medium=link&utm_source=api,NEUTRAL,Google 無法辨識的網址,ROBOTS_TXT_STATE_UNSPECIFIED,INDEXING_STATE_UNSPECIFIED,,0,never crawled,PAGE_FETCH_STATE_UNSPECIFIED,,,GOOGLE_CANONICAL_ABSENT,,0,,0,,no,UNKNOWN,,200,,,,,,,,
https://funnytools.win/guides/percentage-grade-to-gpa-conversion-guide/,zh-TW,zh,guide,statistics,sitemap-guides.xml,2026-09-04,9,200 live verified,yes,35,7,2,1258,1221,0.9705882352941176,,百分制怎麼換 GPA？為什麼 85 分不能直接等於 3.7｜換算表與制度差異指南｜FunnyTools,,,,0,,,,WAIT,low,Unknown,no,unknown,unknown,2026-09-13T08:35:17.811Z,https://search.google.com/search-console/inspect?resource_id=sc-domain:funnytools.win&id=DZijvjOAXVdxHbHlaDpmfA&utm_medium=link&utm_source=api,NEUTRAL,Google 無法辨識的網址,ROBOTS_TXT_STATE_UNSPECIFIED,INDEXING_STATE_UNSPECIFIED,,0,never crawled,PAGE_FETCH_STATE_UNSPECIFIED,,,GOOGLE_CANONICAL_ABSENT,,0,,0,,no,UNKNOWN,,200,,,,,,,,
https://funnytools.win/guides/percentage-shortcuts-guide/,zh-TW,zh,guide,general,sitemap-guides.xml,2026-07-23,52,200 live verified,yes,39,9,2,1252,1221,0.9752396166134185,,百分比速算技巧：連續折扣、反推原價、百分點差異一次搞懂 - FunnyTools,,,,0,,,,KEEP,low,Unknown,no,unknown,unknown,2026-09-13T08:35:20.435Z,https://search.google.com/search-console/inspect?resource_id=sc-domain:funnytools.win&id=ZIcbG5dYvPrnx-tV1bRTDg&utm_medium=link&utm_source=api,NEUTRAL,Google 無法辨識的網址,ROBOTS_TXT_STATE_UNSPECIFIED,INDEXING_STATE_UNSPECIFIED,,0,never crawled,PAGE_FETCH_STATE_UNSPECIFIED,,,GOOGLE_CANONICAL_ABSENT,,0,,0,,no,UNKNOWN,,200,,,,,,,,
https://funnytools.win/guides/percentile-rank-guide/,zh-TW,zh,guide,statistics,sitemap-guides.xml,2026-06-25,80,200 live verified,yes,42,32,2,1008,982,0.9742063492063492,,PR 百分等級是什麼？和百分比分數、排名的差異 - FunnyTools,,,,2,0.818,0.663,ADJACENT; COMPLEMENTARY,IMPROVE,low,Unknown,no,unknown,unknown,2026-09-13T08:35:22.776Z,https://search.google.com/search-console/inspect?resource_id=sc-domain:funnytools.win&id=fRXYL66X_3QNWaEHXvxAxA&utm_medium=link&utm_source=api,NEUTRAL,Google 無法辨識的網址,ROBOTS_TXT_STATE_UNSPECIFIED,INDEXING_STATE_UNSPECIFIED,,0,never crawled,PAGE_FETCH_STATE_UNSPECIFIED,,,GOOGLE_CANONICAL_ABSENT,,0,,0,,no,UNKNOWN,,200,,,,,,,,
https://funnytools.win/guides/photos-to-pdf-phone-guide/,zh-TW,zh,guide,pdf,sitemap-guides.xml,2026-07-24,51,200 live verified,yes,46,9,2,1533,1505,0.9817351598173516,,手機照片轉 PDF 免安裝 App：拍攝、排序、壓縮的完整流程 - FunnyTools,,,,0,,,,KEEP,low,Unknown,no,unknown,unknown,2026-09-13T08:35:24.987Z,https://search.google.com/search-console/inspect?resource_id=sc-domain:funnytools.win&id=2g1b083QafbR-b9l458i0w&utm_medium=link&utm_source=api,NEUTRAL,Google 無法辨識的網址,ROBOTS_TXT_STATE_UNSPECIFIED,INDEXING_STATE_UNSPECIFIED,,0,never crawled,PAGE_FETCH_STATE_UNSPECIFIED,,,GOOGLE_CANONICAL_ABSENT,,0,,0,,no,UNKNOWN,,200,,,,,,,,
https://funnytools.win/guides/pie-chart-percentage-guide/,zh-TW,zh,guide,drawing,sitemap-guides.xml,2026-08-27,17,200 live verified,yes,34,4,2,1434,1401,0.9769874476987448,,圓餅圖怎麼做才不誤導？百分比、總和100%、類別數與標示完整指南｜FunnyTools,,,,0,,,,KEEP,low,Unknown,no,unknown,unknown,2026-09-13T08:35:27.608Z,https://search.google.com/search-console/inspect?resource_id=sc-domain:funnytools.win&id=ch7BviRcMY9X84Wtn8zKYg&utm_medium=link&utm_source=api,NEUTRAL,Google 無法辨識的網址,ROBOTS_TXT_STATE_UNSPECIFIED,INDEXING_STATE_UNSPECIFIED,,0,never crawled,PAGE_FETCH_STATE_UNSPECIFIED,,,GOOGLE_CANONICAL_ABSENT,,0,,0,,no,UNKNOWN,,200,,,,,,,,
https://funnytools.win/guides/png-to-jpg-transparency-background/,zh-TW,zh,guide,image,sitemap-guides.xml,2026-08-27,17,200 live verified,yes,34,5,2,1612,1577,0.978287841191067,,PNG 轉 JPG 為什麼透明背景消失、變白或變黑？完整原因與正確轉檔指南｜FunnyTools,,,,0,,,,KEEP,low,Unknown,no,unknown,unknown,2026-09-13T08:35:29.937Z,https://search.google.com/search-console/inspect?resource_id=sc-domain:funnytools.win&id=gi8CdqQRZgNoBHygln7Bxg&utm_medium=link&utm_source=api,NEUTRAL,Google 無法辨識的網址,ROBOTS_TXT_STATE_UNSPECIFIED,INDEXING_STATE_UNSPECIFIED,,0,never crawled,PAGE_FETCH_STATE_UNSPECIFIED,,,GOOGLE_CANONICAL_ABSENT,,0,,0,,no,UNKNOWN,,200,,,,,,,,
https://funnytools.win/guides/pomodoro-25-5-focus-interval-guide/,zh-TW,zh,guide,time,sitemap-guides.xml,2026-08-27,17,200 live verified,yes,34,5,2,1538,1508,0.9804941482444733,,Pomodoro 一定要25/5嗎？15/5、25/5、50/10 專注與休息區塊完整指南｜FunnyTools,,,,0,,,,KEEP,low,Unknown,no,unknown,unknown,2026-09-13T08:35:32.527Z,https://search.google.com/search-console/inspect?resource_id=sc-domain:funnytools.win&id=sjjbcNmheDm1HfBCZ3G4Gg&utm_medium=link&utm_source=api,NEUTRAL,Google 無法辨識的網址,ROBOTS_TXT_STATE_UNSPECIFIED,INDEXING_STATE_UNSPECIFIED,,0,never crawled,PAGE_FETCH_STATE_UNSPECIFIED,,,GOOGLE_CANONICAL_ABSENT,,0,,0,,no,UNKNOWN,,200,,,,,,,,
https://funnytools.win/guides/qr-barcode/,zh-TW,zh,guide,general,sitemap-guides.xml,2026-09-04,9,200 live verified,yes,44,12,2,1316,1289,0.979483282674772,,QR Code 與條碼完整指南中心｜掃描、印刷、Wi-Fi、EAN、UPC、Code 128｜FunnyTools,,,,0,,,,KEEP,low,Unknown,no,unknown,unknown,2026-09-13T08:35:34.712Z,https://search.google.com/search-console/inspect?resource_id=sc-domain:funnytools.win&id=givERTZVz-RPGVb-SvQexg&utm_medium=link&utm_source=api,NEUTRAL,Google 無法辨識的網址,ROBOTS_TXT_STATE_UNSPECIFIED,INDEXING_STATE_UNSPECIFIED,,0,never crawled,PAGE_FETCH_STATE_UNSPECIFIED,,,GOOGLE_CANONICAL_ABSENT,,0,,0,,no,UNKNOWN,,200,,,,,,,,
https://funnytools.win/guides/qr-code-accessible-fallback-guide/,zh-TW,zh,guide,general,sitemap-guides.xml,2026-09-03,10,200 live verified,yes,42,3,2,1614,1586,0.9826517967781908,,QR Code 之外要提供什麼？無障礙文字網址與替代入口 - FunnyTools,,,,0,,,,WAIT,low,Unknown,no,unknown,unknown,2026-09-13T08:35:37.130Z,https://search.google.com/search-console/inspect?resource_id=sc-domain:funnytools.win&id=b7oFgkFrGsNcMBMh65aUBw&utm_medium=link&utm_source=api,NEUTRAL,Google 無法辨識的網址,ROBOTS_TXT_STATE_UNSPECIFIED,INDEXING_STATE_UNSPECIFIED,,0,never crawled,PAGE_FETCH_STATE_UNSPECIFIED,,,GOOGLE_CANONICAL_ABSENT,,0,,0,,no,UNKNOWN,,200,,,,,,,,
https://funnytools.win/guides/qr-code-before-print-testing-guide/,zh-TW,zh,guide,general,sitemap-guides.xml,2026-09-02,11,200 live verified,yes,40,12,2,1543,1516,0.9825016202203499,,QR Code 列印前怎麼測試？連結、尺寸與備援檢查清單 - FunnyTools,,,,0,,,,WAIT,low,Unknown,no,unknown,unknown,2026-09-13T08:35:39.600Z,https://search.google.com/search-console/inspect?resource_id=sc-domain:funnytools.win&id=v0L_TU5SMjjBx2xRvU8cVg&utm_medium=link&utm_source=api,NEUTRAL,Google 無法辨識的網址,ROBOTS_TXT_STATE_UNSPECIFIED,INDEXING_STATE_UNSPECIFIED,,0,never crawled,PAGE_FETCH_STATE_UNSPECIFIED,,,GOOGLE_CANONICAL_ABSENT,,0,,0,,no,UNKNOWN,,200,,,,,,,,
https://funnytools.win/guides/qr-code-classroom-guide/,zh-TW,zh,guide,general,sitemap-guides.xml,2026-07-22,53,200 live verified,yes,41,7,2,1283,1251,0.9750584567420109,,教室 QR Code 的 12 種實用玩法：尺寸公式、容錯等級與安全檢查表 - FunnyTools,,,,0,,,,KEEP,low,Unknown,no,unknown,unknown,2026-09-13T08:35:41.691Z,https://search.google.com/search-console/inspect?resource_id=sc-domain:funnytools.win&id=s-0PGnpXq71AcWzjy_DY0A&utm_medium=link&utm_source=api,NEUTRAL,Google 無法辨識的網址,ROBOTS_TXT_STATE_UNSPECIFIED,INDEXING_STATE_UNSPECIFIED,,0,never crawled,PAGE_FETCH_STATE_UNSPECIFIED,,,GOOGLE_CANONICAL_ABSENT,,0,,0,,no,UNKNOWN,,200,,,,,,,,
https://funnytools.win/guides/qr-code-destination-change-log-guide/,zh-TW,zh,guide,general,sitemap-guides.xml,2026-09-03,10,200 live verified,yes,42,4,2,1636,1608,0.9828850855745721,,QR Code 換網址要重印嗎？目的地變更與版本記錄流程 - FunnyTools,,,,1,0.812,0.728,ADJACENT,WAIT,low,Unknown,no,unknown,unknown,2026-09-13T08:35:44.317Z,https://search.google.com/search-console/inspect?resource_id=sc-domain:funnytools.win&id=R7P-AkB2haV3GdGL7KfnKg&utm_medium=link&utm_source=api,NEUTRAL,Google 無法辨識的網址,ROBOTS_TXT_STATE_UNSPECIFIED,INDEXING_STATE_UNSPECIFIED,,0,never crawled,PAGE_FETCH_STATE_UNSPECIFIED,,,GOOGLE_CANONICAL_ABSENT,,0,,0,,no,UNKNOWN,,200,,,,,,,,
https://funnytools.win/guides/qr-code-event-page-expiry-guide/,zh-TW,zh,guide,general,sitemap-guides.xml,2026-09-03,10,200 live verified,yes,42,7,2,1597,1572,0.9843456480901691,,活動 QR Code 到期怎麼辦？網址失效與更新流程 - FunnyTools,,,,1,0.812,0.728,ADJACENT,WAIT,low,Unknown,no,unknown,unknown,2026-09-13T08:35:46.715Z,https://search.google.com/search-console/inspect?resource_id=sc-domain:funnytools.win&id=wxgJJ1EaGOWHARST8JaYzA&utm_medium=link&utm_source=api,NEUTRAL,Google 無法辨識的網址,ROBOTS_TXT_STATE_UNSPECIFIED,INDEXING_STATE_UNSPECIFIED,,0,never crawled,PAGE_FETCH_STATE_UNSPECIFIED,,,GOOGLE_CANONICAL_ABSENT,,0,,0,,no,UNKNOWN,,200,,,,,,,,
https://funnytools.win/guides/qr-code-mobile-landing-page-guide/,zh-TW,zh,guide,general,sitemap-guides.xml,2026-09-03,10,200 live verified,yes,38,11,2,1399,1370,0.9792709077912795,,QR Code 掃描後頁面怎麼設計？手機操作、語言與備援清單 - FunnyTools,,,,1,0.807,0.747,ADJACENT,WAIT,low,Unknown,no,unknown,unknown,2026-09-13T08:35:48.799Z,https://search.google.com/search-console/inspect?resource_id=sc-domain:funnytools.win&id=03fDPWqFhrcBZWjPJbNABA&utm_medium=link&utm_source=api,NEUTRAL,Google 無法辨識的網址,ROBOTS_TXT_STATE_UNSPECIFIED,INDEXING_STATE_UNSPECIFIED,,0,never crawled,PAGE_FETCH_STATE_UNSPECIFIED,,,GOOGLE_CANONICAL_ABSENT,,0,,0,,no,UNKNOWN,,200,,,,,,,,
https://funnytools.win/guides/qr-code-multi-placement-consistency-guide/,zh-TW,zh,guide,general,sitemap-guides.xml,2026-09-03,10,200 live verified,yes,42,2,2,1601,1574,0.9831355402873204,,海報、收據、社群的 QR Code 怎麼統一？多版位驗收清單 - FunnyTools,,,,0,,,,WAIT,low,Unknown,no,unknown,unknown,2026-09-13T08:35:51.317Z,https://search.google.com/search-console/inspect?resource_id=sc-domain:funnytools.win&id=j1l-OUyUfZGtl-oH5-J5Cg&utm_medium=link&utm_source=api,NEUTRAL,Google 無法辨識的網址,ROBOTS_TXT_STATE_UNSPECIFIED,INDEXING_STATE_UNSPECIFIED,,0,never crawled,PAGE_FETCH_STATE_UNSPECIFIED,,,GOOGLE_CANONICAL_ABSENT,,0,,0,,no,UNKNOWN,,200,,,,,,,,
https://funnytools.win/guides/qr-code-multilingual-switch-testing-guide/,zh-TW,zh,guide,general,sitemap-guides.xml,2026-09-03,10,200 live verified,yes,42,4,2,1624,1600,0.9852216748768473,,多語 QR Code 怎麼測試？語言切換與備援流程 - FunnyTools,,,,1,0.807,0.747,ADJACENT,WAIT,low,Unknown,no,unknown,unknown,2026-09-13T08:35:53.755Z,https://search.google.com/search-console/inspect?resource_id=sc-domain:funnytools.win&id=l66vyeDFRLbJb7AFUoQTCg&utm_medium=link&utm_source=api,NEUTRAL,Google 無法辨識的網址,ROBOTS_TXT_STATE_UNSPECIFIED,INDEXING_STATE_UNSPECIFIED,,0,never crawled,PAGE_FETCH_STATE_UNSPECIFIED,,,GOOGLE_CANONICAL_ABSENT,,0,,0,,no,UNKNOWN,,200,,,,,,,,
https://funnytools.win/guides/qr-code-not-scanning-print-guide/,zh-TW,zh,guide,general,sitemap-guides.xml,2026-08-27,17,200 live verified,yes,34,7,2,1191,1160,0.9739714525608733,,QR Code 掃不到怎麼辦？尺寸、留白、對比、Logo、印刷與反光完整排查｜FunnyTools,,,,0,,,,KEEP,low,Unknown,no,unknown,unknown,2026-09-13T08:35:55.908Z,https://search.google.com/search-console/inspect?resource_id=sc-domain:funnytools.win&id=aHd1jD3wTW2wTA-MkaC_WQ&utm_medium=link&utm_source=api,NEUTRAL,Google 無法辨識的網址,ROBOTS_TXT_STATE_UNSPECIFIED,INDEXING_STATE_UNSPECIFIED,,0,never crawled,PAGE_FETCH_STATE_UNSPECIFIED,,,GOOGLE_CANONICAL_ABSENT,,0,,0,,no,UNKNOWN,,200,,,,,,,,
https://funnytools.win/guides/qr-code-payload-length-guide/,zh-TW,zh,guide,general,sitemap-guides.xml,2026-09-03,10,200 live verified,yes,40,6,2,1459,1431,0.9808087731322824,,QR Code 可以放多少文字？網址、Unicode 與內容密度怎麼取捨 - FunnyTools,,,,0,,,,WAIT,low,Unknown,no,unknown,unknown,2026-09-13T08:35:58.275Z,https://search.google.com/search-console/inspect?resource_id=sc-domain:funnytools.win&id=GcU4-5OyFqSBG-xVnpKz_g&utm_medium=link&utm_source=api,NEUTRAL,Google 無法辨識的網址,ROBOTS_TXT_STATE_UNSPECIFIED,INDEXING_STATE_UNSPECIFIED,,0,never crawled,PAGE_FETCH_STATE_UNSPECIFIED,,,GOOGLE_CANONICAL_ABSENT,,0,,0,,no,UNKNOWN,,200,,,,,,,,
https://funnytools.win/guides/qr-code-phishing-security-guide/,zh-TW,zh,guide,security,sitemap-guides.xml,2026-08-27,17,200 live verified,yes,34,7,2,1120,1091,0.9741071428571428,,QR Code 安全嗎？Quishing、假網址、貼紙覆蓋與掃碼詐騙完整指南｜FunnyTools,,,,0,,,,KEEP,low,Unknown,no,unknown,unknown,2026-09-13T08:36:10.052Z,https://search.google.com/search-console/inspect?resource_id=sc-domain:funnytools.win&id=6lDsE-NnxNR2wu3J1XFzBQ&utm_medium=link&utm_source=api,NEUTRAL,Google 無法辨識的網址,ROBOTS_TXT_STATE_UNSPECIFIED,INDEXING_STATE_UNSPECIFIED,,0,never crawled,PAGE_FETCH_STATE_UNSPECIFIED,,,GOOGLE_CANONICAL_ABSENT,,0,,0,,no,UNKNOWN,,200,,,,,,,,
https://funnytools.win/guides/qr-code-scan-failure-field-troubleshooting-guide/,zh-TW,zh,guide,general,sitemap-guides.xml,2026-09-03,10,200 live verified,yes,42,3,2,1652,1624,0.9830508474576272,,QR Code 現場掃不到怎麼辦？光線、距離與網址排查順序 - FunnyTools,,,,0,,,,WAIT,low,Unknown,no,unknown,unknown,2026-09-13T08:36:03.181Z,https://search.google.com/search-console/inspect?resource_id=sc-domain:funnytools.win&id=R8bNuk94HBREjESnZd5YSg&utm_medium=link&utm_source=api,NEUTRAL,Google 無法辨識的網址,ROBOTS_TXT_STATE_UNSPECIFIED,INDEXING_STATE_UNSPECIFIED,,0,never crawled,PAGE_FETCH_STATE_UNSPECIFIED,,,GOOGLE_CANONICAL_ABSENT,,0,,0,,no,UNKNOWN,,200,,,,,,,,
https://funnytools.win/guides/qr-code-utm-campaign-link-guide/,zh-TW,zh,guide,general,sitemap-guides.xml,2026-09-03,10,200 live verified,yes,41,5,2,1577,1552,0.984147114774889,,QR Code 怎麼追蹤活動成效？UTM 連結命名與驗收 - FunnyTools,,,,0,,,,WAIT,low,Unknown,no,unknown,unknown,2026-09-13T08:36:05.722Z,https://search.google.com/search-console/inspect?resource_id=sc-domain:funnytools.win&id=h04n0ADvnw3nY5N2QwyMeQ&utm_medium=link&utm_source=api,NEUTRAL,Google 無法辨識的網址,ROBOTS_TXT_STATE_UNSPECIFIED,INDEXING_STATE_UNSPECIFIED,,0,never crawled,PAGE_FETCH_STATE_UNSPECIFIED,,,GOOGLE_CANONICAL_ABSENT,,0,,0,,no,UNKNOWN,,200,,,,,,,,
https://funnytools.win/guides/qr-code-vs-barcode-guide/,zh-TW,zh,guide,general,sitemap-guides.xml,2026-08-27,17,200 live verified,yes,34,6,2,1157,1122,0.9697493517718236,,QR Code vs Barcode 差在哪？一維條碼、手機掃描、網址、庫存與商品用途完整比較｜FunnyTools,,,,0,,,,KEEP,low,Unknown,no,unknown,unknown,2026-09-13T08:36:10.389Z,https://search.google.com/search-console/inspect?resource_id=sc-domain:funnytools.win&id=duw4L2fT3r4DWAjGfLUsWA&utm_medium=link&utm_source=api,NEUTRAL,Google 無法辨識的網址,ROBOTS_TXT_STATE_UNSPECIFIED,INDEXING_STATE_UNSPECIFIED,,0,never crawled,PAGE_FETCH_STATE_UNSPECIFIED,,,GOOGLE_CANONICAL_ABSENT,,0,,0,,no,UNKNOWN,,200,,,,,,,,
https://funnytools.win/guides/qr-error-correction-logo-guide/,zh-TW,zh,guide,general,sitemap-guides.xml,2026-08-27,17,200 live verified,yes,34,4,2,1116,1089,0.9758064516129032,,QR Code 容錯 L M Q H 怎麼選？Logo、7% 15% 25% 30% 完整指南｜FunnyTools,,,,0,,,,KEEP,low,Unknown,no,unknown,unknown,2026-09-13T08:36:12.708Z,https://search.google.com/search-console/inspect?resource_id=sc-domain:funnytools.win&id=b-hcgUAeOhRjPRCKDVUeIQ&utm_medium=link&utm_source=api,NEUTRAL,Google 無法辨識的網址,ROBOTS_TXT_STATE_UNSPECIFIED,INDEXING_STATE_UNSPECIFIED,,0,never crawled,PAGE_FETCH_STATE_UNSPECIFIED,,,GOOGLE_CANONICAL_ABSENT,,0,,0,,no,UNKNOWN,,200,,,,,,,,
https://funnytools.win/guides/r-squared-adjusted-r-squared/,zh-TW,zh,guide,general,sitemap-guides.xml,2026-08-27,17,200 live verified,yes,36,3,2,2189,2159,0.9862951119232526,,R² 與 Adjusted R² 怎麼看？迴歸解釋力、公式與常見誤解完整指南｜FunnyTools,,,,0,,,,KEEP,low,Unknown,no,unknown,unknown,2026-09-13T08:36:17.005Z,https://search.google.com/search-console/inspect?resource_id=sc-domain:funnytools.win&id=lRNFZ_Ewbazens4awMsyLA&utm_medium=link&utm_source=api,NEUTRAL,Google 無法辨識的網址,ROBOTS_TXT_STATE_UNSPECIFIED,INDEXING_STATE_UNSPECIFIED,,0,never crawled,PAGE_FETCH_STATE_UNSPECIFIED,,,GOOGLE_CANONICAL_ABSENT,,0,,0,,no,UNKNOWN,,200,,,,,,,,
https://funnytools.win/guides/random-password-length-security-guide/,zh-TW,zh,guide,random,sitemap-guides.xml,2026-08-27,17,200 live verified,yes,34,6,2,1451,1416,0.9758787043418332,,密碼要幾碼才安全？隨機密碼長度、NIST新規則、特殊字元與重複使用完整指南｜FunnyTools,,,,0,,,,KEEP,low,Unknown,no,unknown,unknown,2026-09-13T08:36:17.367Z,https://search.google.com/search-console/inspect?resource_id=sc-domain:funnytools.win&id=UyR7IafjeRL-Wn4Vo-vscQ&utm_medium=link&utm_source=api,NEUTRAL,Google 無法辨識的網址,ROBOTS_TXT_STATE_UNSPECIFIED,INDEXING_STATE_UNSPECIFIED,,0,never crawled,PAGE_FETCH_STATE_UNSPECIFIED,,,GOOGLE_CANONICAL_ABSENT,,0,,0,,no,UNKNOWN,,200,,,,,,,,
https://funnytools.win/guides/random-sampling-with-without-replacement/,zh-TW,zh,guide,random,sitemap-guides.xml,2026-08-27,17,200 live verified,yes,34,5,2,1357,1324,0.9756816507000737,,抽後放回 vs 不放回差在哪？隨機抽樣、重複中選與機率完整指南｜FunnyTools,,,,0,,,,KEEP,low,Unknown,no,unknown,unknown,2026-09-13T08:36:20.279Z,https://search.google.com/search-console/inspect?resource_id=sc-domain:funnytools.win&id=gd4qnEJ3aR8Ysva3qKBkRA&utm_medium=link&utm_source=api,NEUTRAL,Google 無法辨識的網址,ROBOTS_TXT_STATE_UNSPECIFIED,INDEXING_STATE_UNSPECIFIED,,0,never crawled,PAGE_FETCH_STATE_UNSPECIFIED,,,GOOGLE_CANONICAL_ABSENT,,0,,0,,no,UNKNOWN,,200,,,,,,,,
https://funnytools.win/guides/reading-time-estimate-guide/,zh-TW,zh,guide,time,sitemap-guides.xml,2026-08-27,17,200 live verified,yes,31,3,2,1507,1473,0.9774386197743862,,閱讀時間怎麼算？每分鐘字數、中文與英文速度、混合文章估算指南｜FunnyTools,,,,0,,,,WAIT,low,Unknown,no,unknown,unknown,2026-09-13T08:36:24.164Z,https://search.google.com/search-console/inspect?resource_id=sc-domain:funnytools.win&id=V64weZkLVvwcWsirPKzObg&utm_medium=link&utm_source=api,NEUTRAL,Google 無法辨識的網址,ROBOTS_TXT_STATE_UNSPECIFIED,INDEXING_STATE_UNSPECIFIED,,0,never crawled,PAGE_FETCH_STATE_UNSPECIFIED,,,GOOGLE_CANONICAL_ABSENT,,0,,0,,no,UNKNOWN,,200,,,,,,,,
https://funnytools.win/guides/rejection-sampling-modulo-bias-guide/,zh-TW,zh,guide,general,sitemap-guides.xml,2026-08-27,17,200 live verified,yes,34,8,2,1157,1129,0.975799481417459,,Modulo Bias 是什麼？取餘數偏差、Rejection Sampling 與均勻亂數完整指南｜FunnyTools,,,,0,,,,KEEP,low,Unknown,no,unknown,unknown,2026-09-13T08:36:24.840Z,https://search.google.com/search-console/inspect?resource_id=sc-domain:funnytools.win&id=gQSBm0HCojQpa6jTc8Un4Q&utm_medium=link&utm_source=api,NEUTRAL,Google 無法辨識的網址,ROBOTS_TXT_STATE_UNSPECIFIED,INDEXING_STATE_UNSPECIFIED,,0,never crawled,PAGE_FETCH_STATE_UNSPECIFIED,,,GOOGLE_CANONICAL_ABSENT,,0,,0,,no,UNKNOWN,,200,,,,,,,,
https://funnytools.win/guides/remove-duplicate-lines-guide/,zh-TW,zh,guide,text,sitemap-guides.xml,2026-08-27,17,200 live verified,yes,34,3,2,1620,1582,0.9765432098765432,,文字重複怎麼去除？名單去重、大小寫、空白、保留第一筆與近似重複完整指南｜FunnyTools,,,,0,,,,KEEP,low,Unknown,no,unknown,unknown,2026-09-13T08:36:27.274Z,https://search.google.com/search-console/inspect?resource_id=sc-domain:funnytools.win&id=frd3f3ymRjfODLkVixDCzA&utm_medium=link&utm_source=api,NEUTRAL,Google 無法辨識的網址,ROBOTS_TXT_STATE_UNSPECIFIED,INDEXING_STATE_UNSPECIFIED,,0,never crawled,PAGE_FETCH_STATE_UNSPECIFIED,,,GOOGLE_CANONICAL_ABSENT,,0,,0,,no,UNKNOWN,,200,,,,,,,,
https://funnytools.win/guides/reorder-rotate-pdf-pages/,zh-TW,zh,guide,pdf,sitemap-guides.xml,2026-08-27,17,200 live verified,yes,35,4,2,2097,2065,0.9847401049117788,,PDF 頁面順序錯誤、倒轉、橫向怎麼辦？重新排序與旋轉完整指南｜FunnyTools,,,,0,,,,KEEP,low,Unknown,no,unknown,unknown,2026-09-13T08:36:31.126Z,https://search.google.com/search-console/inspect?resource_id=sc-domain:funnytools.win&id=lqg4zWXT-9_IsVxYmISGqg&utm_medium=link&utm_source=api,NEUTRAL,Google 無法辨識的網址,ROBOTS_TXT_STATE_UNSPECIFIED,INDEXING_STATE_UNSPECIFIED,,0,never crawled,PAGE_FETCH_STATE_UNSPECIFIED,,,GOOGLE_CANONICAL_ABSENT,,0,,0,,no,UNKNOWN,,200,,,,,,,,
https://funnytools.win/guides/resize-image-without-distortion/,zh-TW,zh,guide,image,sitemap-guides.xml,2026-08-27,17,200 live verified,yes,34,4,2,1395,1359,0.9741935483870968,,圖片尺寸怎麼改才不變形？像素、長寬比、比例鎖定與放大模糊完整指南｜FunnyTools,,,,0,,,,KEEP,low,Unknown,no,unknown,unknown,2026-09-13T08:36:31.785Z,https://search.google.com/search-console/inspect?resource_id=sc-domain:funnytools.win&id=NzS8LzER-hn6IXiFOoEASg&utm_medium=link&utm_source=api,NEUTRAL,Google 無法辨識的網址,ROBOTS_TXT_STATE_UNSPECIFIED,INDEXING_STATE_UNSPECIFIED,,0,never crawled,PAGE_FETCH_STATE_UNSPECIFIED,,,GOOGLE_CANONICAL_ABSENT,,0,,0,,no,UNKNOWN,,200,,,,,,,,
https://funnytools.win/guides/scanned-pdf-searchable-ocr-guide/,zh-TW,zh,guide,pdf,sitemap-guides.xml,2026-08-27,17,200 live verified,yes,36,2,2,2264,2235,0.9871908127208481,,掃描 PDF 不能搜尋、複製文字怎麼辦？OCR 與 Searchable PDF 完整指南｜FunnyTools,,,,0,,,,KEEP,low,Unknown,no,unknown,unknown,2026-09-13T08:36:34.880Z,https://search.google.com/search-console/inspect?resource_id=sc-domain:funnytools.win&id=Ws0ndxkvAkfSc0XQYH-n-Q&utm_medium=link&utm_source=api,NEUTRAL,Google 無法辨識的網址,ROBOTS_TXT_STATE_UNSPECIFIED,INDEXING_STATE_UNSPECIFIED,,0,never crawled,PAGE_FETCH_STATE_UNSPECIFIED,,,GOOGLE_CANONICAL_ABSENT,,0,,0,,no,UNKNOWN,,200,,,,,,,,
https://funnytools.win/guides/seating-chart-changeover-routine-guide/,zh-TW,zh,guide,drawing,sitemap-guides.xml,2026-09-03,10,200 live verified,yes,41,4,2,1556,1525,0.9800771208226221,,換座位怎麼不混亂？座位表公告、標記、動線與課後檢查流程 - FunnyTools,,,,1,0.827,0.755,ADJACENT,WAIT,low,Unknown,no,unknown,unknown,2026-09-13T08:36:38.235Z,https://search.google.com/search-console/inspect?resource_id=sc-domain:funnytools.win&id=CdUdrO-OyoS_DcMkTrg3Mw&utm_medium=link&utm_source=api,NEUTRAL,Google 無法辨識的網址,ROBOTS_TXT_STATE_UNSPECIFIED,INDEXING_STATE_UNSPECIFIED,,0,never crawled,PAGE_FETCH_STATE_UNSPECIFIED,,,GOOGLE_CANONICAL_ABSENT,,0,,0,,no,UNKNOWN,,200,,,,,,,,
https://funnytools.win/guides/seating-chart-student-needs-intake-guide/,zh-TW,zh,guide,drawing,sitemap-guides.xml,2026-09-03,10,200 live verified,yes,41,6,2,1684,1654,0.982185273159145,,排座位表前要收集什麼？視線、動線、專注與隱私需求清單 - FunnyTools,,,,1,0.827,0.755,ADJACENT,WAIT,low,Unknown,no,unknown,unknown,2026-09-13T08:36:38.722Z,https://search.google.com/search-console/inspect?resource_id=sc-domain:funnytools.win&id=6L-41rbl-xMVpXz_aVNpSA&utm_medium=link&utm_source=api,NEUTRAL,Google 無法辨識的網址,ROBOTS_TXT_STATE_UNSPECIFIED,INDEXING_STATE_UNSPECIFIED,,0,never crawled,PAGE_FETCH_STATE_UNSPECIFIED,,,GOOGLE_CANONICAL_ABSENT,,0,,0,,no,UNKNOWN,,200,,,,,,,,
https://funnytools.win/guides/secure-random-vs-math-random-guide/,zh-TW,zh,guide,random,sitemap-guides.xml,2026-08-27,17,200 live verified,yes,34,11,2,1567,1539,0.9821314613911933,,亂數真的隨機嗎？Web Crypto、CSPRNG、Math.random 與安全亂數完整指南｜FunnyTools,,,,0,,,,KEEP,low,Unknown,no,unknown,unknown,2026-09-13T08:36:42.232Z,https://search.google.com/search-console/inspect?resource_id=sc-domain:funnytools.win&id=LKuEuu2WBXe7m6tBFXT2tg&utm_medium=link&utm_source=api,NEUTRAL,Google 無法辨識的網址,ROBOTS_TXT_STATE_UNSPECIFIED,INDEXING_STATE_UNSPECIFIED,,0,never crawled,PAGE_FETCH_STATE_UNSPECIFIED,,,GOOGLE_CANONICAL_ABSENT,,0,,0,,no,UNKNOWN,,200,,,,,,,,
https://funnytools.win/guides/semester-vs-cumulative-gpa-guide/,zh-TW,zh,guide,statistics,sitemap-guides.xml,2026-08-27,17,200 live verified,yes,35,6,2,1255,1225,0.9760956175298805,,學期 GPA vs 累積 GPA 怎麼算？為什麼不能直接平均每學期 GPA｜FunnyTools,,,,0,,,,KEEP,low,Unknown,no,unknown,unknown,2026-09-13T08:36:45.224Z,https://search.google.com/search-console/inspect?resource_id=sc-domain:funnytools.win&id=jiUCcjkcFu2s2LdSzsXZ2A&utm_medium=link&utm_source=api,NEUTRAL,Google 無法辨識的網址,ROBOTS_TXT_STATE_UNSPECIFIED,INDEXING_STATE_UNSPECIFIED,,0,never crawled,PAGE_FETCH_STATE_UNSPECIFIED,,,GOOGLE_CANONICAL_ABSENT,,0,,0,,no,UNKNOWN,,200,,,,,,,,
https://funnytools.win/guides/shapiro-wilk-normality-test/,zh-TW,zh,guide,general,sitemap-guides.xml,2026-08-27,17,200 live verified,yes,37,4,2,2573,2543,0.9883404586086281,,Shapiro–Wilk 常態性檢定怎麼看？p<.05、Q-Q Plot 與常態假設完整指南｜FunnyTools,,,,0,,,,KEEP,low,Unknown,no,unknown,unknown,2026-09-13T08:36:45.667Z,https://search.google.com/search-console/inspect?resource_id=sc-domain:funnytools.win&id=vlWZdsTtTO5l8LbgNStQOQ&utm_medium=link&utm_source=api,NEUTRAL,Google 無法辨識的網址,ROBOTS_TXT_STATE_UNSPECIFIED,INDEXING_STATE_UNSPECIFIED,,0,never crawled,PAGE_FETCH_STATE_UNSPECIFIED,,,GOOGLE_CANONICAL_ABSENT,,0,,0,,no,UNKNOWN,,200,,,,,,,,
https://funnytools.win/guides/split-pdf-output-naming-batch-delivery-guide/,zh-TW,zh,guide,pdf,sitemap-guides.xml,2026-09-03,10,200 live verified,yes,42,3,2,1700,1673,0.9841176470588235,,拆分 PDF 後檔案太多怎麼整理？命名、資料夾與驗收 - FunnyTools,,,,0,,,,WAIT,low,Unknown,no,unknown,unknown,2026-09-13T08:36:49.162Z,https://search.google.com/search-console/inspect?resource_id=sc-domain:funnytools.win&id=SNGtMyaDSvhC1s0LWbN6cQ&utm_medium=link&utm_source=api,NEUTRAL,Google 無法辨識的網址,ROBOTS_TXT_STATE_UNSPECIFIED,INDEXING_STATE_UNSPECIFIED,,0,never crawled,PAGE_FETCH_STATE_UNSPECIFIED,,,GOOGLE_CANONICAL_ABSENT,,0,,0,,no,UNKNOWN,,200,,,,,,,,
https://funnytools.win/guides/split-pdf-page-range-planning-guide/,zh-TW,zh,guide,pdf,sitemap-guides.xml,2026-09-03,10,200 live verified,yes,42,8,2,1527,1503,0.9842829076620825,,PDF 怎麼分割頁碼？範圍、奇偶頁與檔案驗收 - FunnyTools,,,,4,0.847,0.719,ADJACENT; COMPLEMENTARY,WAIT,low,Unknown,no,unknown,unknown,2026-09-13T08:36:52.187Z,https://search.google.com/search-console/inspect?resource_id=sc-domain:funnytools.win&id=wv2wMuk_h_-myCkG_XLFDw&utm_medium=link&utm_source=api,NEUTRAL,Google 無法辨識的網址,ROBOTS_TXT_STATE_UNSPECIFIED,INDEXING_STATE_UNSPECIFIED,,0,never crawled,PAGE_FETCH_STATE_UNSPECIFIED,,,GOOGLE_CANONICAL_ABSENT,,0,,0,,no,UNKNOWN,,200,,,,,,,,
https://funnytools.win/guides/spss-levene-test-guide/,zh-TW,zh,guide,statistics,sitemap-guides.xml,2026-06-25,80,200 live verified,yes,43,12,1,1021,996,0.9755142017629774,,SPSS Levene 檢定怎麼看？獨立樣本 t 檢定讀哪一列 - FunnyTools,,,,0,,,,KEEP,low,Crawled Not Indexed,yes,yes,no,2026-09-13T08:36:52.577Z,https://search.google.com/search-console/inspect?resource_id=sc-domain:funnytools.win&id=uk-esgY76SEW_ljowzbGcA&utm_medium=link&utm_source=api,NEUTRAL,已檢索 - 目前尚未建立索引,ALLOWED,INDEXING_ALLOWED,2026-08-23T22:29:42Z,20,15–30 days,SUCCESSFUL,https://funnytools.win/guides/spss-levene-test-guide/,https://funnytools.win/guides/spss-levene-test-guide/,SELF_MATCH,MOBILE,0,,1,https://funnytools.win/,no,UNKNOWN,,200,,,,,0,5,0,24.4
https://funnytools.win/guides/standard-deviation-vs-standard-error/,zh-TW,zh,guide,general,sitemap-guides.xml,2026-08-27,17,200 live verified,yes,37,6,2,2323,2293,0.9870856650882479,,標準差 SD 與標準誤 SE 差在哪？公式、用途與 Error Bar 完整比較｜FunnyTools,,,,0,,,,KEEP,low,Unknown,no,unknown,unknown,2026-09-13T08:36:56.118Z,https://search.google.com/search-console/inspect?resource_id=sc-domain:funnytools.win&id=wzp1msXbnHFlI7VTvMBCcw&utm_medium=link&utm_source=api,NEUTRAL,Google 無法辨識的網址,ROBOTS_TXT_STATE_UNSPECIFIED,INDEXING_STATE_UNSPECIFIED,,0,never crawled,PAGE_FETCH_STATE_UNSPECIFIED,,,GOOGLE_CANONICAL_ABSENT,,0,,0,,no,UNKNOWN,,200,,,,,,,,
https://funnytools.win/guides/static-vs-dynamic-qr-code-guide/,zh-TW,zh,guide,general,sitemap-guides.xml,2026-08-27,17,200 live verified,yes,34,9,1,1180,1146,0.9711864406779661,,Static vs Dynamic QR Code 差在哪？能不能改網址、追蹤掃描與失效風險完整指南｜FunnyTools,,,,0,,,,KEEP,low,Unknown,no,unknown,unknown,2026-09-13T08:36:59.489Z,https://search.google.com/search-console/inspect?resource_id=sc-domain:funnytools.win&id=gSod_WVkbVLeWnyL8ZYd7w&utm_medium=link&utm_source=api,NEUTRAL,Google 無法辨識的網址,ROBOTS_TXT_STATE_UNSPECIFIED,INDEXING_STATE_UNSPECIFIED,,0,never crawled,PAGE_FETCH_STATE_UNSPECIFIED,,,GOOGLE_CANONICAL_ABSENT,,0,,0,,no,UNKNOWN,,200,,,,,,,,
https://funnytools.win/guides/statistical-test-selection/,zh-TW,zh,guide,statistics,sitemap-guides.xml,2026-08-27,17,200 live verified,yes,37,10,2,3071,3043,0.9908824487137741,,統計方法怎麼選？t 檢定、ANOVA、卡方、相關、迴歸選擇指南｜FunnyTools,,,,0,,,,KEEP,low,Unknown,no,unknown,unknown,2026-09-13T08:36:59.638Z,https://search.google.com/search-console/inspect?resource_id=sc-domain:funnytools.win&id=lX8he0AzgHs91waYuJDYCg&utm_medium=link&utm_source=api,NEUTRAL,Google 無法辨識的網址,ROBOTS_TXT_STATE_UNSPECIFIED,INDEXING_STATE_UNSPECIFIED,,0,never crawled,PAGE_FETCH_STATE_UNSPECIFIED,,,GOOGLE_CANONICAL_ABSENT,,0,,0,,no,UNKNOWN,,200,,,,,,,,
https://funnytools.win/guides/statistical-vs-practical-significance/,zh-TW,zh,guide,statistics,sitemap-guides.xml,2026-08-27,17,200 live verified,yes,38,2,2,2130,2098,0.9849765258215962,,統計顯著 vs 實務顯著差在哪？p值、效果量與研究意義完整指南｜FunnyTools,,,,0,,,,KEEP,low,Unknown,no,unknown,unknown,2026-09-13T08:37:03.031Z,https://search.google.com/search-console/inspect?resource_id=sc-domain:funnytools.win&id=Zt3wQk23EFWliAWepr5DQQ&utm_medium=link&utm_source=api,NEUTRAL,Google 無法辨識的網址,ROBOTS_TXT_STATE_UNSPECIFIED,INDEXING_STATE_UNSPECIFIED,,0,never crawled,PAGE_FETCH_STATE_UNSPECIFIED,,,GOOGLE_CANONICAL_ABSENT,,0,,0,,no,UNKNOWN,,200,,,,,,,,
https://funnytools.win/guides/svg-vs-png-diagram-export/,zh-TW,zh,guide,image,sitemap-guides.xml,2026-08-27,17,200 live verified,yes,34,13,2,1055,1025,0.9715639810426541,,SVG vs PNG 怎麼選？流程圖、CAD、圖表、簡報與放大列印完整指南｜FunnyTools,,,,0,,,,KEEP,low,Unknown,no,unknown,unknown,2026-09-13T08:37:06.482Z,https://search.google.com/search-console/inspect?resource_id=sc-domain:funnytools.win&id=FcWcdQ7gX1uqhM9chLnhPQ&utm_medium=link&utm_source=api,NEUTRAL,Google 無法辨識的網址,ROBOTS_TXT_STATE_UNSPECIFIED,INDEXING_STATE_UNSPECIFIED,,0,never crawled,PAGE_FETCH_STATE_UNSPECIFIED,,,GOOGLE_CANONICAL_ABSENT,,0,,0,,no,UNKNOWN,,200,,,,,,,,
https://funnytools.win/guides/t-score-calculator-guide/,zh-TW,zh,guide,statistics,sitemap-guides.xml,2026-06-25,80,200 live verified,yes,45,38,1,1842,1831,0.994028230184582,,T分數換算怎麼算？公式、Z分數轉換與教師甄試解讀 - FunnyTools,,,,6,0.939,0.911,ADJACENT; COMPLEMENTARY,KEEP,high,Crawled Not Indexed,yes,yes,no,2026-09-13T08:37:06.850Z,https://search.google.com/search-console/inspect?resource_id=sc-domain:funnytools.win&id=WvnvvUpw0sV51GCCrMOa9Q&utm_medium=link&utm_source=api,NEUTRAL,已檢索 - 目前尚未建立索引,ALLOWED,INDEXING_ALLOWED,2026-08-25T02:23:20Z,19,15–30 days,SUCCESSFUL,https://funnytools.win/guides/t-score-calculator-guide/,https://funnytools.win/guides/t-score-calculator-guide/,SELF_MATCH,MOBILE,0,,1,https://funnytools.win/,no,UNKNOWN,,200,,,,,0,41,0,8.26829268292683
https://funnytools.win/guides/t-test-apa-format-guide/,zh-TW,zh,guide,general,sitemap-guides.xml,2026-06-25,80,200 live verified,yes,40,11,1,918,890,0.9694989106753813,,t 檢定 APA 7 怎麼寫？獨立樣本、配對樣本與 p 值格式 - FunnyTools,,,,1,0.805,0.578,UNKNOWN,IMPROVE,low,Crawled Not Indexed,yes,yes,no,2026-09-13T08:37:09.979Z,https://search.google.com/search-console/inspect?resource_id=sc-domain:funnytools.win&id=hB-vPA66O2eJKpd2UOnu4A&utm_medium=link&utm_source=api,NEUTRAL,已檢索 - 目前尚未建立索引,ALLOWED,INDEXING_ALLOWED,2026-08-13T15:51:13Z,30,15–30 days,SUCCESSFUL,https://funnytools.win/guides/t-test-apa-format-guide/,https://funnytools.win/guides/t-test-apa-format-guide/,SELF_MATCH,MOBILE,0,,1,https://funnytools.win/,no,UNKNOWN,,200,,,,,0,4,0,22.5
https://funnytools.win/guides/teacher-exam-weighted-score-guide/,zh-TW,zh,guide,statistics,sitemap-guides.xml,2026-06-25,80,200 live verified,yes,43,19,1,1049,1021,0.9733079122974261,,教師甄試加權成績怎麼算？筆試、試教、口試權重範例 - FunnyTools,,,,3,0.879,0.787,ADJACENT; COMPLEMENTARY,IMPROVE,low,Crawled Not Indexed,yes,yes,no,2026-09-13T08:37:13.408Z,https://search.google.com/search-console/inspect?resource_id=sc-domain:funnytools.win&id=_aKe2KTKmY62Lbcx8UO8dA&utm_medium=link&utm_source=api,NEUTRAL,已檢索 - 目前尚未建立索引,ALLOWED,INDEXING_ALLOWED,2026-08-29T02:38:32Z,15,15–30 days,SUCCESSFUL,https://funnytools.win/guides/teacher-exam-weighted-score-guide/,https://funnytools.win/guides/teacher-exam-weighted-score-guide/,SELF_MATCH,MOBILE,0,,2,https://funnytools.win/es/guias/calcular-nota-oposicion-docente/; https://funnytools.win/,no,UNKNOWN,,200,,,,,1,8,0.125,9.625
https://funnytools.win/guides/text-sort-alphabetical-numeric-length-guide/,zh-TW,zh,guide,general,sitemap-guides.xml,2026-08-27,17,200 live verified,yes,31,3,2,1280,1243,0.97109375,,文字排序為什麼1、10、3？字母排序、數字排序、長度排序與大小寫完整指南｜FunnyTools,,,,0,,,,WAIT,low,Unknown,no,unknown,unknown,2026-09-13T08:37:13.928Z,https://search.google.com/search-console/inspect?resource_id=sc-domain:funnytools.win&id=AUuX9fmx--I9zlgQ_zfI6A&utm_medium=link&utm_source=api,NEUTRAL,Google 無法辨識的網址,ROBOTS_TXT_STATE_UNSPECIFIED,INDEXING_STATE_UNSPECIFIED,,0,never crawled,PAGE_FETCH_STATE_UNSPECIFIED,,,GOOGLE_CANONICAL_ABSENT,,0,,0,,no,UNKNOWN,,200,,,,,,,,
https://funnytools.win/guides/text-writing/,zh-TW,zh,guide,general,sitemap-guides.xml,2026-09-04,9,200 live verified,yes,46,24,1,1356,1323,0.9756637168141593,,文字、字數與格式整理完整指南中心｜字元、UTF-8、閱讀時間與大小寫｜FunnyTools,,,,0,,,,KEEP,low,Unknown,no,unknown,unknown,2026-09-13T08:37:16.919Z,https://search.google.com/search-console/inspect?resource_id=sc-domain:funnytools.win&id=woLx2jZaWEAFpeFCQp-dgQ&utm_medium=link&utm_source=api,NEUTRAL,Google 無法辨識的網址,ROBOTS_TXT_STATE_UNSPECIFIED,INDEXING_STATE_UNSPECIFIED,,0,never crawled,PAGE_FETCH_STATE_UNSPECIFIED,,,GOOGLE_CANONICAL_ABSENT,,0,,0,,no,UNKNOWN,,200,,,,,,,,
https://funnytools.win/guides/title-case-vs-sentence-case-guide/,zh-TW,zh,guide,text,sitemap-guides.xml,2026-08-27,17,200 live verified,yes,31,5,2,1424,1397,0.9810393258426966,,Title Case vs Sentence case 差在哪？英文標題大小寫與風格指南｜FunnyTools,,,,0,,,,WAIT,low,Unknown,no,unknown,unknown,2026-09-13T08:37:20.343Z,https://search.google.com/search-console/inspect?resource_id=sc-domain:funnytools.win&id=diKYPOQ0uYOps3JFNo0Kug&utm_medium=link&utm_source=api,NEUTRAL,Google 無法辨識的網址,ROBOTS_TXT_STATE_UNSPECIFIED,INDEXING_STATE_UNSPECIFIED,,0,never crawled,PAGE_FETCH_STATE_UNSPECIFIED,,,GOOGLE_CANONICAL_ABSENT,,0,,0,,no,UNKNOWN,,200,,,,,,,,
https://funnytools.win/guides/two-way-anova-interaction-guide/,zh-TW,zh,guide,statistics,sitemap-guides.xml,2026-06-25,80,200 live verified,yes,41,8,2,1057,1027,0.9716177861873226,,二因子 ANOVA 交互作用怎麼解讀？主效果、簡單主效果與例子 - FunnyTools,,,,0,,,,KEEP,low,Unknown,no,unknown,unknown,2026-09-13T08:37:20.905Z,https://search.google.com/search-console/inspect?resource_id=sc-domain:funnytools.win&id=HzjVXW_rG5cmfppFfu63HA&utm_medium=link&utm_source=api,NEUTRAL,Google 無法辨識的網址,ROBOTS_TXT_STATE_UNSPECIFIED,INDEXING_STATE_UNSPECIFIED,,0,never crawled,PAGE_FETCH_STATE_UNSPECIFIED,,,GOOGLE_CANONICAL_ABSENT,,0,,0,,no,UNKNOWN,,200,,,,,,,,
https://funnytools.win/guides/unit-price-comparison-guide/,zh-TW,zh,guide,general,sitemap-guides.xml,2026-07-26,49,200 live verified,yes,36,3,2,1228,1196,0.9739413680781759,,單價怎麼比才準？大包裝迷思、湊折扣與單位陷阱的購物數學 - FunnyTools,,,,0,,,,KEEP,low,Unknown,no,unknown,unknown,2026-09-13T08:37:23.834Z,https://search.google.com/search-console/inspect?resource_id=sc-domain:funnytools.win&id=S-wx_kOJ_CxM_-8L5WiPqg&utm_medium=link&utm_source=api,NEUTRAL,Google 無法辨識的網址,ROBOTS_TXT_STATE_UNSPECIFIED,INDEXING_STATE_UNSPECIFIED,,0,never crawled,PAGE_FETCH_STATE_UNSPECIFIED,,,GOOGLE_CANONICAL_ABSENT,,0,,0,,no,UNKNOWN,,200,,,,,,,,
https://funnytools.win/guides/unix-timestamp-seconds-milliseconds-guide/,zh-TW,zh,guide,time,sitemap-guides.xml,2026-08-27,17,200 live verified,yes,34,6,2,1481,1462,0.9871708305199189,,Unix Timestamp 是什麼？10位秒、13位毫秒、UTC、時區與2038完整指南｜FunnyTools,,,,0,,,,KEEP,low,Unknown,no,unknown,unknown,2026-09-13T08:37:27.501Z,https://search.google.com/search-console/inspect?resource_id=sc-domain:funnytools.win&id=XTFzJNi6Bh43LPQaO2ry-w&utm_medium=link&utm_source=api,NEUTRAL,Google 無法辨識的網址,ROBOTS_TXT_STATE_UNSPECIFIED,INDEXING_STATE_UNSPECIFIED,,0,never crawled,PAGE_FETCH_STATE_UNSPECIFIED,,,GOOGLE_CANONICAL_ABSENT,,0,,0,,no,UNKNOWN,,200,,,,,,,,
https://funnytools.win/guides/url-encoding-percent-encoding-guide/,zh-TW,zh,guide,text,sitemap-guides.xml,2026-08-27,17,200 live verified,yes,34,5,2,1490,1465,0.9832214765100671,,URL 編碼是什麼？%20、+、%2F、中文網址與 encodeURIComponent 完整指南｜FunnyTools,,,,0,,,,KEEP,low,Unknown,no,unknown,unknown,2026-09-13T08:37:28.071Z,https://search.google.com/search-console/inspect?resource_id=sc-domain:funnytools.win&id=G8MIHcwGHoC3KiFZHRxAFA&utm_medium=link&utm_source=api,NEUTRAL,Google 無法辨識的網址,ROBOTS_TXT_STATE_UNSPECIFIED,INDEXING_STATE_UNSPECIFIED,,0,never crawled,PAGE_FETCH_STATE_UNSPECIFIED,,,GOOGLE_CANONICAL_ABSENT,,0,,0,,no,UNKNOWN,,200,,,,,,,,
https://funnytools.win/guides/utf8-bytes-vs-characters-guide/,zh-TW,zh,guide,text,sitemap-guides.xml,2026-08-27,17,200 live verified,yes,31,6,2,1444,1414,0.9792243767313019,,UTF-8 位元組 vs 字元數差在哪？中文、英文、Emoji 為什麼 bytes 不一樣｜FunnyTools,,,,0,,,,WAIT,low,Unknown,no,unknown,unknown,2026-09-13T08:37:30.972Z,https://search.google.com/search-console/inspect?resource_id=sc-domain:funnytools.win&id=6Pb731O-GxY2nKkaBdVmjw&utm_medium=link&utm_source=api,NEUTRAL,Google 無法辨識的網址,ROBOTS_TXT_STATE_UNSPECIFIED,INDEXING_STATE_UNSPECIFIED,,0,never crawled,PAGE_FETCH_STATE_UNSPECIFIED,,,GOOGLE_CANONICAL_ABSENT,,0,,0,,no,UNKNOWN,,200,,,,,,,,
https://funnytools.win/guides/uuid-v4-collision-probability-guide/,zh-TW,zh,guide,security,sitemap-guides.xml,2026-08-27,17,200 live verified,yes,34,6,2,1424,1395,0.9796348314606742,,UUID v4 會重複嗎？122位隨機、碰撞機率、Birthday Problem 與安全界線完整指南｜FunnyTools,,,,0,,,,KEEP,low,Unknown,no,unknown,unknown,2026-09-13T08:37:34.428Z,https://search.google.com/search-console/inspect?resource_id=sc-domain:funnytools.win&id=LIEwVxtxnfm575XHGNx7ug&utm_medium=link&utm_source=api,NEUTRAL,Google 無法辨識的網址,ROBOTS_TXT_STATE_UNSPECIFIED,INDEXING_STATE_UNSPECIFIED,,0,never crawled,PAGE_FETCH_STATE_UNSPECIFIED,,,GOOGLE_CANONICAL_ABSENT,,0,,0,,no,UNKNOWN,,200,,,,,,,,
https://funnytools.win/guides/uuid-v4-vs-v7-guide/,zh-TW,zh,guide,security,sitemap-guides.xml,2026-08-27,17,200 live verified,yes,34,3,2,1008,979,0.9712301587301587,,UUID v4 vs v7 差在哪？隨機ID、時間排序、資料庫索引與RFC 9562完整指南｜FunnyTools,,,,0,,,,KEEP,low,Unknown,no,unknown,unknown,2026-09-13T08:37:35.040Z,https://search.google.com/search-console/inspect?resource_id=sc-domain:funnytools.win&id=KTZExUK_SNJnIfUKjNpnDg&utm_medium=link&utm_source=api,NEUTRAL,Google 無法辨識的網址,ROBOTS_TXT_STATE_UNSPECIFIED,INDEXING_STATE_UNSPECIFIED,,0,never crawled,PAGE_FETCH_STATE_UNSPECIFIED,,,GOOGLE_CANONICAL_ABSENT,,0,,0,,no,UNKNOWN,,200,,,,,,,,
https://funnytools.win/guides/visual-schedule-slots-guide/,zh-TW,zh,guide,general,sitemap-guides.xml,2026-07-30,45,200 live verified,yes,36,3,2,1415,1380,0.9752650176678446,,兒童視覺日程表怎麼設計：年齡對應格數、圖卡選擇與常見失敗原因 - FunnyTools,,,,0,,,,KEEP,low,Unknown,no,unknown,unknown,2026-09-13T08:37:37.972Z,https://search.google.com/search-console/inspect?resource_id=sc-domain:funnytools.win&id=3ewKYUaLozOiyGy5tmB1uw&utm_medium=link&utm_source=api,NEUTRAL,Google 無法辨識的網址,ROBOTS_TXT_STATE_UNSPECIFIED,INDEXING_STATE_UNSPECIFIED,,0,never crawled,PAGE_FETCH_STATE_UNSPECIFIED,,,GOOGLE_CANONICAL_ABSENT,,0,,0,,no,UNKNOWN,,200,,,,,,,,
https://funnytools.win/guides/weighted-grade-weights-not-100-guide/,zh-TW,zh,guide,statistics,sitemap-guides.xml,2026-08-27,17,200 live verified,yes,34,9,1,1237,1200,0.9700889248181084,,成績權重加起來不是100%怎麼辦？目前平均、相對權重與缺漏項目完整指南｜FunnyTools,,,,0,,,,KEEP,low,Unknown,no,unknown,unknown,2026-09-13T08:37:41.664Z,https://search.google.com/search-console/inspect?resource_id=sc-domain:funnytools.win&id=KuTseOmFGYi5zAkhWhEu3g&utm_medium=link&utm_source=api,NEUTRAL,Google 無法辨識的網址,ROBOTS_TXT_STATE_UNSPECIFIED,INDEXING_STATE_UNSPECIFIED,,0,never crawled,PAGE_FETCH_STATE_UNSPECIFIED,,,GOOGLE_CANONICAL_ABSENT,,0,,0,,no,UNKNOWN,,200,,,,,,,,
https://funnytools.win/guides/wifi-qr-code-format-security-guide/,zh-TW,zh,guide,general,sitemap-guides.xml,2026-08-27,17,200 live verified,yes,34,3,2,1173,1145,0.9761295822676896,,Wi-Fi QR Code 怎麼做？WIFI:T:WPA 格式、SSID、密碼與安全完整指南｜FunnyTools,,,,0,,,,KEEP,low,Unknown,no,unknown,unknown,2026-09-13T08:37:41.989Z,https://search.google.com/search-console/inspect?resource_id=sc-domain:funnytools.win&id=GSpO38nRj7us0Ppk_04ARg&utm_medium=link&utm_source=api,NEUTRAL,Google 無法辨識的網址,ROBOTS_TXT_STATE_UNSPECIFIED,INDEXING_STATE_UNSPECIFIED,,0,never crawled,PAGE_FETCH_STATE_UNSPECIFIED,,,GOOGLE_CANONICAL_ABSENT,,0,,0,,no,UNKNOWN,,200,,,,,,,,
https://funnytools.win/guides/word-count-essay-limits-guide/,zh-TW,zh,guide,text,sitemap-guides.xml,2026-07-19,56,200 live verified,yes,41,6,2,1225,1196,0.976326530612245,,英文考試與申請文件字數怎麼算？IELTS、TOEFL、Common App 規則整理 - FunnyTools,,,,0,,,,KEEP,low,Unknown,no,unknown,unknown,2026-09-13T08:37:44.889Z,https://search.google.com/search-console/inspect?resource_id=sc-domain:funnytools.win&id=4FBla8rRCQMfBEB1BxUSQQ&utm_medium=link&utm_source=api,NEUTRAL,Google 無法辨識的網址,ROBOTS_TXT_STATE_UNSPECIFIED,INDEXING_STATE_UNSPECIFIED,,0,never crawled,PAGE_FETCH_STATE_UNSPECIFIED,,,GOOGLE_CANONICAL_ABSENT,,0,,0,,no,UNKNOWN,,200,,,,,,,,
https://funnytools.win/guides/word-count-vs-character-count-guide/,zh-TW,zh,guide,text,sitemap-guides.xml,2026-08-27,17,200 live verified,yes,35,6,2,1409,1380,0.9794180269694819,,字數 vs 字元數差在哪？Word Count、Character Count 與空白計算完整指南｜FunnyTools,,,,1,0.817,0.819,ADJACENT,WAIT,high,Unknown,no,unknown,unknown,2026-09-13T08:37:48.774Z,https://search.google.com/search-console/inspect?resource_id=sc-domain:funnytools.win&id=8_sO9JJB9mR3wCLTSX44QQ&utm_medium=link&utm_source=api,NEUTRAL,Google 無法辨識的網址,ROBOTS_TXT_STATE_UNSPECIFIED,INDEXING_STATE_UNSPECIFIED,,0,never crawled,PAGE_FETCH_STATE_UNSPECIFIED,,,GOOGLE_CANONICAL_ABSENT,,0,,0,,no,UNKNOWN,,200,,,,,,,,
https://funnytools.win/guides/work-deadline-business-day-planning/,zh-TW,zh,guide,text,sitemap-guides.xml,2026-08-27,17,200 live verified,yes,35,5,2,1471,1438,0.9775662814411965,,工作截止日怎麼倒推？工作日、假日、Buffer、交件日前置時間完整指南｜FunnyTools,,,,0,,,,KEEP,low,Unknown,no,unknown,unknown,2026-09-13T08:37:49.031Z,https://search.google.com/search-console/inspect?resource_id=sc-domain:funnytools.win&id=GRWeSKn8CQIIRE1A1nRvQg&utm_medium=link&utm_source=api,NEUTRAL,Google 無法辨識的網址,ROBOTS_TXT_STATE_UNSPECIFIED,INDEXING_STATE_UNSPECIFIED,,0,never crawled,PAGE_FETCH_STATE_UNSPECIFIED,,,GOOGLE_CANONICAL_ABSENT,,0,,0,,no,UNKNOWN,,200,,,,,,,,
https://funnytools.win/guides/z-score-calculator-guide/,zh-TW,zh,guide,statistics,sitemap-guides.xml,2026-06-25,80,200 live verified,yes,43,24,1,1059,1033,0.9754485363550519,,Z 分數計算指南：平均、標準差與正負值怎麼看 - FunnyTools,,,,3,0.872,0.769,ADJACENT; COMPLEMENTARY,KEEP,low,Crawled Not Indexed,yes,yes,no,2026-09-13T08:37:51.871Z,https://search.google.com/search-console/inspect?resource_id=sc-domain:funnytools.win&id=PzVj-UNPHCso_vrPfoubkg&utm_medium=link&utm_source=api,NEUTRAL,已檢索 - 目前尚未建立索引,ALLOWED,INDEXING_ALLOWED,2026-08-25T03:38:20Z,19,15–30 days,SUCCESSFUL,https://funnytools.win/guides/z-score-calculator-guide/,https://funnytools.win/guides/z-score-calculator-guide/,SELF_MATCH,MOBILE,0,,2,https://funnytools.win/; http://funnytools.win/tools/z-score-calculator/,no,UNKNOWN,,200,,,,,0,4,0,15
https://funnytools.win/methodology/,zh-TW,zh,hub,general,sitemap-guides.xml,2026-09-04,9,200 live verified,yes,47,310,1,1154,1125,0.9748700173310225,,FunnyTools 工具驗證與內容方法｜公式、測試、本機處理與修正流程,,,,0,,,,KEEP,low,Unknown,no,unknown,unknown,2026-09-13T08:37:55.925Z,https://search.google.com/search-console/inspect?resource_id=sc-domain:funnytools.win&id=IG-FR_rMai9iuOB3EOMU3w&utm_medium=link&utm_source=api,NEUTRAL,Google 無法辨識的網址,ROBOTS_TXT_STATE_UNSPECIFIED,INDEXING_STATE_UNSPECIFIED,,0,never crawled,PAGE_FETCH_STATE_UNSPECIFIED,,,GOOGLE_CANONICAL_ABSENT,,0,,0,,no,UNKNOWN,,200,,,,,,,,
https://funnytools.win/methodology/accessibility-compatibility/,zh-TW,zh,methodology,general,sitemap-guides.xml,2026-09-04,9,200 live verified,yes,33,1,2,742,711,0.9582210242587601,,線上工具可存取性怎麼測？鍵盤、Label、Focus、手機與瀏覽器相容性｜FunnyTools,,,,0,,,,IMPROVE,low,Unknown,no,unknown,unknown,2026-09-13T08:37:56.104Z,https://search.google.com/search-console/inspect?resource_id=sc-domain:funnytools.win&id=YM4LfivbtKdevfWD9bsgew&utm_medium=link&utm_source=api,NEUTRAL,Google 無法辨識的網址,ROBOTS_TXT_STATE_UNSPECIFIED,INDEXING_STATE_UNSPECIFIED,,0,never crawled,PAGE_FETCH_STATE_UNSPECIFIED,,,GOOGLE_CANONICAL_ABSENT,,0,,0,,no,UNKNOWN,,200,,,,,,,,
https://funnytools.win/methodology/ai-assisted-content/,zh-TW,zh,methodology,general,sitemap-guides.xml,2026-09-04,9,200 live verified,yes,32,2,2,638,606,0.9498432601880877,,AI 協作內容怎麼審閱？FunnyTools 的 AI 草擬、來源查證與人工可重現原則,,,,0,,,,IMPROVE,low,Unknown,no,unknown,unknown,2026-09-13T08:37:59.070Z,https://search.google.com/search-console/inspect?resource_id=sc-domain:funnytools.win&id=_QQmGuWUctge6bHlDmBgJA&utm_medium=link&utm_source=api,NEUTRAL,Google 無法辨識的網址,ROBOTS_TXT_STATE_UNSPECIFIED,INDEXING_STATE_UNSPECIFIED,,0,never crawled,PAGE_FETCH_STATE_UNSPECIFIED,,,GOOGLE_CANONICAL_ABSENT,,0,,0,,no,UNKNOWN,,200,,,,,,,,
https://funnytools.win/methodology/browser-local-processing/,zh-TW,zh,methodology,general,sitemap-guides.xml,2026-09-04,9,200 live verified,yes,33,80,2,870,838,0.9632183908045977,,瀏覽器本機處理是什麼？Local Processing、localStorage、下載與第三方服務完整說明｜FunnyTools,,,,0,,,,KEEP,low,Unknown,no,unknown,unknown,2026-09-13T08:38:02.911Z,https://search.google.com/search-console/inspect?resource_id=sc-domain:funnytools.win&id=-6uln__oWUdmoUeJ0MWJFw&utm_medium=link&utm_source=api,NEUTRAL,Google 無法辨識的網址,ROBOTS_TXT_STATE_UNSPECIFIED,INDEXING_STATE_UNSPECIFIED,,0,never crawled,PAGE_FETCH_STATE_UNSPECIFIED,,,GOOGLE_CANONICAL_ABSENT,,0,,0,,no,UNKNOWN,,200,,,,,,,,
https://funnytools.win/methodology/calculator-formula-verification/,zh-TW,zh,methodology,general,sitemap-guides.xml,2026-09-02,11,200 live verified,yes,32,4,2,630,593,0.9412698412698413,,線上計算器公式怎麼驗證？公式、輸入規則、四捨五入與正式制度分層指南｜FunnyTools,,,,0,,,,IMPROVE,low,Unknown,no,unknown,unknown,2026-09-13T08:38:03.593Z,https://search.google.com/search-console/inspect?resource_id=sc-domain:funnytools.win&id=g-sGgdwH1NGw6pHmee_KKw&utm_medium=link&utm_source=api,NEUTRAL,Google 無法辨識的網址,ROBOTS_TXT_STATE_UNSPECIFIED,INDEXING_STATE_UNSPECIFIED,,0,never crawled,PAGE_FETCH_STATE_UNSPECIFIED,,,GOOGLE_CANONICAL_ABSENT,,0,,0,,no,UNKNOWN,,200,,,,,,,,
https://funnytools.win/methodology/content-sourcing-corrections/,zh-TW,zh,methodology,general,sitemap-guides.xml,2026-09-04,9,200 live verified,yes,33,3,2,685,652,0.9518248175182482,,FunnyTools 內容來源、審閱日期與錯誤修正方法｜官方來源、版本與更新原則,,,,0,,,,IMPROVE,low,Unknown,no,unknown,unknown,2026-09-13T08:38:06.182Z,https://search.google.com/search-console/inspect?resource_id=sc-domain:funnytools.win&id=OWNbLlQNI4BJ5fzQ2Sw0nA&utm_medium=link&utm_source=api,NEUTRAL,Google 無法辨識的網址,ROBOTS_TXT_STATE_UNSPECIFIED,INDEXING_STATE_UNSPECIFIED,,0,never crawled,PAGE_FETCH_STATE_UNSPECIFIED,,,GOOGLE_CANONICAL_ABSENT,,0,,0,,no,UNKNOWN,,200,,,,,,,,
https://funnytools.win/methodology/file-tool-verification/,zh-TW,zh,methodology,general,sitemap-guides.xml,2026-09-02,11,200 live verified,yes,33,5,2,639,607,0.9499217527386542,,PDF 與圖片工具怎麼驗證？頁數、格式、尺寸、重新開啟與 Round Trip 測試｜FunnyTools,,,,0,,,,KEEP,low,Unknown,no,unknown,unknown,2026-09-13T08:38:09.909Z,https://search.google.com/search-console/inspect?resource_id=sc-domain:funnytools.win&id=2cqD602fXIXTo5PxZ7qFDg&utm_medium=link&utm_source=api,NEUTRAL,Google 無法辨識的網址,ROBOTS_TXT_STATE_UNSPECIFIED,INDEXING_STATE_UNSPECIFIED,,0,never crawled,PAGE_FETCH_STATE_UNSPECIFIED,,,GOOGLE_CANONICAL_ABSENT,,0,,0,,no,UNKNOWN,,200,,,,,,,,
https://funnytools.win/methodology/public-test-cases/,zh-TW,zh,methodology,text,sitemap-guides.xml,2026-09-04,9,200 live verified,yes,32,89,2,787,768,0.9758576874205845,,FunnyTools 公開測試案例｜Percentage、Weighted Average、GPA、Base64、UUID,,,,0,,,,KEEP,low,Unknown,no,unknown,unknown,2026-09-13T08:38:10.541Z,https://search.google.com/search-console/inspect?resource_id=sc-domain:funnytools.win&id=ej7N4X7iu05IV0dITr25cg&utm_medium=link&utm_source=api,NEUTRAL,Google 無法辨識的網址,ROBOTS_TXT_STATE_UNSPECIFIED,INDEXING_STATE_UNSPECIFIED,,0,never crawled,PAGE_FETCH_STATE_UNSPECIFIED,,,GOOGLE_CANONICAL_ABSENT,,0,,0,,no,UNKNOWN,,200,,,,,,,,
https://funnytools.win/methodology/randomness-security/,zh-TW,zh,methodology,random,sitemap-guides.xml,2026-09-04,9,200 live verified,yes,33,1,2,602,573,0.9518272425249169,,隨機工具怎麼驗證？CSPRNG、Modulo Bias、不重複抽樣與公平性測試｜FunnyTools,,,,0,,,,IMPROVE,low,Unknown,no,unknown,unknown,2026-09-13T08:38:13.141Z,https://search.google.com/search-console/inspect?resource_id=sc-domain:funnytools.win&id=eW_r_o-SFq7Gqs2gyq1_Ug&utm_medium=link&utm_source=api,NEUTRAL,Google 無法辨識的網址,ROBOTS_TXT_STATE_UNSPECIFIED,INDEXING_STATE_UNSPECIFIED,,0,never crawled,PAGE_FETCH_STATE_UNSPECIFIED,,,GOOGLE_CANONICAL_ABSENT,,0,,0,,no,UNKNOWN,,200,,,,,,,,
https://funnytools.win/methodology/tool-verification/,zh-TW,zh,methodology,general,sitemap-guides.xml,2026-09-03,10,200 live verified,yes,33,90,2,787,766,0.9733163913595934,,線上工具怎麼驗證？Known Answer、Boundary 與 Regression Test｜FunnyTools,,,,0,,,,KEEP,low,Unknown,no,unknown,unknown,2026-09-13T08:38:17.120Z,https://search.google.com/search-console/inspect?resource_id=sc-domain:funnytools.win&id=LpOtKhG0CmuKt-vDEMeUmQ&utm_medium=link&utm_source=api,NEUTRAL,Google 無法辨識的網址,ROBOTS_TXT_STATE_UNSPECIFIED,INDEXING_STATE_UNSPECIFIED,,0,never crawled,PAGE_FETCH_STATE_UNSPECIFIED,,,GOOGLE_CANONICAL_ABSENT,,0,,0,,no,UNKNOWN,,200,,,,,,,,
https://funnytools.win/privacy/,zh-TW,zh,legal,general,sitemap-guides.xml,2026-09-02,11,200 live verified,yes,30,316,1,2182,2162,0.9908340971585701,,隱私權政策｜資料處理與 Cookie 說明 - FunnyTools,,,,0,,,,IMPROVE,low,Crawled Not Indexed,yes,yes,no,2026-09-13T08:38:17.649Z,https://search.google.com/search-console/inspect?resource_id=sc-domain:funnytools.win&id=45Wu0fBpDOIwlwpPHX9bbg&utm_medium=link&utm_source=api,NEUTRAL,已檢索 - 目前尚未建立索引,ALLOWED,INDEXING_ALLOWED,2026-08-18T20:38:37Z,25,15–30 days,SUCCESSFUL,https://funnytools.win/privacy/,https://funnytools.win/privacy/,SELF_MATCH,MOBILE,0,,3,https://funnytools.win/es/privacidad/; https://funnytools.win/; https://funnytools.win/tools/qr-code-generator/,no,UNKNOWN,,200,,,,,0,33,0,4.484848484848484
https://funnytools.win/shop/,zh-TW,zh,support,general,sitemap-guides.xml,2026-07-31,44,200 live verified,yes,29,312,1,1488,1459,0.980510752688172,,Btcson Lab 教材商店｜自然發音、數學、視覺日程與 STEM 實驗教材 - FunnyTools,,,,0,,,,KEEP,low,Unknown,no,unknown,unknown,2026-09-13T08:38:20.067Z,https://search.google.com/search-console/inspect?resource_id=sc-domain:funnytools.win&id=qStJoYU8zQTUVkDi6J5Aqw&utm_medium=link&utm_source=api,NEUTRAL,Google 無法辨識的網址,ROBOTS_TXT_STATE_UNSPECIFIED,INDEXING_STATE_UNSPECIFIED,,0,never crawled,PAGE_FETCH_STATE_UNSPECIFIED,,,GOOGLE_CANONICAL_ABSENT,,0,,0,,no,UNKNOWN,,200,,,,,,,,
https://funnytools.win/support/,zh-TW,zh,support,general,sitemap-guides.xml,2026-09-02,11,200 live verified,yes,31,712,1,1426,1407,0.9866760168302945,,支持 FunnyTools｜免費工具網站營運支持,,,,0,,,,KEEP,low,Crawled Not Indexed,yes,yes,no,2026-09-13T08:38:24.082Z,https://search.google.com/search-console/inspect?resource_id=sc-domain:funnytools.win&id=-OUEJzY545C-CXHaqEtEfg&utm_medium=link&utm_source=api,NEUTRAL,已檢索 - 目前尚未建立索引,ALLOWED,INDEXING_ALLOWED,2026-08-16T15:27:01Z,27,15–30 days,SUCCESSFUL,https://funnytools.win/support/,https://funnytools.win/support/,SELF_MATCH,MOBILE,0,,4,https://funnytools.win/; http://funnytools.win/support/; https://funnytools.win/tools/random-wheel/; https://funnytools.win/tools/class-rank-percentile-calculator/,no,UNKNOWN,,200,0,2,0,1,0,22,0,3.909090909090909
https://funnytools.win/terms/,zh-TW,zh,legal,general,sitemap-guides.xml,2026-07-31,44,200 live verified,yes,29,313,1,1296,1276,0.9845679012345679,,使用條款｜服務範圍與責任限制 - FunnyTools,,,,0,,,,IMPROVE,low,Crawled Not Indexed,yes,yes,no,2026-09-13T08:38:24.775Z,https://search.google.com/search-console/inspect?resource_id=sc-domain:funnytools.win&id=CX1ZyHZlRLMBwCdQEJEG7Q&utm_medium=link&utm_source=api,NEUTRAL,已檢索 - 目前尚未建立索引,ALLOWED,INDEXING_ALLOWED,2026-08-13T13:59:01Z,30,15–30 days,SUCCESSFUL,https://funnytools.win/terms/,https://funnytools.win/terms/,SELF_MATCH,MOBILE,0,,2,https://funnytools.win/; https://funnytools.win/tools/random-student-picker/,no,UNKNOWN,,200,,,,,0,40,0,5.55
https://funnytools.win/tools/,zh-TW,zh,hub,general,sitemap-guides.xml,2026-09-03,10,200 live verified,yes,132,314,1,4691,4665,0.9944574717544233,,所有免費線上工具｜PDF、圖片、文字、計算工具總覽 - FunnyTools,,,,1,0.805,0.812,ADJACENT,IMPROVE,high,Crawled Not Indexed,yes,yes,no,2026-09-13T08:38:26.953Z,https://search.google.com/search-console/inspect?resource_id=sc-domain:funnytools.win&id=iGZuuVzD3ib32v6joxEReA&utm_medium=link&utm_source=api,NEUTRAL,已檢索 - 目前尚未建立索引,ALLOWED,INDEXING_ALLOWED,2026-08-08T05:55:55Z,36,>30 days,SUCCESSFUL,https://funnytools.win/tools/,https://funnytools.win/tools/,SELF_MATCH,MOBILE,0,,3,https://funnytools.win/en/tools/; https://funnytools.win/; https://www.dcard.tw/topics/%E5%AD%B8%E7%94%9F,no,UNKNOWN,,200,,,,,0,1,0,7
https://funnytools.win/tools/age-calculator/,zh-TW,zh,tool,time,sitemap-tools.xml,2026-09-02,11,200 live verified,yes,48,17,1,1345,1324,0.9843866171003718,,年齡計算器｜生日、歲數與天數試算 - FunnyTools,age-calculator,calculate|age|age|calculated-result|age|general,MEDIUM,1,0.834,0.671,ADJACENT,KEEP,low,Crawled Not Indexed,yes,yes,no,2026-09-13T08:38:30.998Z,https://search.google.com/search-console/inspect?resource_id=sc-domain:funnytools.win&id=uyKz7KEqEANiYAs0B98CPA&utm_medium=link&utm_source=api,NEUTRAL,已檢索 - 目前尚未建立索引,ALLOWED,INDEXING_ALLOWED,2026-08-04T08:59:48Z,39,>30 days,SUCCESSFUL,https://funnytools.win/tools/age-calculator/,https://funnytools.win/tools/age-calculator/,SELF_MATCH,MOBILE,0,,3,https://funnytools.win/; http://funnytools.win/; https://funnytools.win/category/time/,no,UNKNOWN,,200,,,,,,,,
https://funnytools.win/tools/apa-7-report-generator/,zh-TW,zh,tool,statistics,sitemap-tools.xml,2026-09-03,10,200 live verified,yes,51,18,1,1380,1353,0.9804347826086957,,APA 7 統計結果報告產生器｜t 檢定、ANOVA、相關與迴歸 - FunnyTools,apa-7-report-generator,generate|apa-7-report|apa-7-report|generated-result|apa-7-report|general,MEDIUM,3,0.918,0.609,ADJACENT,KEEP,low,Crawled Not Indexed,yes,yes,no,2026-09-13T08:38:31.725Z,https://search.google.com/search-console/inspect?resource_id=sc-domain:funnytools.win&id=XD3GDhxbf4JQH0HzV7eAzw&utm_medium=link&utm_source=api,NEUTRAL,已檢索 - 目前尚未建立索引,ALLOWED,INDEXING_ALLOWED,2026-08-05T07:58:07Z,39,>30 days,SUCCESSFUL,https://funnytools.win/tools/apa-7-report-generator/,https://funnytools.win/tools/apa-7-report-generator/,SELF_MATCH,MOBILE,0,,1,https://funnytools.win/,no,UNKNOWN,,200,,,,,0,1,0,10
https://funnytools.win/tools/bar-chart-maker/,zh-TW,zh,tool,draw,sitemap-tools.xml,2026-09-02,11,200 live verified,yes,51,20,1,1159,1135,0.9792924935289042,,長條圖製作工具｜線上免費長條圖產生器 - FunnyTools,bar-chart-maker,create|bar-chart|bar-chart|created-artifact|bar-chart|general,MEDIUM,1,0.863,0.686,ADJACENT,KEEP,low,Crawled Not Indexed,yes,yes,no,2026-09-13T08:38:33.863Z,https://search.google.com/search-console/inspect?resource_id=sc-domain:funnytools.win&id=MOyetCt1lUcLc5GJtPULrw&utm_medium=link&utm_source=api,NEUTRAL,已檢索 - 目前尚未建立索引,ALLOWED,INDEXING_ALLOWED,2026-08-13T18:43:24Z,30,15–30 days,SUCCESSFUL,https://funnytools.win/tools/bar-chart-maker/,https://funnytools.win/tools/bar-chart-maker/,SELF_MATCH,MOBILE,0,,2,https://funnytools.win/; https://funnytools.win/en/tools/bar-chart-maker/,no,UNKNOWN,,200,0,1,0,93,0,3,0,90
https://funnytools.win/tools/barcode-generator/,zh-TW,zh,tool,image,sitemap-tools.xml,2026-09-03,10,200 live verified,yes,53,18,1,3746,3725,0.9943940202883075,,條碼產生器｜免費製作 Code 128、EAN-13 與 UPC-A - FunnyTools,barcode-generator,generate|barcode|barcode|generated-result|barcode|general,MEDIUM,0,,,,KEEP,low,Unknown,no,unknown,unknown,2026-09-13T08:38:38.204Z,https://search.google.com/search-console/inspect?resource_id=sc-domain:funnytools.win&id=Fe08BqJ3lH5j039E_42hMw&utm_medium=link&utm_source=api,NEUTRAL,Google 無法辨識的網址,ROBOTS_TXT_STATE_UNSPECIFIED,INDEXING_STATE_UNSPECIFIED,,0,never crawled,PAGE_FETCH_STATE_UNSPECIFIED,,,GOOGLE_CANONICAL_ABSENT,,0,,0,,no,UNKNOWN,,200,,,,,,,,
https://funnytools.win/tools/base64/,zh-TW,zh,tool,text,sitemap-tools.xml,2026-09-02,11,200 live verified,yes,49,17,1,1080,1061,0.9824074074074074,,Base64 編碼解碼｜免費 UTF-8 線上工具 - FunnyTools,base64,use|base64|base64|tool-result|base64|general,MEDIUM,1,0.83,0.61,ADJACENT,KEEP,low,Crawled Not Indexed,yes,yes,no,2026-09-13T08:38:39.099Z,https://search.google.com/search-console/inspect?resource_id=sc-domain:funnytools.win&id=yexXyvL5trssHkFtNm4UNw&utm_medium=link&utm_source=api,NEUTRAL,已檢索 - 目前尚未建立索引,ALLOWED,INDEXING_ALLOWED,2026-08-21T15:50:49Z,22,15–30 days,SUCCESSFUL,https://funnytools.win/tools/base64/,https://funnytools.win/tools/base64/,SELF_MATCH,MOBILE,0,,3,https://funnytools.win/en/tools/base64/; https://funnytools.win/; https://funnytools.win/tools/,no,UNKNOWN,,200,0,1,0,100,0,4,0,37.5
https://funnytools.win/tools/break-reminder/,zh-TW,zh,tool,time,sitemap-tools.xml,2026-09-02,11,200 live verified,yes,48,13,1,1237,1215,0.9822150363783346,,休息提醒｜免費螢幕休息間隔計時器 - FunnyTools,break-reminder,use|break-reminder|break-reminder|tool-result|break-reminder|general,MEDIUM,1,0.806,0.654,ADJACENT,KEEP,low,Crawled Not Indexed,yes,yes,no,2026-09-13T08:38:40.838Z,https://search.google.com/search-console/inspect?resource_id=sc-domain:funnytools.win&id=iT75hjqBLYNuyKV-_coKgw&utm_medium=link&utm_source=api,NEUTRAL,已檢索 - 目前尚未建立索引,ALLOWED,INDEXING_ALLOWED,2026-08-18T01:16:28Z,26,15–30 days,SUCCESSFUL,https://funnytools.win/tools/break-reminder/,https://funnytools.win/tools/break-reminder/,SELF_MATCH,MOBILE,0,,2,https://funnytools.win/; https://funnytools.win/tools/,no,UNKNOWN,,200,,,,,0,8,0,7.125
https://funnytools.win/tools/bulk-image-compressor/,zh-TW,zh,tool,image,sitemap-tools.xml,2026-08-30,14,200 live verified,yes,44,6,1,1336,1313,0.9827844311377245,,批次圖片壓縮器｜一次壓縮多張 JPG、PNG、WebP - FunnyTools,bulk-image-compressor,compress|bulk-image-compressor|bulk-image-compressor|smaller-file|bulk-image-compressor|general,MEDIUM,3,0.84,0.684,ADJACENT,KEEP,low,Unknown,no,unknown,unknown,2026-09-13T08:38:45.156Z,https://search.google.com/search-console/inspect?resource_id=sc-domain:funnytools.win&id=IeyeY_GG3eLERjjovHV-ow&utm_medium=link&utm_source=api,NEUTRAL,Google 無法辨識的網址,ROBOTS_TXT_STATE_UNSPECIFIED,INDEXING_STATE_UNSPECIFIED,,0,never crawled,PAGE_FETCH_STATE_UNSPECIFIED,,,GOOGLE_CANONICAL_ABSENT,,0,,0,,no,UNKNOWN,,200,,,,,,,,
https://funnytools.win/tools/business-days/,zh-TW,zh,tool,time,sitemap-tools.xml,2026-09-02,11,200 live verified,yes,52,23,1,1642,1620,0.9866017052375152,,工作日計算器｜扣除週末與假日天數 - FunnyTools,business-days,use|business-days|business-days|tool-result|business-days|general,MEDIUM,2,0.904,0.823,ADJACENT; COMPLEMENTARY,KEEP,high,Crawled Not Indexed,yes,yes,no,2026-09-13T08:38:46.051Z,https://search.google.com/search-console/inspect?resource_id=sc-domain:funnytools.win&id=UW0tKoGgHLty7xhwTSiMUQ&utm_medium=link&utm_source=api,NEUTRAL,已檢索 - 目前尚未建立索引,ALLOWED,INDEXING_ALLOWED,2026-08-20T15:12:32Z,23,15–30 days,SUCCESSFUL,https://funnytools.win/tools/business-days/,https://funnytools.win/tools/business-days/,SELF_MATCH,MOBILE,0,,3,https://funnytools.win/; https://www.funnytools.win/; https://funnytools.win/category/time/,no,UNKNOWN,,200,,,,,1,8,0.125,4.25
https://funnytools.win/tools/cad-2d/,zh-TW,zh,tool,draw,sitemap-tools.xml,2026-09-03,10,200 live verified,yes,50,18,1,1594,1570,0.9849435382685069,,簡易 2D CAD 製圖板｜免費線上網格製圖工具 - FunnyTools,cad-2d,use|cad-2d|cad-2d|tool-result|cad-2d|general,MEDIUM,0,,,,KEEP,low,Crawled Not Indexed,yes,yes,no,2026-09-13T08:38:47.783Z,https://search.google.com/search-console/inspect?resource_id=sc-domain:funnytools.win&id=ieW-0ilXVuE7QiD0IMMdKg&utm_medium=link&utm_source=api,NEUTRAL,已檢索 - 目前尚未建立索引,ALLOWED,INDEXING_ALLOWED,2026-08-10T02:39:59Z,34,>30 days,SUCCESSFUL,https://funnytools.win/tools/cad-2d/,https://funnytools.win/tools/cad-2d/,SELF_MATCH,MOBILE,0,,3,https://funnytools.win/en/tools/cad-2d/; https://funnytools.win/; https://funnytools.win/tools/pie-chart-maker/,no,UNKNOWN,,200,,,,,,,,
https://funnytools.win/tools/case-converter/,zh-TW,zh,tool,text,sitemap-tools.xml,2026-09-03,10,200 live verified,yes,53,29,1,1495,1474,0.9859531772575251,,英文大小寫轉換器｜免費線上 Case Converter - FunnyTools,case-converter,use|case-converter|case-converter|tool-result|case-converter|general,MEDIUM,3,0.847,0.626,ADJACENT,KEEP,low,Crawled Not Indexed,yes,yes,no,2026-09-13T08:38:52.079Z,https://search.google.com/search-console/inspect?resource_id=sc-domain:funnytools.win&id=U5pUPykia1ec5UutYfjXxw&utm_medium=link&utm_source=api,NEUTRAL,已檢索 - 目前尚未建立索引,ALLOWED,INDEXING_ALLOWED,2026-08-21T06:05:47Z,23,15–30 days,SUCCESSFUL,https://funnytools.win/tools/case-converter/,https://funnytools.win/tools/case-converter/,SELF_MATCH,MOBILE,0,,2,https://funnytools.win/; https://funnytools.win/tools/,no,UNKNOWN,,200,,,,,0,5,0,8.8
https://funnytools.win/tools/character-counter/,zh-TW,zh,tool,text,sitemap-tools.xml,2026-09-03,10,200 live verified,yes,53,41,1,1992,1969,0.9884538152610441,,字元計數器｜文字長度與 UTF-8 位元組計算 - FunnyTools,character-counter,count|character-counter|character-counter|count|character-counter|general,MEDIUM,1,0.847,0.689,ADJACENT,KEEP,low,Unknown,no,unknown,unknown,2026-09-13T08:38:52.963Z,https://search.google.com/search-console/inspect?resource_id=sc-domain:funnytools.win&id=8TC-grlZWaVtz0Z4U_cceQ&utm_medium=link&utm_source=api,NEUTRAL,Google 無法辨識的網址,ROBOTS_TXT_STATE_UNSPECIFIED,INDEXING_STATE_UNSPECIFIED,,0,never crawled,PAGE_FETCH_STATE_UNSPECIFIED,,,GOOGLE_CANONICAL_ABSENT,,0,,0,,no,UNKNOWN,,200,,,,,,,,
https://funnytools.win/tools/class-rank-percentile-calculator/,zh-TW,zh,tool,statistics,sitemap-tools.xml,2026-09-10,3,200 live verified,yes,48,16,1,1896,1875,0.9889240506329114,,班級排名百分比計算器｜名次轉 PR - FunnyTools,class-rank-percentile-calculator,calculate|class-rank-percentile|class-rank-percentile|calculated-result|class-rank-percentile|general,MEDIUM,1,0.842,0.669,ADJACENT,KEEP,low,Crawled Not Indexed,yes,yes,no,2026-09-13T08:38:54.684Z,https://search.google.com/search-console/inspect?resource_id=sc-domain:funnytools.win&id=RUYOaa1S0ZKkWXCv80Ahew&utm_medium=link&utm_source=api,NEUTRAL,已檢索 - 目前尚未建立索引,ALLOWED,INDEXING_ALLOWED,2026-08-19T01:54:04Z,25,15–30 days,SUCCESSFUL,https://funnytools.win/tools/class-rank-percentile-calculator/,https://funnytools.win/tools/class-rank-percentile-calculator/,SELF_MATCH,MOBILE,0,,2,https://funnytools.win/en/tools/class-rank-percentile-calculator/; https://funnytools.win/,no,UNKNOWN,,200,,,,,3,37,0.08108108108108109,10.594594594594595
https://funnytools.win/tools/color-generator/,zh-TW,zh,tool,random,sitemap-tools.xml,2026-09-02,11,200 live verified,yes,48,15,1,1303,1282,0.9838833461243285,,隨機顏色產生器｜HEX RGB HSL 色票工具 - FunnyTools,color-generator,generate|color|color|generated-result|color|general,MEDIUM,0,,,,KEEP,low,Crawled Not Indexed,yes,yes,no,2026-09-13T08:38:59.012Z,https://search.google.com/search-console/inspect?resource_id=sc-domain:funnytools.win&id=MAIjnXopP67QwCjps2CYyA&utm_medium=link&utm_source=api,NEUTRAL,已檢索 - 目前尚未建立索引,ALLOWED,INDEXING_ALLOWED,2026-08-13T14:37:00Z,30,15–30 days,SUCCESSFUL,https://funnytools.win/tools/color-generator/,https://funnytools.win/tools/color-generator/,SELF_MATCH,MOBILE,0,,2,https://funnytools.win/; https://funnytools.win/tools/,no,UNKNOWN,,200,,,,,0,8,0,5.375
https://funnytools.win/tools/compound-interest/,zh-TW,zh,tool,money,sitemap-tools.xml,2026-09-03,10,200 live verified,yes,47,17,1,1824,1799,0.9862938596491229,,複利計算器｜本金、每月投入與未來價值試算 - FunnyTools,compound-interest,use|compound-interest|compound-interest|tool-result|compound-interest|general,MEDIUM,0,,,,KEEP,low,Crawled Not Indexed,yes,yes,no,2026-09-13T08:38:59.997Z,https://search.google.com/search-console/inspect?resource_id=sc-domain:funnytools.win&id=hnSYD1dGWfLQZrFT0QFAYQ&utm_medium=link&utm_source=api,NEUTRAL,已檢索 - 目前尚未建立索引,ALLOWED,INDEXING_ALLOWED,2026-08-30T04:34:55Z,14,7–14 days,SUCCESSFUL,https://funnytools.win/tools/compound-interest/,https://funnytools.win/tools/compound-interest/,SELF_MATCH,MOBILE,0,,3,https://funnytools.win/en/tools/compound-interest/; https://funnytools.win/; https://funnytools.win/tools/,no,UNKNOWN,,200,,,,,,,,
https://funnytools.win/tools/countdown-timer/,zh-TW,zh,tool,time,sitemap-tools.xml,2026-09-03,10,200 live verified,yes,53,29,1,1663,1642,0.9873722188815394,,倒數計時器｜日期、時間與活動倒數 - FunnyTools,countdown-timer,use|countdown-timer|countdown-timer|tool-result|countdown-timer|general,MEDIUM,1,0.8,0.621,ADJACENT,IMPROVE,low,Crawled Not Indexed,yes,yes,no,2026-09-13T08:39:01.575Z,https://search.google.com/search-console/inspect?resource_id=sc-domain:funnytools.win&id=dtf2QXcumOOQGykff8oDWw&utm_medium=link&utm_source=api,NEUTRAL,已檢索 - 目前尚未建立索引,ALLOWED,INDEXING_ALLOWED,2026-08-14T02:47:43Z,30,15–30 days,SUCCESSFUL,https://funnytools.win/tools/countdown-timer/,https://funnytools.win/tools/countdown-timer/,SELF_MATCH,MOBILE,0,,3,https://funnytools.win/en/tools/countdown-timer/; https://funnytools.win/; https://funnytools.win/tools/,no,UNKNOWN,,200,0,1,0,86,0,1,0,86
https://funnytools.win/tools/cronbach-alpha-calculator/,zh-TW,zh,tool,statistics,sitemap-tools.xml,2026-09-03,10,200 live verified,yes,47,10,1,1830,1810,0.9890710382513661,,Cronbach Alpha 計算器｜問卷量表信度估算 - FunnyTools,cronbach-alpha-calculator,calculate|cronbach-alpha|cronbach-alpha|calculated-result|cronbach-alpha|general,MEDIUM,1,0.814,0.677,ADJACENT,KEEP,low,Crawled Not Indexed,yes,yes,no,2026-09-13T08:39:06.332Z,https://search.google.com/search-console/inspect?resource_id=sc-domain:funnytools.win&id=-6-cqvB0o8PzmgS3Ko4gSw&utm_medium=link&utm_source=api,NEUTRAL,已檢索 - 目前尚未建立索引,ALLOWED,INDEXING_ALLOWED,2026-08-18T22:35:45Z,25,15–30 days,SUCCESSFUL,https://funnytools.win/tools/cronbach-alpha-calculator/,https://funnytools.win/tools/cronbach-alpha-calculator/,SELF_MATCH,MOBILE,0,,2,https://funnytools.win/; https://funnytools.win/en/tools/cronbach-alpha-calculator/,no,UNKNOWN,,200,0,1,0,76,0,3,0,82
https://funnytools.win/tools/csv-to-json/,zh-TW,zh,tool,text,sitemap-tools.xml,2026-09-03,10,200 live verified,yes,51,17,1,1635,1615,0.9877675840978594,,CSV 轉 JSON 工具｜線上表格資料轉換 - FunnyTools,csv-to-json,convert|csv|json|json-data|data-format-conversion|general,HIGH,3,0.91,0.827,ADJACENT; COMPLEMENTARY; DIFFERENT,KEEP,high,Crawled Not Indexed,yes,yes,no,2026-09-13T08:39:06.940Z,https://search.google.com/search-console/inspect?resource_id=sc-domain:funnytools.win&id=eUY-jwE9oav13M851R8G0Q&utm_medium=link&utm_source=api,NEUTRAL,已檢索 - 目前尚未建立索引,ALLOWED,INDEXING_ALLOWED,2026-08-18T22:09:13Z,25,15–30 days,SUCCESSFUL,https://funnytools.win/tools/csv-to-json/,https://funnytools.win/tools/csv-to-json/,SELF_MATCH,MOBILE,0,,3,https://funnytools.win/en/tools/csv-to-json/; https://funnytools.win/; https://funnytools.win/category/text/,no,UNKNOWN,,200,,,,,,,,
https://funnytools.win/tools/date-difference/,zh-TW,zh,tool,time,sitemap-tools.xml,2026-09-02,11,200 live verified,yes,51,22,1,1474,1451,0.9843962008141113,,日期差距計算器｜計算兩日期相差天數 - FunnyTools,date-difference,use|date-difference|date-difference|tool-result|date-difference|general,MEDIUM,2,0.904,0.809,ADJACENT,KEEP,high,Crawled Not Indexed,yes,yes,no,2026-09-13T08:39:08.494Z,https://search.google.com/search-console/inspect?resource_id=sc-domain:funnytools.win&id=09XNjY5gjHxTkb4-PwWNAw&utm_medium=link&utm_source=api,NEUTRAL,已檢索 - 目前尚未建立索引,ALLOWED,INDEXING_ALLOWED,2026-08-14T02:47:42Z,30,15–30 days,SUCCESSFUL,https://funnytools.win/tools/date-difference/,https://funnytools.win/tools/date-difference/,SELF_MATCH,MOBILE,0,,3,https://funnytools.win/en/tools/date-difference/; https://funnytools.win/; https://funnytools.win/category/time/,no,UNKNOWN,,200,,,,,0,5,0,7.2
https://funnytools.win/tools/delete-pdf-pages/,zh-TW,zh,tool,pdf,sitemap-tools.xml,2026-09-02,11,200 live verified,yes,49,18,1,1615,1593,0.9863777089783282,,刪除 PDF 頁面｜移除空白頁與指定頁碼 - FunnyTools,delete-pdf-pages,delete|pdf|pdf|remove-selected-pages|pdf-page-editing|general,HIGH,3,0.931,0.888,DIFFERENT,KEEP,high,Crawled Not Indexed,yes,yes,no,2026-09-13T08:39:13.268Z,https://search.google.com/search-console/inspect?resource_id=sc-domain:funnytools.win&id=HXxKmRbkoencDLq_esP7YQ&utm_medium=link&utm_source=api,NEUTRAL,已檢索 - 目前尚未建立索引,ALLOWED,INDEXING_ALLOWED,2026-08-19T10:39:04Z,24,15–30 days,SUCCESSFUL,https://funnytools.win/tools/delete-pdf-pages/,https://funnytools.win/tools/delete-pdf-pages/,SELF_MATCH,MOBILE,0,,3,https://funnytools.win/en/tools/delete-pdf-pages/; https://funnytools.win/; https://funnytools.win/tools/,no,UNKNOWN,,200,,,,,,,,
https://funnytools.win/tools/dice-roller/,zh-TW,zh,tool,random,sitemap-tools.xml,2026-09-02,11,200 live verified,yes,51,19,1,1799,1779,0.9888827126181212,,骰子產生器｜免費線上擲骰工具 - FunnyTools,dice-roller,generate|dice-roller|dice-roller|generated-result|dice-roller|general,MEDIUM,0,,,,KEEP,low,Crawled Not Indexed,yes,yes,no,2026-09-13T08:39:14.272Z,https://search.google.com/search-console/inspect?resource_id=sc-domain:funnytools.win&id=xMbRbAnnX_lVXasVLoz71A&utm_medium=link&utm_source=api,NEUTRAL,已檢索 - 目前尚未建立索引,ALLOWED,INDEXING_ALLOWED,2026-08-08T13:50:54Z,35,>30 days,SUCCESSFUL,https://funnytools.win/tools/dice-roller/,https://funnytools.win/tools/dice-roller/,SELF_MATCH,MOBILE,0,,2,https://funnytools.win/; https://funnytools.win/tools/,no,UNKNOWN,,200,,,,,0,20,0,5.6
https://funnytools.win/tools/extract-pdf-pages/,zh-TW,zh,tool,pdf,sitemap-tools.xml,2026-09-03,10,200 live verified,yes,51,21,1,1756,1733,0.9869020501138952,,擷取 PDF 頁面｜保留指定頁碼與頁面範圍 - FunnyTools,extract-pdf-pages,extract|pdf|pdf|new-document-from-selected-pages|pdf-page-editing|general,HIGH,6,0.931,0.888,COMPLEMENTARY; DIFFERENT,KEEP,high,Crawled Not Indexed,yes,yes,no,2026-09-13T08:39:15.532Z,https://search.google.com/search-console/inspect?resource_id=sc-domain:funnytools.win&id=SKyUhtol4UgdzH-ef0zoBQ&utm_medium=link&utm_source=api,NEUTRAL,已檢索 - 目前尚未建立索引,ALLOWED,INDEXING_ALLOWED,2026-08-19T11:16:34Z,24,15–30 days,SUCCESSFUL,https://funnytools.win/tools/extract-pdf-pages/,https://funnytools.win/tools/extract-pdf-pages/,SELF_MATCH,MOBILE,0,,2,https://funnytools.win/; https://funnytools.win/tools/,no,UNKNOWN,,200,,,,,0,8,0,3.5
https://funnytools.win/tools/flowchart/,zh-TW,zh,tool,draw,sitemap-tools.xml,2026-09-02,11,200 live verified,yes,51,21,1,1903,1878,0.9868628481345244,,流程圖製作工具｜免費線上流程圖與 PNG 匯出 - FunnyTools,flowchart,create|flowchart|flowchart|created-artifact|flowchart|general,MEDIUM,0,,,,KEEP,low,Crawled Not Indexed,yes,yes,no,2026-09-13T08:39:38.200Z,https://search.google.com/search-console/inspect?resource_id=sc-domain:funnytools.win&id=J3RGx686wI_CRyABtc8xlA&utm_medium=link&utm_source=api,NEUTRAL,已檢索 - 目前尚未建立索引,ALLOWED,INDEXING_ALLOWED,2026-08-17T00:46:24Z,27,15–30 days,SUCCESSFUL,https://funnytools.win/tools/flowchart/,https://funnytools.win/tools/flowchart/,SELF_MATCH,MOBILE,0,,2,https://funnytools.win/; https://funnytools.win/tools/,no,UNKNOWN,,200,,,,,0,2,0,6.5
https://funnytools.win/tools/gpa-calculator/,zh-TW,zh,tool,study,sitemap-tools.xml,2026-09-03,10,200 live verified,yes,51,21,1,1863,1843,0.9892646269457863,,GPA 計算器｜4.3 制學分加權試算 - FunnyTools,gpa-calculator,calculate|gpa|gpa|calculated-result|gpa|general,MEDIUM,0,,,,KEEP,low,Crawled Not Indexed,yes,yes,no,2026-09-13T08:39:21.188Z,https://search.google.com/search-console/inspect?resource_id=sc-domain:funnytools.win&id=eHgvtlzfSZLsIh_y6mB0HA&utm_medium=link&utm_source=api,NEUTRAL,已檢索 - 目前尚未建立索引,ALLOWED,INDEXING_ALLOWED,2026-08-13T19:33:45Z,30,15–30 days,SUCCESSFUL,https://funnytools.win/tools/gpa-calculator/,https://funnytools.win/tools/gpa-calculator/,SELF_MATCH,MOBILE,0,,3,https://funnytools.win/en/tools/gpa-calculator/; https://funnytools.win/; https://funnytools.win/tools/,no,UNKNOWN,,200,,,,,0,9,0,13.333333333333334
https://funnytools.win/tools/grade-average/,zh-TW,zh,tool,statistics,sitemap-tools.xml,2026-09-10,3,200 live verified,yes,53,37,1,2715,2687,0.9896869244935543,,成績平均計算器｜算成績平均、加權總分，附試算範例 - FunnyTools,grade-average,calculate|grades|average-grade|grade-average|grade-calculation|general,HIGH,3,0.895,0.81,ADJACENT,KEEP,high,Crawled Not Indexed,yes,yes,no,2026-09-13T08:39:22.567Z,https://search.google.com/search-console/inspect?resource_id=sc-domain:funnytools.win&id=OpqTYbSTyFLHHVOWNypyXg&utm_medium=link&utm_source=api,NEUTRAL,已檢索 - 目前尚未建立索引,ALLOWED,INDEXING_ALLOWED,2026-09-04T14:49:37Z,8,7–14 days,SUCCESSFUL,https://funnytools.win/tools/grade-average/,https://funnytools.win/tools/grade-average/,SELF_MATCH,MOBILE,0,,3,https://funnytools.win/; https://funnytools.win/en/tools/grade-average/; https://funnytools.win/tools/,no,UNKNOWN,,200,,,,,1,152,0.006578947368421052,7.8618421052631575
https://funnytools.win/tools/group-generator/,zh-TW,zh,tool,study,sitemap-tools.xml,2026-09-03,10,200 live verified,yes,52,25,1,1864,1838,0.9860515021459227,,課堂分組工具｜老師活動分組與學生名單分組 - FunnyTools,group-generator,generate|group|group|generated-result|group|general,MEDIUM,9,0.919,0.778,ADJACENT; COMPLEMENTARY; DIFFERENT; UNKNOWN,KEEP,low,Crawled Not Indexed,yes,yes,no,2026-09-13T08:39:28.315Z,https://search.google.com/search-console/inspect?resource_id=sc-domain:funnytools.win&id=YiCoO93STxNLdsBnKpb_XA&utm_medium=link&utm_source=api,NEUTRAL,已檢索 - 目前尚未建立索引,ALLOWED,INDEXING_ALLOWED,2026-08-16T03:49:08Z,28,15–30 days,SUCCESSFUL,https://funnytools.win/tools/group-generator/,https://funnytools.win/tools/group-generator/,SELF_MATCH,MOBILE,0,,3,https://funnytools.win/en/tools/group-generator/; https://funnytools.win/; https://funnytools.win/tools/random-student-picker/,no,UNKNOWN,,200,,,,,,,,
https://funnytools.win/tools/image-compressor/,zh-TW,zh,tool,image,sitemap-tools.xml,2026-09-03,10,200 live verified,yes,53,55,1,1767,1745,0.987549518958687,,圖片壓縮工具｜免費線上瀏覽器壓縮 - FunnyTools,image-compressor,compress|image-compressor|image-compressor|smaller-file|image-compressor|general,MEDIUM,8,0.881,0.699,ADJACENT; COMPLEMENTARY; UNKNOWN,KEEP,low,Unknown,no,unknown,unknown,2026-09-13T08:39:29.754Z,https://search.google.com/search-console/inspect?resource_id=sc-domain:funnytools.win&id=A2mHdNr-i_KkvYKY2N_w8A&utm_medium=link&utm_source=api,NEUTRAL,Google 無法辨識的網址,ROBOTS_TXT_STATE_UNSPECIFIED,INDEXING_STATE_UNSPECIFIED,,0,never crawled,PAGE_FETCH_STATE_UNSPECIFIED,,,GOOGLE_CANONICAL_ABSENT,,0,,0,,no,UNKNOWN,,200,,,,,,,,
https://funnytools.win/tools/image-crop/,zh-TW,zh,tool,image,sitemap-tools.xml,2026-09-03,10,200 live verified,yes,51,23,1,1733,1708,0.9855741488747836,,圖片裁切工具｜免費線上裁剪大頭貼與縮圖 - FunnyTools,image-crop,transform|image-crop|image-crop|transformed-output|image-crop|general,MEDIUM,2,0.814,0.689,ADJACENT; COMPLEMENTARY,KEEP,low,Unknown,no,unknown,unknown,2026-09-13T08:39:35.277Z,https://search.google.com/search-console/inspect?resource_id=sc-domain:funnytools.win&id=s1YDBqYks4AJlTGeC74aUg&utm_medium=link&utm_source=api,NEUTRAL,Google 無法辨識的網址,ROBOTS_TXT_STATE_UNSPECIFIED,INDEXING_STATE_UNSPECIFIED,,0,never crawled,PAGE_FETCH_STATE_UNSPECIFIED,,,GOOGLE_CANONICAL_ABSENT,,0,,0,,no,UNKNOWN,,200,,,,,,,,
https://funnytools.win/tools/image-resizer/,zh-TW,zh,tool,image,sitemap-tools.xml,2026-09-03,10,200 live verified,yes,53,47,1,1724,1702,0.9872389791183295,,圖片尺寸調整｜本機縮放寬高與比例 - FunnyTools,image-resizer,transform|image-resizer|image-resizer|transformed-output|image-resizer|general,MEDIUM,4,0.869,0.676,ADJACENT,KEEP,low,Crawled Not Indexed,yes,yes,no,2026-09-13T08:39:36.721Z,https://search.google.com/search-console/inspect?resource_id=sc-domain:funnytools.win&id=KcCxGe5jaAJOMC1fuQWY9w&utm_medium=link&utm_source=api,NEUTRAL,已檢索 - 目前尚未建立索引,ALLOWED,INDEXING_ALLOWED,2026-08-21T12:12:53Z,22,15–30 days,SUCCESSFUL,https://funnytools.win/tools/image-resizer/,https://funnytools.win/tools/image-resizer/,SELF_MATCH,MOBILE,0,,3,http://funnytools.win/tools/image-resizer/; https://funnytools.win/; https://funnytools.win/tools/,no,UNKNOWN,,200,,,,,,,,
https://funnytools.win/tools/image-rotate-flip/,zh-TW,zh,tool,image,sitemap-tools.xml,2026-09-02,11,200 live verified,yes,48,11,1,949,924,0.9736564805057956,,圖片旋轉翻轉工具｜線上免費旋轉、鏡像圖片 - FunnyTools,image-rotate-flip,transform|image-rotate-flip|image-rotate-flip|transformed-output|image-rotate-flip|general,MEDIUM,1,0.803,0.543,ADJACENT,KEEP,low,Crawled Not Indexed,yes,yes,no,2026-09-13T08:39:42.215Z,https://search.google.com/search-console/inspect?resource_id=sc-domain:funnytools.win&id=biSJR31AQCVkVn1wt1f4XQ&utm_medium=link&utm_source=api,NEUTRAL,已檢索 - 目前尚未建立索引,ALLOWED,INDEXING_ALLOWED,2026-08-13T00:55:12Z,31,>30 days,SUCCESSFUL,https://funnytools.win/tools/image-rotate-flip/,https://funnytools.win/tools/image-rotate-flip/,SELF_MATCH,MOBILE,0,,2,https://funnytools.win/; https://funnytools.win/en/tools/image-rotate-flip/,no,UNKNOWN,,200,,,,,0,5,0,51.2
https://funnytools.win/tools/image-to-base64/,zh-TW,zh,tool,image,sitemap-tools.xml,2026-09-03,10,200 live verified,yes,49,13,1,1667,1648,0.9886022795440912,,圖片轉 Base64｜線上免費 Image 轉 Data URI - FunnyTools,image-to-base64,convert|image|base64|base64-output|directional-conversion|general,MEDIUM,0,,,,KEEP,low,Unknown,no,unknown,unknown,2026-09-13T08:39:43.817Z,https://search.google.com/search-console/inspect?resource_id=sc-domain:funnytools.win&id=uDMq5x_RKNyFyVY5nttEmA&utm_medium=link&utm_source=api,NEUTRAL,Google 無法辨識的網址,ROBOTS_TXT_STATE_UNSPECIFIED,INDEXING_STATE_UNSPECIFIED,,0,never crawled,PAGE_FETCH_STATE_UNSPECIFIED,,,GOOGLE_CANONICAL_ABSENT,,0,,0,,no,UNKNOWN,,200,,,,,,,,
https://funnytools.win/tools/image-to-dxf/,zh-TW,zh,tool,draw,sitemap-tools.xml,2026-08-30,14,200 live verified,yes,44,11,1,1550,1527,0.9851612903225806,,圖片轉 DXF｜JPG、PNG 線稿向量化與比例校正 - FunnyTools,image-to-dxf,convert|image|dxf|dxf-output|directional-conversion|general,MEDIUM,0,,,,KEEP,low,Unknown,no,unknown,unknown,2026-09-13T08:39:45.264Z,https://search.google.com/search-console/inspect?resource_id=sc-domain:funnytools.win&id=Tn9DvouXxWTfe7gqJSyxeQ&utm_medium=link&utm_source=api,NEUTRAL,Google 無法辨識的網址,ROBOTS_TXT_STATE_UNSPECIFIED,INDEXING_STATE_UNSPECIFIED,,0,never crawled,PAGE_FETCH_STATE_UNSPECIFIED,,,GOOGLE_CANONICAL_ABSENT,,0,,0,,no,UNKNOWN,,200,,,,,,,,
https://funnytools.win/tools/images-to-pdf/,zh-TW,zh,tool,pdf,sitemap-tools.xml,2026-09-03,10,200 live verified,yes,51,27,1,1783,1764,0.9893438025799215,,圖片轉 PDF｜JPG PNG 排序合併成 PDF - FunnyTools,images-to-pdf,convert|images|pdf|pdf-output|directional-conversion|general,MEDIUM,4,0.814,0.742,ADJACENT; DIFFERENT,KEEP,low,Crawled Not Indexed,yes,yes,no,2026-09-13T08:39:49.350Z,https://search.google.com/search-console/inspect?resource_id=sc-domain:funnytools.win&id=e1hodt_IUYWdhWZokef3Jw&utm_medium=link&utm_source=api,NEUTRAL,已檢索 - 目前尚未建立索引,ALLOWED,INDEXING_ALLOWED,2026-08-30T04:42:19Z,14,7–14 days,SUCCESSFUL,https://funnytools.win/tools/images-to-pdf/,https://funnytools.win/tools/images-to-pdf/,SELF_MATCH,MOBILE,0,,2,https://funnytools.win/; https://funnytools.win/tools/,no,UNKNOWN,,200,,,,,,,,
https://funnytools.win/tools/independent-samples-t-test-calculator/,zh-TW,zh,tool,statistics,sitemap-tools.xml,2026-09-10,3,200 live verified,yes,51,16,1,1256,1236,0.9840764331210191,,獨立樣本 t 檢定計算器｜Welch t test - FunnyTools,independent-samples-t-test-calculator,calculate|independent-samples-t-test|independent-samples-t-test|calculated-result|independent-samples-t-test|general,MEDIUM,4,0.845,0.658,ADJACENT,KEEP,low,Crawled Not Indexed,yes,yes,no,2026-09-13T08:39:50.955Z,https://search.google.com/search-console/inspect?resource_id=sc-domain:funnytools.win&id=jYq9Eg2Vdrw5C8RzfjT3-w&utm_medium=link&utm_source=api,NEUTRAL,已檢索 - 目前尚未建立索引,ALLOWED,INDEXING_ALLOWED,2026-08-20T16:57:58Z,23,15–30 days,SUCCESSFUL,https://funnytools.win/tools/independent-samples-t-test-calculator/,https://funnytools.win/tools/independent-samples-t-test-calculator/,SELF_MATCH,MOBILE,0,,2,http://funnytools.win/tools/independent-samples-t-test-calculator/; https://funnytools.win/,no,UNKNOWN,,200,,,,,,,,
https://funnytools.win/tools/inflation/,zh-TW,zh,tool,money,sitemap-tools.xml,2026-09-04,9,200 live verified,yes,47,14,1,1325,1303,0.9833962264150944,,通膨計算器｜購買力與未來成本試算 - FunnyTools,inflation,use|inflation|inflation|tool-result|inflation|general,MEDIUM,0,,,,KEEP,low,Crawled Not Indexed,yes,yes,no,2026-09-13T08:39:52.188Z,https://search.google.com/search-console/inspect?resource_id=sc-domain:funnytools.win&id=dtoAFnIIYiT2MOttPFcqdg&utm_medium=link&utm_source=api,NEUTRAL,已檢索 - 目前尚未建立索引,ALLOWED,INDEXING_ALLOWED,2026-09-04T15:50:56Z,8,7–14 days,SUCCESSFUL,https://funnytools.win/tools/inflation/,https://funnytools.win/tools/inflation/,SELF_MATCH,MOBILE,0,,2,https://funnytools.win/; https://funnytools.win/en/tools/inflation/,no,UNKNOWN,,200,,,,,0,3,0,13.666666666666666
https://funnytools.win/tools/jpg-to-png/,zh-TW,zh,tool,image,sitemap-tools.xml,2026-09-02,11,200 live verified,yes,49,24,1,1613,1590,0.9857408555486671,,JPG 轉 PNG｜本機圖片轉檔與報告素材整理 - FunnyTools,jpg-to-png,convert|jpg|png|png-file|image-format-conversion|general,HIGH,8,0.946,0.895,ADJACENT; DIFFERENT,KEEP,high,Crawled Not Indexed,yes,yes,no,2026-09-13T08:39:56.329Z,https://search.google.com/search-console/inspect?resource_id=sc-domain:funnytools.win&id=U6un46WMh9vbMdwyXwkPAQ&utm_medium=link&utm_source=api,NEUTRAL,已檢索 - 目前尚未建立索引,ALLOWED,INDEXING_ALLOWED,2026-07-17T10:39:30Z,57,>30 days,SUCCESSFUL,https://funnytools.win/tools/jpg-to-png/,https://funnytools.win/tools/jpg-to-png/,SELF_MATCH,MOBILE,0,,2,https://funnytools.win/en/tools/jpg-to-png/; https://funnytools.win/,no,UNKNOWN,,200,,,,,,,,
https://funnytools.win/tools/jpg-to-webp/,zh-TW,zh,tool,image,sitemap-tools.xml,2026-09-03,10,200 live verified,yes,51,19,1,1664,1643,0.9873798076923077,,JPG 轉 WebP｜網站圖片壓縮與格式轉換 - FunnyTools,jpg-to-webp,convert|jpg|webp|webp-file|image-format-conversion|general,HIGH,8,0.939,0.898,ADJACENT; DIFFERENT; UNKNOWN,KEEP,high,Crawled Not Indexed,yes,yes,no,2026-09-13T08:39:57.919Z,https://search.google.com/search-console/inspect?resource_id=sc-domain:funnytools.win&id=ehyyckdGW6esaH4kkzfAtA&utm_medium=link&utm_source=api,NEUTRAL,已檢索 - 目前尚未建立索引,ALLOWED,INDEXING_ALLOWED,2026-07-31T20:18:32Z,43,>30 days,SUCCESSFUL,https://funnytools.win/tools/jpg-to-webp/,https://funnytools.win/tools/jpg-to-webp/,SELF_MATCH,MOBILE,0,,3,https://funnytools.win/en/tools/jpg-to-webp/; https://funnytools.win/; http://funnytools.win/tools/jpg-to-webp/,no,UNKNOWN,,200,,,,,,,,
https://funnytools.win/tools/json-formatter/,zh-TW,zh,tool,text,sitemap-tools.xml,2026-09-03,10,200 live verified,yes,51,27,1,1560,1539,0.9865384615384616,,JSON 格式化與驗證｜整理、壓縮與除錯 - FunnyTools,json-formatter,format|json-formatter|json-formatter|formatted-output|json-formatter|general,MEDIUM,3,0.806,0.7,ADJACENT; COMPLEMENTARY,KEEP,low,Crawled Not Indexed,yes,yes,no,2026-09-13T08:39:59.182Z,https://search.google.com/search-console/inspect?resource_id=sc-domain:funnytools.win&id=vC3zD8k7R7tPKLlJc-VHig&utm_medium=link&utm_source=api,NEUTRAL,已檢索 - 目前尚未建立索引,ALLOWED,INDEXING_ALLOWED,2026-08-13T03:14:50Z,31,>30 days,SUCCESSFUL,https://funnytools.win/tools/json-formatter/,https://funnytools.win/tools/json-formatter/,SELF_MATCH,MOBILE,0,,3,https://funnytools.win/; https://funnytools.win/category/text/; https://funnytools.win/tools/,no,UNKNOWN,,200,,,,,,,,
https://funnytools.win/tools/json-to-csv/,zh-TW,zh,tool,text,sitemap-tools.xml,2026-09-03,10,200 live verified,yes,50,14,1,1434,1414,0.9860529986052998,,JSON 轉 CSV 工具｜物件陣列匯出表格 - FunnyTools,json-to-csv,convert|json|csv|csv-data|data-format-conversion|general,HIGH,2,0.91,0.827,ADJACENT; DIFFERENT,KEEP,high,Crawled Not Indexed,yes,yes,no,2026-09-13T08:40:03.711Z,https://search.google.com/search-console/inspect?resource_id=sc-domain:funnytools.win&id=QHhZEMJXFVl8BShxiL-gUw&utm_medium=link&utm_source=api,NEUTRAL,已檢索 - 目前尚未建立索引,ALLOWED,INDEXING_ALLOWED,2026-08-22T00:39:55Z,22,15–30 days,SUCCESSFUL,https://funnytools.win/tools/json-to-csv/,https://funnytools.win/tools/json-to-csv/,SELF_MATCH,MOBILE,0,,4,https://funnytools.win/; https://funnytools.win/en/tools/json-to-csv/; https://funnytools.win/tools/csv-to-json/; http://funnytools.win/en/tools/json-to-csv/,no,UNKNOWN,,200,,,,,,,,
https://funnytools.win/tools/markdown-previewer/,zh-TW,zh,tool,text,sitemap-tools.xml,2026-09-02,11,200 live verified,yes,48,13,1,1376,1357,0.9861918604651163,,Markdown 預覽器｜即時編輯與 HTML 匯出 - FunnyTools,markdown-previewer,preview|markdown-previewer|markdown-previewer|preview|markdown-previewer|general,MEDIUM,0,,,,KEEP,low,Crawled Not Indexed,yes,yes,no,2026-09-13T08:40:04.912Z,https://search.google.com/search-console/inspect?resource_id=sc-domain:funnytools.win&id=4nSWyvT5WqHPXSkZlIm4fA&utm_medium=link&utm_source=api,NEUTRAL,已檢索 - 目前尚未建立索引,ALLOWED,INDEXING_ALLOWED,2026-08-18T22:51:31Z,25,15–30 days,SUCCESSFUL,https://funnytools.win/tools/markdown-previewer/,https://funnytools.win/tools/markdown-previewer/,SELF_MATCH,MOBILE,0,,2,https://funnytools.win/; https://funnytools.win/category/text/,no,UNKNOWN,,200,,,,,0,6,0,21.333333333333332
https://funnytools.win/tools/merge-pdf/,zh-TW,zh,tool,pdf,sitemap-tools.xml,2026-09-03,10,200 live verified,yes,53,36,1,2857,2832,0.9912495624781239,,PDF 合併工具｜免費線上合併，排序後一鍵下載 - FunnyTools,merge-pdf,merge|pdf-files|pdf|combined-document|pdf-document-assembly|general,HIGH,4,0.84,0.782,COMPLEMENTARY; DIFFERENT,KEEP,low,Crawled Not Indexed,yes,yes,no,2026-09-13T08:40:06.110Z,https://search.google.com/search-console/inspect?resource_id=sc-domain:funnytools.win&id=hBAGLZtQ30PwZtnQ7mSlVw&utm_medium=link&utm_source=api,NEUTRAL,已檢索 - 目前尚未建立索引,ALLOWED,INDEXING_ALLOWED,2026-08-13T18:51:52Z,30,15–30 days,SUCCESSFUL,https://funnytools.win/tools/merge-pdf/,https://funnytools.win/tools/merge-pdf/,SELF_MATCH,MOBILE,0,,4,https://funnytools.win/en/tools/merge-pdf/; https://funnytools.win/; https://www.dcard.tw/topics/%E5%AF%A6%E7%BF%92?latest=true; https://funnytools.win/tools/,no,UNKNOWN,,200,,,,,,,,
https://funnytools.win/tools/mortgage-payment/,zh-TW,zh,tool,money,sitemap-tools.xml,2026-09-02,11,200 live verified,yes,47,17,1,1843,1818,0.9864351600651112,,房貸月付試算｜本息平均攤還、總利息計算器 - FunnyTools,mortgage-payment,use|mortgage-payment|mortgage-payment|tool-result|mortgage-payment|general,MEDIUM,1,0.839,0.765,ADJACENT,KEEP,low,Crawled Not Indexed,yes,yes,no,2026-09-13T08:40:10.914Z,https://search.google.com/search-console/inspect?resource_id=sc-domain:funnytools.win&id=aXROyFWi0U7OZ6giD9wOWQ&utm_medium=link&utm_source=api,NEUTRAL,已檢索 - 目前尚未建立索引,ALLOWED,INDEXING_ALLOWED,2026-08-16T14:55:56Z,27,15–30 days,SUCCESSFUL,https://funnytools.win/tools/mortgage-payment/,https://funnytools.win/tools/mortgage-payment/,SELF_MATCH,MOBILE,0,,2,https://funnytools.win/; https://funnytools.win/tools/compound-interest/,no,UNKNOWN,,200,,,,,,,,
https://funnytools.win/tools/net-salary/,zh-TW,zh,tool,money,sitemap-tools.xml,2026-09-02,11,200 live verified,yes,47,14,1,1343,1318,0.9813849590469099,,實領薪資試算｜可編輯費率的薪資估算工具 - FunnyTools,net-salary,calculate|net-salary|net-salary|calculated-result|net-salary|general,MEDIUM,0,,,,KEEP,low,Unknown,no,unknown,unknown,2026-09-13T08:40:11.861Z,https://search.google.com/search-console/inspect?resource_id=sc-domain:funnytools.win&id=r4HdpoIABCRez58YOSFYGA&utm_medium=link&utm_source=api,NEUTRAL,Google 無法辨識的網址,ROBOTS_TXT_STATE_UNSPECIFIED,INDEXING_STATE_UNSPECIFIED,,0,never crawled,PAGE_FETCH_STATE_UNSPECIFIED,,,GOOGLE_CANONICAL_ABSENT,,0,,0,,no,UNKNOWN,,200,,,,,,,,
https://funnytools.win/tools/normalized-score-converter/,zh-TW,zh,tool,statistics,sitemap-tools.xml,2026-09-03,10,200 live verified,yes,46,15,1,1050,1025,0.9761904761904762,,常態化分數轉換工具｜原始分數轉標準分數 - FunnyTools,normalized-score-converter,convert|raw-score-and-target-scale|standardized-score|normalized-score|score-standardization|general,HIGH,6,0.909,0.774,ADJACENT; COMPLEMENTARY,KEEP,low,Crawled Not Indexed,yes,yes,no,2026-09-13T08:40:13.235Z,https://search.google.com/search-console/inspect?resource_id=sc-domain:funnytools.win&id=ZJz6Oa4OaxXw3rwttdcjtw&utm_medium=link&utm_source=api,NEUTRAL,已檢索 - 目前尚未建立索引,ALLOWED,INDEXING_ALLOWED,2026-08-16T05:04:08Z,28,15–30 days,SUCCESSFUL,https://funnytools.win/tools/normalized-score-converter/,https://funnytools.win/tools/normalized-score-converter/,SELF_MATCH,MOBILE,0,,3,https://funnytools.win/en/tools/normalized-score-converter/; https://funnytools.win/; http://funnytools.win/en/tools/normalized-score-converter/,no,UNKNOWN,,200,,,,,,,,
https://funnytools.win/tools/overtime-pay/,zh-TW,zh,tool,money,sitemap-tools.xml,2026-09-02,11,200 live verified,yes,47,15,1,1806,1783,0.987264673311185,,加班費試算器｜可編輯時薪、時數與倍率 - FunnyTools,overtime-pay,use|overtime-pay|overtime-pay|tool-result|overtime-pay|general,MEDIUM,0,,,,KEEP,low,Crawled Not Indexed,yes,yes,no,2026-09-13T08:40:17.848Z,https://search.google.com/search-console/inspect?resource_id=sc-domain:funnytools.win&id=ImLeu-P5suPv2cyoRvwEcg&utm_medium=link&utm_source=api,NEUTRAL,已檢索 - 目前尚未建立索引,ALLOWED,INDEXING_ALLOWED,2026-08-14T02:48:49Z,30,15–30 days,SUCCESSFUL,https://funnytools.win/tools/overtime-pay/,https://funnytools.win/tools/overtime-pay/,SELF_MATCH,MOBILE,0,,2,https://funnytools.win/; https://funnytools.win/tools/,no,UNKNOWN,,200,,,,,0,3,0,9.333333333333334
https://funnytools.win/tools/password-generator/,zh-TW,zh,tool,random,sitemap-tools.xml,2026-09-02,11,200 live verified,yes,51,20,1,1520,1499,0.9861842105263158,,密碼產生器｜免費隨機強密碼工具 - FunnyTools,password-generator,generate|password|password|generated-result|password|general,MEDIUM,0,,,,KEEP,low,Unknown,no,unknown,unknown,2026-09-13T08:40:18.773Z,https://search.google.com/search-console/inspect?resource_id=sc-domain:funnytools.win&id=GJVvT3L9r42gTdZEDctu8A&utm_medium=link&utm_source=api,NEUTRAL,Google 無法辨識的網址,ROBOTS_TXT_STATE_UNSPECIFIED,INDEXING_STATE_UNSPECIFIED,,0,never crawled,PAGE_FETCH_STATE_UNSPECIFIED,,,GOOGLE_CANONICAL_ABSENT,,0,,0,,no,UNKNOWN,,200,,,,,,,,
https://funnytools.win/tools/pdf-compressor/,zh-TW,zh,tool,pdf,sitemap-tools.xml,2026-09-02,11,200 live verified,yes,52,32,1,1750,1726,0.9862857142857143,,PDF 壓縮工具｜保留文字與向量的三種模式 - FunnyTools,pdf-compressor,compress|pdf-compressor|pdf-compressor|smaller-file|pdf-compressor|general,MEDIUM,1,0.814,0.611,ADJACENT,KEEP,low,Crawled Not Indexed,yes,yes,no,2026-09-13T08:40:20.353Z,https://search.google.com/search-console/inspect?resource_id=sc-domain:funnytools.win&id=E8n6csp7nk5koKyy6KtX_g&utm_medium=link&utm_source=api,NEUTRAL,已檢索 - 目前尚未建立索引,ALLOWED,INDEXING_ALLOWED,2026-08-10T06:30:16Z,34,>30 days,SUCCESSFUL,https://funnytools.win/tools/pdf-compressor/,https://funnytools.win/tools/pdf-compressor/,SELF_MATCH,MOBILE,0,,2,https://funnytools.win/en/tools/pdf-compressor/; https://funnytools.win/,no,UNKNOWN,,200,,,,,,,,
https://funnytools.win/tools/pdf-page-reorder/,zh-TW,zh,tool,pdf,sitemap-tools.xml,2026-09-03,10,200 live verified,yes,51,24,1,1598,1575,0.9856070087609512,,PDF 頁面重新排序｜拖曳調整 PDF 頁面順序 - FunnyTools,pdf-page-reorder,reorder|pdf|pdf|reordered-document|pdf-page-editing|general,HIGH,8,0.887,0.746,COMPLEMENTARY; DIFFERENT,KEEP,low,Crawled Not Indexed,yes,yes,no,2026-09-13T08:40:24.807Z,https://search.google.com/search-console/inspect?resource_id=sc-domain:funnytools.win&id=bUHNdlmrP3E1Q6q21CwzRA&utm_medium=link&utm_source=api,NEUTRAL,已檢索 - 目前尚未建立索引,ALLOWED,INDEXING_ALLOWED,2026-08-09T03:49:08Z,35,>30 days,SUCCESSFUL,https://funnytools.win/tools/pdf-page-reorder/,https://funnytools.win/tools/pdf-page-reorder/,SELF_MATCH,MOBILE,0,,3,https://funnytools.win/fr/outils/reorganiser-pages-pdf/; https://funnytools.win/; http://funnytools.win/en/tools/pdf-page-reorder/,no,UNKNOWN,,200,,,,,0,5,0,2.6
https://funnytools.win/tools/pdf-table-to-excel/,zh-TW,zh,tool,pdf,sitemap-tools.xml,2026-09-03,10,200 live verified,yes,46,9,1,1491,1471,0.9865861837692823,,PDF 表格轉 Excel｜預覽、編輯後匯出 XLSX - FunnyTools,pdf-table-to-excel,convert|pdf-table|excel|spreadsheet-data|table-extraction|general,HIGH,1,0.845,0.728,DIFFERENT,KEEP,low,Unknown,no,unknown,unknown,2026-09-13T08:40:25.826Z,https://search.google.com/search-console/inspect?resource_id=sc-domain:funnytools.win&id=4sGgmsGbEbq8PukkNe9QXg&utm_medium=link&utm_source=api,NEUTRAL,Google 無法辨識的網址,ROBOTS_TXT_STATE_UNSPECIFIED,INDEXING_STATE_UNSPECIFIED,,0,never crawled,PAGE_FETCH_STATE_UNSPECIFIED,,,GOOGLE_CANONICAL_ABSENT,,0,,0,,no,UNKNOWN,,200,,,,,,,,
https://funnytools.win/tools/pdf-to-image/,zh-TW,zh,tool,pdf,sitemap-tools.xml,2026-09-03,10,200 live verified,yes,51,27,1,1689,1667,0.9869745411486086,,PDF 轉圖片工具｜每頁轉成 PNG 或 JPG 下載 - FunnyTools,pdf-to-image,convert|pdf|image|image-files|pdf-rendering|general,HIGH,4,0.835,0.686,COMPLEMENTARY; DIFFERENT,KEEP,low,Unknown,no,unknown,unknown,2026-09-13T08:40:27.311Z,https://search.google.com/search-console/inspect?resource_id=sc-domain:funnytools.win&id=UHSfGOmjtw02I6KgocaNUQ&utm_medium=link&utm_source=api,NEUTRAL,Google 無法辨識的網址,ROBOTS_TXT_STATE_UNSPECIFIED,INDEXING_STATE_UNSPECIFIED,,0,never crawled,PAGE_FETCH_STATE_UNSPECIFIED,,,GOOGLE_CANONICAL_ABSENT,,0,,0,,no,UNKNOWN,,200,,,,,,,,
https://funnytools.win/tools/pdf-to-word/,zh-TW,zh,tool,pdf,sitemap-tools.xml,2026-09-03,10,200 live verified,yes,48,14,1,1689,1669,0.9881586737714624,,PDF 轉可編輯 Word｜DOCX 與 OCR 轉換工具 - FunnyTools,pdf-to-word,convert|pdf|word|word-document|document-conversion|general,HIGH,1,0.845,0.728,DIFFERENT,KEEP,low,Unknown,no,unknown,unknown,2026-09-13T08:40:31.777Z,https://search.google.com/search-console/inspect?resource_id=sc-domain:funnytools.win&id=OLMYEoGgNpvroEI5OPT13g&utm_medium=link&utm_source=api,NEUTRAL,Google 無法辨識的網址,ROBOTS_TXT_STATE_UNSPECIFIED,INDEXING_STATE_UNSPECIFIED,,0,never crawled,PAGE_FETCH_STATE_UNSPECIFIED,,,GOOGLE_CANONICAL_ABSENT,,0,,0,,no,UNKNOWN,,200,,,,,,,,
https://funnytools.win/tools/percentage-calculator/,zh-TW,zh,tool,statistics,sitemap-tools.xml,2026-09-03,10,200 live verified,yes,52,19,1,1270,1247,0.9818897637795275,,百分比計算器｜折扣、占比與百分比增減 - FunnyTools,percentage-calculator,calculate|percentage|percentage|calculated-result|percentage|general,MEDIUM,1,0.8,0.697,ADJACENT,IMPROVE,low,Crawled Not Indexed,yes,yes,no,2026-09-13T08:40:32.784Z,https://search.google.com/search-console/inspect?resource_id=sc-domain:funnytools.win&id=eCapd7suVSgCUZ8b23CgOg&utm_medium=link&utm_source=api,NEUTRAL,已檢索 - 目前尚未建立索引,ALLOWED,INDEXING_ALLOWED,2026-08-05T23:14:21Z,38,>30 days,SUCCESSFUL,https://funnytools.win/tools/percentage-calculator/,https://funnytools.win/tools/percentage-calculator/,SELF_MATCH,MOBILE,0,,3,https://funnytools.win/fr/outils/calculateur-pourcentage/; https://funnytools.win/; https://funnytools.win/en/tools/percentage-calculator/,no,UNKNOWN,,200,,,,,0,10,0,8.2
https://funnytools.win/tools/percentile-rank-calculator/,zh-TW,zh,tool,statistics,sitemap-tools.xml,2026-09-03,10,200 live verified,yes,49,23,1,1167,1146,0.9820051413881749,,PR 百分等級計算器｜Percentile Rank 線上估算 - FunnyTools,percentile-rank-calculator,calculate|score-and-distribution|rank|percentile-rank|rank-calculation|general,HIGH,7,0.869,0.669,ADJACENT; COMPLEMENTARY,KEEP,low,Crawled Not Indexed,yes,yes,no,2026-09-13T08:40:34.444Z,https://search.google.com/search-console/inspect?resource_id=sc-domain:funnytools.win&id=KZr51CJmxx9rEB5MjljbGw&utm_medium=link&utm_source=api,NEUTRAL,已檢索 - 目前尚未建立索引,ALLOWED,INDEXING_ALLOWED,2026-08-11T09:48:06Z,32,>30 days,SUCCESSFUL,https://funnytools.win/tools/percentile-rank-calculator/,https://funnytools.win/tools/percentile-rank-calculator/,SELF_MATCH,MOBILE,0,,2,https://funnytools.win/; https://funnytools.win/tools/normalized-score-converter/,no,UNKNOWN,,200,,,,,0,1,0,17
https://funnytools.win/tools/pie-chart-maker/,zh-TW,zh,tool,draw,sitemap-tools.xml,2026-09-02,11,200 live verified,yes,51,19,1,2025,2001,0.9881481481481481,,圓餅圖製作工具｜線上免費圓餅圖產生器 - FunnyTools,pie-chart-maker,create|pie-chart|pie-chart|created-artifact|pie-chart|general,MEDIUM,1,0.863,0.686,ADJACENT,KEEP,low,Crawled Not Indexed,yes,yes,no,2026-09-13T08:40:41.762Z,https://search.google.com/search-console/inspect?resource_id=sc-domain:funnytools.win&id=TaE-xj2duq0WQWnPG4d51g&utm_medium=link&utm_source=api,NEUTRAL,已檢索 - 目前尚未建立索引,ALLOWED,INDEXING_ALLOWED,2026-08-19T14:27:52Z,24,15–30 days,SUCCESSFUL,https://funnytools.win/tools/pie-chart-maker/,https://funnytools.win/tools/pie-chart-maker/,SELF_MATCH,MOBILE,0,,2,https://funnytools.win/; https://funnytools.win/tools/bar-chart-maker/,no,UNKNOWN,,200,,,,,0,5,0,89.4
https://funnytools.win/tools/png-to-jpg/,zh-TW,zh,tool,image,sitemap-tools.xml,2026-09-03,10,200 live verified,yes,51,28,1,1742,1721,0.9879448909299655,,PNG 轉 JPG｜透明背景與圖片壓縮轉檔 - FunnyTools,png-to-jpg,convert|png|jpg|jpg-file|image-format-conversion|general,HIGH,4,0.946,0.895,ADJACENT; DIFFERENT,KEEP,high,Crawled Not Indexed,yes,yes,no,2026-09-13T08:40:39.864Z,https://search.google.com/search-console/inspect?resource_id=sc-domain:funnytools.win&id=fVQJ0lbPmmBSmFfSn_NSLA&utm_medium=link&utm_source=api,NEUTRAL,已檢索 - 目前尚未建立索引,ALLOWED,INDEXING_ALLOWED,2026-08-15T08:41:36Z,28,15–30 days,SUCCESSFUL,https://funnytools.win/tools/png-to-jpg/,https://funnytools.win/tools/png-to-jpg/,SELF_MATCH,MOBILE,0,,3,https://funnytools.win/en/tools/png-to-jpg/; https://funnytools.win/; https://funnytools.win/tools/,no,UNKNOWN,,200,,,,,,,,
https://funnytools.win/tools/pomodoro-timer/,zh-TW,zh,tool,time,sitemap-tools.xml,2026-09-02,11,200 live verified,yes,51,20,1,1681,1656,0.9851279000594884,,番茄鐘計時器｜免費線上 Pomodoro 專注與休息計時 - FunnyTools,pomodoro-timer,use|pomodoro-timer|pomodoro-timer|tool-result|pomodoro-timer|general,MEDIUM,1,0.806,0.654,ADJACENT,KEEP,low,Crawled Not Indexed,yes,yes,no,2026-09-13T08:40:41.818Z,https://search.google.com/search-console/inspect?resource_id=sc-domain:funnytools.win&id=nkdcJOzRGVdsMBxqayknSQ&utm_medium=link&utm_source=api,NEUTRAL,已檢索 - 目前尚未建立索引,ALLOWED,INDEXING_ALLOWED,2026-08-16T18:47:52Z,27,15–30 days,SUCCESSFUL,https://funnytools.win/tools/pomodoro-timer/,https://funnytools.win/tools/pomodoro-timer/,SELF_MATCH,MOBILE,0,,3,https://funnytools.win/; http://funnytools.win/; https://funnytools.win/tools/,no,UNKNOWN,,200,,,,,,,,
https://funnytools.win/tools/qr-code-generator/,zh-TW,zh,tool,image,sitemap-tools.xml,2026-09-03,10,200 live verified,yes,54,56,1,1810,1786,0.9867403314917127,,QR Code 產生器｜免費製作網址、文字與 Wi-Fi QR Code - FunnyTools,qr-code-generator,generate|qr-code|qr-code|generated-result|qr-code|general,MEDIUM,0,,,,KEEP,low,Crawled Not Indexed,yes,yes,no,2026-09-13T08:40:46.832Z,https://search.google.com/search-console/inspect?resource_id=sc-domain:funnytools.win&id=JbGSsTGeZDFSn09IQNDXRA&utm_medium=link&utm_source=api,NEUTRAL,已檢索 - 目前尚未建立索引,ALLOWED,INDEXING_ALLOWED,2026-08-13T12:43:58Z,30,15–30 days,SUCCESSFUL,https://funnytools.win/tools/qr-code-generator/,https://funnytools.win/tools/qr-code-generator/,SELF_MATCH,MOBILE,0,,3,https://funnytools.win/; http://funnytools.win/; https://funnytools.win/tools/,no,UNKNOWN,,200,,,,,0,3,0,91.33333333333333
https://funnytools.win/tools/random-group-generator/,zh-TW,zh,tool,random,sitemap-tools.xml,2026-09-02,11,200 live verified,yes,52,34,1,1586,1560,0.9836065573770492,,隨機分組工具｜免費產生公平隨機小組與團隊 - FunnyTools,random-group-generator,generate|random-group|random-group|generated-result|random-group|general,MEDIUM,5,0.919,0.778,ADJACENT; COMPLEMENTARY; DIFFERENT,IMPROVE,low,Unknown,no,unknown,unknown,2026-09-13T08:40:48.770Z,https://search.google.com/search-console/inspect?resource_id=sc-domain:funnytools.win&id=VZ2WQii6qBNuJHBh6YANwA&utm_medium=link&utm_source=api,NEUTRAL,Google 無法辨識的網址,ROBOTS_TXT_STATE_UNSPECIFIED,INDEXING_STATE_UNSPECIFIED,,0,never crawled,PAGE_FETCH_STATE_UNSPECIFIED,,,GOOGLE_CANONICAL_ABSENT,,0,,0,,no,UNKNOWN,,200,,,,,,,,
https://funnytools.win/tools/random-name-picker/,zh-TW,zh,tool,random,sitemap-tools.xml,2026-09-03,10,200 live verified,yes,53,27,1,2034,2010,0.9882005899705014,,姓名抽籤｜免費隨機姓名抽選器線上工具 - FunnyTools,random-name-picker,select|random-name-picker|random-name-picker|selected-result|random-name-picker|general,MEDIUM,4,0.881,0.78,ADJACENT; COMPLEMENTARY; DIFFERENT,KEEP,low,Crawled Not Indexed,yes,yes,no,2026-09-13T08:40:49.293Z,https://search.google.com/search-console/inspect?resource_id=sc-domain:funnytools.win&id=VaxMM5oXHo8fkOQjvM22Wg&utm_medium=link&utm_source=api,NEUTRAL,已檢索 - 目前尚未建立索引,ALLOWED,INDEXING_ALLOWED,2026-08-17T01:49:34Z,27,15–30 days,SUCCESSFUL,https://funnytools.win/tools/random-name-picker/,https://funnytools.win/tools/random-name-picker/,SELF_MATCH,MOBILE,0,,2,https://funnytools.win/; https://funnytools.win/tools/random-number-picker/,no,UNKNOWN,,200,,,,,2,55,0.03636363636363636,7.254545454545455
https://funnytools.win/tools/random-number-picker/,zh-TW,zh,tool,random,sitemap-tools.xml,2026-09-02,11,200 live verified,yes,51,29,1,1685,1658,0.9839762611275964,,隨機數字產生器｜免費抽號碼、亂數與不重複數字 - FunnyTools,random-number-picker,select|random-number-picker|random-number-picker|selected-result|random-number-picker|general,MEDIUM,2,0.837,0.695,ADJACENT,KEEP,low,Crawled Not Indexed,yes,yes,no,2026-09-13T08:40:53.753Z,https://search.google.com/search-console/inspect?resource_id=sc-domain:funnytools.win&id=b_HVMOcZ7nOLPxgSA4HsuA&utm_medium=link&utm_source=api,NEUTRAL,已檢索 - 目前尚未建立索引,ALLOWED,INDEXING_ALLOWED,2026-08-17T05:37:52Z,27,15–30 days,SUCCESSFUL,https://funnytools.win/tools/random-number-picker/,https://funnytools.win/tools/random-number-picker/,SELF_MATCH,MOBILE,0,,3,https://funnytools.win/en/tools/random-number-picker/; https://funnytools.win/; https://funnytools.win/tools/,no,UNKNOWN,,200,,,,,0,4,0,85.25
https://funnytools.win/tools/random-student-picker/,zh-TW,zh,tool,study,sitemap-tools.xml,2026-09-02,11,200 live verified,yes,52,28,1,1688,1666,0.9869668246445498,,隨機點名工具｜免費課堂抽學生工具 - FunnyTools,random-student-picker,select|random-student-picker|random-student-picker|selected-result|random-student-picker|general,MEDIUM,4,0.881,0.78,ADJACENT; COMPLEMENTARY; DIFFERENT; UNKNOWN,KEEP,low,Crawled Not Indexed,yes,yes,no,2026-09-13T08:40:55.730Z,https://search.google.com/search-console/inspect?resource_id=sc-domain:funnytools.win&id=EVP_Lf4dlEUYpdIF_PyQgQ&utm_medium=link&utm_source=api,NEUTRAL,已檢索 - 目前尚未建立索引,ALLOWED,INDEXING_ALLOWED,2026-08-14T04:03:26Z,30,15–30 days,SUCCESSFUL,https://funnytools.win/tools/random-student-picker/,https://funnytools.win/tools/random-student-picker/,SELF_MATCH,MOBILE,0,,2,https://funnytools.win/; https://funnytools.win/tools/,no,UNKNOWN,,200,,,,,0,13,0,4.846153846153847
https://funnytools.win/tools/random-wheel/,zh-TW,zh,tool,random,sitemap-tools.xml,2026-09-02,11,200 live verified,yes,52,24,1,1618,1596,0.9864029666254636,,轉盤抽籤｜隨機名單、獎項與決定轉盤 - FunnyTools,random-wheel,select|random-wheel|random-wheel|selected-result|random-wheel|general,MEDIUM,3,0.839,0.658,ADJACENT,KEEP,low,Crawled Not Indexed,yes,yes,no,2026-09-13T08:40:56.269Z,https://search.google.com/search-console/inspect?resource_id=sc-domain:funnytools.win&id=C1FN7FRu8Uv_OYIcWLGT4Q&utm_medium=link&utm_source=api,NEUTRAL,已檢索 - 目前尚未建立索引,ALLOWED,INDEXING_ALLOWED,2026-08-13T16:01:30Z,30,15–30 days,SUCCESSFUL,https://funnytools.win/tools/random-wheel/,https://funnytools.win/tools/random-wheel/,SELF_MATCH,MOBILE,0,,2,https://funnytools.win/; https://funnytools.win/tools/what-to-eat/,no,UNKNOWN,,200,,,,,0,16,0,23.75
https://funnytools.win/tools/remove-duplicate-lines/,zh-TW,zh,tool,text,sitemap-tools.xml,2026-09-02,11,200 live verified,yes,48,15,1,1110,1088,0.9801801801801802,,移除重複行｜免費唯一清單整理工具 - FunnyTools,remove-duplicate-lines,remove|remove-duplicate-lines|remove-duplicate-lines|cleaned-output|remove-duplicate-lines|general,MEDIUM,2,0.894,0.695,ADJACENT,KEEP,low,Crawled Not Indexed,yes,yes,no,2026-09-13T08:41:00.715Z,https://search.google.com/search-console/inspect?resource_id=sc-domain:funnytools.win&id=hD-fEm5nCaYuNXSxM7h6aQ&utm_medium=link&utm_source=api,NEUTRAL,已檢索 - 目前尚未建立索引,ALLOWED,INDEXING_ALLOWED,2026-08-13T19:00:17Z,30,15–30 days,SUCCESSFUL,https://funnytools.win/tools/remove-duplicate-lines/,https://funnytools.win/tools/remove-duplicate-lines/,SELF_MATCH,MOBILE,0,,3,https://funnytools.win/en/tools/remove-duplicate-lines/; https://funnytools.win/; https://funnytools.win/tools/,no,UNKNOWN,,200,,,,,,,,
https://funnytools.win/tools/remove-empty-lines/,zh-TW,zh,tool,text,sitemap-tools.xml,2026-09-02,11,200 live verified,yes,51,20,1,1423,1403,0.9859451862262825,,移除空白行｜免費文字清理工具 - FunnyTools,remove-empty-lines,remove|remove-empty-lines|remove-empty-lines|cleaned-output|remove-empty-lines|general,MEDIUM,3,0.883,0.695,ADJACENT,KEEP,low,Crawled Not Indexed,yes,yes,no,2026-09-13T08:41:02.877Z,https://search.google.com/search-console/inspect?resource_id=sc-domain:funnytools.win&id=jIh1KfQNnaLZgKt-ZgTZ8A&utm_medium=link&utm_source=api,NEUTRAL,已檢索 - 目前尚未建立索引,ALLOWED,INDEXING_ALLOWED,2026-08-20T12:07:30Z,23,15–30 days,SUCCESSFUL,https://funnytools.win/tools/remove-empty-lines/,https://funnytools.win/tools/remove-empty-lines/,SELF_MATCH,MOBILE,0,,3,https://funnytools.win/; https://funnytools.win/category/text/; https://funnytools.win/tools/case-converter/,no,UNKNOWN,,200,,,,,,,,
https://funnytools.win/tools/rotate-pdf/,zh-TW,zh,tool,pdf,sitemap-tools.xml,2026-09-02,11,200 live verified,yes,49,14,1,1849,1830,0.989724175229854,,PDF 旋轉｜批次旋轉 PDF 頁面方向 - FunnyTools,rotate-pdf,transform|rotate-pdf|rotate-pdf|transformed-output|rotate-pdf|general,MEDIUM,2,0.843,0.746,DIFFERENT,KEEP,low,Unknown,no,unknown,unknown,2026-09-13T08:41:03.655Z,https://search.google.com/search-console/inspect?resource_id=sc-domain:funnytools.win&id=qPbIUo88WP7yfvPrNzlJCg&utm_medium=link&utm_source=api,NEUTRAL,Google 無法辨識的網址,ROBOTS_TXT_STATE_UNSPECIFIED,INDEXING_STATE_UNSPECIFIED,,0,never crawled,PAGE_FETCH_STATE_UNSPECIFIED,,,GOOGLE_CANONICAL_ABSENT,,0,,0,,no,UNKNOWN,,200,,,,,,,,
https://funnytools.win/tools/savings-goal/,zh-TW,zh,tool,money,sitemap-tools.xml,2026-09-02,11,200 live verified,yes,47,15,1,1321,1296,0.9810749432248297,,儲蓄目標計算器｜達標時間與每月存款試算 - FunnyTools,savings-goal,use|savings-goal|savings-goal|tool-result|savings-goal|general,MEDIUM,1,0.839,0.765,ADJACENT,KEEP,low,Crawled Not Indexed,yes,yes,no,2026-09-13T08:41:07.819Z,https://search.google.com/search-console/inspect?resource_id=sc-domain:funnytools.win&id=_qansdPxEKnn4DInRnr29Q&utm_medium=link&utm_source=api,NEUTRAL,已檢索 - 目前尚未建立索引,ALLOWED,INDEXING_ALLOWED,2026-08-21T14:35:49Z,22,15–30 days,SUCCESSFUL,https://funnytools.win/tools/savings-goal/,https://funnytools.win/tools/savings-goal/,SELF_MATCH,MOBILE,0,,3,https://funnytools.win/en/tools/savings-goal/; https://funnytools.win/; https://funnytools.win/tools/net-salary/,no,UNKNOWN,,200,,,,,,,,
https://funnytools.win/tools/seating-chart/,zh-TW,zh,tool,study,sitemap-tools.xml,2026-09-03,10,200 live verified,yes,52,21,1,1959,1931,0.9857069933639612,,座位表產生器｜免費製作教室座位表與隨機排座位 - FunnyTools,seating-chart,use|seating-chart|seating-chart|tool-result|seating-chart|general,MEDIUM,0,,,,KEEP,low,Crawled Not Indexed,yes,yes,no,2026-09-13T08:41:09.870Z,https://search.google.com/search-console/inspect?resource_id=sc-domain:funnytools.win&id=j2ch9C4Lz4kElH06fzRa2w&utm_medium=link&utm_source=api,NEUTRAL,已檢索 - 目前尚未建立索引,ALLOWED,INDEXING_ALLOWED,2026-08-18T23:10:18Z,25,15–30 days,SUCCESSFUL,https://funnytools.win/tools/seating-chart/,https://funnytools.win/tools/seating-chart/,SELF_MATCH,MOBILE,0,,2,https://funnytools.win/; https://funnytools.win/tools/,no,UNKNOWN,,200,0,1,0,64,0,4,0,55.75
https://funnytools.win/tools/sketchpad/,zh-TW,zh,tool,draw,sitemap-tools.xml,2026-09-02,11,200 live verified,yes,49,17,1,1720,1698,0.9872093023255814,,線上繪圖板｜免費手繪畫布與 PNG 匯出 - FunnyTools,sketchpad,create|sketchpad|sketchpad|created-artifact|sketchpad|general,MEDIUM,0,,,,KEEP,low,Crawled Not Indexed,yes,yes,no,2026-09-13T08:41:10.637Z,https://search.google.com/search-console/inspect?resource_id=sc-domain:funnytools.win&id=J9p11a52zQ_usIuFB8p4Vg&utm_medium=link&utm_source=api,NEUTRAL,已檢索 - 目前尚未建立索引,ALLOWED,INDEXING_ALLOWED,2026-08-19T16:33:56Z,24,15–30 days,SUCCESSFUL,https://funnytools.win/tools/sketchpad/,https://funnytools.win/tools/sketchpad/,SELF_MATCH,MOBILE,0,,4,https://funnytools.win/es/herramientas/pizarra-dibujo-online/; https://funnytools.win/; https://funnytools.win/en/tools/sketchpad/; https://funnytools.win/tools/pie-chart-maker/,no,UNKNOWN,,200,,,,,0,2,0,7.5
https://funnytools.win/tools/sort-lines/,zh-TW,zh,tool,text,sitemap-tools.xml,2026-09-02,11,200 live verified,yes,52,23,1,1301,1279,0.9830899308224442,,文字行排序｜免費多行文字排序工具 - FunnyTools,sort-lines,sort|sort-lines|sort-lines|sorted-output|sort-lines|general,MEDIUM,3,0.894,0.654,ADJACENT,KEEP,low,Crawled Not Indexed,yes,yes,no,2026-09-13T08:41:14.820Z,https://search.google.com/search-console/inspect?resource_id=sc-domain:funnytools.win&id=fuBfbshkWeXo3-HDjG879A&utm_medium=link&utm_source=api,NEUTRAL,已檢索 - 目前尚未建立索引,ALLOWED,INDEXING_ALLOWED,2026-08-13T03:57:13Z,31,>30 days,SUCCESSFUL,https://funnytools.win/tools/sort-lines/,https://funnytools.win/tools/sort-lines/,SELF_MATCH,MOBILE,0,,3,https://funnytools.win/; https://funnytools.win/category/text/; https://funnytools.win/tools/case-converter/,no,UNKNOWN,,200,,,,,,,,
https://funnytools.win/tools/split-pdf/,zh-TW,zh,tool,pdf,sitemap-tools.xml,2026-09-03,10,200 live verified,yes,53,30,1,2982,2955,0.9909456740442656,,分割 PDF 線上工具｜免費擷取頁面與自訂頁碼範圍 - FunnyTools,split-pdf,split|pdf|pdf-files|separate-documents|pdf-document-assembly|general,HIGH,5,0.874,0.744,COMPLEMENTARY; DIFFERENT,KEEP,low,Crawled Not Indexed,yes,yes,no,2026-09-13T08:41:16.804Z,https://search.google.com/search-console/inspect?resource_id=sc-domain:funnytools.win&id=bxDAvG1faZnklP17dPfzUw&utm_medium=link&utm_source=api,NEUTRAL,已檢索 - 目前尚未建立索引,ALLOWED,INDEXING_ALLOWED,2026-08-21T04:41:56Z,23,15–30 days,SUCCESSFUL,https://funnytools.win/tools/split-pdf/,https://funnytools.win/tools/split-pdf/,SELF_MATCH,MOBILE,0,,2,https://funnytools.win/; https://funnytools.win/tools/,no,UNKNOWN,,200,,,,,,,,
https://funnytools.win/tools/spss-result-interpreter/,zh-TW,zh,tool,statistics,sitemap-tools.xml,2026-09-03,10,200 live verified,yes,51,15,1,1367,1345,0.9839063643013899,,SPSS 結果解讀助手｜t 檢定與 ANOVA APA 報告 - FunnyTools,spss-result-interpreter,interpret|spss-result-interpreter|spss-result-interpreter|interpreted-result|spss-result-interpreter|general,MEDIUM,2,0.918,0.609,ADJACENT,KEEP,low,Crawled Not Indexed,yes,yes,no,2026-09-13T08:41:23.815Z,https://search.google.com/search-console/inspect?resource_id=sc-domain:funnytools.win&id=zKTKYktlFRD97StNMzxO1g&utm_medium=link&utm_source=api,NEUTRAL,已檢索 - 目前尚未建立索引,ALLOWED,INDEXING_ALLOWED,2026-08-18T09:19:35Z,25,15–30 days,SUCCESSFUL,https://funnytools.win/tools/spss-result-interpreter/,https://funnytools.win/tools/spss-result-interpreter/,SELF_MATCH,MOBILE,0,,1,https://funnytools.win/,no,UNKNOWN,,200,,,,,,,,
https://funnytools.win/tools/standard-deviation/,zh-TW,zh,tool,statistics,sitemap-tools.xml,2026-09-03,10,200 live verified,yes,52,28,1,2219,2194,0.9887336638125281,,標準差計算器｜平均數變異數與樣本標準差 - FunnyTools,standard-deviation,calculate|raw-scores|summary-statistics|mean-variance-standard-deviation|descriptive-statistics|general,HIGH,8,0.912,0.804,ADJACENT; COMPLEMENTARY,KEEP,high,Crawled Not Indexed,yes,yes,no,2026-09-13T08:41:21.738Z,https://search.google.com/search-console/inspect?resource_id=sc-domain:funnytools.win&id=8tAjgKIyissZHgtJHN5h5g&utm_medium=link&utm_source=api,NEUTRAL,已檢索 - 目前尚未建立索引,ALLOWED,INDEXING_ALLOWED,2026-08-20T20:15:42Z,23,15–30 days,SUCCESSFUL,https://funnytools.win/tools/standard-deviation/,https://funnytools.win/tools/standard-deviation/,SELF_MATCH,MOBILE,0,,1,https://funnytools.win/,no,UNKNOWN,,200,,,,,0,22,0,9.136363636363637
https://funnytools.win/tools/stopwatch/,zh-TW,zh,tool,time,sitemap-tools.xml,2026-09-02,11,200 live verified,yes,51,19,1,1457,1437,0.9862731640356898,,碼錶｜免費線上計時與圈速工具 - FunnyTools,stopwatch,use|stopwatch|stopwatch|tool-result|stopwatch|general,MEDIUM,0,,,,KEEP,low,Unknown,no,unknown,unknown,2026-09-13T08:41:23.902Z,https://search.google.com/search-console/inspect?resource_id=sc-domain:funnytools.win&id=VQzeuMmq7RooL2FfbG1IKg&utm_medium=link&utm_source=api,NEUTRAL,Google 無法辨識的網址,ROBOTS_TXT_STATE_UNSPECIFIED,INDEXING_STATE_UNSPECIFIED,,0,never crawled,PAGE_FETCH_STATE_UNSPECIFIED,,,GOOGLE_CANONICAL_ABSENT,,0,,0,,no,UNKNOWN,,200,,,,,,,,
https://funnytools.win/tools/t-score-calculator/,zh-TW,zh,tool,statistics,sitemap-tools.xml,2026-09-02,11,200 live verified,yes,55,26,1,2875,2866,0.9968695652173913,,T分數換算器｜Z分數轉T分數公式與範例 - FunnyTools,t-score-calculator,calculate|z-score|standardized-score|t-score|score-standardization|general,HIGH,7,0.939,0.911,ADJACENT; COMPLEMENTARY,KEEP,high,Crawled Not Indexed,yes,yes,no,2026-09-13T08:41:28.874Z,https://search.google.com/search-console/inspect?resource_id=sc-domain:funnytools.win&id=0NhP6GuzOkfXrLn-l86W3Q&utm_medium=link&utm_source=api,NEUTRAL,已檢索 - 目前尚未建立索引,ALLOWED,INDEXING_ALLOWED,2026-08-17T00:34:35Z,27,15–30 days,SUCCESSFUL,https://funnytools.win/tools/t-score-calculator/,https://funnytools.win/tools/t-score-calculator/,SELF_MATCH,MOBILE,0,,2,https://funnytools.win/; http://funnytools.win/tools/t-score-calculator/,no,UNKNOWN,,200,,,,,17,151,0.11258278145695365,8.251655629139073
https://funnytools.win/tools/teacher-exam-score-converter/,zh-TW,zh,tool,statistics,sitemap-tools.xml,2026-09-02,11,200 live verified,yes,51,16,1,2741,2713,0.9897847500912076,,教甄成績計算器｜免費試算筆試口試試教加權分數 - FunnyTools,teacher-exam-score-converter,calculate|teacher-exam-score-converter|teacher-exam-score-converter|calculated-result|teacher-exam-score-converter|general,MEDIUM,4,0.91,0.823,ADJACENT; COMPLEMENTARY,KEEP,high,Crawled Not Indexed,yes,yes,no,2026-09-13T08:41:30.930Z,https://search.google.com/search-console/inspect?resource_id=sc-domain:funnytools.win&id=KcXTUuE8mZR6CTIRtc3E_Q&utm_medium=link&utm_source=api,NEUTRAL,已檢索 - 目前尚未建立索引,ALLOWED,INDEXING_ALLOWED,2026-08-23T04:23:41Z,21,15–30 days,SUCCESSFUL,https://funnytools.win/tools/teacher-exam-score-converter/,https://funnytools.win/tools/teacher-exam-score-converter/,SELF_MATCH,MOBILE,0,,3,https://funnytools.win/en/tools/teacher-exam-score-converter/; https://funnytools.win/; http://funnytools.win/tools/teacher-exam-score-converter/,no,UNKNOWN,,200,,,,,1,18,0.05555555555555555,4.555555555555555
https://funnytools.win/tools/this-or-that/,zh-TW,zh,tool,random,sitemap-tools.xml,2026-09-02,11,200 live verified,yes,48,16,1,1255,1233,0.9824701195219123,,二選一決定器｜隨機選擇與快速決策 - FunnyTools,this-or-that,use|this-or-that|this-or-that|tool-result|this-or-that|general,MEDIUM,1,0.824,0.658,ADJACENT,KEEP,low,Crawled Not Indexed,yes,yes,no,2026-09-13T08:41:31.463Z,https://search.google.com/search-console/inspect?resource_id=sc-domain:funnytools.win&id=puIibQ9loCxh8I66JEneMw&utm_medium=link&utm_source=api,NEUTRAL,已檢索 - 目前尚未建立索引,ALLOWED,INDEXING_ALLOWED,2026-08-18T10:34:36Z,25,15–30 days,SUCCESSFUL,https://funnytools.win/tools/this-or-that/,https://funnytools.win/tools/this-or-that/,SELF_MATCH,MOBILE,0,,2,https://funnytools.win/; https://funnytools.win/tools/,no,UNKNOWN,,200,,,,,0,6,0,3.6666666666666665
https://funnytools.win/tools/timestamp-converter/,zh-TW,zh,tool,time,sitemap-tools.xml,2026-09-02,11,200 live verified,yes,49,16,1,1448,1426,0.9848066298342542,,Unix 時間戳轉換器｜Epoch 轉日期、UTC 與 ISO 8601 - FunnyTools,timestamp-converter,use|timestamp-converter|timestamp-converter|tool-result|timestamp-converter|general,MEDIUM,0,,,,KEEP,low,Crawled Not Indexed,yes,yes,no,2026-09-13T08:41:42.095Z,https://search.google.com/search-console/inspect?resource_id=sc-domain:funnytools.win&id=OUcwZx4ARvcNVh0tc-toUQ&utm_medium=link&utm_source=api,NEUTRAL,已檢索 - 目前尚未建立索引,ALLOWED,INDEXING_ALLOWED,2026-08-06T09:40:31Z,37,>30 days,SUCCESSFUL,https://funnytools.win/tools/timestamp-converter/,https://funnytools.win/tools/timestamp-converter/,SELF_MATCH,MOBILE,0,,2,https://funnytools.win/; http://funnytools.win/tools/timestamp-converter/,no,UNKNOWN,,200,,,,,0,10,0,27.3
https://funnytools.win/tools/url-encoder/,zh-TW,zh,tool,text,sitemap-tools.xml,2026-09-03,10,200 live verified,yes,51,24,1,1272,1252,0.9842767295597484,,URL 編碼解碼｜免費網址參數工具 - FunnyTools,url-encoder,use|url-encoder|url-encoder|tool-result|url-encoder|general,MEDIUM,1,0.83,0.61,ADJACENT,KEEP,low,Crawled Not Indexed,yes,yes,no,2026-09-13T08:41:38.167Z,https://search.google.com/search-console/inspect?resource_id=sc-domain:funnytools.win&id=UvtNshwr_L733LESrwMZYA&utm_medium=link&utm_source=api,NEUTRAL,已檢索 - 目前尚未建立索引,ALLOWED,INDEXING_ALLOWED,2026-08-21T16:53:29Z,22,15–30 days,SUCCESSFUL,https://funnytools.win/tools/url-encoder/,https://funnytools.win/tools/url-encoder/,SELF_MATCH,MOBILE,0,,3,https://funnytools.win/; https://funnytools.win/category/text/; https://funnytools.win/tools/,no,UNKNOWN,,200,,,,,0,2,0,9.5
https://funnytools.win/tools/uuid-generator/,zh-TW,zh,tool,random,sitemap-tools.xml,2026-09-02,11,200 live verified,yes,50,15,1,1530,1510,0.9869281045751634,,UUID 產生器｜批次產生 UUID v4 識別碼 - FunnyTools,uuid-generator,generate|uuid|uuid|generated-result|uuid|general,MEDIUM,0,,,,KEEP,low,Crawled Not Indexed,yes,yes,no,2026-09-13T08:41:44.634Z,https://search.google.com/search-console/inspect?resource_id=sc-domain:funnytools.win&id=KcZe77KpUR1we2Rg6C9CIA&utm_medium=link&utm_source=api,NEUTRAL,已檢索 - 目前尚未建立索引,ALLOWED,INDEXING_ALLOWED,2026-08-10T14:49:25Z,33,>30 days,SUCCESSFUL,https://funnytools.win/tools/uuid-generator/,https://funnytools.win/tools/uuid-generator/,SELF_MATCH,MOBILE,0,,2,https://funnytools.win/; http://funnytools.win/en/tools/uuid-generator/,no,UNKNOWN,,200,,,,,,,,
https://funnytools.win/tools/webp-to-jpg/,zh-TW,zh,tool,image,sitemap-tools.xml,2026-09-02,11,200 live verified,yes,48,14,1,1425,1405,0.9859649122807017,,WebP 轉 JPG｜相容格式與背景色轉換 - FunnyTools,webp-to-jpg,convert|webp|jpg|jpg-file|image-format-conversion|general,HIGH,4,0.939,0.898,ADJACENT; DIFFERENT,KEEP,high,Crawled Not Indexed,yes,yes,no,2026-09-13T08:41:45.254Z,https://search.google.com/search-console/inspect?resource_id=sc-domain:funnytools.win&id=kloR_bJ72SYqeDZB4ZmBMg&utm_medium=link&utm_source=api,NEUTRAL,已檢索 - 目前尚未建立索引,ALLOWED,INDEXING_ALLOWED,2026-08-19T16:04:13Z,24,15–30 days,SUCCESSFUL,https://funnytools.win/tools/webp-to-jpg/,https://funnytools.win/tools/webp-to-jpg/,SELF_MATCH,MOBILE,0,,2,https://funnytools.win/; https://funnytools.win/en/tools/webp-to-jpg/,no,UNKNOWN,,200,,,,,,,,
https://funnytools.win/tools/weighted-average-calculator/,zh-TW,zh,tool,statistics,sitemap-tools.xml,2026-09-03,10,200 live verified,yes,53,29,1,2118,2095,0.9891406987724268,,加權平均計算器｜分數權重與平均公式 - FunnyTools,weighted-average-calculator,calculate|values-and-weights|weighted-result|weighted-average|weighted-calculation|general,HIGH,5,0.91,0.823,ADJACENT; COMPLEMENTARY,KEEP,high,Crawled Not Indexed,yes,yes,no,2026-09-13T08:41:49.659Z,https://search.google.com/search-console/inspect?resource_id=sc-domain:funnytools.win&id=Cs3gU8kOrEiEIh0UYjX7Cw&utm_medium=link&utm_source=api,NEUTRAL,已檢索 - 目前尚未建立索引,ALLOWED,INDEXING_ALLOWED,2026-08-21T12:46:52Z,22,15–30 days,SUCCESSFUL,https://funnytools.win/tools/weighted-average-calculator/,https://funnytools.win/tools/weighted-average-calculator/,SELF_MATCH,MOBILE,0,,3,https://funnytools.win/en/tools/weighted-average-calculator/; https://funnytools.win/; http://funnytools.win/tools/weighted-average-calculator/,no,UNKNOWN,,200,,,,,,,,
https://funnytools.win/tools/what-to-eat/,zh-TW,zh,tool,random,sitemap-tools.xml,2026-09-02,11,200 live verified,yes,48,15,1,1400,1374,0.9814285714285714,,今天吃什麼｜午餐、晚餐隨機選擇與美食決定器 - FunnyTools,what-to-eat,convert|what|eat|eat-output|directional-conversion|general,MEDIUM,0,,,,KEEP,low,Crawled Not Indexed,yes,yes,no,2026-09-13T08:41:51.587Z,https://search.google.com/search-console/inspect?resource_id=sc-domain:funnytools.win&id=7f7Ksw70t8-Q5-ItiRW7WA&utm_medium=link&utm_source=api,NEUTRAL,已檢索 - 目前尚未建立索引,ALLOWED,INDEXING_ALLOWED,2026-09-09T06:54:43Z,4,<7 days,SUCCESSFUL,https://funnytools.win/tools/what-to-eat/,https://funnytools.win/tools/what-to-eat/,SELF_MATCH,MOBILE,0,,3,https://funnytools.win/en/tools/what-to-eat/; https://funnytools.win/; https://funnytools.win/tools/,no,UNKNOWN,,200,,,,,,,,
https://funnytools.win/tools/word-counter/,zh-TW,zh,tool,text,sitemap-tools.xml,2026-09-02,11,200 live verified,yes,53,34,1,1814,1787,0.9851157662624035,,字數統計工具｜線上計算字數、字元數與閱讀時間 - FunnyTools,word-counter,count|word-counter|word-counter|count|word-counter|general,MEDIUM,3,0.847,0.689,ADJACENT,KEEP,low,Unknown,no,unknown,unknown,2026-09-13T08:41:52.375Z,https://search.google.com/search-console/inspect?resource_id=sc-domain:funnytools.win&id=5QcqsBu33mJt_hTUv8nbUg&utm_medium=link&utm_source=api,NEUTRAL,Google 無法辨識的網址,ROBOTS_TXT_STATE_UNSPECIFIED,INDEXING_STATE_UNSPECIFIED,,0,never crawled,PAGE_FETCH_STATE_UNSPECIFIED,,,GOOGLE_CANONICAL_ABSENT,,0,,0,,no,UNKNOWN,,200,,,,,,,,
https://funnytools.win/tools/z-score-calculator/,zh-TW,zh,tool,statistics,sitemap-tools.xml,2026-09-03,10,200 live verified,yes,51,25,1,2037,2011,0.9872361315660285,,Z 分數計算器｜標準分數公式與班級成績解讀 - FunnyTools,z-score-calculator,calculate|score-and-distribution|standardized-score|z-score|score-standardization|general,HIGH,10,0.912,0.804,ADJACENT; COMPLEMENTARY,KEEP,high,Crawled Not Indexed,yes,yes,no,2026-09-13T08:41:57.026Z,https://search.google.com/search-console/inspect?resource_id=sc-domain:funnytools.win&id=q5BX2R-TlkiDrvaBjI8DBg&utm_medium=link&utm_source=api,NEUTRAL,已檢索 - 目前尚未建立索引,ALLOWED,INDEXING_ALLOWED,2026-07-06T05:43:08Z,69,>30 days,SUCCESSFUL,https://funnytools.win/tools/z-score-calculator/,https://funnytools.win/tools/z-score-calculator/,SELF_MATCH,MOBILE,0,,3,https://funnytools.win/en/tools/z-score-calculator/; https://funnytools.win/; http://funnytools.win/en/tools/z-score-calculator/,no,UNKNOWN,,200,,,,,0,2,0,1.5
https://funnytools.win/workflows/,zh-TW,zh,hub,drawing,sitemap-workflows.xml,2026-09-03,10,200 live verified,yes,73,312,1,1870,1855,0.9919786096256684,,教育統計工作流程 - FunnyTools,,,,0,,,,IMPROVE,low,Crawled Not Indexed,yes,yes,no,2026-09-13T08:41:58.816Z,https://search.google.com/search-console/inspect?resource_id=sc-domain:funnytools.win&id=1V7umPzWEoHM37VDMprGig&utm_medium=link&utm_source=api,NEUTRAL,已檢索 - 目前尚未建立索引,ALLOWED,INDEXING_ALLOWED,2026-08-19T03:52:45Z,25,15–30 days,SUCCESSFUL,https://funnytools.win/workflows/,https://funnytools.win/workflows/,SELF_MATCH,MOBILE,0,,2,https://funnytools.win/; https://funnytools.win/tools/delete-pdf-pages/,no,UNKNOWN,,200,,,,,0,5,0,4.4
https://funnytools.win/workflows/creator-social-toolkit/,zh-TW,zh,workflow,general,sitemap-workflows.xml,2026-09-03,10,200 live verified,yes,48,24,1,1118,1090,0.9749552772808586,,創作者社群工具組：字元、圖片、QR Code、顏色與隨機輪盤 - FunnyTools,,,,1,0.891,0.797,UNKNOWN,IMPROVE,low,Crawled Not Indexed,yes,yes,no,2026-09-13T08:41:59.749Z,https://search.google.com/search-console/inspect?resource_id=sc-domain:funnytools.win&id=Rv3I_RaqTIxoxIKhO-UxDw&utm_medium=link&utm_source=api,NEUTRAL,已檢索 - 目前尚未建立索引,ALLOWED,INDEXING_ALLOWED,2026-08-19T09:24:04Z,24,15–30 days,SUCCESSFUL,https://funnytools.win/workflows/creator-social-toolkit/,https://funnytools.win/workflows/creator-social-toolkit/,SELF_MATCH,MOBILE,0,,2,https://funnytools.win/en/workflows/creator-social-toolkit/; https://funnytools.win/,no,UNKNOWN,,200,,,,,,,,
https://funnytools.win/workflows/daily-decision-toolkit/,zh-TW,zh,workflow,general,sitemap-workflows.xml,2026-09-03,10,200 live verified,yes,44,14,1,1020,992,0.9725490196078431,,日常選擇工具組：吃什麼、輪盤、二選一、抽名字與骰子 - FunnyTools,,,,0,,,,KEEP,low,Unknown,no,unknown,unknown,2026-09-13T08:42:04.000Z,https://search.google.com/search-console/inspect?resource_id=sc-domain:funnytools.win&id=_T0hoPLsE7hcAzkkj9V_tA&utm_medium=link&utm_source=api,NEUTRAL,Google 無法辨識的網址,ROBOTS_TXT_STATE_UNSPECIFIED,INDEXING_STATE_UNSPECIFIED,,0,never crawled,PAGE_FETCH_STATE_UNSPECIFIED,,,GOOGLE_CANONICAL_ABSENT,,0,,0,,no,UNKNOWN,,200,,,,,,,,
https://funnytools.win/workflows/grade-gpa-check-toolkit/,zh-TW,zh,workflow,statistics,sitemap-workflows.xml,2026-09-04,9,200 live verified,yes,47,11,1,749,717,0.9572763684913218,,成績與 GPA 檢查工具組｜加權、期末估分、學分 GPA 與正式核對流程｜FunnyTools,,,,0,,,,KEEP,low,Unknown,no,unknown,unknown,2026-09-13T08:42:05.861Z,https://search.google.com/search-console/inspect?resource_id=sc-domain:funnytools.win&id=QtGllkgrjSIbNOuDTVhESA&utm_medium=link&utm_source=api,NEUTRAL,Google 無法辨識的網址,ROBOTS_TXT_STATE_UNSPECIFIED,INDEXING_STATE_UNSPECIFIED,,0,never crawled,PAGE_FETCH_STATE_UNSPECIFIED,,,GOOGLE_CANONICAL_ABSENT,,0,,0,,no,UNKNOWN,,200,,,,,,,,
https://funnytools.win/workflows/graduate-statistics-report-toolkit/,zh-TW,zh,workflow,statistics,sitemap-workflows.xml,2026-09-03,10,200 live verified,yes,46,18,1,937,910,0.9711846318036286,,研究生統計報告工具包：SPSS 解讀、Levene、APA 7 與效果量 - FunnyTools,,,,3,0.87,0.578,ADJACENT; UNKNOWN,IMPROVE,low,Crawled Not Indexed,yes,yes,no,2026-09-13T08:42:06.904Z,https://search.google.com/search-console/inspect?resource_id=sc-domain:funnytools.win&id=Zr_pCERbGneOfhzhm7TJ_A&utm_medium=link&utm_source=api,NEUTRAL,已檢索 - 目前尚未建立索引,ALLOWED,INDEXING_ALLOWED,2026-08-18T08:51:34Z,25,15–30 days,SUCCESSFUL,https://funnytools.win/workflows/graduate-statistics-report-toolkit/,https://funnytools.win/workflows/graduate-statistics-report-toolkit/,SELF_MATCH,MOBILE,0,,1,https://funnytools.win/,no,UNKNOWN,,200,,,,,,,,
https://funnytools.win/workflows/office-document-toolkit/,zh-TW,zh,workflow,pdf,sitemap-workflows.xml,2026-09-03,10,200 live verified,yes,50,42,1,1239,1212,0.9782082324455206,,辦公室文件工具組：PDF、圖片壓縮、日期、工作天與 JSON - FunnyTools,,,,1,0.872,0.807,UNKNOWN,IMPROVE,high,Crawled Not Indexed,yes,yes,no,2026-09-13T08:42:11.132Z,https://search.google.com/search-console/inspect?resource_id=sc-domain:funnytools.win&id=CYMWhvoVtJtx85VOiuiVPA&utm_medium=link&utm_source=api,NEUTRAL,已檢索 - 目前尚未建立索引,ALLOWED,INDEXING_ALLOWED,2026-08-25T03:00:50Z,19,15–30 days,SUCCESSFUL,https://funnytools.win/workflows/office-document-toolkit/,https://funnytools.win/workflows/office-document-toolkit/,SELF_MATCH,MOBILE,0,,1,https://funnytools.win/,no,UNKNOWN,,200,,,,,,,,
https://funnytools.win/workflows/qr-barcode-publishing-toolkit/,zh-TW,zh,workflow,general,sitemap-workflows.xml,2026-09-04,9,200 live verified,yes,44,15,1,825,795,0.9636363636363636,,QR Code 與條碼發布工具組｜產生、測試、印刷與安全檢查流程｜FunnyTools,,,,0,,,,KEEP,low,Unknown,no,unknown,unknown,2026-09-13T08:42:13.049Z,https://search.google.com/search-console/inspect?resource_id=sc-domain:funnytools.win&id=10R-f2k2b_t5zzkTgveIvw&utm_medium=link&utm_source=api,NEUTRAL,Google 無法辨識的網址,ROBOTS_TXT_STATE_UNSPECIFIED,INDEXING_STATE_UNSPECIFIED,,0,never crawled,PAGE_FETCH_STATE_UNSPECIFIED,,,GOOGLE_CANONICAL_ABSENT,,0,,0,,no,UNKNOWN,,200,,,,,,,,
https://funnytools.win/workflows/student-report-toolkit/,zh-TW,zh,workflow,general,sitemap-workflows.xml,2026-09-03,10,200 live verified,yes,48,19,1,1211,1185,0.9785301403798513,,學生報告工具組：字數、圖片、PDF、QR Code 與格式整理 - FunnyTools,,,,1,0.836,0.704,UNKNOWN,IMPROVE,low,Crawled Not Indexed,yes,yes,no,2026-09-13T08:42:13.986Z,https://search.google.com/search-console/inspect?resource_id=sc-domain:funnytools.win&id=GvtLT8nyZR9fM1vMfXSFzw&utm_medium=link&utm_source=api,NEUTRAL,已檢索 - 目前尚未建立索引,ALLOWED,INDEXING_ALLOWED,2026-08-10T06:15:19Z,34,>30 days,SUCCESSFUL,https://funnytools.win/workflows/student-report-toolkit/,https://funnytools.win/workflows/student-report-toolkit/,SELF_MATCH,MOBILE,0,,1,https://funnytools.win/,no,UNKNOWN,,200,,,,,,,,
https://funnytools.win/workflows/teacher-classroom-random-toolkit/,zh-TW,zh,workflow,random,sitemap-workflows.xml,2026-09-03,10,200 live verified,yes,51,32,1,1017,986,0.9695181907571289,,教師課堂隨機工具包：分組、抽人、計時、轉盤與座位活動流程 - FunnyTools,,,,9,0.866,0.716,ADJACENT; UNKNOWN,IMPROVE,low,Unknown,no,unknown,unknown,2026-09-13T08:42:18.137Z,https://search.google.com/search-console/inspect?resource_id=sc-domain:funnytools.win&id=efhoV9739S9rMo1JljV_tQ&utm_medium=link&utm_source=api,NEUTRAL,Google 無法辨識的網址,ROBOTS_TXT_STATE_UNSPECIFIED,INDEXING_STATE_UNSPECIFIED,,0,never crawled,PAGE_FETCH_STATE_UNSPECIFIED,,,GOOGLE_CANONICAL_ABSENT,,0,,0,,no,UNKNOWN,,200,,,,,,,,
https://funnytools.win/workflows/teacher-exam-score-toolkit/,zh-TW,zh,workflow,statistics,sitemap-workflows.xml,2026-09-03,10,200 live verified,yes,46,19,1,1253,1223,0.9760574620909817,,教師甄試成績工具包：加權總分、T 分數、Z 分數與 PR 解讀 - FunnyTools,,,,10,0.864,0.765,ADJACENT,IMPROVE,low,Crawled Not Indexed,yes,yes,no,2026-09-13T08:42:20.077Z,https://search.google.com/search-console/inspect?resource_id=sc-domain:funnytools.win&id=L4aUi-PhwjqImTzFCL5CBA&utm_medium=link&utm_source=api,NEUTRAL,已檢索 - 目前尚未建立索引,ALLOWED,INDEXING_ALLOWED,2026-08-16T19:04:43Z,27,15–30 days,SUCCESSFUL,https://funnytools.win/workflows/teacher-exam-score-toolkit/,https://funnytools.win/workflows/teacher-exam-score-toolkit/,SELF_MATCH,MOBILE,0,,2,http://funnytools.win/workflows/teacher-exam-score-toolkit/; https://funnytools.win/,no,UNKNOWN,,200,,,,,,,,
https://funnytools.win/workflows/text-cleanup-publishing-toolkit/,zh-TW,zh,workflow,general,sitemap-workflows.xml,2026-09-03,10,200 live verified,yes,36,12,1,1511,1477,0.9774983454665784,,文字清理與發布前檢查工具組｜字數、字元、空白行、大小寫與排序 Workflow｜FunnyTools,,,,0,,,,KEEP,low,Unknown,no,unknown,unknown,2026-09-13T08:42:20.982Z,https://search.google.com/search-console/inspect?resource_id=sc-domain:funnytools.win&id=LOydv7Z3r2sHw9dxNxTaNg&utm_medium=link&utm_source=api,NEUTRAL,Google 無法辨識的網址,ROBOTS_TXT_STATE_UNSPECIFIED,INDEXING_STATE_UNSPECIFIED,,0,never crawled,PAGE_FETCH_STATE_UNSPECIFIED,,,GOOGLE_CANONICAL_ABSENT,,0,,0,,no,UNKNOWN,,200,,,,,,,,
https://funnytools.win/workflows/verify-tool-result/,zh-TW,zh,workflow,general,sitemap-workflows.xml,2026-09-04,9,200 live verified,yes,33,6,2,645,609,0.9441860465116279,,如何自己驗證線上工具結果？公式、已知答案、邊界與檔案輸出複核流程｜FunnyTools,,,,0,,,,KEEP,low,Unknown,no,unknown,unknown,2026-09-13T08:42:25.350Z,https://search.google.com/search-console/inspect?resource_id=sc-domain:funnytools.win&id=Nf5YwXwUb4JgEpfpzrxT9A&utm_medium=link&utm_source=api,NEUTRAL,Google 無法辨識的網址,ROBOTS_TXT_STATE_UNSPECIFIED,INDEXING_STATE_UNSPECIFIED,,0,never crawled,PAGE_FETCH_STATE_UNSPECIFIED,,,GOOGLE_CANONICAL_ABSENT,,0,,0,,no,UNKNOWN,,200,,,,,,,,
