site,url,http_status,indexable,meta_robots,x_robots,canonical,in_sitemap,incoming_links,language,page_type,bing_status,recommended_state,reason
funnytools.win,https://funnytools.win/,200,True,,,https://funnytools.win/,True,317,zh-Hant,Homepage,UNKNOWN (supplied aggregate only),SHOULD_INDEX,Explicit 21-URL T2 allowlist src/lib/indexPolicy.ts; BaseLayout enforces canonical indexability. Preserve existing owner.
funnytools.win,https://funnytools.win/about/,200,True,,,https://funnytools.win/about/,True,317,zh-Hant,Content,UNKNOWN (supplied aggregate only),SHOULD_INDEX,Explicit 21-URL T2 allowlist src/lib/indexPolicy.ts; BaseLayout enforces canonical indexability. Preserve existing owner.
funnytools.win,https://funnytools.win/category/statistics/,200,True,,,https://funnytools.win/category/statistics/,True,317,zh-Hant,Category,UNKNOWN (supplied aggregate only),SHOULD_INDEX,Explicit 21-URL T2 allowlist src/lib/indexPolicy.ts; BaseLayout enforces canonical indexability. Preserve existing owner.
funnytools.win,https://funnytools.win/contact/,200,True,,,https://funnytools.win/contact/,True,317,zh-Hant,Content,UNKNOWN (supplied aggregate only),SHOULD_INDEX,Explicit 21-URL T2 allowlist src/lib/indexPolicy.ts; BaseLayout enforces canonical indexability. Preserve existing owner.
funnytools.win,https://funnytools.win/disclaimer/,200,True,,,https://funnytools.win/disclaimer/,True,317,zh-Hant,Content,UNKNOWN (supplied aggregate only),SHOULD_INDEX,Explicit 21-URL T2 allowlist src/lib/indexPolicy.ts; BaseLayout enforces canonical indexability. Preserve existing owner.
funnytools.win,https://funnytools.win/education-statistics/,200,True,,,https://funnytools.win/education-statistics/,True,317,zh-Hant,Content,UNKNOWN (supplied aggregate only),SHOULD_INDEX,Explicit 21-URL T2 allowlist src/lib/indexPolicy.ts; BaseLayout enforces canonical indexability. Preserve existing owner.
funnytools.win,https://funnytools.win/guides/t-score-calculator-guide/,200,True,,,https://funnytools.win/guides/t-score-calculator-guide/,True,317,zh-Hant,Guide,UNKNOWN (supplied aggregate only),SHOULD_INDEX,Explicit 21-URL T2 allowlist src/lib/indexPolicy.ts; BaseLayout enforces canonical indexability. Preserve existing owner.
funnytools.win,https://funnytools.win/privacy/,200,True,,,https://funnytools.win/privacy/,True,317,zh-Hant,Content,UNKNOWN (supplied aggregate only),SHOULD_INDEX,Explicit 21-URL T2 allowlist src/lib/indexPolicy.ts; BaseLayout enforces canonical indexability. Preserve existing owner.
funnytools.win,https://funnytools.win/support/,200,True,"index, follow",,https://funnytools.win/support/,True,317,zh-Hant,Content,UNKNOWN (supplied aggregate only),SHOULD_INDEX,Explicit 21-URL T2 allowlist src/lib/indexPolicy.ts; BaseLayout enforces canonical indexability. Preserve existing owner.
funnytools.win,https://funnytools.win/terms/,200,True,,,https://funnytools.win/terms/,True,317,zh-Hant,Content,UNKNOWN (supplied aggregate only),SHOULD_INDEX,Explicit 21-URL T2 allowlist src/lib/indexPolicy.ts; BaseLayout enforces canonical indexability. Preserve existing owner.
funnytools.win,https://funnytools.win/tools/class-rank-percentile-calculator/,200,True,,,https://funnytools.win/tools/class-rank-percentile-calculator/,True,18,zh-Hant,Tool,UNKNOWN (supplied aggregate only),SHOULD_INDEX,Explicit 21-URL T2 allowlist src/lib/indexPolicy.ts; BaseLayout enforces canonical indexability. Preserve existing owner.
funnytools.win,https://funnytools.win/tools/grade-average/,200,True,,,https://funnytools.win/tools/grade-average/,True,105,zh-Hant,Tool,UNKNOWN (supplied aggregate only),SHOULD_INDEX,Explicit 21-URL T2 allowlist src/lib/indexPolicy.ts; BaseLayout enforces canonical indexability. Preserve existing owner.
funnytools.win,https://funnytools.win/tools/independent-samples-t-test-calculator/,200,True,,,https://funnytools.win/tools/independent-samples-t-test-calculator/,True,15,zh-Hant,Tool,UNKNOWN (supplied aggregate only),SHOULD_INDEX,Explicit 21-URL T2 allowlist src/lib/indexPolicy.ts; BaseLayout enforces canonical indexability. Preserve existing owner.
funnytools.win,https://funnytools.win/tools/merge-pdf/,200,True,,,https://funnytools.win/tools/merge-pdf/,True,86,zh-Hant,Tool,UNKNOWN (supplied aggregate only),SHOULD_INDEX,Explicit 21-URL T2 allowlist src/lib/indexPolicy.ts and BaseLayout enforcement; canonical indexable 200. PDF owner reopened by approved W40 v5.148.0.
funnytools.win,https://funnytools.win/tools/percentile-rank-calculator/,200,True,,,https://funnytools.win/tools/percentile-rank-calculator/,True,98,zh-Hant,Tool,UNKNOWN (supplied aggregate only),SHOULD_INDEX,Explicit 21-URL T2 allowlist src/lib/indexPolicy.ts; BaseLayout enforces canonical indexability. Preserve existing owner.
funnytools.win,https://funnytools.win/tools/random-name-picker/,200,True,,,https://funnytools.win/tools/random-name-picker/,True,80,zh-Hant,Tool,UNKNOWN (supplied aggregate only),SHOULD_INDEX,Explicit 21-URL T2 allowlist src/lib/indexPolicy.ts; BaseLayout enforces canonical indexability. Preserve existing owner.
funnytools.win,https://funnytools.win/tools/standard-deviation/,200,True,,,https://funnytools.win/tools/standard-deviation/,True,25,zh-Hant,Tool,UNKNOWN (supplied aggregate only),SHOULD_INDEX,Explicit 21-URL T2 allowlist src/lib/indexPolicy.ts; BaseLayout enforces canonical indexability. Preserve existing owner.
funnytools.win,https://funnytools.win/tools/t-score-calculator/,200,True,,,https://funnytools.win/tools/t-score-calculator/,True,100,zh-Hant,Tool,UNKNOWN (supplied aggregate only),SHOULD_INDEX,Explicit 21-URL T2 allowlist src/lib/indexPolicy.ts; BaseLayout enforces canonical indexability. Preserve existing owner.
funnytools.win,https://funnytools.win/tools/teacher-exam-score-converter/,200,True,,,https://funnytools.win/tools/teacher-exam-score-converter/,True,15,zh-Hant,Tool,UNKNOWN (supplied aggregate only),SHOULD_INDEX,Explicit 21-URL T2 allowlist src/lib/indexPolicy.ts; BaseLayout enforces canonical indexability. Preserve existing owner.
funnytools.win,https://funnytools.win/tools/weighted-average-calculator/,200,True,,,https://funnytools.win/tools/weighted-average-calculator/,True,36,zh-Hant,Tool,UNKNOWN (supplied aggregate only),SHOULD_INDEX,Explicit 21-URL T2 allowlist src/lib/indexPolicy.ts; BaseLayout enforces canonical indexability. Preserve existing owner.
funnytools.win,https://funnytools.win/tools/z-score-calculator/,200,True,,,https://funnytools.win/tools/z-score-calculator/,True,99,zh-Hant,Tool,UNKNOWN (supplied aggregate only),SHOULD_INDEX,Explicit 21-URL T2 allowlist src/lib/indexPolicy.ts; BaseLayout enforces canonical indexability. Preserve existing owner.
funnytools.win,https://funnytools.win/affiliate-disclosure/,200,False,"noindex,follow",,https://funnytools.win/affiliate-disclosure/,False,105,zh-Hant,Content,UNKNOWN (supplied aggregate only),INTENTIONAL_NOINDEX,T2 index consolidation: outside src/lib/indexPolicy.ts allowlist; src/layouts/BaseLayout.astro shouldNoindex preserves available utility/content without reopening search ownership.
funnytools.win,https://funnytools.win/methodology/browser-local-processing/,200,False,"noindex,follow",,https://funnytools.win/methodology/browser-local-processing/,False,89,zh-Hant,Content,UNKNOWN (supplied aggregate only),INTENTIONAL_NOINDEX,T2 index consolidation: outside src/lib/indexPolicy.ts allowlist; src/layouts/BaseLayout.astro shouldNoindex preserves available utility/content without reopening search ownership.
funnytools.win,https://funnytools.win/methodology/public-test-cases/,200,False,"noindex,follow",,https://funnytools.win/methodology/public-test-cases/,False,98,zh-Hant,Content,UNKNOWN (supplied aggregate only),INTENTIONAL_NOINDEX,T2 index consolidation: outside src/lib/indexPolicy.ts allowlist; src/layouts/BaseLayout.astro shouldNoindex preserves available utility/content without reopening search ownership.
funnytools.win,https://funnytools.win/methodology/tool-verification/,200,False,"noindex,follow",,https://funnytools.win/methodology/tool-verification/,False,99,zh-Hant,Content,UNKNOWN (supplied aggregate only),INTENTIONAL_NOINDEX,T2 index consolidation: outside src/lib/indexPolicy.ts allowlist; src/layouts/BaseLayout.astro shouldNoindex preserves available utility/content without reopening search ownership.
funnytools.win,https://funnytools.win/tools/apa-7-report-generator/,200,False,"noindex,follow",,https://funnytools.win/tools/apa-7-report-generator/,False,6,zh-Hant,Tool,UNKNOWN (supplied aggregate only),INTENTIONAL_NOINDEX,T2 index consolidation: outside src/lib/indexPolicy.ts allowlist; src/layouts/BaseLayout.astro shouldNoindex preserves available utility/content without reopening search ownership.
funnytools.win,https://funnytools.win/tools/percentage-calculator/,200,False,"noindex,follow",,https://funnytools.win/tools/percentage-calculator/,False,6,zh-Hant,Tool,UNKNOWN (supplied aggregate only),INTENTIONAL_NOINDEX,T2 index consolidation: outside src/lib/indexPolicy.ts allowlist; src/layouts/BaseLayout.astro shouldNoindex preserves available utility/content without reopening search ownership.
funnytools.win,https://funnytools.win/about-tools/,200,False,"noindex,follow",,https://funnytools.win/about-tools/,False,2,zh-Hant,Content,UNKNOWN (supplied aggregate only),INTENTIONAL_NOINDEX,T2 index consolidation: outside src/lib/indexPolicy.ts allowlist; src/layouts/BaseLayout.astro shouldNoindex preserves available utility/content without reopening search ownership.
funnytools.win,https://funnytools.win/methodology/,200,False,"noindex,follow",,https://funnytools.win/methodology/,False,12,zh-Hant,Content,UNKNOWN (supplied aggregate only),INTENTIONAL_NOINDEX,T2 index consolidation: outside src/lib/indexPolicy.ts allowlist; src/layouts/BaseLayout.astro shouldNoindex preserves available utility/content without reopening search ownership.
funnytools.win,https://funnytools.win/methodology/calculator-formula-verification/,200,False,"noindex,follow",,https://funnytools.win/methodology/calculator-formula-verification/,False,5,zh-Hant,Content,UNKNOWN (supplied aggregate only),INTENTIONAL_NOINDEX,T2 index consolidation: outside src/lib/indexPolicy.ts allowlist; src/layouts/BaseLayout.astro shouldNoindex preserves available utility/content without reopening search ownership.
funnytools.win,https://funnytools.win/methodology/file-tool-verification/,200,False,"noindex,follow",,https://funnytools.win/methodology/file-tool-verification/,False,6,zh-Hant,Content,UNKNOWN (supplied aggregate only),INTENTIONAL_NOINDEX,T2 index consolidation: outside src/lib/indexPolicy.ts allowlist; src/layouts/BaseLayout.astro shouldNoindex preserves available utility/content without reopening search ownership.
funnytools.win,https://funnytools.win/workflows/verify-tool-result/,200,False,"noindex,follow",,https://funnytools.win/workflows/verify-tool-result/,False,5,zh-Hant,Workflow,UNKNOWN (supplied aggregate only),INTENTIONAL_NOINDEX,T2 index consolidation: outside src/lib/indexPolicy.ts allowlist; src/layouts/BaseLayout.astro shouldNoindex preserves available utility/content without reopening search ownership.
funnytools.win,https://funnytools.win/category/image/,200,False,"noindex,follow",,https://funnytools.win/category/image/,False,12,zh-Hant,Category,UNKNOWN (supplied aggregate only),INTENTIONAL_NOINDEX,T2 index consolidation: outside src/lib/indexPolicy.ts allowlist; src/layouts/BaseLayout.astro shouldNoindex preserves available utility/content without reopening search ownership.
funnytools.win,https://funnytools.win/category/pdf/,200,False,"noindex,follow",,https://funnytools.win/category/pdf/,False,13,zh-Hant,Category,UNKNOWN (supplied aggregate only),INTENTIONAL_NOINDEX,T2 index consolidation: outside src/lib/indexPolicy.ts allowlist; src/layouts/BaseLayout.astro shouldNoindex preserves available utility/content without reopening search ownership.
funnytools.win,https://funnytools.win/guides/grades-gpa/,200,False,"noindex,follow",,https://funnytools.win/guides/grades-gpa/,False,13,zh-Hant,Guide,UNKNOWN (supplied aggregate only),INTENTIONAL_NOINDEX,T2 index consolidation: outside src/lib/indexPolicy.ts allowlist; src/layouts/BaseLayout.astro shouldNoindex preserves available utility/content without reopening search ownership.
funnytools.win,https://funnytools.win/guides/svg-vs-png-diagram-export/,200,False,"noindex,follow",,https://funnytools.win/guides/svg-vs-png-diagram-export/,False,11,zh-Hant,Guide,UNKNOWN (supplied aggregate only),INTENTIONAL_NOINDEX,T2 index consolidation: outside src/lib/indexPolicy.ts allowlist; src/layouts/BaseLayout.astro shouldNoindex preserves available utility/content without reopening search ownership.
funnytools.win,https://funnytools.win/methodology/accessibility-compatibility/,200,False,"noindex,follow",,https://funnytools.win/methodology/accessibility-compatibility/,False,2,zh-Hant,Content,UNKNOWN (supplied aggregate only),INTENTIONAL_NOINDEX,T2 index consolidation: outside src/lib/indexPolicy.ts allowlist; src/layouts/BaseLayout.astro shouldNoindex preserves available utility/content without reopening search ownership.
funnytools.win,https://funnytools.win/methodology/ai-assisted-content/,200,False,"noindex,follow",,https://funnytools.win/methodology/ai-assisted-content/,False,3,zh-Hant,Content,UNKNOWN (supplied aggregate only),INTENTIONAL_NOINDEX,T2 index consolidation: outside src/lib/indexPolicy.ts allowlist; src/layouts/BaseLayout.astro shouldNoindex preserves available utility/content without reopening search ownership.
funnytools.win,https://funnytools.win/methodology/content-sourcing-corrections/,200,False,"noindex,follow",,https://funnytools.win/methodology/content-sourcing-corrections/,False,4,zh-Hant,Content,UNKNOWN (supplied aggregate only),INTENTIONAL_NOINDEX,T2 index consolidation: outside src/lib/indexPolicy.ts allowlist; src/layouts/BaseLayout.astro shouldNoindex preserves available utility/content without reopening search ownership.
funnytools.win,https://funnytools.win/methodology/randomness-security/,200,False,"noindex,follow",,https://funnytools.win/methodology/randomness-security/,False,2,zh-Hant,Content,UNKNOWN (supplied aggregate only),INTENTIONAL_NOINDEX,T2 index consolidation: outside src/lib/indexPolicy.ts allowlist; src/layouts/BaseLayout.astro shouldNoindex preserves available utility/content without reopening search ownership.
funnytools.win,https://funnytools.win/workflows/,200,False,"noindex,follow",,https://funnytools.win/workflows/,False,14,zh-Hant,Workflow,UNKNOWN (supplied aggregate only),INTENTIONAL_NOINDEX,T2 index consolidation: outside src/lib/indexPolicy.ts allowlist; src/layouts/BaseLayout.astro shouldNoindex preserves available utility/content without reopening search ownership.
funnytools.win,https://funnytools.win/category/draw/,200,False,"noindex,follow",,https://funnytools.win/category/draw/,False,6,zh-Hant,Category,UNKNOWN (supplied aggregate only),INTENTIONAL_NOINDEX,T2 index consolidation: outside src/lib/indexPolicy.ts allowlist; src/layouts/BaseLayout.astro shouldNoindex preserves available utility/content without reopening search ownership.
funnytools.win,https://funnytools.win/category/text/,200,False,"noindex,follow",,https://funnytools.win/category/text/,False,20,zh-Hant,Category,UNKNOWN (supplied aggregate only),INTENTIONAL_NOINDEX,T2 index consolidation: outside src/lib/indexPolicy.ts allowlist; src/layouts/BaseLayout.astro shouldNoindex preserves available utility/content without reopening search ownership.
funnytools.win,https://funnytools.win/find-tools/,200,False,"noindex,follow",,https://funnytools.win/find-tools/,False,5,zh-Hant,Content,UNKNOWN (supplied aggregate only),INTENTIONAL_NOINDEX,T2 index consolidation: outside src/lib/indexPolicy.ts allowlist; src/layouts/BaseLayout.astro shouldNoindex preserves available utility/content without reopening search ownership.
funnytools.win,https://funnytools.win/for/creators/,200,False,"noindex,follow",,https://funnytools.win/for/creators/,False,5,zh-Hant,Content,UNKNOWN (supplied aggregate only),INTENTIONAL_NOINDEX,T2 index consolidation: outside src/lib/indexPolicy.ts allowlist; src/layouts/BaseLayout.astro shouldNoindex preserves available utility/content without reopening search ownership.
funnytools.win,https://funnytools.win/for/designers/,200,False,"noindex,follow",,https://funnytools.win/for/designers/,False,5,zh-Hant,Content,UNKNOWN (supplied aggregate only),INTENTIONAL_NOINDEX,T2 index consolidation: outside src/lib/indexPolicy.ts allowlist; src/layouts/BaseLayout.astro shouldNoindex preserves available utility/content without reopening search ownership.
funnytools.win,https://funnytools.win/for/office-workers/,200,False,"noindex,follow",,https://funnytools.win/for/office-workers/,False,7,zh-Hant,Content,UNKNOWN (supplied aggregate only),INTENTIONAL_NOINDEX,T2 index consolidation: outside src/lib/indexPolicy.ts allowlist; src/layouts/BaseLayout.astro shouldNoindex preserves available utility/content without reopening search ownership.
funnytools.win,https://funnytools.win/for/students/,200,False,"noindex,follow",,https://funnytools.win/for/students/,False,5,zh-Hant,Content,UNKNOWN (supplied aggregate only),INTENTIONAL_NOINDEX,T2 index consolidation: outside src/lib/indexPolicy.ts allowlist; src/layouts/BaseLayout.astro shouldNoindex preserves available utility/content without reopening search ownership.
funnytools.win,https://funnytools.win/guides/,200,False,"noindex,follow",,https://funnytools.win/guides/,False,3,zh-Hant,Guide,UNKNOWN (supplied aggregate only),INTENTIONAL_NOINDEX,T2 index consolidation: outside src/lib/indexPolicy.ts allowlist; src/layouts/BaseLayout.astro shouldNoindex preserves available utility/content without reopening search ownership.
funnytools.win,https://funnytools.win/guides/anova-apa-format-guide/,200,False,"noindex,follow",,https://funnytools.win/guides/anova-apa-format-guide/,False,4,zh-Hant,Guide,UNKNOWN (supplied aggregate only),INTENTIONAL_NOINDEX,T2 index consolidation: outside src/lib/indexPolicy.ts allowlist; src/layouts/BaseLayout.astro shouldNoindex preserves available utility/content without reopening search ownership.
funnytools.win,https://funnytools.win/guides/cad-grid-snap-orthogonal-guide/,200,False,"noindex,follow",,https://funnytools.win/guides/cad-grid-snap-orthogonal-guide/,False,3,zh-Hant,Guide,UNKNOWN (supplied aggregate only),INTENTIONAL_NOINDEX,T2 index consolidation: outside src/lib/indexPolicy.ts allowlist; src/layouts/BaseLayout.astro shouldNoindex preserves available utility/content without reopening search ownership.
funnytools.win,https://funnytools.win/guides/chart-flowchart-alt-text-accessibility/,200,False,"noindex,follow",,https://funnytools.win/guides/chart-flowchart-alt-text-accessibility/,False,8,zh-Hant,Guide,UNKNOWN (supplied aggregate only),INTENTIONAL_NOINDEX,T2 index consolidation: outside src/lib/indexPolicy.ts allowlist; src/layouts/BaseLayout.astro shouldNoindex preserves available utility/content without reopening search ownership.
funnytools.win,https://funnytools.win/guides/classroom-random-group-guide/,200,False,"noindex,follow",,https://funnytools.win/guides/classroom-random-group-guide/,False,6,zh-Hant,Guide,UNKNOWN (supplied aggregate only),INTENTIONAL_NOINDEX,T2 index consolidation: outside src/lib/indexPolicy.ts allowlist; src/layouts/BaseLayout.astro shouldNoindex preserves available utility/content without reopening search ownership.
funnytools.win,https://funnytools.win/guides/classroom-random-picker-guide/,200,False,"noindex,follow",,https://funnytools.win/guides/classroom-random-picker-guide/,False,6,zh-Hant,Guide,UNKNOWN (supplied aggregate only),INTENTIONAL_NOINDEX,T2 index consolidation: outside src/lib/indexPolicy.ts allowlist; src/layouts/BaseLayout.astro shouldNoindex preserves available utility/content without reopening search ownership.
funnytools.win,https://funnytools.win/guides/classroom-timer-guide/,200,False,"noindex,follow",,https://funnytools.win/guides/classroom-timer-guide/,False,6,zh-Hant,Guide,UNKNOWN (supplied aggregate only),INTENTIONAL_NOINDEX,T2 index consolidation: outside src/lib/indexPolicy.ts allowlist; src/layouts/BaseLayout.astro shouldNoindex preserves available utility/content without reopening search ownership.
funnytools.win,https://funnytools.win/guides/code128-vs-code39-guide/,200,False,"noindex,follow",,https://funnytools.win/guides/code128-vs-code39-guide/,False,8,zh-Hant,Guide,UNKNOWN (supplied aggregate only),INTENTIONAL_NOINDEX,T2 index consolidation: outside src/lib/indexPolicy.ts allowlist; src/layouts/BaseLayout.astro shouldNoindex preserves available utility/content without reopening search ownership.
funnytools.win,https://funnytools.win/guides/ean13-upca-check-digit-gs1-guide/,200,False,"noindex,follow",,https://funnytools.win/guides/ean13-upca-check-digit-gs1-guide/,False,8,zh-Hant,Guide,UNKNOWN (supplied aggregate only),INTENTIONAL_NOINDEX,T2 index consolidation: outside src/lib/indexPolicy.ts allowlist; src/layouts/BaseLayout.astro shouldNoindex preserves available utility/content without reopening search ownership.
funnytools.win,https://funnytools.win/guides/emoji-character-count-grapheme-guide/,200,False,"noindex,follow",,https://funnytools.win/guides/emoji-character-count-grapheme-guide/,False,9,zh-Hant,Guide,UNKNOWN (supplied aggregate only),INTENTIONAL_NOINDEX,T2 index consolidation: outside src/lib/indexPolicy.ts allowlist; src/layouts/BaseLayout.astro shouldNoindex preserves available utility/content without reopening search ownership.
funnytools.win,https://funnytools.win/guides/extra-credit-over-100-grade-guide/,200,False,"noindex,follow",,https://funnytools.win/guides/extra-credit-over-100-grade-guide/,False,7,zh-Hant,Guide,UNKNOWN (supplied aggregate only),INTENTIONAL_NOINDEX,T2 index consolidation: outside src/lib/indexPolicy.ts allowlist; src/layouts/BaseLayout.astro shouldNoindex preserves available utility/content without reopening search ownership.
funnytools.win,https://funnytools.win/guides/fair-random-draw-audit-guide/,200,False,"noindex,follow",,https://funnytools.win/guides/fair-random-draw-audit-guide/,False,7,zh-Hant,Guide,UNKNOWN (supplied aggregate only),INTENTIONAL_NOINDEX,T2 index consolidation: outside src/lib/indexPolicy.ts allowlist; src/layouts/BaseLayout.astro shouldNoindex preserves available utility/content without reopening search ownership.
funnytools.win,https://funnytools.win/guides/final-exam-score-needed-guide/,200,False,"noindex,follow",,https://funnytools.win/guides/final-exam-score-needed-guide/,False,8,zh-Hant,Guide,UNKNOWN (supplied aggregate only),INTENTIONAL_NOINDEX,T2 index consolidation: outside src/lib/indexPolicy.ts allowlist; src/layouts/BaseLayout.astro shouldNoindex preserves available utility/content without reopening search ownership.
funnytools.win,https://funnytools.win/guides/gpa-4-0-vs-4-3-guide/,200,False,"noindex,follow",,https://funnytools.win/guides/gpa-4-0-vs-4-3-guide/,False,7,zh-Hant,Guide,UNKNOWN (supplied aggregate only),INTENTIONAL_NOINDEX,T2 index consolidation: outside src/lib/indexPolicy.ts allowlist; src/layouts/BaseLayout.astro shouldNoindex preserves available utility/content without reopening search ownership.
funnytools.win,https://funnytools.win/guides/gpa-credit-weighted-formula-guide/,200,False,"noindex,follow",,https://funnytools.win/guides/gpa-credit-weighted-formula-guide/,False,8,zh-Hant,Guide,UNKNOWN (supplied aggregate only),INTENTIONAL_NOINDEX,T2 index consolidation: outside src/lib/indexPolicy.ts allowlist; src/layouts/BaseLayout.astro shouldNoindex preserves available utility/content without reopening search ownership.
funnytools.win,https://funnytools.win/guides/grade-rounding-cutoff-guide/,200,False,"noindex,follow",,https://funnytools.win/guides/grade-rounding-cutoff-guide/,False,5,zh-Hant,Guide,UNKNOWN (supplied aggregate only),INTENTIONAL_NOINDEX,T2 index consolidation: outside src/lib/indexPolicy.ts allowlist; src/layouts/BaseLayout.astro shouldNoindex preserves available utility/content without reopening search ownership.
funnytools.win,https://funnytools.win/guides/invisible-spaces-nbsp-zero-width-guide/,200,False,"noindex,follow",,https://funnytools.win/guides/invisible-spaces-nbsp-zero-width-guide/,False,8,zh-Hant,Guide,UNKNOWN (supplied aggregate only),INTENTIONAL_NOINDEX,T2 index consolidation: outside src/lib/indexPolicy.ts allowlist; src/layouts/BaseLayout.astro shouldNoindex preserves available utility/content without reopening search ownership.
funnytools.win,https://funnytools.win/guides/missing-assignment-zero-exempt-guide/,200,False,"noindex,follow",,https://funnytools.win/guides/missing-assignment-zero-exempt-guide/,False,7,zh-Hant,Guide,UNKNOWN (supplied aggregate only),INTENTIONAL_NOINDEX,T2 index consolidation: outside src/lib/indexPolicy.ts allowlist; src/layouts/BaseLayout.astro shouldNoindex preserves available utility/content without reopening search ownership.
funnytools.win,https://funnytools.win/guides/percentage-grade-to-gpa-conversion-guide/,200,False,"noindex,follow",,https://funnytools.win/guides/percentage-grade-to-gpa-conversion-guide/,False,6,zh-Hant,Guide,UNKNOWN (supplied aggregate only),INTENTIONAL_NOINDEX,T2 index consolidation: outside src/lib/indexPolicy.ts allowlist; src/layouts/BaseLayout.astro shouldNoindex preserves available utility/content without reopening search ownership.
funnytools.win,https://funnytools.win/guides/rejection-sampling-modulo-bias-guide/,200,False,"noindex,follow",,https://funnytools.win/guides/rejection-sampling-modulo-bias-guide/,False,7,zh-Hant,Guide,UNKNOWN (supplied aggregate only),INTENTIONAL_NOINDEX,T2 index consolidation: outside src/lib/indexPolicy.ts allowlist; src/layouts/BaseLayout.astro shouldNoindex preserves available utility/content without reopening search ownership.
funnytools.win,https://funnytools.win/guides/secure-random-vs-math-random-guide/,200,False,"noindex,follow",,https://funnytools.win/guides/secure-random-vs-math-random-guide/,False,11,zh-Hant,Guide,UNKNOWN (supplied aggregate only),INTENTIONAL_NOINDEX,T2 index consolidation: outside src/lib/indexPolicy.ts allowlist; src/layouts/BaseLayout.astro shouldNoindex preserves available utility/content without reopening search ownership.
funnytools.win,https://funnytools.win/guides/semester-vs-cumulative-gpa-guide/,200,False,"noindex,follow",,https://funnytools.win/guides/semester-vs-cumulative-gpa-guide/,False,7,zh-Hant,Guide,UNKNOWN (supplied aggregate only),INTENTIONAL_NOINDEX,T2 index consolidation: outside src/lib/indexPolicy.ts allowlist; src/layouts/BaseLayout.astro shouldNoindex preserves available utility/content without reopening search ownership.
funnytools.win,https://funnytools.win/guides/spss-levene-test-guide/,200,False,"noindex,follow",,https://funnytools.win/guides/spss-levene-test-guide/,False,4,zh-Hant,Guide,UNKNOWN (supplied aggregate only),INTENTIONAL_NOINDEX,T2 index consolidation: outside src/lib/indexPolicy.ts allowlist; src/layouts/BaseLayout.astro shouldNoindex preserves available utility/content without reopening search ownership.
funnytools.win,https://funnytools.win/guides/static-vs-dynamic-qr-code-guide/,200,False,"noindex,follow",,https://funnytools.win/guides/static-vs-dynamic-qr-code-guide/,False,9,zh-Hant,Guide,UNKNOWN (supplied aggregate only),INTENTIONAL_NOINDEX,T2 index consolidation: outside src/lib/indexPolicy.ts allowlist; src/layouts/BaseLayout.astro shouldNoindex preserves available utility/content without reopening search ownership.
funnytools.win,https://funnytools.win/guides/t-test-apa-format-guide/,200,False,"noindex,follow",,https://funnytools.win/guides/t-test-apa-format-guide/,False,4,zh-Hant,Guide,UNKNOWN (supplied aggregate only),INTENTIONAL_NOINDEX,T2 index consolidation: outside src/lib/indexPolicy.ts allowlist; src/layouts/BaseLayout.astro shouldNoindex preserves available utility/content without reopening search ownership.
funnytools.win,https://funnytools.win/guides/teacher-exam-weighted-score-guide/,200,False,"noindex,follow",,https://funnytools.win/guides/teacher-exam-weighted-score-guide/,False,4,zh-Hant,Guide,UNKNOWN (supplied aggregate only),INTENTIONAL_NOINDEX,T2 index consolidation: outside src/lib/indexPolicy.ts allowlist; src/layouts/BaseLayout.astro shouldNoindex preserves available utility/content without reopening search ownership.
funnytools.win,https://funnytools.win/guides/text-writing/,200,False,"noindex,follow",,https://funnytools.win/guides/text-writing/,False,10,zh-Hant,Guide,UNKNOWN (supplied aggregate only),INTENTIONAL_NOINDEX,T2 index consolidation: outside src/lib/indexPolicy.ts allowlist; src/layouts/BaseLayout.astro shouldNoindex preserves available utility/content without reopening search ownership.
funnytools.win,https://funnytools.win/guides/weighted-grade-weights-not-100-guide/,200,False,"noindex,follow",,https://funnytools.win/guides/weighted-grade-weights-not-100-guide/,False,8,zh-Hant,Guide,UNKNOWN (supplied aggregate only),INTENTIONAL_NOINDEX,T2 index consolidation: outside src/lib/indexPolicy.ts allowlist; src/layouts/BaseLayout.astro shouldNoindex preserves available utility/content without reopening search ownership.
funnytools.win,https://funnytools.win/guides/z-score-calculator-guide/,200,False,"noindex,follow",,https://funnytools.win/guides/z-score-calculator-guide/,False,4,zh-Hant,Guide,UNKNOWN (supplied aggregate only),INTENTIONAL_NOINDEX,T2 index consolidation: outside src/lib/indexPolicy.ts allowlist; src/layouts/BaseLayout.astro shouldNoindex preserves available utility/content without reopening search ownership.
funnytools.win,https://funnytools.win/tools/cad-2d/,200,False,"noindex,follow",,https://funnytools.win/tools/cad-2d/,False,6,zh-Hant,Tool,UNKNOWN (supplied aggregate only),INTENTIONAL_NOINDEX,T2 index consolidation: outside src/lib/indexPolicy.ts allowlist; src/layouts/BaseLayout.astro shouldNoindex preserves available utility/content without reopening search ownership.
funnytools.win,https://funnytools.win/tools/delete-pdf-pages/,200,False,"noindex,follow",,https://funnytools.win/tools/delete-pdf-pages/,False,6,zh-Hant,Tool,UNKNOWN (supplied aggregate only),INTENTIONAL_NOINDEX,T2 index consolidation: outside src/lib/indexPolicy.ts allowlist; src/layouts/BaseLayout.astro shouldNoindex preserves available utility/content without reopening search ownership.
funnytools.win,https://funnytools.win/tools/extract-pdf-pages/,200,False,"noindex,follow",,https://funnytools.win/tools/extract-pdf-pages/,False,10,zh-Hant,Tool,UNKNOWN (supplied aggregate only),INTENTIONAL_NOINDEX,T2 index consolidation: outside src/lib/indexPolicy.ts allowlist; src/layouts/BaseLayout.astro shouldNoindex preserves available utility/content without reopening search ownership.
funnytools.win,https://funnytools.win/tools/flowchart/,200,False,"noindex,follow",,https://funnytools.win/tools/flowchart/,False,11,zh-Hant,Tool,UNKNOWN (supplied aggregate only),INTENTIONAL_NOINDEX,T2 index consolidation: outside src/lib/indexPolicy.ts allowlist; src/layouts/BaseLayout.astro shouldNoindex preserves available utility/content without reopening search ownership.
funnytools.win,https://funnytools.win/tools/gpa-calculator/,200,False,"noindex,follow",,https://funnytools.win/tools/gpa-calculator/,False,11,zh-Hant,Tool,UNKNOWN (supplied aggregate only),INTENTIONAL_NOINDEX,T2 index consolidation: outside src/lib/indexPolicy.ts allowlist; src/layouts/BaseLayout.astro shouldNoindex preserves available utility/content without reopening search ownership.
funnytools.win,https://funnytools.win/tools/image-compressor/,200,False,"noindex,follow",,https://funnytools.win/tools/image-compressor/,False,17,zh-Hant,Tool,UNKNOWN (supplied aggregate only),INTENTIONAL_NOINDEX,T2 index consolidation: outside src/lib/indexPolicy.ts allowlist; src/layouts/BaseLayout.astro shouldNoindex preserves available utility/content without reopening search ownership.
funnytools.win,https://funnytools.win/tools/image-crop/,200,False,"noindex,follow",,https://funnytools.win/tools/image-crop/,False,8,zh-Hant,Tool,UNKNOWN (supplied aggregate only),INTENTIONAL_NOINDEX,T2 index consolidation: outside src/lib/indexPolicy.ts allowlist; src/layouts/BaseLayout.astro shouldNoindex preserves available utility/content without reopening search ownership.
funnytools.win,https://funnytools.win/tools/image-resizer/,200,False,"noindex,follow",,https://funnytools.win/tools/image-resizer/,False,12,zh-Hant,Tool,UNKNOWN (supplied aggregate only),INTENTIONAL_NOINDEX,T2 index consolidation: outside src/lib/indexPolicy.ts allowlist; src/layouts/BaseLayout.astro shouldNoindex preserves available utility/content without reopening search ownership.
funnytools.win,https://funnytools.win/tools/image-rotate-flip/,200,False,"noindex,follow",,https://funnytools.win/tools/image-rotate-flip/,False,5,zh-Hant,Tool,UNKNOWN (supplied aggregate only),INTENTIONAL_NOINDEX,T2 index consolidation: outside src/lib/indexPolicy.ts allowlist; src/layouts/BaseLayout.astro shouldNoindex preserves available utility/content without reopening search ownership.
funnytools.win,https://funnytools.win/tools/image-to-base64/,200,False,"noindex,follow",,https://funnytools.win/tools/image-to-base64/,False,5,zh-Hant,Tool,UNKNOWN (supplied aggregate only),INTENTIONAL_NOINDEX,T2 index consolidation: outside src/lib/indexPolicy.ts allowlist; src/layouts/BaseLayout.astro shouldNoindex preserves available utility/content without reopening search ownership.
funnytools.win,https://funnytools.win/tools/jpg-to-webp/,200,False,"noindex,follow",,https://funnytools.win/tools/jpg-to-webp/,False,7,zh-Hant,Tool,UNKNOWN (supplied aggregate only),INTENTIONAL_NOINDEX,T2 index consolidation: outside src/lib/indexPolicy.ts allowlist; src/layouts/BaseLayout.astro shouldNoindex preserves available utility/content without reopening search ownership.
funnytools.win,https://funnytools.win/tools/pdf-compressor/,200,False,"noindex,follow",,https://funnytools.win/tools/pdf-compressor/,False,9,zh-Hant,Tool,UNKNOWN (supplied aggregate only),INTENTIONAL_NOINDEX,T2 index consolidation: outside src/lib/indexPolicy.ts allowlist; src/layouts/BaseLayout.astro shouldNoindex preserves available utility/content without reopening search ownership.
funnytools.win,https://funnytools.win/tools/qr-code-generator/,200,False,"noindex,follow",,https://funnytools.win/tools/qr-code-generator/,False,22,zh-Hant,Tool,UNKNOWN (supplied aggregate only),INTENTIONAL_NOINDEX,T2 index consolidation: outside src/lib/indexPolicy.ts allowlist; src/layouts/BaseLayout.astro shouldNoindex preserves available utility/content without reopening search ownership.
funnytools.win,https://funnytools.win/tools/rotate-pdf/,200,False,"noindex,follow",,https://funnytools.win/tools/rotate-pdf/,False,6,zh-Hant,Tool,UNKNOWN (supplied aggregate only),INTENTIONAL_NOINDEX,T2 index consolidation: outside src/lib/indexPolicy.ts allowlist; src/layouts/BaseLayout.astro shouldNoindex preserves available utility/content without reopening search ownership.
funnytools.win,https://funnytools.win/tools/sketchpad/,200,False,"noindex,follow",,https://funnytools.win/tools/sketchpad/,False,7,zh-Hant,Tool,UNKNOWN (supplied aggregate only),INTENTIONAL_NOINDEX,T2 index consolidation: outside src/lib/indexPolicy.ts allowlist; src/layouts/BaseLayout.astro shouldNoindex preserves available utility/content without reopening search ownership.
funnytools.win,https://funnytools.win/tools/split-pdf/,200,False,"noindex,follow",,https://funnytools.win/tools/split-pdf/,False,9,zh-Hant,Tool,UNKNOWN (supplied aggregate only),INTENTIONAL_NOINDEX,T2 index consolidation: outside src/lib/indexPolicy.ts allowlist; src/layouts/BaseLayout.astro shouldNoindex preserves available utility/content without reopening search ownership.
funnytools.win,https://funnytools.win/workflows/creator-social-toolkit/,200,False,"noindex,follow",,https://funnytools.win/workflows/creator-social-toolkit/,False,4,zh-Hant,Workflow,UNKNOWN (supplied aggregate only),INTENTIONAL_NOINDEX,T2 index consolidation: outside src/lib/indexPolicy.ts allowlist; src/layouts/BaseLayout.astro shouldNoindex preserves available utility/content without reopening search ownership.
funnytools.win,https://funnytools.win/workflows/daily-decision-toolkit/,200,False,"noindex,follow",,https://funnytools.win/workflows/daily-decision-toolkit/,False,5,zh-Hant,Workflow,UNKNOWN (supplied aggregate only),INTENTIONAL_NOINDEX,T2 index consolidation: outside src/lib/indexPolicy.ts allowlist; src/layouts/BaseLayout.astro shouldNoindex preserves available utility/content without reopening search ownership.
funnytools.win,https://funnytools.win/workflows/grade-gpa-check-toolkit/,200,False,"noindex,follow",,https://funnytools.win/workflows/grade-gpa-check-toolkit/,False,4,zh-Hant,Workflow,UNKNOWN (supplied aggregate only),INTENTIONAL_NOINDEX,T2 index consolidation: outside src/lib/indexPolicy.ts allowlist; src/layouts/BaseLayout.astro shouldNoindex preserves available utility/content without reopening search ownership.
funnytools.win,https://funnytools.win/workflows/graduate-statistics-report-toolkit/,200,False,"noindex,follow",,https://funnytools.win/workflows/graduate-statistics-report-toolkit/,False,4,zh-Hant,Workflow,UNKNOWN (supplied aggregate only),INTENTIONAL_NOINDEX,T2 index consolidation: outside src/lib/indexPolicy.ts allowlist; src/layouts/BaseLayout.astro shouldNoindex preserves available utility/content without reopening search ownership.
funnytools.win,https://funnytools.win/workflows/office-document-toolkit/,200,False,"noindex,follow",,https://funnytools.win/workflows/office-document-toolkit/,False,6,zh-Hant,Workflow,UNKNOWN (supplied aggregate only),INTENTIONAL_NOINDEX,T2 index consolidation: outside src/lib/indexPolicy.ts allowlist; src/layouts/BaseLayout.astro shouldNoindex preserves available utility/content without reopening search ownership.
funnytools.win,https://funnytools.win/workflows/qr-barcode-publishing-toolkit/,200,False,"noindex,follow",,https://funnytools.win/workflows/qr-barcode-publishing-toolkit/,False,4,zh-Hant,Workflow,UNKNOWN (supplied aggregate only),INTENTIONAL_NOINDEX,T2 index consolidation: outside src/lib/indexPolicy.ts allowlist; src/layouts/BaseLayout.astro shouldNoindex preserves available utility/content without reopening search ownership.
funnytools.win,https://funnytools.win/workflows/student-report-toolkit/,200,False,"noindex,follow",,https://funnytools.win/workflows/student-report-toolkit/,False,5,zh-Hant,Workflow,UNKNOWN (supplied aggregate only),INTENTIONAL_NOINDEX,T2 index consolidation: outside src/lib/indexPolicy.ts allowlist; src/layouts/BaseLayout.astro shouldNoindex preserves available utility/content without reopening search ownership.
funnytools.win,https://funnytools.win/workflows/teacher-classroom-random-toolkit/,200,False,"noindex,follow",,https://funnytools.win/workflows/teacher-classroom-random-toolkit/,False,6,zh-Hant,Workflow,UNKNOWN (supplied aggregate only),INTENTIONAL_NOINDEX,T2 index consolidation: outside src/lib/indexPolicy.ts allowlist; src/layouts/BaseLayout.astro shouldNoindex preserves available utility/content without reopening search ownership.
funnytools.win,https://funnytools.win/workflows/teacher-exam-score-toolkit/,200,False,"noindex,follow",,https://funnytools.win/workflows/teacher-exam-score-toolkit/,False,6,zh-Hant,Workflow,UNKNOWN (supplied aggregate only),INTENTIONAL_NOINDEX,T2 index consolidation: outside src/lib/indexPolicy.ts allowlist; src/layouts/BaseLayout.astro shouldNoindex preserves available utility/content without reopening search ownership.
funnytools.win,https://funnytools.win/workflows/text-cleanup-publishing-toolkit/,200,False,"noindex,follow",,https://funnytools.win/workflows/text-cleanup-publishing-toolkit/,False,7,zh-Hant,Workflow,UNKNOWN (supplied aggregate only),INTENTIONAL_NOINDEX,T2 index consolidation: outside src/lib/indexPolicy.ts allowlist; src/layouts/BaseLayout.astro shouldNoindex preserves available utility/content without reopening search ownership.
funnytools.win,https://funnytools.win/category/money/,200,False,"noindex,follow",,https://funnytools.win/category/money/,False,5,zh-Hant,Category,UNKNOWN (supplied aggregate only),INTENTIONAL_NOINDEX,T2 index consolidation: outside src/lib/indexPolicy.ts allowlist; src/layouts/BaseLayout.astro shouldNoindex preserves available utility/content without reopening search ownership.
funnytools.win,https://funnytools.win/category/random/,200,False,"noindex,follow",,https://funnytools.win/category/random/,False,10,zh-Hant,Category,UNKNOWN (supplied aggregate only),INTENTIONAL_NOINDEX,T2 index consolidation: outside src/lib/indexPolicy.ts allowlist; src/layouts/BaseLayout.astro shouldNoindex preserves available utility/content without reopening search ownership.
funnytools.win,https://funnytools.win/category/study/,200,False,"noindex,follow",,https://funnytools.win/category/study/,False,9,zh-Hant,Category,UNKNOWN (supplied aggregate only),INTENTIONAL_NOINDEX,T2 index consolidation: outside src/lib/indexPolicy.ts allowlist; src/layouts/BaseLayout.astro shouldNoindex preserves available utility/content without reopening search ownership.
funnytools.win,https://funnytools.win/category/time/,200,False,"noindex,follow",,https://funnytools.win/category/time/,False,9,zh-Hant,Category,UNKNOWN (supplied aggregate only),INTENTIONAL_NOINDEX,T2 index consolidation: outside src/lib/indexPolicy.ts allowlist; src/layouts/BaseLayout.astro shouldNoindex preserves available utility/content without reopening search ownership.
funnytools.win,https://funnytools.win/for/,200,False,"noindex,follow",,https://funnytools.win/for/,False,8,zh-Hant,Content,UNKNOWN (supplied aggregate only),INTENTIONAL_NOINDEX,T2 index consolidation: outside src/lib/indexPolicy.ts allowlist; src/layouts/BaseLayout.astro shouldNoindex preserves available utility/content without reopening search ownership.
funnytools.win,https://funnytools.win/for/developers/,200,False,"noindex,follow",,https://funnytools.win/for/developers/,False,8,zh-Hant,Content,UNKNOWN (supplied aggregate only),INTENTIONAL_NOINDEX,T2 index consolidation: outside src/lib/indexPolicy.ts allowlist; src/layouts/BaseLayout.astro shouldNoindex preserves available utility/content without reopening search ownership.
funnytools.win,https://funnytools.win/guides/2d-cad-drawing-board-workflow-guide/,200,False,"noindex,follow",,https://funnytools.win/guides/2d-cad-drawing-board-workflow-guide/,False,2,zh-Hant,Guide,UNKNOWN (supplied aggregate only),INTENTIONAL_NOINDEX,T2 index consolidation: outside src/lib/indexPolicy.ts allowlist; src/layouts/BaseLayout.astro shouldNoindex preserves available utility/content without reopening search ownership.
funnytools.win,https://funnytools.win/guides/a4-vs-us-letter-printing-guide/,200,False,"noindex,follow",,https://funnytools.win/guides/a4-vs-us-letter-printing-guide/,False,2,zh-Hant,Guide,UNKNOWN (supplied aggregate only),INTENTIONAL_NOINDEX,T2 index consolidation: outside src/lib/indexPolicy.ts allowlist; src/layouts/BaseLayout.astro shouldNoindex preserves available utility/content without reopening search ownership.
funnytools.win,https://funnytools.win/guides/age-calculator-school-cutoff-guide/,200,False,"noindex,follow",,https://funnytools.win/guides/age-calculator-school-cutoff-guide/,False,3,zh-Hant,Guide,UNKNOWN (supplied aggregate only),INTENTIONAL_NOINDEX,T2 index consolidation: outside src/lib/indexPolicy.ts allowlist; src/layouts/BaseLayout.astro shouldNoindex preserves available utility/content without reopening search ownership.
funnytools.win,https://funnytools.win/guides/anova-post-hoc-tukey-bonferroni/,200,False,"noindex,follow",,https://funnytools.win/guides/anova-post-hoc-tukey-bonferroni/,False,3,zh-Hant,Guide,UNKNOWN (supplied aggregate only),INTENTIONAL_NOINDEX,T2 index consolidation: outside src/lib/indexPolicy.ts allowlist; src/layouts/BaseLayout.astro shouldNoindex preserves available utility/content without reopening search ownership.
funnytools.win,https://funnytools.win/guides/bar-chart-school-report-guide/,200,False,"noindex,follow",,https://funnytools.win/guides/bar-chart-school-report-guide/,False,5,zh-Hant,Guide,UNKNOWN (supplied aggregate only),INTENTIONAL_NOINDEX,T2 index consolidation: outside src/lib/indexPolicy.ts allowlist; src/layouts/BaseLayout.astro shouldNoindex preserves available utility/content without reopening search ownership.
funnytools.win,https://funnytools.win/guides/barcode-printing-quiet-zone-svg-guide/,200,False,"noindex,follow",,https://funnytools.win/guides/barcode-printing-quiet-zone-svg-guide/,False,6,zh-Hant,Guide,UNKNOWN (supplied aggregate only),INTENTIONAL_NOINDEX,T2 index consolidation: outside src/lib/indexPolicy.ts allowlist; src/layouts/BaseLayout.astro shouldNoindex preserves available utility/content without reopening search ownership.
funnytools.win,https://funnytools.win/guides/base64-utf8-unicode-guide/,200,False,"noindex,follow",,https://funnytools.win/guides/base64-utf8-unicode-guide/,False,4,zh-Hant,Guide,UNKNOWN (supplied aggregate only),INTENTIONAL_NOINDEX,T2 index consolidation: outside src/lib/indexPolicy.ts allowlist; src/layouts/BaseLayout.astro shouldNoindex preserves available utility/content without reopening search ownership.
funnytools.win,https://funnytools.win/guides/break-reminder-work-interval-guide/,200,False,"noindex,follow",,https://funnytools.win/guides/break-reminder-work-interval-guide/,False,4,zh-Hant,Guide,UNKNOWN (supplied aggregate only),INTENTIONAL_NOINDEX,T2 index consolidation: outside src/lib/indexPolicy.ts allowlist; src/layouts/BaseLayout.astro shouldNoindex preserves available utility/content without reopening search ownership.
funnytools.win,https://funnytools.win/guides/business-days-calendar-days-guide/,200,False,"noindex,follow",,https://funnytools.win/guides/business-days-calendar-days-guide/,False,5,zh-Hant,Guide,UNKNOWN (supplied aggregate only),INTENTIONAL_NOINDEX,T2 index consolidation: outside src/lib/indexPolicy.ts allowlist; src/layouts/BaseLayout.astro shouldNoindex preserves available utility/content without reopening search ownership.
funnytools.win,https://funnytools.win/guides/camelcase-snake-case-kebab-case-guide/,200,False,"noindex,follow",,https://funnytools.win/guides/camelcase-snake-case-kebab-case-guide/,False,5,zh-Hant,Guide,UNKNOWN (supplied aggregate only),INTENTIONAL_NOINDEX,T2 index consolidation: outside src/lib/indexPolicy.ts allowlist; src/layouts/BaseLayout.astro shouldNoindex preserves available utility/content without reopening search ownership.
funnytools.win,https://funnytools.win/guides/chart-or-flowchart-selection-guide/,200,False,"noindex,follow",,https://funnytools.win/guides/chart-or-flowchart-selection-guide/,False,6,zh-Hant,Guide,UNKNOWN (supplied aggregate only),INTENTIONAL_NOINDEX,T2 index consolidation: outside src/lib/indexPolicy.ts allowlist; src/layouts/BaseLayout.astro shouldNoindex preserves available utility/content without reopening search ownership.
funnytools.win,https://funnytools.win/guides/chinese-english-mixed-word-count-guide/,200,False,"noindex,follow",,https://funnytools.win/guides/chinese-english-mixed-word-count-guide/,False,4,zh-Hant,Guide,UNKNOWN (supplied aggregate only),INTENTIONAL_NOINDEX,T2 index consolidation: outside src/lib/indexPolicy.ts allowlist; src/layouts/BaseLayout.astro shouldNoindex preserves available utility/content without reopening search ownership.
funnytools.win,https://funnytools.win/guides/classroom-group-roles-rotation-guide/,200,False,"noindex,follow",,https://funnytools.win/guides/classroom-group-roles-rotation-guide/,False,2,zh-Hant,Guide,UNKNOWN (supplied aggregate only),INTENTIONAL_NOINDEX,T2 index consolidation: outside src/lib/indexPolicy.ts allowlist; src/layouts/BaseLayout.astro shouldNoindex preserves available utility/content without reopening search ownership.
funnytools.win,https://funnytools.win/guides/classroom-lottery-tool-guide/,200,False,"noindex,follow",,https://funnytools.win/guides/classroom-lottery-tool-guide/,False,5,zh-Hant,Guide,UNKNOWN (supplied aggregate only),INTENTIONAL_NOINDEX,T2 index consolidation: outside src/lib/indexPolicy.ts allowlist; src/layouts/BaseLayout.astro shouldNoindex preserves available utility/content without reopening search ownership.
funnytools.win,https://funnytools.win/guides/classroom-random-group-absent-student-repair-guide/,200,False,"noindex,follow",,https://funnytools.win/guides/classroom-random-group-absent-student-repair-guide/,False,2,zh-Hant,Guide,UNKNOWN (supplied aggregate only),INTENTIONAL_NOINDEX,T2 index consolidation: outside src/lib/indexPolicy.ts allowlist; src/layouts/BaseLayout.astro shouldNoindex preserves available utility/content without reopening search ownership.
funnytools.win,https://funnytools.win/guides/classroom-random-group-materials-handoff-guide/,200,False,"noindex,follow",,https://funnytools.win/guides/classroom-random-group-materials-handoff-guide/,False,2,zh-Hant,Guide,UNKNOWN (supplied aggregate only),INTENTIONAL_NOINDEX,T2 index consolidation: outside src/lib/indexPolicy.ts allowlist; src/layouts/BaseLayout.astro shouldNoindex preserves available utility/content without reopening search ownership.
funnytools.win,https://funnytools.win/guides/classroom-random-group-no-repeat-guide/,200,False,"noindex,follow",,https://funnytools.win/guides/classroom-random-group-no-repeat-guide/,False,2,zh-Hant,Guide,UNKNOWN (supplied aggregate only),INTENTIONAL_NOINDEX,T2 index consolidation: outside src/lib/indexPolicy.ts allowlist; src/layouts/BaseLayout.astro shouldNoindex preserves available utility/content without reopening search ownership.
funnytools.win,https://funnytools.win/guides/classroom-random-group-seat-transition-guide/,200,False,"noindex,follow",,https://funnytools.win/guides/classroom-random-group-seat-transition-guide/,False,2,zh-Hant,Guide,UNKNOWN (supplied aggregate only),INTENTIONAL_NOINDEX,T2 index consolidation: outside src/lib/indexPolicy.ts allowlist; src/layouts/BaseLayout.astro shouldNoindex preserves available utility/content without reopening search ownership.
funnytools.win,https://funnytools.win/guides/classroom-random-group-shareable-result-guide/,200,False,"noindex,follow",,https://funnytools.win/guides/classroom-random-group-shareable-result-guide/,False,2,zh-Hant,Guide,UNKNOWN (supplied aggregate only),INTENTIONAL_NOINDEX,T2 index consolidation: outside src/lib/indexPolicy.ts allowlist; src/layouts/BaseLayout.astro shouldNoindex preserves available utility/content without reopening search ownership.
funnytools.win,https://funnytools.win/guides/classroom-random-group-size-balance-guide/,200,False,"noindex,follow",,https://funnytools.win/guides/classroom-random-group-size-balance-guide/,False,2,zh-Hant,Guide,UNKNOWN (supplied aggregate only),INTENTIONAL_NOINDEX,T2 index consolidation: outside src/lib/indexPolicy.ts allowlist; src/layouts/BaseLayout.astro shouldNoindex preserves available utility/content without reopening search ownership.
funnytools.win,https://funnytools.win/guides/clean-copied-text-from-pdf-web-guide/,200,False,"noindex,follow",,https://funnytools.win/guides/clean-copied-text-from-pdf-web-guide/,False,6,zh-Hant,Guide,UNKNOWN (supplied aggregate only),INTENTIONAL_NOINDEX,T2 index consolidation: outside src/lib/indexPolicy.ts allowlist; src/layouts/BaseLayout.astro shouldNoindex preserves available utility/content without reopening search ownership.
funnytools.win,https://funnytools.win/guides/compress-image-to-upload-limit/,200,False,"noindex,follow",,https://funnytools.win/guides/compress-image-to-upload-limit/,False,6,zh-Hant,Guide,UNKNOWN (supplied aggregate only),INTENTIONAL_NOINDEX,T2 index consolidation: outside src/lib/indexPolicy.ts allowlist; src/layouts/BaseLayout.astro shouldNoindex preserves available utility/content without reopening search ownership.
funnytools.win,https://funnytools.win/guides/compress-pdf-to-upload-limit/,200,False,"noindex,follow",,https://funnytools.win/guides/compress-pdf-to-upload-limit/,False,7,zh-Hant,Guide,UNKNOWN (supplied aggregate only),INTENTIONAL_NOINDEX,T2 index consolidation: outside src/lib/indexPolicy.ts allowlist; src/layouts/BaseLayout.astro shouldNoindex preserves available utility/content without reopening search ownership.
funnytools.win,https://funnytools.win/guides/confidence-interval-95-guide/,200,False,"noindex,follow",,https://funnytools.win/guides/confidence-interval-95-guide/,False,10,zh-Hant,Guide,UNKNOWN (supplied aggregate only),INTENTIONAL_NOINDEX,T2 index consolidation: outside src/lib/indexPolicy.ts allowlist; src/layouts/BaseLayout.astro shouldNoindex preserves available utility/content without reopening search ownership.
funnytools.win,https://funnytools.win/guides/countdown-stopwatch-pomodoro-comparison/,200,False,"noindex,follow",,https://funnytools.win/guides/countdown-stopwatch-pomodoro-comparison/,False,4,zh-Hant,Guide,UNKNOWN (supplied aggregate only),INTENTIONAL_NOINDEX,T2 index consolidation: outside src/lib/indexPolicy.ts allowlist; src/layouts/BaseLayout.astro shouldNoindex preserves available utility/content without reopening search ownership.
funnytools.win,https://funnytools.win/guides/cronbach-alpha-interpretation/,200,False,"noindex,follow",,https://funnytools.win/guides/cronbach-alpha-interpretation/,False,2,zh-Hant,Guide,UNKNOWN (supplied aggregate only),INTENTIONAL_NOINDEX,T2 index consolidation: outside src/lib/indexPolicy.ts allowlist; src/layouts/BaseLayout.astro shouldNoindex preserves available utility/content without reopening search ownership.
funnytools.win,https://funnytools.win/guides/crop-vs-resize-vs-compress-image/,200,False,"noindex,follow",,https://funnytools.win/guides/crop-vs-resize-vs-compress-image/,False,5,zh-Hant,Guide,UNKNOWN (supplied aggregate only),INTENTIONAL_NOINDEX,T2 index consolidation: outside src/lib/indexPolicy.ts allowlist; src/layouts/BaseLayout.astro shouldNoindex preserves available utility/content without reopening search ownership.
funnytools.win,https://funnytools.win/guides/csv-to-json-conversion-guide/,200,False,"noindex,follow",,https://funnytools.win/guides/csv-to-json-conversion-guide/,False,6,zh-Hant,Guide,UNKNOWN (supplied aggregate only),INTENTIONAL_NOINDEX,T2 index consolidation: outside src/lib/indexPolicy.ts allowlist; src/layouts/BaseLayout.astro shouldNoindex preserves available utility/content without reopening search ownership.
funnytools.win,https://funnytools.win/guides/csv-to-json-header-duplicate-column-guide/,200,False,"noindex,follow",,https://funnytools.win/guides/csv-to-json-header-duplicate-column-guide/,False,2,zh-Hant,Guide,UNKNOWN (supplied aggregate only),INTENTIONAL_NOINDEX,T2 index consolidation: outside src/lib/indexPolicy.ts allowlist; src/layouts/BaseLayout.astro shouldNoindex preserves available utility/content without reopening search ownership.
funnytools.win,https://funnytools.win/guides/csv-utf8-bom-excel-garbled-text/,200,False,"noindex,follow",,https://funnytools.win/guides/csv-utf8-bom-excel-garbled-text/,False,6,zh-Hant,Guide,UNKNOWN (supplied aggregate only),INTENTIONAL_NOINDEX,T2 index consolidation: outside src/lib/indexPolicy.ts allowlist; src/layouts/BaseLayout.astro shouldNoindex preserves available utility/content without reopening search ownership.
funnytools.win,https://funnytools.win/guides/cvc-word-families-guide/,200,False,"noindex,follow",,https://funnytools.win/guides/cvc-word-families-guide/,False,2,zh-Hant,Guide,UNKNOWN (supplied aggregate only),INTENTIONAL_NOINDEX,T2 index consolidation: outside src/lib/indexPolicy.ts allowlist; src/layouts/BaseLayout.astro shouldNoindex preserves available utility/content without reopening search ownership.
funnytools.win,https://funnytools.win/guides/date-arithmetic-end-of-month-dst-guide/,200,False,"noindex,follow",,https://funnytools.win/guides/date-arithmetic-end-of-month-dst-guide/,False,6,zh-Hant,Guide,UNKNOWN (supplied aggregate only),INTENTIONAL_NOINDEX,T2 index consolidation: outside src/lib/indexPolicy.ts allowlist; src/layouts/BaseLayout.astro shouldNoindex preserves available utility/content without reopening search ownership.
funnytools.win,https://funnytools.win/guides/date-difference-inclusive-exclusive-guide/,200,False,"noindex,follow",,https://funnytools.win/guides/date-difference-inclusive-exclusive-guide/,False,5,zh-Hant,Guide,UNKNOWN (supplied aggregate only),INTENTIONAL_NOINDEX,T2 index consolidation: outside src/lib/indexPolicy.ts allowlist; src/layouts/BaseLayout.astro shouldNoindex preserves available utility/content without reopening search ownership.
funnytools.win,https://funnytools.win/guides/decision-tree-vs-flowchart-guide/,200,False,"noindex,follow",,https://funnytools.win/guides/decision-tree-vs-flowchart-guide/,False,4,zh-Hant,Guide,UNKNOWN (supplied aggregate only),INTENTIONAL_NOINDEX,T2 index consolidation: outside src/lib/indexPolicy.ts allowlist; src/layouts/BaseLayout.astro shouldNoindex preserves available utility/content without reopening search ownership.
funnytools.win,https://funnytools.win/guides/delete-blank-pages-from-pdf/,200,False,"noindex,follow",,https://funnytools.win/guides/delete-blank-pages-from-pdf/,False,4,zh-Hant,Guide,UNKNOWN (supplied aggregate only),INTENTIONAL_NOINDEX,T2 index consolidation: outside src/lib/indexPolicy.ts allowlist; src/layouts/BaseLayout.astro shouldNoindex preserves available utility/content without reopening search ownership.
funnytools.win,https://funnytools.win/guides/dice-probability-random-streaks-guide/,200,False,"noindex,follow",,https://funnytools.win/guides/dice-probability-random-streaks-guide/,False,3,zh-Hant,Guide,UNKNOWN (supplied aggregate only),INTENTIONAL_NOINDEX,T2 index consolidation: outside src/lib/indexPolicy.ts allowlist; src/layouts/BaseLayout.astro shouldNoindex preserves available utility/content without reopening search ownership.
funnytools.win,https://funnytools.win/guides/effect-size-guide/,200,False,"noindex,follow",,https://funnytools.win/guides/effect-size-guide/,False,12,zh-Hant,Guide,UNKNOWN (supplied aggregate only),INTENTIONAL_NOINDEX,T2 index consolidation: outside src/lib/indexPolicy.ts allowlist; src/layouts/BaseLayout.astro shouldNoindex preserves available utility/content without reopening search ownership.
funnytools.win,https://funnytools.win/guides/extract-specific-pages-from-pdf/,200,False,"noindex,follow",,https://funnytools.win/guides/extract-specific-pages-from-pdf/,False,9,zh-Hant,Guide,UNKNOWN (supplied aggregate only),INTENTIONAL_NOINDEX,T2 index consolidation: outside src/lib/indexPolicy.ts allowlist; src/layouts/BaseLayout.astro shouldNoindex preserves available utility/content without reopening search ownership.
funnytools.win,https://funnytools.win/guides/fair-student-grouping-guide/,200,False,"noindex,follow",,https://funnytools.win/guides/fair-student-grouping-guide/,False,5,zh-Hant,Guide,UNKNOWN (supplied aggregate only),INTENTIONAL_NOINDEX,T2 index consolidation: outside src/lib/indexPolicy.ts allowlist; src/layouts/BaseLayout.astro shouldNoindex preserves available utility/content without reopening search ownership.
funnytools.win,https://funnytools.win/guides/file-size-units-guide/,200,False,"noindex,follow",,https://funnytools.win/guides/file-size-units-guide/,False,2,zh-Hant,Guide,UNKNOWN (supplied aggregate only),INTENTIONAL_NOINDEX,T2 index consolidation: outside src/lib/indexPolicy.ts allowlist; src/layouts/BaseLayout.astro shouldNoindex preserves available utility/content without reopening search ownership.
funnytools.win,https://funnytools.win/guides/flowchart-design-checklist/,200,False,"noindex,follow",,https://funnytools.win/guides/flowchart-design-checklist/,False,4,zh-Hant,Guide,UNKNOWN (supplied aggregate only),INTENTIONAL_NOINDEX,T2 index consolidation: outside src/lib/indexPolicy.ts allowlist; src/layouts/BaseLayout.astro shouldNoindex preserves available utility/content without reopening search ownership.
funnytools.win,https://funnytools.win/guides/flowchart-symbols-guide/,200,False,"noindex,follow",,https://funnytools.win/guides/flowchart-symbols-guide/,False,4,zh-Hant,Guide,UNKNOWN (supplied aggregate only),INTENTIONAL_NOINDEX,T2 index consolidation: outside src/lib/indexPolicy.ts allowlist; src/layouts/BaseLayout.astro shouldNoindex preserves available utility/content without reopening search ownership.
funnytools.win,https://funnytools.win/guides/household-physics-demos-guide/,200,False,"noindex,follow",,https://funnytools.win/guides/household-physics-demos-guide/,False,2,zh-Hant,Guide,UNKNOWN (supplied aggregate only),INTENTIONAL_NOINDEX,T2 index consolidation: outside src/lib/indexPolicy.ts allowlist; src/layouts/BaseLayout.astro shouldNoindex preserves available utility/content without reopening search ownership.
funnytools.win,https://funnytools.win/guides/image-base64-data-uri-guide/,200,False,"noindex,follow",,https://funnytools.win/guides/image-base64-data-uri-guide/,False,3,zh-Hant,Guide,UNKNOWN (supplied aggregate only),INTENTIONAL_NOINDEX,T2 index consolidation: outside src/lib/indexPolicy.ts allowlist; src/layouts/BaseLayout.astro shouldNoindex preserves available utility/content without reopening search ownership.
funnytools.win,https://funnytools.win/guides/image-color-profile-web-print-guide/,200,False,"noindex,follow",,https://funnytools.win/guides/image-color-profile-web-print-guide/,False,2,zh-Hant,Guide,UNKNOWN (supplied aggregate only),INTENTIONAL_NOINDEX,T2 index consolidation: outside src/lib/indexPolicy.ts allowlist; src/layouts/BaseLayout.astro shouldNoindex preserves available utility/content without reopening search ownership.
funnytools.win,https://funnytools.win/guides/image-compression-email-guide/,200,False,"noindex,follow",,https://funnytools.win/guides/image-compression-email-guide/,False,2,zh-Hant,Guide,UNKNOWN (supplied aggregate only),INTENTIONAL_NOINDEX,T2 index consolidation: outside src/lib/indexPolicy.ts allowlist; src/layouts/BaseLayout.astro shouldNoindex preserves available utility/content without reopening search ownership.
funnytools.win,https://funnytools.win/guides/image-compression-quality-size-guide/,200,False,"noindex,follow",,https://funnytools.win/guides/image-compression-quality-size-guide/,False,2,zh-Hant,Guide,UNKNOWN (supplied aggregate only),INTENTIONAL_NOINDEX,T2 index consolidation: outside src/lib/indexPolicy.ts allowlist; src/layouts/BaseLayout.astro shouldNoindex preserves available utility/content without reopening search ownership.
funnytools.win,https://funnytools.win/guides/image-compressor-metadata-privacy-guide/,200,False,"noindex,follow",,https://funnytools.win/guides/image-compressor-metadata-privacy-guide/,False,2,zh-Hant,Guide,UNKNOWN (supplied aggregate only),INTENTIONAL_NOINDEX,T2 index consolidation: outside src/lib/indexPolicy.ts allowlist; src/layouts/BaseLayout.astro shouldNoindex preserves available utility/content without reopening search ownership.
funnytools.win,https://funnytools.win/guides/image-resampling-quality-guide/,200,False,"noindex,follow",,https://funnytools.win/guides/image-resampling-quality-guide/,False,2,zh-Hant,Guide,UNKNOWN (supplied aggregate only),INTENTIONAL_NOINDEX,T2 index consolidation: outside src/lib/indexPolicy.ts allowlist; src/layouts/BaseLayout.astro shouldNoindex preserves available utility/content without reopening search ownership.
funnytools.win,https://funnytools.win/guides/image-resize-aspect-ratio-guide/,200,False,"noindex,follow",,https://funnytools.win/guides/image-resize-aspect-ratio-guide/,False,2,zh-Hant,Guide,UNKNOWN (supplied aggregate only),INTENTIONAL_NOINDEX,T2 index consolidation: outside src/lib/indexPolicy.ts allowlist; src/layouts/BaseLayout.astro shouldNoindex preserves available utility/content without reopening search ownership.
funnytools.win,https://funnytools.win/guides/image-resolution-print-web-guide/,200,False,"noindex,follow",,https://funnytools.win/guides/image-resolution-print-web-guide/,False,2,zh-Hant,Guide,UNKNOWN (supplied aggregate only),INTENTIONAL_NOINDEX,T2 index consolidation: outside src/lib/indexPolicy.ts allowlist; src/layouts/BaseLayout.astro shouldNoindex preserves available utility/content without reopening search ownership.
funnytools.win,https://funnytools.win/guides/image-upload-failed-troubleshooting/,200,False,"noindex,follow",,https://funnytools.win/guides/image-upload-failed-troubleshooting/,False,4,zh-Hant,Guide,UNKNOWN (supplied aggregate only),INTENTIONAL_NOINDEX,T2 index consolidation: outside src/lib/indexPolicy.ts allowlist; src/layouts/BaseLayout.astro shouldNoindex preserves available utility/content without reopening search ownership.
funnytools.win,https://funnytools.win/guides/independent-vs-paired-t-test/,200,False,"noindex,follow",,https://funnytools.win/guides/independent-vs-paired-t-test/,False,6,zh-Hant,Guide,UNKNOWN (supplied aggregate only),INTENTIONAL_NOINDEX,T2 index consolidation: outside src/lib/indexPolicy.ts allowlist; src/layouts/BaseLayout.astro shouldNoindex preserves available utility/content without reopening search ownership.
funnytools.win,https://funnytools.win/guides/iso-8601-utc-offset-guide/,200,False,"noindex,follow",,https://funnytools.win/guides/iso-8601-utc-offset-guide/,False,5,zh-Hant,Guide,UNKNOWN (supplied aggregate only),INTENTIONAL_NOINDEX,T2 index consolidation: outside src/lib/indexPolicy.ts allowlist; src/layouts/BaseLayout.astro shouldNoindex preserves available utility/content without reopening search ownership.
funnytools.win,https://funnytools.win/guides/jpg-png-webp-which-to-use/,200,False,"noindex,follow",,https://funnytools.win/guides/jpg-png-webp-which-to-use/,False,8,zh-Hant,Guide,UNKNOWN (supplied aggregate only),INTENTIONAL_NOINDEX,T2 index consolidation: outside src/lib/indexPolicy.ts allowlist; src/layouts/BaseLayout.astro shouldNoindex preserves available utility/content without reopening search ownership.
funnytools.win,https://funnytools.win/guides/json-error-fix-guide/,200,False,"noindex,follow",,https://funnytools.win/guides/json-error-fix-guide/,False,8,zh-Hant,Guide,UNKNOWN (supplied aggregate only),INTENTIONAL_NOINDEX,T2 index consolidation: outside src/lib/indexPolicy.ts allowlist; src/layouts/BaseLayout.astro shouldNoindex preserves available utility/content without reopening search ownership.
funnytools.win,https://funnytools.win/guides/json-formatter-trailing-comma-error-guide/,200,False,"noindex,follow",,https://funnytools.win/guides/json-formatter-trailing-comma-error-guide/,False,2,zh-Hant,Guide,UNKNOWN (supplied aggregate only),INTENTIONAL_NOINDEX,T2 index consolidation: outside src/lib/indexPolicy.ts allowlist; src/layouts/BaseLayout.astro shouldNoindex preserves available utility/content without reopening search ownership.
funnytools.win,https://funnytools.win/guides/json-to-csv-excel-guide/,200,False,"noindex,follow",,https://funnytools.win/guides/json-to-csv-excel-guide/,False,5,zh-Hant,Guide,UNKNOWN (supplied aggregate only),INTENTIONAL_NOINDEX,T2 index consolidation: outside src/lib/indexPolicy.ts allowlist; src/layouts/BaseLayout.astro shouldNoindex preserves available utility/content without reopening search ownership.
funnytools.win,https://funnytools.win/guides/line-breaks-lf-crlf-guide/,200,False,"noindex,follow",,https://funnytools.win/guides/line-breaks-lf-crlf-guide/,False,4,zh-Hant,Guide,UNKNOWN (supplied aggregate only),INTENTIONAL_NOINDEX,T2 index consolidation: outside src/lib/indexPolicy.ts allowlist; src/layouts/BaseLayout.astro shouldNoindex preserves available utility/content without reopening search ownership.
funnytools.win,https://funnytools.win/guides/markdown-syntax-preview-guide/,200,False,"noindex,follow",,https://funnytools.win/guides/markdown-syntax-preview-guide/,False,3,zh-Hant,Guide,UNKNOWN (supplied aggregate only),INTENTIONAL_NOINDEX,T2 index consolidation: outside src/lib/indexPolicy.ts allowlist; src/layouts/BaseLayout.astro shouldNoindex preserves available utility/content without reopening search ownership.
funnytools.win,https://funnytools.win/guides/mean-median-mode-when-to-use/,200,False,"noindex,follow",,https://funnytools.win/guides/mean-median-mode-when-to-use/,False,3,zh-Hant,Guide,UNKNOWN (supplied aggregate only),INTENTIONAL_NOINDEX,T2 index consolidation: outside src/lib/indexPolicy.ts allowlist; src/layouts/BaseLayout.astro shouldNoindex preserves available utility/content without reopening search ownership.
funnytools.win,https://funnytools.win/guides/merge-pdf-bookmarks-navigation-guide/,200,False,"noindex,follow",,https://funnytools.win/guides/merge-pdf-bookmarks-navigation-guide/,False,2,zh-Hant,Guide,UNKNOWN (supplied aggregate only),INTENTIONAL_NOINDEX,T2 index consolidation: outside src/lib/indexPolicy.ts allowlist; src/layouts/BaseLayout.astro shouldNoindex preserves available utility/content without reopening search ownership.
funnytools.win,https://funnytools.win/guides/merge-pdf-page-size-orientation-guide/,200,False,"noindex,follow",,https://funnytools.win/guides/merge-pdf-page-size-orientation-guide/,False,2,zh-Hant,Guide,UNKNOWN (supplied aggregate only),INTENTIONAL_NOINDEX,T2 index consolidation: outside src/lib/indexPolicy.ts allowlist; src/layouts/BaseLayout.astro shouldNoindex preserves available utility/content without reopening search ownership.
funnytools.win,https://funnytools.win/guides/merge-pdf-private-guide/,200,False,"noindex,follow",,https://funnytools.win/guides/merge-pdf-private-guide/,False,2,zh-Hant,Guide,UNKNOWN (supplied aggregate only),INTENTIONAL_NOINDEX,T2 index consolidation: outside src/lib/indexPolicy.ts allowlist; src/layouts/BaseLayout.astro shouldNoindex preserves available utility/content without reopening search ownership.
funnytools.win,https://funnytools.win/guides/merge-pdf-reading-order-checklist-guide/,200,False,"noindex,follow",,https://funnytools.win/guides/merge-pdf-reading-order-checklist-guide/,False,2,zh-Hant,Guide,UNKNOWN (supplied aggregate only),INTENTIONAL_NOINDEX,T2 index consolidation: outside src/lib/indexPolicy.ts allowlist; src/layouts/BaseLayout.astro shouldNoindex preserves available utility/content without reopening search ownership.
funnytools.win,https://funnytools.win/guides/misleading-chart-common-errors/,200,False,"noindex,follow",,https://funnytools.win/guides/misleading-chart-common-errors/,False,4,zh-Hant,Guide,UNKNOWN (supplied aggregate only),INTENTIONAL_NOINDEX,T2 index consolidation: outside src/lib/indexPolicy.ts allowlist; src/layouts/BaseLayout.astro shouldNoindex preserves available utility/content without reopening search ownership.
funnytools.win,https://funnytools.win/guides/multiplication-fact-fluency-guide/,200,False,"noindex,follow",,https://funnytools.win/guides/multiplication-fact-fluency-guide/,False,2,zh-Hant,Guide,UNKNOWN (supplied aggregate only),INTENTIONAL_NOINDEX,T2 index consolidation: outside src/lib/indexPolicy.ts allowlist; src/layouts/BaseLayout.astro shouldNoindex preserves available utility/content without reopening search ownership.
funnytools.win,https://funnytools.win/guides/optimize-images-for-website/,200,False,"noindex,follow",,https://funnytools.win/guides/optimize-images-for-website/,False,5,zh-Hant,Guide,UNKNOWN (supplied aggregate only),INTENTIONAL_NOINDEX,T2 index consolidation: outside src/lib/indexPolicy.ts allowlist; src/layouts/BaseLayout.astro shouldNoindex preserves available utility/content without reopening search ownership.
funnytools.win,https://funnytools.win/guides/outlier-detection-iqr-z-score-boxplot/,200,False,"noindex,follow",,https://funnytools.win/guides/outlier-detection-iqr-z-score-boxplot/,False,5,zh-Hant,Guide,UNKNOWN (supplied aggregate only),INTENTIONAL_NOINDEX,T2 index consolidation: outside src/lib/indexPolicy.ts allowlist; src/layouts/BaseLayout.astro shouldNoindex preserves available utility/content without reopening search ownership.
funnytools.win,https://funnytools.win/guides/p-value-interpretation/,200,False,"noindex,follow",,https://funnytools.win/guides/p-value-interpretation/,False,13,zh-Hant,Guide,UNKNOWN (supplied aggregate only),INTENTIONAL_NOINDEX,T2 index consolidation: outside src/lib/indexPolicy.ts allowlist; src/layouts/BaseLayout.astro shouldNoindex preserves available utility/content without reopening search ownership.
funnytools.win,https://funnytools.win/guides/password-manager-mfa-passkey-guide/,200,False,"noindex,follow",,https://funnytools.win/guides/password-manager-mfa-passkey-guide/,False,4,zh-Hant,Guide,UNKNOWN (supplied aggregate only),INTENTIONAL_NOINDEX,T2 index consolidation: outside src/lib/indexPolicy.ts allowlist; src/layouts/BaseLayout.astro shouldNoindex preserves available utility/content without reopening search ownership.
funnytools.win,https://funnytools.win/guides/password-strength-basics-guide/,200,False,"noindex,follow",,https://funnytools.win/guides/password-strength-basics-guide/,False,2,zh-Hant,Guide,UNKNOWN (supplied aggregate only),INTENTIONAL_NOINDEX,T2 index consolidation: outside src/lib/indexPolicy.ts allowlist; src/layouts/BaseLayout.astro shouldNoindex preserves available utility/content without reopening search ownership.
funnytools.win,https://funnytools.win/guides/pdf-accessibility-reading-order-check-guide/,200,False,"noindex,follow",,https://funnytools.win/guides/pdf-accessibility-reading-order-check-guide/,False,2,zh-Hant,Guide,UNKNOWN (supplied aggregate only),INTENTIONAL_NOINDEX,T2 index consolidation: outside src/lib/indexPolicy.ts allowlist; src/layouts/BaseLayout.astro shouldNoindex preserves available utility/content without reopening search ownership.
funnytools.win,https://funnytools.win/guides/pdf-compressor-email-attachment-guide/,200,False,"noindex,follow",,https://funnytools.win/guides/pdf-compressor-email-attachment-guide/,False,2,zh-Hant,Guide,UNKNOWN (supplied aggregate only),INTENTIONAL_NOINDEX,T2 index consolidation: outside src/lib/indexPolicy.ts allowlist; src/layouts/BaseLayout.astro shouldNoindex preserves available utility/content without reopening search ownership.
funnytools.win,https://funnytools.win/guides/pdf-compressor-form-fields-links-guide/,200,False,"noindex,follow",,https://funnytools.win/guides/pdf-compressor-form-fields-links-guide/,False,2,zh-Hant,Guide,UNKNOWN (supplied aggregate only),INTENTIONAL_NOINDEX,T2 index consolidation: outside src/lib/indexPolicy.ts allowlist; src/layouts/BaseLayout.astro shouldNoindex preserves available utility/content without reopening search ownership.
funnytools.win,https://funnytools.win/guides/pdf-page-reorder-appendix-merge-check-guide/,200,False,"noindex,follow",,https://funnytools.win/guides/pdf-page-reorder-appendix-merge-check-guide/,False,2,zh-Hant,Guide,UNKNOWN (supplied aggregate only),INTENTIONAL_NOINDEX,T2 index consolidation: outside src/lib/indexPolicy.ts allowlist; src/layouts/BaseLayout.astro shouldNoindex preserves available utility/content without reopening search ownership.
funnytools.win,https://funnytools.win/guides/pdf-split-vs-extract-vs-delete/,200,False,"noindex,follow",,https://funnytools.win/guides/pdf-split-vs-extract-vs-delete/,False,7,zh-Hant,Guide,UNKNOWN (supplied aggregate only),INTENTIONAL_NOINDEX,T2 index consolidation: outside src/lib/indexPolicy.ts allowlist; src/layouts/BaseLayout.astro shouldNoindex preserves available utility/content without reopening search ownership.
funnytools.win,https://funnytools.win/guides/pdf-table-to-excel-header-check-guide/,200,False,"noindex,follow",,https://funnytools.win/guides/pdf-table-to-excel-header-check-guide/,False,2,zh-Hant,Guide,UNKNOWN (supplied aggregate only),INTENTIONAL_NOINDEX,T2 index consolidation: outside src/lib/indexPolicy.ts allowlist; src/layouts/BaseLayout.astro shouldNoindex preserves available utility/content without reopening search ownership.
funnytools.win,https://funnytools.win/guides/pdf-to-image-background-contrast-guide/,200,False,"noindex,follow",,https://funnytools.win/guides/pdf-to-image-background-contrast-guide/,False,2,zh-Hant,Guide,UNKNOWN (supplied aggregate only),INTENTIONAL_NOINDEX,T2 index consolidation: outside src/lib/indexPolicy.ts allowlist; src/layouts/BaseLayout.astro shouldNoindex preserves available utility/content without reopening search ownership.
funnytools.win,https://funnytools.win/guides/pdf-to-image-multipage-download-guide/,200,False,"noindex,follow",,https://funnytools.win/guides/pdf-to-image-multipage-download-guide/,False,2,zh-Hant,Guide,UNKNOWN (supplied aggregate only),INTENTIONAL_NOINDEX,T2 index consolidation: outside src/lib/indexPolicy.ts allowlist; src/layouts/BaseLayout.astro shouldNoindex preserves available utility/content without reopening search ownership.
funnytools.win,https://funnytools.win/guides/pdf-to-image-print-crop-marks-guide/,200,False,"noindex,follow",,https://funnytools.win/guides/pdf-to-image-print-crop-marks-guide/,False,2,zh-Hant,Guide,UNKNOWN (supplied aggregate only),INTENTIONAL_NOINDEX,T2 index consolidation: outside src/lib/indexPolicy.ts allowlist; src/layouts/BaseLayout.astro shouldNoindex preserves available utility/content without reopening search ownership.
funnytools.win,https://funnytools.win/guides/pdf-to-image-raster-text-search-guide/,200,False,"noindex,follow",,https://funnytools.win/guides/pdf-to-image-raster-text-search-guide/,False,2,zh-Hant,Guide,UNKNOWN (supplied aggregate only),INTENTIONAL_NOINDEX,T2 index consolidation: outside src/lib/indexPolicy.ts allowlist; src/layouts/BaseLayout.astro shouldNoindex preserves available utility/content without reopening search ownership.
funnytools.win,https://funnytools.win/guides/pdf-to-image-resolution-guide/,200,False,"noindex,follow",,https://funnytools.win/guides/pdf-to-image-resolution-guide/,False,2,zh-Hant,Guide,UNKNOWN (supplied aggregate only),INTENTIONAL_NOINDEX,T2 index consolidation: outside src/lib/indexPolicy.ts allowlist; src/layouts/BaseLayout.astro shouldNoindex preserves available utility/content without reopening search ownership.
funnytools.win,https://funnytools.win/guides/pdf-to-jpg-vs-png/,200,False,"noindex,follow",,https://funnytools.win/guides/pdf-to-jpg-vs-png/,False,3,zh-Hant,Guide,UNKNOWN (supplied aggregate only),INTENTIONAL_NOINDEX,T2 index consolidation: outside src/lib/indexPolicy.ts allowlist; src/layouts/BaseLayout.astro shouldNoindex preserves available utility/content without reopening search ownership.
funnytools.win,https://funnytools.win/guides/pdf-to-word-form-field-editing-guide/,200,False,"noindex,follow",,https://funnytools.win/guides/pdf-to-word-form-field-editing-guide/,False,2,zh-Hant,Guide,UNKNOWN (supplied aggregate only),INTENTIONAL_NOINDEX,T2 index consolidation: outside src/lib/indexPolicy.ts allowlist; src/layouts/BaseLayout.astro shouldNoindex preserves available utility/content without reopening search ownership.
funnytools.win,https://funnytools.win/guides/pdf-to-word-layout-fidelity-guide/,200,False,"noindex,follow",,https://funnytools.win/guides/pdf-to-word-layout-fidelity-guide/,False,2,zh-Hant,Guide,UNKNOWN (supplied aggregate only),INTENTIONAL_NOINDEX,T2 index consolidation: outside src/lib/indexPolicy.ts allowlist; src/layouts/BaseLayout.astro shouldNoindex preserves available utility/content without reopening search ownership.
funnytools.win,https://funnytools.win/guides/pdf-to-word-ocr-language-check-guide/,200,False,"noindex,follow",,https://funnytools.win/guides/pdf-to-word-ocr-language-check-guide/,False,2,zh-Hant,Guide,UNKNOWN (supplied aggregate only),INTENTIONAL_NOINDEX,T2 index consolidation: outside src/lib/indexPolicy.ts allowlist; src/layouts/BaseLayout.astro shouldNoindex preserves available utility/content without reopening search ownership.
funnytools.win,https://funnytools.win/guides/pdf-to-word-review-track-changes-guide/,200,False,"noindex,follow",,https://funnytools.win/guides/pdf-to-word-review-track-changes-guide/,False,2,zh-Hant,Guide,UNKNOWN (supplied aggregate only),INTENTIONAL_NOINDEX,T2 index consolidation: outside src/lib/indexPolicy.ts allowlist; src/layouts/BaseLayout.astro shouldNoindex preserves available utility/content without reopening search ownership.
funnytools.win,https://funnytools.win/guides/pdf-upload-failed-troubleshooting/,200,False,"noindex,follow",,https://funnytools.win/guides/pdf-upload-failed-troubleshooting/,False,3,zh-Hant,Guide,UNKNOWN (supplied aggregate only),INTENTIONAL_NOINDEX,T2 index consolidation: outside src/lib/indexPolicy.ts allowlist; src/layouts/BaseLayout.astro shouldNoindex preserves available utility/content without reopening search ownership.
funnytools.win,https://funnytools.win/guides/pearson-vs-spearman-correlation/,200,False,"noindex,follow",,https://funnytools.win/guides/pearson-vs-spearman-correlation/,False,4,zh-Hant,Guide,UNKNOWN (supplied aggregate only),INTENTIONAL_NOINDEX,T2 index consolidation: outside src/lib/indexPolicy.ts allowlist; src/layouts/BaseLayout.astro shouldNoindex preserves available utility/content without reopening search ownership.
funnytools.win,https://funnytools.win/guides/percentage-shortcuts-guide/,200,False,"noindex,follow",,https://funnytools.win/guides/percentage-shortcuts-guide/,False,2,zh-Hant,Guide,UNKNOWN (supplied aggregate only),INTENTIONAL_NOINDEX,T2 index consolidation: outside src/lib/indexPolicy.ts allowlist; src/layouts/BaseLayout.astro shouldNoindex preserves available utility/content without reopening search ownership.
funnytools.win,https://funnytools.win/guides/percentile-rank-guide/,200,False,"noindex,follow",,https://funnytools.win/guides/percentile-rank-guide/,False,3,zh-Hant,Guide,UNKNOWN (supplied aggregate only),INTENTIONAL_NOINDEX,T2 index consolidation: outside src/lib/indexPolicy.ts allowlist; src/layouts/BaseLayout.astro shouldNoindex preserves available utility/content without reopening search ownership.
funnytools.win,https://funnytools.win/guides/photos-to-pdf-phone-guide/,200,False,"noindex,follow",,https://funnytools.win/guides/photos-to-pdf-phone-guide/,False,4,zh-Hant,Guide,UNKNOWN (supplied aggregate only),INTENTIONAL_NOINDEX,T2 index consolidation: outside src/lib/indexPolicy.ts allowlist; src/layouts/BaseLayout.astro shouldNoindex preserves available utility/content without reopening search ownership.
funnytools.win,https://funnytools.win/guides/pie-chart-percentage-guide/,200,False,"noindex,follow",,https://funnytools.win/guides/pie-chart-percentage-guide/,False,4,zh-Hant,Guide,UNKNOWN (supplied aggregate only),INTENTIONAL_NOINDEX,T2 index consolidation: outside src/lib/indexPolicy.ts allowlist; src/layouts/BaseLayout.astro shouldNoindex preserves available utility/content without reopening search ownership.
funnytools.win,https://funnytools.win/guides/png-to-jpg-transparency-background/,200,False,"noindex,follow",,https://funnytools.win/guides/png-to-jpg-transparency-background/,False,4,zh-Hant,Guide,UNKNOWN (supplied aggregate only),INTENTIONAL_NOINDEX,T2 index consolidation: outside src/lib/indexPolicy.ts allowlist; src/layouts/BaseLayout.astro shouldNoindex preserves available utility/content without reopening search ownership.
funnytools.win,https://funnytools.win/guides/pomodoro-25-5-focus-interval-guide/,200,False,"noindex,follow",,https://funnytools.win/guides/pomodoro-25-5-focus-interval-guide/,False,4,zh-Hant,Guide,UNKNOWN (supplied aggregate only),INTENTIONAL_NOINDEX,T2 index consolidation: outside src/lib/indexPolicy.ts allowlist; src/layouts/BaseLayout.astro shouldNoindex preserves available utility/content without reopening search ownership.
funnytools.win,https://funnytools.win/guides/qr-barcode/,200,False,"noindex,follow",,https://funnytools.win/guides/qr-barcode/,False,9,zh-Hant,Guide,UNKNOWN (supplied aggregate only),INTENTIONAL_NOINDEX,T2 index consolidation: outside src/lib/indexPolicy.ts allowlist; src/layouts/BaseLayout.astro shouldNoindex preserves available utility/content without reopening search ownership.
funnytools.win,https://funnytools.win/guides/qr-code-accessible-fallback-guide/,200,False,"noindex,follow",,https://funnytools.win/guides/qr-code-accessible-fallback-guide/,False,2,zh-Hant,Guide,UNKNOWN (supplied aggregate only),INTENTIONAL_NOINDEX,T2 index consolidation: outside src/lib/indexPolicy.ts allowlist; src/layouts/BaseLayout.astro shouldNoindex preserves available utility/content without reopening search ownership.
funnytools.win,https://funnytools.win/guides/qr-code-before-print-testing-guide/,200,False,"noindex,follow",,https://funnytools.win/guides/qr-code-before-print-testing-guide/,False,2,zh-Hant,Guide,UNKNOWN (supplied aggregate only),INTENTIONAL_NOINDEX,T2 index consolidation: outside src/lib/indexPolicy.ts allowlist; src/layouts/BaseLayout.astro shouldNoindex preserves available utility/content without reopening search ownership.
funnytools.win,https://funnytools.win/guides/qr-code-classroom-guide/,200,False,"noindex,follow",,https://funnytools.win/guides/qr-code-classroom-guide/,False,2,zh-Hant,Guide,UNKNOWN (supplied aggregate only),INTENTIONAL_NOINDEX,T2 index consolidation: outside src/lib/indexPolicy.ts allowlist; src/layouts/BaseLayout.astro shouldNoindex preserves available utility/content without reopening search ownership.
funnytools.win,https://funnytools.win/guides/qr-code-destination-change-log-guide/,200,False,"noindex,follow",,https://funnytools.win/guides/qr-code-destination-change-log-guide/,False,2,zh-Hant,Guide,UNKNOWN (supplied aggregate only),INTENTIONAL_NOINDEX,T2 index consolidation: outside src/lib/indexPolicy.ts allowlist; src/layouts/BaseLayout.astro shouldNoindex preserves available utility/content without reopening search ownership.
funnytools.win,https://funnytools.win/guides/qr-code-event-page-expiry-guide/,200,False,"noindex,follow",,https://funnytools.win/guides/qr-code-event-page-expiry-guide/,False,2,zh-Hant,Guide,UNKNOWN (supplied aggregate only),INTENTIONAL_NOINDEX,T2 index consolidation: outside src/lib/indexPolicy.ts allowlist; src/layouts/BaseLayout.astro shouldNoindex preserves available utility/content without reopening search ownership.
funnytools.win,https://funnytools.win/guides/qr-code-mobile-landing-page-guide/,200,False,"noindex,follow",,https://funnytools.win/guides/qr-code-mobile-landing-page-guide/,False,2,zh-Hant,Guide,UNKNOWN (supplied aggregate only),INTENTIONAL_NOINDEX,T2 index consolidation: outside src/lib/indexPolicy.ts allowlist; src/layouts/BaseLayout.astro shouldNoindex preserves available utility/content without reopening search ownership.
funnytools.win,https://funnytools.win/guides/qr-code-multi-placement-consistency-guide/,200,False,"noindex,follow",,https://funnytools.win/guides/qr-code-multi-placement-consistency-guide/,False,2,zh-Hant,Guide,UNKNOWN (supplied aggregate only),INTENTIONAL_NOINDEX,T2 index consolidation: outside src/lib/indexPolicy.ts allowlist; src/layouts/BaseLayout.astro shouldNoindex preserves available utility/content without reopening search ownership.
funnytools.win,https://funnytools.win/guides/qr-code-multilingual-switch-testing-guide/,200,False,"noindex,follow",,https://funnytools.win/guides/qr-code-multilingual-switch-testing-guide/,False,2,zh-Hant,Guide,UNKNOWN (supplied aggregate only),INTENTIONAL_NOINDEX,T2 index consolidation: outside src/lib/indexPolicy.ts allowlist; src/layouts/BaseLayout.astro shouldNoindex preserves available utility/content without reopening search ownership.
funnytools.win,https://funnytools.win/guides/qr-code-not-scanning-print-guide/,200,False,"noindex,follow",,https://funnytools.win/guides/qr-code-not-scanning-print-guide/,False,8,zh-Hant,Guide,UNKNOWN (supplied aggregate only),INTENTIONAL_NOINDEX,T2 index consolidation: outside src/lib/indexPolicy.ts allowlist; src/layouts/BaseLayout.astro shouldNoindex preserves available utility/content without reopening search ownership.
funnytools.win,https://funnytools.win/guides/qr-code-payload-length-guide/,200,False,"noindex,follow",,https://funnytools.win/guides/qr-code-payload-length-guide/,False,2,zh-Hant,Guide,UNKNOWN (supplied aggregate only),INTENTIONAL_NOINDEX,T2 index consolidation: outside src/lib/indexPolicy.ts allowlist; src/layouts/BaseLayout.astro shouldNoindex preserves available utility/content without reopening search ownership.
funnytools.win,https://funnytools.win/guides/qr-code-phishing-security-guide/,200,False,"noindex,follow",,https://funnytools.win/guides/qr-code-phishing-security-guide/,False,8,zh-Hant,Guide,UNKNOWN (supplied aggregate only),INTENTIONAL_NOINDEX,T2 index consolidation: outside src/lib/indexPolicy.ts allowlist; src/layouts/BaseLayout.astro shouldNoindex preserves available utility/content without reopening search ownership.
funnytools.win,https://funnytools.win/guides/qr-code-scan-failure-field-troubleshooting-guide/,200,False,"noindex,follow",,https://funnytools.win/guides/qr-code-scan-failure-field-troubleshooting-guide/,False,2,zh-Hant,Guide,UNKNOWN (supplied aggregate only),INTENTIONAL_NOINDEX,T2 index consolidation: outside src/lib/indexPolicy.ts allowlist; src/layouts/BaseLayout.astro shouldNoindex preserves available utility/content without reopening search ownership.
funnytools.win,https://funnytools.win/guides/qr-code-utm-campaign-link-guide/,200,False,"noindex,follow",,https://funnytools.win/guides/qr-code-utm-campaign-link-guide/,False,2,zh-Hant,Guide,UNKNOWN (supplied aggregate only),INTENTIONAL_NOINDEX,T2 index consolidation: outside src/lib/indexPolicy.ts allowlist; src/layouts/BaseLayout.astro shouldNoindex preserves available utility/content without reopening search ownership.
funnytools.win,https://funnytools.win/guides/qr-code-vs-barcode-guide/,200,False,"noindex,follow",,https://funnytools.win/guides/qr-code-vs-barcode-guide/,False,6,zh-Hant,Guide,UNKNOWN (supplied aggregate only),INTENTIONAL_NOINDEX,T2 index consolidation: outside src/lib/indexPolicy.ts allowlist; src/layouts/BaseLayout.astro shouldNoindex preserves available utility/content without reopening search ownership.
funnytools.win,https://funnytools.win/guides/qr-error-correction-logo-guide/,200,False,"noindex,follow",,https://funnytools.win/guides/qr-error-correction-logo-guide/,False,5,zh-Hant,Guide,UNKNOWN (supplied aggregate only),INTENTIONAL_NOINDEX,T2 index consolidation: outside src/lib/indexPolicy.ts allowlist; src/layouts/BaseLayout.astro shouldNoindex preserves available utility/content without reopening search ownership.
funnytools.win,https://funnytools.win/guides/r-squared-adjusted-r-squared/,200,False,"noindex,follow",,https://funnytools.win/guides/r-squared-adjusted-r-squared/,False,4,zh-Hant,Guide,UNKNOWN (supplied aggregate only),INTENTIONAL_NOINDEX,T2 index consolidation: outside src/lib/indexPolicy.ts allowlist; src/layouts/BaseLayout.astro shouldNoindex preserves available utility/content without reopening search ownership.
funnytools.win,https://funnytools.win/guides/random-password-length-security-guide/,200,False,"noindex,follow",,https://funnytools.win/guides/random-password-length-security-guide/,False,6,zh-Hant,Guide,UNKNOWN (supplied aggregate only),INTENTIONAL_NOINDEX,T2 index consolidation: outside src/lib/indexPolicy.ts allowlist; src/layouts/BaseLayout.astro shouldNoindex preserves available utility/content without reopening search ownership.
funnytools.win,https://funnytools.win/guides/random-sampling-with-without-replacement/,200,False,"noindex,follow",,https://funnytools.win/guides/random-sampling-with-without-replacement/,False,5,zh-Hant,Guide,UNKNOWN (supplied aggregate only),INTENTIONAL_NOINDEX,T2 index consolidation: outside src/lib/indexPolicy.ts allowlist; src/layouts/BaseLayout.astro shouldNoindex preserves available utility/content without reopening search ownership.
funnytools.win,https://funnytools.win/guides/reading-time-estimate-guide/,200,False,"noindex,follow",,https://funnytools.win/guides/reading-time-estimate-guide/,False,4,zh-Hant,Guide,UNKNOWN (supplied aggregate only),INTENTIONAL_NOINDEX,T2 index consolidation: outside src/lib/indexPolicy.ts allowlist; src/layouts/BaseLayout.astro shouldNoindex preserves available utility/content without reopening search ownership.
funnytools.win,https://funnytools.win/guides/remove-duplicate-lines-guide/,200,False,"noindex,follow",,https://funnytools.win/guides/remove-duplicate-lines-guide/,False,2,zh-Hant,Guide,UNKNOWN (supplied aggregate only),INTENTIONAL_NOINDEX,T2 index consolidation: outside src/lib/indexPolicy.ts allowlist; src/layouts/BaseLayout.astro shouldNoindex preserves available utility/content without reopening search ownership.
funnytools.win,https://funnytools.win/guides/reorder-rotate-pdf-pages/,200,False,"noindex,follow",,https://funnytools.win/guides/reorder-rotate-pdf-pages/,False,4,zh-Hant,Guide,UNKNOWN (supplied aggregate only),INTENTIONAL_NOINDEX,T2 index consolidation: outside src/lib/indexPolicy.ts allowlist; src/layouts/BaseLayout.astro shouldNoindex preserves available utility/content without reopening search ownership.
funnytools.win,https://funnytools.win/guides/resize-image-without-distortion/,200,False,"noindex,follow",,https://funnytools.win/guides/resize-image-without-distortion/,False,4,zh-Hant,Guide,UNKNOWN (supplied aggregate only),INTENTIONAL_NOINDEX,T2 index consolidation: outside src/lib/indexPolicy.ts allowlist; src/layouts/BaseLayout.astro shouldNoindex preserves available utility/content without reopening search ownership.
funnytools.win,https://funnytools.win/guides/scanned-pdf-searchable-ocr-guide/,200,False,"noindex,follow",,https://funnytools.win/guides/scanned-pdf-searchable-ocr-guide/,False,3,zh-Hant,Guide,UNKNOWN (supplied aggregate only),INTENTIONAL_NOINDEX,T2 index consolidation: outside src/lib/indexPolicy.ts allowlist; src/layouts/BaseLayout.astro shouldNoindex preserves available utility/content without reopening search ownership.
funnytools.win,https://funnytools.win/guides/seating-chart-changeover-routine-guide/,200,False,"noindex,follow",,https://funnytools.win/guides/seating-chart-changeover-routine-guide/,False,2,zh-Hant,Guide,UNKNOWN (supplied aggregate only),INTENTIONAL_NOINDEX,T2 index consolidation: outside src/lib/indexPolicy.ts allowlist; src/layouts/BaseLayout.astro shouldNoindex preserves available utility/content without reopening search ownership.
funnytools.win,https://funnytools.win/guides/seating-chart-student-needs-intake-guide/,200,False,"noindex,follow",,https://funnytools.win/guides/seating-chart-student-needs-intake-guide/,False,2,zh-Hant,Guide,UNKNOWN (supplied aggregate only),INTENTIONAL_NOINDEX,T2 index consolidation: outside src/lib/indexPolicy.ts allowlist; src/layouts/BaseLayout.astro shouldNoindex preserves available utility/content without reopening search ownership.
funnytools.win,https://funnytools.win/guides/shapiro-wilk-normality-test/,200,False,"noindex,follow",,https://funnytools.win/guides/shapiro-wilk-normality-test/,False,5,zh-Hant,Guide,UNKNOWN (supplied aggregate only),INTENTIONAL_NOINDEX,T2 index consolidation: outside src/lib/indexPolicy.ts allowlist; src/layouts/BaseLayout.astro shouldNoindex preserves available utility/content without reopening search ownership.
funnytools.win,https://funnytools.win/guides/split-pdf-output-naming-batch-delivery-guide/,200,False,"noindex,follow",,https://funnytools.win/guides/split-pdf-output-naming-batch-delivery-guide/,False,2,zh-Hant,Guide,UNKNOWN (supplied aggregate only),INTENTIONAL_NOINDEX,T2 index consolidation: outside src/lib/indexPolicy.ts allowlist; src/layouts/BaseLayout.astro shouldNoindex preserves available utility/content without reopening search ownership.
funnytools.win,https://funnytools.win/guides/split-pdf-page-range-planning-guide/,200,False,"noindex,follow",,https://funnytools.win/guides/split-pdf-page-range-planning-guide/,False,2,zh-Hant,Guide,UNKNOWN (supplied aggregate only),INTENTIONAL_NOINDEX,T2 index consolidation: outside src/lib/indexPolicy.ts allowlist; src/layouts/BaseLayout.astro shouldNoindex preserves available utility/content without reopening search ownership.
funnytools.win,https://funnytools.win/guides/standard-deviation-vs-standard-error/,200,False,"noindex,follow",,https://funnytools.win/guides/standard-deviation-vs-standard-error/,False,5,zh-Hant,Guide,UNKNOWN (supplied aggregate only),INTENTIONAL_NOINDEX,T2 index consolidation: outside src/lib/indexPolicy.ts allowlist; src/layouts/BaseLayout.astro shouldNoindex preserves available utility/content without reopening search ownership.
funnytools.win,https://funnytools.win/guides/statistical-test-selection/,200,False,"noindex,follow",,https://funnytools.win/guides/statistical-test-selection/,False,9,zh-Hant,Guide,UNKNOWN (supplied aggregate only),INTENTIONAL_NOINDEX,T2 index consolidation: outside src/lib/indexPolicy.ts allowlist; src/layouts/BaseLayout.astro shouldNoindex preserves available utility/content without reopening search ownership.
funnytools.win,https://funnytools.win/guides/statistical-vs-practical-significance/,200,False,"noindex,follow",,https://funnytools.win/guides/statistical-vs-practical-significance/,False,3,zh-Hant,Guide,UNKNOWN (supplied aggregate only),INTENTIONAL_NOINDEX,T2 index consolidation: outside src/lib/indexPolicy.ts allowlist; src/layouts/BaseLayout.astro shouldNoindex preserves available utility/content without reopening search ownership.
funnytools.win,https://funnytools.win/guides/text-sort-alphabetical-numeric-length-guide/,200,False,"noindex,follow",,https://funnytools.win/guides/text-sort-alphabetical-numeric-length-guide/,False,4,zh-Hant,Guide,UNKNOWN (supplied aggregate only),INTENTIONAL_NOINDEX,T2 index consolidation: outside src/lib/indexPolicy.ts allowlist; src/layouts/BaseLayout.astro shouldNoindex preserves available utility/content without reopening search ownership.
funnytools.win,https://funnytools.win/guides/title-case-vs-sentence-case-guide/,200,False,"noindex,follow",,https://funnytools.win/guides/title-case-vs-sentence-case-guide/,False,5,zh-Hant,Guide,UNKNOWN (supplied aggregate only),INTENTIONAL_NOINDEX,T2 index consolidation: outside src/lib/indexPolicy.ts allowlist; src/layouts/BaseLayout.astro shouldNoindex preserves available utility/content without reopening search ownership.
funnytools.win,https://funnytools.win/guides/two-way-anova-interaction-guide/,200,False,"noindex,follow",,https://funnytools.win/guides/two-way-anova-interaction-guide/,False,3,zh-Hant,Guide,UNKNOWN (supplied aggregate only),INTENTIONAL_NOINDEX,T2 index consolidation: outside src/lib/indexPolicy.ts allowlist; src/layouts/BaseLayout.astro shouldNoindex preserves available utility/content without reopening search ownership.
funnytools.win,https://funnytools.win/guides/unit-price-comparison-guide/,200,False,"noindex,follow",,https://funnytools.win/guides/unit-price-comparison-guide/,False,2,zh-Hant,Guide,UNKNOWN (supplied aggregate only),INTENTIONAL_NOINDEX,T2 index consolidation: outside src/lib/indexPolicy.ts allowlist; src/layouts/BaseLayout.astro shouldNoindex preserves available utility/content without reopening search ownership.
funnytools.win,https://funnytools.win/guides/unix-timestamp-seconds-milliseconds-guide/,200,False,"noindex,follow",,https://funnytools.win/guides/unix-timestamp-seconds-milliseconds-guide/,False,6,zh-Hant,Guide,UNKNOWN (supplied aggregate only),INTENTIONAL_NOINDEX,T2 index consolidation: outside src/lib/indexPolicy.ts allowlist; src/layouts/BaseLayout.astro shouldNoindex preserves available utility/content without reopening search ownership.
funnytools.win,https://funnytools.win/guides/url-encoding-percent-encoding-guide/,200,False,"noindex,follow",,https://funnytools.win/guides/url-encoding-percent-encoding-guide/,False,6,zh-Hant,Guide,UNKNOWN (supplied aggregate only),INTENTIONAL_NOINDEX,T2 index consolidation: outside src/lib/indexPolicy.ts allowlist; src/layouts/BaseLayout.astro shouldNoindex preserves available utility/content without reopening search ownership.
funnytools.win,https://funnytools.win/guides/utf8-bytes-vs-characters-guide/,200,False,"noindex,follow",,https://funnytools.win/guides/utf8-bytes-vs-characters-guide/,False,7,zh-Hant,Guide,UNKNOWN (supplied aggregate only),INTENTIONAL_NOINDEX,T2 index consolidation: outside src/lib/indexPolicy.ts allowlist; src/layouts/BaseLayout.astro shouldNoindex preserves available utility/content without reopening search ownership.
funnytools.win,https://funnytools.win/guides/uuid-v4-collision-probability-guide/,200,False,"noindex,follow",,https://funnytools.win/guides/uuid-v4-collision-probability-guide/,False,6,zh-Hant,Guide,UNKNOWN (supplied aggregate only),INTENTIONAL_NOINDEX,T2 index consolidation: outside src/lib/indexPolicy.ts allowlist; src/layouts/BaseLayout.astro shouldNoindex preserves available utility/content without reopening search ownership.
funnytools.win,https://funnytools.win/guides/uuid-v4-vs-v7-guide/,200,False,"noindex,follow",,https://funnytools.win/guides/uuid-v4-vs-v7-guide/,False,3,zh-Hant,Guide,UNKNOWN (supplied aggregate only),INTENTIONAL_NOINDEX,T2 index consolidation: outside src/lib/indexPolicy.ts allowlist; src/layouts/BaseLayout.astro shouldNoindex preserves available utility/content without reopening search ownership.
funnytools.win,https://funnytools.win/guides/visual-schedule-slots-guide/,200,False,"noindex,follow",,https://funnytools.win/guides/visual-schedule-slots-guide/,False,2,zh-Hant,Guide,UNKNOWN (supplied aggregate only),INTENTIONAL_NOINDEX,T2 index consolidation: outside src/lib/indexPolicy.ts allowlist; src/layouts/BaseLayout.astro shouldNoindex preserves available utility/content without reopening search ownership.
funnytools.win,https://funnytools.win/guides/wifi-qr-code-format-security-guide/,200,False,"noindex,follow",,https://funnytools.win/guides/wifi-qr-code-format-security-guide/,False,4,zh-Hant,Guide,UNKNOWN (supplied aggregate only),INTENTIONAL_NOINDEX,T2 index consolidation: outside src/lib/indexPolicy.ts allowlist; src/layouts/BaseLayout.astro shouldNoindex preserves available utility/content without reopening search ownership.
funnytools.win,https://funnytools.win/guides/word-count-essay-limits-guide/,200,False,"noindex,follow",,https://funnytools.win/guides/word-count-essay-limits-guide/,False,2,zh-Hant,Guide,UNKNOWN (supplied aggregate only),INTENTIONAL_NOINDEX,T2 index consolidation: outside src/lib/indexPolicy.ts allowlist; src/layouts/BaseLayout.astro shouldNoindex preserves available utility/content without reopening search ownership.
funnytools.win,https://funnytools.win/guides/word-count-vs-character-count-guide/,200,False,"noindex,follow",,https://funnytools.win/guides/word-count-vs-character-count-guide/,False,6,zh-Hant,Guide,UNKNOWN (supplied aggregate only),INTENTIONAL_NOINDEX,T2 index consolidation: outside src/lib/indexPolicy.ts allowlist; src/layouts/BaseLayout.astro shouldNoindex preserves available utility/content without reopening search ownership.
funnytools.win,https://funnytools.win/guides/work-deadline-business-day-planning/,200,False,"noindex,follow",,https://funnytools.win/guides/work-deadline-business-day-planning/,False,5,zh-Hant,Guide,UNKNOWN (supplied aggregate only),INTENTIONAL_NOINDEX,T2 index consolidation: outside src/lib/indexPolicy.ts allowlist; src/layouts/BaseLayout.astro shouldNoindex preserves available utility/content without reopening search ownership.
funnytools.win,https://funnytools.win/tools/,200,False,"noindex,follow",,https://funnytools.win/tools/,False,2,zh-Hant,Tool,UNKNOWN (supplied aggregate only),INTENTIONAL_NOINDEX,T2 index consolidation: outside src/lib/indexPolicy.ts allowlist; src/layouts/BaseLayout.astro shouldNoindex preserves available utility/content without reopening search ownership.
funnytools.win,https://funnytools.win/tools/age-calculator/,200,False,"noindex,follow",,https://funnytools.win/tools/age-calculator/,False,3,zh-Hant,Tool,UNKNOWN (supplied aggregate only),INTENTIONAL_NOINDEX,T2 index consolidation: outside src/lib/indexPolicy.ts allowlist; src/layouts/BaseLayout.astro shouldNoindex preserves available utility/content without reopening search ownership.
funnytools.win,https://funnytools.win/tools/bar-chart-maker/,200,False,"noindex,follow",,https://funnytools.win/tools/bar-chart-maker/,False,7,zh-Hant,Tool,UNKNOWN (supplied aggregate only),INTENTIONAL_NOINDEX,T2 index consolidation: outside src/lib/indexPolicy.ts allowlist; src/layouts/BaseLayout.astro shouldNoindex preserves available utility/content without reopening search ownership.
funnytools.win,https://funnytools.win/tools/barcode-generator/,200,False,"noindex,follow",,https://funnytools.win/tools/barcode-generator/,False,10,zh-Hant,Tool,UNKNOWN (supplied aggregate only),INTENTIONAL_NOINDEX,T2 index consolidation: outside src/lib/indexPolicy.ts allowlist; src/layouts/BaseLayout.astro shouldNoindex preserves available utility/content without reopening search ownership.
funnytools.win,https://funnytools.win/tools/base64/,200,False,"noindex,follow",,https://funnytools.win/tools/base64/,False,6,zh-Hant,Tool,UNKNOWN (supplied aggregate only),INTENTIONAL_NOINDEX,T2 index consolidation: outside src/lib/indexPolicy.ts allowlist; src/layouts/BaseLayout.astro shouldNoindex preserves available utility/content without reopening search ownership.
funnytools.win,https://funnytools.win/tools/break-reminder/,200,False,"noindex,follow",,https://funnytools.win/tools/break-reminder/,False,5,zh-Hant,Tool,UNKNOWN (supplied aggregate only),INTENTIONAL_NOINDEX,T2 index consolidation: outside src/lib/indexPolicy.ts allowlist; src/layouts/BaseLayout.astro shouldNoindex preserves available utility/content without reopening search ownership.
funnytools.win,https://funnytools.win/tools/bulk-image-compressor/,200,False,"noindex,follow",,https://funnytools.win/tools/bulk-image-compressor/,False,3,zh-Hant,Tool,UNKNOWN (supplied aggregate only),INTENTIONAL_NOINDEX,T2 index consolidation: outside src/lib/indexPolicy.ts allowlist; src/layouts/BaseLayout.astro shouldNoindex preserves available utility/content without reopening search ownership.
funnytools.win,https://funnytools.win/tools/business-days/,200,False,"noindex,follow",,https://funnytools.win/tools/business-days/,False,9,zh-Hant,Tool,UNKNOWN (supplied aggregate only),INTENTIONAL_NOINDEX,T2 index consolidation: outside src/lib/indexPolicy.ts allowlist; src/layouts/BaseLayout.astro shouldNoindex preserves available utility/content without reopening search ownership.
funnytools.win,https://funnytools.win/tools/case-converter/,200,False,"noindex,follow",,https://funnytools.win/tools/case-converter/,False,11,zh-Hant,Tool,UNKNOWN (supplied aggregate only),INTENTIONAL_NOINDEX,T2 index consolidation: outside src/lib/indexPolicy.ts allowlist; src/layouts/BaseLayout.astro shouldNoindex preserves available utility/content without reopening search ownership.
funnytools.win,https://funnytools.win/tools/character-counter/,200,False,"noindex,follow",,https://funnytools.win/tools/character-counter/,False,16,zh-Hant,Tool,UNKNOWN (supplied aggregate only),INTENTIONAL_NOINDEX,T2 index consolidation: outside src/lib/indexPolicy.ts allowlist; src/layouts/BaseLayout.astro shouldNoindex preserves available utility/content without reopening search ownership.
funnytools.win,https://funnytools.win/tools/cohen-kappa-calculator/,200,False,"noindex,follow",,https://funnytools.win/tools/cohen-kappa-calculator/,False,3,zh-Hant,Tool,UNKNOWN (supplied aggregate only),INTENTIONAL_NOINDEX,T2 index consolidation: outside src/lib/indexPolicy.ts allowlist; src/layouts/BaseLayout.astro shouldNoindex preserves available utility/content without reopening search ownership.
funnytools.win,https://funnytools.win/tools/color-generator/,200,False,"noindex,follow",,https://funnytools.win/tools/color-generator/,False,6,zh-Hant,Tool,UNKNOWN (supplied aggregate only),INTENTIONAL_NOINDEX,T2 index consolidation: outside src/lib/indexPolicy.ts allowlist; src/layouts/BaseLayout.astro shouldNoindex preserves available utility/content without reopening search ownership.
funnytools.win,https://funnytools.win/tools/compound-interest/,200,False,"noindex,follow",,https://funnytools.win/tools/compound-interest/,False,4,zh-Hant,Tool,UNKNOWN (supplied aggregate only),INTENTIONAL_NOINDEX,T2 index consolidation: outside src/lib/indexPolicy.ts allowlist; src/layouts/BaseLayout.astro shouldNoindex preserves available utility/content without reopening search ownership.
funnytools.win,https://funnytools.win/tools/countdown-timer/,200,False,"noindex,follow",,https://funnytools.win/tools/countdown-timer/,False,11,zh-Hant,Tool,UNKNOWN (supplied aggregate only),INTENTIONAL_NOINDEX,T2 index consolidation: outside src/lib/indexPolicy.ts allowlist; src/layouts/BaseLayout.astro shouldNoindex preserves available utility/content without reopening search ownership.
funnytools.win,https://funnytools.win/tools/cronbach-alpha-calculator/,200,False,"noindex,follow",,https://funnytools.win/tools/cronbach-alpha-calculator/,False,5,zh-Hant,Tool,UNKNOWN (supplied aggregate only),INTENTIONAL_NOINDEX,T2 index consolidation: outside src/lib/indexPolicy.ts allowlist; src/layouts/BaseLayout.astro shouldNoindex preserves available utility/content without reopening search ownership.
funnytools.win,https://funnytools.win/tools/csv-to-json/,200,False,"noindex,follow",,https://funnytools.win/tools/csv-to-json/,False,7,zh-Hant,Tool,UNKNOWN (supplied aggregate only),INTENTIONAL_NOINDEX,T2 index consolidation: outside src/lib/indexPolicy.ts allowlist; src/layouts/BaseLayout.astro shouldNoindex preserves available utility/content without reopening search ownership.
funnytools.win,https://funnytools.win/tools/date-difference/,200,False,"noindex,follow",,https://funnytools.win/tools/date-difference/,False,8,zh-Hant,Tool,UNKNOWN (supplied aggregate only),INTENTIONAL_NOINDEX,T2 index consolidation: outside src/lib/indexPolicy.ts allowlist; src/layouts/BaseLayout.astro shouldNoindex preserves available utility/content without reopening search ownership.
funnytools.win,https://funnytools.win/tools/dice-roller/,200,False,"noindex,follow",,https://funnytools.win/tools/dice-roller/,False,5,zh-Hant,Tool,UNKNOWN (supplied aggregate only),INTENTIONAL_NOINDEX,T2 index consolidation: outside src/lib/indexPolicy.ts allowlist; src/layouts/BaseLayout.astro shouldNoindex preserves available utility/content without reopening search ownership.
funnytools.win,https://funnytools.win/tools/final-grade-needed-calculator/,200,False,"noindex,follow",,https://funnytools.win/tools/final-grade-needed-calculator/,False,4,zh-Hant,Tool,UNKNOWN (supplied aggregate only),INTENTIONAL_NOINDEX,T2 index consolidation: outside src/lib/indexPolicy.ts allowlist; src/layouts/BaseLayout.astro shouldNoindex preserves available utility/content without reopening search ownership.
funnytools.win,https://funnytools.win/tools/group-generator/,200,False,"noindex,follow",,https://funnytools.win/tools/group-generator/,False,6,zh-Hant,Tool,UNKNOWN (supplied aggregate only),INTENTIONAL_NOINDEX,T2 index consolidation: outside src/lib/indexPolicy.ts allowlist; src/layouts/BaseLayout.astro shouldNoindex preserves available utility/content without reopening search ownership.
funnytools.win,https://funnytools.win/tools/image-to-dxf/,200,False,"noindex,follow",,https://funnytools.win/tools/image-to-dxf/,False,3,zh-Hant,Tool,UNKNOWN (supplied aggregate only),INTENTIONAL_NOINDEX,T2 index consolidation: outside src/lib/indexPolicy.ts allowlist; src/layouts/BaseLayout.astro shouldNoindex preserves available utility/content without reopening search ownership.
funnytools.win,https://funnytools.win/tools/images-to-pdf/,200,False,"noindex,follow",,https://funnytools.win/tools/images-to-pdf/,False,6,zh-Hant,Tool,UNKNOWN (supplied aggregate only),INTENTIONAL_NOINDEX,T2 index consolidation: outside src/lib/indexPolicy.ts allowlist; src/layouts/BaseLayout.astro shouldNoindex preserves available utility/content without reopening search ownership.
funnytools.win,https://funnytools.win/tools/inflation/,200,False,"noindex,follow",,https://funnytools.win/tools/inflation/,False,4,zh-Hant,Tool,UNKNOWN (supplied aggregate only),INTENTIONAL_NOINDEX,T2 index consolidation: outside src/lib/indexPolicy.ts allowlist; src/layouts/BaseLayout.astro shouldNoindex preserves available utility/content without reopening search ownership.
funnytools.win,https://funnytools.win/tools/item-analysis-calculator/,200,False,"noindex,follow",,https://funnytools.win/tools/item-analysis-calculator/,False,3,zh-Hant,Tool,UNKNOWN (supplied aggregate only),INTENTIONAL_NOINDEX,T2 index consolidation: outside src/lib/indexPolicy.ts allowlist; src/layouts/BaseLayout.astro shouldNoindex preserves available utility/content without reopening search ownership.
funnytools.win,https://funnytools.win/tools/jpg-to-png/,200,False,"noindex,follow",,https://funnytools.win/tools/jpg-to-png/,False,6,zh-Hant,Tool,UNKNOWN (supplied aggregate only),INTENTIONAL_NOINDEX,T2 index consolidation: outside src/lib/indexPolicy.ts allowlist; src/layouts/BaseLayout.astro shouldNoindex preserves available utility/content without reopening search ownership.
funnytools.win,https://funnytools.win/tools/json-formatter/,200,False,"noindex,follow",,https://funnytools.win/tools/json-formatter/,False,8,zh-Hant,Tool,UNKNOWN (supplied aggregate only),INTENTIONAL_NOINDEX,T2 index consolidation: outside src/lib/indexPolicy.ts allowlist; src/layouts/BaseLayout.astro shouldNoindex preserves available utility/content without reopening search ownership.
funnytools.win,https://funnytools.win/tools/json-to-csv/,200,False,"noindex,follow",,https://funnytools.win/tools/json-to-csv/,False,6,zh-Hant,Tool,UNKNOWN (supplied aggregate only),INTENTIONAL_NOINDEX,T2 index consolidation: outside src/lib/indexPolicy.ts allowlist; src/layouts/BaseLayout.astro shouldNoindex preserves available utility/content without reopening search ownership.
funnytools.win,https://funnytools.win/tools/kr20-reliability-calculator/,200,False,"noindex,follow",,https://funnytools.win/tools/kr20-reliability-calculator/,False,3,zh-Hant,Tool,UNKNOWN (supplied aggregate only),INTENTIONAL_NOINDEX,T2 index consolidation: outside src/lib/indexPolicy.ts allowlist; src/layouts/BaseLayout.astro shouldNoindex preserves available utility/content without reopening search ownership.
funnytools.win,https://funnytools.win/tools/learning-gain-calculator/,200,False,"noindex,follow",,https://funnytools.win/tools/learning-gain-calculator/,False,3,zh-Hant,Tool,UNKNOWN (supplied aggregate only),INTENTIONAL_NOINDEX,T2 index consolidation: outside src/lib/indexPolicy.ts allowlist; src/layouts/BaseLayout.astro shouldNoindex preserves available utility/content without reopening search ownership.
funnytools.win,https://funnytools.win/tools/markdown-previewer/,200,False,"noindex,follow",,https://funnytools.win/tools/markdown-previewer/,False,5,zh-Hant,Tool,UNKNOWN (supplied aggregate only),INTENTIONAL_NOINDEX,T2 index consolidation: outside src/lib/indexPolicy.ts allowlist; src/layouts/BaseLayout.astro shouldNoindex preserves available utility/content without reopening search ownership.
funnytools.win,https://funnytools.win/tools/mortgage-payment/,200,False,"noindex,follow",,https://funnytools.win/tools/mortgage-payment/,False,4,zh-Hant,Tool,UNKNOWN (supplied aggregate only),INTENTIONAL_NOINDEX,T2 index consolidation: outside src/lib/indexPolicy.ts allowlist; src/layouts/BaseLayout.astro shouldNoindex preserves available utility/content without reopening search ownership.
funnytools.win,https://funnytools.win/tools/net-salary/,200,False,"noindex,follow",,https://funnytools.win/tools/net-salary/,False,5,zh-Hant,Tool,UNKNOWN (supplied aggregate only),INTENTIONAL_NOINDEX,T2 index consolidation: outside src/lib/indexPolicy.ts allowlist; src/layouts/BaseLayout.astro shouldNoindex preserves available utility/content without reopening search ownership.
funnytools.win,https://funnytools.win/tools/normalized-score-converter/,200,False,"noindex,follow",,https://funnytools.win/tools/normalized-score-converter/,False,3,zh-Hant,Tool,UNKNOWN (supplied aggregate only),INTENTIONAL_NOINDEX,T2 index consolidation: outside src/lib/indexPolicy.ts allowlist; src/layouts/BaseLayout.astro shouldNoindex preserves available utility/content without reopening search ownership.
funnytools.win,https://funnytools.win/tools/overtime-pay/,200,False,"noindex,follow",,https://funnytools.win/tools/overtime-pay/,False,5,zh-Hant,Tool,UNKNOWN (supplied aggregate only),INTENTIONAL_NOINDEX,T2 index consolidation: outside src/lib/indexPolicy.ts allowlist; src/layouts/BaseLayout.astro shouldNoindex preserves available utility/content without reopening search ownership.
funnytools.win,https://funnytools.win/tools/password-generator/,200,False,"noindex,follow",,https://funnytools.win/tools/password-generator/,False,8,zh-Hant,Tool,UNKNOWN (supplied aggregate only),INTENTIONAL_NOINDEX,T2 index consolidation: outside src/lib/indexPolicy.ts allowlist; src/layouts/BaseLayout.astro shouldNoindex preserves available utility/content without reopening search ownership.
funnytools.win,https://funnytools.win/tools/pdf-page-reorder/,200,False,"noindex,follow",,https://funnytools.win/tools/pdf-page-reorder/,False,5,zh-Hant,Tool,UNKNOWN (supplied aggregate only),INTENTIONAL_NOINDEX,T2 index consolidation: outside src/lib/indexPolicy.ts allowlist; src/layouts/BaseLayout.astro shouldNoindex preserves available utility/content without reopening search ownership.
funnytools.win,https://funnytools.win/tools/pdf-table-to-excel/,200,False,"noindex,follow",,https://funnytools.win/tools/pdf-table-to-excel/,False,3,zh-Hant,Tool,UNKNOWN (supplied aggregate only),INTENTIONAL_NOINDEX,T2 index consolidation: outside src/lib/indexPolicy.ts allowlist; src/layouts/BaseLayout.astro shouldNoindex preserves available utility/content without reopening search ownership.
funnytools.win,https://funnytools.win/tools/pdf-to-image/,200,False,"noindex,follow",,https://funnytools.win/tools/pdf-to-image/,False,5,zh-Hant,Tool,UNKNOWN (supplied aggregate only),INTENTIONAL_NOINDEX,T2 index consolidation: outside src/lib/indexPolicy.ts allowlist; src/layouts/BaseLayout.astro shouldNoindex preserves available utility/content without reopening search ownership.
funnytools.win,https://funnytools.win/tools/pdf-to-word/,200,False,"noindex,follow",,https://funnytools.win/tools/pdf-to-word/,False,3,zh-Hant,Tool,UNKNOWN (supplied aggregate only),INTENTIONAL_NOINDEX,T2 index consolidation: outside src/lib/indexPolicy.ts allowlist; src/layouts/BaseLayout.astro shouldNoindex preserves available utility/content without reopening search ownership.
funnytools.win,https://funnytools.win/tools/pie-chart-maker/,200,False,"noindex,follow",,https://funnytools.win/tools/pie-chart-maker/,False,8,zh-Hant,Tool,UNKNOWN (supplied aggregate only),INTENTIONAL_NOINDEX,T2 index consolidation: outside src/lib/indexPolicy.ts allowlist; src/layouts/BaseLayout.astro shouldNoindex preserves available utility/content without reopening search ownership.
funnytools.win,https://funnytools.win/tools/png-to-jpg/,200,False,"noindex,follow",,https://funnytools.win/tools/png-to-jpg/,False,7,zh-Hant,Tool,UNKNOWN (supplied aggregate only),INTENTIONAL_NOINDEX,T2 index consolidation: outside src/lib/indexPolicy.ts allowlist; src/layouts/BaseLayout.astro shouldNoindex preserves available utility/content without reopening search ownership.
funnytools.win,https://funnytools.win/tools/pomodoro-timer/,200,False,"noindex,follow",,https://funnytools.win/tools/pomodoro-timer/,False,7,zh-Hant,Tool,UNKNOWN (supplied aggregate only),INTENTIONAL_NOINDEX,T2 index consolidation: outside src/lib/indexPolicy.ts allowlist; src/layouts/BaseLayout.astro shouldNoindex preserves available utility/content without reopening search ownership.
funnytools.win,https://funnytools.win/tools/random-group-generator/,200,False,"noindex,follow",,https://funnytools.win/tools/random-group-generator/,False,6,zh-Hant,Tool,UNKNOWN (supplied aggregate only),INTENTIONAL_NOINDEX,T2 index consolidation: outside src/lib/indexPolicy.ts allowlist; src/layouts/BaseLayout.astro shouldNoindex preserves available utility/content without reopening search ownership.
funnytools.win,https://funnytools.win/tools/random-number-picker/,200,False,"noindex,follow",,https://funnytools.win/tools/random-number-picker/,False,7,zh-Hant,Tool,UNKNOWN (supplied aggregate only),INTENTIONAL_NOINDEX,T2 index consolidation: outside src/lib/indexPolicy.ts allowlist; src/layouts/BaseLayout.astro shouldNoindex preserves available utility/content without reopening search ownership.
funnytools.win,https://funnytools.win/tools/random-student-picker/,200,False,"noindex,follow",,https://funnytools.win/tools/random-student-picker/,False,6,zh-Hant,Tool,UNKNOWN (supplied aggregate only),INTENTIONAL_NOINDEX,T2 index consolidation: outside src/lib/indexPolicy.ts allowlist; src/layouts/BaseLayout.astro shouldNoindex preserves available utility/content without reopening search ownership.
funnytools.win,https://funnytools.win/tools/random-wheel/,200,False,"noindex,follow",,https://funnytools.win/tools/random-wheel/,False,10,zh-Hant,Tool,UNKNOWN (supplied aggregate only),INTENTIONAL_NOINDEX,T2 index consolidation: outside src/lib/indexPolicy.ts allowlist; src/layouts/BaseLayout.astro shouldNoindex preserves available utility/content without reopening search ownership.
funnytools.win,https://funnytools.win/tools/remove-duplicate-lines/,200,False,"noindex,follow",,https://funnytools.win/tools/remove-duplicate-lines/,False,5,zh-Hant,Tool,UNKNOWN (supplied aggregate only),INTENTIONAL_NOINDEX,T2 index consolidation: outside src/lib/indexPolicy.ts allowlist; src/layouts/BaseLayout.astro shouldNoindex preserves available utility/content without reopening search ownership.
funnytools.win,https://funnytools.win/tools/remove-empty-lines/,200,False,"noindex,follow",,https://funnytools.win/tools/remove-empty-lines/,False,8,zh-Hant,Tool,UNKNOWN (supplied aggregate only),INTENTIONAL_NOINDEX,T2 index consolidation: outside src/lib/indexPolicy.ts allowlist; src/layouts/BaseLayout.astro shouldNoindex preserves available utility/content without reopening search ownership.
funnytools.win,https://funnytools.win/tools/savings-goal/,200,False,"noindex,follow",,https://funnytools.win/tools/savings-goal/,False,4,zh-Hant,Tool,UNKNOWN (supplied aggregate only),INTENTIONAL_NOINDEX,T2 index consolidation: outside src/lib/indexPolicy.ts allowlist; src/layouts/BaseLayout.astro shouldNoindex preserves available utility/content without reopening search ownership.
funnytools.win,https://funnytools.win/tools/seating-chart/,200,False,"noindex,follow",,https://funnytools.win/tools/seating-chart/,False,7,zh-Hant,Tool,UNKNOWN (supplied aggregate only),INTENTIONAL_NOINDEX,T2 index consolidation: outside src/lib/indexPolicy.ts allowlist; src/layouts/BaseLayout.astro shouldNoindex preserves available utility/content without reopening search ownership.
funnytools.win,https://funnytools.win/tools/sort-lines/,200,False,"noindex,follow",,https://funnytools.win/tools/sort-lines/,False,9,zh-Hant,Tool,UNKNOWN (supplied aggregate only),INTENTIONAL_NOINDEX,T2 index consolidation: outside src/lib/indexPolicy.ts allowlist; src/layouts/BaseLayout.astro shouldNoindex preserves available utility/content without reopening search ownership.
funnytools.win,https://funnytools.win/tools/spearman-brown-calculator/,200,False,"noindex,follow",,https://funnytools.win/tools/spearman-brown-calculator/,False,3,zh-Hant,Tool,UNKNOWN (supplied aggregate only),INTENTIONAL_NOINDEX,T2 index consolidation: outside src/lib/indexPolicy.ts allowlist; src/layouts/BaseLayout.astro shouldNoindex preserves available utility/content without reopening search ownership.
funnytools.win,https://funnytools.win/tools/spss-result-interpreter/,200,False,"noindex,follow",,https://funnytools.win/tools/spss-result-interpreter/,False,4,zh-Hant,Tool,UNKNOWN (supplied aggregate only),INTENTIONAL_NOINDEX,T2 index consolidation: outside src/lib/indexPolicy.ts allowlist; src/layouts/BaseLayout.astro shouldNoindex preserves available utility/content without reopening search ownership.
funnytools.win,https://funnytools.win/tools/standard-error-of-measurement-calculator/,200,False,"noindex,follow",,https://funnytools.win/tools/standard-error-of-measurement-calculator/,False,3,zh-Hant,Tool,UNKNOWN (supplied aggregate only),INTENTIONAL_NOINDEX,T2 index consolidation: outside src/lib/indexPolicy.ts allowlist; src/layouts/BaseLayout.astro shouldNoindex preserves available utility/content without reopening search ownership.
funnytools.win,https://funnytools.win/tools/stopwatch/,200,False,"noindex,follow",,https://funnytools.win/tools/stopwatch/,False,6,zh-Hant,Tool,UNKNOWN (supplied aggregate only),INTENTIONAL_NOINDEX,T2 index consolidation: outside src/lib/indexPolicy.ts allowlist; src/layouts/BaseLayout.astro shouldNoindex preserves available utility/content without reopening search ownership.
funnytools.win,https://funnytools.win/tools/this-or-that/,200,False,"noindex,follow",,https://funnytools.win/tools/this-or-that/,False,5,zh-Hant,Tool,UNKNOWN (supplied aggregate only),INTENTIONAL_NOINDEX,T2 index consolidation: outside src/lib/indexPolicy.ts allowlist; src/layouts/BaseLayout.astro shouldNoindex preserves available utility/content without reopening search ownership.
funnytools.win,https://funnytools.win/tools/timestamp-converter/,200,False,"noindex,follow",,https://funnytools.win/tools/timestamp-converter/,False,6,zh-Hant,Tool,UNKNOWN (supplied aggregate only),INTENTIONAL_NOINDEX,T2 index consolidation: outside src/lib/indexPolicy.ts allowlist; src/layouts/BaseLayout.astro shouldNoindex preserves available utility/content without reopening search ownership.
funnytools.win,https://funnytools.win/tools/url-encoder/,200,False,"noindex,follow",,https://funnytools.win/tools/url-encoder/,False,5,zh-Hant,Tool,UNKNOWN (supplied aggregate only),INTENTIONAL_NOINDEX,T2 index consolidation: outside src/lib/indexPolicy.ts allowlist; src/layouts/BaseLayout.astro shouldNoindex preserves available utility/content without reopening search ownership.
funnytools.win,https://funnytools.win/tools/uuid-generator/,200,False,"noindex,follow",,https://funnytools.win/tools/uuid-generator/,False,6,zh-Hant,Tool,UNKNOWN (supplied aggregate only),INTENTIONAL_NOINDEX,T2 index consolidation: outside src/lib/indexPolicy.ts allowlist; src/layouts/BaseLayout.astro shouldNoindex preserves available utility/content without reopening search ownership.
funnytools.win,https://funnytools.win/tools/webp-to-jpg/,200,False,"noindex,follow",,https://funnytools.win/tools/webp-to-jpg/,False,4,zh-Hant,Tool,UNKNOWN (supplied aggregate only),INTENTIONAL_NOINDEX,T2 index consolidation: outside src/lib/indexPolicy.ts allowlist; src/layouts/BaseLayout.astro shouldNoindex preserves available utility/content without reopening search ownership.
funnytools.win,https://funnytools.win/tools/weighted-rubric-score-calculator/,200,False,"noindex,follow",,https://funnytools.win/tools/weighted-rubric-score-calculator/,False,3,zh-Hant,Tool,UNKNOWN (supplied aggregate only),INTENTIONAL_NOINDEX,T2 index consolidation: outside src/lib/indexPolicy.ts allowlist; src/layouts/BaseLayout.astro shouldNoindex preserves available utility/content without reopening search ownership.
funnytools.win,https://funnytools.win/tools/what-to-eat/,200,False,"noindex,follow",,https://funnytools.win/tools/what-to-eat/,False,5,zh-Hant,Tool,UNKNOWN (supplied aggregate only),INTENTIONAL_NOINDEX,T2 index consolidation: outside src/lib/indexPolicy.ts allowlist; src/layouts/BaseLayout.astro shouldNoindex preserves available utility/content without reopening search ownership.
funnytools.win,https://funnytools.win/tools/word-counter/,200,False,"noindex,follow",,https://funnytools.win/tools/word-counter/,False,15,zh-Hant,Tool,UNKNOWN (supplied aggregate only),INTENTIONAL_NOINDEX,T2 index consolidation: outside src/lib/indexPolicy.ts allowlist; src/layouts/BaseLayout.astro shouldNoindex preserves available utility/content without reopening search ownership.
funnytools.win,https://funnytools.win/wedding-seating-conflict-solver/,200,False,"noindex,follow",,https://funnytools.win/wedding-seating-conflict-solver/,False,4,zh-Hant,Content,UNKNOWN (supplied aggregate only),INTENTIONAL_NOINDEX,T2 index consolidation: outside src/lib/indexPolicy.ts allowlist; src/layouts/BaseLayout.astro shouldNoindex preserves available utility/content without reopening search ownership.
funnytools.win,https://funnytools.win/for/teachers/,200,False,"noindex,follow",,https://funnytools.win/for/teachers/,False,5,zh-Hant,Content,UNKNOWN (supplied aggregate only),INTENTIONAL_NOINDEX,T2 index consolidation: outside src/lib/indexPolicy.ts allowlist; src/layouts/BaseLayout.astro shouldNoindex preserves available utility/content without reopening search ownership.
funnytools.win,https://funnytools.win/shop/,200,False,"noindex,follow",,https://funnytools.win/shop/,False,2,zh-Hant,Content,UNKNOWN (supplied aggregate only),INTENTIONAL_NOINDEX,T2 index consolidation: outside src/lib/indexPolicy.ts allowlist; src/layouts/BaseLayout.astro shouldNoindex preserves available utility/content without reopening search ownership.
