url,locale,page_type,cluster,tool_slug,current_status,http_status,canonical,robots,indexable,sitemap_present,lastmod,internal_link_count,crawl_depth,phase2b_treatment,phase2b_control,historical_gsc_clicks,historical_gsc_impressions,historical_gsc_avg_position,last_known_crawl,similarity_risk,editorial_leakage,unique_function,unique_search_intent,decision,decision_reason
https://funnytools.win/en/,en,home,general,,200 live verified,200 local build,https://funnytools.win/en/,"index,follow (implicit)",yes,yes,2026-09-10,250,0,no,no,3,97,8.092783505154639,2026-09-11T22:37:47Z,low,none,UNKNOWN,UNKNOWN,PROTECT,"historical clicks=3; impressions=97, position=8.092783505154639"
https://funnytools.win/en/about-tools/,en,legal,general,,200 live verified,200 local build,https://funnytools.win/en/about-tools/,"index,follow (implicit)",yes,yes,2026-06-17,30,1,no,no,0,2,7,2026-08-05T06:36:52Z,low,none,UNKNOWN,UNKNOWN,OBSERVE,No destructive decision without row-level evidence.
https://funnytools.win/en/about/,en,legal,general,,200 live verified,200 local build,https://funnytools.win/en/about/,"index,follow (implicit)",yes,yes,2026-09-02,29,1,no,no,0,11,2,2026-08-16T17:36:32Z,low,none,UNKNOWN,UNKNOWN,PROTECT,"impressions=11, position=2"
https://funnytools.win/en/category/draw/,en,category,draw,,200 live verified,200 local build,https://funnytools.win/en/category/draw/,"index,follow (implicit)",yes,yes,2026-09-02,45,1,no,no,0,7,19.142857142857142,2026-07-16T15:41:04Z,low,none,UNKNOWN,UNKNOWN,PROTECT,"impressions=7, position=19.142857142857142"
https://funnytools.win/en/category/image/,en,category,image,,200 live verified,200 local build,https://funnytools.win/en/category/image/,"index,follow (implicit)",yes,yes,2026-09-02,59,1,no,no,0,1,7,2026-08-04T17:45:05Z,low,none,UNKNOWN,UNKNOWN,OBSERVE,No destructive decision without row-level evidence.
https://funnytools.win/en/category/money/,en,category,money,,200 live verified,200 local build,https://funnytools.win/en/category/money/,"index,follow (implicit)",yes,yes,2026-08-01,46,1,no,no,UNKNOWN,UNKNOWN,UNKNOWN,2026-08-17T12:14:53Z,low,none,UNKNOWN,UNKNOWN,OBSERVE,No destructive decision without row-level evidence.
https://funnytools.win/en/category/pdf/,en,category,pdf,,200 live verified,200 local build,https://funnytools.win/en/category/pdf/,"index,follow (implicit)",yes,yes,2026-09-02,55,1,no,no,0,10,3.7,2026-08-13T14:37:00Z,low,none,UNKNOWN,UNKNOWN,PROTECT,"impressions=10, position=3.7"
https://funnytools.win/en/category/random/,en,category,random,,200 live verified,200 local build,https://funnytools.win/en/category/random/,"index,follow (implicit)",yes,yes,2026-08-01,61,1,no,no,0,1,7,2026-08-20T10:52:31Z,low,none,UNKNOWN,UNKNOWN,OBSERVE,No destructive decision without row-level evidence.
https://funnytools.win/en/category/statistics/,en,category,statistics,,200 live verified,200 local build,https://funnytools.win/en/category/statistics/,"index,follow (implicit)",yes,yes,2026-08-01,62,1,no,no,0,4,3.75,2026-08-18T04:52:21Z,low,none,UNKNOWN,measured relationship present,OBSERVE,No destructive decision without row-level evidence.
https://funnytools.win/en/category/study/,en,category,study,,200 live verified,200 local build,https://funnytools.win/en/category/study/,"index,follow (implicit)",yes,yes,2026-08-01,49,1,no,no,0,1,3,2026-08-17T17:37:21Z,low,none,UNKNOWN,UNKNOWN,OBSERVE,No destructive decision without row-level evidence.
https://funnytools.win/en/category/text/,en,category,text,,200 live verified,200 local build,https://funnytools.win/en/category/text/,"index,follow (implicit)",yes,yes,2026-09-02,58,1,no,no,0,1,10,2026-07-30T10:00:27Z,low,none,UNKNOWN,UNKNOWN,OBSERVE,No destructive decision without row-level evidence.
https://funnytools.win/en/category/time/,en,category,time,,200 live verified,200 local build,https://funnytools.win/en/category/time/,"index,follow (implicit)",yes,yes,2026-08-01,53,1,no,no,0,1,7,2026-08-22T01:04:53Z,low,none,UNKNOWN,UNKNOWN,OBSERVE,No destructive decision without row-level evidence.
https://funnytools.win/en/contact/,en,legal,general,,200 live verified,200 local build,https://funnytools.win/en/contact/,"index,follow (implicit)",yes,yes,2026-07-31,29,1,no,no,0,17,3.8823529411764706,2026-07-15T19:24:42Z,low,none,UNKNOWN,UNKNOWN,PROTECT,"impressions=17, position=3.8823529411764706"
https://funnytools.win/en/disclaimer/,en,legal,general,,200 live verified,200 local build,https://funnytools.win/en/disclaimer/,"index,follow (implicit)",yes,yes,2026-06-17,27,1,no,no,0,6,6.333333333333333,2026-08-13T00:47:43Z,low,none,UNKNOWN,UNKNOWN,PROTECT,"impressions=6, position=6.333333333333333"
https://funnytools.win/en/education-statistics/,en,other,statistics,,200 live verified,200 local build,https://funnytools.win/en/education-statistics/,"index,follow (implicit)",yes,yes,2026-07-02,66,1,no,no,0,1,62,2026-08-11T06:53:06Z,low,none,UNKNOWN,measured relationship present,OBSERVE,No destructive decision without row-level evidence.
https://funnytools.win/en/for/,en,hub,general,,200 live verified,200 local build,https://funnytools.win/en/for/,"index,follow (implicit)",yes,yes,2026-07-31,41,1,no,no,0,1,5,2026-08-18T10:09:35Z,low,none,UNKNOWN,UNKNOWN,OBSERVE,No destructive decision without row-level evidence.
https://funnytools.win/en/for/creators/,en,audience,creators,,200 live verified,200 local build,https://funnytools.win/en/for/creators/,"index,follow (implicit)",yes,yes,2026-09-02,46,1,no,no,0,2,4.5,2026-08-19T16:16:16Z,low,none,UNKNOWN,UNKNOWN,OBSERVE,No destructive decision without row-level evidence.
https://funnytools.win/en/for/designers/,en,audience,designers,,200 live verified,200 local build,https://funnytools.win/en/for/designers/,"index,follow (implicit)",yes,yes,2026-09-02,44,1,no,no,UNKNOWN,UNKNOWN,UNKNOWN,2026-08-20T16:23:31Z,low,none,UNKNOWN,UNKNOWN,OBSERVE,No destructive decision without row-level evidence.
https://funnytools.win/en/for/developers/,en,audience,developers,,200 live verified,200 local build,https://funnytools.win/en/for/developers/,"index,follow (implicit)",yes,yes,2026-08-01,44,1,no,no,0,1,4,2026-08-21T06:43:48Z,low,none,UNKNOWN,UNKNOWN,OBSERVE,No destructive decision without row-level evidence.
https://funnytools.win/en/for/office-workers/,en,audience,office-workers,,200 live verified,200 local build,https://funnytools.win/en/for/office-workers/,"index,follow (implicit)",yes,yes,2026-09-02,47,1,no,no,0,2,6,2026-08-21T07:12:01Z,low,none,UNKNOWN,UNKNOWN,OBSERVE,No destructive decision without row-level evidence.
https://funnytools.win/en/for/students/,en,audience,students,,200 live verified,200 local build,https://funnytools.win/en/for/students/,"index,follow (implicit)",yes,yes,2026-09-02,47,1,no,no,0,1,8,2026-08-22T00:52:23Z,low,none,UNKNOWN,UNKNOWN,OBSERVE,No destructive decision without row-level evidence.
https://funnytools.win/en/for/teachers/,en,audience,teachers,,200 live verified,200 local build,https://funnytools.win/en/for/teachers/,"index,follow (implicit)",yes,yes,2026-06-26,47,1,no,no,0,27,51.666666666666664,2026-08-09T05:06:35Z,low,none,UNKNOWN,UNKNOWN,OBSERVE,No destructive decision without row-level evidence.
https://funnytools.win/en/guides/,en,hub,general,,200 live verified,200 local build,https://funnytools.win/en/guides/,"index,follow (implicit)",yes,yes,2026-09-04,180,1,no,no,0,2,6,2026-08-19T14:47:08Z,low,none,UNKNOWN,UNKNOWN,OBSERVE,No destructive decision without row-level evidence.
https://funnytools.win/en/guides/2d-cad-drawing-board-workflow-guide/,en,guide,drawing,,200 live verified,200 local build,https://funnytools.win/en/guides/2d-cad-drawing-board-workflow-guide/,"index,follow (implicit)",yes,yes,2026-09-03,38,2,no,no,UNKNOWN,UNKNOWN,UNKNOWN,UNKNOWN,low,none,UNKNOWN,UNKNOWN,OBSERVE,No destructive decision without row-level evidence.
https://funnytools.win/en/guides/a4-vs-us-letter-printing-guide/,en,guide,general,,200 live verified,200 local build,https://funnytools.win/en/guides/a4-vs-us-letter-printing-guide/,"index,follow (implicit)",yes,yes,2026-07-18,40,2,no,no,UNKNOWN,UNKNOWN,UNKNOWN,UNKNOWN,low,none,UNKNOWN,UNKNOWN,OBSERVE,No destructive decision without row-level evidence.
https://funnytools.win/en/guides/anova-apa-format-guide/,en,guide,statistics,,200 live verified,200 local build,https://funnytools.win/en/guides/anova-apa-format-guide/,"index,follow (implicit)",yes,yes,2026-06-25,41,1,no,no,UNKNOWN,UNKNOWN,UNKNOWN,UNKNOWN,low,none,UNKNOWN,UNKNOWN,OBSERVE,No destructive decision without row-level evidence.
https://funnytools.win/en/guides/bar-chart-school-report-guide/,en,guide,drawing,,200 live verified,200 local build,https://funnytools.win/en/guides/bar-chart-school-report-guide/,"index,follow (implicit)",yes,yes,2026-07-21,37,2,no,no,UNKNOWN,UNKNOWN,UNKNOWN,UNKNOWN,low,none,UNKNOWN,UNKNOWN,OBSERVE,No destructive decision without row-level evidence.
https://funnytools.win/en/guides/classroom-group-roles-rotation-guide/,en,guide,random,,200 live verified,200 local build,https://funnytools.win/en/guides/classroom-group-roles-rotation-guide/,"index,follow (implicit)",yes,yes,2026-09-03,42,2,no,no,UNKNOWN,UNKNOWN,UNKNOWN,UNKNOWN,low,none,UNKNOWN,UNKNOWN,OBSERVE,No destructive decision without row-level evidence.
https://funnytools.win/en/guides/classroom-lottery-tool-guide/,en,guide,random,,200 live verified,200 local build,https://funnytools.win/en/guides/classroom-lottery-tool-guide/,"index,follow (implicit)",yes,yes,2026-06-26,44,2,no,no,UNKNOWN,UNKNOWN,UNKNOWN,UNKNOWN,low,none,UNKNOWN,UNKNOWN,OBSERVE,No destructive decision without row-level evidence.
https://funnytools.win/en/guides/classroom-random-group-absent-student-repair-guide/,en,guide,random,,200 live verified,200 local build,https://funnytools.win/en/guides/classroom-random-group-absent-student-repair-guide/,"index,follow (implicit)",yes,yes,2026-09-03,42,2,no,no,UNKNOWN,UNKNOWN,UNKNOWN,UNKNOWN,low,none,UNKNOWN,measured relationship present,OBSERVE,No destructive decision without row-level evidence.
https://funnytools.win/en/guides/classroom-random-group-guide/,en,guide,random,,200 live verified,200 local build,https://funnytools.win/en/guides/classroom-random-group-guide/,"index,follow (implicit)",yes,yes,2026-06-26,44,1,no,no,0,8,44,2026-08-20T14:27:59Z,low,none,UNKNOWN,measured relationship present,OBSERVE,No destructive decision without row-level evidence.
https://funnytools.win/en/guides/classroom-random-group-materials-handoff-guide/,en,guide,random,,200 live verified,200 local build,https://funnytools.win/en/guides/classroom-random-group-materials-handoff-guide/,"index,follow (implicit)",yes,yes,2026-09-03,42,2,no,no,UNKNOWN,UNKNOWN,UNKNOWN,UNKNOWN,low,none,UNKNOWN,UNKNOWN,OBSERVE,No destructive decision without row-level evidence.
https://funnytools.win/en/guides/classroom-random-group-no-repeat-guide/,en,guide,random,,200 live verified,200 local build,https://funnytools.win/en/guides/classroom-random-group-no-repeat-guide/,"index,follow (implicit)",yes,yes,2026-09-03,42,2,no,no,UNKNOWN,UNKNOWN,UNKNOWN,UNKNOWN,low,none,UNKNOWN,UNKNOWN,OBSERVE,No destructive decision without row-level evidence.
https://funnytools.win/en/guides/classroom-random-group-seat-transition-guide/,en,guide,random,,200 live verified,200 local build,https://funnytools.win/en/guides/classroom-random-group-seat-transition-guide/,"index,follow (implicit)",yes,yes,2026-09-03,42,2,no,no,UNKNOWN,UNKNOWN,UNKNOWN,UNKNOWN,low,none,UNKNOWN,UNKNOWN,OBSERVE,No destructive decision without row-level evidence.
https://funnytools.win/en/guides/classroom-random-group-shareable-result-guide/,en,guide,random,,200 live verified,200 local build,https://funnytools.win/en/guides/classroom-random-group-shareable-result-guide/,"index,follow (implicit)",yes,yes,2026-09-03,42,2,no,no,UNKNOWN,UNKNOWN,UNKNOWN,UNKNOWN,low,none,UNKNOWN,UNKNOWN,OBSERVE,No destructive decision without row-level evidence.
https://funnytools.win/en/guides/classroom-random-group-size-balance-guide/,en,guide,random,,200 live verified,200 local build,https://funnytools.win/en/guides/classroom-random-group-size-balance-guide/,"index,follow (implicit)",yes,yes,2026-09-03,42,2,no,no,UNKNOWN,UNKNOWN,UNKNOWN,UNKNOWN,low,none,UNKNOWN,measured relationship present,OBSERVE,No destructive decision without row-level evidence.
https://funnytools.win/en/guides/classroom-random-picker-guide/,en,guide,random,,200 live verified,200 local build,https://funnytools.win/en/guides/classroom-random-picker-guide/,"index,follow (implicit)",yes,yes,2026-06-26,44,1,no,no,UNKNOWN,UNKNOWN,UNKNOWN,UNKNOWN,low,none,UNKNOWN,UNKNOWN,OBSERVE,No destructive decision without row-level evidence.
https://funnytools.win/en/guides/classroom-timer-guide/,en,guide,time,,200 live verified,200 local build,https://funnytools.win/en/guides/classroom-timer-guide/,"index,follow (implicit)",yes,yes,2026-06-26,44,1,no,no,0,5,53.6,2026-08-18T17:38:37Z,low,none,UNKNOWN,UNKNOWN,OBSERVE,No destructive decision without row-level evidence.
https://funnytools.win/en/guides/csv-to-json-header-duplicate-column-guide/,en,guide,text,,200 live verified,200 local build,https://funnytools.win/en/guides/csv-to-json-header-duplicate-column-guide/,"index,follow (implicit)",yes,yes,2026-09-03,38,2,no,no,UNKNOWN,UNKNOWN,UNKNOWN,UNKNOWN,low,none,UNKNOWN,UNKNOWN,OBSERVE,No destructive decision without row-level evidence.
https://funnytools.win/en/guides/fair-student-grouping-guide/,en,guide,random,,200 live verified,200 local build,https://funnytools.win/en/guides/fair-student-grouping-guide/,"index,follow (implicit)",yes,yes,2026-06-26,42,2,no,no,UNKNOWN,UNKNOWN,UNKNOWN,UNKNOWN,low,none,UNKNOWN,measured relationship present,OBSERVE,No destructive decision without row-level evidence.
https://funnytools.win/en/guides/image-color-profile-web-print-guide/,en,guide,image,,200 live verified,200 local build,https://funnytools.win/en/guides/image-color-profile-web-print-guide/,"index,follow (implicit)",yes,yes,2026-09-03,42,2,no,no,UNKNOWN,UNKNOWN,UNKNOWN,UNKNOWN,low,none,UNKNOWN,UNKNOWN,OBSERVE,No destructive decision without row-level evidence.
https://funnytools.win/en/guides/image-compression-email-guide/,en,guide,image,,200 live verified,200 local build,https://funnytools.win/en/guides/image-compression-email-guide/,"index,follow (implicit)",yes,yes,2026-07-20,42,2,no,no,UNKNOWN,UNKNOWN,UNKNOWN,UNKNOWN,low,none,UNKNOWN,UNKNOWN,OBSERVE,No destructive decision without row-level evidence.
https://funnytools.win/en/guides/image-compression-quality-size-guide/,en,guide,image,,200 live verified,200 local build,https://funnytools.win/en/guides/image-compression-quality-size-guide/,"index,follow (implicit)",yes,yes,2026-09-03,40,2,no,no,UNKNOWN,UNKNOWN,UNKNOWN,UNKNOWN,low,none,UNKNOWN,UNKNOWN,OBSERVE,No destructive decision without row-level evidence.
https://funnytools.win/en/guides/image-compressor-metadata-privacy-guide/,en,guide,image,,200 live verified,200 local build,https://funnytools.win/en/guides/image-compressor-metadata-privacy-guide/,"index,follow (implicit)",yes,yes,2026-09-03,41,2,no,no,UNKNOWN,UNKNOWN,UNKNOWN,UNKNOWN,low,none,UNKNOWN,UNKNOWN,OBSERVE,No destructive decision without row-level evidence.
https://funnytools.win/en/guides/image-resampling-quality-guide/,en,guide,image,,200 live verified,200 local build,https://funnytools.win/en/guides/image-resampling-quality-guide/,"index,follow (implicit)",yes,yes,2026-09-03,42,2,no,no,UNKNOWN,UNKNOWN,UNKNOWN,UNKNOWN,low,none,UNKNOWN,UNKNOWN,OBSERVE,No destructive decision without row-level evidence.
https://funnytools.win/en/guides/image-resize-aspect-ratio-guide/,en,guide,image,,200 live verified,200 local build,https://funnytools.win/en/guides/image-resize-aspect-ratio-guide/,"index,follow (implicit)",yes,yes,2026-09-03,40,2,no,no,UNKNOWN,UNKNOWN,UNKNOWN,UNKNOWN,low,none,UNKNOWN,UNKNOWN,OBSERVE,No destructive decision without row-level evidence.
https://funnytools.win/en/guides/image-resolution-print-web-guide/,en,guide,image,,200 live verified,200 local build,https://funnytools.win/en/guides/image-resolution-print-web-guide/,"index,follow (implicit)",yes,yes,2026-09-03,42,2,no,no,UNKNOWN,UNKNOWN,UNKNOWN,UNKNOWN,low,none,UNKNOWN,UNKNOWN,OBSERVE,No destructive decision without row-level evidence.
https://funnytools.win/en/guides/json-formatter-trailing-comma-error-guide/,en,guide,text,,200 live verified,200 local build,https://funnytools.win/en/guides/json-formatter-trailing-comma-error-guide/,"index,follow (implicit)",yes,yes,2026-09-03,39,2,no,no,UNKNOWN,UNKNOWN,UNKNOWN,UNKNOWN,low,none,UNKNOWN,UNKNOWN,OBSERVE,No destructive decision without row-level evidence.
https://funnytools.win/en/guides/merge-pdf-bookmarks-navigation-guide/,en,guide,pdf,,200 live verified,200 local build,https://funnytools.win/en/guides/merge-pdf-bookmarks-navigation-guide/,"index,follow (implicit)",yes,yes,2026-09-03,42,2,no,no,UNKNOWN,UNKNOWN,UNKNOWN,UNKNOWN,low,none,UNKNOWN,UNKNOWN,OBSERVE,No destructive decision without row-level evidence.
https://funnytools.win/en/guides/merge-pdf-page-size-orientation-guide/,en,guide,pdf,,200 live verified,200 local build,https://funnytools.win/en/guides/merge-pdf-page-size-orientation-guide/,"index,follow (implicit)",yes,yes,2026-09-03,40,2,no,no,UNKNOWN,UNKNOWN,UNKNOWN,UNKNOWN,low,none,UNKNOWN,UNKNOWN,OBSERVE,No destructive decision without row-level evidence.
https://funnytools.win/en/guides/merge-pdf-private-guide/,en,guide,pdf,,200 live verified,200 local build,https://funnytools.win/en/guides/merge-pdf-private-guide/,"index,follow (implicit)",yes,yes,2026-07-17,41,2,no,no,UNKNOWN,UNKNOWN,UNKNOWN,UNKNOWN,low,none,UNKNOWN,UNKNOWN,OBSERVE,No destructive decision without row-level evidence.
https://funnytools.win/en/guides/merge-pdf-reading-order-checklist-guide/,en,guide,pdf,,200 live verified,200 local build,https://funnytools.win/en/guides/merge-pdf-reading-order-checklist-guide/,"index,follow (implicit)",yes,yes,2026-09-03,42,2,no,no,UNKNOWN,UNKNOWN,UNKNOWN,UNKNOWN,low,none,UNKNOWN,UNKNOWN,OBSERVE,No destructive decision without row-level evidence.
https://funnytools.win/en/guides/pdf-accessibility-reading-order-check-guide/,en,guide,pdf,,200 live verified,200 local build,https://funnytools.win/en/guides/pdf-accessibility-reading-order-check-guide/,"index,follow (implicit)",yes,yes,2026-09-03,42,2,no,no,UNKNOWN,UNKNOWN,UNKNOWN,UNKNOWN,low,none,UNKNOWN,UNKNOWN,OBSERVE,No destructive decision without row-level evidence.
https://funnytools.win/en/guides/pdf-compressor-email-attachment-guide/,en,guide,pdf,,200 live verified,200 local build,https://funnytools.win/en/guides/pdf-compressor-email-attachment-guide/,"index,follow (implicit)",yes,yes,2026-09-03,42,2,no,no,UNKNOWN,UNKNOWN,UNKNOWN,UNKNOWN,low,none,UNKNOWN,UNKNOWN,OBSERVE,No destructive decision without row-level evidence.
https://funnytools.win/en/guides/pdf-compressor-form-fields-links-guide/,en,guide,pdf,,200 live verified,200 local build,https://funnytools.win/en/guides/pdf-compressor-form-fields-links-guide/,"index,follow (implicit)",yes,yes,2026-09-03,42,2,no,no,UNKNOWN,UNKNOWN,UNKNOWN,UNKNOWN,low,none,UNKNOWN,UNKNOWN,OBSERVE,No destructive decision without row-level evidence.
https://funnytools.win/en/guides/pdf-page-reorder-appendix-merge-check-guide/,en,guide,pdf,,200 live verified,200 local build,https://funnytools.win/en/guides/pdf-page-reorder-appendix-merge-check-guide/,"index,follow (implicit)",yes,yes,2026-09-03,42,2,no,no,UNKNOWN,UNKNOWN,UNKNOWN,UNKNOWN,low,none,UNKNOWN,UNKNOWN,OBSERVE,No destructive decision without row-level evidence.
https://funnytools.win/en/guides/pdf-split-vs-extract-vs-delete/,en,guide,pdf,,200 live verified,200 local build,https://funnytools.win/en/guides/pdf-split-vs-extract-vs-delete/,"index,follow (implicit)",yes,yes,2026-09-04,40,2,no,no,UNKNOWN,UNKNOWN,UNKNOWN,UNKNOWN,low,none,UNKNOWN,UNKNOWN,OBSERVE,No destructive decision without row-level evidence.
https://funnytools.win/en/guides/pdf-table-to-excel-header-check-guide/,en,guide,pdf,,200 live verified,200 local build,https://funnytools.win/en/guides/pdf-table-to-excel-header-check-guide/,"index,follow (implicit)",yes,yes,2026-09-03,42,2,no,no,UNKNOWN,UNKNOWN,UNKNOWN,UNKNOWN,low,none,UNKNOWN,UNKNOWN,OBSERVE,No destructive decision without row-level evidence.
https://funnytools.win/en/guides/pdf-to-image-background-contrast-guide/,en,guide,pdf,,200 live verified,200 local build,https://funnytools.win/en/guides/pdf-to-image-background-contrast-guide/,"index,follow (implicit)",yes,yes,2026-09-03,41,2,no,no,UNKNOWN,UNKNOWN,UNKNOWN,UNKNOWN,low,none,UNKNOWN,UNKNOWN,OBSERVE,No destructive decision without row-level evidence.
https://funnytools.win/en/guides/pdf-to-image-multipage-download-guide/,en,guide,pdf,,200 live verified,200 local build,https://funnytools.win/en/guides/pdf-to-image-multipage-download-guide/,"index,follow (implicit)",yes,yes,2026-09-03,40,2,no,no,UNKNOWN,UNKNOWN,UNKNOWN,UNKNOWN,low,none,UNKNOWN,UNKNOWN,OBSERVE,No destructive decision without row-level evidence.
https://funnytools.win/en/guides/pdf-to-image-print-crop-marks-guide/,en,guide,pdf,,200 live verified,200 local build,https://funnytools.win/en/guides/pdf-to-image-print-crop-marks-guide/,"index,follow (implicit)",yes,yes,2026-09-03,42,2,no,no,UNKNOWN,UNKNOWN,UNKNOWN,UNKNOWN,low,none,UNKNOWN,UNKNOWN,OBSERVE,No destructive decision without row-level evidence.
https://funnytools.win/en/guides/pdf-to-image-raster-text-search-guide/,en,guide,pdf,,200 live verified,200 local build,https://funnytools.win/en/guides/pdf-to-image-raster-text-search-guide/,"index,follow (implicit)",yes,yes,2026-09-03,42,2,no,no,UNKNOWN,UNKNOWN,UNKNOWN,UNKNOWN,low,none,UNKNOWN,UNKNOWN,OBSERVE,No destructive decision without row-level evidence.
https://funnytools.win/en/guides/pdf-to-image-resolution-guide/,en,guide,pdf,,200 live verified,200 local build,https://funnytools.win/en/guides/pdf-to-image-resolution-guide/,"index,follow (implicit)",yes,yes,2026-09-03,40,2,no,no,UNKNOWN,UNKNOWN,UNKNOWN,UNKNOWN,low,none,UNKNOWN,UNKNOWN,OBSERVE,No destructive decision without row-level evidence.
https://funnytools.win/en/guides/pdf-to-word-form-field-editing-guide/,en,guide,pdf,,200 live verified,200 local build,https://funnytools.win/en/guides/pdf-to-word-form-field-editing-guide/,"index,follow (implicit)",yes,yes,2026-09-03,42,2,no,no,UNKNOWN,UNKNOWN,UNKNOWN,UNKNOWN,low,none,UNKNOWN,UNKNOWN,OBSERVE,No destructive decision without row-level evidence.
https://funnytools.win/en/guides/pdf-to-word-layout-fidelity-guide/,en,guide,pdf,,200 live verified,200 local build,https://funnytools.win/en/guides/pdf-to-word-layout-fidelity-guide/,"index,follow (implicit)",yes,yes,2026-09-03,42,2,no,no,UNKNOWN,UNKNOWN,UNKNOWN,UNKNOWN,low,none,UNKNOWN,UNKNOWN,OBSERVE,No destructive decision without row-level evidence.
https://funnytools.win/en/guides/pdf-to-word-ocr-language-check-guide/,en,guide,pdf,,200 live verified,200 local build,https://funnytools.win/en/guides/pdf-to-word-ocr-language-check-guide/,"index,follow (implicit)",yes,yes,2026-09-03,42,2,no,no,UNKNOWN,UNKNOWN,UNKNOWN,UNKNOWN,low,none,UNKNOWN,UNKNOWN,OBSERVE,No destructive decision without row-level evidence.
https://funnytools.win/en/guides/pdf-to-word-review-track-changes-guide/,en,guide,pdf,,200 live verified,200 local build,https://funnytools.win/en/guides/pdf-to-word-review-track-changes-guide/,"index,follow (implicit)",yes,yes,2026-09-03,40,2,no,no,UNKNOWN,UNKNOWN,UNKNOWN,UNKNOWN,low,none,UNKNOWN,UNKNOWN,OBSERVE,No destructive decision without row-level evidence.
https://funnytools.win/en/guides/pdf-upload-failed-troubleshooting/,en,guide,pdf,,200 live verified,200 local build,https://funnytools.win/en/guides/pdf-upload-failed-troubleshooting/,"index,follow (implicit)",yes,yes,2026-09-04,39,2,no,no,UNKNOWN,UNKNOWN,UNKNOWN,UNKNOWN,low,none,UNKNOWN,UNKNOWN,OBSERVE,No destructive decision without row-level evidence.
https://funnytools.win/en/guides/percentage-grade-to-gpa-conversion-guide/,en,guide,statistics,,200 live verified,200 local build,https://funnytools.win/en/guides/percentage-grade-to-gpa-conversion-guide/,"index,follow (implicit)",yes,yes,2026-09-04,33,2,no,no,UNKNOWN,UNKNOWN,UNKNOWN,UNKNOWN,low,none,UNKNOWN,UNKNOWN,OBSERVE,No destructive decision without row-level evidence.
https://funnytools.win/en/guides/percentage-shortcuts-guide/,en,guide,general,,200 live verified,200 local build,https://funnytools.win/en/guides/percentage-shortcuts-guide/,"index,follow (implicit)",yes,yes,2026-07-23,39,2,no,no,UNKNOWN,UNKNOWN,UNKNOWN,UNKNOWN,low,none,UNKNOWN,UNKNOWN,OBSERVE,No destructive decision without row-level evidence.
https://funnytools.win/en/guides/percentile-rank-guide/,en,guide,statistics,,200 live verified,200 local build,https://funnytools.win/en/guides/percentile-rank-guide/,"index,follow (implicit)",yes,yes,2026-06-25,42,2,no,no,UNKNOWN,UNKNOWN,UNKNOWN,UNKNOWN,low,none,UNKNOWN,UNKNOWN,OBSERVE,No destructive decision without row-level evidence.
https://funnytools.win/en/guides/photos-to-pdf-phone-guide/,en,guide,pdf,,200 live verified,200 local build,https://funnytools.win/en/guides/photos-to-pdf-phone-guide/,"index,follow (implicit)",yes,yes,2026-07-24,44,2,no,no,UNKNOWN,UNKNOWN,UNKNOWN,UNKNOWN,low,none,UNKNOWN,UNKNOWN,OBSERVE,No destructive decision without row-level evidence.
https://funnytools.win/en/guides/qr-code-accessible-fallback-guide/,en,guide,general,,200 live verified,200 local build,https://funnytools.win/en/guides/qr-code-accessible-fallback-guide/,"index,follow (implicit)",yes,yes,2026-09-03,41,2,no,no,UNKNOWN,UNKNOWN,UNKNOWN,UNKNOWN,low,none,UNKNOWN,UNKNOWN,OBSERVE,No destructive decision without row-level evidence.
https://funnytools.win/en/guides/qr-code-before-print-testing-guide/,en,guide,general,,200 live verified,200 local build,https://funnytools.win/en/guides/qr-code-before-print-testing-guide/,"index,follow (implicit)",yes,yes,2026-09-02,40,2,no,no,UNKNOWN,UNKNOWN,UNKNOWN,UNKNOWN,low,none,UNKNOWN,UNKNOWN,OBSERVE,No destructive decision without row-level evidence.
https://funnytools.win/en/guides/qr-code-classroom-guide/,en,guide,general,,200 live verified,200 local build,https://funnytools.win/en/guides/qr-code-classroom-guide/,"index,follow (implicit)",yes,yes,2026-07-22,39,2,no,no,UNKNOWN,UNKNOWN,UNKNOWN,UNKNOWN,low,none,UNKNOWN,UNKNOWN,OBSERVE,No destructive decision without row-level evidence.
https://funnytools.win/en/guides/qr-code-destination-change-log-guide/,en,guide,general,,200 live verified,200 local build,https://funnytools.win/en/guides/qr-code-destination-change-log-guide/,"index,follow (implicit)",yes,yes,2026-09-03,41,2,no,no,UNKNOWN,UNKNOWN,UNKNOWN,UNKNOWN,low,none,UNKNOWN,UNKNOWN,OBSERVE,No destructive decision without row-level evidence.
https://funnytools.win/en/guides/qr-code-event-page-expiry-guide/,en,guide,general,,200 live verified,200 local build,https://funnytools.win/en/guides/qr-code-event-page-expiry-guide/,"index,follow (implicit)",yes,yes,2026-09-03,41,2,no,no,UNKNOWN,UNKNOWN,UNKNOWN,UNKNOWN,low,none,UNKNOWN,UNKNOWN,OBSERVE,No destructive decision without row-level evidence.
https://funnytools.win/en/guides/qr-code-mobile-landing-page-guide/,en,guide,general,,200 live verified,200 local build,https://funnytools.win/en/guides/qr-code-mobile-landing-page-guide/,"index,follow (implicit)",yes,yes,2026-09-03,38,2,no,no,UNKNOWN,UNKNOWN,UNKNOWN,UNKNOWN,low,none,UNKNOWN,UNKNOWN,OBSERVE,No destructive decision without row-level evidence.
https://funnytools.win/en/guides/qr-code-multi-placement-consistency-guide/,en,guide,general,,200 live verified,200 local build,https://funnytools.win/en/guides/qr-code-multi-placement-consistency-guide/,"index,follow (implicit)",yes,yes,2026-09-03,41,2,no,no,UNKNOWN,UNKNOWN,UNKNOWN,UNKNOWN,low,none,UNKNOWN,UNKNOWN,OBSERVE,No destructive decision without row-level evidence.
https://funnytools.win/en/guides/qr-code-multilingual-switch-testing-guide/,en,guide,general,,200 live verified,200 local build,https://funnytools.win/en/guides/qr-code-multilingual-switch-testing-guide/,"index,follow (implicit)",yes,yes,2026-09-03,41,2,no,no,UNKNOWN,UNKNOWN,UNKNOWN,UNKNOWN,low,none,UNKNOWN,UNKNOWN,OBSERVE,No destructive decision without row-level evidence.
https://funnytools.win/en/guides/qr-code-payload-length-guide/,en,guide,general,,200 live verified,200 local build,https://funnytools.win/en/guides/qr-code-payload-length-guide/,"index,follow (implicit)",yes,yes,2026-09-03,40,2,no,no,UNKNOWN,UNKNOWN,UNKNOWN,UNKNOWN,low,none,UNKNOWN,UNKNOWN,OBSERVE,No destructive decision without row-level evidence.
https://funnytools.win/en/guides/qr-code-scan-failure-field-troubleshooting-guide/,en,guide,general,,200 live verified,200 local build,https://funnytools.win/en/guides/qr-code-scan-failure-field-troubleshooting-guide/,"index,follow (implicit)",yes,yes,2026-09-03,41,2,no,no,UNKNOWN,UNKNOWN,UNKNOWN,UNKNOWN,low,none,UNKNOWN,UNKNOWN,OBSERVE,No destructive decision without row-level evidence.
https://funnytools.win/en/guides/qr-code-utm-campaign-link-guide/,en,guide,general,,200 live verified,200 local build,https://funnytools.win/en/guides/qr-code-utm-campaign-link-guide/,"index,follow (implicit)",yes,yes,2026-09-03,40,2,no,no,UNKNOWN,UNKNOWN,UNKNOWN,UNKNOWN,low,none,UNKNOWN,UNKNOWN,OBSERVE,No destructive decision without row-level evidence.
https://funnytools.win/en/guides/seating-chart-changeover-routine-guide/,en,guide,drawing,,200 live verified,200 local build,https://funnytools.win/en/guides/seating-chart-changeover-routine-guide/,"index,follow (implicit)",yes,yes,2026-09-03,41,2,no,no,UNKNOWN,UNKNOWN,UNKNOWN,UNKNOWN,low,none,UNKNOWN,UNKNOWN,OBSERVE,No destructive decision without row-level evidence.
https://funnytools.win/en/guides/seating-chart-student-needs-intake-guide/,en,guide,drawing,,200 live verified,200 local build,https://funnytools.win/en/guides/seating-chart-student-needs-intake-guide/,"index,follow (implicit)",yes,yes,2026-09-03,41,2,no,no,UNKNOWN,UNKNOWN,UNKNOWN,UNKNOWN,low,none,UNKNOWN,UNKNOWN,OBSERVE,No destructive decision without row-level evidence.
https://funnytools.win/en/guides/split-pdf-output-naming-batch-delivery-guide/,en,guide,pdf,,200 live verified,200 local build,https://funnytools.win/en/guides/split-pdf-output-naming-batch-delivery-guide/,"index,follow (implicit)",yes,yes,2026-09-03,42,2,no,no,UNKNOWN,UNKNOWN,UNKNOWN,UNKNOWN,low,none,UNKNOWN,UNKNOWN,OBSERVE,No destructive decision without row-level evidence.
https://funnytools.win/en/guides/split-pdf-page-range-planning-guide/,en,guide,pdf,,200 live verified,200 local build,https://funnytools.win/en/guides/split-pdf-page-range-planning-guide/,"index,follow (implicit)",yes,yes,2026-09-03,42,2,no,no,UNKNOWN,UNKNOWN,UNKNOWN,UNKNOWN,low,none,UNKNOWN,UNKNOWN,OBSERVE,No destructive decision without row-level evidence.
https://funnytools.win/en/guides/spss-levene-test-guide/,en,guide,statistics,,200 live verified,200 local build,https://funnytools.win/en/guides/spss-levene-test-guide/,"index,follow (implicit)",yes,yes,2026-06-25,43,1,no,no,0,4,57.5,2026-08-13T13:21:28Z,low,none,UNKNOWN,UNKNOWN,OBSERVE,No destructive decision without row-level evidence.
https://funnytools.win/en/guides/t-score-calculator-guide/,en,guide,statistics,,200 live verified,200 local build,https://funnytools.win/en/guides/t-score-calculator-guide/,"index,follow (implicit)",yes,yes,2026-06-25,45,1,no,no,0,19,76.42105263157895,2026-08-19T08:46:34Z,high,none,UNKNOWN,measured relationship present,OBSERVE,No destructive decision without row-level evidence.
https://funnytools.win/en/guides/t-test-apa-format-guide/,en,guide,general,,200 live verified,200 local build,https://funnytools.win/en/guides/t-test-apa-format-guide/,"index,follow (implicit)",yes,yes,2026-06-25,40,1,no,no,0,32,77.625,2026-08-16T16:09:50Z,low,none,UNKNOWN,UNKNOWN,OBSERVE,No destructive decision without row-level evidence.
https://funnytools.win/en/guides/teacher-exam-weighted-score-guide/,en,guide,statistics,,200 live verified,200 local build,https://funnytools.win/en/guides/teacher-exam-weighted-score-guide/,"index,follow (implicit)",yes,yes,2026-06-25,43,1,no,no,0,2,39,2026-08-19T06:16:34Z,low,none,UNKNOWN,UNKNOWN,OBSERVE,No destructive decision without row-level evidence.
https://funnytools.win/en/guides/two-way-anova-interaction-guide/,en,guide,statistics,,200 live verified,200 local build,https://funnytools.win/en/guides/two-way-anova-interaction-guide/,"index,follow (implicit)",yes,yes,2026-06-25,41,2,no,no,UNKNOWN,UNKNOWN,UNKNOWN,UNKNOWN,low,none,UNKNOWN,UNKNOWN,OBSERVE,No destructive decision without row-level evidence.
https://funnytools.win/en/guides/word-count-essay-limits-guide/,en,guide,text,,200 live verified,200 local build,https://funnytools.win/en/guides/word-count-essay-limits-guide/,"index,follow (implicit)",yes,yes,2026-07-19,39,2,no,no,UNKNOWN,UNKNOWN,UNKNOWN,UNKNOWN,low,none,UNKNOWN,UNKNOWN,OBSERVE,No destructive decision without row-level evidence.
https://funnytools.win/en/guides/z-score-calculator-guide/,en,guide,statistics,,200 live verified,200 local build,https://funnytools.win/en/guides/z-score-calculator-guide/,"index,follow (implicit)",yes,yes,2026-06-25,43,1,no,no,0,1,79,2026-08-13T01:25:17Z,low,none,UNKNOWN,measured relationship present,OBSERVE,No destructive decision without row-level evidence.
https://funnytools.win/en/privacy/,en,legal,general,,200 live verified,200 local build,https://funnytools.win/en/privacy/,"index,follow (implicit)",yes,yes,2026-09-02,28,1,no,no,0,8,4.25,2026-08-18T14:01:33Z,low,none,UNKNOWN,UNKNOWN,PROTECT,"impressions=8, position=4.25"
https://funnytools.win/en/shop/,en,support,general,,200 live verified,200 local build,https://funnytools.win/en/shop/,"index, follow",yes,yes,2026-09-02,29,1,no,no,UNKNOWN,UNKNOWN,UNKNOWN,UNKNOWN,low,none,UNKNOWN,UNKNOWN,OBSERVE,No destructive decision without row-level evidence.
https://funnytools.win/en/support/,en,support,general,,200 live verified,200 local build,https://funnytools.win/en/support/,"index, follow",yes,yes,2026-09-02,30,1,no,no,0,5,5.4,2026-07-31T03:45:52Z,low,none,UNKNOWN,UNKNOWN,PROTECT,"impressions=5, position=5.4"
https://funnytools.win/en/terms/,en,legal,general,,200 live verified,200 local build,https://funnytools.win/en/terms/,"index,follow (implicit)",yes,yes,2026-07-31,27,1,no,no,0,7,3,2026-08-22T01:03:55Z,low,none,UNKNOWN,UNKNOWN,PROTECT,"impressions=7, position=3"
https://funnytools.win/en/tools/,en,hub,general,,200 live verified,200 local build,https://funnytools.win/en/tools/,"index,follow (implicit)",yes,yes,2026-09-02,131,1,no,no,0,17,4.117647058823529,2026-08-19T15:44:57Z,low,none,UNKNOWN,UNKNOWN,PROTECT,"impressions=17, position=4.117647058823529"
https://funnytools.win/en/tools/age-calculator/,en,tool,time,age-calculator,200 live verified,200 local build,https://funnytools.win/en/tools/age-calculator/,"index,follow (implicit)",yes,yes,2026-09-03,42,1,no,no,UNKNOWN,UNKNOWN,UNKNOWN,UNKNOWN,low,none,yes,UNKNOWN,KEEP_INDEXABLE,Functional tool; zero traffic alone is not a pruning reason.
https://funnytools.win/en/tools/apa-7-report-generator/,en,tool,statistics,apa-7-report-generator,200 live verified,200 local build,https://funnytools.win/en/tools/apa-7-report-generator/,"index,follow (implicit)",yes,yes,2026-09-03,46,1,no,no,UNKNOWN,UNKNOWN,UNKNOWN,UNKNOWN,low,none,yes,measured relationship present,KEEP_INDEXABLE,Functional tool; zero traffic alone is not a pruning reason.
https://funnytools.win/en/tools/bar-chart-maker/,en,tool,draw,bar-chart-maker,200 live verified,200 local build,https://funnytools.win/en/tools/bar-chart-maker/,"index,follow (implicit)",yes,yes,2026-09-03,43,1,no,no,UNKNOWN,UNKNOWN,UNKNOWN,UNKNOWN,low,none,yes,UNKNOWN,KEEP_INDEXABLE,Functional tool; zero traffic alone is not a pruning reason.
https://funnytools.win/en/tools/barcode-generator/,en,tool,image,barcode-generator,200 live verified,200 local build,https://funnytools.win/en/tools/barcode-generator/,"index,follow (implicit)",yes,yes,2026-09-03,44,1,no,no,UNKNOWN,UNKNOWN,UNKNOWN,UNKNOWN,low,none,yes,UNKNOWN,KEEP_INDEXABLE,Functional tool; zero traffic alone is not a pruning reason.
https://funnytools.win/en/tools/base64/,en,tool,text,base64,200 live verified,200 local build,https://funnytools.win/en/tools/base64/,"index,follow (implicit)",yes,yes,2026-09-03,42,1,no,no,UNKNOWN,UNKNOWN,UNKNOWN,2026-08-21T10:00:39Z,low,none,yes,UNKNOWN,KEEP_INDEXABLE,Functional tool; zero traffic alone is not a pruning reason.
https://funnytools.win/en/tools/break-reminder/,en,tool,time,break-reminder,200 live verified,200 local build,https://funnytools.win/en/tools/break-reminder/,"index,follow (implicit)",yes,yes,2026-09-03,42,1,no,no,0,4,19.25,2026-08-19T16:16:15Z,low,none,yes,UNKNOWN,KEEP_INDEXABLE,Functional tool; zero traffic alone is not a pruning reason.
https://funnytools.win/en/tools/bulk-image-compressor/,en,tool,image,bulk-image-compressor,200 live verified,200 local build,https://funnytools.win/en/tools/bulk-image-compressor/,"index,follow (implicit)",yes,yes,2026-09-03,40,1,no,no,UNKNOWN,UNKNOWN,UNKNOWN,UNKNOWN,low,none,yes,UNKNOWN,KEEP_INDEXABLE,Functional tool; zero traffic alone is not a pruning reason.
https://funnytools.win/en/tools/business-days/,en,tool,time,business-days,200 live verified,200 local build,https://funnytools.win/en/tools/business-days/,"index,follow (implicit)",yes,yes,2026-09-03,43,1,no,no,0,2,8,2026-08-21T17:43:31Z,low,none,yes,UNKNOWN,KEEP_INDEXABLE,Functional tool; zero traffic alone is not a pruning reason.
https://funnytools.win/en/tools/cad-2d/,en,tool,draw,cad-2d,200 live verified,200 local build,https://funnytools.win/en/tools/cad-2d/,"index,follow (implicit)",yes,yes,2026-09-03,44,1,yes,no,0,330,59.448484848484846,2026-08-23T05:32:30Z,low,none,yes,UNKNOWN,PROTECT,Phase 2B treatment P2B-01; Phase 2B treatment P2B-01
https://funnytools.win/en/tools/case-converter/,en,tool,text,case-converter,200 live verified,200 local build,https://funnytools.win/en/tools/case-converter/,"index,follow (implicit)",yes,yes,2026-09-03,45,1,no,no,0,5,5.6,2026-08-15T19:02:53Z,low,none,yes,UNKNOWN,PROTECT,"impressions=5, position=5.6"
https://funnytools.win/en/tools/character-counter/,en,tool,text,character-counter,200 live verified,200 local build,https://funnytools.win/en/tools/character-counter/,"index,follow (implicit)",yes,yes,2026-09-03,48,1,no,no,0,20,45.1,2026-08-17T18:59:30Z,low,none,yes,UNKNOWN,KEEP_INDEXABLE,Functional tool; zero traffic alone is not a pruning reason.
https://funnytools.win/en/tools/class-rank-percentile-calculator/,en,tool,statistics,class-rank-percentile-calculator,200 live verified,200 local build,https://funnytools.win/en/tools/class-rank-percentile-calculator/,"index,follow (implicit)",yes,yes,2026-09-10,42,1,yes,no,0,2,6.5,2026-08-17T03:08:52Z,low,none,yes,measured relationship present,PROTECT,Phase 2B treatment P2B-02; Phase 2B treatment P2B-02
https://funnytools.win/en/tools/color-generator/,en,tool,random,color-generator,200 live verified,200 local build,https://funnytools.win/en/tools/color-generator/,"index,follow (implicit)",yes,yes,2026-09-03,43,1,no,no,0,4,6.5,2026-08-21T07:02:39Z,low,none,yes,UNKNOWN,KEEP_INDEXABLE,Functional tool; zero traffic alone is not a pruning reason.
https://funnytools.win/en/tools/compound-interest/,en,tool,money,compound-interest,200 live verified,200 local build,https://funnytools.win/en/tools/compound-interest/,"index,follow (implicit)",yes,yes,2026-09-03,42,1,yes,no,0,1,4,2026-08-17T16:28:57Z,low,none,yes,UNKNOWN,PROTECT,Phase 2B treatment P2B-03; Phase 2B treatment P2B-03
https://funnytools.win/en/tools/countdown-timer/,en,tool,time,countdown-timer,200 live verified,200 local build,https://funnytools.win/en/tools/countdown-timer/,"index,follow (implicit)",yes,yes,2026-09-03,48,1,no,no,0,2,2.5,2026-08-07T14:09:21Z,low,none,yes,UNKNOWN,KEEP_INDEXABLE,Functional tool; zero traffic alone is not a pruning reason.
https://funnytools.win/en/tools/cronbach-alpha-calculator/,en,tool,statistics,cronbach-alpha-calculator,200 live verified,200 local build,https://funnytools.win/en/tools/cronbach-alpha-calculator/,"index,follow (implicit)",yes,yes,2026-09-03,41,1,yes,no,0,2,41,2026-08-02T13:44:13Z,low,none,yes,UNKNOWN,PROTECT,Phase 2B treatment P2B-04; Phase 2B treatment P2B-04
https://funnytools.win/en/tools/csv-to-json/,en,tool,text,csv-to-json,200 live verified,200 local build,https://funnytools.win/en/tools/csv-to-json/,"index,follow (implicit)",yes,yes,2026-09-03,45,1,no,no,UNKNOWN,UNKNOWN,UNKNOWN,2026-08-18T21:52:26Z,low,none,yes,measured relationship present,KEEP_INDEXABLE,Functional tool; zero traffic alone is not a pruning reason.
https://funnytools.win/en/tools/date-difference/,en,tool,time,date-difference,200 live verified,200 local build,https://funnytools.win/en/tools/date-difference/,"index,follow (implicit)",yes,yes,2026-09-03,43,1,no,no,0,1,9,2026-08-15T17:47:51Z,low,none,yes,UNKNOWN,KEEP_INDEXABLE,Functional tool; zero traffic alone is not a pruning reason.
https://funnytools.win/en/tools/delete-pdf-pages/,en,tool,pdf,delete-pdf-pages,200 live verified,200 local build,https://funnytools.win/en/tools/delete-pdf-pages/,"index,follow (implicit)",yes,yes,2026-09-04,43,1,no,no,0,1,10,2026-08-15T18:25:24Z,high,none,yes,measured relationship present,KEEP_INDEXABLE,Functional tool; zero traffic alone is not a pruning reason.
https://funnytools.win/en/tools/dice-roller/,en,tool,random,dice-roller,200 live verified,200 local build,https://funnytools.win/en/tools/dice-roller/,"index,follow (implicit)",yes,yes,2026-09-03,44,1,no,no,0,5,6.2,2026-08-19T08:09:04Z,low,none,yes,UNKNOWN,PROTECT,"impressions=5, position=6.2"
https://funnytools.win/en/tools/extract-pdf-pages/,en,tool,pdf,extract-pdf-pages,200 live verified,200 local build,https://funnytools.win/en/tools/extract-pdf-pages/,"index,follow (implicit)",yes,yes,2026-09-04,46,1,no,no,0,9,29.333333333333332,2026-08-23T03:53:01Z,high,none,yes,measured relationship present,KEEP_INDEXABLE,Functional tool; zero traffic alone is not a pruning reason.
https://funnytools.win/en/tools/flowchart/,en,tool,draw,flowchart,200 live verified,200 local build,https://funnytools.win/en/tools/flowchart/,"index,follow (implicit)",yes,yes,2026-09-03,42,1,no,yes,0,1,74,2026-08-17T18:52:21Z,low,none,yes,UNKNOWN,PROTECT,Phase 2B control P2B-01; Phase 2B control P2B-01
https://funnytools.win/en/tools/gpa-calculator/,en,tool,study,gpa-calculator,200 live verified,200 local build,https://funnytools.win/en/tools/gpa-calculator/,"index,follow (implicit)",yes,yes,2026-09-04,42,1,no,no,0,2,6.5,2026-08-01T01:53:18Z,low,none,yes,UNKNOWN,KEEP_INDEXABLE,Functional tool; zero traffic alone is not a pruning reason.
https://funnytools.win/en/tools/grade-average/,en,tool,statistics,grade-average,200 live verified,200 local build,https://funnytools.win/en/tools/grade-average/,"index,follow (implicit)",yes,yes,2026-09-10,43,1,no,yes,0,25,44.04,2026-08-04T18:35:57Z,low,none,yes,UNKNOWN,PROTECT,Phase 2B control P2B-04; Phase 2B control P2B-04
https://funnytools.win/en/tools/group-generator/,en,tool,study,group-generator,200 live verified,200 local build,https://funnytools.win/en/tools/group-generator/,"index,follow (implicit)",yes,yes,2026-09-03,47,1,no,no,0,17,43.35294117647059,2026-08-17T06:37:54Z,low,none,yes,measured relationship present,KEEP_INDEXABLE,Functional tool; zero traffic alone is not a pruning reason.
https://funnytools.win/en/tools/image-compressor/,en,tool,image,image-compressor,200 live verified,200 local build,https://funnytools.win/en/tools/image-compressor/,"index,follow (implicit)",yes,yes,2026-09-03,48,1,no,no,UNKNOWN,UNKNOWN,UNKNOWN,2026-07-05T23:14:53Z,low,none,yes,UNKNOWN,KEEP_INDEXABLE,Functional tool; zero traffic alone is not a pruning reason.
https://funnytools.win/en/tools/image-crop/,en,tool,image,image-crop,200 live verified,200 local build,https://funnytools.win/en/tools/image-crop/,"index,follow (implicit)",yes,yes,2026-09-03,46,1,no,no,0,11,5,2026-08-15T02:56:00Z,low,none,yes,UNKNOWN,PROTECT,"impressions=11, position=5"
https://funnytools.win/en/tools/image-resizer/,en,tool,image,image-resizer,200 live verified,200 local build,https://funnytools.win/en/tools/image-resizer/,"index,follow (implicit)",yes,yes,2026-09-03,47,1,no,no,UNKNOWN,UNKNOWN,UNKNOWN,UNKNOWN,low,none,yes,UNKNOWN,KEEP_INDEXABLE,Functional tool; zero traffic alone is not a pruning reason.
https://funnytools.win/en/tools/image-rotate-flip/,en,tool,image,image-rotate-flip,200 live verified,200 local build,https://funnytools.win/en/tools/image-rotate-flip/,"index,follow (implicit)",yes,yes,2026-09-03,43,1,no,no,0,2,5.5,2026-08-19T11:54:04Z,low,none,yes,UNKNOWN,KEEP_INDEXABLE,Functional tool; zero traffic alone is not a pruning reason.
https://funnytools.win/en/tools/image-to-base64/,en,tool,image,image-to-base64,200 live verified,200 local build,https://funnytools.win/en/tools/image-to-base64/,"index,follow (implicit)",yes,yes,2026-09-03,43,1,no,no,0,4,4,2026-08-22T01:17:23Z,low,none,yes,UNKNOWN,KEEP_INDEXABLE,Functional tool; zero traffic alone is not a pruning reason.
https://funnytools.win/en/tools/image-to-dxf/,en,tool,draw,image-to-dxf,200 live verified,200 local build,https://funnytools.win/en/tools/image-to-dxf/,"index,follow (implicit)",yes,yes,2026-09-03,40,1,no,no,UNKNOWN,UNKNOWN,UNKNOWN,UNKNOWN,low,none,yes,UNKNOWN,KEEP_INDEXABLE,Functional tool; zero traffic alone is not a pruning reason.
https://funnytools.win/en/tools/images-to-pdf/,en,tool,pdf,images-to-pdf,200 live verified,200 local build,https://funnytools.win/en/tools/images-to-pdf/,"index,follow (implicit)",yes,yes,2026-09-04,46,1,no,no,UNKNOWN,UNKNOWN,UNKNOWN,2026-08-25T01:58:19Z,low,none,yes,UNKNOWN,KEEP_INDEXABLE,Functional tool; zero traffic alone is not a pruning reason.
https://funnytools.win/en/tools/independent-samples-t-test-calculator/,en,tool,statistics,independent-samples-t-test-calculator,200 live verified,200 local build,https://funnytools.win/en/tools/independent-samples-t-test-calculator/,"index,follow (implicit)",yes,yes,2026-09-10,43,1,no,no,UNKNOWN,UNKNOWN,UNKNOWN,2026-08-18T21:26:39Z,low,none,yes,UNKNOWN,KEEP_INDEXABLE,Functional tool; zero traffic alone is not a pruning reason.
https://funnytools.win/en/tools/inflation/,en,tool,money,inflation,200 live verified,200 local build,https://funnytools.win/en/tools/inflation/,"index,follow (implicit)",yes,yes,2026-09-04,42,1,no,no,UNKNOWN,UNKNOWN,UNKNOWN,2026-08-21T05:56:54Z,low,none,yes,UNKNOWN,KEEP_INDEXABLE,Functional tool; zero traffic alone is not a pruning reason.
https://funnytools.win/en/tools/jpg-to-png/,en,tool,image,jpg-to-png,200 live verified,200 local build,https://funnytools.win/en/tools/jpg-to-png/,"index,follow (implicit)",yes,yes,2026-09-03,42,1,no,no,0,1,5,2026-08-17T08:17:53Z,high,none,yes,measured relationship present,KEEP_INDEXABLE,Functional tool; zero traffic alone is not a pruning reason.
https://funnytools.win/en/tools/jpg-to-webp/,en,tool,image,jpg-to-webp,200 live verified,200 local build,https://funnytools.win/en/tools/jpg-to-webp/,"index,follow (implicit)",yes,yes,2026-09-03,44,1,no,no,0,5,1.8,2026-08-15T02:56:01Z,high,none,yes,measured relationship present,PROTECT,"impressions=5, position=1.8"
https://funnytools.win/en/tools/json-formatter/,en,tool,text,json-formatter,200 live verified,200 local build,https://funnytools.win/en/tools/json-formatter/,"index,follow (implicit)",yes,yes,2026-09-03,45,1,no,no,UNKNOWN,UNKNOWN,UNKNOWN,2026-08-08T07:35:58Z,low,none,yes,UNKNOWN,KEEP_INDEXABLE,Functional tool; zero traffic alone is not a pruning reason.
https://funnytools.win/en/tools/json-to-csv/,en,tool,text,json-to-csv,200 live verified,200 local build,https://funnytools.win/en/tools/json-to-csv/,"index,follow (implicit)",yes,yes,2026-09-03,43,1,no,no,0,1,10,2026-08-16T23:48:03Z,low,none,yes,measured relationship present,KEEP_INDEXABLE,Functional tool; zero traffic alone is not a pruning reason.
https://funnytools.win/en/tools/markdown-previewer/,en,tool,text,markdown-previewer,200 live verified,200 local build,https://funnytools.win/en/tools/markdown-previewer/,"index,follow (implicit)",yes,yes,2026-09-03,42,1,no,no,0,5,12.8,2026-08-16T06:19:10Z,low,none,yes,UNKNOWN,PROTECT,"impressions=5, position=12.8"
https://funnytools.win/en/tools/merge-pdf/,en,tool,pdf,merge-pdf,200 live verified,200 local build,https://funnytools.win/en/tools/merge-pdf/,"index,follow (implicit)",yes,yes,2026-09-03,48,1,no,no,UNKNOWN,UNKNOWN,UNKNOWN,2026-08-23T03:32:46Z,low,none,yes,UNKNOWN,KEEP_INDEXABLE,Functional tool; zero traffic alone is not a pruning reason.
https://funnytools.win/en/tools/mortgage-payment/,en,tool,money,mortgage-payment,200 live verified,200 local build,https://funnytools.win/en/tools/mortgage-payment/,"index,follow (implicit)",yes,yes,2026-09-03,42,1,no,no,UNKNOWN,UNKNOWN,UNKNOWN,2026-08-23T21:52:06Z,low,none,yes,UNKNOWN,KEEP_INDEXABLE,Functional tool; zero traffic alone is not a pruning reason.
https://funnytools.win/en/tools/net-salary/,en,tool,money,net-salary,200 live verified,200 local build,https://funnytools.win/en/tools/net-salary/,"index,follow (implicit)",yes,yes,2026-09-03,42,1,no,yes,0,1,10,2026-08-17T07:34:16Z,low,none,yes,UNKNOWN,PROTECT,Phase 2B control P2B-03; Phase 2B control P2B-03
https://funnytools.win/en/tools/normalized-score-converter/,en,tool,statistics,normalized-score-converter,200 live verified,200 local build,https://funnytools.win/en/tools/normalized-score-converter/,"index,follow (implicit)",yes,yes,2026-09-03,41,1,no,yes,0,3,33.333333333333336,2026-08-16T14:05:36Z,low,none,yes,measured relationship present,PROTECT,Phase 2B control P2B-02; Phase 2B control P2B-02
https://funnytools.win/en/tools/overtime-pay/,en,tool,money,overtime-pay,200 live verified,200 local build,https://funnytools.win/en/tools/overtime-pay/,"index,follow (implicit)",yes,yes,2026-09-03,42,1,no,no,0,1,6,2026-07-31T12:40:38Z,low,none,yes,UNKNOWN,KEEP_INDEXABLE,Functional tool; zero traffic alone is not a pruning reason.
https://funnytools.win/en/tools/password-generator/,en,tool,random,password-generator,200 live verified,200 local build,https://funnytools.win/en/tools/password-generator/,"index,follow (implicit)",yes,yes,2026-09-03,42,1,no,no,0,5,6.2,2026-08-18T03:32:25Z,low,none,yes,UNKNOWN,PROTECT,"impressions=5, position=6.2"
https://funnytools.win/en/tools/pdf-compressor/,en,tool,pdf,pdf-compressor,200 live verified,200 local build,https://funnytools.win/en/tools/pdf-compressor/,"index,follow (implicit)",yes,yes,2026-09-03,48,1,no,no,0,7,6.714285714285714,2026-08-17T02:44:22Z,low,none,yes,UNKNOWN,PROTECT,"impressions=7, position=6.714285714285714"
https://funnytools.win/en/tools/pdf-page-reorder/,en,tool,pdf,pdf-page-reorder,200 live verified,200 local build,https://funnytools.win/en/tools/pdf-page-reorder/,"index,follow (implicit)",yes,yes,2026-09-03,46,1,no,no,0,3,9.333333333333334,2026-08-18T05:19:26Z,low,none,yes,UNKNOWN,KEEP_INDEXABLE,Functional tool; zero traffic alone is not a pruning reason.
https://funnytools.win/en/tools/pdf-table-to-excel/,en,tool,pdf,pdf-table-to-excel,200 live verified,200 local build,https://funnytools.win/en/tools/pdf-table-to-excel/,"index,follow (implicit)",yes,yes,2026-09-03,42,1,no,no,UNKNOWN,UNKNOWN,UNKNOWN,UNKNOWN,low,none,yes,UNKNOWN,KEEP_INDEXABLE,Functional tool; zero traffic alone is not a pruning reason.
https://funnytools.win/en/tools/pdf-to-image/,en,tool,pdf,pdf-to-image,200 live verified,200 local build,https://funnytools.win/en/tools/pdf-to-image/,"index,follow (implicit)",yes,yes,2026-09-03,46,1,no,no,UNKNOWN,UNKNOWN,UNKNOWN,UNKNOWN,low,none,yes,UNKNOWN,KEEP_INDEXABLE,Functional tool; zero traffic alone is not a pruning reason.
https://funnytools.win/en/tools/pdf-to-word/,en,tool,pdf,pdf-to-word,200 live verified,200 local build,https://funnytools.win/en/tools/pdf-to-word/,"index,follow (implicit)",yes,yes,2026-09-03,44,1,no,no,UNKNOWN,UNKNOWN,UNKNOWN,UNKNOWN,low,none,yes,UNKNOWN,KEEP_INDEXABLE,Functional tool; zero traffic alone is not a pruning reason.
https://funnytools.win/en/tools/percentage-calculator/,en,tool,statistics,percentage-calculator,200 live verified,200 local build,https://funnytools.win/en/tools/percentage-calculator/,"index,follow (implicit)",yes,yes,2026-09-03,43,1,yes,no,0,2,2.5,2026-08-10T03:14:36Z,low,none,yes,UNKNOWN,PROTECT,Phase 2B treatment P2B-05; Phase 2B treatment P2B-05
https://funnytools.win/en/tools/percentile-rank-calculator/,en,tool,statistics,percentile-rank-calculator,200 live verified,200 local build,https://funnytools.win/en/tools/percentile-rank-calculator/,"index,follow (implicit)",yes,yes,2026-09-03,44,1,no,yes,0,2,5.5,2026-08-09T16:58:09Z,low,none,yes,measured relationship present,PROTECT,Phase 2B control P2B-05; Phase 2B control P2B-05
https://funnytools.win/en/tools/pie-chart-maker/,en,tool,draw,pie-chart-maker,200 live verified,200 local build,https://funnytools.win/en/tools/pie-chart-maker/,"index,follow (implicit)",yes,yes,2026-09-03,43,1,no,no,UNKNOWN,UNKNOWN,UNKNOWN,2026-08-22T02:36:59Z,low,none,yes,UNKNOWN,KEEP_INDEXABLE,Functional tool; zero traffic alone is not a pruning reason.
https://funnytools.win/en/tools/png-to-jpg/,en,tool,image,png-to-jpg,200 live verified,200 local build,https://funnytools.win/en/tools/png-to-jpg/,"index,follow (implicit)",yes,yes,2026-09-03,44,1,no,no,0,2,8,2026-07-30T07:49:21Z,high,none,yes,measured relationship present,KEEP_INDEXABLE,Functional tool; zero traffic alone is not a pruning reason.
https://funnytools.win/en/tools/pomodoro-timer/,en,tool,time,pomodoro-timer,200 live verified,200 local build,https://funnytools.win/en/tools/pomodoro-timer/,"index,follow (implicit)",yes,yes,2026-09-03,43,1,no,no,UNKNOWN,UNKNOWN,UNKNOWN,UNKNOWN,low,none,yes,UNKNOWN,KEEP_INDEXABLE,Functional tool; zero traffic alone is not a pruning reason.
https://funnytools.win/en/tools/qr-code-generator/,en,tool,image,qr-code-generator,200 live verified,200 local build,https://funnytools.win/en/tools/qr-code-generator/,"index,follow (implicit)",yes,yes,2026-09-03,49,1,no,no,UNKNOWN,UNKNOWN,UNKNOWN,UNKNOWN,low,none,yes,UNKNOWN,KEEP_INDEXABLE,Functional tool; zero traffic alone is not a pruning reason.
https://funnytools.win/en/tools/random-group-generator/,en,tool,random,random-group-generator,200 live verified,200 local build,https://funnytools.win/en/tools/random-group-generator/,"index,follow (implicit)",yes,yes,2026-09-03,47,1,no,no,UNKNOWN,UNKNOWN,UNKNOWN,UNKNOWN,low,none,yes,measured relationship present,KEEP_INDEXABLE,Functional tool; zero traffic alone is not a pruning reason.
https://funnytools.win/en/tools/random-name-picker/,en,tool,random,random-name-picker,200 live verified,200 local build,https://funnytools.win/en/tools/random-name-picker/,"index,follow (implicit)",yes,yes,2026-09-03,46,1,no,no,0,6,3.8333333333333335,2026-08-22T01:03:54Z,low,none,yes,UNKNOWN,PROTECT,"impressions=6, position=3.8333333333333335"
https://funnytools.win/en/tools/random-number-picker/,en,tool,random,random-number-picker,200 live verified,200 local build,https://funnytools.win/en/tools/random-number-picker/,"index,follow (implicit)",yes,yes,2026-09-03,42,1,no,no,0,7,11.714285714285714,2026-08-01T01:53:16Z,low,none,yes,UNKNOWN,PROTECT,"impressions=7, position=11.714285714285714"
https://funnytools.win/en/tools/random-student-picker/,en,tool,study,random-student-picker,200 live verified,200 local build,https://funnytools.win/en/tools/random-student-picker/,"index,follow (implicit)",yes,yes,2026-09-03,47,1,no,no,UNKNOWN,UNKNOWN,UNKNOWN,UNKNOWN,low,none,yes,UNKNOWN,KEEP_INDEXABLE,Functional tool; zero traffic alone is not a pruning reason.
https://funnytools.win/en/tools/random-wheel/,en,tool,random,random-wheel,200 live verified,200 local build,https://funnytools.win/en/tools/random-wheel/,"index,follow (implicit)",yes,yes,2026-09-03,45,1,no,no,0,8,12.125,2026-08-09T20:43:09Z,low,none,yes,UNKNOWN,PROTECT,"impressions=8, position=12.125"
https://funnytools.win/en/tools/remove-duplicate-lines/,en,tool,text,remove-duplicate-lines,200 live verified,200 local build,https://funnytools.win/en/tools/remove-duplicate-lines/,"index,follow (implicit)",yes,yes,2026-09-03,42,1,no,no,0,1,8,2026-08-18T22:00:49Z,low,none,yes,UNKNOWN,KEEP_INDEXABLE,Functional tool; zero traffic alone is not a pruning reason.
https://funnytools.win/en/tools/remove-empty-lines/,en,tool,text,remove-empty-lines,200 live verified,200 local build,https://funnytools.win/en/tools/remove-empty-lines/,"index,follow (implicit)",yes,yes,2026-09-03,42,1,no,no,0,1,5,2026-08-21T10:57:53Z,low,none,yes,UNKNOWN,KEEP_INDEXABLE,Functional tool; zero traffic alone is not a pruning reason.
https://funnytools.win/en/tools/rotate-pdf/,en,tool,pdf,rotate-pdf,200 live verified,200 local build,https://funnytools.win/en/tools/rotate-pdf/,"index,follow (implicit)",yes,yes,2026-09-03,43,1,no,no,UNKNOWN,UNKNOWN,UNKNOWN,UNKNOWN,low,none,yes,UNKNOWN,KEEP_INDEXABLE,Functional tool; zero traffic alone is not a pruning reason.
https://funnytools.win/en/tools/savings-goal/,en,tool,money,savings-goal,200 live verified,200 local build,https://funnytools.win/en/tools/savings-goal/,"index,follow (implicit)",yes,yes,2026-09-03,42,1,no,no,0,15,49.733333333333334,2026-08-03T14:43:23Z,low,none,yes,UNKNOWN,KEEP_INDEXABLE,Functional tool; zero traffic alone is not a pruning reason.
https://funnytools.win/en/tools/seating-chart/,en,tool,study,seating-chart,200 live verified,200 local build,https://funnytools.win/en/tools/seating-chart/,"index,follow (implicit)",yes,yes,2026-09-03,47,1,no,no,UNKNOWN,UNKNOWN,UNKNOWN,2026-08-23T16:44:46Z,low,none,yes,UNKNOWN,KEEP_INDEXABLE,Functional tool; zero traffic alone is not a pruning reason.
https://funnytools.win/en/tools/sketchpad/,en,tool,draw,sketchpad,200 live verified,200 local build,https://funnytools.win/en/tools/sketchpad/,"index,follow (implicit)",yes,yes,2026-09-03,43,1,no,no,0,8,39.375,2026-07-18T18:47:00Z,low,none,yes,UNKNOWN,KEEP_INDEXABLE,Functional tool; zero traffic alone is not a pruning reason.
https://funnytools.win/en/tools/sort-lines/,en,tool,text,sort-lines,200 live verified,200 local build,https://funnytools.win/en/tools/sort-lines/,"index,follow (implicit)",yes,yes,2026-09-03,42,1,no,no,0,2,6.5,2026-07-31T14:56:14Z,low,none,yes,UNKNOWN,KEEP_INDEXABLE,Functional tool; zero traffic alone is not a pruning reason.
https://funnytools.win/en/tools/split-pdf/,en,tool,pdf,split-pdf,200 live verified,200 local build,https://funnytools.win/en/tools/split-pdf/,"index,follow (implicit)",yes,yes,2026-09-03,48,1,no,no,UNKNOWN,UNKNOWN,UNKNOWN,2026-08-18T02:22:46Z,low,none,yes,UNKNOWN,KEEP_INDEXABLE,Functional tool; zero traffic alone is not a pruning reason.
https://funnytools.win/en/tools/spss-result-interpreter/,en,tool,statistics,spss-result-interpreter,200 live verified,200 local build,https://funnytools.win/en/tools/spss-result-interpreter/,"index,follow (implicit)",yes,yes,2026-09-03,46,1,no,no,UNKNOWN,UNKNOWN,UNKNOWN,UNKNOWN,low,none,yes,measured relationship present,KEEP_INDEXABLE,Functional tool; zero traffic alone is not a pruning reason.
https://funnytools.win/en/tools/standard-deviation/,en,tool,statistics,standard-deviation,200 live verified,200 local build,https://funnytools.win/en/tools/standard-deviation/,"index,follow (implicit)",yes,yes,2026-09-03,45,1,no,no,UNKNOWN,UNKNOWN,UNKNOWN,2026-08-06T15:49:20Z,low,none,yes,measured relationship present,KEEP_INDEXABLE,Functional tool; zero traffic alone is not a pruning reason.
https://funnytools.win/en/tools/stopwatch/,en,tool,time,stopwatch,200 live verified,200 local build,https://funnytools.win/en/tools/stopwatch/,"index,follow (implicit)",yes,yes,2026-09-03,42,1,no,no,UNKNOWN,UNKNOWN,UNKNOWN,UNKNOWN,low,none,yes,UNKNOWN,KEEP_INDEXABLE,Functional tool; zero traffic alone is not a pruning reason.
https://funnytools.win/en/tools/t-score-calculator/,en,tool,statistics,t-score-calculator,200 live verified,200 local build,https://funnytools.win/en/tools/t-score-calculator/,"index,follow (implicit)",yes,yes,2026-09-03,48,1,no,no,0,4,30.75,2026-08-19T18:35:58Z,high,none,yes,measured relationship present,KEEP_INDEXABLE,Functional tool; zero traffic alone is not a pruning reason.
https://funnytools.win/en/tools/teacher-exam-score-converter/,en,tool,statistics,teacher-exam-score-converter,200 live verified,200 local build,https://funnytools.win/en/tools/teacher-exam-score-converter/,"index,follow (implicit)",yes,yes,2026-09-03,44,1,no,no,0,8,22.75,2026-08-13T17:06:13Z,low,none,yes,measured relationship present,KEEP_INDEXABLE,Functional tool; zero traffic alone is not a pruning reason.
https://funnytools.win/en/tools/this-or-that/,en,tool,random,this-or-that,200 live verified,200 local build,https://funnytools.win/en/tools/this-or-that/,"index,follow (implicit)",yes,yes,2026-09-03,43,1,no,no,1,32,16.34375,2026-08-18T22:17:36Z,low,none,yes,UNKNOWN,PROTECT,"historical clicks=1; impressions=32, position=16.34375"
https://funnytools.win/en/tools/timestamp-converter/,en,tool,time,timestamp-converter,200 live verified,200 local build,https://funnytools.win/en/tools/timestamp-converter/,"index,follow (implicit)",yes,yes,2026-09-03,42,1,no,no,UNKNOWN,UNKNOWN,UNKNOWN,2026-08-17T14:30:20Z,low,none,yes,UNKNOWN,KEEP_INDEXABLE,Functional tool; zero traffic alone is not a pruning reason.
https://funnytools.win/en/tools/url-encoder/,en,tool,text,url-encoder,200 live verified,200 local build,https://funnytools.win/en/tools/url-encoder/,"index,follow (implicit)",yes,yes,2026-09-03,46,1,no,no,0,3,7,2026-08-13T19:08:39Z,low,none,yes,UNKNOWN,KEEP_INDEXABLE,Functional tool; zero traffic alone is not a pruning reason.
https://funnytools.win/en/tools/uuid-generator/,en,tool,random,uuid-generator,200 live verified,200 local build,https://funnytools.win/en/tools/uuid-generator/,"index,follow (implicit)",yes,yes,2026-09-03,42,1,no,no,UNKNOWN,UNKNOWN,UNKNOWN,2026-09-07T02:36:47Z,low,none,yes,UNKNOWN,KEEP_INDEXABLE,Functional tool; zero traffic alone is not a pruning reason.
https://funnytools.win/en/tools/webp-to-jpg/,en,tool,image,webp-to-jpg,200 live verified,200 local build,https://funnytools.win/en/tools/webp-to-jpg/,"index,follow (implicit)",yes,yes,2026-09-03,42,1,no,no,0,1,7,2026-08-14T05:56:13Z,high,none,yes,measured relationship present,KEEP_INDEXABLE,Functional tool; zero traffic alone is not a pruning reason.
https://funnytools.win/en/tools/weighted-average-calculator/,en,tool,statistics,weighted-average-calculator,200 live verified,200 local build,https://funnytools.win/en/tools/weighted-average-calculator/,"index,follow (implicit)",yes,yes,2026-09-03,45,1,no,no,0,1,5,2026-08-17T06:07:54Z,low,none,yes,measured relationship present,KEEP_INDEXABLE,Functional tool; zero traffic alone is not a pruning reason.
https://funnytools.win/en/tools/what-to-eat/,en,tool,random,what-to-eat,200 live verified,200 local build,https://funnytools.win/en/tools/what-to-eat/,"index,follow (implicit)",yes,yes,2026-09-03,43,1,no,no,0,6,18.833333333333332,2026-08-19T10:01:34Z,low,none,yes,UNKNOWN,PROTECT,"impressions=6, position=18.833333333333332"
https://funnytools.win/en/tools/word-counter/,en,tool,text,word-counter,200 live verified,200 local build,https://funnytools.win/en/tools/word-counter/,"index,follow (implicit)",yes,yes,2026-09-03,45,1,no,no,0,4,14.75,2026-08-10T03:10:56Z,low,none,yes,UNKNOWN,KEEP_INDEXABLE,Functional tool; zero traffic alone is not a pruning reason.
https://funnytools.win/en/tools/z-score-calculator/,en,tool,statistics,z-score-calculator,200 live verified,200 local build,https://funnytools.win/en/tools/z-score-calculator/,"index,follow (implicit)",yes,yes,2026-09-03,46,1,no,no,0,1,6,2026-08-15T05:34:05Z,low,none,yes,measured relationship present,KEEP_INDEXABLE,Functional tool; zero traffic alone is not a pruning reason.
https://funnytools.win/en/wedding-seating-conflict-solver/,en,other-legitimate,UNKNOWN,,200 local build,200 local build,https://funnytools.win/en/wedding-seating-conflict-solver/,"index, follow",yes,yes,2026-09-14,UNKNOWN,UNKNOWN,no,no,UNKNOWN,UNKNOWN,UNKNOWN,UNKNOWN,UNKNOWN,none,UNKNOWN,UNKNOWN,OBSERVE,No destructive decision without row-level evidence.
https://funnytools.win/en/workflows/,en,hub,drawing,,200 live verified,200 local build,https://funnytools.win/en/workflows/,"index,follow (implicit)",yes,yes,2026-07-31,54,1,no,no,UNKNOWN,UNKNOWN,UNKNOWN,2026-08-17T01:30:19Z,low,none,UNKNOWN,UNKNOWN,OBSERVE,No destructive decision without row-level evidence.
https://funnytools.win/en/workflows/creator-social-toolkit/,en,workflow,general,,200 live verified,200 local build,https://funnytools.win/en/workflows/creator-social-toolkit/,"index,follow (implicit)",yes,yes,2026-09-03,48,1,no,no,0,2,6,2026-08-23T02:56:33Z,low,none,UNKNOWN,UNKNOWN,OBSERVE,No destructive decision without row-level evidence.
https://funnytools.win/en/workflows/daily-decision-toolkit/,en,workflow,general,,200 live verified,200 local build,https://funnytools.win/en/workflows/daily-decision-toolkit/,"index,follow (implicit)",yes,yes,2026-09-03,44,1,no,no,UNKNOWN,UNKNOWN,UNKNOWN,UNKNOWN,low,none,UNKNOWN,UNKNOWN,OBSERVE,No destructive decision without row-level evidence.
https://funnytools.win/en/workflows/graduate-statistics-report-toolkit/,en,workflow,statistics,,200 live verified,200 local build,https://funnytools.win/en/workflows/graduate-statistics-report-toolkit/,"index,follow (implicit)",yes,yes,2026-09-03,46,1,no,no,UNKNOWN,UNKNOWN,UNKNOWN,2026-08-19T17:22:29Z,low,none,UNKNOWN,UNKNOWN,OBSERVE,No destructive decision without row-level evidence.
https://funnytools.win/en/workflows/office-document-toolkit/,en,workflow,pdf,,200 live verified,200 local build,https://funnytools.win/en/workflows/office-document-toolkit/,"index,follow (implicit)",yes,yes,2026-09-03,50,1,no,no,0,1,4,2026-08-23T14:02:58Z,low,none,UNKNOWN,UNKNOWN,OBSERVE,No destructive decision without row-level evidence.
https://funnytools.win/en/workflows/student-report-toolkit/,en,workflow,general,,200 live verified,200 local build,https://funnytools.win/en/workflows/student-report-toolkit/,"index,follow (implicit)",yes,yes,2026-09-03,48,1,no,no,UNKNOWN,UNKNOWN,UNKNOWN,2026-08-10T07:00:11Z,low,none,UNKNOWN,UNKNOWN,OBSERVE,No destructive decision without row-level evidence.
https://funnytools.win/en/workflows/teacher-classroom-random-toolkit/,en,workflow,random,,200 live verified,200 local build,https://funnytools.win/en/workflows/teacher-classroom-random-toolkit/,"index,follow (implicit)",yes,yes,2026-09-03,51,1,no,no,UNKNOWN,UNKNOWN,UNKNOWN,UNKNOWN,low,none,UNKNOWN,UNKNOWN,OBSERVE,No destructive decision without row-level evidence.
https://funnytools.win/en/workflows/teacher-exam-score-toolkit/,en,workflow,statistics,,200 live verified,200 local build,https://funnytools.win/en/workflows/teacher-exam-score-toolkit/,"index,follow (implicit)",yes,yes,2026-09-03,46,1,no,no,UNKNOWN,UNKNOWN,UNKNOWN,2026-08-10T03:03:04Z,low,none,UNKNOWN,measured relationship present,OBSERVE,No destructive decision without row-level evidence.
https://funnytools.win/es/,es,home,general,,200 live verified,200 local build,https://funnytools.win/es/,"index,follow (implicit)",yes,yes,2026-09-10,323,0,no,no,0,7,5.857142857142857,2026-08-27T03:42:42Z,high,none,UNKNOWN,measured relationship present,PROTECT,"impressions=7, position=5.857142857142857"
https://funnytools.win/es/apoyar-funnytools/,es,support,general,,200 live verified,200 local build,https://funnytools.win/es/apoyar-funnytools/,"index,follow (implicit)",yes,yes,2026-07-29,161,1,no,no,UNKNOWN,UNKNOWN,UNKNOWN,2026-08-19T17:32:10Z,high,none,UNKNOWN,measured relationship present,OBSERVE,No destructive decision without row-level evidence.
https://funnytools.win/es/aviso-legal/,es,other,general,,200 live verified,200 local build,https://funnytools.win/es/aviso-legal/,"index,follow (implicit)",yes,yes,2026-07-29,166,1,no,no,UNKNOWN,UNKNOWN,UNKNOWN,2026-08-19T16:38:20Z,high,none,UNKNOWN,measured relationship present,OBSERVE,No destructive decision without row-level evidence.
https://funnytools.win/es/categorias/azar/,es,category,random,,200 live verified,200 local build,https://funnytools.win/es/categorias/azar/,"index,follow (implicit)",yes,yes,2026-07-28,171,1,no,no,UNKNOWN,UNKNOWN,UNKNOWN,2026-07-31T17:00:50Z,high,none,UNKNOWN,measured relationship present,OBSERVE,No destructive decision without row-level evidence.
https://funnytools.win/es/categorias/dibujo/,es,category,draw,,200 live verified,200 local build,https://funnytools.win/es/categorias/dibujo/,"index,follow (implicit)",yes,yes,2026-07-29,164,1,no,no,UNKNOWN,UNKNOWN,UNKNOWN,2026-08-03T16:24:22Z,low,none,UNKNOWN,measured relationship present,OBSERVE,No destructive decision without row-level evidence.
https://funnytools.win/es/categorias/dinero/,es,category,money,,200 live verified,200 local build,https://funnytools.win/es/categorias/dinero/,"index,follow (implicit)",yes,yes,2026-07-28,167,1,no,no,UNKNOWN,UNKNOWN,UNKNOWN,2026-08-19T18:15:18Z,low,none,UNKNOWN,UNKNOWN,OBSERVE,No destructive decision without row-level evidence.
https://funnytools.win/es/categorias/estadistica/,es,category,statistics,,200 live verified,200 local build,https://funnytools.win/es/categorias/estadistica/,"index,follow (implicit)",yes,yes,2026-07-29,173,1,no,no,0,1,2,2026-08-20T18:36:57Z,high,none,UNKNOWN,measured relationship present,OBSERVE,No destructive decision without row-level evidence.
https://funnytools.win/es/categorias/estudio/,es,category,study,,200 live verified,200 local build,https://funnytools.win/es/categorias/estudio/,"index,follow (implicit)",yes,yes,2026-07-28,166,1,no,no,UNKNOWN,UNKNOWN,UNKNOWN,UNKNOWN,high,none,UNKNOWN,measured relationship present,OBSERVE,No destructive decision without row-level evidence.
https://funnytools.win/es/categorias/imagen/,es,category,image,,200 live verified,200 local build,https://funnytools.win/es/categorias/imagen/,"index,follow (implicit)",yes,yes,2026-07-29,172,1,no,no,UNKNOWN,UNKNOWN,UNKNOWN,UNKNOWN,high,none,UNKNOWN,measured relationship present,OBSERVE,No destructive decision without row-level evidence.
https://funnytools.win/es/categorias/pdf/,es,category,pdf,,200 live verified,200 local build,https://funnytools.win/es/categorias/pdf/,"index,follow (implicit)",yes,yes,2026-07-29,170,1,no,no,UNKNOWN,UNKNOWN,UNKNOWN,2026-08-17T05:07:55Z,high,none,UNKNOWN,measured relationship present,OBSERVE,No destructive decision without row-level evidence.
https://funnytools.win/es/categorias/texto/,es,category,text,,200 live verified,200 local build,https://funnytools.win/es/categorias/texto/,"index,follow (implicit)",yes,yes,2026-07-29,173,1,no,no,UNKNOWN,UNKNOWN,UNKNOWN,2026-08-13T12:06:29Z,high,none,UNKNOWN,measured relationship present,OBSERVE,No destructive decision without row-level evidence.
https://funnytools.win/es/categorias/tiempo/,es,category,time,,200 live verified,200 local build,https://funnytools.win/es/categorias/tiempo/,"index,follow (implicit)",yes,yes,2026-07-28,169,1,no,no,UNKNOWN,UNKNOWN,UNKNOWN,UNKNOWN,low,none,UNKNOWN,measured relationship present,OBSERVE,No destructive decision without row-level evidence.
https://funnytools.win/es/como-funcionan-las-herramientas/,es,legal,general,,200 live verified,200 local build,https://funnytools.win/es/como-funcionan-las-herramientas/,"index,follow (implicit)",yes,yes,2026-07-29,162,1,no,no,UNKNOWN,UNKNOWN,UNKNOWN,UNKNOWN,high,none,UNKNOWN,measured relationship present,OBSERVE,No destructive decision without row-level evidence.
https://funnytools.win/es/condiciones-de-uso/,es,legal,general,,200 live verified,200 local build,https://funnytools.win/es/condiciones-de-uso/,"index,follow (implicit)",yes,yes,2026-07-29,162,1,no,no,0,1,7,2026-08-21T17:18:29Z,high,none,UNKNOWN,measured relationship present,OBSERVE,No destructive decision without row-level evidence.
https://funnytools.win/es/contacto/,es,legal,general,,200 live verified,200 local build,https://funnytools.win/es/contacto/,"index,follow (implicit)",yes,yes,2026-07-29,161,1,no,no,UNKNOWN,UNKNOWN,UNKNOWN,UNKNOWN,high,none,UNKNOWN,measured relationship present,OBSERVE,No destructive decision without row-level evidence.
https://funnytools.win/es/estadisticas-educativas/,es,other,statistics,,200 live verified,200 local build,https://funnytools.win/es/estadisticas-educativas/,"index,follow (implicit)",yes,yes,2026-07-29,178,1,no,no,UNKNOWN,UNKNOWN,UNKNOWN,2026-09-07T00:06:46Z,high,none,UNKNOWN,measured relationship present,OBSERVE,No destructive decision without row-level evidence.
https://funnytools.win/es/flujos/,es,hub,drawing,,200 live verified,200 local build,https://funnytools.win/es/flujos/,"index,follow (implicit)",yes,yes,2026-07-29,187,1,no,no,UNKNOWN,UNKNOWN,UNKNOWN,UNKNOWN,high,none,UNKNOWN,measured relationship present,OBSERVE,No destructive decision without row-level evidence.
https://funnytools.win/es/flujos/actividades-aleatorias-aula/,es,workflow,random,,200 live verified,200 local build,https://funnytools.win/es/flujos/actividades-aleatorias-aula/,"index,follow (implicit)",yes,yes,2026-07-29,170,2,no,no,UNKNOWN,UNKNOWN,UNKNOWN,UNKNOWN,high,none,UNKNOWN,measured relationship present,OBSERVE,No destructive decision without row-level evidence.
https://funnytools.win/es/flujos/calcular-nota-oposicion-docente/,es,workflow,statistics,,200 live verified,200 local build,https://funnytools.win/es/flujos/calcular-nota-oposicion-docente/,"index,follow (implicit)",yes,yes,2026-07-29,166,2,no,no,UNKNOWN,UNKNOWN,UNKNOWN,UNKNOWN,low,none,UNKNOWN,UNKNOWN,OBSERVE,No destructive decision without row-level evidence.
https://funnytools.win/es/flujos/contenido-redes-sociales/,es,workflow,general,,200 live verified,200 local build,https://funnytools.win/es/flujos/contenido-redes-sociales/,"index,follow (implicit)",yes,yes,2026-07-29,167,2,no,no,UNKNOWN,UNKNOWN,UNKNOWN,2026-08-19T16:25:06Z,high,none,UNKNOWN,measured relationship present,OBSERVE,No destructive decision without row-level evidence.
https://funnytools.win/es/flujos/decisiones-cotidianas/,es,workflow,general,,200 live verified,200 local build,https://funnytools.win/es/flujos/decisiones-cotidianas/,"index,follow (implicit)",yes,yes,2026-07-29,166,1,no,no,UNKNOWN,UNKNOWN,UNKNOWN,UNKNOWN,high,none,UNKNOWN,measured relationship present,OBSERVE,No destructive decision without row-level evidence.
https://funnytools.win/es/flujos/documentos-oficina/,es,workflow,pdf,,200 live verified,200 local build,https://funnytools.win/es/flujos/documentos-oficina/,"index,follow (implicit)",yes,yes,2026-07-29,171,2,no,no,UNKNOWN,UNKNOWN,UNKNOWN,2026-09-04T12:06:18Z,low,none,UNKNOWN,measured relationship present,OBSERVE,No destructive decision without row-level evidence.
https://funnytools.win/es/flujos/entrega-informe-estudiantil/,es,workflow,general,,200 live verified,200 local build,https://funnytools.win/es/flujos/entrega-informe-estudiantil/,"index,follow (implicit)",yes,yes,2026-07-29,172,2,no,no,UNKNOWN,UNKNOWN,UNKNOWN,UNKNOWN,high,none,UNKNOWN,measured relationship present,OBSERVE,No destructive decision without row-level evidence.
https://funnytools.win/es/flujos/informe-estadistico-investigacion/,es,workflow,statistics,,200 live verified,200 local build,https://funnytools.win/es/flujos/informe-estadistico-investigacion/,"index,follow (implicit)",yes,yes,2026-07-28,163,1,no,no,UNKNOWN,UNKNOWN,UNKNOWN,2026-08-19T16:29:31Z,high,none,UNKNOWN,measured relationship present,OBSERVE,No destructive decision without row-level evidence.
https://funnytools.win/es/guias/,es,hub,general,,200 live verified,200 local build,https://funnytools.win/es/guias/,"index,follow (implicit)",yes,yes,2026-07-29,186,1,no,no,UNKNOWN,UNKNOWN,UNKNOWN,UNKNOWN,high,none,UNKNOWN,measured relationship present,OBSERVE,No destructive decision without row-level evidence.
https://funnytools.win/es/guias/a4-o-letter-para-imprimir/,es,guide,general,,200 live verified,200 local build,https://funnytools.win/es/guias/a4-o-letter-para-imprimir/,"index,follow (implicit)",yes,yes,2026-07-28,161,1,no,no,UNKNOWN,UNKNOWN,UNKNOWN,UNKNOWN,low,none,UNKNOWN,UNKNOWN,OBSERVE,No destructive decision without row-level evidence.
https://funnytools.win/es/guias/agrupamientos-equitativos-aula/,es,guide,random,,200 live verified,200 local build,https://funnytools.win/es/guias/agrupamientos-equitativos-aula/,"index,follow (implicit)",yes,yes,2026-07-28,161,1,no,no,UNKNOWN,UNKNOWN,UNKNOWN,2026-08-17T03:18:30Z,high,none,UNKNOWN,measured relationship present,OBSERVE,No destructive decision without row-level evidence.
https://funnytools.win/es/guias/anova-formato-apa-7/,es,guide,statistics,,200 live verified,200 local build,https://funnytools.win/es/guias/anova-formato-apa-7/,"index,follow (implicit)",yes,yes,2026-07-28,165,1,no,no,UNKNOWN,UNKNOWN,UNKNOWN,UNKNOWN,high,none,UNKNOWN,measured relationship present,OBSERVE,No destructive decision without row-level evidence.
https://funnytools.win/es/guias/calcular-nota-oposicion-docente/,es,guide,statistics,,200 live verified,200 local build,https://funnytools.win/es/guias/calcular-nota-oposicion-docente/,"index,follow (implicit)",yes,yes,2026-07-29,162,1,no,no,0,1,79,2026-07-30T16:30:20Z,low,none,UNKNOWN,UNKNOWN,OBSERVE,No destructive decision without row-level evidence.
https://funnytools.win/es/guias/calcular-porcentajes-rapido/,es,guide,general,,200 live verified,200 local build,https://funnytools.win/es/guias/calcular-porcentajes-rapido/,"index,follow (implicit)",yes,yes,2026-07-28,162,1,no,no,UNKNOWN,UNKNOWN,UNKNOWN,UNKNOWN,low,none,UNKNOWN,UNKNOWN,OBSERVE,No destructive decision without row-level evidence.
https://funnytools.win/es/guias/codigos-qr-en-el-aula/,es,guide,general,,200 live verified,200 local build,https://funnytools.win/es/guias/codigos-qr-en-el-aula/,"index,follow (implicit)",yes,yes,2026-07-28,161,1,no,no,UNKNOWN,UNKNOWN,UNKNOWN,UNKNOWN,high,none,UNKNOWN,measured relationship present,OBSERVE,No destructive decision without row-level evidence.
https://funnytools.win/es/guias/comprimir-fotos-para-email/,es,guide,image,,200 live verified,200 local build,https://funnytools.win/es/guias/comprimir-fotos-para-email/,"index,follow (implicit)",yes,yes,2026-07-28,162,1,no,no,UNKNOWN,UNKNOWN,UNKNOWN,UNKNOWN,high,none,UNKNOWN,measured relationship present,OBSERVE,No destructive decision without row-level evidence.
https://funnytools.win/es/guias/contrasena-segura-fuerte/,es,guide,text,,200 live verified,200 local build,https://funnytools.win/es/guias/contrasena-segura-fuerte/,"index,follow (implicit)",yes,yes,2026-07-29,159,1,no,no,UNKNOWN,UNKNOWN,UNKNOWN,UNKNOWN,high,none,UNKNOWN,measured relationship present,OBSERVE,No destructive decision without row-level evidence.
https://funnytools.win/es/guias/fluidez-tablas-multiplicar/,es,guide,general,,200 live verified,200 local build,https://funnytools.win/es/guias/fluidez-tablas-multiplicar/,"index,follow (implicit)",yes,yes,2026-07-29,161,1,no,no,UNKNOWN,UNKNOWN,UNKNOWN,UNKNOWN,low,none,UNKNOWN,UNKNOWN,OBSERVE,No destructive decision without row-level evidence.
https://funnytools.win/es/guias/fotos-a-pdf-desde-movil/,es,guide,pdf,,200 live verified,200 local build,https://funnytools.win/es/guias/fotos-a-pdf-desde-movil/,"index,follow (implicit)",yes,yes,2026-07-28,164,1,no,no,UNKNOWN,UNKNOWN,UNKNOWN,UNKNOWN,high,none,UNKNOWN,measured relationship present,OBSERVE,No destructive decision without row-level evidence.
https://funnytools.win/es/guias/grafico-barras-trabajo-escolar/,es,guide,drawing,,200 live verified,200 local build,https://funnytools.win/es/guias/grafico-barras-trabajo-escolar/,"index,follow (implicit)",yes,yes,2026-07-28,161,1,no,no,UNKNOWN,UNKNOWN,UNKNOWN,UNKNOWN,high,none,UNKNOWN,measured relationship present,OBSERVE,No destructive decision without row-level evidence.
https://funnytools.win/es/guias/grupos-aleatorios-clase/,es,guide,random,,200 live verified,200 local build,https://funnytools.win/es/guias/grupos-aleatorios-clase/,"index,follow (implicit)",yes,yes,2026-07-28,161,1,no,no,UNKNOWN,UNKNOWN,UNKNOWN,UNKNOWN,high,none,UNKNOWN,measured relationship present,OBSERVE,No destructive decision without row-level evidence.
https://funnytools.win/es/guias/interaccion-anova-dos-factores/,es,guide,statistics,,200 live verified,200 local build,https://funnytools.win/es/guias/interaccion-anova-dos-factores/,"index,follow (implicit)",yes,yes,2026-07-28,163,1,no,no,UNKNOWN,UNKNOWN,UNKNOWN,UNKNOWN,high,none,UNKNOWN,measured relationship present,OBSERVE,No destructive decision without row-level evidence.
https://funnytools.win/es/guias/kb-mb-gb-tb-conversion/,es,guide,general,,200 live verified,200 local build,https://funnytools.win/es/guias/kb-mb-gb-tb-conversion/,"index,follow (implicit)",yes,yes,2026-07-29,160,1,no,no,UNKNOWN,UNKNOWN,UNKNOWN,UNKNOWN,low,none,UNKNOWN,UNKNOWN,OBSERVE,No destructive decision without row-level evidence.
https://funnytools.win/es/guias/limite-palabras-ensayos-examenes/,es,guide,text,,200 live verified,200 local build,https://funnytools.win/es/guias/limite-palabras-ensayos-examenes/,"index,follow (implicit)",yes,yes,2026-07-28,162,1,no,no,UNKNOWN,UNKNOWN,UNKNOWN,UNKNOWN,high,none,UNKNOWN,measured relationship present,OBSERVE,No destructive decision without row-level evidence.
https://funnytools.win/es/guias/prueba-levene-spss/,es,guide,statistics,,200 live verified,200 local build,https://funnytools.win/es/guias/prueba-levene-spss/,"index,follow (implicit)",yes,yes,2026-07-28,164,1,no,no,UNKNOWN,UNKNOWN,UNKNOWN,2026-08-13T04:04:07Z,high,none,UNKNOWN,measured relationship present,OBSERVE,No destructive decision without row-level evidence.
https://funnytools.win/es/guias/prueba-t-formato-apa-7/,es,guide,general,,200 live verified,200 local build,https://funnytools.win/es/guias/prueba-t-formato-apa-7/,"index,follow (implicit)",yes,yes,2026-07-28,163,1,no,no,UNKNOWN,UNKNOWN,UNKNOWN,UNKNOWN,high,none,UNKNOWN,measured relationship present,OBSERVE,No destructive decision without row-level evidence.
https://funnytools.win/es/guias/puntuacion-t-interpretacion/,es,guide,statistics,,200 live verified,200 local build,https://funnytools.win/es/guias/puntuacion-t-interpretacion/,"index,follow (implicit)",yes,yes,2026-07-28,162,1,no,no,UNKNOWN,UNKNOWN,UNKNOWN,2026-08-02T14:59:12Z,high,none,UNKNOWN,measured relationship present,OBSERVE,No destructive decision without row-level evidence.
https://funnytools.win/es/guias/puntuacion-z-interpretacion/,es,guide,statistics,,200 live verified,200 local build,https://funnytools.win/es/guias/puntuacion-z-interpretacion/,"index,follow (implicit)",yes,yes,2026-07-28,163,1,no,no,UNKNOWN,UNKNOWN,UNKNOWN,2026-08-11T23:03:32Z,high,none,UNKNOWN,measured relationship present,OBSERVE,No destructive decision without row-level evidence.
https://funnytools.win/es/guias/rango-percentil-interpretacion/,es,guide,statistics,,200 live verified,200 local build,https://funnytools.win/es/guias/rango-percentil-interpretacion/,"index,follow (implicit)",yes,yes,2026-07-28,163,1,no,no,UNKNOWN,UNKNOWN,UNKNOWN,UNKNOWN,high,none,UNKNOWN,measured relationship present,OBSERVE,No destructive decision without row-level evidence.
https://funnytools.win/es/guias/ruleta-sorteos-clase/,es,guide,random,,200 live verified,200 local build,https://funnytools.win/es/guias/ruleta-sorteos-clase/,"index,follow (implicit)",yes,yes,2026-07-28,162,1,no,no,UNKNOWN,UNKNOWN,UNKNOWN,UNKNOWN,high,none,UNKNOWN,measured relationship present,OBSERVE,No destructive decision without row-level evidence.
https://funnytools.win/es/guias/selector-aleatorio-alumnos/,es,guide,random,,200 live verified,200 local build,https://funnytools.win/es/guias/selector-aleatorio-alumnos/,"index,follow (implicit)",yes,yes,2026-07-29,161,1,no,no,UNKNOWN,UNKNOWN,UNKNOWN,UNKNOWN,low,none,UNKNOWN,measured relationship present,OBSERVE,No destructive decision without row-level evidence.
https://funnytools.win/es/guias/temporizador-clase/,es,guide,time,,200 live verified,200 local build,https://funnytools.win/es/guias/temporizador-clase/,"index,follow (implicit)",yes,yes,2026-07-28,163,1,no,no,0,1,1,2026-09-09T04:10:53Z,low,none,UNKNOWN,UNKNOWN,OBSERVE,No destructive decision without row-level evidence.
https://funnytools.win/es/guias/unir-pdf-sin-subir-archivos/,es,guide,pdf,,200 live verified,200 local build,https://funnytools.win/es/guias/unir-pdf-sin-subir-archivos/,"index,follow (implicit)",yes,yes,2026-07-28,163,1,no,no,UNKNOWN,UNKNOWN,UNKNOWN,UNKNOWN,high,none,UNKNOWN,measured relationship present,OBSERVE,No destructive decision without row-level evidence.
https://funnytools.win/es/herramientas/,es,hub,general,,200 live verified,200 local build,https://funnytools.win/es/herramientas/,"index,follow (implicit)",yes,yes,2026-09-02,322,1,no,no,UNKNOWN,UNKNOWN,UNKNOWN,UNKNOWN,high,none,UNKNOWN,measured relationship present,OBSERVE,No destructive decision without row-level evidence.
https://funnytools.win/es/herramientas/cad-2d-online/,es,tool,draw,cad-2d,200 live verified,200 local build,https://funnytools.win/es/herramientas/cad-2d-online/,"index,follow (implicit)",yes,yes,2026-07-29,163,1,no,no,UNKNOWN,UNKNOWN,UNKNOWN,UNKNOWN,low,none,yes,UNKNOWN,KEEP_INDEXABLE,Functional tool; zero traffic alone is not a pruning reason.
https://funnytools.win/es/herramientas/calculadora-alfa-cronbach/,es,tool,statistics,cronbach-alpha-calculator,200 live verified,200 local build,https://funnytools.win/es/herramientas/calculadora-alfa-cronbach/,"index,follow (implicit)",yes,yes,2026-07-28,161,1,yes,no,UNKNOWN,UNKNOWN,UNKNOWN,2026-08-19T00:59:18Z,low,none,yes,UNKNOWN,PROTECT,Phase 2B treatment P2B-07; Phase 2B treatment P2B-07
https://funnytools.win/es/herramientas/calculadora-de-edad/,es,tool,time,age-calculator,200 live verified,200 local build,https://funnytools.win/es/herramientas/calculadora-de-edad/,"index,follow (implicit)",yes,yes,2026-07-29,163,1,no,no,UNKNOWN,UNKNOWN,UNKNOWN,UNKNOWN,low,none,yes,UNKNOWN,KEEP_INDEXABLE,Functional tool; zero traffic alone is not a pruning reason.
https://funnytools.win/es/herramientas/calculadora-desviacion-estandar/,es,tool,statistics,standard-deviation,200 live verified,200 local build,https://funnytools.win/es/herramientas/calculadora-desviacion-estandar/,"index,follow (implicit)",yes,yes,2026-07-29,163,1,yes,no,UNKNOWN,UNKNOWN,UNKNOWN,2026-08-08T13:19:57Z,low,none,yes,UNKNOWN,PROTECT,Phase 2B treatment P2B-08; Phase 2B treatment P2B-08
https://funnytools.win/es/herramientas/calculadora-dias-laborables/,es,tool,time,business-days,200 live verified,200 local build,https://funnytools.win/es/herramientas/calculadora-dias-laborables/,"index,follow (implicit)",yes,yes,2026-07-29,163,1,yes,no,UNKNOWN,UNKNOWN,UNKNOWN,2026-08-19T18:06:28Z,high,none,yes,measured relationship present,PROTECT,Phase 2B treatment P2B-09; Phase 2B treatment P2B-09
https://funnytools.win/es/herramientas/calculadora-gpa/,es,tool,study,gpa-calculator,200 live verified,200 local build,https://funnytools.win/es/herramientas/calculadora-gpa/,"index,follow (implicit)",yes,yes,2026-07-28,161,1,no,no,UNKNOWN,UNKNOWN,UNKNOWN,UNKNOWN,low,none,yes,UNKNOWN,KEEP_INDEXABLE,Functional tool; zero traffic alone is not a pruning reason.
https://funnytools.win/es/herramientas/calculadora-hipoteca/,es,tool,money,mortgage-payment,200 live verified,200 local build,https://funnytools.win/es/herramientas/calculadora-hipoteca/,"index,follow (implicit)",yes,yes,2026-07-29,163,1,yes,no,UNKNOWN,UNKNOWN,UNKNOWN,2026-08-23T01:14:06Z,low,none,yes,UNKNOWN,PROTECT,Phase 2B treatment P2B-10; Phase 2B treatment P2B-10
https://funnytools.win/es/herramientas/calculadora-horas-extra/,es,tool,money,overtime-pay,200 live verified,200 local build,https://funnytools.win/es/herramientas/calculadora-horas-extra/,"index,follow (implicit)",yes,yes,2026-07-29,163,1,no,no,UNKNOWN,UNKNOWN,UNKNOWN,UNKNOWN,low,none,yes,UNKNOWN,KEEP_INDEXABLE,Functional tool; zero traffic alone is not a pruning reason.
https://funnytools.win/es/herramientas/calculadora-inflacion/,es,tool,money,inflation,200 live verified,200 local build,https://funnytools.win/es/herramientas/calculadora-inflacion/,"index,follow (implicit)",yes,yes,2026-09-04,163,1,no,yes,UNKNOWN,UNKNOWN,UNKNOWN,2026-08-20T17:34:39Z,low,none,yes,UNKNOWN,PROTECT,Phase 2B control P2B-10; Phase 2B control P2B-10
https://funnytools.win/es/herramientas/calculadora-interes-compuesto/,es,tool,money,compound-interest,200 live verified,200 local build,https://funnytools.win/es/herramientas/calculadora-interes-compuesto/,"index,follow (implicit)",yes,yes,2026-07-29,163,1,no,no,UNKNOWN,UNKNOWN,UNKNOWN,2026-08-16T16:17:51Z,high,none,yes,measured relationship present,KEEP_INDEXABLE,Functional tool; zero traffic alone is not a pruning reason.
https://funnytools.win/es/herramientas/calculadora-media-ponderada/,es,tool,statistics,weighted-average-calculator,200 live verified,200 local build,https://funnytools.win/es/herramientas/calculadora-media-ponderada/,"index,follow (implicit)",yes,yes,2026-07-30,163,1,no,yes,UNKNOWN,UNKNOWN,UNKNOWN,2026-08-24T23:49:35Z,low,none,yes,UNKNOWN,PROTECT,Phase 2B control P2B-07; Phase 2B control P2B-07
https://funnytools.win/es/herramientas/calculadora-meta-ahorro/,es,tool,money,savings-goal,200 live verified,200 local build,https://funnytools.win/es/herramientas/calculadora-meta-ahorro/,"index,follow (implicit)",yes,yes,2026-07-29,163,1,no,no,UNKNOWN,UNKNOWN,UNKNOWN,UNKNOWN,high,none,yes,measured relationship present,KEEP_INDEXABLE,Functional tool; zero traffic alone is not a pruning reason.
https://funnytools.win/es/herramientas/calculadora-nota-oposicion-docente/,es,tool,statistics,teacher-exam-score-converter,200 live verified,200 local build,https://funnytools.win/es/herramientas/calculadora-nota-oposicion-docente/,"index,follow (implicit)",yes,yes,2026-07-28,161,1,no,yes,UNKNOWN,UNKNOWN,UNKNOWN,2026-08-09T03:39:10Z,low,none,yes,UNKNOWN,PROTECT,Phase 2B control P2B-08; Phase 2B control P2B-08
https://funnytools.win/es/herramientas/calculadora-percentil-ranking-clase/,es,tool,statistics,class-rank-percentile-calculator,200 live verified,200 local build,https://funnytools.win/es/herramientas/calculadora-percentil-ranking-clase/,"index,follow (implicit)",yes,yes,2026-09-10,161,1,no,no,0,1,3,2026-08-20T17:47:22Z,low,none,yes,UNKNOWN,KEEP_INDEXABLE,Functional tool; zero traffic alone is not a pruning reason.
https://funnytools.win/es/herramientas/calculadora-porcentajes/,es,tool,statistics,percentage-calculator,200 live verified,200 local build,https://funnytools.win/es/herramientas/calculadora-porcentajes/,"index,follow (implicit)",yes,yes,2026-07-29,163,1,no,no,UNKNOWN,UNKNOWN,UNKNOWN,2026-08-05T14:30:23Z,low,none,yes,UNKNOWN,KEEP_INDEXABLE,Functional tool; zero traffic alone is not a pruning reason.
https://funnytools.win/es/herramientas/calculadora-promedio-notas/,es,tool,statistics,grade-average,200 live verified,200 local build,https://funnytools.win/es/herramientas/calculadora-promedio-notas/,"index,follow (implicit)",yes,yes,2026-09-10,163,1,no,no,UNKNOWN,UNKNOWN,UNKNOWN,2026-08-06T06:44:21Z,low,none,yes,UNKNOWN,KEEP_INDEXABLE,Functional tool; zero traffic alone is not a pruning reason.
https://funnytools.win/es/herramientas/calculadora-puntuacion-t/,es,tool,statistics,t-score-calculator,200 live verified,200 local build,https://funnytools.win/es/herramientas/calculadora-puntuacion-t/,"index,follow (implicit)",yes,yes,2026-07-30,163,1,no,no,UNKNOWN,UNKNOWN,UNKNOWN,2026-08-07T12:54:21Z,high,none,yes,measured relationship present,KEEP_INDEXABLE,Functional tool; zero traffic alone is not a pruning reason.
https://funnytools.win/es/herramientas/calculadora-puntuacion-z/,es,tool,statistics,z-score-calculator,200 live verified,200 local build,https://funnytools.win/es/herramientas/calculadora-puntuacion-z/,"index,follow (implicit)",yes,yes,2026-07-30,163,1,no,no,UNKNOWN,UNKNOWN,UNKNOWN,2026-09-09T03:45:50Z,high,none,yes,measured relationship present,KEEP_INDEXABLE,Functional tool; zero traffic alone is not a pruning reason.
https://funnytools.win/es/herramientas/calculadora-rango-percentil/,es,tool,statistics,percentile-rank-calculator,200 live verified,200 local build,https://funnytools.win/es/herramientas/calculadora-rango-percentil/,"index,follow (implicit)",yes,yes,2026-07-29,163,1,no,no,UNKNOWN,UNKNOWN,UNKNOWN,UNKNOWN,high,none,yes,measured relationship present,KEEP_INDEXABLE,Functional tool; zero traffic alone is not a pruning reason.
https://funnytools.win/es/herramientas/calculadora-sueldo-neto/,es,tool,money,net-salary,200 live verified,200 local build,https://funnytools.win/es/herramientas/calculadora-sueldo-neto/,"index,follow (implicit)",yes,yes,2026-07-29,163,1,no,no,UNKNOWN,UNKNOWN,UNKNOWN,UNKNOWN,low,none,yes,UNKNOWN,KEEP_INDEXABLE,Functional tool; zero traffic alone is not a pruning reason.
https://funnytools.win/es/herramientas/calculadora-t-muestras-independientes/,es,tool,statistics,independent-samples-t-test-calculator,200 live verified,200 local build,https://funnytools.win/es/herramientas/calculadora-t-muestras-independientes/,"index,follow (implicit)",yes,yes,2026-09-10,162,1,no,no,UNKNOWN,UNKNOWN,UNKNOWN,2026-08-25T01:33:17Z,high,none,yes,measured relationship present,KEEP_INDEXABLE,Functional tool; zero traffic alone is not a pruning reason.
https://funnytools.win/es/herramientas/calcular-diferencia-entre-fechas/,es,tool,time,date-difference,200 live verified,200 local build,https://funnytools.win/es/herramientas/calcular-diferencia-entre-fechas/,"index,follow (implicit)",yes,yes,2026-07-29,163,1,no,yes,UNKNOWN,UNKNOWN,UNKNOWN,2026-08-18T14:51:32Z,high,none,yes,measured relationship present,PROTECT,Phase 2B control P2B-09; Phase 2B control P2B-09
https://funnytools.win/es/herramientas/codificar-decodificar-base64/,es,tool,text,base64,200 live verified,200 local build,https://funnytools.win/es/herramientas/codificar-decodificar-base64/,"index,follow (implicit)",yes,yes,2026-07-29,163,1,no,no,UNKNOWN,UNKNOWN,UNKNOWN,UNKNOWN,low,none,yes,UNKNOWN,KEEP_INDEXABLE,Functional tool; zero traffic alone is not a pruning reason.
https://funnytools.win/es/herramientas/codificar-decodificar-url/,es,tool,text,url-encoder,200 live verified,200 local build,https://funnytools.win/es/herramientas/codificar-decodificar-url/,"index,follow (implicit)",yes,yes,2026-07-29,163,1,no,no,UNKNOWN,UNKNOWN,UNKNOWN,2026-09-12T03:53:37Z,low,none,yes,UNKNOWN,KEEP_INDEXABLE,Functional tool; zero traffic alone is not a pruning reason.
https://funnytools.win/es/herramientas/comprimir-imagenes/,es,tool,image,image-compressor,200 live verified,200 local build,https://funnytools.win/es/herramientas/comprimir-imagenes/,"index,follow (implicit)",yes,yes,2026-07-29,163,1,no,no,UNKNOWN,UNKNOWN,UNKNOWN,UNKNOWN,high,none,yes,measured relationship present,KEEP_INDEXABLE,Functional tool; zero traffic alone is not a pruning reason.
https://funnytools.win/es/herramientas/comprimir-pdf/,es,tool,pdf,pdf-compressor,200 live verified,200 local build,https://funnytools.win/es/herramientas/comprimir-pdf/,"index,follow (implicit)",yes,yes,2026-07-29,163,1,no,no,UNKNOWN,UNKNOWN,UNKNOWN,UNKNOWN,high,none,yes,measured relationship present,KEEP_INDEXABLE,Functional tool; zero traffic alone is not a pruning reason.
https://funnytools.win/es/herramientas/contador-caracteres/,es,tool,text,character-counter,200 live verified,200 local build,https://funnytools.win/es/herramientas/contador-caracteres/,"index,follow (implicit)",yes,yes,2026-07-29,163,1,no,no,UNKNOWN,UNKNOWN,UNKNOWN,UNKNOWN,low,none,yes,UNKNOWN,KEEP_INDEXABLE,Functional tool; zero traffic alone is not a pruning reason.
https://funnytools.win/es/herramientas/contador-palabras/,es,tool,text,word-counter,200 live verified,200 local build,https://funnytools.win/es/herramientas/contador-palabras/,"index,follow (implicit)",yes,yes,2026-07-29,163,1,no,no,UNKNOWN,UNKNOWN,UNKNOWN,UNKNOWN,high,none,yes,measured relationship present,KEEP_INDEXABLE,Functional tool; zero traffic alone is not a pruning reason.
https://funnytools.win/es/herramientas/conversor-puntuaciones-estandarizadas/,es,tool,statistics,normalized-score-converter,200 live verified,200 local build,https://funnytools.win/es/herramientas/conversor-puntuaciones-estandarizadas/,"index,follow (implicit)",yes,yes,2026-07-28,161,1,no,no,UNKNOWN,UNKNOWN,UNKNOWN,2026-08-15T03:41:35Z,low,none,yes,UNKNOWN,KEEP_INDEXABLE,Functional tool; zero traffic alone is not a pruning reason.
https://funnytools.win/es/herramientas/convertir-csv-a-json/,es,tool,text,csv-to-json,200 live verified,200 local build,https://funnytools.win/es/herramientas/convertir-csv-a-json/,"index,follow (implicit)",yes,yes,2026-07-29,163,1,no,no,UNKNOWN,UNKNOWN,UNKNOWN,2026-08-25T02:43:44Z,high,none,yes,measured relationship present,KEEP_INDEXABLE,Functional tool; zero traffic alone is not a pruning reason.
https://funnytools.win/es/herramientas/convertir-imagen-base64/,es,tool,image,image-to-base64,200 live verified,200 local build,https://funnytools.win/es/herramientas/convertir-imagen-base64/,"index,follow (implicit)",yes,yes,2026-07-29,163,1,no,no,UNKNOWN,UNKNOWN,UNKNOWN,UNKNOWN,low,none,yes,UNKNOWN,KEEP_INDEXABLE,Functional tool; zero traffic alone is not a pruning reason.
https://funnytools.win/es/herramientas/convertir-imagenes-a-pdf/,es,tool,pdf,images-to-pdf,200 live verified,200 local build,https://funnytools.win/es/herramientas/convertir-imagenes-a-pdf/,"index,follow (implicit)",yes,yes,2026-07-29,163,1,no,no,UNKNOWN,UNKNOWN,UNKNOWN,UNKNOWN,high,none,yes,measured relationship present,KEEP_INDEXABLE,Functional tool; zero traffic alone is not a pruning reason.
https://funnytools.win/es/herramientas/convertir-jpg-a-png/,es,tool,image,jpg-to-png,200 live verified,200 local build,https://funnytools.win/es/herramientas/convertir-jpg-a-png/,"index,follow (implicit)",yes,yes,2026-07-29,163,1,no,no,UNKNOWN,UNKNOWN,UNKNOWN,2026-08-02T17:00:15Z,high,none,yes,measured relationship present,KEEP_INDEXABLE,Functional tool; zero traffic alone is not a pruning reason.
https://funnytools.win/es/herramientas/convertir-jpg-a-webp/,es,tool,image,jpg-to-webp,200 live verified,200 local build,https://funnytools.win/es/herramientas/convertir-jpg-a-webp/,"index,follow (implicit)",yes,yes,2026-07-29,163,1,no,no,UNKNOWN,UNKNOWN,UNKNOWN,2026-08-20T15:41:58Z,high,none,yes,measured relationship present,KEEP_INDEXABLE,Functional tool; zero traffic alone is not a pruning reason.
https://funnytools.win/es/herramientas/convertir-json-a-csv/,es,tool,text,json-to-csv,200 live verified,200 local build,https://funnytools.win/es/herramientas/convertir-json-a-csv/,"index,follow (implicit)",yes,yes,2026-07-29,163,1,no,no,UNKNOWN,UNKNOWN,UNKNOWN,UNKNOWN,high,none,yes,measured relationship present,KEEP_INDEXABLE,Functional tool; zero traffic alone is not a pruning reason.
https://funnytools.win/es/herramientas/convertir-mayusculas-minusculas/,es,tool,text,case-converter,200 live verified,200 local build,https://funnytools.win/es/herramientas/convertir-mayusculas-minusculas/,"index,follow (implicit)",yes,yes,2026-07-29,163,1,no,no,UNKNOWN,UNKNOWN,UNKNOWN,2026-08-25T13:01:49Z,low,none,yes,UNKNOWN,KEEP_INDEXABLE,Functional tool; zero traffic alone is not a pruning reason.
https://funnytools.win/es/herramientas/convertir-pdf-a-imagen/,es,tool,pdf,pdf-to-image,200 live verified,200 local build,https://funnytools.win/es/herramientas/convertir-pdf-a-imagen/,"index,follow (implicit)",yes,yes,2026-07-29,163,1,no,no,UNKNOWN,UNKNOWN,UNKNOWN,UNKNOWN,low,none,yes,UNKNOWN,KEEP_INDEXABLE,Functional tool; zero traffic alone is not a pruning reason.
https://funnytools.win/es/herramientas/convertir-png-a-jpg/,es,tool,image,png-to-jpg,200 live verified,200 local build,https://funnytools.win/es/herramientas/convertir-png-a-jpg/,"index,follow (implicit)",yes,yes,2026-07-29,163,1,no,no,UNKNOWN,UNKNOWN,UNKNOWN,UNKNOWN,high,none,yes,measured relationship present,KEEP_INDEXABLE,Functional tool; zero traffic alone is not a pruning reason.
https://funnytools.win/es/herramientas/convertir-timestamp-unix/,es,tool,time,timestamp-converter,200 live verified,200 local build,https://funnytools.win/es/herramientas/convertir-timestamp-unix/,"index,follow (implicit)",yes,yes,2026-07-29,163,1,no,no,UNKNOWN,UNKNOWN,UNKNOWN,2026-08-08T16:46:59Z,low,none,yes,UNKNOWN,KEEP_INDEXABLE,Functional tool; zero traffic alone is not a pruning reason.
https://funnytools.win/es/herramientas/convertir-webp-a-jpg/,es,tool,image,webp-to-jpg,200 live verified,200 local build,https://funnytools.win/es/herramientas/convertir-webp-a-jpg/,"index,follow (implicit)",yes,yes,2026-07-29,163,1,no,no,UNKNOWN,UNKNOWN,UNKNOWN,UNKNOWN,high,none,yes,measured relationship present,KEEP_INDEXABLE,Functional tool; zero traffic alone is not a pruning reason.
https://funnytools.win/es/herramientas/crear-diagrama-flujo/,es,tool,draw,flowchart,200 live verified,200 local build,https://funnytools.win/es/herramientas/crear-diagrama-flujo/,"index,follow (implicit)",yes,yes,2026-07-29,164,1,no,no,UNKNOWN,UNKNOWN,UNKNOWN,2026-08-19T16:55:53Z,low,none,yes,UNKNOWN,KEEP_INDEXABLE,Functional tool; zero traffic alone is not a pruning reason.
https://funnytools.win/es/herramientas/crear-grafico-barras/,es,tool,draw,bar-chart-maker,200 live verified,200 local build,https://funnytools.win/es/herramientas/crear-grafico-barras/,"index,follow (implicit)",yes,yes,2026-07-29,163,1,no,no,UNKNOWN,UNKNOWN,UNKNOWN,UNKNOWN,high,none,yes,measured relationship present,KEEP_INDEXABLE,Functional tool; zero traffic alone is not a pruning reason.
https://funnytools.win/es/herramientas/crear-grafico-circular/,es,tool,draw,pie-chart-maker,200 live verified,200 local build,https://funnytools.win/es/herramientas/crear-grafico-circular/,"index,follow (implicit)",yes,yes,2026-07-29,163,1,no,no,UNKNOWN,UNKNOWN,UNKNOWN,UNKNOWN,high,none,yes,measured relationship present,KEEP_INDEXABLE,Functional tool; zero traffic alone is not a pruning reason.
https://funnytools.win/es/herramientas/crear-grupos-clase/,es,tool,study,group-generator,200 live verified,200 local build,https://funnytools.win/es/herramientas/crear-grupos-clase/,"index,follow (implicit)",yes,yes,2026-07-29,164,1,no,no,UNKNOWN,UNKNOWN,UNKNOWN,UNKNOWN,high,none,yes,measured relationship present,KEEP_INDEXABLE,Functional tool; zero traffic alone is not a pruning reason.
https://funnytools.win/es/herramientas/crear-plano-asientos-aula/,es,tool,study,seating-chart,200 live verified,200 local build,https://funnytools.win/es/herramientas/crear-plano-asientos-aula/,"index,follow (implicit)",yes,yes,2026-07-29,163,1,no,no,UNKNOWN,UNKNOWN,UNKNOWN,2026-08-19T18:35:59Z,low,none,yes,UNKNOWN,KEEP_INDEXABLE,Functional tool; zero traffic alone is not a pruning reason.
https://funnytools.win/es/herramientas/cronometro-online/,es,tool,time,stopwatch,200 live verified,200 local build,https://funnytools.win/es/herramientas/cronometro-online/,"index,follow (implicit)",yes,yes,2026-07-29,163,1,no,no,UNKNOWN,UNKNOWN,UNKNOWN,UNKNOWN,low,none,yes,UNKNOWN,KEEP_INDEXABLE,Functional tool; zero traffic alone is not a pruning reason.
https://funnytools.win/es/herramientas/decidir-entre-dos-opciones/,es,tool,random,this-or-that,200 live verified,200 local build,https://funnytools.win/es/herramientas/decidir-entre-dos-opciones/,"index,follow (implicit)",yes,yes,2026-07-29,163,1,no,yes,UNKNOWN,UNKNOWN,UNKNOWN,2026-08-10T15:40:43Z,high,none,yes,measured relationship present,PROTECT,Phase 2B control P2B-06; Phase 2B control P2B-06
https://funnytools.win/es/herramientas/dividir-pdf/,es,tool,pdf,split-pdf,200 live verified,200 local build,https://funnytools.win/es/herramientas/dividir-pdf/,"index,follow (implicit)",yes,yes,2026-07-29,163,1,no,no,UNKNOWN,UNKNOWN,UNKNOWN,2026-08-16T15:31:25Z,high,none,yes,measured relationship present,KEEP_INDEXABLE,Functional tool; zero traffic alone is not a pruning reason.
https://funnytools.win/es/herramientas/editor-markdown-online/,es,tool,text,markdown-previewer,200 live verified,200 local build,https://funnytools.win/es/herramientas/editor-markdown-online/,"index,follow (implicit)",yes,yes,2026-07-29,163,1,no,no,UNKNOWN,UNKNOWN,UNKNOWN,2026-08-19T16:20:40Z,low,none,yes,UNKNOWN,KEEP_INDEXABLE,Functional tool; zero traffic alone is not a pruning reason.
https://funnytools.win/es/herramientas/eliminar-lineas-duplicadas/,es,tool,text,remove-duplicate-lines,200 live verified,200 local build,https://funnytools.win/es/herramientas/eliminar-lineas-duplicadas/,"index,follow (implicit)",yes,yes,2026-07-29,163,1,no,no,UNKNOWN,UNKNOWN,UNKNOWN,UNKNOWN,high,none,yes,measured relationship present,KEEP_INDEXABLE,Functional tool; zero traffic alone is not a pruning reason.
https://funnytools.win/es/herramientas/eliminar-lineas-vacias/,es,tool,text,remove-empty-lines,200 live verified,200 local build,https://funnytools.win/es/herramientas/eliminar-lineas-vacias/,"index,follow (implicit)",yes,yes,2026-07-29,163,1,no,no,UNKNOWN,UNKNOWN,UNKNOWN,2026-09-02T04:44:11Z,low,none,yes,UNKNOWN,KEEP_INDEXABLE,Functional tool; zero traffic alone is not a pruning reason.
https://funnytools.win/es/herramientas/eliminar-paginas-pdf/,es,tool,pdf,delete-pdf-pages,200 live verified,200 local build,https://funnytools.win/es/herramientas/eliminar-paginas-pdf/,"index,follow (implicit)",yes,yes,2026-07-29,163,1,no,no,UNKNOWN,UNKNOWN,UNKNOWN,UNKNOWN,high,none,yes,measured relationship present,KEEP_INDEXABLE,Functional tool; zero traffic alone is not a pruning reason.
https://funnytools.win/es/herramientas/extraer-paginas-pdf/,es,tool,pdf,extract-pdf-pages,200 live verified,200 local build,https://funnytools.win/es/herramientas/extraer-paginas-pdf/,"index,follow (implicit)",yes,yes,2026-07-29,163,1,no,no,UNKNOWN,UNKNOWN,UNKNOWN,2026-07-30T17:20:19Z,high,none,yes,measured relationship present,KEEP_INDEXABLE,Functional tool; zero traffic alone is not a pruning reason.
https://funnytools.win/es/herramientas/formatear-validar-json/,es,tool,text,json-formatter,200 live verified,200 local build,https://funnytools.win/es/herramientas/formatear-validar-json/,"index,follow (implicit)",yes,yes,2026-07-29,163,1,no,no,UNKNOWN,UNKNOWN,UNKNOWN,UNKNOWN,low,none,yes,UNKNOWN,KEEP_INDEXABLE,Functional tool; zero traffic alone is not a pruning reason.
https://funnytools.win/es/herramientas/generador-codigo-barras/,es,tool,image,barcode-generator,200 live verified,200 local build,https://funnytools.win/es/herramientas/generador-codigo-barras/,"index,follow (implicit)",yes,yes,2026-07-29,163,1,no,no,UNKNOWN,UNKNOWN,UNKNOWN,UNKNOWN,low,none,yes,UNKNOWN,KEEP_INDEXABLE,Functional tool; zero traffic alone is not a pruning reason.
https://funnytools.win/es/herramientas/generador-codigo-qr/,es,tool,image,qr-code-generator,200 live verified,200 local build,https://funnytools.win/es/herramientas/generador-codigo-qr/,"index,follow (implicit)",yes,yes,2026-07-29,163,1,no,no,UNKNOWN,UNKNOWN,UNKNOWN,UNKNOWN,high,none,yes,measured relationship present,KEEP_INDEXABLE,Functional tool; zero traffic alone is not a pruning reason.
https://funnytools.win/es/herramientas/generador-colores-hex-rgb-hsl/,es,tool,random,color-generator,200 live verified,200 local build,https://funnytools.win/es/herramientas/generador-colores-hex-rgb-hsl/,"index,follow (implicit)",yes,yes,2026-07-29,163,1,no,no,UNKNOWN,UNKNOWN,UNKNOWN,UNKNOWN,low,none,yes,UNKNOWN,KEEP_INDEXABLE,Functional tool; zero traffic alone is not a pruning reason.
https://funnytools.win/es/herramientas/generador-contrasenas-seguras/,es,tool,random,password-generator,200 live verified,200 local build,https://funnytools.win/es/herramientas/generador-contrasenas-seguras/,"index,follow (implicit)",yes,yes,2026-07-29,163,1,no,no,UNKNOWN,UNKNOWN,UNKNOWN,UNKNOWN,high,none,yes,measured relationship present,KEEP_INDEXABLE,Functional tool; zero traffic alone is not a pruning reason.
https://funnytools.win/es/herramientas/generador-grupos-aleatorios/,es,tool,random,random-group-generator,200 live verified,200 local build,https://funnytools.win/es/herramientas/generador-grupos-aleatorios/,"index,follow (implicit)",yes,yes,2026-07-29,163,1,no,no,UNKNOWN,UNKNOWN,UNKNOWN,UNKNOWN,high,none,yes,measured relationship present,KEEP_INDEXABLE,Functional tool; zero traffic alone is not a pruning reason.
https://funnytools.win/es/herramientas/generador-informe-apa-7/,es,tool,statistics,apa-7-report-generator,200 live verified,200 local build,https://funnytools.win/es/herramientas/generador-informe-apa-7/,"index,follow (implicit)",yes,yes,2026-07-28,163,1,no,no,UNKNOWN,UNKNOWN,UNKNOWN,UNKNOWN,high,none,yes,measured relationship present,KEEP_INDEXABLE,Functional tool; zero traffic alone is not a pruning reason.
https://funnytools.win/es/herramientas/generador-numeros-aleatorios/,es,tool,random,random-number-picker,200 live verified,200 local build,https://funnytools.win/es/herramientas/generador-numeros-aleatorios/,"index,follow (implicit)",yes,yes,2026-07-29,163,1,no,no,UNKNOWN,UNKNOWN,UNKNOWN,2026-08-19T19:04:56Z,low,none,yes,UNKNOWN,KEEP_INDEXABLE,Functional tool; zero traffic alone is not a pruning reason.
https://funnytools.win/es/herramientas/generador-uuid-v4/,es,tool,random,uuid-generator,200 live verified,200 local build,https://funnytools.win/es/herramientas/generador-uuid-v4/,"index,follow (implicit)",yes,yes,2026-07-29,163,1,no,no,UNKNOWN,UNKNOWN,UNKNOWN,UNKNOWN,low,none,yes,UNKNOWN,KEEP_INDEXABLE,Functional tool; zero traffic alone is not a pruning reason.
https://funnytools.win/es/herramientas/interpretar-resultados-spss/,es,tool,statistics,spss-result-interpreter,200 live verified,200 local build,https://funnytools.win/es/herramientas/interpretar-resultados-spss/,"index,follow (implicit)",yes,yes,2026-07-28,163,1,no,no,UNKNOWN,UNKNOWN,UNKNOWN,UNKNOWN,high,none,yes,measured relationship present,KEEP_INDEXABLE,Functional tool; zero traffic alone is not a pruning reason.
https://funnytools.win/es/herramientas/ordenar-lineas-texto/,es,tool,text,sort-lines,200 live verified,200 local build,https://funnytools.win/es/herramientas/ordenar-lineas-texto/,"index,follow (implicit)",yes,yes,2026-07-29,163,1,no,no,UNKNOWN,UNKNOWN,UNKNOWN,UNKNOWN,high,none,yes,measured relationship present,KEEP_INDEXABLE,Functional tool; zero traffic alone is not a pruning reason.
https://funnytools.win/es/herramientas/ordenar-paginas-pdf/,es,tool,pdf,pdf-page-reorder,200 live verified,200 local build,https://funnytools.win/es/herramientas/ordenar-paginas-pdf/,"index,follow (implicit)",yes,yes,2026-07-29,163,1,no,no,UNKNOWN,UNKNOWN,UNKNOWN,2026-08-09T04:10:06Z,high,none,yes,measured relationship present,KEEP_INDEXABLE,Functional tool; zero traffic alone is not a pruning reason.
https://funnytools.win/es/herramientas/pizarra-dibujo-online/,es,tool,draw,sketchpad,200 live verified,200 local build,https://funnytools.win/es/herramientas/pizarra-dibujo-online/,"index,follow (implicit)",yes,yes,2026-07-29,164,1,no,no,UNKNOWN,UNKNOWN,UNKNOWN,2026-07-31T00:35:44Z,low,none,yes,UNKNOWN,KEEP_INDEXABLE,Functional tool; zero traffic alone is not a pruning reason.
https://funnytools.win/es/herramientas/que-comer-hoy/,es,tool,random,what-to-eat,200 live verified,200 local build,https://funnytools.win/es/herramientas/que-comer-hoy/,"index,follow (implicit)",yes,yes,2026-07-29,163,1,no,no,UNKNOWN,UNKNOWN,UNKNOWN,2026-09-12T02:38:38Z,low,none,yes,UNKNOWN,KEEP_INDEXABLE,Functional tool; zero traffic alone is not a pruning reason.
https://funnytools.win/es/herramientas/recordatorio-descansos/,es,tool,time,break-reminder,200 live verified,200 local build,https://funnytools.win/es/herramientas/recordatorio-descansos/,"index,follow (implicit)",yes,yes,2026-07-29,163,1,no,no,UNKNOWN,UNKNOWN,UNKNOWN,2026-08-04T05:44:47Z,high,none,yes,measured relationship present,KEEP_INDEXABLE,Functional tool; zero traffic alone is not a pruning reason.
https://funnytools.win/es/herramientas/recortar-imagen/,es,tool,image,image-crop,200 live verified,200 local build,https://funnytools.win/es/herramientas/recortar-imagen/,"index,follow (implicit)",yes,yes,2026-07-29,163,1,no,no,UNKNOWN,UNKNOWN,UNKNOWN,UNKNOWN,high,none,yes,measured relationship present,KEEP_INDEXABLE,Functional tool; zero traffic alone is not a pruning reason.
https://funnytools.win/es/herramientas/redimensionar-imagen/,es,tool,image,image-resizer,200 live verified,200 local build,https://funnytools.win/es/herramientas/redimensionar-imagen/,"index,follow (implicit)",yes,yes,2026-07-29,163,1,no,no,UNKNOWN,UNKNOWN,UNKNOWN,UNKNOWN,high,none,yes,measured relationship present,KEEP_INDEXABLE,Functional tool; zero traffic alone is not a pruning reason.
https://funnytools.win/es/herramientas/rotar-pdf/,es,tool,pdf,rotate-pdf,200 live verified,200 local build,https://funnytools.win/es/herramientas/rotar-pdf/,"index,follow (implicit)",yes,yes,2026-07-29,163,1,no,no,UNKNOWN,UNKNOWN,UNKNOWN,UNKNOWN,high,none,yes,measured relationship present,KEEP_INDEXABLE,Functional tool; zero traffic alone is not a pruning reason.
https://funnytools.win/es/herramientas/rotar-voltear-imagen/,es,tool,image,image-rotate-flip,200 live verified,200 local build,https://funnytools.win/es/herramientas/rotar-voltear-imagen/,"index,follow (implicit)",yes,yes,2026-07-29,163,1,no,no,UNKNOWN,UNKNOWN,UNKNOWN,UNKNOWN,low,none,yes,UNKNOWN,KEEP_INDEXABLE,Functional tool; zero traffic alone is not a pruning reason.
https://funnytools.win/es/herramientas/ruleta-aleatoria/,es,tool,random,random-wheel,200 live verified,200 local build,https://funnytools.win/es/herramientas/ruleta-aleatoria/,"index,follow (implicit)",yes,yes,2026-07-29,163,1,no,no,UNKNOWN,UNKNOWN,UNKNOWN,2026-08-05T07:01:53Z,high,none,yes,measured relationship present,KEEP_INDEXABLE,Functional tool; zero traffic alone is not a pruning reason.
https://funnytools.win/es/herramientas/selector-aleatorio-alumnos/,es,tool,study,random-student-picker,200 live verified,200 local build,https://funnytools.win/es/herramientas/selector-aleatorio-alumnos/,"index,follow (implicit)",yes,yes,2026-07-29,163,1,no,no,UNKNOWN,UNKNOWN,UNKNOWN,UNKNOWN,high,none,yes,measured relationship present,KEEP_INDEXABLE,Functional tool; zero traffic alone is not a pruning reason.
https://funnytools.win/es/herramientas/sorteo-nombres-aleatorio/,es,tool,random,random-name-picker,200 live verified,200 local build,https://funnytools.win/es/herramientas/sorteo-nombres-aleatorio/,"index,follow (implicit)",yes,yes,2026-07-29,163,1,no,no,UNKNOWN,UNKNOWN,UNKNOWN,2026-08-03T06:54:07Z,high,none,yes,measured relationship present,KEEP_INDEXABLE,Functional tool; zero traffic alone is not a pruning reason.
https://funnytools.win/es/herramientas/temporizador-online/,es,tool,time,countdown-timer,200 live verified,200 local build,https://funnytools.win/es/herramientas/temporizador-online/,"index,follow (implicit)",yes,yes,2026-07-29,163,1,no,no,UNKNOWN,UNKNOWN,UNKNOWN,UNKNOWN,high,none,yes,measured relationship present,KEEP_INDEXABLE,Functional tool; zero traffic alone is not a pruning reason.
https://funnytools.win/es/herramientas/temporizador-pomodoro/,es,tool,time,pomodoro-timer,200 live verified,200 local build,https://funnytools.win/es/herramientas/temporizador-pomodoro/,"index,follow (implicit)",yes,yes,2026-07-29,164,1,no,no,UNKNOWN,UNKNOWN,UNKNOWN,UNKNOWN,high,none,yes,measured relationship present,KEEP_INDEXABLE,Functional tool; zero traffic alone is not a pruning reason.
https://funnytools.win/es/herramientas/tirar-dados-online/,es,tool,random,dice-roller,200 live verified,200 local build,https://funnytools.win/es/herramientas/tirar-dados-online/,"index,follow (implicit)",yes,yes,2026-07-29,163,1,yes,no,0,2,57.5,2026-08-09T04:31:05Z,low,none,yes,UNKNOWN,PROTECT,Phase 2B treatment P2B-06; Phase 2B treatment P2B-06
https://funnytools.win/es/herramientas/unir-pdf/,es,tool,pdf,merge-pdf,200 live verified,200 local build,https://funnytools.win/es/herramientas/unir-pdf/,"index,follow (implicit)",yes,yes,2026-07-29,163,1,no,no,UNKNOWN,UNKNOWN,UNKNOWN,2026-08-22T03:31:46Z,high,none,yes,measured relationship present,KEEP_INDEXABLE,Functional tool; zero traffic alone is not a pruning reason.
https://funnytools.win/es/para/,es,hub,general,,200 live verified,200 local build,https://funnytools.win/es/para/,"index,follow (implicit)",yes,yes,2026-07-29,179,1,no,no,UNKNOWN,UNKNOWN,UNKNOWN,2026-09-04T18:01:57Z,high,none,UNKNOWN,measured relationship present,OBSERVE,No destructive decision without row-level evidence.
https://funnytools.win/es/para/creadores/,es,audience,creators,,200 live verified,200 local build,https://funnytools.win/es/para/creadores/,"index,follow (implicit)",yes,yes,2026-07-29,174,2,no,no,UNKNOWN,UNKNOWN,UNKNOWN,2026-08-19T17:57:39Z,high,none,UNKNOWN,measured relationship present,OBSERVE,No destructive decision without row-level evidence.
https://funnytools.win/es/para/desarrolladores/,es,audience,developers,,200 live verified,200 local build,https://funnytools.win/es/para/desarrolladores/,"index,follow (implicit)",yes,yes,2026-07-29,170,2,no,no,UNKNOWN,UNKNOWN,UNKNOWN,UNKNOWN,high,none,UNKNOWN,measured relationship present,OBSERVE,No destructive decision without row-level evidence.
https://funnytools.win/es/para/disenadores/,es,audience,designers,,200 live verified,200 local build,https://funnytools.win/es/para/disenadores/,"index,follow (implicit)",yes,yes,2026-07-29,176,2,no,no,UNKNOWN,UNKNOWN,UNKNOWN,UNKNOWN,high,none,UNKNOWN,measured relationship present,OBSERVE,No destructive decision without row-level evidence.
https://funnytools.win/es/para/docentes/,es,audience,teachers,,200 live verified,200 local build,https://funnytools.win/es/para/docentes/,"index,follow (implicit)",yes,yes,2026-07-29,178,2,no,no,UNKNOWN,UNKNOWN,UNKNOWN,2026-08-10T02:17:38Z,high,none,UNKNOWN,measured relationship present,OBSERVE,No destructive decision without row-level evidence.
https://funnytools.win/es/para/estudiantes/,es,audience,students,,200 live verified,200 local build,https://funnytools.win/es/para/estudiantes/,"index,follow (implicit)",yes,yes,2026-07-29,178,2,no,no,UNKNOWN,UNKNOWN,UNKNOWN,UNKNOWN,high,none,UNKNOWN,measured relationship present,OBSERVE,No destructive decision without row-level evidence.
https://funnytools.win/es/para/oficina/,es,audience,office-workers,,200 live verified,200 local build,https://funnytools.win/es/para/oficina/,"index,follow (implicit)",yes,yes,2026-07-29,177,2,no,no,UNKNOWN,UNKNOWN,UNKNOWN,2026-08-20T19:00:42Z,high,none,UNKNOWN,measured relationship present,OBSERVE,No destructive decision without row-level evidence.
https://funnytools.win/es/privacidad/,es,legal,general,,200 live verified,200 local build,https://funnytools.win/es/privacidad/,"index,follow (implicit)",yes,yes,2026-09-02,162,1,no,no,UNKNOWN,UNKNOWN,UNKNOWN,2026-07-30T19:35:19Z,high,none,UNKNOWN,measured relationship present,OBSERVE,No destructive decision without row-level evidence.
https://funnytools.win/es/sobre-funnytools/,es,legal,general,,200 live verified,200 local build,https://funnytools.win/es/sobre-funnytools/,"index,follow (implicit)",yes,yes,2026-09-02,165,1,no,no,UNKNOWN,UNKNOWN,UNKNOWN,2026-08-16T12:50:27Z,high,none,UNKNOWN,measured relationship present,OBSERVE,No destructive decision without row-level evidence.
https://funnytools.win/es/tienda/,es,support,general,,200 live verified,200 local build,https://funnytools.win/es/tienda/,"index,follow (implicit)",yes,yes,2026-07-29,160,1,no,no,UNKNOWN,UNKNOWN,UNKNOWN,UNKNOWN,low,none,UNKNOWN,UNKNOWN,OBSERVE,No destructive decision without row-level evidence.
https://funnytools.win/fr/,fr,home,general,,200 live verified,200 local build,https://funnytools.win/fr/,"index,follow (implicit)",yes,yes,2026-07-30,169,0,no,no,0,3,4,2026-09-11T21:30:02Z,high,none,UNKNOWN,measured relationship present,OBSERVE,No destructive decision without row-level evidence.
https://funnytools.win/fr/confidentialite/,fr,legal,general,,200 live verified,200 local build,https://funnytools.win/fr/confidentialite/,"index,follow (implicit)",yes,yes,2026-09-02,28,1,no,no,UNKNOWN,UNKNOWN,UNKNOWN,2026-08-02T06:32:21Z,high,none,UNKNOWN,measured relationship present,OBSERVE,No destructive decision without row-level evidence.
https://funnytools.win/fr/fonctionnement-outils/,fr,legal,general,,200 live verified,200 local build,https://funnytools.win/fr/fonctionnement-outils/,"index,follow (implicit)",yes,yes,2026-09-02,29,1,no,no,0,2,2,2026-08-05T07:26:52Z,high,none,UNKNOWN,measured relationship present,OBSERVE,No destructive decision without row-level evidence.
https://funnytools.win/fr/outils/,fr,hub,general,,200 live verified,200 local build,https://funnytools.win/fr/outils/,"index,follow (implicit)",yes,yes,2026-09-02,172,1,no,no,UNKNOWN,UNKNOWN,UNKNOWN,UNKNOWN,high,none,UNKNOWN,measured relationship present,OBSERVE,No destructive decision without row-level evidence.
https://funnytools.win/fr/outils/calcul-moyenne-notes/,fr,tool,statistics,grade-average,200 live verified,200 local build,https://funnytools.win/fr/outils/calcul-moyenne-notes/,"index,follow (implicit)",yes,yes,2026-09-10,29,1,yes,no,UNKNOWN,UNKNOWN,UNKNOWN,2026-08-08T07:10:58Z,high,none,yes,measured relationship present,PROTECT,Phase 2B treatment P2B-11; Phase 2B treatment P2B-11
https://funnytools.win/fr/outils/calculateur-age/,fr,tool,time,age-calculator,200 live verified,200 local build,https://funnytools.win/fr/outils/calculateur-age/,"index,follow (implicit)",yes,yes,2026-07-29,29,1,no,no,UNKNOWN,UNKNOWN,UNKNOWN,UNKNOWN,low,none,yes,UNKNOWN,KEEP_INDEXABLE,Functional tool; zero traffic alone is not a pruning reason.
https://funnytools.win/fr/outils/calculateur-ecart-type/,fr,tool,statistics,standard-deviation,200 live verified,200 local build,https://funnytools.win/fr/outils/calculateur-ecart-type/,"index,follow (implicit)",yes,yes,2026-07-29,29,1,no,yes,UNKNOWN,UNKNOWN,UNKNOWN,2026-08-06T02:39:08Z,low,none,yes,UNKNOWN,PROTECT,Phase 2B control P2B-11; Phase 2B control P2B-11
https://funnytools.win/fr/outils/calculateur-heures-supplementaires/,fr,tool,money,overtime-pay,200 live verified,200 local build,https://funnytools.win/fr/outils/calculateur-heures-supplementaires/,"index,follow (implicit)",yes,yes,2026-07-29,29,1,no,no,UNKNOWN,UNKNOWN,UNKNOWN,UNKNOWN,low,none,yes,UNKNOWN,KEEP_INDEXABLE,Functional tool; zero traffic alone is not a pruning reason.
https://funnytools.win/fr/outils/calculateur-inflation-pouvoir-achat/,fr,tool,money,inflation,200 live verified,200 local build,https://funnytools.win/fr/outils/calculateur-inflation-pouvoir-achat/,"index,follow (implicit)",yes,yes,2026-09-04,29,1,yes,no,UNKNOWN,UNKNOWN,UNKNOWN,2026-08-21T15:13:18Z,low,none,yes,UNKNOWN,PROTECT,Phase 2B treatment P2B-12; Phase 2B treatment P2B-12
https://funnytools.win/fr/outils/calculateur-interets-composes/,fr,tool,money,compound-interest,200 live verified,200 local build,https://funnytools.win/fr/outils/calculateur-interets-composes/,"index,follow (implicit)",yes,yes,2026-07-29,29,1,no,no,UNKNOWN,UNKNOWN,UNKNOWN,2026-08-15T01:40:54Z,high,none,yes,measured relationship present,KEEP_INDEXABLE,Functional tool; zero traffic alone is not a pruning reason.
https://funnytools.win/fr/outils/calculateur-jours-ouvres/,fr,tool,time,business-days,200 live verified,200 local build,https://funnytools.win/fr/outils/calculateur-jours-ouvres/,"index,follow (implicit)",yes,yes,2026-07-29,29,1,yes,no,UNKNOWN,UNKNOWN,UNKNOWN,2026-08-01T05:08:42Z,low,none,yes,UNKNOWN,PROTECT,Phase 2B treatment P2B-13; Phase 2B treatment P2B-13
https://funnytools.win/fr/outils/calculateur-mensualite-pret-immobilier/,fr,tool,money,mortgage-payment,200 live verified,200 local build,https://funnytools.win/fr/outils/calculateur-mensualite-pret-immobilier/,"index,follow (implicit)",yes,yes,2026-07-29,29,1,no,yes,UNKNOWN,UNKNOWN,UNKNOWN,2026-08-19T17:04:43Z,low,none,yes,UNKNOWN,PROTECT,Phase 2B control P2B-12; Phase 2B control P2B-12
https://funnytools.win/fr/outils/calculateur-moyenne-ponderee/,fr,tool,statistics,weighted-average-calculator,200 live verified,200 local build,https://funnytools.win/fr/outils/calculateur-moyenne-ponderee/,"index,follow (implicit)",yes,yes,2026-07-30,29,1,yes,no,UNKNOWN,UNKNOWN,UNKNOWN,2026-08-24T06:24:53Z,high,none,yes,measured relationship present,PROTECT,Phase 2B treatment P2B-14; Phase 2B treatment P2B-14
https://funnytools.win/fr/outils/calculateur-objectif-epargne/,fr,tool,money,savings-goal,200 live verified,200 local build,https://funnytools.win/fr/outils/calculateur-objectif-epargne/,"index,follow (implicit)",yes,yes,2026-07-29,29,1,no,no,UNKNOWN,UNKNOWN,UNKNOWN,UNKNOWN,high,none,yes,measured relationship present,KEEP_INDEXABLE,Functional tool; zero traffic alone is not a pruning reason.
https://funnytools.win/fr/outils/calculateur-pourcentage/,fr,tool,statistics,percentage-calculator,200 live verified,200 local build,https://funnytools.win/fr/outils/calculateur-pourcentage/,"index,follow (implicit)",yes,yes,2026-07-29,29,1,no,no,UNKNOWN,UNKNOWN,UNKNOWN,2026-08-05T19:29:21Z,low,none,yes,UNKNOWN,KEEP_INDEXABLE,Functional tool; zero traffic alone is not a pruning reason.
https://funnytools.win/fr/outils/calculateur-rang-percentile/,fr,tool,statistics,percentile-rank-calculator,200 live verified,200 local build,https://funnytools.win/fr/outils/calculateur-rang-percentile/,"index,follow (implicit)",yes,yes,2026-07-29,29,1,no,no,UNKNOWN,UNKNOWN,UNKNOWN,UNKNOWN,low,none,yes,UNKNOWN,KEEP_INDEXABLE,Functional tool; zero traffic alone is not a pruning reason.
https://funnytools.win/fr/outils/calculateur-salaire-net/,fr,tool,money,net-salary,200 live verified,200 local build,https://funnytools.win/fr/outils/calculateur-salaire-net/,"index,follow (implicit)",yes,yes,2026-07-29,29,1,no,no,UNKNOWN,UNKNOWN,UNKNOWN,UNKNOWN,low,none,yes,UNKNOWN,KEEP_INDEXABLE,Functional tool; zero traffic alone is not a pruning reason.
https://funnytools.win/fr/outils/calculateur-score-t/,fr,tool,statistics,t-score-calculator,200 live verified,200 local build,https://funnytools.win/fr/outils/calculateur-score-t/,"index,follow (implicit)",yes,yes,2026-07-30,29,1,no,yes,UNKNOWN,UNKNOWN,UNKNOWN,2026-09-04T13:48:14Z,low,none,yes,UNKNOWN,PROTECT,Phase 2B control P2B-14; Phase 2B control P2B-14
https://funnytools.win/fr/outils/calculateur-score-z/,fr,tool,statistics,z-score-calculator,200 live verified,200 local build,https://funnytools.win/fr/outils/calculateur-score-z/,"index,follow (implicit)",yes,yes,2026-07-30,30,1,no,no,UNKNOWN,UNKNOWN,UNKNOWN,UNKNOWN,low,none,yes,UNKNOWN,KEEP_INDEXABLE,Functional tool; zero traffic alone is not a pruning reason.
https://funnytools.win/fr/outils/calculer-difference-entre-dates/,fr,tool,time,date-difference,200 live verified,200 local build,https://funnytools.win/fr/outils/calculer-difference-entre-dates/,"index,follow (implicit)",yes,yes,2026-07-29,29,1,yes,no,UNKNOWN,UNKNOWN,UNKNOWN,2026-08-19T16:16:16Z,low,none,yes,UNKNOWN,PROTECT,Phase 2B treatment P2B-15; Phase 2B treatment P2B-15
https://funnytools.win/fr/outils/cao-2d-en-ligne/,fr,tool,draw,cad-2d,200 live verified,200 local build,https://funnytools.win/fr/outils/cao-2d-en-ligne/,"index,follow (implicit)",yes,yes,2026-07-29,29,1,no,no,UNKNOWN,UNKNOWN,UNKNOWN,UNKNOWN,low,none,yes,UNKNOWN,KEEP_INDEXABLE,Functional tool; zero traffic alone is not a pruning reason.
https://funnytools.win/fr/outils/choisir-entre-deux-options/,fr,tool,random,this-or-that,200 live verified,200 local build,https://funnytools.win/fr/outils/choisir-entre-deux-options/,"index,follow (implicit)",yes,yes,2026-07-29,29,1,no,no,UNKNOWN,UNKNOWN,UNKNOWN,2026-08-11T04:57:47Z,low,none,yes,UNKNOWN,KEEP_INDEXABLE,Functional tool; zero traffic alone is not a pruning reason.
https://funnytools.win/fr/outils/chronometre-en-ligne/,fr,tool,time,stopwatch,200 live verified,200 local build,https://funnytools.win/fr/outils/chronometre-en-ligne/,"index,follow (implicit)",yes,yes,2026-07-29,29,1,no,no,UNKNOWN,UNKNOWN,UNKNOWN,UNKNOWN,low,none,yes,UNKNOWN,KEEP_INDEXABLE,Functional tool; zero traffic alone is not a pruning reason.
https://funnytools.win/fr/outils/compresser-image/,fr,tool,image,image-compressor,200 live verified,200 local build,https://funnytools.win/fr/outils/compresser-image/,"index,follow (implicit)",yes,yes,2026-07-29,29,1,no,no,UNKNOWN,UNKNOWN,UNKNOWN,UNKNOWN,high,none,yes,measured relationship present,KEEP_INDEXABLE,Functional tool; zero traffic alone is not a pruning reason.
https://funnytools.win/fr/outils/compresser-pdf/,fr,tool,pdf,pdf-compressor,200 live verified,200 local build,https://funnytools.win/fr/outils/compresser-pdf/,"index,follow (implicit)",yes,yes,2026-07-29,29,1,no,no,UNKNOWN,UNKNOWN,UNKNOWN,UNKNOWN,low,none,yes,UNKNOWN,KEEP_INDEXABLE,Functional tool; zero traffic alone is not a pruning reason.
https://funnytools.win/fr/outils/compteur-caracteres/,fr,tool,text,character-counter,200 live verified,200 local build,https://funnytools.win/fr/outils/compteur-caracteres/,"index,follow (implicit)",yes,yes,2026-07-29,29,1,no,no,UNKNOWN,UNKNOWN,UNKNOWN,UNKNOWN,low,none,yes,UNKNOWN,KEEP_INDEXABLE,Functional tool; zero traffic alone is not a pruning reason.
https://funnytools.win/fr/outils/compteur-mots/,fr,tool,text,word-counter,200 live verified,200 local build,https://funnytools.win/fr/outils/compteur-mots/,"index,follow (implicit)",yes,yes,2026-07-29,29,1,no,no,UNKNOWN,UNKNOWN,UNKNOWN,UNKNOWN,low,none,yes,UNKNOWN,KEEP_INDEXABLE,Functional tool; zero traffic alone is not a pruning reason.
https://funnytools.win/fr/outils/convertir-csv-en-json/,fr,tool,text,csv-to-json,200 live verified,200 local build,https://funnytools.win/fr/outils/convertir-csv-en-json/,"index,follow (implicit)",yes,yes,2026-07-29,29,1,no,no,UNKNOWN,UNKNOWN,UNKNOWN,2026-08-19T06:54:04Z,high,none,yes,measured relationship present,KEEP_INDEXABLE,Functional tool; zero traffic alone is not a pruning reason.
https://funnytools.win/fr/outils/convertir-image-en-base64/,fr,tool,image,image-to-base64,200 live verified,200 local build,https://funnytools.win/fr/outils/convertir-image-en-base64/,"index,follow (implicit)",yes,yes,2026-07-29,29,1,no,no,UNKNOWN,UNKNOWN,UNKNOWN,UNKNOWN,low,none,yes,UNKNOWN,KEEP_INDEXABLE,Functional tool; zero traffic alone is not a pruning reason.
https://funnytools.win/fr/outils/convertir-images-en-pdf/,fr,tool,pdf,images-to-pdf,200 live verified,200 local build,https://funnytools.win/fr/outils/convertir-images-en-pdf/,"index,follow (implicit)",yes,yes,2026-07-29,29,1,no,no,UNKNOWN,UNKNOWN,UNKNOWN,2026-08-24T15:07:42Z,low,none,yes,UNKNOWN,KEEP_INDEXABLE,Functional tool; zero traffic alone is not a pruning reason.
https://funnytools.win/fr/outils/convertir-jpg-en-png/,fr,tool,image,jpg-to-png,200 live verified,200 local build,https://funnytools.win/fr/outils/convertir-jpg-en-png/,"index,follow (implicit)",yes,yes,2026-07-29,29,1,no,no,UNKNOWN,UNKNOWN,UNKNOWN,2026-08-04T14:27:37Z,high,none,yes,measured relationship present,KEEP_INDEXABLE,Functional tool; zero traffic alone is not a pruning reason.
https://funnytools.win/fr/outils/convertir-jpg-en-webp/,fr,tool,image,jpg-to-webp,200 live verified,200 local build,https://funnytools.win/fr/outils/convertir-jpg-en-webp/,"index,follow (implicit)",yes,yes,2026-07-29,29,1,no,no,UNKNOWN,UNKNOWN,UNKNOWN,2026-08-19T17:40:00Z,high,none,yes,measured relationship present,KEEP_INDEXABLE,Functional tool; zero traffic alone is not a pruning reason.
https://funnytools.win/fr/outils/convertir-json-en-csv/,fr,tool,text,json-to-csv,200 live verified,200 local build,https://funnytools.win/fr/outils/convertir-json-en-csv/,"index,follow (implicit)",yes,yes,2026-07-29,29,1,no,no,UNKNOWN,UNKNOWN,UNKNOWN,UNKNOWN,high,none,yes,measured relationship present,KEEP_INDEXABLE,Functional tool; zero traffic alone is not a pruning reason.
https://funnytools.win/fr/outils/convertir-majuscules-minuscules/,fr,tool,text,case-converter,200 live verified,200 local build,https://funnytools.win/fr/outils/convertir-majuscules-minuscules/,"index,follow (implicit)",yes,yes,2026-07-29,29,1,no,no,UNKNOWN,UNKNOWN,UNKNOWN,2026-08-25T12:23:19Z,low,none,yes,UNKNOWN,KEEP_INDEXABLE,Functional tool; zero traffic alone is not a pruning reason.
https://funnytools.win/fr/outils/convertir-pdf-en-image/,fr,tool,pdf,pdf-to-image,200 live verified,200 local build,https://funnytools.win/fr/outils/convertir-pdf-en-image/,"index,follow (implicit)",yes,yes,2026-07-29,29,1,no,no,UNKNOWN,UNKNOWN,UNKNOWN,UNKNOWN,low,none,yes,UNKNOWN,KEEP_INDEXABLE,Functional tool; zero traffic alone is not a pruning reason.
https://funnytools.win/fr/outils/convertir-png-en-jpg/,fr,tool,image,png-to-jpg,200 live verified,200 local build,https://funnytools.win/fr/outils/convertir-png-en-jpg/,"index,follow (implicit)",yes,yes,2026-07-29,29,1,no,no,UNKNOWN,UNKNOWN,UNKNOWN,UNKNOWN,high,none,yes,measured relationship present,KEEP_INDEXABLE,Functional tool; zero traffic alone is not a pruning reason.
https://funnytools.win/fr/outils/convertir-timestamp-unix/,fr,tool,time,timestamp-converter,200 live verified,200 local build,https://funnytools.win/fr/outils/convertir-timestamp-unix/,"index,follow (implicit)",yes,yes,2026-07-29,29,1,no,yes,UNKNOWN,UNKNOWN,UNKNOWN,2026-08-21T16:45:24Z,low,none,yes,UNKNOWN,PROTECT,Phase 2B control P2B-15; Phase 2B control P2B-15
https://funnytools.win/fr/outils/convertir-webp-en-jpg/,fr,tool,image,webp-to-jpg,200 live verified,200 local build,https://funnytools.win/fr/outils/convertir-webp-en-jpg/,"index,follow (implicit)",yes,yes,2026-07-29,29,1,no,no,UNKNOWN,UNKNOWN,UNKNOWN,2026-08-31T03:44:20Z,high,none,yes,measured relationship present,KEEP_INDEXABLE,Functional tool; zero traffic alone is not a pruning reason.
https://funnytools.win/fr/outils/creer-diagramme-circulaire/,fr,tool,draw,pie-chart-maker,200 live verified,200 local build,https://funnytools.win/fr/outils/creer-diagramme-circulaire/,"index,follow (implicit)",yes,yes,2026-07-29,29,1,no,no,UNKNOWN,UNKNOWN,UNKNOWN,UNKNOWN,high,none,yes,measured relationship present,KEEP_INDEXABLE,Functional tool; zero traffic alone is not a pruning reason.
https://funnytools.win/fr/outils/creer-diagramme-flux/,fr,tool,draw,flowchart,200 live verified,200 local build,https://funnytools.win/fr/outils/creer-diagramme-flux/,"index,follow (implicit)",yes,yes,2026-07-29,30,1,no,no,UNKNOWN,UNKNOWN,UNKNOWN,2026-08-19T17:48:49Z,low,none,yes,UNKNOWN,KEEP_INDEXABLE,Functional tool; zero traffic alone is not a pruning reason.
https://funnytools.win/fr/outils/creer-graphique-barres/,fr,tool,draw,bar-chart-maker,200 live verified,200 local build,https://funnytools.win/fr/outils/creer-graphique-barres/,"index,follow (implicit)",yes,yes,2026-07-29,29,1,no,no,UNKNOWN,UNKNOWN,UNKNOWN,UNKNOWN,high,none,yes,measured relationship present,KEEP_INDEXABLE,Functional tool; zero traffic alone is not a pruning reason.
https://funnytools.win/fr/outils/diviser-pdf/,fr,tool,pdf,split-pdf,200 live verified,200 local build,https://funnytools.win/fr/outils/diviser-pdf/,"index,follow (implicit)",yes,yes,2026-07-29,29,1,no,no,UNKNOWN,UNKNOWN,UNKNOWN,2026-08-18T18:09:36Z,high,none,yes,measured relationship present,KEEP_INDEXABLE,Functional tool; zero traffic alone is not a pruning reason.
https://funnytools.win/fr/outils/editeur-markdown-en-ligne/,fr,tool,text,markdown-previewer,200 live verified,200 local build,https://funnytools.win/fr/outils/editeur-markdown-en-ligne/,"index,follow (implicit)",yes,yes,2026-07-29,29,1,no,no,UNKNOWN,UNKNOWN,UNKNOWN,2026-08-21T13:32:48Z,low,none,yes,UNKNOWN,KEEP_INDEXABLE,Functional tool; zero traffic alone is not a pruning reason.
https://funnytools.win/fr/outils/encoder-decoder-base64/,fr,tool,text,base64,200 live verified,200 local build,https://funnytools.win/fr/outils/encoder-decoder-base64/,"index,follow (implicit)",yes,yes,2026-09-03,29,1,no,no,UNKNOWN,UNKNOWN,UNKNOWN,2026-09-12T01:23:37Z,low,none,yes,UNKNOWN,KEEP_INDEXABLE,Functional tool; zero traffic alone is not a pruning reason.
https://funnytools.win/fr/outils/encoder-decoder-url/,fr,tool,text,url-encoder,200 live verified,200 local build,https://funnytools.win/fr/outils/encoder-decoder-url/,"index,follow (implicit)",yes,yes,2026-07-29,29,1,no,no,UNKNOWN,UNKNOWN,UNKNOWN,2026-08-25T13:39:19Z,low,none,yes,UNKNOWN,KEEP_INDEXABLE,Functional tool; zero traffic alone is not a pruning reason.
https://funnytools.win/fr/outils/extraire-pages-pdf/,fr,tool,pdf,extract-pdf-pages,200 live verified,200 local build,https://funnytools.win/fr/outils/extraire-pages-pdf/,"index,follow (implicit)",yes,yes,2026-07-29,29,1,no,no,UNKNOWN,UNKNOWN,UNKNOWN,UNKNOWN,high,none,yes,measured relationship present,KEEP_INDEXABLE,Functional tool; zero traffic alone is not a pruning reason.
https://funnytools.win/fr/outils/faire-pivoter-image/,fr,tool,image,image-rotate-flip,200 live verified,200 local build,https://funnytools.win/fr/outils/faire-pivoter-image/,"index,follow (implicit)",yes,yes,2026-07-29,29,1,no,no,UNKNOWN,UNKNOWN,UNKNOWN,2026-09-02T03:13:01Z,low,none,yes,UNKNOWN,KEEP_INDEXABLE,Functional tool; zero traffic alone is not a pruning reason.
https://funnytools.win/fr/outils/faire-pivoter-pdf/,fr,tool,pdf,rotate-pdf,200 live verified,200 local build,https://funnytools.win/fr/outils/faire-pivoter-pdf/,"index,follow (implicit)",yes,yes,2026-07-29,29,1,no,no,UNKNOWN,UNKNOWN,UNKNOWN,UNKNOWN,low,none,yes,UNKNOWN,KEEP_INDEXABLE,Functional tool; zero traffic alone is not a pruning reason.
https://funnytools.win/fr/outils/formater-valider-json/,fr,tool,text,json-formatter,200 live verified,200 local build,https://funnytools.win/fr/outils/formater-valider-json/,"index,follow (implicit)",yes,yes,2026-07-29,29,1,no,no,UNKNOWN,UNKNOWN,UNKNOWN,UNKNOWN,low,none,yes,UNKNOWN,KEEP_INDEXABLE,Functional tool; zero traffic alone is not a pruning reason.
https://funnytools.win/fr/outils/fusionner-pdf/,fr,tool,pdf,merge-pdf,200 live verified,200 local build,https://funnytools.win/fr/outils/fusionner-pdf/,"index,follow (implicit)",yes,yes,2026-07-29,29,1,no,no,UNKNOWN,UNKNOWN,UNKNOWN,2026-08-21T04:46:45Z,high,none,yes,measured relationship present,KEEP_INDEXABLE,Functional tool; zero traffic alone is not a pruning reason.
https://funnytools.win/fr/outils/generateur-code-barres/,fr,tool,image,barcode-generator,200 live verified,200 local build,https://funnytools.win/fr/outils/generateur-code-barres/,"index,follow (implicit)",yes,yes,2026-07-29,29,1,no,no,UNKNOWN,UNKNOWN,UNKNOWN,UNKNOWN,low,none,yes,UNKNOWN,KEEP_INDEXABLE,Functional tool; zero traffic alone is not a pruning reason.
https://funnytools.win/fr/outils/generateur-code-qr/,fr,tool,image,qr-code-generator,200 live verified,200 local build,https://funnytools.win/fr/outils/generateur-code-qr/,"index,follow (implicit)",yes,yes,2026-07-29,29,1,no,no,UNKNOWN,UNKNOWN,UNKNOWN,UNKNOWN,low,none,yes,UNKNOWN,KEEP_INDEXABLE,Functional tool; zero traffic alone is not a pruning reason.
https://funnytools.win/fr/outils/generateur-couleurs-hex-rgb-hsl/,fr,tool,random,color-generator,200 live verified,200 local build,https://funnytools.win/fr/outils/generateur-couleurs-hex-rgb-hsl/,"index,follow (implicit)",yes,yes,2026-07-29,29,1,no,no,UNKNOWN,UNKNOWN,UNKNOWN,UNKNOWN,low,none,yes,UNKNOWN,KEEP_INDEXABLE,Functional tool; zero traffic alone is not a pruning reason.
https://funnytools.win/fr/outils/generateur-groupes-aleatoires/,fr,tool,random,random-group-generator,200 live verified,200 local build,https://funnytools.win/fr/outils/generateur-groupes-aleatoires/,"index,follow (implicit)",yes,yes,2026-07-29,29,1,no,no,UNKNOWN,UNKNOWN,UNKNOWN,UNKNOWN,high,none,yes,measured relationship present,KEEP_INDEXABLE,Functional tool; zero traffic alone is not a pruning reason.
https://funnytools.win/fr/outils/generateur-groupes-classe/,fr,tool,study,group-generator,200 live verified,200 local build,https://funnytools.win/fr/outils/generateur-groupes-classe/,"index,follow (implicit)",yes,yes,2026-07-29,29,1,no,no,UNKNOWN,UNKNOWN,UNKNOWN,UNKNOWN,high,none,yes,measured relationship present,KEEP_INDEXABLE,Functional tool; zero traffic alone is not a pruning reason.
https://funnytools.win/fr/outils/generateur-mot-de-passe-securise/,fr,tool,random,password-generator,200 live verified,200 local build,https://funnytools.win/fr/outils/generateur-mot-de-passe-securise/,"index,follow (implicit)",yes,yes,2026-07-29,29,1,no,no,UNKNOWN,UNKNOWN,UNKNOWN,UNKNOWN,low,none,yes,UNKNOWN,KEEP_INDEXABLE,Functional tool; zero traffic alone is not a pruning reason.
https://funnytools.win/fr/outils/generateur-nombres-aleatoires/,fr,tool,random,random-number-picker,200 live verified,200 local build,https://funnytools.win/fr/outils/generateur-nombres-aleatoires/,"index,follow (implicit)",yes,yes,2026-09-02,29,1,no,no,UNKNOWN,UNKNOWN,UNKNOWN,2026-08-01T15:44:04Z,high,none,yes,measured relationship present,KEEP_INDEXABLE,Functional tool; zero traffic alone is not a pruning reason.
https://funnytools.win/fr/outils/generateur-uuid-v4/,fr,tool,random,uuid-generator,200 live verified,200 local build,https://funnytools.win/fr/outils/generateur-uuid-v4/,"index,follow (implicit)",yes,yes,2026-07-29,29,1,no,no,UNKNOWN,UNKNOWN,UNKNOWN,UNKNOWN,low,none,yes,UNKNOWN,KEEP_INDEXABLE,Functional tool; zero traffic alone is not a pruning reason.
https://funnytools.win/fr/outils/lancer-des-en-ligne/,fr,tool,random,dice-roller,200 live verified,200 local build,https://funnytools.win/fr/outils/lancer-des-en-ligne/,"index,follow (implicit)",yes,yes,2026-07-29,29,1,no,no,UNKNOWN,UNKNOWN,UNKNOWN,2026-08-17T03:19:31Z,low,none,yes,UNKNOWN,KEEP_INDEXABLE,Functional tool; zero traffic alone is not a pruning reason.
https://funnytools.win/fr/outils/minuteur-en-ligne/,fr,tool,time,countdown-timer,200 live verified,200 local build,https://funnytools.win/fr/outils/minuteur-en-ligne/,"index,follow (implicit)",yes,yes,2026-07-29,29,1,no,no,UNKNOWN,UNKNOWN,UNKNOWN,UNKNOWN,high,none,yes,measured relationship present,KEEP_INDEXABLE,Functional tool; zero traffic alone is not a pruning reason.
https://funnytools.win/fr/outils/minuteur-pomodoro/,fr,tool,time,pomodoro-timer,200 live verified,200 local build,https://funnytools.win/fr/outils/minuteur-pomodoro/,"index,follow (implicit)",yes,yes,2026-07-29,30,1,no,no,UNKNOWN,UNKNOWN,UNKNOWN,UNKNOWN,high,none,yes,measured relationship present,KEEP_INDEXABLE,Functional tool; zero traffic alone is not a pruning reason.
https://funnytools.win/fr/outils/plan-de-classe-en-ligne/,fr,tool,study,seating-chart,200 live verified,200 local build,https://funnytools.win/fr/outils/plan-de-classe-en-ligne/,"index,follow (implicit)",yes,yes,2026-07-29,29,1,no,no,UNKNOWN,UNKNOWN,UNKNOWN,UNKNOWN,low,none,yes,UNKNOWN,KEEP_INDEXABLE,Functional tool; zero traffic alone is not a pruning reason.
https://funnytools.win/fr/outils/quoi-manger-ce-soir/,fr,tool,random,what-to-eat,200 live verified,200 local build,https://funnytools.win/fr/outils/quoi-manger-ce-soir/,"index,follow (implicit)",yes,yes,2026-07-29,29,1,no,no,UNKNOWN,UNKNOWN,UNKNOWN,UNKNOWN,low,none,yes,UNKNOWN,KEEP_INDEXABLE,Functional tool; zero traffic alone is not a pruning reason.
https://funnytools.win/fr/outils/rappel-pause-ecran/,fr,tool,time,break-reminder,200 live verified,200 local build,https://funnytools.win/fr/outils/rappel-pause-ecran/,"index,follow (implicit)",yes,yes,2026-07-29,29,1,no,yes,UNKNOWN,UNKNOWN,UNKNOWN,2026-08-03T02:43:13Z,high,none,yes,measured relationship present,PROTECT,Phase 2B control P2B-13; Phase 2B control P2B-13
https://funnytools.win/fr/outils/recadrer-image/,fr,tool,image,image-crop,200 live verified,200 local build,https://funnytools.win/fr/outils/recadrer-image/,"index,follow (implicit)",yes,yes,2026-07-29,29,1,no,no,UNKNOWN,UNKNOWN,UNKNOWN,UNKNOWN,high,none,yes,measured relationship present,KEEP_INDEXABLE,Functional tool; zero traffic alone is not a pruning reason.
https://funnytools.win/fr/outils/redimensionner-image/,fr,tool,image,image-resizer,200 live verified,200 local build,https://funnytools.win/fr/outils/redimensionner-image/,"index,follow (implicit)",yes,yes,2026-07-29,29,1,no,no,UNKNOWN,UNKNOWN,UNKNOWN,UNKNOWN,high,none,yes,measured relationship present,KEEP_INDEXABLE,Functional tool; zero traffic alone is not a pruning reason.
https://funnytools.win/fr/outils/reorganiser-pages-pdf/,fr,tool,pdf,pdf-page-reorder,200 live verified,200 local build,https://funnytools.win/fr/outils/reorganiser-pages-pdf/,"index,follow (implicit)",yes,yes,2026-07-29,29,1,no,no,UNKNOWN,UNKNOWN,UNKNOWN,2026-08-17T04:08:24Z,high,none,yes,measured relationship present,KEEP_INDEXABLE,Functional tool; zero traffic alone is not a pruning reason.
https://funnytools.win/fr/outils/roue-aleatoire/,fr,tool,random,random-wheel,200 live verified,200 local build,https://funnytools.win/fr/outils/roue-aleatoire/,"index,follow (implicit)",yes,yes,2026-09-02,29,1,no,no,UNKNOWN,UNKNOWN,UNKNOWN,UNKNOWN,high,none,yes,measured relationship present,KEEP_INDEXABLE,Functional tool; zero traffic alone is not a pruning reason.
https://funnytools.win/fr/outils/supprimer-lignes-doublons/,fr,tool,text,remove-duplicate-lines,200 live verified,200 local build,https://funnytools.win/fr/outils/supprimer-lignes-doublons/,"index,follow (implicit)",yes,yes,2026-07-29,29,1,no,no,UNKNOWN,UNKNOWN,UNKNOWN,UNKNOWN,high,none,yes,measured relationship present,KEEP_INDEXABLE,Functional tool; zero traffic alone is not a pruning reason.
https://funnytools.win/fr/outils/supprimer-lignes-vides/,fr,tool,text,remove-empty-lines,200 live verified,200 local build,https://funnytools.win/fr/outils/supprimer-lignes-vides/,"index,follow (implicit)",yes,yes,2026-07-29,29,1,no,no,UNKNOWN,UNKNOWN,UNKNOWN,UNKNOWN,low,none,yes,UNKNOWN,KEEP_INDEXABLE,Functional tool; zero traffic alone is not a pruning reason.
https://funnytools.win/fr/outils/supprimer-pages-pdf/,fr,tool,pdf,delete-pdf-pages,200 live verified,200 local build,https://funnytools.win/fr/outils/supprimer-pages-pdf/,"index,follow (implicit)",yes,yes,2026-07-29,29,1,no,no,UNKNOWN,UNKNOWN,UNKNOWN,2026-08-25T11:40:44Z,high,none,yes,measured relationship present,KEEP_INDEXABLE,Functional tool; zero traffic alone is not a pruning reason.
https://funnytools.win/fr/outils/tableau-blanc-dessin-en-ligne/,fr,tool,draw,sketchpad,200 live verified,200 local build,https://funnytools.win/fr/outils/tableau-blanc-dessin-en-ligne/,"index,follow (implicit)",yes,yes,2026-07-29,30,1,no,no,UNKNOWN,UNKNOWN,UNKNOWN,2026-08-01T14:51:30Z,low,none,yes,UNKNOWN,KEEP_INDEXABLE,Functional tool; zero traffic alone is not a pruning reason.
https://funnytools.win/fr/outils/tirage-au-sort-eleves/,fr,tool,study,random-student-picker,200 live verified,200 local build,https://funnytools.win/fr/outils/tirage-au-sort-eleves/,"index,follow (implicit)",yes,yes,2026-07-29,29,1,no,no,UNKNOWN,UNKNOWN,UNKNOWN,UNKNOWN,high,none,yes,measured relationship present,KEEP_INDEXABLE,Functional tool; zero traffic alone is not a pruning reason.
https://funnytools.win/fr/outils/tirage-au-sort-noms/,fr,tool,random,random-name-picker,200 live verified,200 local build,https://funnytools.win/fr/outils/tirage-au-sort-noms/,"index,follow (implicit)",yes,yes,2026-09-02,29,1,no,no,UNKNOWN,UNKNOWN,UNKNOWN,2026-08-03T18:11:28Z,high,none,yes,measured relationship present,KEEP_INDEXABLE,Functional tool; zero traffic alone is not a pruning reason.
https://funnytools.win/fr/outils/trier-lignes-texte/,fr,tool,text,sort-lines,200 live verified,200 local build,https://funnytools.win/fr/outils/trier-lignes-texte/,"index,follow (implicit)",yes,yes,2026-07-29,29,1,no,no,UNKNOWN,UNKNOWN,UNKNOWN,UNKNOWN,high,none,yes,measured relationship present,KEEP_INDEXABLE,Functional tool; zero traffic alone is not a pruning reason.
https://funnytools.win/,zh-TW,home,general,,200 live verified,200 local build,https://funnytools.win/,"index,follow (implicit)",yes,yes,2026-09-04,271,0,no,no,44,139,8.820143884892087,2026-09-11T19:00:02Z,high,none,UNKNOWN,measured relationship present,PROTECT,"F; u; n; n; y; T; o; o; l; s;  ; h; o; m; e; p; a; g; e; historical clicks=44; impressions=139, position=8.820143884892087"
https://funnytools.win/about-tools/,zh-TW,legal,general,,200 live verified,200 local build,https://funnytools.win/about-tools/,"index,follow (implicit)",yes,yes,2026-09-04,30,1,no,no,0,20,6.2,2026-08-15T04:10:54Z,low,none,UNKNOWN,UNKNOWN,PROTECT,"impressions=20, position=6.2"
https://funnytools.win/about/,zh-TW,legal,general,,200 live verified,200 local build,https://funnytools.win/about/,"index,follow (implicit)",yes,yes,2026-09-04,29,1,no,no,7,66,4.196969696969697,2026-08-22T21:31:54Z,low,none,UNKNOWN,UNKNOWN,PROTECT,"historical clicks=7; impressions=66, position=4.196969696969697"
https://funnytools.win/affiliate-disclosure/,zh-TW,legal,general,,200 live verified,200 local build,https://funnytools.win/affiliate-disclosure/,"index, follow",yes,yes,2026-09-07,28,1,no,no,UNKNOWN,UNKNOWN,UNKNOWN,UNKNOWN,low,none,UNKNOWN,UNKNOWN,OBSERVE,No destructive decision without row-level evidence.
https://funnytools.win/category/draw/,zh-TW,category,draw,,200 live verified,200 local build,https://funnytools.win/category/draw/,"index,follow (implicit)",yes,yes,2026-09-04,45,1,no,no,0,3,4.333333333333334,2026-09-02T05:21:43Z,low,none,UNKNOWN,UNKNOWN,OBSERVE,No destructive decision without row-level evidence.
https://funnytools.win/category/image/,zh-TW,category,image,,200 live verified,200 local build,https://funnytools.win/category/image/,"index,follow (implicit)",yes,yes,2026-09-04,60,1,no,no,UNKNOWN,UNKNOWN,UNKNOWN,2026-08-03T16:39:23Z,low,none,UNKNOWN,measured relationship present,OBSERVE,No destructive decision without row-level evidence.
https://funnytools.win/category/money/,zh-TW,category,money,,200 live verified,200 local build,https://funnytools.win/category/money/,"index,follow (implicit)",yes,yes,2026-09-04,46,1,no,no,0,15,7.2,2026-08-19T18:24:07Z,low,none,UNKNOWN,UNKNOWN,PROTECT,"impressions=15, position=7.2"
https://funnytools.win/category/pdf/,zh-TW,category,pdf,,200 live verified,200 local build,https://funnytools.win/category/pdf/,"index,follow (implicit)",yes,yes,2026-09-04,55,1,no,no,0,16,6.625,2026-08-16T02:42:51Z,low,none,UNKNOWN,UNKNOWN,PROTECT,"impressions=16, position=6.625"
https://funnytools.win/category/random/,zh-TW,category,random,,200 live verified,200 local build,https://funnytools.win/category/random/,"index,follow (implicit)",yes,yes,2026-09-04,61,1,no,no,UNKNOWN,UNKNOWN,UNKNOWN,2026-08-01T03:39:40Z,low,none,UNKNOWN,measured relationship present,OBSERVE,No destructive decision without row-level evidence.
https://funnytools.win/category/statistics/,zh-TW,category,statistics,,200 live verified,200 local build,https://funnytools.win/category/statistics/,"index,follow (implicit)",yes,yes,2026-09-04,63,1,no,no,0,22,6,2026-08-23T04:04:58Z,low,none,UNKNOWN,measured relationship present,PROTECT,"impressions=22, position=6"
https://funnytools.win/category/study/,zh-TW,category,study,,200 live verified,200 local build,https://funnytools.win/category/study/,"index,follow (implicit)",yes,yes,2026-09-04,50,1,no,no,UNKNOWN,UNKNOWN,UNKNOWN,2026-08-01T07:29:05Z,low,none,UNKNOWN,measured relationship present,OBSERVE,No destructive decision without row-level evidence.
https://funnytools.win/category/text/,zh-TW,category,text,,200 live verified,200 local build,https://funnytools.win/category/text/,"index,follow (implicit)",yes,yes,2026-09-04,73,1,no,no,0,11,6.636363636363637,2026-08-14T04:41:13Z,low,none,UNKNOWN,measured relationship present,PROTECT,"impressions=11, position=6.636363636363637"
https://funnytools.win/category/time/,zh-TW,category,time,,200 live verified,200 local build,https://funnytools.win/category/time/,"index,follow (implicit)",yes,yes,2026-09-04,53,1,no,no,UNKNOWN,UNKNOWN,UNKNOWN,2026-08-10T02:23:26Z,low,none,UNKNOWN,measured relationship present,OBSERVE,No destructive decision without row-level evidence.
https://funnytools.win/contact/,zh-TW,legal,general,,200 live verified,200 local build,https://funnytools.win/contact/,"index,follow (implicit)",yes,yes,2026-09-04,29,1,no,no,0,3,1.6666666666666665,2026-09-02T03:41:45Z,low,none,UNKNOWN,UNKNOWN,OBSERVE,No destructive decision without row-level evidence.
https://funnytools.win/disclaimer/,zh-TW,legal,general,,200 live verified,200 local build,https://funnytools.win/disclaimer/,"index,follow (implicit)",yes,yes,2026-09-04,29,1,no,no,0,24,6.916666666666667,2026-08-18T04:02:21Z,low,none,UNKNOWN,UNKNOWN,PROTECT,"impressions=24, position=6.916666666666667"
https://funnytools.win/education-statistics/,zh-TW,other,statistics,,200 live verified,200 local build,https://funnytools.win/education-statistics/,"index,follow (implicit)",yes,yes,2026-09-04,76,1,no,no,0,1,2,2026-07-16T16:37:45Z,low,none,UNKNOWN,measured relationship present,PROTECT,e; d; u; c; a; t; i; o; n;  ; p; i; l; l; a; r
https://funnytools.win/find-tools/,zh-TW,other,general,,200 live verified,200 local build,https://funnytools.win/find-tools/,"index,follow (implicit)",yes,yes,2026-09-04,150,1,no,no,UNKNOWN,UNKNOWN,UNKNOWN,UNKNOWN,low,none,UNKNOWN,measured relationship present,OBSERVE,No destructive decision without row-level evidence.
https://funnytools.win/for/,zh-TW,hub,general,,200 live verified,200 local build,https://funnytools.win/for/,"index,follow (implicit)",yes,yes,2026-09-04,42,1,no,no,0,7,3.4285714285714284,2026-08-08T20:06:58Z,low,none,UNKNOWN,UNKNOWN,PROTECT,"impressions=7, position=3.4285714285714284"
https://funnytools.win/for/creators/,zh-TW,audience,creators,,200 live verified,200 local build,https://funnytools.win/for/creators/,"index,follow (implicit)",yes,yes,2026-09-04,47,1,no,no,UNKNOWN,UNKNOWN,UNKNOWN,2026-08-21T16:28:19Z,low,none,UNKNOWN,measured relationship present,OBSERVE,No destructive decision without row-level evidence.
https://funnytools.win/for/designers/,zh-TW,audience,designers,,200 live verified,200 local build,https://funnytools.win/for/designers/,"index,follow (implicit)",yes,yes,2026-09-04,44,1,no,no,UNKNOWN,UNKNOWN,UNKNOWN,2026-08-10T17:51:59Z,low,none,UNKNOWN,measured relationship present,OBSERVE,No destructive decision without row-level evidence.
https://funnytools.win/for/developers/,zh-TW,audience,developers,,200 live verified,200 local build,https://funnytools.win/for/developers/,"index,follow (implicit)",yes,yes,2026-09-04,45,1,no,no,UNKNOWN,UNKNOWN,UNKNOWN,2026-08-10T05:45:23Z,low,none,UNKNOWN,UNKNOWN,OBSERVE,No destructive decision without row-level evidence.
https://funnytools.win/for/office-workers/,zh-TW,audience,office-workers,,200 live verified,200 local build,https://funnytools.win/for/office-workers/,"index,follow (implicit)",yes,yes,2026-09-04,48,1,no,no,UNKNOWN,UNKNOWN,UNKNOWN,2026-08-08T15:56:58Z,high,none,UNKNOWN,measured relationship present,OBSERVE,No destructive decision without row-level evidence.
https://funnytools.win/for/students/,zh-TW,audience,students,,200 live verified,200 local build,https://funnytools.win/for/students/,"index,follow (implicit)",yes,yes,2026-09-04,48,1,no,no,UNKNOWN,UNKNOWN,UNKNOWN,2026-08-23T15:32:47Z,low,none,UNKNOWN,measured relationship present,OBSERVE,No destructive decision without row-level evidence.
https://funnytools.win/for/teachers/,zh-TW,audience,teachers,,200 live verified,200 local build,https://funnytools.win/for/teachers/,"index,follow (implicit)",yes,yes,2026-09-04,47,1,no,no,UNKNOWN,UNKNOWN,UNKNOWN,2026-09-11T17:45:03Z,low,none,UNKNOWN,measured relationship present,OBSERVE,No destructive decision without row-level evidence.
https://funnytools.win/guides/,zh-TW,hub,general,,200 live verified,200 local build,https://funnytools.win/guides/,"index,follow (implicit)",yes,yes,2026-06-25,390,1,no,no,0,7,4.142857142857142,2026-08-13T19:25:23Z,low,none,UNKNOWN,UNKNOWN,PROTECT,"impressions=7, position=4.142857142857142"
https://funnytools.win/guides/2d-cad-drawing-board-workflow-guide/,zh-TW,guide,drawing,,200 live verified,200 local build,https://funnytools.win/guides/2d-cad-drawing-board-workflow-guide/,"index,follow (implicit)",yes,yes,2026-09-03,41,2,no,no,UNKNOWN,UNKNOWN,UNKNOWN,UNKNOWN,low,none,UNKNOWN,UNKNOWN,OBSERVE,No destructive decision without row-level evidence.
https://funnytools.win/guides/a4-vs-us-letter-printing-guide/,zh-TW,guide,general,,200 live verified,200 local build,https://funnytools.win/guides/a4-vs-us-letter-printing-guide/,"index,follow (implicit)",yes,yes,2026-07-18,42,2,no,no,UNKNOWN,UNKNOWN,UNKNOWN,UNKNOWN,low,none,UNKNOWN,UNKNOWN,OBSERVE,No destructive decision without row-level evidence.
https://funnytools.win/guides/age-calculator-school-cutoff-guide/,zh-TW,guide,general,,200 live verified,200 local build,https://funnytools.win/guides/age-calculator-school-cutoff-guide/,"index,follow (implicit)",yes,yes,2026-07-25,37,2,no,no,UNKNOWN,UNKNOWN,UNKNOWN,UNKNOWN,low,none,UNKNOWN,UNKNOWN,OBSERVE,No destructive decision without row-level evidence.
https://funnytools.win/guides/anova-apa-format-guide/,zh-TW,guide,statistics,,200 live verified,200 local build,https://funnytools.win/guides/anova-apa-format-guide/,"index,follow (implicit)",yes,yes,2026-06-25,41,1,no,no,UNKNOWN,UNKNOWN,UNKNOWN,UNKNOWN,low,none,UNKNOWN,UNKNOWN,OBSERVE,No destructive decision without row-level evidence.
https://funnytools.win/guides/anova-post-hoc-tukey-bonferroni/,zh-TW,guide,statistics,,200 live verified,200 local build,https://funnytools.win/guides/anova-post-hoc-tukey-bonferroni/,"index,follow (implicit)",yes,yes,2026-08-27,36,2,no,no,UNKNOWN,UNKNOWN,UNKNOWN,UNKNOWN,low,none,UNKNOWN,UNKNOWN,OBSERVE,No destructive decision without row-level evidence.
https://funnytools.win/guides/bar-chart-school-report-guide/,zh-TW,guide,drawing,,200 live verified,200 local build,https://funnytools.win/guides/bar-chart-school-report-guide/,"index,follow (implicit)",yes,yes,2026-07-21,37,2,no,no,UNKNOWN,UNKNOWN,UNKNOWN,UNKNOWN,low,none,UNKNOWN,UNKNOWN,OBSERVE,No destructive decision without row-level evidence.
https://funnytools.win/guides/barcode-printing-quiet-zone-svg-guide/,zh-TW,guide,general,,200 live verified,200 local build,https://funnytools.win/guides/barcode-printing-quiet-zone-svg-guide/,"index,follow (implicit)",yes,yes,2026-08-27,34,2,no,no,UNKNOWN,UNKNOWN,UNKNOWN,UNKNOWN,low,none,UNKNOWN,UNKNOWN,OBSERVE,No destructive decision without row-level evidence.
https://funnytools.win/guides/base64-utf8-unicode-guide/,zh-TW,guide,text,,200 live verified,200 local build,https://funnytools.win/guides/base64-utf8-unicode-guide/,"index,follow (implicit)",yes,yes,2026-08-27,34,2,no,no,UNKNOWN,UNKNOWN,UNKNOWN,UNKNOWN,low,none,UNKNOWN,UNKNOWN,OBSERVE,No destructive decision without row-level evidence.
https://funnytools.win/guides/break-reminder-work-interval-guide/,zh-TW,guide,general,,200 live verified,200 local build,https://funnytools.win/guides/break-reminder-work-interval-guide/,"index,follow (implicit)",yes,yes,2026-08-27,34,2,no,no,UNKNOWN,UNKNOWN,UNKNOWN,UNKNOWN,low,none,UNKNOWN,UNKNOWN,OBSERVE,No destructive decision without row-level evidence.
https://funnytools.win/guides/business-days-calendar-days-guide/,zh-TW,guide,time,,200 live verified,200 local build,https://funnytools.win/guides/business-days-calendar-days-guide/,"index,follow (implicit)",yes,yes,2026-08-27,35,2,no,no,UNKNOWN,UNKNOWN,UNKNOWN,UNKNOWN,high,none,UNKNOWN,measured relationship present,OBSERVE,No destructive decision without row-level evidence.
https://funnytools.win/guides/cad-grid-snap-orthogonal-guide/,zh-TW,guide,drawing,,200 live verified,200 local build,https://funnytools.win/guides/cad-grid-snap-orthogonal-guide/,"index,follow (implicit)",yes,yes,2026-08-27,35,2,no,no,UNKNOWN,UNKNOWN,UNKNOWN,UNKNOWN,low,none,UNKNOWN,UNKNOWN,OBSERVE,No destructive decision without row-level evidence.
https://funnytools.win/guides/camelcase-snake-case-kebab-case-guide/,zh-TW,guide,text,,200 live verified,200 local build,https://funnytools.win/guides/camelcase-snake-case-kebab-case-guide/,"index,follow (implicit)",yes,yes,2026-08-27,33,2,no,no,UNKNOWN,UNKNOWN,UNKNOWN,UNKNOWN,low,none,UNKNOWN,UNKNOWN,OBSERVE,No destructive decision without row-level evidence.
https://funnytools.win/guides/chart-flowchart-alt-text-accessibility/,zh-TW,guide,drawing,,200 live verified,200 local build,https://funnytools.win/guides/chart-flowchart-alt-text-accessibility/,"index,follow (implicit)",yes,yes,2026-08-27,34,2,no,no,UNKNOWN,UNKNOWN,UNKNOWN,UNKNOWN,low,none,UNKNOWN,UNKNOWN,OBSERVE,No destructive decision without row-level evidence.
https://funnytools.win/guides/chart-or-flowchart-selection-guide/,zh-TW,guide,drawing,,200 live verified,200 local build,https://funnytools.win/guides/chart-or-flowchart-selection-guide/,"index,follow (implicit)",yes,yes,2026-08-27,34,2,no,no,UNKNOWN,UNKNOWN,UNKNOWN,UNKNOWN,low,none,UNKNOWN,UNKNOWN,OBSERVE,No destructive decision without row-level evidence.
https://funnytools.win/guides/chinese-english-mixed-word-count-guide/,zh-TW,guide,text,,200 live verified,200 local build,https://funnytools.win/guides/chinese-english-mixed-word-count-guide/,"index,follow (implicit)",yes,yes,2026-08-27,33,2,no,no,UNKNOWN,UNKNOWN,UNKNOWN,UNKNOWN,high,none,UNKNOWN,measured relationship present,OBSERVE,No destructive decision without row-level evidence.
https://funnytools.win/guides/classroom-group-roles-rotation-guide/,zh-TW,guide,random,,200 live verified,200 local build,https://funnytools.win/guides/classroom-group-roles-rotation-guide/,"index,follow (implicit)",yes,yes,2026-09-03,42,2,no,no,UNKNOWN,UNKNOWN,UNKNOWN,UNKNOWN,low,none,UNKNOWN,measured relationship present,OBSERVE,No destructive decision without row-level evidence.
https://funnytools.win/guides/classroom-lottery-tool-guide/,zh-TW,guide,random,,200 live verified,200 local build,https://funnytools.win/guides/classroom-lottery-tool-guide/,"index,follow (implicit)",yes,yes,2026-06-26,46,2,no,no,UNKNOWN,UNKNOWN,UNKNOWN,UNKNOWN,low,none,UNKNOWN,measured relationship present,OBSERVE,No destructive decision without row-level evidence.
https://funnytools.win/guides/classroom-random-group-absent-student-repair-guide/,zh-TW,guide,random,,200 live verified,200 local build,https://funnytools.win/guides/classroom-random-group-absent-student-repair-guide/,"index,follow (implicit)",yes,yes,2026-09-03,42,2,no,no,UNKNOWN,UNKNOWN,UNKNOWN,UNKNOWN,high,none,UNKNOWN,measured relationship present,OBSERVE,No destructive decision without row-level evidence.
https://funnytools.win/guides/classroom-random-group-guide/,zh-TW,guide,random,,200 live verified,200 local build,https://funnytools.win/guides/classroom-random-group-guide/,"index,follow (implicit)",yes,yes,2026-06-26,46,1,no,no,0,2,6,2026-07-16T22:00:11Z,high,none,UNKNOWN,measured relationship present,OBSERVE,No destructive decision without row-level evidence.
https://funnytools.win/guides/classroom-random-group-materials-handoff-guide/,zh-TW,guide,random,,200 live verified,200 local build,https://funnytools.win/guides/classroom-random-group-materials-handoff-guide/,"index,follow (implicit)",yes,yes,2026-09-03,42,2,no,no,UNKNOWN,UNKNOWN,UNKNOWN,UNKNOWN,low,none,UNKNOWN,UNKNOWN,OBSERVE,No destructive decision without row-level evidence.
https://funnytools.win/guides/classroom-random-group-no-repeat-guide/,zh-TW,guide,random,,200 live verified,200 local build,https://funnytools.win/guides/classroom-random-group-no-repeat-guide/,"index,follow (implicit)",yes,yes,2026-09-03,42,2,no,no,UNKNOWN,UNKNOWN,UNKNOWN,UNKNOWN,low,none,UNKNOWN,measured relationship present,OBSERVE,No destructive decision without row-level evidence.
https://funnytools.win/guides/classroom-random-group-seat-transition-guide/,zh-TW,guide,random,,200 live verified,200 local build,https://funnytools.win/guides/classroom-random-group-seat-transition-guide/,"index,follow (implicit)",yes,yes,2026-09-03,42,2,no,no,UNKNOWN,UNKNOWN,UNKNOWN,UNKNOWN,low,none,UNKNOWN,UNKNOWN,OBSERVE,No destructive decision without row-level evidence.
https://funnytools.win/guides/classroom-random-group-shareable-result-guide/,zh-TW,guide,random,,200 live verified,200 local build,https://funnytools.win/guides/classroom-random-group-shareable-result-guide/,"index,follow (implicit)",yes,yes,2026-09-03,42,2,no,no,UNKNOWN,UNKNOWN,UNKNOWN,UNKNOWN,low,none,UNKNOWN,measured relationship present,OBSERVE,No destructive decision without row-level evidence.
https://funnytools.win/guides/classroom-random-group-size-balance-guide/,zh-TW,guide,random,,200 live verified,200 local build,https://funnytools.win/guides/classroom-random-group-size-balance-guide/,"index,follow (implicit)",yes,yes,2026-09-03,42,2,no,no,UNKNOWN,UNKNOWN,UNKNOWN,UNKNOWN,high,none,UNKNOWN,measured relationship present,OBSERVE,No destructive decision without row-level evidence.
https://funnytools.win/guides/classroom-random-picker-guide/,zh-TW,guide,random,,200 live verified,200 local build,https://funnytools.win/guides/classroom-random-picker-guide/,"index,follow (implicit)",yes,yes,2026-06-26,46,1,no,no,UNKNOWN,UNKNOWN,UNKNOWN,UNKNOWN,low,none,UNKNOWN,measured relationship present,OBSERVE,No destructive decision without row-level evidence.
https://funnytools.win/guides/classroom-timer-guide/,zh-TW,guide,time,,200 live verified,200 local build,https://funnytools.win/guides/classroom-timer-guide/,"index,follow (implicit)",yes,yes,2026-06-26,46,1,no,no,0,2,4.5,2026-08-08T08:50:59Z,low,none,UNKNOWN,UNKNOWN,OBSERVE,No destructive decision without row-level evidence.
https://funnytools.win/guides/clean-copied-text-from-pdf-web-guide/,zh-TW,guide,pdf,,200 live verified,200 local build,https://funnytools.win/guides/clean-copied-text-from-pdf-web-guide/,"index,follow (implicit)",yes,yes,2026-08-27,36,2,no,no,UNKNOWN,UNKNOWN,UNKNOWN,UNKNOWN,low,none,UNKNOWN,UNKNOWN,OBSERVE,No destructive decision without row-level evidence.
https://funnytools.win/guides/code128-vs-code39-guide/,zh-TW,guide,general,,200 live verified,200 local build,https://funnytools.win/guides/code128-vs-code39-guide/,"index,follow (implicit)",yes,yes,2026-08-27,34,1,no,no,UNKNOWN,UNKNOWN,UNKNOWN,UNKNOWN,low,none,UNKNOWN,UNKNOWN,OBSERVE,No destructive decision without row-level evidence.
https://funnytools.win/guides/compress-image-to-upload-limit/,zh-TW,guide,image,,200 live verified,200 local build,https://funnytools.win/guides/compress-image-to-upload-limit/,"index,follow (implicit)",yes,yes,2026-08-27,34,2,no,no,UNKNOWN,UNKNOWN,UNKNOWN,UNKNOWN,low,none,UNKNOWN,UNKNOWN,OBSERVE,No destructive decision without row-level evidence.
https://funnytools.win/guides/compress-pdf-to-upload-limit/,zh-TW,guide,pdf,,200 live verified,200 local build,https://funnytools.win/guides/compress-pdf-to-upload-limit/,"index,follow (implicit)",yes,yes,2026-08-27,38,2,no,no,UNKNOWN,UNKNOWN,UNKNOWN,UNKNOWN,low,none,UNKNOWN,UNKNOWN,OBSERVE,No destructive decision without row-level evidence.
https://funnytools.win/guides/confidence-interval-95-guide/,zh-TW,guide,general,,200 live verified,200 local build,https://funnytools.win/guides/confidence-interval-95-guide/,"index,follow (implicit)",yes,yes,2026-08-27,37,2,no,no,UNKNOWN,UNKNOWN,UNKNOWN,UNKNOWN,low,none,UNKNOWN,UNKNOWN,OBSERVE,No destructive decision without row-level evidence.
https://funnytools.win/guides/countdown-stopwatch-pomodoro-comparison/,zh-TW,guide,time,,200 live verified,200 local build,https://funnytools.win/guides/countdown-stopwatch-pomodoro-comparison/,"index,follow (implicit)",yes,yes,2026-08-27,34,2,no,no,UNKNOWN,UNKNOWN,UNKNOWN,UNKNOWN,low,none,UNKNOWN,UNKNOWN,OBSERVE,No destructive decision without row-level evidence.
https://funnytools.win/guides/cronbach-alpha-interpretation/,zh-TW,guide,statistics,,200 live verified,200 local build,https://funnytools.win/guides/cronbach-alpha-interpretation/,"index,follow (implicit)",yes,yes,2026-08-27,35,2,no,no,UNKNOWN,UNKNOWN,UNKNOWN,UNKNOWN,low,none,UNKNOWN,UNKNOWN,OBSERVE,No destructive decision without row-level evidence.
https://funnytools.win/guides/crop-vs-resize-vs-compress-image/,zh-TW,guide,image,,200 live verified,200 local build,https://funnytools.win/guides/crop-vs-resize-vs-compress-image/,"index,follow (implicit)",yes,yes,2026-08-27,37,2,no,no,UNKNOWN,UNKNOWN,UNKNOWN,UNKNOWN,low,none,UNKNOWN,UNKNOWN,OBSERVE,No destructive decision without row-level evidence.
https://funnytools.win/guides/csv-to-json-conversion-guide/,zh-TW,guide,text,,200 live verified,200 local build,https://funnytools.win/guides/csv-to-json-conversion-guide/,"index,follow (implicit)",yes,yes,2026-08-27,34,2,no,no,UNKNOWN,UNKNOWN,UNKNOWN,UNKNOWN,low,none,UNKNOWN,UNKNOWN,OBSERVE,No destructive decision without row-level evidence.
https://funnytools.win/guides/csv-to-json-header-duplicate-column-guide/,zh-TW,guide,text,,200 live verified,200 local build,https://funnytools.win/guides/csv-to-json-header-duplicate-column-guide/,"index,follow (implicit)",yes,yes,2026-09-03,42,2,no,no,UNKNOWN,UNKNOWN,UNKNOWN,UNKNOWN,low,none,UNKNOWN,measured relationship present,OBSERVE,No destructive decision without row-level evidence.
https://funnytools.win/guides/csv-utf8-bom-excel-garbled-text/,zh-TW,guide,text,,200 live verified,200 local build,https://funnytools.win/guides/csv-utf8-bom-excel-garbled-text/,"index,follow (implicit)",yes,yes,2026-08-27,34,2,no,no,UNKNOWN,UNKNOWN,UNKNOWN,UNKNOWN,low,none,UNKNOWN,UNKNOWN,OBSERVE,No destructive decision without row-level evidence.
https://funnytools.win/guides/cvc-word-families-guide/,zh-TW,guide,text,,200 live verified,200 local build,https://funnytools.win/guides/cvc-word-families-guide/,"index,follow (implicit)",yes,yes,2026-07-31,37,2,no,no,UNKNOWN,UNKNOWN,UNKNOWN,UNKNOWN,low,none,UNKNOWN,UNKNOWN,OBSERVE,No destructive decision without row-level evidence.
https://funnytools.win/guides/date-arithmetic-end-of-month-dst-guide/,zh-TW,guide,time,,200 live verified,200 local build,https://funnytools.win/guides/date-arithmetic-end-of-month-dst-guide/,"index,follow (implicit)",yes,yes,2026-08-27,34,2,no,no,UNKNOWN,UNKNOWN,UNKNOWN,UNKNOWN,low,none,UNKNOWN,UNKNOWN,OBSERVE,No destructive decision without row-level evidence.
https://funnytools.win/guides/date-difference-inclusive-exclusive-guide/,zh-TW,guide,time,,200 live verified,200 local build,https://funnytools.win/guides/date-difference-inclusive-exclusive-guide/,"index,follow (implicit)",yes,yes,2026-08-27,36,2,no,no,UNKNOWN,UNKNOWN,UNKNOWN,UNKNOWN,low,none,UNKNOWN,UNKNOWN,OBSERVE,No destructive decision without row-level evidence.
https://funnytools.win/guides/decision-tree-vs-flowchart-guide/,zh-TW,guide,drawing,,200 live verified,200 local build,https://funnytools.win/guides/decision-tree-vs-flowchart-guide/,"index,follow (implicit)",yes,yes,2026-08-27,34,2,no,no,UNKNOWN,UNKNOWN,UNKNOWN,UNKNOWN,low,none,UNKNOWN,UNKNOWN,OBSERVE,No destructive decision without row-level evidence.
https://funnytools.win/guides/delete-blank-pages-from-pdf/,zh-TW,guide,pdf,,200 live verified,200 local build,https://funnytools.win/guides/delete-blank-pages-from-pdf/,"index,follow (implicit)",yes,yes,2026-08-27,35,2,no,no,UNKNOWN,UNKNOWN,UNKNOWN,UNKNOWN,low,none,UNKNOWN,UNKNOWN,OBSERVE,No destructive decision without row-level evidence.
https://funnytools.win/guides/dice-probability-random-streaks-guide/,zh-TW,guide,random,,200 live verified,200 local build,https://funnytools.win/guides/dice-probability-random-streaks-guide/,"index,follow (implicit)",yes,yes,2026-08-27,34,2,no,no,UNKNOWN,UNKNOWN,UNKNOWN,UNKNOWN,low,none,UNKNOWN,UNKNOWN,OBSERVE,No destructive decision without row-level evidence.
https://funnytools.win/guides/ean13-upca-check-digit-gs1-guide/,zh-TW,guide,general,,200 live verified,200 local build,https://funnytools.win/guides/ean13-upca-check-digit-gs1-guide/,"index,follow (implicit)",yes,yes,2026-08-27,34,1,no,no,UNKNOWN,UNKNOWN,UNKNOWN,UNKNOWN,low,none,UNKNOWN,UNKNOWN,OBSERVE,No destructive decision without row-level evidence.
https://funnytools.win/guides/effect-size-guide/,zh-TW,guide,general,,200 live verified,200 local build,https://funnytools.win/guides/effect-size-guide/,"index,follow (implicit)",yes,yes,2026-08-27,37,2,no,no,UNKNOWN,UNKNOWN,UNKNOWN,UNKNOWN,low,none,UNKNOWN,UNKNOWN,OBSERVE,No destructive decision without row-level evidence.
https://funnytools.win/guides/emoji-character-count-grapheme-guide/,zh-TW,guide,text,,200 live verified,200 local build,https://funnytools.win/guides/emoji-character-count-grapheme-guide/,"index,follow (implicit)",yes,yes,2026-08-27,32,1,no,no,UNKNOWN,UNKNOWN,UNKNOWN,UNKNOWN,low,none,UNKNOWN,UNKNOWN,OBSERVE,No destructive decision without row-level evidence.
https://funnytools.win/guides/extra-credit-over-100-grade-guide/,zh-TW,guide,statistics,,200 live verified,200 local build,https://funnytools.win/guides/extra-credit-over-100-grade-guide/,"index,follow (implicit)",yes,yes,2026-08-27,34,2,no,no,UNKNOWN,UNKNOWN,UNKNOWN,UNKNOWN,low,none,UNKNOWN,UNKNOWN,OBSERVE,No destructive decision without row-level evidence.
https://funnytools.win/guides/extract-specific-pages-from-pdf/,zh-TW,guide,pdf,,200 live verified,200 local build,https://funnytools.win/guides/extract-specific-pages-from-pdf/,"index,follow (implicit)",yes,yes,2026-08-27,38,2,no,no,UNKNOWN,UNKNOWN,UNKNOWN,UNKNOWN,low,none,UNKNOWN,UNKNOWN,OBSERVE,No destructive decision without row-level evidence.
https://funnytools.win/guides/fair-random-draw-audit-guide/,zh-TW,guide,random,,200 live verified,200 local build,https://funnytools.win/guides/fair-random-draw-audit-guide/,"index,follow (implicit)",yes,yes,2026-08-27,34,2,no,no,UNKNOWN,UNKNOWN,UNKNOWN,UNKNOWN,low,none,UNKNOWN,UNKNOWN,OBSERVE,No destructive decision without row-level evidence.
https://funnytools.win/guides/fair-student-grouping-guide/,zh-TW,guide,random,,200 live verified,200 local build,https://funnytools.win/guides/fair-student-grouping-guide/,"index,follow (implicit)",yes,yes,2026-06-26,44,2,no,no,UNKNOWN,UNKNOWN,UNKNOWN,2026-08-22T20:33:34Z,high,none,UNKNOWN,measured relationship present,OBSERVE,No destructive decision without row-level evidence.
https://funnytools.win/guides/file-size-units-guide/,zh-TW,guide,general,,200 live verified,200 local build,https://funnytools.win/guides/file-size-units-guide/,"index,follow (implicit)",yes,yes,2026-07-28,40,2,no,no,UNKNOWN,UNKNOWN,UNKNOWN,UNKNOWN,low,none,UNKNOWN,UNKNOWN,OBSERVE,No destructive decision without row-level evidence.
https://funnytools.win/guides/final-exam-score-needed-guide/,zh-TW,guide,statistics,,200 live verified,200 local build,https://funnytools.win/guides/final-exam-score-needed-guide/,"index,follow (implicit)",yes,yes,2026-08-27,34,1,no,no,UNKNOWN,UNKNOWN,UNKNOWN,UNKNOWN,low,none,UNKNOWN,UNKNOWN,OBSERVE,No destructive decision without row-level evidence.
https://funnytools.win/guides/flowchart-design-checklist/,zh-TW,guide,drawing,,200 live verified,200 local build,https://funnytools.win/guides/flowchart-design-checklist/,"index,follow (implicit)",yes,yes,2026-08-27,34,2,no,no,UNKNOWN,UNKNOWN,UNKNOWN,UNKNOWN,low,none,UNKNOWN,UNKNOWN,OBSERVE,No destructive decision without row-level evidence.
https://funnytools.win/guides/flowchart-symbols-guide/,zh-TW,guide,drawing,,200 live verified,200 local build,https://funnytools.win/guides/flowchart-symbols-guide/,"index,follow (implicit)",yes,yes,2026-08-27,34,2,no,no,UNKNOWN,UNKNOWN,UNKNOWN,UNKNOWN,low,none,UNKNOWN,UNKNOWN,OBSERVE,No destructive decision without row-level evidence.
https://funnytools.win/guides/gpa-4-0-vs-4-3-guide/,zh-TW,guide,statistics,,200 live verified,200 local build,https://funnytools.win/guides/gpa-4-0-vs-4-3-guide/,"index,follow (implicit)",yes,yes,2026-08-27,34,2,no,no,UNKNOWN,UNKNOWN,UNKNOWN,UNKNOWN,low,none,UNKNOWN,UNKNOWN,OBSERVE,No destructive decision without row-level evidence.
https://funnytools.win/guides/gpa-credit-weighted-formula-guide/,zh-TW,guide,statistics,,200 live verified,200 local build,https://funnytools.win/guides/gpa-credit-weighted-formula-guide/,"index,follow (implicit)",yes,yes,2026-08-27,35,2,no,no,UNKNOWN,UNKNOWN,UNKNOWN,UNKNOWN,low,none,UNKNOWN,UNKNOWN,OBSERVE,No destructive decision without row-level evidence.
https://funnytools.win/guides/grade-rounding-cutoff-guide/,zh-TW,guide,statistics,,200 live verified,200 local build,https://funnytools.win/guides/grade-rounding-cutoff-guide/,"index,follow (implicit)",yes,yes,2026-08-27,34,2,no,no,UNKNOWN,UNKNOWN,UNKNOWN,UNKNOWN,low,none,UNKNOWN,UNKNOWN,OBSERVE,No destructive decision without row-level evidence.
https://funnytools.win/guides/grades-gpa/,zh-TW,guide,statistics,,200 live verified,200 local build,https://funnytools.win/guides/grades-gpa/,"index,follow (implicit)",yes,yes,2026-08-27,50,2,no,no,UNKNOWN,UNKNOWN,UNKNOWN,UNKNOWN,low,none,UNKNOWN,UNKNOWN,OBSERVE,No destructive decision without row-level evidence.
https://funnytools.win/guides/household-physics-demos-guide/,zh-TW,guide,general,,200 live verified,200 local build,https://funnytools.win/guides/household-physics-demos-guide/,"index,follow (implicit)",yes,yes,2026-08-01,38,2,no,no,UNKNOWN,UNKNOWN,UNKNOWN,UNKNOWN,low,none,UNKNOWN,UNKNOWN,OBSERVE,No destructive decision without row-level evidence.
https://funnytools.win/guides/image-base64-data-uri-guide/,zh-TW,guide,image,,200 live verified,200 local build,https://funnytools.win/guides/image-base64-data-uri-guide/,"index,follow (implicit)",yes,yes,2026-08-27,34,2,no,no,UNKNOWN,UNKNOWN,UNKNOWN,UNKNOWN,low,none,UNKNOWN,UNKNOWN,OBSERVE,No destructive decision without row-level evidence.
https://funnytools.win/guides/image-color-profile-web-print-guide/,zh-TW,guide,image,,200 live verified,200 local build,https://funnytools.win/guides/image-color-profile-web-print-guide/,"index,follow (implicit)",yes,yes,2026-09-03,42,2,no,no,UNKNOWN,UNKNOWN,UNKNOWN,UNKNOWN,low,none,UNKNOWN,UNKNOWN,OBSERVE,No destructive decision without row-level evidence.
https://funnytools.win/guides/image-compression-email-guide/,zh-TW,guide,image,,200 live verified,200 local build,https://funnytools.win/guides/image-compression-email-guide/,"index,follow (implicit)",yes,yes,2026-07-20,44,2,no,no,UNKNOWN,UNKNOWN,UNKNOWN,UNKNOWN,low,none,UNKNOWN,UNKNOWN,OBSERVE,No destructive decision without row-level evidence.
https://funnytools.win/guides/image-compression-quality-size-guide/,zh-TW,guide,image,,200 live verified,200 local build,https://funnytools.win/guides/image-compression-quality-size-guide/,"index,follow (implicit)",yes,yes,2026-09-03,42,2,no,no,UNKNOWN,UNKNOWN,UNKNOWN,UNKNOWN,low,none,UNKNOWN,measured relationship present,OBSERVE,No destructive decision without row-level evidence.
https://funnytools.win/guides/image-compressor-metadata-privacy-guide/,zh-TW,guide,image,,200 live verified,200 local build,https://funnytools.win/guides/image-compressor-metadata-privacy-guide/,"index,follow (implicit)",yes,yes,2026-09-03,41,2,no,no,UNKNOWN,UNKNOWN,UNKNOWN,UNKNOWN,low,none,UNKNOWN,UNKNOWN,OBSERVE,No destructive decision without row-level evidence.
https://funnytools.win/guides/image-resampling-quality-guide/,zh-TW,guide,image,,200 live verified,200 local build,https://funnytools.win/guides/image-resampling-quality-guide/,"index,follow (implicit)",yes,yes,2026-09-03,42,2,no,no,UNKNOWN,UNKNOWN,UNKNOWN,UNKNOWN,low,none,UNKNOWN,measured relationship present,OBSERVE,No destructive decision without row-level evidence.
https://funnytools.win/guides/image-resize-aspect-ratio-guide/,zh-TW,guide,image,,200 live verified,200 local build,https://funnytools.win/guides/image-resize-aspect-ratio-guide/,"index,follow (implicit)",yes,yes,2026-09-03,42,2,no,no,UNKNOWN,UNKNOWN,UNKNOWN,UNKNOWN,low,none,UNKNOWN,measured relationship present,OBSERVE,No destructive decision without row-level evidence.
https://funnytools.win/guides/image-resolution-print-web-guide/,zh-TW,guide,image,,200 live verified,200 local build,https://funnytools.win/guides/image-resolution-print-web-guide/,"index,follow (implicit)",yes,yes,2026-09-03,42,2,no,no,UNKNOWN,UNKNOWN,UNKNOWN,UNKNOWN,low,none,UNKNOWN,measured relationship present,OBSERVE,No destructive decision without row-level evidence.
https://funnytools.win/guides/image-upload-failed-troubleshooting/,zh-TW,guide,image,,200 live verified,200 local build,https://funnytools.win/guides/image-upload-failed-troubleshooting/,"index,follow (implicit)",yes,yes,2026-08-27,36,2,no,no,UNKNOWN,UNKNOWN,UNKNOWN,UNKNOWN,low,none,UNKNOWN,UNKNOWN,OBSERVE,No destructive decision without row-level evidence.
https://funnytools.win/guides/independent-vs-paired-t-test/,zh-TW,guide,general,,200 live verified,200 local build,https://funnytools.win/guides/independent-vs-paired-t-test/,"index,follow (implicit)",yes,yes,2026-08-27,36,2,no,no,UNKNOWN,UNKNOWN,UNKNOWN,UNKNOWN,low,none,UNKNOWN,UNKNOWN,OBSERVE,No destructive decision without row-level evidence.
https://funnytools.win/guides/invisible-spaces-nbsp-zero-width-guide/,zh-TW,guide,general,,200 live verified,200 local build,https://funnytools.win/guides/invisible-spaces-nbsp-zero-width-guide/,"index,follow (implicit)",yes,yes,2026-08-27,32,1,no,no,UNKNOWN,UNKNOWN,UNKNOWN,UNKNOWN,low,none,UNKNOWN,UNKNOWN,OBSERVE,No destructive decision without row-level evidence.
https://funnytools.win/guides/iso-8601-utc-offset-guide/,zh-TW,guide,general,,200 live verified,200 local build,https://funnytools.win/guides/iso-8601-utc-offset-guide/,"index,follow (implicit)",yes,yes,2026-08-27,34,2,no,no,UNKNOWN,UNKNOWN,UNKNOWN,UNKNOWN,low,none,UNKNOWN,UNKNOWN,OBSERVE,No destructive decision without row-level evidence.
https://funnytools.win/guides/jpg-png-webp-which-to-use/,zh-TW,guide,image,,200 live verified,200 local build,https://funnytools.win/guides/jpg-png-webp-which-to-use/,"index,follow (implicit)",yes,yes,2026-08-27,35,2,no,no,UNKNOWN,UNKNOWN,UNKNOWN,UNKNOWN,low,none,UNKNOWN,UNKNOWN,OBSERVE,No destructive decision without row-level evidence.
https://funnytools.win/guides/json-error-fix-guide/,zh-TW,guide,text,,200 live verified,200 local build,https://funnytools.win/guides/json-error-fix-guide/,"index,follow (implicit)",yes,yes,2026-08-27,34,2,no,no,UNKNOWN,UNKNOWN,UNKNOWN,UNKNOWN,low,none,UNKNOWN,UNKNOWN,OBSERVE,No destructive decision without row-level evidence.
https://funnytools.win/guides/json-formatter-trailing-comma-error-guide/,zh-TW,guide,text,,200 live verified,200 local build,https://funnytools.win/guides/json-formatter-trailing-comma-error-guide/,"index,follow (implicit)",yes,yes,2026-09-03,42,2,no,no,UNKNOWN,UNKNOWN,UNKNOWN,UNKNOWN,low,none,UNKNOWN,measured relationship present,OBSERVE,No destructive decision without row-level evidence.
https://funnytools.win/guides/json-to-csv-excel-guide/,zh-TW,guide,text,,200 live verified,200 local build,https://funnytools.win/guides/json-to-csv-excel-guide/,"index,follow (implicit)",yes,yes,2026-08-27,34,2,no,no,UNKNOWN,UNKNOWN,UNKNOWN,UNKNOWN,low,none,UNKNOWN,UNKNOWN,OBSERVE,No destructive decision without row-level evidence.
https://funnytools.win/guides/line-breaks-lf-crlf-guide/,zh-TW,guide,text,,200 live verified,200 local build,https://funnytools.win/guides/line-breaks-lf-crlf-guide/,"index,follow (implicit)",yes,yes,2026-08-27,32,2,no,no,UNKNOWN,UNKNOWN,UNKNOWN,UNKNOWN,low,none,UNKNOWN,UNKNOWN,OBSERVE,No destructive decision without row-level evidence.
https://funnytools.win/guides/markdown-syntax-preview-guide/,zh-TW,guide,text,,200 live verified,200 local build,https://funnytools.win/guides/markdown-syntax-preview-guide/,"index,follow (implicit)",yes,yes,2026-08-27,34,2,no,no,UNKNOWN,UNKNOWN,UNKNOWN,UNKNOWN,low,none,UNKNOWN,UNKNOWN,OBSERVE,No destructive decision without row-level evidence.
https://funnytools.win/guides/mean-median-mode-when-to-use/,zh-TW,guide,statistics,,200 live verified,200 local build,https://funnytools.win/guides/mean-median-mode-when-to-use/,"index,follow (implicit)",yes,yes,2026-08-27,36,2,no,no,UNKNOWN,UNKNOWN,UNKNOWN,UNKNOWN,low,none,UNKNOWN,UNKNOWN,OBSERVE,No destructive decision without row-level evidence.
https://funnytools.win/guides/merge-pdf-bookmarks-navigation-guide/,zh-TW,guide,pdf,,200 live verified,200 local build,https://funnytools.win/guides/merge-pdf-bookmarks-navigation-guide/,"index,follow (implicit)",yes,yes,2026-09-03,42,2,no,no,UNKNOWN,UNKNOWN,UNKNOWN,UNKNOWN,low,none,UNKNOWN,measured relationship present,OBSERVE,No destructive decision without row-level evidence.
https://funnytools.win/guides/merge-pdf-page-size-orientation-guide/,zh-TW,guide,pdf,,200 live verified,200 local build,https://funnytools.win/guides/merge-pdf-page-size-orientation-guide/,"index,follow (implicit)",yes,yes,2026-09-03,41,2,no,no,UNKNOWN,UNKNOWN,UNKNOWN,UNKNOWN,low,none,UNKNOWN,UNKNOWN,OBSERVE,No destructive decision without row-level evidence.
https://funnytools.win/guides/merge-pdf-private-guide/,zh-TW,guide,pdf,,200 live verified,200 local build,https://funnytools.win/guides/merge-pdf-private-guide/,"index,follow (implicit)",yes,yes,2026-07-17,43,2,no,no,UNKNOWN,UNKNOWN,UNKNOWN,UNKNOWN,low,none,UNKNOWN,measured relationship present,OBSERVE,No destructive decision without row-level evidence.
https://funnytools.win/guides/merge-pdf-reading-order-checklist-guide/,zh-TW,guide,pdf,,200 live verified,200 local build,https://funnytools.win/guides/merge-pdf-reading-order-checklist-guide/,"index,follow (implicit)",yes,yes,2026-09-03,42,2,no,no,UNKNOWN,UNKNOWN,UNKNOWN,UNKNOWN,low,none,UNKNOWN,measured relationship present,OBSERVE,No destructive decision without row-level evidence.
https://funnytools.win/guides/misleading-chart-common-errors/,zh-TW,guide,drawing,,200 live verified,200 local build,https://funnytools.win/guides/misleading-chart-common-errors/,"index,follow (implicit)",yes,yes,2026-08-27,34,2,no,no,UNKNOWN,UNKNOWN,UNKNOWN,UNKNOWN,low,none,UNKNOWN,UNKNOWN,OBSERVE,No destructive decision without row-level evidence.
https://funnytools.win/guides/missing-assignment-zero-exempt-guide/,zh-TW,guide,general,,200 live verified,200 local build,https://funnytools.win/guides/missing-assignment-zero-exempt-guide/,"index,follow (implicit)",yes,yes,2026-08-27,34,1,no,no,UNKNOWN,UNKNOWN,UNKNOWN,UNKNOWN,low,none,UNKNOWN,UNKNOWN,OBSERVE,No destructive decision without row-level evidence.
https://funnytools.win/guides/multiplication-fact-fluency-guide/,zh-TW,guide,general,,200 live verified,200 local build,https://funnytools.win/guides/multiplication-fact-fluency-guide/,"index,follow (implicit)",yes,yes,2026-07-29,38,2,no,no,UNKNOWN,UNKNOWN,UNKNOWN,UNKNOWN,low,none,UNKNOWN,UNKNOWN,OBSERVE,No destructive decision without row-level evidence.
https://funnytools.win/guides/optimize-images-for-website/,zh-TW,guide,image,,200 live verified,200 local build,https://funnytools.win/guides/optimize-images-for-website/,"index,follow (implicit)",yes,yes,2026-08-27,39,2,no,no,UNKNOWN,UNKNOWN,UNKNOWN,UNKNOWN,low,none,UNKNOWN,UNKNOWN,OBSERVE,No destructive decision without row-level evidence.
https://funnytools.win/guides/outlier-detection-iqr-z-score-boxplot/,zh-TW,guide,statistics,,200 live verified,200 local build,https://funnytools.win/guides/outlier-detection-iqr-z-score-boxplot/,"index,follow (implicit)",yes,yes,2026-08-27,37,2,no,no,UNKNOWN,UNKNOWN,UNKNOWN,UNKNOWN,low,none,UNKNOWN,UNKNOWN,OBSERVE,No destructive decision without row-level evidence.
https://funnytools.win/guides/p-value-interpretation/,zh-TW,guide,general,,200 live verified,200 local build,https://funnytools.win/guides/p-value-interpretation/,"index,follow (implicit)",yes,yes,2026-08-27,38,2,no,no,UNKNOWN,UNKNOWN,UNKNOWN,UNKNOWN,low,none,UNKNOWN,UNKNOWN,OBSERVE,No destructive decision without row-level evidence.
https://funnytools.win/guides/password-manager-mfa-passkey-guide/,zh-TW,guide,text,,200 live verified,200 local build,https://funnytools.win/guides/password-manager-mfa-passkey-guide/,"index,follow (implicit)",yes,yes,2026-08-27,34,2,no,no,UNKNOWN,UNKNOWN,UNKNOWN,UNKNOWN,low,none,UNKNOWN,UNKNOWN,OBSERVE,No destructive decision without row-level evidence.
https://funnytools.win/guides/password-strength-basics-guide/,zh-TW,guide,text,,200 live verified,200 local build,https://funnytools.win/guides/password-strength-basics-guide/,"index,follow (implicit)",yes,yes,2026-07-27,36,2,no,no,UNKNOWN,UNKNOWN,UNKNOWN,UNKNOWN,low,none,UNKNOWN,UNKNOWN,OBSERVE,No destructive decision without row-level evidence.
https://funnytools.win/guides/pdf-accessibility-reading-order-check-guide/,zh-TW,guide,pdf,,200 live verified,200 local build,https://funnytools.win/guides/pdf-accessibility-reading-order-check-guide/,"index,follow (implicit)",yes,yes,2026-09-03,43,2,no,no,UNKNOWN,UNKNOWN,UNKNOWN,UNKNOWN,low,none,UNKNOWN,UNKNOWN,OBSERVE,No destructive decision without row-level evidence.
https://funnytools.win/guides/pdf-compressor-email-attachment-guide/,zh-TW,guide,pdf,,200 live verified,200 local build,https://funnytools.win/guides/pdf-compressor-email-attachment-guide/,"index,follow (implicit)",yes,yes,2026-09-03,42,2,no,no,UNKNOWN,UNKNOWN,UNKNOWN,UNKNOWN,low,none,UNKNOWN,UNKNOWN,OBSERVE,No destructive decision without row-level evidence.
https://funnytools.win/guides/pdf-compressor-form-fields-links-guide/,zh-TW,guide,pdf,,200 live verified,200 local build,https://funnytools.win/guides/pdf-compressor-form-fields-links-guide/,"index,follow (implicit)",yes,yes,2026-09-03,42,2,no,no,UNKNOWN,UNKNOWN,UNKNOWN,UNKNOWN,low,none,UNKNOWN,UNKNOWN,OBSERVE,No destructive decision without row-level evidence.
https://funnytools.win/guides/pdf-page-reorder-appendix-merge-check-guide/,zh-TW,guide,pdf,,200 live verified,200 local build,https://funnytools.win/guides/pdf-page-reorder-appendix-merge-check-guide/,"index,follow (implicit)",yes,yes,2026-09-03,42,2,no,no,UNKNOWN,UNKNOWN,UNKNOWN,UNKNOWN,low,none,UNKNOWN,measured relationship present,OBSERVE,No destructive decision without row-level evidence.
https://funnytools.win/guides/pdf-split-vs-extract-vs-delete/,zh-TW,guide,pdf,,200 live verified,200 local build,https://funnytools.win/guides/pdf-split-vs-extract-vs-delete/,"index,follow (implicit)",yes,yes,2026-09-04,36,2,no,no,UNKNOWN,UNKNOWN,UNKNOWN,UNKNOWN,low,none,UNKNOWN,UNKNOWN,OBSERVE,No destructive decision without row-level evidence.
https://funnytools.win/guides/pdf-table-to-excel-header-check-guide/,zh-TW,guide,pdf,,200 live verified,200 local build,https://funnytools.win/guides/pdf-table-to-excel-header-check-guide/,"index,follow (implicit)",yes,yes,2026-09-03,42,2,no,no,UNKNOWN,UNKNOWN,UNKNOWN,UNKNOWN,low,none,UNKNOWN,UNKNOWN,OBSERVE,No destructive decision without row-level evidence.
https://funnytools.win/guides/pdf-to-image-background-contrast-guide/,zh-TW,guide,pdf,,200 live verified,200 local build,https://funnytools.win/guides/pdf-to-image-background-contrast-guide/,"index,follow (implicit)",yes,yes,2026-09-03,42,2,no,no,UNKNOWN,UNKNOWN,UNKNOWN,UNKNOWN,low,none,UNKNOWN,UNKNOWN,OBSERVE,No destructive decision without row-level evidence.
https://funnytools.win/guides/pdf-to-image-multipage-download-guide/,zh-TW,guide,pdf,,200 live verified,200 local build,https://funnytools.win/guides/pdf-to-image-multipage-download-guide/,"index,follow (implicit)",yes,yes,2026-09-03,41,2,no,no,UNKNOWN,UNKNOWN,UNKNOWN,UNKNOWN,low,none,UNKNOWN,measured relationship present,OBSERVE,No destructive decision without row-level evidence.
https://funnytools.win/guides/pdf-to-image-print-crop-marks-guide/,zh-TW,guide,pdf,,200 live verified,200 local build,https://funnytools.win/guides/pdf-to-image-print-crop-marks-guide/,"index,follow (implicit)",yes,yes,2026-09-03,42,2,no,no,UNKNOWN,UNKNOWN,UNKNOWN,UNKNOWN,low,none,UNKNOWN,UNKNOWN,OBSERVE,No destructive decision without row-level evidence.
https://funnytools.win/guides/pdf-to-image-raster-text-search-guide/,zh-TW,guide,pdf,,200 live verified,200 local build,https://funnytools.win/guides/pdf-to-image-raster-text-search-guide/,"index,follow (implicit)",yes,yes,2026-09-03,42,2,no,no,UNKNOWN,UNKNOWN,UNKNOWN,UNKNOWN,low,none,UNKNOWN,UNKNOWN,OBSERVE,No destructive decision without row-level evidence.
https://funnytools.win/guides/pdf-to-image-resolution-guide/,zh-TW,guide,pdf,,200 live verified,200 local build,https://funnytools.win/guides/pdf-to-image-resolution-guide/,"index,follow (implicit)",yes,yes,2026-09-03,41,2,no,no,UNKNOWN,UNKNOWN,UNKNOWN,UNKNOWN,low,none,UNKNOWN,measured relationship present,OBSERVE,No destructive decision without row-level evidence.
https://funnytools.win/guides/pdf-to-jpg-vs-png/,zh-TW,guide,pdf,,200 live verified,200 local build,https://funnytools.win/guides/pdf-to-jpg-vs-png/,"index,follow (implicit)",yes,yes,2026-08-27,38,2,no,no,UNKNOWN,UNKNOWN,UNKNOWN,UNKNOWN,low,none,UNKNOWN,UNKNOWN,OBSERVE,No destructive decision without row-level evidence.
https://funnytools.win/guides/pdf-to-word-form-field-editing-guide/,zh-TW,guide,pdf,,200 live verified,200 local build,https://funnytools.win/guides/pdf-to-word-form-field-editing-guide/,"index,follow (implicit)",yes,yes,2026-09-03,42,2,no,no,UNKNOWN,UNKNOWN,UNKNOWN,UNKNOWN,low,none,UNKNOWN,UNKNOWN,OBSERVE,No destructive decision without row-level evidence.
https://funnytools.win/guides/pdf-to-word-layout-fidelity-guide/,zh-TW,guide,pdf,,200 live verified,200 local build,https://funnytools.win/guides/pdf-to-word-layout-fidelity-guide/,"index,follow (implicit)",yes,yes,2026-09-03,42,2,no,no,UNKNOWN,UNKNOWN,UNKNOWN,UNKNOWN,low,none,UNKNOWN,measured relationship present,OBSERVE,No destructive decision without row-level evidence.
https://funnytools.win/guides/pdf-to-word-ocr-language-check-guide/,zh-TW,guide,pdf,,200 live verified,200 local build,https://funnytools.win/guides/pdf-to-word-ocr-language-check-guide/,"index,follow (implicit)",yes,yes,2026-09-03,42,2,no,no,UNKNOWN,UNKNOWN,UNKNOWN,UNKNOWN,low,none,UNKNOWN,measured relationship present,OBSERVE,No destructive decision without row-level evidence.
https://funnytools.win/guides/pdf-to-word-review-track-changes-guide/,zh-TW,guide,pdf,,200 live verified,200 local build,https://funnytools.win/guides/pdf-to-word-review-track-changes-guide/,"index,follow (implicit)",yes,yes,2026-09-03,40,2,no,no,UNKNOWN,UNKNOWN,UNKNOWN,UNKNOWN,low,none,UNKNOWN,UNKNOWN,OBSERVE,No destructive decision without row-level evidence.
https://funnytools.win/guides/pdf-upload-failed-troubleshooting/,zh-TW,guide,pdf,,200 live verified,200 local build,https://funnytools.win/guides/pdf-upload-failed-troubleshooting/,"index,follow (implicit)",yes,yes,2026-09-04,39,2,no,no,UNKNOWN,UNKNOWN,UNKNOWN,UNKNOWN,low,none,UNKNOWN,UNKNOWN,OBSERVE,No destructive decision without row-level evidence.
https://funnytools.win/guides/pearson-vs-spearman-correlation/,zh-TW,guide,statistics,,200 live verified,200 local build,https://funnytools.win/guides/pearson-vs-spearman-correlation/,"index,follow (implicit)",yes,yes,2026-08-27,37,2,no,no,UNKNOWN,UNKNOWN,UNKNOWN,UNKNOWN,low,none,UNKNOWN,UNKNOWN,OBSERVE,No destructive decision without row-level evidence.
https://funnytools.win/guides/percentage-grade-to-gpa-conversion-guide/,zh-TW,guide,statistics,,200 live verified,200 local build,https://funnytools.win/guides/percentage-grade-to-gpa-conversion-guide/,"index,follow (implicit)",yes,yes,2026-09-04,35,2,no,no,UNKNOWN,UNKNOWN,UNKNOWN,UNKNOWN,low,none,UNKNOWN,UNKNOWN,OBSERVE,No destructive decision without row-level evidence.
https://funnytools.win/guides/percentage-shortcuts-guide/,zh-TW,guide,general,,200 live verified,200 local build,https://funnytools.win/guides/percentage-shortcuts-guide/,"index,follow (implicit)",yes,yes,2026-07-23,39,2,no,no,UNKNOWN,UNKNOWN,UNKNOWN,UNKNOWN,low,none,UNKNOWN,UNKNOWN,OBSERVE,No destructive decision without row-level evidence.
https://funnytools.win/guides/percentile-rank-guide/,zh-TW,guide,statistics,,200 live verified,200 local build,https://funnytools.win/guides/percentile-rank-guide/,"index,follow (implicit)",yes,yes,2026-06-25,42,2,no,no,UNKNOWN,UNKNOWN,UNKNOWN,UNKNOWN,low,none,UNKNOWN,measured relationship present,OBSERVE,No destructive decision without row-level evidence.
https://funnytools.win/guides/photos-to-pdf-phone-guide/,zh-TW,guide,pdf,,200 live verified,200 local build,https://funnytools.win/guides/photos-to-pdf-phone-guide/,"index,follow (implicit)",yes,yes,2026-07-24,46,2,no,no,UNKNOWN,UNKNOWN,UNKNOWN,UNKNOWN,low,none,UNKNOWN,UNKNOWN,OBSERVE,No destructive decision without row-level evidence.
https://funnytools.win/guides/pie-chart-percentage-guide/,zh-TW,guide,drawing,,200 live verified,200 local build,https://funnytools.win/guides/pie-chart-percentage-guide/,"index,follow (implicit)",yes,yes,2026-08-27,34,2,no,no,UNKNOWN,UNKNOWN,UNKNOWN,UNKNOWN,low,none,UNKNOWN,UNKNOWN,OBSERVE,No destructive decision without row-level evidence.
https://funnytools.win/guides/png-to-jpg-transparency-background/,zh-TW,guide,image,,200 live verified,200 local build,https://funnytools.win/guides/png-to-jpg-transparency-background/,"index,follow (implicit)",yes,yes,2026-08-27,34,2,no,no,UNKNOWN,UNKNOWN,UNKNOWN,UNKNOWN,low,none,UNKNOWN,UNKNOWN,OBSERVE,No destructive decision without row-level evidence.
https://funnytools.win/guides/pomodoro-25-5-focus-interval-guide/,zh-TW,guide,time,,200 live verified,200 local build,https://funnytools.win/guides/pomodoro-25-5-focus-interval-guide/,"index,follow (implicit)",yes,yes,2026-08-27,34,2,no,no,UNKNOWN,UNKNOWN,UNKNOWN,UNKNOWN,low,none,UNKNOWN,UNKNOWN,OBSERVE,No destructive decision without row-level evidence.
https://funnytools.win/guides/qr-barcode/,zh-TW,guide,general,,200 live verified,200 local build,https://funnytools.win/guides/qr-barcode/,"index,follow (implicit)",yes,yes,2026-08-27,44,2,no,no,UNKNOWN,UNKNOWN,UNKNOWN,UNKNOWN,low,none,UNKNOWN,UNKNOWN,OBSERVE,No destructive decision without row-level evidence.
https://funnytools.win/guides/qr-code-accessible-fallback-guide/,zh-TW,guide,general,,200 live verified,200 local build,https://funnytools.win/guides/qr-code-accessible-fallback-guide/,"index,follow (implicit)",yes,yes,2026-09-03,42,2,no,no,UNKNOWN,UNKNOWN,UNKNOWN,UNKNOWN,low,none,UNKNOWN,UNKNOWN,OBSERVE,No destructive decision without row-level evidence.
https://funnytools.win/guides/qr-code-before-print-testing-guide/,zh-TW,guide,general,,200 live verified,200 local build,https://funnytools.win/guides/qr-code-before-print-testing-guide/,"index,follow (implicit)",yes,yes,2026-09-02,40,2,no,no,UNKNOWN,UNKNOWN,UNKNOWN,UNKNOWN,low,none,UNKNOWN,UNKNOWN,OBSERVE,No destructive decision without row-level evidence.
https://funnytools.win/guides/qr-code-classroom-guide/,zh-TW,guide,general,,200 live verified,200 local build,https://funnytools.win/guides/qr-code-classroom-guide/,"index,follow (implicit)",yes,yes,2026-07-22,41,2,no,no,UNKNOWN,UNKNOWN,UNKNOWN,UNKNOWN,low,none,UNKNOWN,UNKNOWN,OBSERVE,No destructive decision without row-level evidence.
https://funnytools.win/guides/qr-code-destination-change-log-guide/,zh-TW,guide,general,,200 live verified,200 local build,https://funnytools.win/guides/qr-code-destination-change-log-guide/,"index,follow (implicit)",yes,yes,2026-09-03,42,2,no,no,UNKNOWN,UNKNOWN,UNKNOWN,UNKNOWN,low,none,UNKNOWN,measured relationship present,OBSERVE,No destructive decision without row-level evidence.
https://funnytools.win/guides/qr-code-event-page-expiry-guide/,zh-TW,guide,general,,200 live verified,200 local build,https://funnytools.win/guides/qr-code-event-page-expiry-guide/,"index,follow (implicit)",yes,yes,2026-09-03,42,2,no,no,UNKNOWN,UNKNOWN,UNKNOWN,UNKNOWN,low,none,UNKNOWN,measured relationship present,OBSERVE,No destructive decision without row-level evidence.
https://funnytools.win/guides/qr-code-mobile-landing-page-guide/,zh-TW,guide,general,,200 live verified,200 local build,https://funnytools.win/guides/qr-code-mobile-landing-page-guide/,"index,follow (implicit)",yes,yes,2026-09-03,38,2,no,no,UNKNOWN,UNKNOWN,UNKNOWN,UNKNOWN,low,none,UNKNOWN,measured relationship present,OBSERVE,No destructive decision without row-level evidence.
https://funnytools.win/guides/qr-code-multi-placement-consistency-guide/,zh-TW,guide,general,,200 live verified,200 local build,https://funnytools.win/guides/qr-code-multi-placement-consistency-guide/,"index,follow (implicit)",yes,yes,2026-09-03,42,2,no,no,UNKNOWN,UNKNOWN,UNKNOWN,UNKNOWN,low,none,UNKNOWN,UNKNOWN,OBSERVE,No destructive decision without row-level evidence.
https://funnytools.win/guides/qr-code-multilingual-switch-testing-guide/,zh-TW,guide,general,,200 live verified,200 local build,https://funnytools.win/guides/qr-code-multilingual-switch-testing-guide/,"index,follow (implicit)",yes,yes,2026-09-03,42,2,no,no,UNKNOWN,UNKNOWN,UNKNOWN,UNKNOWN,low,none,UNKNOWN,measured relationship present,OBSERVE,No destructive decision without row-level evidence.
https://funnytools.win/guides/qr-code-not-scanning-print-guide/,zh-TW,guide,general,,200 live verified,200 local build,https://funnytools.win/guides/qr-code-not-scanning-print-guide/,"index,follow (implicit)",yes,yes,2026-08-27,34,2,no,no,UNKNOWN,UNKNOWN,UNKNOWN,UNKNOWN,low,none,UNKNOWN,UNKNOWN,OBSERVE,No destructive decision without row-level evidence.
https://funnytools.win/guides/qr-code-payload-length-guide/,zh-TW,guide,general,,200 live verified,200 local build,https://funnytools.win/guides/qr-code-payload-length-guide/,"index,follow (implicit)",yes,yes,2026-09-03,40,2,no,no,UNKNOWN,UNKNOWN,UNKNOWN,UNKNOWN,low,none,UNKNOWN,UNKNOWN,OBSERVE,No destructive decision without row-level evidence.
https://funnytools.win/guides/qr-code-phishing-security-guide/,zh-TW,guide,security,,200 live verified,200 local build,https://funnytools.win/guides/qr-code-phishing-security-guide/,"index,follow (implicit)",yes,yes,2026-08-27,34,2,no,no,UNKNOWN,UNKNOWN,UNKNOWN,UNKNOWN,low,none,UNKNOWN,UNKNOWN,OBSERVE,No destructive decision without row-level evidence.
https://funnytools.win/guides/qr-code-scan-failure-field-troubleshooting-guide/,zh-TW,guide,general,,200 live verified,200 local build,https://funnytools.win/guides/qr-code-scan-failure-field-troubleshooting-guide/,"index,follow (implicit)",yes,yes,2026-09-03,42,2,no,no,UNKNOWN,UNKNOWN,UNKNOWN,UNKNOWN,low,none,UNKNOWN,UNKNOWN,OBSERVE,No destructive decision without row-level evidence.
https://funnytools.win/guides/qr-code-utm-campaign-link-guide/,zh-TW,guide,general,,200 live verified,200 local build,https://funnytools.win/guides/qr-code-utm-campaign-link-guide/,"index,follow (implicit)",yes,yes,2026-09-03,41,2,no,no,UNKNOWN,UNKNOWN,UNKNOWN,UNKNOWN,low,none,UNKNOWN,UNKNOWN,OBSERVE,No destructive decision without row-level evidence.
https://funnytools.win/guides/qr-code-vs-barcode-guide/,zh-TW,guide,general,,200 live verified,200 local build,https://funnytools.win/guides/qr-code-vs-barcode-guide/,"index,follow (implicit)",yes,yes,2026-08-27,34,2,no,no,UNKNOWN,UNKNOWN,UNKNOWN,UNKNOWN,low,none,UNKNOWN,UNKNOWN,OBSERVE,No destructive decision without row-level evidence.
https://funnytools.win/guides/qr-error-correction-logo-guide/,zh-TW,guide,general,,200 live verified,200 local build,https://funnytools.win/guides/qr-error-correction-logo-guide/,"index,follow (implicit)",yes,yes,2026-08-27,34,2,no,no,UNKNOWN,UNKNOWN,UNKNOWN,UNKNOWN,low,none,UNKNOWN,UNKNOWN,OBSERVE,No destructive decision without row-level evidence.
https://funnytools.win/guides/r-squared-adjusted-r-squared/,zh-TW,guide,general,,200 live verified,200 local build,https://funnytools.win/guides/r-squared-adjusted-r-squared/,"index,follow (implicit)",yes,yes,2026-08-27,36,2,no,no,UNKNOWN,UNKNOWN,UNKNOWN,UNKNOWN,low,none,UNKNOWN,UNKNOWN,OBSERVE,No destructive decision without row-level evidence.
https://funnytools.win/guides/random-password-length-security-guide/,zh-TW,guide,random,,200 live verified,200 local build,https://funnytools.win/guides/random-password-length-security-guide/,"index,follow (implicit)",yes,yes,2026-08-27,34,2,no,no,UNKNOWN,UNKNOWN,UNKNOWN,UNKNOWN,low,none,UNKNOWN,UNKNOWN,OBSERVE,No destructive decision without row-level evidence.
https://funnytools.win/guides/random-sampling-with-without-replacement/,zh-TW,guide,random,,200 live verified,200 local build,https://funnytools.win/guides/random-sampling-with-without-replacement/,"index,follow (implicit)",yes,yes,2026-08-27,34,2,no,no,UNKNOWN,UNKNOWN,UNKNOWN,UNKNOWN,low,none,UNKNOWN,UNKNOWN,OBSERVE,No destructive decision without row-level evidence.
https://funnytools.win/guides/reading-time-estimate-guide/,zh-TW,guide,time,,200 live verified,200 local build,https://funnytools.win/guides/reading-time-estimate-guide/,"index,follow (implicit)",yes,yes,2026-08-27,31,2,no,no,UNKNOWN,UNKNOWN,UNKNOWN,UNKNOWN,low,none,UNKNOWN,UNKNOWN,OBSERVE,No destructive decision without row-level evidence.
https://funnytools.win/guides/rejection-sampling-modulo-bias-guide/,zh-TW,guide,general,,200 live verified,200 local build,https://funnytools.win/guides/rejection-sampling-modulo-bias-guide/,"index,follow (implicit)",yes,yes,2026-08-27,34,2,no,no,UNKNOWN,UNKNOWN,UNKNOWN,UNKNOWN,low,none,UNKNOWN,UNKNOWN,OBSERVE,No destructive decision without row-level evidence.
https://funnytools.win/guides/remove-duplicate-lines-guide/,zh-TW,guide,text,,200 live verified,200 local build,https://funnytools.win/guides/remove-duplicate-lines-guide/,"index,follow (implicit)",yes,yes,2026-08-27,34,2,no,no,UNKNOWN,UNKNOWN,UNKNOWN,UNKNOWN,low,none,UNKNOWN,UNKNOWN,OBSERVE,No destructive decision without row-level evidence.
https://funnytools.win/guides/reorder-rotate-pdf-pages/,zh-TW,guide,pdf,,200 live verified,200 local build,https://funnytools.win/guides/reorder-rotate-pdf-pages/,"index,follow (implicit)",yes,yes,2026-08-27,35,2,no,no,UNKNOWN,UNKNOWN,UNKNOWN,UNKNOWN,low,none,UNKNOWN,UNKNOWN,OBSERVE,No destructive decision without row-level evidence.
https://funnytools.win/guides/resize-image-without-distortion/,zh-TW,guide,image,,200 live verified,200 local build,https://funnytools.win/guides/resize-image-without-distortion/,"index,follow (implicit)",yes,yes,2026-08-27,34,2,no,no,UNKNOWN,UNKNOWN,UNKNOWN,UNKNOWN,low,none,UNKNOWN,UNKNOWN,OBSERVE,No destructive decision without row-level evidence.
https://funnytools.win/guides/scanned-pdf-searchable-ocr-guide/,zh-TW,guide,pdf,,200 live verified,200 local build,https://funnytools.win/guides/scanned-pdf-searchable-ocr-guide/,"index,follow (implicit)",yes,yes,2026-08-27,36,2,no,no,UNKNOWN,UNKNOWN,UNKNOWN,UNKNOWN,low,none,UNKNOWN,UNKNOWN,OBSERVE,No destructive decision without row-level evidence.
https://funnytools.win/guides/seating-chart-changeover-routine-guide/,zh-TW,guide,drawing,,200 live verified,200 local build,https://funnytools.win/guides/seating-chart-changeover-routine-guide/,"index,follow (implicit)",yes,yes,2026-09-03,41,2,no,no,UNKNOWN,UNKNOWN,UNKNOWN,UNKNOWN,low,none,UNKNOWN,measured relationship present,OBSERVE,No destructive decision without row-level evidence.
https://funnytools.win/guides/seating-chart-student-needs-intake-guide/,zh-TW,guide,drawing,,200 live verified,200 local build,https://funnytools.win/guides/seating-chart-student-needs-intake-guide/,"index,follow (implicit)",yes,yes,2026-09-03,41,2,no,no,UNKNOWN,UNKNOWN,UNKNOWN,UNKNOWN,low,none,UNKNOWN,measured relationship present,OBSERVE,No destructive decision without row-level evidence.
https://funnytools.win/guides/secure-random-vs-math-random-guide/,zh-TW,guide,random,,200 live verified,200 local build,https://funnytools.win/guides/secure-random-vs-math-random-guide/,"index,follow (implicit)",yes,yes,2026-08-27,34,2,no,no,UNKNOWN,UNKNOWN,UNKNOWN,UNKNOWN,low,none,UNKNOWN,UNKNOWN,OBSERVE,No destructive decision without row-level evidence.
https://funnytools.win/guides/semester-vs-cumulative-gpa-guide/,zh-TW,guide,statistics,,200 live verified,200 local build,https://funnytools.win/guides/semester-vs-cumulative-gpa-guide/,"index,follow (implicit)",yes,yes,2026-08-27,35,2,no,no,UNKNOWN,UNKNOWN,UNKNOWN,UNKNOWN,low,none,UNKNOWN,UNKNOWN,OBSERVE,No destructive decision without row-level evidence.
https://funnytools.win/guides/shapiro-wilk-normality-test/,zh-TW,guide,general,,200 live verified,200 local build,https://funnytools.win/guides/shapiro-wilk-normality-test/,"index,follow (implicit)",yes,yes,2026-08-27,37,2,no,no,UNKNOWN,UNKNOWN,UNKNOWN,UNKNOWN,low,none,UNKNOWN,UNKNOWN,OBSERVE,No destructive decision without row-level evidence.
https://funnytools.win/guides/split-pdf-output-naming-batch-delivery-guide/,zh-TW,guide,pdf,,200 live verified,200 local build,https://funnytools.win/guides/split-pdf-output-naming-batch-delivery-guide/,"index,follow (implicit)",yes,yes,2026-09-03,42,2,no,no,UNKNOWN,UNKNOWN,UNKNOWN,UNKNOWN,low,none,UNKNOWN,UNKNOWN,OBSERVE,No destructive decision without row-level evidence.
https://funnytools.win/guides/split-pdf-page-range-planning-guide/,zh-TW,guide,pdf,,200 live verified,200 local build,https://funnytools.win/guides/split-pdf-page-range-planning-guide/,"index,follow (implicit)",yes,yes,2026-09-03,42,2,no,no,UNKNOWN,UNKNOWN,UNKNOWN,UNKNOWN,low,none,UNKNOWN,measured relationship present,OBSERVE,No destructive decision without row-level evidence.
https://funnytools.win/guides/spss-levene-test-guide/,zh-TW,guide,statistics,,200 live verified,200 local build,https://funnytools.win/guides/spss-levene-test-guide/,"index,follow (implicit)",yes,yes,2026-06-25,43,1,no,no,0,5,24.4,2026-08-23T22:29:42Z,low,none,UNKNOWN,UNKNOWN,OBSERVE,No destructive decision without row-level evidence.
https://funnytools.win/guides/standard-deviation-vs-standard-error/,zh-TW,guide,general,,200 live verified,200 local build,https://funnytools.win/guides/standard-deviation-vs-standard-error/,"index,follow (implicit)",yes,yes,2026-08-27,37,2,no,no,UNKNOWN,UNKNOWN,UNKNOWN,UNKNOWN,low,none,UNKNOWN,UNKNOWN,OBSERVE,No destructive decision without row-level evidence.
https://funnytools.win/guides/static-vs-dynamic-qr-code-guide/,zh-TW,guide,general,,200 live verified,200 local build,https://funnytools.win/guides/static-vs-dynamic-qr-code-guide/,"index,follow (implicit)",yes,yes,2026-08-27,34,1,no,no,UNKNOWN,UNKNOWN,UNKNOWN,UNKNOWN,low,none,UNKNOWN,UNKNOWN,OBSERVE,No destructive decision without row-level evidence.
https://funnytools.win/guides/statistical-test-selection/,zh-TW,guide,statistics,,200 live verified,200 local build,https://funnytools.win/guides/statistical-test-selection/,"index,follow (implicit)",yes,yes,2026-08-27,37,2,no,no,UNKNOWN,UNKNOWN,UNKNOWN,UNKNOWN,low,none,UNKNOWN,UNKNOWN,OBSERVE,No destructive decision without row-level evidence.
https://funnytools.win/guides/statistical-vs-practical-significance/,zh-TW,guide,statistics,,200 live verified,200 local build,https://funnytools.win/guides/statistical-vs-practical-significance/,"index,follow (implicit)",yes,yes,2026-08-27,38,2,no,no,UNKNOWN,UNKNOWN,UNKNOWN,UNKNOWN,low,none,UNKNOWN,UNKNOWN,OBSERVE,No destructive decision without row-level evidence.
https://funnytools.win/guides/svg-vs-png-diagram-export/,zh-TW,guide,image,,200 live verified,200 local build,https://funnytools.win/guides/svg-vs-png-diagram-export/,"index,follow (implicit)",yes,yes,2026-08-27,34,2,no,no,UNKNOWN,UNKNOWN,UNKNOWN,UNKNOWN,low,none,UNKNOWN,UNKNOWN,OBSERVE,No destructive decision without row-level evidence.
https://funnytools.win/guides/t-score-calculator-guide/,zh-TW,guide,statistics,,200 live verified,200 local build,https://funnytools.win/guides/t-score-calculator-guide/,"index,follow (implicit)",yes,yes,2026-06-25,45,1,no,no,0,41,8.26829268292683,2026-08-25T02:23:20Z,high,none,UNKNOWN,measured relationship present,PROTECT,"e; x; p; l; i; c; i; t;  ; p; r; o; t; e; c; t; e; d;  ; g; u; i; d; e; impressions=41, position=8.26829268292683"
https://funnytools.win/guides/t-test-apa-format-guide/,zh-TW,guide,general,,200 live verified,200 local build,https://funnytools.win/guides/t-test-apa-format-guide/,"index,follow (implicit)",yes,yes,2026-06-25,40,1,no,no,0,4,22.5,2026-08-13T15:51:13Z,low,none,UNKNOWN,measured relationship present,OBSERVE,No destructive decision without row-level evidence.
https://funnytools.win/guides/teacher-exam-weighted-score-guide/,zh-TW,guide,statistics,,200 live verified,200 local build,https://funnytools.win/guides/teacher-exam-weighted-score-guide/,"index,follow (implicit)",yes,yes,2026-06-25,43,1,no,no,1,8,9.625,2026-08-29T02:38:32Z,low,none,UNKNOWN,measured relationship present,PROTECT,"e; x; p; l; i; c; i; t;  ; p; r; o; t; e; c; t; e; d;  ; g; u; i; d; e; historical clicks=1; impressions=8, position=9.625"
https://funnytools.win/guides/text-sort-alphabetical-numeric-length-guide/,zh-TW,guide,general,,200 live verified,200 local build,https://funnytools.win/guides/text-sort-alphabetical-numeric-length-guide/,"index,follow (implicit)",yes,yes,2026-08-27,31,2,no,no,UNKNOWN,UNKNOWN,UNKNOWN,UNKNOWN,low,none,UNKNOWN,UNKNOWN,OBSERVE,No destructive decision without row-level evidence.
https://funnytools.win/guides/text-writing/,zh-TW,guide,general,,200 live verified,200 local build,https://funnytools.win/guides/text-writing/,"index,follow (implicit)",yes,yes,2026-08-27,46,1,no,no,UNKNOWN,UNKNOWN,UNKNOWN,UNKNOWN,low,none,UNKNOWN,UNKNOWN,OBSERVE,No destructive decision without row-level evidence.
https://funnytools.win/guides/title-case-vs-sentence-case-guide/,zh-TW,guide,text,,200 live verified,200 local build,https://funnytools.win/guides/title-case-vs-sentence-case-guide/,"index,follow (implicit)",yes,yes,2026-08-27,31,2,no,no,UNKNOWN,UNKNOWN,UNKNOWN,UNKNOWN,low,none,UNKNOWN,UNKNOWN,OBSERVE,No destructive decision without row-level evidence.
https://funnytools.win/guides/two-way-anova-interaction-guide/,zh-TW,guide,statistics,,200 live verified,200 local build,https://funnytools.win/guides/two-way-anova-interaction-guide/,"index,follow (implicit)",yes,yes,2026-06-25,41,2,no,no,UNKNOWN,UNKNOWN,UNKNOWN,UNKNOWN,low,none,UNKNOWN,UNKNOWN,OBSERVE,No destructive decision without row-level evidence.
https://funnytools.win/guides/unit-price-comparison-guide/,zh-TW,guide,general,,200 live verified,200 local build,https://funnytools.win/guides/unit-price-comparison-guide/,"index,follow (implicit)",yes,yes,2026-07-26,36,2,no,no,UNKNOWN,UNKNOWN,UNKNOWN,UNKNOWN,low,none,UNKNOWN,UNKNOWN,OBSERVE,No destructive decision without row-level evidence.
https://funnytools.win/guides/unix-timestamp-seconds-milliseconds-guide/,zh-TW,guide,time,,200 live verified,200 local build,https://funnytools.win/guides/unix-timestamp-seconds-milliseconds-guide/,"index,follow (implicit)",yes,yes,2026-08-27,34,2,no,no,UNKNOWN,UNKNOWN,UNKNOWN,UNKNOWN,low,none,UNKNOWN,UNKNOWN,OBSERVE,No destructive decision without row-level evidence.
https://funnytools.win/guides/url-encoding-percent-encoding-guide/,zh-TW,guide,text,,200 live verified,200 local build,https://funnytools.win/guides/url-encoding-percent-encoding-guide/,"index,follow (implicit)",yes,yes,2026-08-27,34,2,no,no,UNKNOWN,UNKNOWN,UNKNOWN,UNKNOWN,low,none,UNKNOWN,UNKNOWN,OBSERVE,No destructive decision without row-level evidence.
https://funnytools.win/guides/utf8-bytes-vs-characters-guide/,zh-TW,guide,text,,200 live verified,200 local build,https://funnytools.win/guides/utf8-bytes-vs-characters-guide/,"index,follow (implicit)",yes,yes,2026-08-27,31,2,no,no,UNKNOWN,UNKNOWN,UNKNOWN,UNKNOWN,low,none,UNKNOWN,UNKNOWN,OBSERVE,No destructive decision without row-level evidence.
https://funnytools.win/guides/uuid-v4-collision-probability-guide/,zh-TW,guide,security,,200 live verified,200 local build,https://funnytools.win/guides/uuid-v4-collision-probability-guide/,"index,follow (implicit)",yes,yes,2026-08-27,34,2,no,no,UNKNOWN,UNKNOWN,UNKNOWN,UNKNOWN,low,none,UNKNOWN,UNKNOWN,OBSERVE,No destructive decision without row-level evidence.
https://funnytools.win/guides/uuid-v4-vs-v7-guide/,zh-TW,guide,security,,200 live verified,200 local build,https://funnytools.win/guides/uuid-v4-vs-v7-guide/,"index,follow (implicit)",yes,yes,2026-08-27,34,2,no,no,UNKNOWN,UNKNOWN,UNKNOWN,UNKNOWN,low,none,UNKNOWN,UNKNOWN,OBSERVE,No destructive decision without row-level evidence.
https://funnytools.win/guides/visual-schedule-slots-guide/,zh-TW,guide,general,,200 live verified,200 local build,https://funnytools.win/guides/visual-schedule-slots-guide/,"index,follow (implicit)",yes,yes,2026-07-30,36,2,no,no,UNKNOWN,UNKNOWN,UNKNOWN,UNKNOWN,low,none,UNKNOWN,UNKNOWN,OBSERVE,No destructive decision without row-level evidence.
https://funnytools.win/guides/weighted-grade-weights-not-100-guide/,zh-TW,guide,statistics,,200 live verified,200 local build,https://funnytools.win/guides/weighted-grade-weights-not-100-guide/,"index,follow (implicit)",yes,yes,2026-08-27,34,1,no,no,UNKNOWN,UNKNOWN,UNKNOWN,UNKNOWN,low,none,UNKNOWN,UNKNOWN,OBSERVE,No destructive decision without row-level evidence.
https://funnytools.win/guides/wifi-qr-code-format-security-guide/,zh-TW,guide,general,,200 live verified,200 local build,https://funnytools.win/guides/wifi-qr-code-format-security-guide/,"index,follow (implicit)",yes,yes,2026-08-27,34,2,no,no,UNKNOWN,UNKNOWN,UNKNOWN,UNKNOWN,low,none,UNKNOWN,UNKNOWN,OBSERVE,No destructive decision without row-level evidence.
https://funnytools.win/guides/word-count-essay-limits-guide/,zh-TW,guide,text,,200 live verified,200 local build,https://funnytools.win/guides/word-count-essay-limits-guide/,"index,follow (implicit)",yes,yes,2026-07-19,41,2,no,no,UNKNOWN,UNKNOWN,UNKNOWN,UNKNOWN,low,none,UNKNOWN,UNKNOWN,OBSERVE,No destructive decision without row-level evidence.
https://funnytools.win/guides/word-count-vs-character-count-guide/,zh-TW,guide,text,,200 live verified,200 local build,https://funnytools.win/guides/word-count-vs-character-count-guide/,"index,follow (implicit)",yes,yes,2026-08-27,35,2,no,no,UNKNOWN,UNKNOWN,UNKNOWN,UNKNOWN,high,none,UNKNOWN,measured relationship present,OBSERVE,No destructive decision without row-level evidence.
https://funnytools.win/guides/work-deadline-business-day-planning/,zh-TW,guide,text,,200 live verified,200 local build,https://funnytools.win/guides/work-deadline-business-day-planning/,"index,follow (implicit)",yes,yes,2026-08-27,35,2,no,no,UNKNOWN,UNKNOWN,UNKNOWN,UNKNOWN,low,none,UNKNOWN,UNKNOWN,OBSERVE,No destructive decision without row-level evidence.
https://funnytools.win/guides/z-score-calculator-guide/,zh-TW,guide,statistics,,200 live verified,200 local build,https://funnytools.win/guides/z-score-calculator-guide/,"index,follow (implicit)",yes,yes,2026-06-25,43,1,no,no,0,4,15,2026-08-25T03:38:20Z,low,none,UNKNOWN,measured relationship present,OBSERVE,No destructive decision without row-level evidence.
https://funnytools.win/methodology/,zh-TW,hub,general,,200 live verified,200 local build,https://funnytools.win/methodology/,"index,follow (implicit)",yes,yes,2026-08-27,47,1,no,no,UNKNOWN,UNKNOWN,UNKNOWN,UNKNOWN,low,none,UNKNOWN,UNKNOWN,OBSERVE,No destructive decision without row-level evidence.
https://funnytools.win/methodology/accessibility-compatibility/,zh-TW,methodology,general,,200 live verified,200 local build,https://funnytools.win/methodology/accessibility-compatibility/,"index,follow (implicit)",yes,yes,2026-08-27,33,2,no,no,UNKNOWN,UNKNOWN,UNKNOWN,UNKNOWN,low,none,UNKNOWN,UNKNOWN,OBSERVE,No destructive decision without row-level evidence.
https://funnytools.win/methodology/ai-assisted-content/,zh-TW,methodology,general,,200 live verified,200 local build,https://funnytools.win/methodology/ai-assisted-content/,"index,follow (implicit)",yes,yes,2026-08-27,32,2,no,no,UNKNOWN,UNKNOWN,UNKNOWN,UNKNOWN,low,none,UNKNOWN,UNKNOWN,OBSERVE,No destructive decision without row-level evidence.
https://funnytools.win/methodology/browser-local-processing/,zh-TW,methodology,general,,200 live verified,200 local build,https://funnytools.win/methodology/browser-local-processing/,"index,follow (implicit)",yes,yes,2026-08-27,33,2,no,no,UNKNOWN,UNKNOWN,UNKNOWN,UNKNOWN,low,none,UNKNOWN,UNKNOWN,OBSERVE,No destructive decision without row-level evidence.
https://funnytools.win/methodology/calculator-formula-verification/,zh-TW,methodology,general,,200 live verified,200 local build,https://funnytools.win/methodology/calculator-formula-verification/,"index,follow (implicit)",yes,yes,2026-08-27,32,2,no,no,UNKNOWN,UNKNOWN,UNKNOWN,UNKNOWN,low,none,UNKNOWN,UNKNOWN,OBSERVE,No destructive decision without row-level evidence.
https://funnytools.win/methodology/content-sourcing-corrections/,zh-TW,methodology,general,,200 live verified,200 local build,https://funnytools.win/methodology/content-sourcing-corrections/,"index,follow (implicit)",yes,yes,2026-08-27,33,2,no,no,UNKNOWN,UNKNOWN,UNKNOWN,UNKNOWN,low,none,UNKNOWN,UNKNOWN,OBSERVE,No destructive decision without row-level evidence.
https://funnytools.win/methodology/file-tool-verification/,zh-TW,methodology,general,,200 live verified,200 local build,https://funnytools.win/methodology/file-tool-verification/,"index,follow (implicit)",yes,yes,2026-08-27,33,2,no,no,UNKNOWN,UNKNOWN,UNKNOWN,UNKNOWN,low,none,UNKNOWN,UNKNOWN,OBSERVE,No destructive decision without row-level evidence.
https://funnytools.win/methodology/public-test-cases/,zh-TW,methodology,text,,200 live verified,200 local build,https://funnytools.win/methodology/public-test-cases/,"index,follow (implicit)",yes,yes,2026-08-27,32,2,no,no,UNKNOWN,UNKNOWN,UNKNOWN,UNKNOWN,low,none,UNKNOWN,UNKNOWN,OBSERVE,No destructive decision without row-level evidence.
https://funnytools.win/methodology/randomness-security/,zh-TW,methodology,random,,200 live verified,200 local build,https://funnytools.win/methodology/randomness-security/,"index,follow (implicit)",yes,yes,2026-08-27,33,2,no,no,UNKNOWN,UNKNOWN,UNKNOWN,UNKNOWN,low,none,UNKNOWN,UNKNOWN,OBSERVE,No destructive decision without row-level evidence.
https://funnytools.win/methodology/tool-verification/,zh-TW,methodology,general,,200 live verified,200 local build,https://funnytools.win/methodology/tool-verification/,"index,follow (implicit)",yes,yes,2026-08-27,33,2,no,no,UNKNOWN,UNKNOWN,UNKNOWN,UNKNOWN,low,none,UNKNOWN,UNKNOWN,OBSERVE,No destructive decision without row-level evidence.
https://funnytools.win/privacy/,zh-TW,legal,general,,200 live verified,200 local build,https://funnytools.win/privacy/,"index,follow (implicit)",yes,yes,2026-09-04,30,1,no,no,0,33,4.484848484848484,2026-08-18T20:38:37Z,low,none,UNKNOWN,UNKNOWN,PROTECT,"impressions=33, position=4.484848484848484"
https://funnytools.win/shop/,zh-TW,support,general,,200 live verified,200 local build,https://funnytools.win/shop/,"index, follow",yes,yes,2026-09-04,29,1,no,no,UNKNOWN,UNKNOWN,UNKNOWN,UNKNOWN,low,none,UNKNOWN,UNKNOWN,OBSERVE,No destructive decision without row-level evidence.
https://funnytools.win/support/,zh-TW,support,general,,200 live verified,200 local build,https://funnytools.win/support/,"index, follow",yes,yes,2026-09-04,31,1,no,no,0,22,3.909090909090909,2026-08-16T15:27:01Z,low,none,UNKNOWN,UNKNOWN,PROTECT,"impressions=22, position=3.909090909090909"
https://funnytools.win/terms/,zh-TW,legal,general,,200 live verified,200 local build,https://funnytools.win/terms/,"index,follow (implicit)",yes,yes,2026-09-04,29,1,no,no,0,40,5.55,2026-08-13T13:59:01Z,low,none,UNKNOWN,UNKNOWN,PROTECT,"impressions=40, position=5.55"
https://funnytools.win/tools/,zh-TW,hub,general,,200 live verified,200 local build,https://funnytools.win/tools/,"index,follow (implicit)",yes,yes,2026-09-04,132,1,no,no,0,1,7,2026-08-08T05:55:55Z,high,none,UNKNOWN,measured relationship present,OBSERVE,No destructive decision without row-level evidence.
https://funnytools.win/wedding-seating-conflict-solver/,zh-TW,other-legitimate,UNKNOWN,,200 local build,200 local build,https://funnytools.win/wedding-seating-conflict-solver/,"index, follow",yes,yes,2026-09-14,UNKNOWN,UNKNOWN,no,no,UNKNOWN,UNKNOWN,UNKNOWN,UNKNOWN,UNKNOWN,none,UNKNOWN,UNKNOWN,OBSERVE,No destructive decision without row-level evidence.
https://funnytools.win/workflows/,zh-TW,hub,drawing,,200 live verified,200 local build,https://funnytools.win/workflows/,"index,follow (implicit)",yes,yes,2026-09-03,73,1,no,no,0,5,4.4,2026-08-19T03:52:45Z,low,none,UNKNOWN,UNKNOWN,PROTECT,"impressions=5, position=4.4"
https://funnytools.win/workflows/graduate-statistics-report-toolkit/,zh-TW,workflow,statistics,,200 live verified,200 local build,https://funnytools.win/workflows/graduate-statistics-report-toolkit/,"index,follow (implicit)",yes,yes,2026-09-03,46,1,no,no,UNKNOWN,UNKNOWN,UNKNOWN,2026-08-18T08:51:34Z,low,none,UNKNOWN,measured relationship present,OBSERVE,No destructive decision without row-level evidence.
https://funnytools.win/workflows/teacher-exam-score-toolkit/,zh-TW,workflow,statistics,,200 live verified,200 local build,https://funnytools.win/workflows/teacher-exam-score-toolkit/,"index,follow (implicit)",yes,yes,2026-09-03,46,1,no,no,UNKNOWN,UNKNOWN,UNKNOWN,2026-08-16T19:04:43Z,low,none,UNKNOWN,measured relationship present,OBSERVE,No destructive decision without row-level evidence.
https://funnytools.win/workflows/teacher-classroom-random-toolkit/,zh-TW,workflow,random,,200 live verified,200 local build,https://funnytools.win/workflows/teacher-classroom-random-toolkit/,"index,follow (implicit)",yes,yes,2026-09-03,51,1,no,no,UNKNOWN,UNKNOWN,UNKNOWN,UNKNOWN,low,none,UNKNOWN,measured relationship present,OBSERVE,No destructive decision without row-level evidence.
https://funnytools.win/workflows/student-report-toolkit/,zh-TW,workflow,general,,200 live verified,200 local build,https://funnytools.win/workflows/student-report-toolkit/,"index,follow (implicit)",yes,yes,2026-09-03,48,1,no,no,UNKNOWN,UNKNOWN,UNKNOWN,2026-08-10T06:15:19Z,low,none,UNKNOWN,measured relationship present,OBSERVE,No destructive decision without row-level evidence.
https://funnytools.win/workflows/office-document-toolkit/,zh-TW,workflow,pdf,,200 live verified,200 local build,https://funnytools.win/workflows/office-document-toolkit/,"index,follow (implicit)",yes,yes,2026-09-03,50,1,no,no,UNKNOWN,UNKNOWN,UNKNOWN,2026-08-25T03:00:50Z,high,none,UNKNOWN,measured relationship present,OBSERVE,No destructive decision without row-level evidence.
https://funnytools.win/workflows/creator-social-toolkit/,zh-TW,workflow,general,,200 live verified,200 local build,https://funnytools.win/workflows/creator-social-toolkit/,"index,follow (implicit)",yes,yes,2026-09-03,48,1,no,no,UNKNOWN,UNKNOWN,UNKNOWN,2026-08-19T09:24:04Z,low,none,UNKNOWN,measured relationship present,OBSERVE,No destructive decision without row-level evidence.
https://funnytools.win/workflows/daily-decision-toolkit/,zh-TW,workflow,general,,200 live verified,200 local build,https://funnytools.win/workflows/daily-decision-toolkit/,"index,follow (implicit)",yes,yes,2026-09-03,44,1,no,no,UNKNOWN,UNKNOWN,UNKNOWN,UNKNOWN,low,none,UNKNOWN,UNKNOWN,OBSERVE,No destructive decision without row-level evidence.
https://funnytools.win/workflows/qr-barcode-publishing-toolkit/,zh-TW,workflow,general,,200 live verified,200 local build,https://funnytools.win/workflows/qr-barcode-publishing-toolkit/,"index,follow (implicit)",yes,yes,2026-09-04,44,1,no,no,UNKNOWN,UNKNOWN,UNKNOWN,UNKNOWN,low,none,UNKNOWN,UNKNOWN,OBSERVE,No destructive decision without row-level evidence.
https://funnytools.win/workflows/grade-gpa-check-toolkit/,zh-TW,workflow,statistics,,200 live verified,200 local build,https://funnytools.win/workflows/grade-gpa-check-toolkit/,"index,follow (implicit)",yes,yes,2026-09-04,47,1,no,no,UNKNOWN,UNKNOWN,UNKNOWN,UNKNOWN,low,none,UNKNOWN,UNKNOWN,OBSERVE,No destructive decision without row-level evidence.
https://funnytools.win/workflows/verify-tool-result/,zh-TW,workflow,general,,200 live verified,200 local build,https://funnytools.win/workflows/verify-tool-result/,"index,follow (implicit)",yes,yes,2026-09-04,33,2,no,no,UNKNOWN,UNKNOWN,UNKNOWN,UNKNOWN,low,none,UNKNOWN,UNKNOWN,OBSERVE,No destructive decision without row-level evidence.
https://funnytools.win/workflows/text-cleanup-publishing-toolkit/,zh-TW,workflow,general,,200 live verified,200 local build,https://funnytools.win/workflows/text-cleanup-publishing-toolkit/,"index,follow (implicit)",yes,yes,2026-09-03,36,1,no,no,UNKNOWN,UNKNOWN,UNKNOWN,UNKNOWN,low,none,UNKNOWN,UNKNOWN,OBSERVE,No destructive decision without row-level evidence.
https://funnytools.win/tools/age-calculator/,zh-TW,tool,time,age-calculator,200 live verified,200 local build,https://funnytools.win/tools/age-calculator/,"index,follow (implicit)",yes,yes,2026-09-02,48,1,no,no,UNKNOWN,UNKNOWN,UNKNOWN,2026-08-04T08:59:48Z,low,none,yes,measured relationship present,KEEP_INDEXABLE,Functional tool; zero traffic alone is not a pruning reason.
https://funnytools.win/tools/apa-7-report-generator/,zh-TW,tool,statistics,apa-7-report-generator,200 live verified,200 local build,https://funnytools.win/tools/apa-7-report-generator/,"index,follow (implicit)",yes,yes,2026-09-03,51,1,no,no,0,1,10,2026-08-05T07:58:07Z,low,none,yes,measured relationship present,KEEP_INDEXABLE,Functional tool; zero traffic alone is not a pruning reason.
https://funnytools.win/tools/bar-chart-maker/,zh-TW,tool,draw,bar-chart-maker,200 live verified,200 local build,https://funnytools.win/tools/bar-chart-maker/,"index,follow (implicit)",yes,yes,2026-09-02,51,1,yes,no,0,3,90,2026-08-13T18:43:24Z,low,none,yes,measured relationship present,PROTECT,Phase 2B treatment P2B-16; Phase 2B treatment P2B-16
https://funnytools.win/tools/barcode-generator/,zh-TW,tool,image,barcode-generator,200 live verified,200 local build,https://funnytools.win/tools/barcode-generator/,"index,follow (implicit)",yes,yes,2026-09-03,53,1,no,no,UNKNOWN,UNKNOWN,UNKNOWN,UNKNOWN,low,none,yes,UNKNOWN,KEEP_INDEXABLE,Functional tool; zero traffic alone is not a pruning reason.
https://funnytools.win/tools/base64/,zh-TW,tool,text,base64,200 live verified,200 local build,https://funnytools.win/tools/base64/,"index,follow (implicit)",yes,yes,2026-09-02,49,1,yes,no,0,4,37.5,2026-08-21T15:50:49Z,low,none,yes,measured relationship present,PROTECT,Phase 2B treatment P2B-17; Phase 2B treatment P2B-17
https://funnytools.win/tools/break-reminder/,zh-TW,tool,time,break-reminder,200 live verified,200 local build,https://funnytools.win/tools/break-reminder/,"index,follow (implicit)",yes,yes,2026-09-02,48,1,no,yes,0,8,7.125,2026-08-18T01:16:28Z,low,none,yes,measured relationship present,PROTECT,"impressions=8, position=7.125; Phase 2B control P2B-20; Phase 2B control P2B-20"
https://funnytools.win/tools/bulk-image-compressor/,zh-TW,tool,image,bulk-image-compressor,200 live verified,200 local build,https://funnytools.win/tools/bulk-image-compressor/,"index,follow (implicit)",yes,yes,2026-08-30,44,1,no,no,UNKNOWN,UNKNOWN,UNKNOWN,UNKNOWN,low,none,yes,measured relationship present,KEEP_INDEXABLE,Functional tool; zero traffic alone is not a pruning reason.
https://funnytools.win/tools/business-days/,zh-TW,tool,time,business-days,200 live verified,200 local build,https://funnytools.win/tools/business-days/,"index,follow (implicit)",yes,yes,2026-09-02,52,1,no,no,1,8,4.25,2026-08-20T15:12:32Z,high,none,yes,measured relationship present,PROTECT,"historical clicks=1; impressions=8, position=4.25"
https://funnytools.win/tools/cad-2d/,zh-TW,tool,draw,cad-2d,200 live verified,200 local build,https://funnytools.win/tools/cad-2d/,"index,follow (implicit)",yes,yes,2026-09-03,50,1,no,yes,UNKNOWN,UNKNOWN,UNKNOWN,2026-08-10T02:39:59Z,low,none,yes,UNKNOWN,PROTECT,Phase 2B control P2B-16; Phase 2B control P2B-16
https://funnytools.win/tools/case-converter/,zh-TW,tool,text,case-converter,200 live verified,200 local build,https://funnytools.win/tools/case-converter/,"index,follow (implicit)",yes,yes,2026-09-03,53,1,no,yes,0,5,8.8,2026-08-21T06:05:47Z,low,none,yes,measured relationship present,PROTECT,"impressions=5, position=8.8; Phase 2B control P2B-17; Phase 2B control P2B-17"
https://funnytools.win/tools/character-counter/,zh-TW,tool,text,character-counter,200 live verified,200 local build,https://funnytools.win/tools/character-counter/,"index,follow (implicit)",yes,yes,2026-09-03,53,1,no,no,UNKNOWN,UNKNOWN,UNKNOWN,UNKNOWN,low,none,yes,measured relationship present,KEEP_INDEXABLE,Functional tool; zero traffic alone is not a pruning reason.
https://funnytools.win/tools/class-rank-percentile-calculator/,zh-TW,tool,statistics,class-rank-percentile-calculator,200 live verified,200 local build,https://funnytools.win/tools/class-rank-percentile-calculator/,"index,follow (implicit)",yes,yes,2026-09-10,48,1,no,yes,3,37,10.594594594594595,2026-08-19T01:54:04Z,low,none,yes,measured relationship present,PROTECT,"e; x; p; l; i; c; i; t;  ; c; o; r; e;  ; e; d; u; c; a; t; i; o; n;  ; t; o; o; l; historical clicks=3; impressions=37, position=10.594594594594595; Phase 2B control P2B-18; Phase 2B control P2B-18"
https://funnytools.win/tools/color-generator/,zh-TW,tool,random,color-generator,200 live verified,200 local build,https://funnytools.win/tools/color-generator/,"index,follow (implicit)",yes,yes,2026-09-02,48,1,no,no,0,8,5.375,2026-08-13T14:37:00Z,low,none,yes,UNKNOWN,PROTECT,"impressions=8, position=5.375"
https://funnytools.win/tools/compound-interest/,zh-TW,tool,money,compound-interest,200 live verified,200 local build,https://funnytools.win/tools/compound-interest/,"index,follow (implicit)",yes,yes,2026-09-03,47,1,no,no,UNKNOWN,UNKNOWN,UNKNOWN,2026-08-30T04:34:55Z,low,none,yes,UNKNOWN,KEEP_INDEXABLE,Functional tool; zero traffic alone is not a pruning reason.
https://funnytools.win/tools/countdown-timer/,zh-TW,tool,time,countdown-timer,200 live verified,200 local build,https://funnytools.win/tools/countdown-timer/,"index,follow (implicit)",yes,yes,2026-09-03,53,1,yes,no,0,1,86,2026-08-14T02:47:43Z,low,none,yes,measured relationship present,PROTECT,Phase 2B treatment P2B-20; Phase 2B treatment P2B-20
https://funnytools.win/tools/cronbach-alpha-calculator/,zh-TW,tool,statistics,cronbach-alpha-calculator,200 live verified,200 local build,https://funnytools.win/tools/cronbach-alpha-calculator/,"index,follow (implicit)",yes,yes,2026-09-03,47,1,yes,no,0,3,82,2026-08-18T22:35:45Z,low,none,yes,measured relationship present,PROTECT,Phase 2B treatment P2B-18; Phase 2B treatment P2B-18
https://funnytools.win/tools/csv-to-json/,zh-TW,tool,text,csv-to-json,200 live verified,200 local build,https://funnytools.win/tools/csv-to-json/,"index,follow (implicit)",yes,yes,2026-09-03,51,1,no,no,UNKNOWN,UNKNOWN,UNKNOWN,2026-08-18T22:09:13Z,high,none,yes,measured relationship present,KEEP_INDEXABLE,Functional tool; zero traffic alone is not a pruning reason.
https://funnytools.win/tools/date-difference/,zh-TW,tool,time,date-difference,200 live verified,200 local build,https://funnytools.win/tools/date-difference/,"index,follow (implicit)",yes,yes,2026-09-02,51,1,no,no,0,5,7.2,2026-08-14T02:47:42Z,high,none,yes,measured relationship present,PROTECT,"impressions=5, position=7.2"
https://funnytools.win/tools/delete-pdf-pages/,zh-TW,tool,pdf,delete-pdf-pages,200 live verified,200 local build,https://funnytools.win/tools/delete-pdf-pages/,"index,follow (implicit)",yes,yes,2026-09-02,49,1,no,no,UNKNOWN,UNKNOWN,UNKNOWN,2026-08-19T10:39:04Z,high,none,yes,measured relationship present,KEEP_INDEXABLE,Functional tool; zero traffic alone is not a pruning reason.
https://funnytools.win/tools/dice-roller/,zh-TW,tool,random,dice-roller,200 live verified,200 local build,https://funnytools.win/tools/dice-roller/,"index,follow (implicit)",yes,yes,2026-09-02,51,1,no,no,0,20,5.6,2026-08-08T13:50:54Z,low,none,yes,UNKNOWN,PROTECT,"impressions=20, position=5.6"
https://funnytools.win/tools/extract-pdf-pages/,zh-TW,tool,pdf,extract-pdf-pages,200 live verified,200 local build,https://funnytools.win/tools/extract-pdf-pages/,"index,follow (implicit)",yes,yes,2026-09-03,51,1,no,no,0,8,3.5,2026-08-19T11:16:34Z,high,none,yes,measured relationship present,PROTECT,"impressions=8, position=3.5"
https://funnytools.win/tools/flowchart/,zh-TW,tool,draw,flowchart,200 live verified,200 local build,https://funnytools.win/tools/flowchart/,"index,follow (implicit)",yes,yes,2026-09-02,51,1,no,no,0,2,6.5,2026-08-17T00:46:24Z,low,none,yes,UNKNOWN,KEEP_INDEXABLE,Functional tool; zero traffic alone is not a pruning reason.
https://funnytools.win/tools/gpa-calculator/,zh-TW,tool,study,gpa-calculator,200 live verified,200 local build,https://funnytools.win/tools/gpa-calculator/,"index,follow (implicit)",yes,yes,2026-09-03,51,1,no,yes,0,9,13.333333333333334,2026-08-13T19:33:45Z,low,none,yes,UNKNOWN,PROTECT,"impressions=9, position=13.333333333333334; Phase 2B control P2B-19; Phase 2B control P2B-19"
https://funnytools.win/tools/grade-average/,zh-TW,tool,statistics,grade-average,200 live verified,200 local build,https://funnytools.win/tools/grade-average/,"index,follow (implicit)",yes,yes,2026-09-10,53,1,no,no,1,152,7.8618421052631575,2026-09-04T14:49:37Z,high,none,yes,measured relationship present,PROTECT,"e; x; p; l; i; c; i; t;  ; c; o; r; e;  ; e; d; u; c; a; t; i; o; n;  ; t; o; o; l; historical clicks=1; impressions=152, position=7.8618421052631575"
https://funnytools.win/tools/group-generator/,zh-TW,tool,study,group-generator,200 live verified,200 local build,https://funnytools.win/tools/group-generator/,"index,follow (implicit)",yes,yes,2026-09-03,52,1,no,no,UNKNOWN,UNKNOWN,UNKNOWN,2026-08-16T03:49:08Z,low,none,yes,measured relationship present,KEEP_INDEXABLE,Functional tool; zero traffic alone is not a pruning reason.
https://funnytools.win/tools/image-compressor/,zh-TW,tool,image,image-compressor,200 live verified,200 local build,https://funnytools.win/tools/image-compressor/,"index,follow (implicit)",yes,yes,2026-09-03,53,1,no,no,UNKNOWN,UNKNOWN,UNKNOWN,UNKNOWN,low,none,yes,measured relationship present,KEEP_INDEXABLE,Functional tool; zero traffic alone is not a pruning reason.
https://funnytools.win/tools/image-crop/,zh-TW,tool,image,image-crop,200 live verified,200 local build,https://funnytools.win/tools/image-crop/,"index,follow (implicit)",yes,yes,2026-09-03,51,1,no,no,UNKNOWN,UNKNOWN,UNKNOWN,UNKNOWN,low,none,yes,measured relationship present,KEEP_INDEXABLE,Functional tool; zero traffic alone is not a pruning reason.
https://funnytools.win/tools/image-resizer/,zh-TW,tool,image,image-resizer,200 live verified,200 local build,https://funnytools.win/tools/image-resizer/,"index,follow (implicit)",yes,yes,2026-09-03,53,1,no,no,UNKNOWN,UNKNOWN,UNKNOWN,2026-08-21T12:12:53Z,low,none,yes,measured relationship present,KEEP_INDEXABLE,Functional tool; zero traffic alone is not a pruning reason.
https://funnytools.win/tools/image-rotate-flip/,zh-TW,tool,image,image-rotate-flip,200 live verified,200 local build,https://funnytools.win/tools/image-rotate-flip/,"index,follow (implicit)",yes,yes,2026-09-02,48,1,no,no,0,5,51.2,2026-08-13T00:55:12Z,low,none,yes,measured relationship present,KEEP_INDEXABLE,Functional tool; zero traffic alone is not a pruning reason.
https://funnytools.win/tools/image-to-base64/,zh-TW,tool,image,image-to-base64,200 live verified,200 local build,https://funnytools.win/tools/image-to-base64/,"index,follow (implicit)",yes,yes,2026-09-03,49,1,no,no,UNKNOWN,UNKNOWN,UNKNOWN,UNKNOWN,low,none,yes,UNKNOWN,KEEP_INDEXABLE,Functional tool; zero traffic alone is not a pruning reason.
https://funnytools.win/tools/image-to-dxf/,zh-TW,tool,draw,image-to-dxf,200 live verified,200 local build,https://funnytools.win/tools/image-to-dxf/,"index,follow (implicit)",yes,yes,2026-08-30,44,1,no,no,UNKNOWN,UNKNOWN,UNKNOWN,UNKNOWN,low,none,yes,UNKNOWN,KEEP_INDEXABLE,Functional tool; zero traffic alone is not a pruning reason.
https://funnytools.win/tools/images-to-pdf/,zh-TW,tool,pdf,images-to-pdf,200 live verified,200 local build,https://funnytools.win/tools/images-to-pdf/,"index,follow (implicit)",yes,yes,2026-09-03,51,1,no,no,UNKNOWN,UNKNOWN,UNKNOWN,2026-08-30T04:42:19Z,low,none,yes,measured relationship present,KEEP_INDEXABLE,Functional tool; zero traffic alone is not a pruning reason.
https://funnytools.win/tools/independent-samples-t-test-calculator/,zh-TW,tool,statistics,independent-samples-t-test-calculator,200 live verified,200 local build,https://funnytools.win/tools/independent-samples-t-test-calculator/,"index,follow (implicit)",yes,yes,2026-09-10,51,1,no,no,UNKNOWN,UNKNOWN,UNKNOWN,2026-08-20T16:57:58Z,low,none,yes,measured relationship present,KEEP_INDEXABLE,Functional tool; zero traffic alone is not a pruning reason.
https://funnytools.win/tools/inflation/,zh-TW,tool,money,inflation,200 live verified,200 local build,https://funnytools.win/tools/inflation/,"index,follow (implicit)",yes,yes,2026-09-04,47,1,no,no,0,3,13.666666666666666,2026-09-04T15:50:56Z,low,none,yes,UNKNOWN,KEEP_INDEXABLE,Functional tool; zero traffic alone is not a pruning reason.
https://funnytools.win/tools/jpg-to-png/,zh-TW,tool,image,jpg-to-png,200 live verified,200 local build,https://funnytools.win/tools/jpg-to-png/,"index,follow (implicit)",yes,yes,2026-09-02,49,1,no,no,UNKNOWN,UNKNOWN,UNKNOWN,2026-07-17T10:39:30Z,high,none,yes,measured relationship present,KEEP_INDEXABLE,Functional tool; zero traffic alone is not a pruning reason.
https://funnytools.win/tools/jpg-to-webp/,zh-TW,tool,image,jpg-to-webp,200 live verified,200 local build,https://funnytools.win/tools/jpg-to-webp/,"index,follow (implicit)",yes,yes,2026-09-03,51,1,no,no,UNKNOWN,UNKNOWN,UNKNOWN,2026-07-31T20:18:32Z,high,none,yes,measured relationship present,KEEP_INDEXABLE,Functional tool; zero traffic alone is not a pruning reason.
https://funnytools.win/tools/json-formatter/,zh-TW,tool,text,json-formatter,200 live verified,200 local build,https://funnytools.win/tools/json-formatter/,"index,follow (implicit)",yes,yes,2026-09-03,51,1,no,no,UNKNOWN,UNKNOWN,UNKNOWN,2026-08-13T03:14:50Z,low,none,yes,measured relationship present,KEEP_INDEXABLE,Functional tool; zero traffic alone is not a pruning reason.
https://funnytools.win/tools/json-to-csv/,zh-TW,tool,text,json-to-csv,200 live verified,200 local build,https://funnytools.win/tools/json-to-csv/,"index,follow (implicit)",yes,yes,2026-09-03,50,1,no,no,UNKNOWN,UNKNOWN,UNKNOWN,2026-08-22T00:39:55Z,high,none,yes,measured relationship present,KEEP_INDEXABLE,Functional tool; zero traffic alone is not a pruning reason.
https://funnytools.win/tools/markdown-previewer/,zh-TW,tool,text,markdown-previewer,200 live verified,200 local build,https://funnytools.win/tools/markdown-previewer/,"index,follow (implicit)",yes,yes,2026-09-02,48,1,no,no,0,6,21.333333333333332,2026-08-18T22:51:31Z,low,none,yes,UNKNOWN,KEEP_INDEXABLE,Functional tool; zero traffic alone is not a pruning reason.
https://funnytools.win/tools/merge-pdf/,zh-TW,tool,pdf,merge-pdf,200 live verified,200 local build,https://funnytools.win/tools/merge-pdf/,"index,follow (implicit)",yes,yes,2026-09-03,53,1,no,no,UNKNOWN,UNKNOWN,UNKNOWN,2026-08-13T18:51:52Z,low,none,yes,measured relationship present,KEEP_INDEXABLE,Functional tool; zero traffic alone is not a pruning reason.
https://funnytools.win/tools/mortgage-payment/,zh-TW,tool,money,mortgage-payment,200 live verified,200 local build,https://funnytools.win/tools/mortgage-payment/,"index,follow (implicit)",yes,yes,2026-09-02,47,1,no,no,UNKNOWN,UNKNOWN,UNKNOWN,2026-08-16T14:55:56Z,low,none,yes,measured relationship present,KEEP_INDEXABLE,Functional tool; zero traffic alone is not a pruning reason.
https://funnytools.win/tools/net-salary/,zh-TW,tool,money,net-salary,200 live verified,200 local build,https://funnytools.win/tools/net-salary/,"index,follow (implicit)",yes,yes,2026-09-02,47,1,no,no,UNKNOWN,UNKNOWN,UNKNOWN,UNKNOWN,low,none,yes,UNKNOWN,KEEP_INDEXABLE,Functional tool; zero traffic alone is not a pruning reason.
https://funnytools.win/tools/normalized-score-converter/,zh-TW,tool,statistics,normalized-score-converter,200 live verified,200 local build,https://funnytools.win/tools/normalized-score-converter/,"index,follow (implicit)",yes,yes,2026-09-03,46,1,no,no,UNKNOWN,UNKNOWN,UNKNOWN,2026-08-16T05:04:08Z,low,none,yes,measured relationship present,KEEP_INDEXABLE,Functional tool; zero traffic alone is not a pruning reason.
https://funnytools.win/tools/overtime-pay/,zh-TW,tool,money,overtime-pay,200 live verified,200 local build,https://funnytools.win/tools/overtime-pay/,"index,follow (implicit)",yes,yes,2026-09-02,47,1,no,no,0,3,9.333333333333334,2026-08-14T02:48:49Z,low,none,yes,UNKNOWN,KEEP_INDEXABLE,Functional tool; zero traffic alone is not a pruning reason.
https://funnytools.win/tools/password-generator/,zh-TW,tool,random,password-generator,200 live verified,200 local build,https://funnytools.win/tools/password-generator/,"index,follow (implicit)",yes,yes,2026-09-02,51,1,no,no,UNKNOWN,UNKNOWN,UNKNOWN,UNKNOWN,low,none,yes,UNKNOWN,KEEP_INDEXABLE,Functional tool; zero traffic alone is not a pruning reason.
https://funnytools.win/tools/pdf-compressor/,zh-TW,tool,pdf,pdf-compressor,200 live verified,200 local build,https://funnytools.win/tools/pdf-compressor/,"index,follow (implicit)",yes,yes,2026-09-02,52,1,no,no,UNKNOWN,UNKNOWN,UNKNOWN,2026-08-10T06:30:16Z,low,none,yes,measured relationship present,KEEP_INDEXABLE,Functional tool; zero traffic alone is not a pruning reason.
https://funnytools.win/tools/pdf-page-reorder/,zh-TW,tool,pdf,pdf-page-reorder,200 live verified,200 local build,https://funnytools.win/tools/pdf-page-reorder/,"index,follow (implicit)",yes,yes,2026-09-03,51,1,no,no,0,5,2.6,2026-08-09T03:49:08Z,low,none,yes,measured relationship present,PROTECT,"impressions=5, position=2.6"
https://funnytools.win/tools/pdf-table-to-excel/,zh-TW,tool,pdf,pdf-table-to-excel,200 live verified,200 local build,https://funnytools.win/tools/pdf-table-to-excel/,"index,follow (implicit)",yes,yes,2026-09-03,46,1,no,no,UNKNOWN,UNKNOWN,UNKNOWN,UNKNOWN,low,none,yes,measured relationship present,KEEP_INDEXABLE,Functional tool; zero traffic alone is not a pruning reason.
https://funnytools.win/tools/pdf-to-image/,zh-TW,tool,pdf,pdf-to-image,200 live verified,200 local build,https://funnytools.win/tools/pdf-to-image/,"index,follow (implicit)",yes,yes,2026-09-03,51,1,no,no,UNKNOWN,UNKNOWN,UNKNOWN,UNKNOWN,low,none,yes,measured relationship present,KEEP_INDEXABLE,Functional tool; zero traffic alone is not a pruning reason.
https://funnytools.win/tools/pdf-to-word/,zh-TW,tool,pdf,pdf-to-word,200 live verified,200 local build,https://funnytools.win/tools/pdf-to-word/,"index,follow (implicit)",yes,yes,2026-09-03,48,1,no,no,UNKNOWN,UNKNOWN,UNKNOWN,UNKNOWN,low,none,yes,measured relationship present,KEEP_INDEXABLE,Functional tool; zero traffic alone is not a pruning reason.
https://funnytools.win/tools/percentage-calculator/,zh-TW,tool,statistics,percentage-calculator,200 live verified,200 local build,https://funnytools.win/tools/percentage-calculator/,"index,follow (implicit)",yes,yes,2026-09-03,52,1,no,no,0,10,8.2,2026-08-05T23:14:21Z,low,none,yes,measured relationship present,PROTECT,"impressions=10, position=8.2"
https://funnytools.win/tools/percentile-rank-calculator/,zh-TW,tool,statistics,percentile-rank-calculator,200 live verified,200 local build,https://funnytools.win/tools/percentile-rank-calculator/,"index,follow (implicit)",yes,yes,2026-09-03,49,1,no,no,0,1,17,2026-08-11T09:48:06Z,low,none,yes,measured relationship present,KEEP_INDEXABLE,Functional tool; zero traffic alone is not a pruning reason.
https://funnytools.win/tools/pie-chart-maker/,zh-TW,tool,draw,pie-chart-maker,200 live verified,200 local build,https://funnytools.win/tools/pie-chart-maker/,"index,follow (implicit)",yes,yes,2026-09-02,51,1,no,no,0,5,89.4,2026-08-19T14:27:52Z,low,none,yes,measured relationship present,KEEP_INDEXABLE,Functional tool; zero traffic alone is not a pruning reason.
https://funnytools.win/tools/png-to-jpg/,zh-TW,tool,image,png-to-jpg,200 live verified,200 local build,https://funnytools.win/tools/png-to-jpg/,"index,follow (implicit)",yes,yes,2026-09-03,51,1,no,no,UNKNOWN,UNKNOWN,UNKNOWN,2026-08-15T08:41:36Z,high,none,yes,measured relationship present,KEEP_INDEXABLE,Functional tool; zero traffic alone is not a pruning reason.
https://funnytools.win/tools/pomodoro-timer/,zh-TW,tool,time,pomodoro-timer,200 live verified,200 local build,https://funnytools.win/tools/pomodoro-timer/,"index,follow (implicit)",yes,yes,2026-09-02,51,1,no,no,UNKNOWN,UNKNOWN,UNKNOWN,2026-08-16T18:47:52Z,low,none,yes,measured relationship present,KEEP_INDEXABLE,Functional tool; zero traffic alone is not a pruning reason.
https://funnytools.win/tools/qr-code-generator/,zh-TW,tool,image,qr-code-generator,200 live verified,200 local build,https://funnytools.win/tools/qr-code-generator/,"index,follow (implicit)",yes,yes,2026-09-03,54,1,no,no,0,3,91.33333333333333,2026-08-13T12:43:58Z,low,none,yes,UNKNOWN,KEEP_INDEXABLE,Functional tool; zero traffic alone is not a pruning reason.
https://funnytools.win/tools/random-group-generator/,zh-TW,tool,random,random-group-generator,200 live verified,200 local build,https://funnytools.win/tools/random-group-generator/,"index,follow (implicit)",yes,yes,2026-09-02,52,1,no,no,UNKNOWN,UNKNOWN,UNKNOWN,UNKNOWN,low,none,yes,measured relationship present,KEEP_INDEXABLE,Functional tool; zero traffic alone is not a pruning reason.
https://funnytools.win/tools/random-name-picker/,zh-TW,tool,random,random-name-picker,200 live verified,200 local build,https://funnytools.win/tools/random-name-picker/,"index,follow (implicit)",yes,yes,2026-09-03,53,1,no,no,2,55,7.254545454545455,2026-08-17T01:49:34Z,low,none,yes,measured relationship present,PROTECT,"e; x; p; l; i; c; i; t;  ; p; r; o; t; e; c; t; e; d;  ; w; i; n; n; e; r; historical clicks=2; impressions=55, position=7.254545454545455"
https://funnytools.win/tools/random-number-picker/,zh-TW,tool,random,random-number-picker,200 live verified,200 local build,https://funnytools.win/tools/random-number-picker/,"index,follow (implicit)",yes,yes,2026-09-02,51,1,no,no,0,4,85.25,2026-08-17T05:37:52Z,low,none,yes,measured relationship present,KEEP_INDEXABLE,Functional tool; zero traffic alone is not a pruning reason.
https://funnytools.win/tools/random-student-picker/,zh-TW,tool,study,random-student-picker,200 live verified,200 local build,https://funnytools.win/tools/random-student-picker/,"index,follow (implicit)",yes,yes,2026-09-02,52,1,no,no,0,13,4.846153846153847,2026-08-14T04:03:26Z,low,none,yes,measured relationship present,PROTECT,"e; x; p; l; i; c; i; t;  ; c; l; a; s; s; r; o; o; m;  ; t; o; o; l; impressions=13, position=4.846153846153847"
https://funnytools.win/tools/random-wheel/,zh-TW,tool,random,random-wheel,200 live verified,200 local build,https://funnytools.win/tools/random-wheel/,"index,follow (implicit)",yes,yes,2026-09-02,52,1,no,no,0,16,23.75,2026-08-13T16:01:30Z,low,none,yes,measured relationship present,KEEP_INDEXABLE,Functional tool; zero traffic alone is not a pruning reason.
https://funnytools.win/tools/remove-duplicate-lines/,zh-TW,tool,text,remove-duplicate-lines,200 live verified,200 local build,https://funnytools.win/tools/remove-duplicate-lines/,"index,follow (implicit)",yes,yes,2026-09-02,48,1,no,no,UNKNOWN,UNKNOWN,UNKNOWN,2026-08-13T19:00:17Z,low,none,yes,measured relationship present,KEEP_INDEXABLE,Functional tool; zero traffic alone is not a pruning reason.
https://funnytools.win/tools/remove-empty-lines/,zh-TW,tool,text,remove-empty-lines,200 live verified,200 local build,https://funnytools.win/tools/remove-empty-lines/,"index,follow (implicit)",yes,yes,2026-09-02,51,1,no,no,UNKNOWN,UNKNOWN,UNKNOWN,2026-08-20T12:07:30Z,low,none,yes,measured relationship present,KEEP_INDEXABLE,Functional tool; zero traffic alone is not a pruning reason.
https://funnytools.win/tools/rotate-pdf/,zh-TW,tool,pdf,rotate-pdf,200 live verified,200 local build,https://funnytools.win/tools/rotate-pdf/,"index,follow (implicit)",yes,yes,2026-09-02,49,1,no,no,UNKNOWN,UNKNOWN,UNKNOWN,UNKNOWN,low,none,yes,measured relationship present,KEEP_INDEXABLE,Functional tool; zero traffic alone is not a pruning reason.
https://funnytools.win/tools/savings-goal/,zh-TW,tool,money,savings-goal,200 live verified,200 local build,https://funnytools.win/tools/savings-goal/,"index,follow (implicit)",yes,yes,2026-09-02,47,1,no,no,UNKNOWN,UNKNOWN,UNKNOWN,2026-08-21T14:35:49Z,low,none,yes,measured relationship present,KEEP_INDEXABLE,Functional tool; zero traffic alone is not a pruning reason.
https://funnytools.win/tools/seating-chart/,zh-TW,tool,study,seating-chart,200 live verified,200 local build,https://funnytools.win/tools/seating-chart/,"index,follow (implicit)",yes,yes,2026-09-03,52,1,yes,no,0,4,55.75,2026-08-18T23:10:18Z,low,none,yes,UNKNOWN,PROTECT,Phase 2B treatment P2B-19; Phase 2B treatment P2B-19
https://funnytools.win/tools/sketchpad/,zh-TW,tool,draw,sketchpad,200 live verified,200 local build,https://funnytools.win/tools/sketchpad/,"index,follow (implicit)",yes,yes,2026-09-02,49,1,no,no,0,2,7.5,2026-08-19T16:33:56Z,low,none,yes,UNKNOWN,KEEP_INDEXABLE,Functional tool; zero traffic alone is not a pruning reason.
https://funnytools.win/tools/sort-lines/,zh-TW,tool,text,sort-lines,200 live verified,200 local build,https://funnytools.win/tools/sort-lines/,"index,follow (implicit)",yes,yes,2026-09-02,52,1,no,no,UNKNOWN,UNKNOWN,UNKNOWN,2026-08-13T03:57:13Z,low,none,yes,measured relationship present,KEEP_INDEXABLE,Functional tool; zero traffic alone is not a pruning reason.
https://funnytools.win/tools/split-pdf/,zh-TW,tool,pdf,split-pdf,200 live verified,200 local build,https://funnytools.win/tools/split-pdf/,"index,follow (implicit)",yes,yes,2026-09-03,53,1,no,no,UNKNOWN,UNKNOWN,UNKNOWN,2026-08-21T04:41:56Z,low,none,yes,measured relationship present,KEEP_INDEXABLE,Functional tool; zero traffic alone is not a pruning reason.
https://funnytools.win/tools/spss-result-interpreter/,zh-TW,tool,statistics,spss-result-interpreter,200 live verified,200 local build,https://funnytools.win/tools/spss-result-interpreter/,"index,follow (implicit)",yes,yes,2026-09-03,51,1,no,no,UNKNOWN,UNKNOWN,UNKNOWN,2026-08-18T09:19:35Z,low,none,yes,measured relationship present,KEEP_INDEXABLE,Functional tool; zero traffic alone is not a pruning reason.
https://funnytools.win/tools/standard-deviation/,zh-TW,tool,statistics,standard-deviation,200 live verified,200 local build,https://funnytools.win/tools/standard-deviation/,"index,follow (implicit)",yes,yes,2026-09-03,52,1,no,no,0,22,9.136363636363637,2026-08-20T20:15:42Z,high,none,yes,measured relationship present,PROTECT,"e; x; p; l; i; c; i; t;  ; c; o; r; e;  ; e; d; u; c; a; t; i; o; n;  ; t; o; o; l; impressions=22, position=9.136363636363637"
https://funnytools.win/tools/stopwatch/,zh-TW,tool,time,stopwatch,200 live verified,200 local build,https://funnytools.win/tools/stopwatch/,"index,follow (implicit)",yes,yes,2026-09-02,51,1,no,no,UNKNOWN,UNKNOWN,UNKNOWN,UNKNOWN,low,none,yes,UNKNOWN,KEEP_INDEXABLE,Functional tool; zero traffic alone is not a pruning reason.
https://funnytools.win/tools/t-score-calculator/,zh-TW,tool,statistics,t-score-calculator,200 live verified,200 local build,https://funnytools.win/tools/t-score-calculator/,"index,follow (implicit)",yes,yes,2026-09-02,55,1,no,no,17,151,8.251655629139073,2026-08-17T00:34:35Z,high,none,yes,measured relationship present,PROTECT,"e; x; p; l; i; c; i; t;  ; c; o; r; e;  ; e; d; u; c; a; t; i; o; n;  ; t; o; o; l; historical clicks=17; impressions=151, position=8.251655629139073"
https://funnytools.win/tools/teacher-exam-score-converter/,zh-TW,tool,statistics,teacher-exam-score-converter,200 live verified,200 local build,https://funnytools.win/tools/teacher-exam-score-converter/,"index,follow (implicit)",yes,yes,2026-09-02,51,1,no,no,1,18,4.555555555555555,2026-08-23T04:23:41Z,high,none,yes,measured relationship present,PROTECT,"e; x; p; l; i; c; i; t;  ; c; o; r; e;  ; e; d; u; c; a; t; i; o; n;  ; t; o; o; l; historical clicks=1; impressions=18, position=4.555555555555555"
https://funnytools.win/tools/this-or-that/,zh-TW,tool,random,this-or-that,200 live verified,200 local build,https://funnytools.win/tools/this-or-that/,"index,follow (implicit)",yes,yes,2026-09-02,48,1,no,no,0,6,3.6666666666666665,2026-08-18T10:34:36Z,low,none,yes,measured relationship present,PROTECT,"impressions=6, position=3.6666666666666665"
https://funnytools.win/tools/timestamp-converter/,zh-TW,tool,time,timestamp-converter,200 live verified,200 local build,https://funnytools.win/tools/timestamp-converter/,"index,follow (implicit)",yes,yes,2026-09-02,49,1,no,no,0,10,27.3,2026-08-06T09:40:31Z,low,none,yes,UNKNOWN,KEEP_INDEXABLE,Functional tool; zero traffic alone is not a pruning reason.
https://funnytools.win/tools/url-encoder/,zh-TW,tool,text,url-encoder,200 live verified,200 local build,https://funnytools.win/tools/url-encoder/,"index,follow (implicit)",yes,yes,2026-09-03,51,1,no,no,0,2,9.5,2026-08-21T16:53:29Z,low,none,yes,measured relationship present,KEEP_INDEXABLE,Functional tool; zero traffic alone is not a pruning reason.
https://funnytools.win/tools/uuid-generator/,zh-TW,tool,random,uuid-generator,200 live verified,200 local build,https://funnytools.win/tools/uuid-generator/,"index,follow (implicit)",yes,yes,2026-09-02,50,1,no,no,UNKNOWN,UNKNOWN,UNKNOWN,2026-08-10T14:49:25Z,low,none,yes,UNKNOWN,KEEP_INDEXABLE,Functional tool; zero traffic alone is not a pruning reason.
https://funnytools.win/tools/webp-to-jpg/,zh-TW,tool,image,webp-to-jpg,200 live verified,200 local build,https://funnytools.win/tools/webp-to-jpg/,"index,follow (implicit)",yes,yes,2026-09-02,48,1,no,no,UNKNOWN,UNKNOWN,UNKNOWN,2026-08-19T16:04:13Z,high,none,yes,measured relationship present,KEEP_INDEXABLE,Functional tool; zero traffic alone is not a pruning reason.
https://funnytools.win/tools/weighted-average-calculator/,zh-TW,tool,statistics,weighted-average-calculator,200 live verified,200 local build,https://funnytools.win/tools/weighted-average-calculator/,"index,follow (implicit)",yes,yes,2026-09-03,53,1,no,no,UNKNOWN,UNKNOWN,UNKNOWN,2026-08-21T12:46:52Z,high,none,yes,measured relationship present,KEEP_INDEXABLE,Functional tool; zero traffic alone is not a pruning reason.
https://funnytools.win/tools/what-to-eat/,zh-TW,tool,random,what-to-eat,200 live verified,200 local build,https://funnytools.win/tools/what-to-eat/,"index,follow (implicit)",yes,yes,2026-09-02,48,1,no,no,UNKNOWN,UNKNOWN,UNKNOWN,2026-09-09T06:54:43Z,low,none,yes,UNKNOWN,KEEP_INDEXABLE,Functional tool; zero traffic alone is not a pruning reason.
https://funnytools.win/tools/word-counter/,zh-TW,tool,text,word-counter,200 live verified,200 local build,https://funnytools.win/tools/word-counter/,"index,follow (implicit)",yes,yes,2026-09-02,53,1,no,no,UNKNOWN,UNKNOWN,UNKNOWN,UNKNOWN,low,none,yes,measured relationship present,KEEP_INDEXABLE,Functional tool; zero traffic alone is not a pruning reason.
https://funnytools.win/tools/z-score-calculator/,zh-TW,tool,statistics,z-score-calculator,200 live verified,200 local build,https://funnytools.win/tools/z-score-calculator/,"index,follow (implicit)",yes,yes,2026-09-03,51,1,no,no,0,2,1.5,2026-07-06T05:43:08Z,high,none,yes,measured relationship present,KEEP_INDEXABLE,Functional tool; zero traffic alone is not a pruning reason.
