locale,treatment_url,control_url,cluster,score,qualifies,reason
zh-TW,https://funnytools.win/tools/age-calculator/,https://funnytools.win/tools/break-reminder/,time,90,yes,same locale zh-TW; same page_type tool; same cluster time; crawl age delta 13d (10/15); internal links delta 0 (12/12); crawl depth matched; impression bucket 0/0 (8/8); similarity low-similarity-0.671 (5/5); utility family calculator/time (2/7)
zh-TW,https://funnytools.win/tools/age-calculator/,https://funnytools.win/tools/business-days/,time,80,yes,same locale zh-TW; same page_type tool; same cluster time; crawl age delta 16d (5/15); internal links delta 4 (12/12); crawl depth matched; impression bucket 0/0 (8/8); similarity high-risk-marker (0/5); utility family calculator/time (2/7)
zh-TW,https://funnytools.win/tools/age-calculator/,https://funnytools.win/tools/countdown-timer/,time,86,yes,same locale zh-TW; same page_type tool; same cluster time; crawl age delta 9d (10/15); internal links delta 5 (12/12); crawl depth matched; impression bucket 0/1-10 (4/8); similarity low-similarity-0.671 (5/5); utility family calculator/time (2/7)
zh-TW,https://funnytools.win/tools/age-calculator/,https://funnytools.win/tools/date-difference/,time,85,yes,same locale zh-TW; same page_type tool; same cluster time; crawl age delta 9d (10/15); internal links delta 3 (12/12); crawl depth matched; impression bucket 0/0 (8/8); similarity high-risk-marker (0/5); utility family calculator/time (2/7)
zh-TW,https://funnytools.win/tools/age-calculator/,https://funnytools.win/tools/pomodoro-timer/,time,90,yes,same locale zh-TW; same page_type tool; same cluster time; crawl age delta 12d (10/15); internal links delta 3 (12/12); crawl depth matched; impression bucket 0/0 (8/8); similarity low-similarity-0.671 (5/5); utility family calculator/time (2/7)
zh-TW,https://funnytools.win/tools/age-calculator/,https://funnytools.win/tools/timestamp-converter/,time,95,yes,same locale zh-TW; same page_type tool; same cluster time; crawl age delta 2d (15/15); internal links delta 1 (12/12); crawl depth matched; impression bucket 0/0 (8/8); similarity low-similarity-0.671 (5/5); utility family calculator/time (2/7)
zh-TW,https://funnytools.win/tools/apa-7-report-generator/,https://funnytools.win/tools/class-rank-percentile-calculator/,statistics,95,yes,same locale zh-TW; same page_type tool; same cluster statistics; crawl age delta 14d (10/15); internal links delta 3 (12/12); crawl depth matched; impression bucket 0/0 (8/8); similarity low-similarity-0.669 (5/5); utility family calculator/calculator (7/7)
zh-TW,https://funnytools.win/tools/apa-7-report-generator/,https://funnytools.win/tools/cronbach-alpha-calculator/,statistics,91,yes,same locale zh-TW; same page_type tool; same cluster statistics; crawl age delta 14d (10/15); internal links delta 4 (12/12); crawl depth matched; impression bucket 0/1-10 (4/8); similarity low-similarity-0.677 (5/5); utility family calculator/calculator (7/7)
zh-TW,https://funnytools.win/tools/apa-7-report-generator/,https://funnytools.win/tools/grade-average/,statistics,80,yes,same locale zh-TW; same page_type tool; same cluster statistics; crawl age delta 31d (0/15); internal links delta 2 (12/12); crawl depth matched; impression bucket 0/0 (8/8); similarity high-risk-marker (0/5); utility family calculator/calculator (7/7)
zh-TW,https://funnytools.win/tools/apa-7-report-generator/,https://funnytools.win/tools/independent-samples-t-test-calculator/,statistics,90,yes,same locale zh-TW; same page_type tool; same cluster statistics; crawl age delta 16d (5/15); internal links delta 0 (12/12); crawl depth matched; impression bucket 0/0 (8/8); similarity low-similarity-0.658 (5/5); utility family calculator/calculator (7/7)
zh-TW,https://funnytools.win/tools/apa-7-report-generator/,https://funnytools.win/tools/normalized-score-converter/,statistics,95,yes,same locale zh-TW; same page_type tool; same cluster statistics; crawl age delta 11d (10/15); internal links delta 5 (12/12); crawl depth matched; impression bucket 0/0 (8/8); similarity low-similarity-0.774 (5/5); utility family calculator/calculator (7/7)
zh-TW,https://funnytools.win/tools/apa-7-report-generator/,https://funnytools.win/tools/percentage-calculator/,statistics,100,yes,same locale zh-TW; same page_type tool; same cluster statistics; crawl age delta 1d (15/15); internal links delta 1 (12/12); crawl depth matched; impression bucket 0/0 (8/8); similarity low-similarity-0.697 (5/5); utility family calculator/calculator (7/7)
zh-TW,https://funnytools.win/tools/apa-7-report-generator/,https://funnytools.win/tools/percentile-rank-calculator/,statistics,100,yes,same locale zh-TW; same page_type tool; same cluster statistics; crawl age delta 7d (15/15); internal links delta 2 (12/12); crawl depth matched; impression bucket 0/0 (8/8); similarity low-similarity-0.669 (5/5); utility family calculator/calculator (7/7)
zh-TW,https://funnytools.win/tools/apa-7-report-generator/,https://funnytools.win/tools/spss-result-interpreter/,statistics,95,yes,same locale zh-TW; same page_type tool; same cluster statistics; crawl age delta 14d (10/15); internal links delta 0 (12/12); crawl depth matched; impression bucket 0/0 (8/8); similarity low-similarity-0.609 (5/5); utility family calculator/calculator (7/7)
zh-TW,https://funnytools.win/tools/apa-7-report-generator/,https://funnytools.win/tools/standard-deviation/,statistics,85,yes,same locale zh-TW; same page_type tool; same cluster statistics; crawl age delta 16d (5/15); internal links delta 1 (12/12); crawl depth matched; impression bucket 0/0 (8/8); similarity high-risk-marker (0/5); utility family calculator/calculator (7/7)
zh-TW,https://funnytools.win/tools/apa-7-report-generator/,https://funnytools.win/tools/t-score-calculator/,statistics,90,yes,same locale zh-TW; same page_type tool; same cluster statistics; crawl age delta 12d (10/15); internal links delta 4 (12/12); crawl depth matched; impression bucket 0/0 (8/8); similarity high-risk-marker (0/5); utility family calculator/calculator (7/7)
zh-TW,https://funnytools.win/tools/apa-7-report-generator/,https://funnytools.win/tools/teacher-exam-score-converter/,statistics,85,yes,same locale zh-TW; same page_type tool; same cluster statistics; crawl age delta 18d (5/15); internal links delta 0 (12/12); crawl depth matched; impression bucket 0/0 (8/8); similarity high-risk-marker (0/5); utility family calculator/calculator (7/7)
zh-TW,https://funnytools.win/tools/apa-7-report-generator/,https://funnytools.win/tools/weighted-average-calculator/,statistics,85,yes,same locale zh-TW; same page_type tool; same cluster statistics; crawl age delta 17d (5/15); internal links delta 2 (12/12); crawl depth matched; impression bucket 0/0 (8/8); similarity high-risk-marker (0/5); utility family calculator/calculator (7/7)
zh-TW,https://funnytools.win/tools/apa-7-report-generator/,https://funnytools.win/tools/z-score-calculator/,statistics,80,yes,same locale zh-TW; same page_type tool; same cluster statistics; crawl age delta 30d (0/15); internal links delta 0 (12/12); crawl depth matched; impression bucket 0/0 (8/8); similarity high-risk-marker (0/5); utility family calculator/calculator (7/7)
zh-TW,https://funnytools.win/tools/bar-chart-maker/,https://funnytools.win/tools/cad-2d/,draw,96,yes,same locale zh-TW; same page_type tool; same cluster draw; crawl age delta 4d (15/15); internal links delta 1 (12/12); crawl depth matched; impression bucket 1-10/0 (4/8); similarity low-similarity-0.686 (5/5); utility family draw/draw (7/7)
zh-TW,https://funnytools.win/tools/bar-chart-maker/,https://funnytools.win/tools/flowchart/,draw,96,yes,same locale zh-TW; same page_type tool; same cluster draw; crawl age delta 3d (15/15); internal links delta 0 (12/12); crawl depth matched; impression bucket 1-10/0 (4/8); similarity low-similarity-0.686 (5/5); utility family draw/draw (7/7)
zh-TW,https://funnytools.win/tools/bar-chart-maker/,https://funnytools.win/tools/pie-chart-maker/,draw,96,yes,same locale zh-TW; same page_type tool; same cluster draw; crawl age delta 6d (15/15); internal links delta 0 (12/12); crawl depth matched; impression bucket 1-10/0 (4/8); similarity low-similarity-0.686 (5/5); utility family draw/draw (7/7)
zh-TW,https://funnytools.win/tools/bar-chart-maker/,https://funnytools.win/tools/sketchpad/,draw,96,yes,same locale zh-TW; same page_type tool; same cluster draw; crawl age delta 6d (15/15); internal links delta 2 (12/12); crawl depth matched; impression bucket 1-10/0 (4/8); similarity low-similarity-0.686 (5/5); utility family draw/draw (7/7)
zh-TW,https://funnytools.win/tools/base64/,https://funnytools.win/tools/case-converter/,text,96,yes,same locale zh-TW; same page_type tool; same cluster text; crawl age delta 1d (15/15); internal links delta 4 (12/12); crawl depth matched; impression bucket 1-10/0 (4/8); similarity low-similarity-0.626 (5/5); utility family text/text (7/7)
zh-TW,https://funnytools.win/tools/base64/,https://funnytools.win/tools/csv-to-json/,text,91,yes,same locale zh-TW; same page_type tool; same cluster text; crawl age delta 3d (15/15); internal links delta 2 (12/12); crawl depth matched; impression bucket 1-10/0 (4/8); similarity high-risk-marker (0/5); utility family text/text (7/7)
zh-TW,https://funnytools.win/tools/base64/,https://funnytools.win/tools/json-formatter/,text,91,yes,same locale zh-TW; same page_type tool; same cluster text; crawl age delta 9d (10/15); internal links delta 2 (12/12); crawl depth matched; impression bucket 1-10/0 (4/8); similarity low-similarity-0.700 (5/5); utility family text/text (7/7)
zh-TW,https://funnytools.win/tools/base64/,https://funnytools.win/tools/json-to-csv/,text,91,yes,same locale zh-TW; same page_type tool; same cluster text; crawl age delta 0d (15/15); internal links delta 1 (12/12); crawl depth matched; impression bucket 1-10/0 (4/8); similarity high-risk-marker (0/5); utility family text/text (7/7)
zh-TW,https://funnytools.win/tools/base64/,https://funnytools.win/tools/markdown-previewer/,text,96,yes,same locale zh-TW; same page_type tool; same cluster text; crawl age delta 3d (15/15); internal links delta 1 (12/12); crawl depth matched; impression bucket 1-10/0 (4/8); similarity low-similarity-0.610 (5/5); utility family text/text (7/7)
zh-TW,https://funnytools.win/tools/base64/,https://funnytools.win/tools/remove-duplicate-lines/,text,91,yes,same locale zh-TW; same page_type tool; same cluster text; crawl age delta 8d (10/15); internal links delta 1 (12/12); crawl depth matched; impression bucket 1-10/0 (4/8); similarity low-similarity-0.695 (5/5); utility family text/text (7/7)
zh-TW,https://funnytools.win/tools/base64/,https://funnytools.win/tools/remove-empty-lines/,text,96,yes,same locale zh-TW; same page_type tool; same cluster text; crawl age delta 1d (15/15); internal links delta 2 (12/12); crawl depth matched; impression bucket 1-10/0 (4/8); similarity low-similarity-0.695 (5/5); utility family text/text (7/7)
zh-TW,https://funnytools.win/tools/base64/,https://funnytools.win/tools/sort-lines/,text,91,yes,same locale zh-TW; same page_type tool; same cluster text; crawl age delta 9d (10/15); internal links delta 3 (12/12); crawl depth matched; impression bucket 1-10/0 (4/8); similarity low-similarity-0.654 (5/5); utility family text/text (7/7)
zh-TW,https://funnytools.win/tools/base64/,https://funnytools.win/tools/url-encoder/,text,96,yes,same locale zh-TW; same page_type tool; same cluster text; crawl age delta 0d (15/15); internal links delta 2 (12/12); crawl depth matched; impression bucket 1-10/0 (4/8); similarity low-similarity-0.610 (5/5); utility family text/text (7/7)
zh-TW,https://funnytools.win/tools/break-reminder/,https://funnytools.win/tools/age-calculator/,time,90,yes,same locale zh-TW; same page_type tool; same cluster time; crawl age delta 13d (10/15); internal links delta 0 (12/12); crawl depth matched; impression bucket 0/0 (8/8); similarity low-similarity-0.671 (5/5); utility family time/calculator (2/7)
zh-TW,https://funnytools.win/tools/break-reminder/,https://funnytools.win/tools/business-days/,time,95,yes,same locale zh-TW; same page_type tool; same cluster time; crawl age delta 3d (15/15); internal links delta 4 (12/12); crawl depth matched; impression bucket 0/0 (8/8); similarity high-risk-marker (0/5); utility family time/time (7/7)
zh-TW,https://funnytools.win/tools/break-reminder/,https://funnytools.win/tools/countdown-timer/,time,96,yes,same locale zh-TW; same page_type tool; same cluster time; crawl age delta 4d (15/15); internal links delta 5 (12/12); crawl depth matched; impression bucket 0/1-10 (4/8); similarity low-similarity-0.654 (5/5); utility family time/time (7/7)
zh-TW,https://funnytools.win/tools/break-reminder/,https://funnytools.win/tools/date-difference/,time,95,yes,same locale zh-TW; same page_type tool; same cluster time; crawl age delta 4d (15/15); internal links delta 3 (12/12); crawl depth matched; impression bucket 0/0 (8/8); similarity high-risk-marker (0/5); utility family time/time (7/7)
zh-TW,https://funnytools.win/tools/break-reminder/,https://funnytools.win/tools/pomodoro-timer/,time,100,yes,same locale zh-TW; same page_type tool; same cluster time; crawl age delta 1d (15/15); internal links delta 3 (12/12); crawl depth matched; impression bucket 0/0 (8/8); similarity low-similarity-0.654 (5/5); utility family time/time (7/7)
zh-TW,https://funnytools.win/tools/break-reminder/,https://funnytools.win/tools/timestamp-converter/,time,95,yes,same locale zh-TW; same page_type tool; same cluster time; crawl age delta 11d (10/15); internal links delta 1 (12/12); crawl depth matched; impression bucket 0/0 (8/8); similarity low-similarity-0.654 (5/5); utility family time/time (7/7)
zh-TW,https://funnytools.win/tools/business-days/,https://funnytools.win/tools/age-calculator/,time,80,yes,same locale zh-TW; same page_type tool; same cluster time; crawl age delta 16d (5/15); internal links delta 4 (12/12); crawl depth matched; impression bucket 0/0 (8/8); similarity high-risk-marker (0/5); utility family time/calculator (2/7)
zh-TW,https://funnytools.win/tools/business-days/,https://funnytools.win/tools/break-reminder/,time,95,yes,same locale zh-TW; same page_type tool; same cluster time; crawl age delta 3d (15/15); internal links delta 4 (12/12); crawl depth matched; impression bucket 0/0 (8/8); similarity high-risk-marker (0/5); utility family time/time (7/7)
zh-TW,https://funnytools.win/tools/business-days/,https://funnytools.win/tools/countdown-timer/,time,91,yes,same locale zh-TW; same page_type tool; same cluster time; crawl age delta 7d (15/15); internal links delta 1 (12/12); crawl depth matched; impression bucket 0/1-10 (4/8); similarity high-risk-marker (0/5); utility family time/time (7/7)
zh-TW,https://funnytools.win/tools/business-days/,https://funnytools.win/tools/date-difference/,time,95,yes,same locale zh-TW; same page_type tool; same cluster time; crawl age delta 7d (15/15); internal links delta 1 (12/12); crawl depth matched; impression bucket 0/0 (8/8); similarity high-risk-marker (0/5); utility family time/time (7/7)
zh-TW,https://funnytools.win/tools/business-days/,https://funnytools.win/tools/pomodoro-timer/,time,95,yes,same locale zh-TW; same page_type tool; same cluster time; crawl age delta 4d (15/15); internal links delta 1 (12/12); crawl depth matched; impression bucket 0/0 (8/8); similarity high-risk-marker (0/5); utility family time/time (7/7)
zh-TW,https://funnytools.win/tools/business-days/,https://funnytools.win/tools/timestamp-converter/,time,90,yes,same locale zh-TW; same page_type tool; same cluster time; crawl age delta 14d (10/15); internal links delta 3 (12/12); crawl depth matched; impression bucket 0/0 (8/8); similarity high-risk-marker (0/5); utility family time/time (7/7)
zh-TW,https://funnytools.win/tools/cad-2d/,https://funnytools.win/tools/bar-chart-maker/,draw,96,yes,same locale zh-TW; same page_type tool; same cluster draw; crawl age delta 4d (15/15); internal links delta 1 (12/12); crawl depth matched; impression bucket 0/1-10 (4/8); similarity low-similarity-0.686 (5/5); utility family draw/draw (7/7)
zh-TW,https://funnytools.win/tools/cad-2d/,https://funnytools.win/tools/flowchart/,draw,100,yes,same locale zh-TW; same page_type tool; same cluster draw; crawl age delta 7d (15/15); internal links delta 1 (12/12); crawl depth matched; impression bucket 0/0 (8/8); similarity similarity-not-recorded (5/5); utility family draw/draw (7/7)
zh-TW,https://funnytools.win/tools/cad-2d/,https://funnytools.win/tools/pie-chart-maker/,draw,95,yes,same locale zh-TW; same page_type tool; same cluster draw; crawl age delta 10d (10/15); internal links delta 1 (12/12); crawl depth matched; impression bucket 0/0 (8/8); similarity low-similarity-0.686 (5/5); utility family draw/draw (7/7)
zh-TW,https://funnytools.win/tools/cad-2d/,https://funnytools.win/tools/sketchpad/,draw,95,yes,same locale zh-TW; same page_type tool; same cluster draw; crawl age delta 10d (10/15); internal links delta 1 (12/12); crawl depth matched; impression bucket 0/0 (8/8); similarity similarity-not-recorded (5/5); utility family draw/draw (7/7)
zh-TW,https://funnytools.win/tools/case-converter/,https://funnytools.win/tools/base64/,text,96,yes,same locale zh-TW; same page_type tool; same cluster text; crawl age delta 1d (15/15); internal links delta 4 (12/12); crawl depth matched; impression bucket 0/1-10 (4/8); similarity low-similarity-0.626 (5/5); utility family text/text (7/7)
zh-TW,https://funnytools.win/tools/case-converter/,https://funnytools.win/tools/csv-to-json/,text,95,yes,same locale zh-TW; same page_type tool; same cluster text; crawl age delta 2d (15/15); internal links delta 2 (12/12); crawl depth matched; impression bucket 0/0 (8/8); similarity high-risk-marker (0/5); utility family text/text (7/7)
zh-TW,https://funnytools.win/tools/case-converter/,https://funnytools.win/tools/json-formatter/,text,95,yes,same locale zh-TW; same page_type tool; same cluster text; crawl age delta 8d (10/15); internal links delta 2 (12/12); crawl depth matched; impression bucket 0/0 (8/8); similarity low-similarity-0.700 (5/5); utility family text/text (7/7)
zh-TW,https://funnytools.win/tools/case-converter/,https://funnytools.win/tools/json-to-csv/,text,95,yes,same locale zh-TW; same page_type tool; same cluster text; crawl age delta 1d (15/15); internal links delta 3 (12/12); crawl depth matched; impression bucket 0/0 (8/8); similarity high-risk-marker (0/5); utility family text/text (7/7)
zh-TW,https://funnytools.win/tools/case-converter/,https://funnytools.win/tools/markdown-previewer/,text,100,yes,same locale zh-TW; same page_type tool; same cluster text; crawl age delta 2d (15/15); internal links delta 5 (12/12); crawl depth matched; impression bucket 0/0 (8/8); similarity low-similarity-0.626 (5/5); utility family text/text (7/7)
zh-TW,https://funnytools.win/tools/case-converter/,https://funnytools.win/tools/remove-duplicate-lines/,text,100,yes,same locale zh-TW; same page_type tool; same cluster text; crawl age delta 7d (15/15); internal links delta 5 (12/12); crawl depth matched; impression bucket 0/0 (8/8); similarity low-similarity-0.695 (5/5); utility family text/text (7/7)
zh-TW,https://funnytools.win/tools/case-converter/,https://funnytools.win/tools/remove-empty-lines/,text,100,yes,same locale zh-TW; same page_type tool; same cluster text; crawl age delta 0d (15/15); internal links delta 2 (12/12); crawl depth matched; impression bucket 0/0 (8/8); similarity low-similarity-0.695 (5/5); utility family text/text (7/7)
zh-TW,https://funnytools.win/tools/case-converter/,https://funnytools.win/tools/sort-lines/,text,95,yes,same locale zh-TW; same page_type tool; same cluster text; crawl age delta 8d (10/15); internal links delta 1 (12/12); crawl depth matched; impression bucket 0/0 (8/8); similarity low-similarity-0.654 (5/5); utility family text/text (7/7)
zh-TW,https://funnytools.win/tools/case-converter/,https://funnytools.win/tools/url-encoder/,text,100,yes,same locale zh-TW; same page_type tool; same cluster text; crawl age delta 1d (15/15); internal links delta 2 (12/12); crawl depth matched; impression bucket 0/0 (8/8); similarity low-similarity-0.626 (5/5); utility family text/text (7/7)
zh-TW,https://funnytools.win/tools/class-rank-percentile-calculator/,https://funnytools.win/tools/apa-7-report-generator/,statistics,95,yes,same locale zh-TW; same page_type tool; same cluster statistics; crawl age delta 14d (10/15); internal links delta 3 (12/12); crawl depth matched; impression bucket 0/0 (8/8); similarity low-similarity-0.669 (5/5); utility family calculator/calculator (7/7)
zh-TW,https://funnytools.win/tools/class-rank-percentile-calculator/,https://funnytools.win/tools/cronbach-alpha-calculator/,statistics,96,yes,same locale zh-TW; same page_type tool; same cluster statistics; crawl age delta 0d (15/15); internal links delta 1 (12/12); crawl depth matched; impression bucket 0/1-10 (4/8); similarity low-similarity-0.677 (5/5); utility family calculator/calculator (7/7)
zh-TW,https://funnytools.win/tools/class-rank-percentile-calculator/,https://funnytools.win/tools/grade-average/,statistics,85,yes,same locale zh-TW; same page_type tool; same cluster statistics; crawl age delta 17d (5/15); internal links delta 5 (12/12); crawl depth matched; impression bucket 0/0 (8/8); similarity high-risk-marker (0/5); utility family calculator/calculator (7/7)
zh-TW,https://funnytools.win/tools/class-rank-percentile-calculator/,https://funnytools.win/tools/independent-samples-t-test-calculator/,statistics,100,yes,same locale zh-TW; same page_type tool; same cluster statistics; crawl age delta 2d (15/15); internal links delta 3 (12/12); crawl depth matched; impression bucket 0/0 (8/8); similarity low-similarity-0.669 (5/5); utility family calculator/calculator (7/7)
zh-TW,https://funnytools.win/tools/class-rank-percentile-calculator/,https://funnytools.win/tools/normalized-score-converter/,statistics,100,yes,same locale zh-TW; same page_type tool; same cluster statistics; crawl age delta 3d (15/15); internal links delta 2 (12/12); crawl depth matched; impression bucket 0/0 (8/8); similarity low-similarity-0.774 (5/5); utility family calculator/calculator (7/7)
zh-TW,https://funnytools.win/tools/class-rank-percentile-calculator/,https://funnytools.win/tools/percentage-calculator/,statistics,95,yes,same locale zh-TW; same page_type tool; same cluster statistics; crawl age delta 13d (10/15); internal links delta 4 (12/12); crawl depth matched; impression bucket 0/0 (8/8); similarity low-similarity-0.697 (5/5); utility family calculator/calculator (7/7)
zh-TW,https://funnytools.win/tools/class-rank-percentile-calculator/,https://funnytools.win/tools/percentile-rank-calculator/,statistics,100,yes,same locale zh-TW; same page_type tool; same cluster statistics; crawl age delta 7d (15/15); internal links delta 1 (12/12); crawl depth matched; impression bucket 0/0 (8/8); similarity low-similarity-0.669 (5/5); utility family calculator/calculator (7/7)
zh-TW,https://funnytools.win/tools/class-rank-percentile-calculator/,https://funnytools.win/tools/spss-result-interpreter/,statistics,100,yes,same locale zh-TW; same page_type tool; same cluster statistics; crawl age delta 0d (15/15); internal links delta 3 (12/12); crawl depth matched; impression bucket 0/0 (8/8); similarity low-similarity-0.669 (5/5); utility family calculator/calculator (7/7)
zh-TW,https://funnytools.win/tools/class-rank-percentile-calculator/,https://funnytools.win/tools/standard-deviation/,statistics,95,yes,same locale zh-TW; same page_type tool; same cluster statistics; crawl age delta 2d (15/15); internal links delta 4 (12/12); crawl depth matched; impression bucket 0/0 (8/8); similarity high-risk-marker (0/5); utility family calculator/calculator (7/7)
zh-TW,https://funnytools.win/tools/class-rank-percentile-calculator/,https://funnytools.win/tools/t-score-calculator/,statistics,91,yes,same locale zh-TW; same page_type tool; same cluster statistics; crawl age delta 2d (15/15); internal links delta 7 (8/12); crawl depth matched; impression bucket 0/0 (8/8); similarity high-risk-marker (0/5); utility family calculator/calculator (7/7)
zh-TW,https://funnytools.win/tools/class-rank-percentile-calculator/,https://funnytools.win/tools/teacher-exam-score-converter/,statistics,95,yes,same locale zh-TW; same page_type tool; same cluster statistics; crawl age delta 4d (15/15); internal links delta 3 (12/12); crawl depth matched; impression bucket 0/0 (8/8); similarity high-risk-marker (0/5); utility family calculator/calculator (7/7)
zh-TW,https://funnytools.win/tools/class-rank-percentile-calculator/,https://funnytools.win/tools/weighted-average-calculator/,statistics,95,yes,same locale zh-TW; same page_type tool; same cluster statistics; crawl age delta 3d (15/15); internal links delta 5 (12/12); crawl depth matched; impression bucket 0/0 (8/8); similarity high-risk-marker (0/5); utility family calculator/calculator (7/7)
zh-TW,https://funnytools.win/tools/class-rank-percentile-calculator/,https://funnytools.win/tools/z-score-calculator/,statistics,80,yes,same locale zh-TW; same page_type tool; same cluster statistics; crawl age delta 44d (0/15); internal links delta 3 (12/12); crawl depth matched; impression bucket 0/0 (8/8); similarity high-risk-marker (0/5); utility family calculator/calculator (7/7)
zh-TW,https://funnytools.win/tools/color-generator/,https://funnytools.win/tools/dice-roller/,random,100,yes,same locale zh-TW; same page_type tool; same cluster random; crawl age delta 5d (15/15); internal links delta 3 (12/12); crawl depth matched; impression bucket 0/0 (8/8); similarity similarity-not-recorded (5/5); utility family random/random (7/7)
zh-TW,https://funnytools.win/tools/color-generator/,https://funnytools.win/tools/random-name-picker/,random,100,yes,same locale zh-TW; same page_type tool; same cluster random; crawl age delta 3d (15/15); internal links delta 5 (12/12); crawl depth matched; impression bucket 0/0 (8/8); similarity low-similarity-0.780 (5/5); utility family random/random (7/7)
zh-TW,https://funnytools.win/tools/color-generator/,https://funnytools.win/tools/random-number-picker/,random,100,yes,same locale zh-TW; same page_type tool; same cluster random; crawl age delta 3d (15/15); internal links delta 3 (12/12); crawl depth matched; impression bucket 0/0 (8/8); similarity low-similarity-0.695 (5/5); utility family random/random (7/7)
zh-TW,https://funnytools.win/tools/color-generator/,https://funnytools.win/tools/random-wheel/,random,100,yes,same locale zh-TW; same page_type tool; same cluster random; crawl age delta 0d (15/15); internal links delta 4 (12/12); crawl depth matched; impression bucket 0/0 (8/8); similarity low-similarity-0.658 (5/5); utility family random/random (7/7)
zh-TW,https://funnytools.win/tools/color-generator/,https://funnytools.win/tools/this-or-that/,random,100,yes,same locale zh-TW; same page_type tool; same cluster random; crawl age delta 5d (15/15); internal links delta 0 (12/12); crawl depth matched; impression bucket 0/0 (8/8); similarity low-similarity-0.658 (5/5); utility family random/random (7/7)
zh-TW,https://funnytools.win/tools/color-generator/,https://funnytools.win/tools/uuid-generator/,random,100,yes,same locale zh-TW; same page_type tool; same cluster random; crawl age delta 3d (15/15); internal links delta 2 (12/12); crawl depth matched; impression bucket 0/0 (8/8); similarity similarity-not-recorded (5/5); utility family random/random (7/7)
zh-TW,https://funnytools.win/tools/color-generator/,https://funnytools.win/tools/what-to-eat/,random,85,yes,same locale zh-TW; same page_type tool; same cluster random; crawl age delta 26d (0/15); internal links delta 0 (12/12); crawl depth matched; impression bucket 0/0 (8/8); similarity similarity-not-recorded (5/5); utility family random/random (7/7)
zh-TW,https://funnytools.win/tools/compound-interest/,https://funnytools.win/tools/inflation/,money,100,yes,same locale zh-TW; same page_type tool; same cluster money; crawl age delta 6d (15/15); internal links delta 0 (12/12); crawl depth matched; impression bucket 0/0 (8/8); similarity similarity-not-recorded (5/5); utility family calculator/calculator (7/7)
zh-TW,https://funnytools.win/tools/compound-interest/,https://funnytools.win/tools/mortgage-payment/,money,95,yes,same locale zh-TW; same page_type tool; same cluster money; crawl age delta 13d (10/15); internal links delta 0 (12/12); crawl depth matched; impression bucket 0/0 (8/8); similarity low-similarity-0.765 (5/5); utility family calculator/calculator (7/7)
zh-TW,https://funnytools.win/tools/compound-interest/,https://funnytools.win/tools/overtime-pay/,money,90,yes,same locale zh-TW; same page_type tool; same cluster money; crawl age delta 16d (5/15); internal links delta 0 (12/12); crawl depth matched; impression bucket 0/0 (8/8); similarity similarity-not-recorded (5/5); utility family calculator/calculator (7/7)
zh-TW,https://funnytools.win/tools/compound-interest/,https://funnytools.win/tools/savings-goal/,money,95,yes,same locale zh-TW; same page_type tool; same cluster money; crawl age delta 8d (10/15); internal links delta 0 (12/12); crawl depth matched; impression bucket 0/0 (8/8); similarity low-similarity-0.765 (5/5); utility family calculator/calculator (7/7)
zh-TW,https://funnytools.win/tools/countdown-timer/,https://funnytools.win/tools/age-calculator/,time,86,yes,same locale zh-TW; same page_type tool; same cluster time; crawl age delta 9d (10/15); internal links delta 5 (12/12); crawl depth matched; impression bucket 1-10/0 (4/8); similarity low-similarity-0.671 (5/5); utility family time/calculator (2/7)
zh-TW,https://funnytools.win/tools/countdown-timer/,https://funnytools.win/tools/break-reminder/,time,96,yes,same locale zh-TW; same page_type tool; same cluster time; crawl age delta 4d (15/15); internal links delta 5 (12/12); crawl depth matched; impression bucket 1-10/0 (4/8); similarity low-similarity-0.654 (5/5); utility family time/time (7/7)
zh-TW,https://funnytools.win/tools/countdown-timer/,https://funnytools.win/tools/business-days/,time,91,yes,same locale zh-TW; same page_type tool; same cluster time; crawl age delta 7d (15/15); internal links delta 1 (12/12); crawl depth matched; impression bucket 1-10/0 (4/8); similarity high-risk-marker (0/5); utility family time/time (7/7)
zh-TW,https://funnytools.win/tools/countdown-timer/,https://funnytools.win/tools/date-difference/,time,91,yes,same locale zh-TW; same page_type tool; same cluster time; crawl age delta 0d (15/15); internal links delta 2 (12/12); crawl depth matched; impression bucket 1-10/0 (4/8); similarity high-risk-marker (0/5); utility family time/time (7/7)
zh-TW,https://funnytools.win/tools/countdown-timer/,https://funnytools.win/tools/pomodoro-timer/,time,96,yes,same locale zh-TW; same page_type tool; same cluster time; crawl age delta 3d (15/15); internal links delta 2 (12/12); crawl depth matched; impression bucket 1-10/0 (4/8); similarity low-similarity-0.654 (5/5); utility family time/time (7/7)
zh-TW,https://funnytools.win/tools/countdown-timer/,https://funnytools.win/tools/timestamp-converter/,time,96,yes,same locale zh-TW; same page_type tool; same cluster time; crawl age delta 7d (15/15); internal links delta 4 (12/12); crawl depth matched; impression bucket 1-10/0 (4/8); similarity low-similarity-0.621 (5/5); utility family time/time (7/7)
zh-TW,https://funnytools.win/tools/cronbach-alpha-calculator/,https://funnytools.win/tools/apa-7-report-generator/,statistics,91,yes,same locale zh-TW; same page_type tool; same cluster statistics; crawl age delta 14d (10/15); internal links delta 4 (12/12); crawl depth matched; impression bucket 1-10/0 (4/8); similarity low-similarity-0.677 (5/5); utility family calculator/calculator (7/7)
zh-TW,https://funnytools.win/tools/cronbach-alpha-calculator/,https://funnytools.win/tools/class-rank-percentile-calculator/,statistics,96,yes,same locale zh-TW; same page_type tool; same cluster statistics; crawl age delta 0d (15/15); internal links delta 1 (12/12); crawl depth matched; impression bucket 1-10/0 (4/8); similarity low-similarity-0.677 (5/5); utility family calculator/calculator (7/7)
zh-TW,https://funnytools.win/tools/cronbach-alpha-calculator/,https://funnytools.win/tools/grade-average/,statistics,77,no,same locale zh-TW; same page_type tool; same cluster statistics; crawl age delta 17d (5/15); internal links delta 6 (8/12); crawl depth matched; impression bucket 1-10/0 (4/8); similarity high-risk-marker (0/5); utility family calculator/calculator (7/7)
zh-TW,https://funnytools.win/tools/cronbach-alpha-calculator/,https://funnytools.win/tools/independent-samples-t-test-calculator/,statistics,96,yes,same locale zh-TW; same page_type tool; same cluster statistics; crawl age delta 2d (15/15); internal links delta 4 (12/12); crawl depth matched; impression bucket 1-10/0 (4/8); similarity low-similarity-0.677 (5/5); utility family calculator/calculator (7/7)
zh-TW,https://funnytools.win/tools/cronbach-alpha-calculator/,https://funnytools.win/tools/normalized-score-converter/,statistics,96,yes,same locale zh-TW; same page_type tool; same cluster statistics; crawl age delta 3d (15/15); internal links delta 1 (12/12); crawl depth matched; impression bucket 1-10/0 (4/8); similarity low-similarity-0.774 (5/5); utility family calculator/calculator (7/7)
zh-TW,https://funnytools.win/tools/cronbach-alpha-calculator/,https://funnytools.win/tools/percentage-calculator/,statistics,91,yes,same locale zh-TW; same page_type tool; same cluster statistics; crawl age delta 13d (10/15); internal links delta 5 (12/12); crawl depth matched; impression bucket 1-10/0 (4/8); similarity low-similarity-0.697 (5/5); utility family calculator/calculator (7/7)
zh-TW,https://funnytools.win/tools/cronbach-alpha-calculator/,https://funnytools.win/tools/percentile-rank-calculator/,statistics,96,yes,same locale zh-TW; same page_type tool; same cluster statistics; crawl age delta 7d (15/15); internal links delta 2 (12/12); crawl depth matched; impression bucket 1-10/0 (4/8); similarity low-similarity-0.677 (5/5); utility family calculator/calculator (7/7)
zh-TW,https://funnytools.win/tools/cronbach-alpha-calculator/,https://funnytools.win/tools/spss-result-interpreter/,statistics,96,yes,same locale zh-TW; same page_type tool; same cluster statistics; crawl age delta 0d (15/15); internal links delta 4 (12/12); crawl depth matched; impression bucket 1-10/0 (4/8); similarity low-similarity-0.677 (5/5); utility family calculator/calculator (7/7)
zh-TW,https://funnytools.win/tools/cronbach-alpha-calculator/,https://funnytools.win/tools/standard-deviation/,statistics,91,yes,same locale zh-TW; same page_type tool; same cluster statistics; crawl age delta 2d (15/15); internal links delta 5 (12/12); crawl depth matched; impression bucket 1-10/0 (4/8); similarity high-risk-marker (0/5); utility family calculator/calculator (7/7)
zh-TW,https://funnytools.win/tools/cronbach-alpha-calculator/,https://funnytools.win/tools/t-score-calculator/,statistics,87,yes,same locale zh-TW; same page_type tool; same cluster statistics; crawl age delta 2d (15/15); internal links delta 8 (8/12); crawl depth matched; impression bucket 1-10/0 (4/8); similarity high-risk-marker (0/5); utility family calculator/calculator (7/7)
zh-TW,https://funnytools.win/tools/cronbach-alpha-calculator/,https://funnytools.win/tools/teacher-exam-score-converter/,statistics,91,yes,same locale zh-TW; same page_type tool; same cluster statistics; crawl age delta 4d (15/15); internal links delta 4 (12/12); crawl depth matched; impression bucket 1-10/0 (4/8); similarity high-risk-marker (0/5); utility family calculator/calculator (7/7)
zh-TW,https://funnytools.win/tools/cronbach-alpha-calculator/,https://funnytools.win/tools/weighted-average-calculator/,statistics,87,yes,same locale zh-TW; same page_type tool; same cluster statistics; crawl age delta 3d (15/15); internal links delta 6 (8/12); crawl depth matched; impression bucket 1-10/0 (4/8); similarity high-risk-marker (0/5); utility family calculator/calculator (7/7)
zh-TW,https://funnytools.win/tools/cronbach-alpha-calculator/,https://funnytools.win/tools/z-score-calculator/,statistics,76,no,same locale zh-TW; same page_type tool; same cluster statistics; crawl age delta 44d (0/15); internal links delta 4 (12/12); crawl depth matched; impression bucket 1-10/0 (4/8); similarity high-risk-marker (0/5); utility family calculator/calculator (7/7)
zh-TW,https://funnytools.win/tools/csv-to-json/,https://funnytools.win/tools/base64/,text,91,yes,same locale zh-TW; same page_type tool; same cluster text; crawl age delta 3d (15/15); internal links delta 2 (12/12); crawl depth matched; impression bucket 0/1-10 (4/8); similarity high-risk-marker (0/5); utility family text/text (7/7)
zh-TW,https://funnytools.win/tools/csv-to-json/,https://funnytools.win/tools/case-converter/,text,95,yes,same locale zh-TW; same page_type tool; same cluster text; crawl age delta 2d (15/15); internal links delta 2 (12/12); crawl depth matched; impression bucket 0/0 (8/8); similarity high-risk-marker (0/5); utility family text/text (7/7)
zh-TW,https://funnytools.win/tools/csv-to-json/,https://funnytools.win/tools/json-formatter/,text,95,yes,same locale zh-TW; same page_type tool; same cluster text; crawl age delta 6d (15/15); internal links delta 0 (12/12); crawl depth matched; impression bucket 0/0 (8/8); similarity high-risk-marker (0/5); utility family text/text (7/7)
zh-TW,https://funnytools.win/tools/csv-to-json/,https://funnytools.win/tools/json-to-csv/,text,95,yes,same locale zh-TW; same page_type tool; same cluster text; crawl age delta 3d (15/15); internal links delta 1 (12/12); crawl depth matched; impression bucket 0/0 (8/8); similarity high-risk-marker (0/5); utility family text/text (7/7)
zh-TW,https://funnytools.win/tools/csv-to-json/,https://funnytools.win/tools/markdown-previewer/,text,95,yes,same locale zh-TW; same page_type tool; same cluster text; crawl age delta 0d (15/15); internal links delta 3 (12/12); crawl depth matched; impression bucket 0/0 (8/8); similarity high-risk-marker (0/5); utility family text/text (7/7)
zh-TW,https://funnytools.win/tools/csv-to-json/,https://funnytools.win/tools/remove-duplicate-lines/,text,95,yes,same locale zh-TW; same page_type tool; same cluster text; crawl age delta 5d (15/15); internal links delta 3 (12/12); crawl depth matched; impression bucket 0/0 (8/8); similarity high-risk-marker (0/5); utility family text/text (7/7)
zh-TW,https://funnytools.win/tools/csv-to-json/,https://funnytools.win/tools/remove-empty-lines/,text,95,yes,same locale zh-TW; same page_type tool; same cluster text; crawl age delta 2d (15/15); internal links delta 0 (12/12); crawl depth matched; impression bucket 0/0 (8/8); similarity high-risk-marker (0/5); utility family text/text (7/7)
zh-TW,https://funnytools.win/tools/csv-to-json/,https://funnytools.win/tools/sort-lines/,text,95,yes,same locale zh-TW; same page_type tool; same cluster text; crawl age delta 6d (15/15); internal links delta 1 (12/12); crawl depth matched; impression bucket 0/0 (8/8); similarity high-risk-marker (0/5); utility family text/text (7/7)
zh-TW,https://funnytools.win/tools/csv-to-json/,https://funnytools.win/tools/url-encoder/,text,95,yes,same locale zh-TW; same page_type tool; same cluster text; crawl age delta 3d (15/15); internal links delta 0 (12/12); crawl depth matched; impression bucket 0/0 (8/8); similarity high-risk-marker (0/5); utility family text/text (7/7)
zh-TW,https://funnytools.win/tools/date-difference/,https://funnytools.win/tools/age-calculator/,time,85,yes,same locale zh-TW; same page_type tool; same cluster time; crawl age delta 9d (10/15); internal links delta 3 (12/12); crawl depth matched; impression bucket 0/0 (8/8); similarity high-risk-marker (0/5); utility family time/calculator (2/7)
zh-TW,https://funnytools.win/tools/date-difference/,https://funnytools.win/tools/break-reminder/,time,95,yes,same locale zh-TW; same page_type tool; same cluster time; crawl age delta 4d (15/15); internal links delta 3 (12/12); crawl depth matched; impression bucket 0/0 (8/8); similarity high-risk-marker (0/5); utility family time/time (7/7)
zh-TW,https://funnytools.win/tools/date-difference/,https://funnytools.win/tools/business-days/,time,95,yes,same locale zh-TW; same page_type tool; same cluster time; crawl age delta 7d (15/15); internal links delta 1 (12/12); crawl depth matched; impression bucket 0/0 (8/8); similarity high-risk-marker (0/5); utility family time/time (7/7)
zh-TW,https://funnytools.win/tools/date-difference/,https://funnytools.win/tools/countdown-timer/,time,91,yes,same locale zh-TW; same page_type tool; same cluster time; crawl age delta 0d (15/15); internal links delta 2 (12/12); crawl depth matched; impression bucket 0/1-10 (4/8); similarity high-risk-marker (0/5); utility family time/time (7/7)
zh-TW,https://funnytools.win/tools/date-difference/,https://funnytools.win/tools/pomodoro-timer/,time,95,yes,same locale zh-TW; same page_type tool; same cluster time; crawl age delta 3d (15/15); internal links delta 0 (12/12); crawl depth matched; impression bucket 0/0 (8/8); similarity high-risk-marker (0/5); utility family time/time (7/7)
zh-TW,https://funnytools.win/tools/date-difference/,https://funnytools.win/tools/timestamp-converter/,time,95,yes,same locale zh-TW; same page_type tool; same cluster time; crawl age delta 7d (15/15); internal links delta 2 (12/12); crawl depth matched; impression bucket 0/0 (8/8); similarity high-risk-marker (0/5); utility family time/time (7/7)
zh-TW,https://funnytools.win/tools/delete-pdf-pages/,https://funnytools.win/tools/extract-pdf-pages/,pdf,95,yes,same locale zh-TW; same page_type tool; same cluster pdf; crawl age delta 0d (15/15); internal links delta 2 (12/12); crawl depth matched; impression bucket 0/0 (8/8); similarity high-risk-marker (0/5); utility family pdf/pdf (7/7)
zh-TW,https://funnytools.win/tools/delete-pdf-pages/,https://funnytools.win/tools/images-to-pdf/,pdf,90,yes,same locale zh-TW; same page_type tool; same cluster pdf; crawl age delta 10d (10/15); internal links delta 2 (12/12); crawl depth matched; impression bucket 0/0 (8/8); similarity high-risk-marker (0/5); utility family pdf/pdf (7/7)
zh-TW,https://funnytools.win/tools/delete-pdf-pages/,https://funnytools.win/tools/merge-pdf/,pdf,95,yes,same locale zh-TW; same page_type tool; same cluster pdf; crawl age delta 6d (15/15); internal links delta 4 (12/12); crawl depth matched; impression bucket 0/0 (8/8); similarity high-risk-marker (0/5); utility family pdf/pdf (7/7)
zh-TW,https://funnytools.win/tools/delete-pdf-pages/,https://funnytools.win/tools/pdf-compressor/,pdf,90,yes,same locale zh-TW; same page_type tool; same cluster pdf; crawl age delta 10d (10/15); internal links delta 3 (12/12); crawl depth matched; impression bucket 0/0 (8/8); similarity high-risk-marker (0/5); utility family pdf/pdf (7/7)
zh-TW,https://funnytools.win/tools/delete-pdf-pages/,https://funnytools.win/tools/pdf-page-reorder/,pdf,90,yes,same locale zh-TW; same page_type tool; same cluster pdf; crawl age delta 11d (10/15); internal links delta 2 (12/12); crawl depth matched; impression bucket 0/0 (8/8); similarity high-risk-marker (0/5); utility family pdf/pdf (7/7)
zh-TW,https://funnytools.win/tools/delete-pdf-pages/,https://funnytools.win/tools/split-pdf/,pdf,95,yes,same locale zh-TW; same page_type tool; same cluster pdf; crawl age delta 1d (15/15); internal links delta 4 (12/12); crawl depth matched; impression bucket 0/0 (8/8); similarity high-risk-marker (0/5); utility family pdf/pdf (7/7)
zh-TW,https://funnytools.win/tools/dice-roller/,https://funnytools.win/tools/color-generator/,random,100,yes,same locale zh-TW; same page_type tool; same cluster random; crawl age delta 5d (15/15); internal links delta 3 (12/12); crawl depth matched; impression bucket 0/0 (8/8); similarity similarity-not-recorded (5/5); utility family random/random (7/7)
zh-TW,https://funnytools.win/tools/dice-roller/,https://funnytools.win/tools/random-name-picker/,random,95,yes,same locale zh-TW; same page_type tool; same cluster random; crawl age delta 8d (10/15); internal links delta 2 (12/12); crawl depth matched; impression bucket 0/0 (8/8); similarity low-similarity-0.780 (5/5); utility family random/random (7/7)
zh-TW,https://funnytools.win/tools/dice-roller/,https://funnytools.win/tools/random-number-picker/,random,95,yes,same locale zh-TW; same page_type tool; same cluster random; crawl age delta 8d (10/15); internal links delta 0 (12/12); crawl depth matched; impression bucket 0/0 (8/8); similarity low-similarity-0.695 (5/5); utility family random/random (7/7)
zh-TW,https://funnytools.win/tools/dice-roller/,https://funnytools.win/tools/random-wheel/,random,100,yes,same locale zh-TW; same page_type tool; same cluster random; crawl age delta 5d (15/15); internal links delta 1 (12/12); crawl depth matched; impression bucket 0/0 (8/8); similarity low-similarity-0.658 (5/5); utility family random/random (7/7)
zh-TW,https://funnytools.win/tools/dice-roller/,https://funnytools.win/tools/this-or-that/,random,95,yes,same locale zh-TW; same page_type tool; same cluster random; crawl age delta 10d (10/15); internal links delta 3 (12/12); crawl depth matched; impression bucket 0/0 (8/8); similarity low-similarity-0.658 (5/5); utility family random/random (7/7)
zh-TW,https://funnytools.win/tools/dice-roller/,https://funnytools.win/tools/uuid-generator/,random,100,yes,same locale zh-TW; same page_type tool; same cluster random; crawl age delta 2d (15/15); internal links delta 1 (12/12); crawl depth matched; impression bucket 0/0 (8/8); similarity similarity-not-recorded (5/5); utility family random/random (7/7)
zh-TW,https://funnytools.win/tools/dice-roller/,https://funnytools.win/tools/what-to-eat/,random,85,yes,same locale zh-TW; same page_type tool; same cluster random; crawl age delta 31d (0/15); internal links delta 3 (12/12); crawl depth matched; impression bucket 0/0 (8/8); similarity similarity-not-recorded (5/5); utility family random/random (7/7)
zh-TW,https://funnytools.win/tools/extract-pdf-pages/,https://funnytools.win/tools/delete-pdf-pages/,pdf,95,yes,same locale zh-TW; same page_type tool; same cluster pdf; crawl age delta 0d (15/15); internal links delta 2 (12/12); crawl depth matched; impression bucket 0/0 (8/8); similarity high-risk-marker (0/5); utility family pdf/pdf (7/7)
zh-TW,https://funnytools.win/tools/extract-pdf-pages/,https://funnytools.win/tools/images-to-pdf/,pdf,90,yes,same locale zh-TW; same page_type tool; same cluster pdf; crawl age delta 10d (10/15); internal links delta 0 (12/12); crawl depth matched; impression bucket 0/0 (8/8); similarity high-risk-marker (0/5); utility family pdf/pdf (7/7)
zh-TW,https://funnytools.win/tools/extract-pdf-pages/,https://funnytools.win/tools/merge-pdf/,pdf,95,yes,same locale zh-TW; same page_type tool; same cluster pdf; crawl age delta 6d (15/15); internal links delta 2 (12/12); crawl depth matched; impression bucket 0/0 (8/8); similarity high-risk-marker (0/5); utility family pdf/pdf (7/7)
zh-TW,https://funnytools.win/tools/extract-pdf-pages/,https://funnytools.win/tools/pdf-compressor/,pdf,90,yes,same locale zh-TW; same page_type tool; same cluster pdf; crawl age delta 10d (10/15); internal links delta 1 (12/12); crawl depth matched; impression bucket 0/0 (8/8); similarity high-risk-marker (0/5); utility family pdf/pdf (7/7)
zh-TW,https://funnytools.win/tools/extract-pdf-pages/,https://funnytools.win/tools/pdf-page-reorder/,pdf,90,yes,same locale zh-TW; same page_type tool; same cluster pdf; crawl age delta 11d (10/15); internal links delta 0 (12/12); crawl depth matched; impression bucket 0/0 (8/8); similarity high-risk-marker (0/5); utility family pdf/pdf (7/7)
zh-TW,https://funnytools.win/tools/extract-pdf-pages/,https://funnytools.win/tools/split-pdf/,pdf,95,yes,same locale zh-TW; same page_type tool; same cluster pdf; crawl age delta 1d (15/15); internal links delta 2 (12/12); crawl depth matched; impression bucket 0/0 (8/8); similarity high-risk-marker (0/5); utility family pdf/pdf (7/7)
zh-TW,https://funnytools.win/tools/flowchart/,https://funnytools.win/tools/bar-chart-maker/,draw,96,yes,same locale zh-TW; same page_type tool; same cluster draw; crawl age delta 3d (15/15); internal links delta 0 (12/12); crawl depth matched; impression bucket 0/1-10 (4/8); similarity low-similarity-0.686 (5/5); utility family draw/draw (7/7)
zh-TW,https://funnytools.win/tools/flowchart/,https://funnytools.win/tools/cad-2d/,draw,100,yes,same locale zh-TW; same page_type tool; same cluster draw; crawl age delta 7d (15/15); internal links delta 1 (12/12); crawl depth matched; impression bucket 0/0 (8/8); similarity similarity-not-recorded (5/5); utility family draw/draw (7/7)
zh-TW,https://funnytools.win/tools/flowchart/,https://funnytools.win/tools/pie-chart-maker/,draw,100,yes,same locale zh-TW; same page_type tool; same cluster draw; crawl age delta 3d (15/15); internal links delta 0 (12/12); crawl depth matched; impression bucket 0/0 (8/8); similarity low-similarity-0.686 (5/5); utility family draw/draw (7/7)
zh-TW,https://funnytools.win/tools/flowchart/,https://funnytools.win/tools/sketchpad/,draw,100,yes,same locale zh-TW; same page_type tool; same cluster draw; crawl age delta 3d (15/15); internal links delta 2 (12/12); crawl depth matched; impression bucket 0/0 (8/8); similarity similarity-not-recorded (5/5); utility family draw/draw (7/7)
zh-TW,https://funnytools.win/tools/gpa-calculator/,https://funnytools.win/tools/group-generator/,study,95,yes,same locale zh-TW; same page_type tool; same cluster study; crawl age delta 2d (15/15); internal links delta 1 (12/12); crawl depth matched; impression bucket 0/0 (8/8); similarity low-similarity-0.778 (5/5); utility family calculator/random (2/7)
zh-TW,https://funnytools.win/tools/gpa-calculator/,https://funnytools.win/tools/random-student-picker/,study,95,yes,same locale zh-TW; same page_type tool; same cluster study; crawl age delta 0d (15/15); internal links delta 1 (12/12); crawl depth matched; impression bucket 0/0 (8/8); similarity low-similarity-0.780 (5/5); utility family calculator/random (2/7)
zh-TW,https://funnytools.win/tools/gpa-calculator/,https://funnytools.win/tools/seating-chart/,study,91,yes,same locale zh-TW; same page_type tool; same cluster study; crawl age delta 5d (15/15); internal links delta 1 (12/12); crawl depth matched; impression bucket 0/1-10 (4/8); similarity similarity-not-recorded (5/5); utility family calculator/draw (2/7)
zh-TW,https://funnytools.win/tools/grade-average/,https://funnytools.win/tools/apa-7-report-generator/,statistics,80,yes,same locale zh-TW; same page_type tool; same cluster statistics; crawl age delta 31d (0/15); internal links delta 2 (12/12); crawl depth matched; impression bucket 0/0 (8/8); similarity high-risk-marker (0/5); utility family calculator/calculator (7/7)
zh-TW,https://funnytools.win/tools/grade-average/,https://funnytools.win/tools/class-rank-percentile-calculator/,statistics,85,yes,same locale zh-TW; same page_type tool; same cluster statistics; crawl age delta 17d (5/15); internal links delta 5 (12/12); crawl depth matched; impression bucket 0/0 (8/8); similarity high-risk-marker (0/5); utility family calculator/calculator (7/7)
zh-TW,https://funnytools.win/tools/grade-average/,https://funnytools.win/tools/cronbach-alpha-calculator/,statistics,77,no,same locale zh-TW; same page_type tool; same cluster statistics; crawl age delta 17d (5/15); internal links delta 6 (8/12); crawl depth matched; impression bucket 0/1-10 (4/8); similarity high-risk-marker (0/5); utility family calculator/calculator (7/7)
zh-TW,https://funnytools.win/tools/grade-average/,https://funnytools.win/tools/independent-samples-t-test-calculator/,statistics,85,yes,same locale zh-TW; same page_type tool; same cluster statistics; crawl age delta 15d (5/15); internal links delta 2 (12/12); crawl depth matched; impression bucket 0/0 (8/8); similarity high-risk-marker (0/5); utility family calculator/calculator (7/7)
zh-TW,https://funnytools.win/tools/grade-average/,https://funnytools.win/tools/normalized-score-converter/,statistics,81,yes,same locale zh-TW; same page_type tool; same cluster statistics; crawl age delta 20d (5/15); internal links delta 7 (8/12); crawl depth matched; impression bucket 0/0 (8/8); similarity high-risk-marker (0/5); utility family calculator/calculator (7/7)
zh-TW,https://funnytools.win/tools/grade-average/,https://funnytools.win/tools/percentage-calculator/,statistics,80,yes,same locale zh-TW; same page_type tool; same cluster statistics; crawl age delta 30d (0/15); internal links delta 1 (12/12); crawl depth matched; impression bucket 0/0 (8/8); similarity high-risk-marker (0/5); utility family calculator/calculator (7/7)
zh-TW,https://funnytools.win/tools/grade-average/,https://funnytools.win/tools/percentile-rank-calculator/,statistics,80,yes,same locale zh-TW; same page_type tool; same cluster statistics; crawl age delta 24d (0/15); internal links delta 4 (12/12); crawl depth matched; impression bucket 0/0 (8/8); similarity high-risk-marker (0/5); utility family calculator/calculator (7/7)
zh-TW,https://funnytools.win/tools/grade-average/,https://funnytools.win/tools/spss-result-interpreter/,statistics,85,yes,same locale zh-TW; same page_type tool; same cluster statistics; crawl age delta 17d (5/15); internal links delta 2 (12/12); crawl depth matched; impression bucket 0/0 (8/8); similarity high-risk-marker (0/5); utility family calculator/calculator (7/7)
zh-TW,https://funnytools.win/tools/grade-average/,https://funnytools.win/tools/standard-deviation/,statistics,85,yes,same locale zh-TW; same page_type tool; same cluster statistics; crawl age delta 15d (5/15); internal links delta 1 (12/12); crawl depth matched; impression bucket 0/0 (8/8); similarity high-risk-marker (0/5); utility family calculator/calculator (7/7)
zh-TW,https://funnytools.win/tools/grade-average/,https://funnytools.win/tools/t-score-calculator/,statistics,85,yes,same locale zh-TW; same page_type tool; same cluster statistics; crawl age delta 19d (5/15); internal links delta 2 (12/12); crawl depth matched; impression bucket 0/0 (8/8); similarity high-risk-marker (0/5); utility family calculator/calculator (7/7)
zh-TW,https://funnytools.win/tools/grade-average/,https://funnytools.win/tools/teacher-exam-score-converter/,statistics,90,yes,same locale zh-TW; same page_type tool; same cluster statistics; crawl age delta 13d (10/15); internal links delta 2 (12/12); crawl depth matched; impression bucket 0/0 (8/8); similarity high-risk-marker (0/5); utility family calculator/calculator (7/7)
zh-TW,https://funnytools.win/tools/grade-average/,https://funnytools.win/tools/weighted-average-calculator/,statistics,90,yes,same locale zh-TW; same page_type tool; same cluster statistics; crawl age delta 14d (10/15); internal links delta 0 (12/12); crawl depth matched; impression bucket 0/0 (8/8); similarity high-risk-marker (0/5); utility family calculator/calculator (7/7)
zh-TW,https://funnytools.win/tools/grade-average/,https://funnytools.win/tools/z-score-calculator/,statistics,80,yes,same locale zh-TW; same page_type tool; same cluster statistics; crawl age delta 61d (0/15); internal links delta 2 (12/12); crawl depth matched; impression bucket 0/0 (8/8); similarity high-risk-marker (0/5); utility family calculator/calculator (7/7)
zh-TW,https://funnytools.win/tools/group-generator/,https://funnytools.win/tools/gpa-calculator/,study,95,yes,same locale zh-TW; same page_type tool; same cluster study; crawl age delta 2d (15/15); internal links delta 1 (12/12); crawl depth matched; impression bucket 0/0 (8/8); similarity low-similarity-0.778 (5/5); utility family random/calculator (2/7)
zh-TW,https://funnytools.win/tools/group-generator/,https://funnytools.win/tools/random-student-picker/,study,100,yes,same locale zh-TW; same page_type tool; same cluster study; crawl age delta 2d (15/15); internal links delta 0 (12/12); crawl depth matched; impression bucket 0/0 (8/8); similarity low-similarity-0.780 (5/5); utility family random/random (7/7)
zh-TW,https://funnytools.win/tools/group-generator/,https://funnytools.win/tools/seating-chart/,study,91,yes,same locale zh-TW; same page_type tool; same cluster study; crawl age delta 3d (15/15); internal links delta 0 (12/12); crawl depth matched; impression bucket 0/1-10 (4/8); similarity low-similarity-0.778 (5/5); utility family random/draw (2/7)
zh-TW,https://funnytools.win/tools/image-resizer/,https://funnytools.win/tools/image-rotate-flip/,image,95,yes,same locale zh-TW; same page_type tool; same cluster image; crawl age delta 9d (10/15); internal links delta 5 (12/12); crawl depth matched; impression bucket 0/0 (8/8); similarity low-similarity-0.676 (5/5); utility family image/image (7/7)
zh-TW,https://funnytools.win/tools/image-resizer/,https://funnytools.win/tools/jpg-to-png/,image,80,yes,same locale zh-TW; same page_type tool; same cluster image; crawl age delta 35d (0/15); internal links delta 4 (12/12); crawl depth matched; impression bucket 0/0 (8/8); similarity high-risk-marker (0/5); utility family image/image (7/7)
zh-TW,https://funnytools.win/tools/image-resizer/,https://funnytools.win/tools/jpg-to-webp/,image,85,yes,same locale zh-TW; same page_type tool; same cluster image; crawl age delta 21d (5/15); internal links delta 2 (12/12); crawl depth matched; impression bucket 0/0 (8/8); similarity high-risk-marker (0/5); utility family image/image (7/7)
zh-TW,https://funnytools.win/tools/image-resizer/,https://funnytools.win/tools/png-to-jpg/,image,95,yes,same locale zh-TW; same page_type tool; same cluster image; crawl age delta 6d (15/15); internal links delta 2 (12/12); crawl depth matched; impression bucket 0/0 (8/8); similarity high-risk-marker (0/5); utility family image/image (7/7)
zh-TW,https://funnytools.win/tools/image-resizer/,https://funnytools.win/tools/qr-code-generator/,image,95,yes,same locale zh-TW; same page_type tool; same cluster image; crawl age delta 8d (10/15); internal links delta 1 (12/12); crawl depth matched; impression bucket 0/0 (8/8); similarity low-similarity-0.676 (5/5); utility family image/image (7/7)
zh-TW,https://funnytools.win/tools/image-resizer/,https://funnytools.win/tools/webp-to-jpg/,image,95,yes,same locale zh-TW; same page_type tool; same cluster image; crawl age delta 2d (15/15); internal links delta 5 (12/12); crawl depth matched; impression bucket 0/0 (8/8); similarity high-risk-marker (0/5); utility family image/image (7/7)
zh-TW,https://funnytools.win/tools/image-rotate-flip/,https://funnytools.win/tools/image-resizer/,image,95,yes,same locale zh-TW; same page_type tool; same cluster image; crawl age delta 9d (10/15); internal links delta 5 (12/12); crawl depth matched; impression bucket 0/0 (8/8); similarity low-similarity-0.676 (5/5); utility family image/image (7/7)
zh-TW,https://funnytools.win/tools/image-rotate-flip/,https://funnytools.win/tools/jpg-to-png/,image,80,yes,same locale zh-TW; same page_type tool; same cluster image; crawl age delta 26d (0/15); internal links delta 1 (12/12); crawl depth matched; impression bucket 0/0 (8/8); similarity high-risk-marker (0/5); utility family image/image (7/7)
zh-TW,https://funnytools.win/tools/image-rotate-flip/,https://funnytools.win/tools/jpg-to-webp/,image,90,yes,same locale zh-TW; same page_type tool; same cluster image; crawl age delta 12d (10/15); internal links delta 3 (12/12); crawl depth matched; impression bucket 0/0 (8/8); similarity high-risk-marker (0/5); utility family image/image (7/7)
zh-TW,https://funnytools.win/tools/image-rotate-flip/,https://funnytools.win/tools/png-to-jpg/,image,95,yes,same locale zh-TW; same page_type tool; same cluster image; crawl age delta 3d (15/15); internal links delta 3 (12/12); crawl depth matched; impression bucket 0/0 (8/8); similarity high-risk-marker (0/5); utility family image/image (7/7)
zh-TW,https://funnytools.win/tools/image-rotate-flip/,https://funnytools.win/tools/qr-code-generator/,image,96,yes,same locale zh-TW; same page_type tool; same cluster image; crawl age delta 1d (15/15); internal links delta 6 (8/12); crawl depth matched; impression bucket 0/0 (8/8); similarity low-similarity-0.543 (5/5); utility family image/image (7/7)
zh-TW,https://funnytools.win/tools/image-rotate-flip/,https://funnytools.win/tools/webp-to-jpg/,image,95,yes,same locale zh-TW; same page_type tool; same cluster image; crawl age delta 7d (15/15); internal links delta 0 (12/12); crawl depth matched; impression bucket 0/0 (8/8); similarity high-risk-marker (0/5); utility family image/image (7/7)
zh-TW,https://funnytools.win/tools/images-to-pdf/,https://funnytools.win/tools/delete-pdf-pages/,pdf,90,yes,same locale zh-TW; same page_type tool; same cluster pdf; crawl age delta 10d (10/15); internal links delta 2 (12/12); crawl depth matched; impression bucket 0/0 (8/8); similarity high-risk-marker (0/5); utility family pdf/pdf (7/7)
zh-TW,https://funnytools.win/tools/images-to-pdf/,https://funnytools.win/tools/extract-pdf-pages/,pdf,90,yes,same locale zh-TW; same page_type tool; same cluster pdf; crawl age delta 10d (10/15); internal links delta 0 (12/12); crawl depth matched; impression bucket 0/0 (8/8); similarity high-risk-marker (0/5); utility family pdf/pdf (7/7)
zh-TW,https://funnytools.win/tools/images-to-pdf/,https://funnytools.win/tools/merge-pdf/,pdf,90,yes,same locale zh-TW; same page_type tool; same cluster pdf; crawl age delta 16d (5/15); internal links delta 2 (12/12); crawl depth matched; impression bucket 0/0 (8/8); similarity low-similarity-0.782 (5/5); utility family pdf/pdf (7/7)
zh-TW,https://funnytools.win/tools/images-to-pdf/,https://funnytools.win/tools/pdf-compressor/,pdf,90,yes,same locale zh-TW; same page_type tool; same cluster pdf; crawl age delta 20d (5/15); internal links delta 1 (12/12); crawl depth matched; impression bucket 0/0 (8/8); similarity low-similarity-0.742 (5/5); utility family pdf/pdf (7/7)
zh-TW,https://funnytools.win/tools/images-to-pdf/,https://funnytools.win/tools/pdf-page-reorder/,pdf,90,yes,same locale zh-TW; same page_type tool; same cluster pdf; crawl age delta 21d (5/15); internal links delta 0 (12/12); crawl depth matched; impression bucket 0/0 (8/8); similarity low-similarity-0.746 (5/5); utility family pdf/pdf (7/7)
zh-TW,https://funnytools.win/tools/images-to-pdf/,https://funnytools.win/tools/split-pdf/,pdf,95,yes,same locale zh-TW; same page_type tool; same cluster pdf; crawl age delta 9d (10/15); internal links delta 2 (12/12); crawl depth matched; impression bucket 0/0 (8/8); similarity low-similarity-0.744 (5/5); utility family pdf/pdf (7/7)
zh-TW,https://funnytools.win/tools/independent-samples-t-test-calculator/,https://funnytools.win/tools/apa-7-report-generator/,statistics,90,yes,same locale zh-TW; same page_type tool; same cluster statistics; crawl age delta 16d (5/15); internal links delta 0 (12/12); crawl depth matched; impression bucket 0/0 (8/8); similarity low-similarity-0.658 (5/5); utility family calculator/calculator (7/7)
zh-TW,https://funnytools.win/tools/independent-samples-t-test-calculator/,https://funnytools.win/tools/class-rank-percentile-calculator/,statistics,100,yes,same locale zh-TW; same page_type tool; same cluster statistics; crawl age delta 2d (15/15); internal links delta 3 (12/12); crawl depth matched; impression bucket 0/0 (8/8); similarity low-similarity-0.669 (5/5); utility family calculator/calculator (7/7)
zh-TW,https://funnytools.win/tools/independent-samples-t-test-calculator/,https://funnytools.win/tools/cronbach-alpha-calculator/,statistics,96,yes,same locale zh-TW; same page_type tool; same cluster statistics; crawl age delta 2d (15/15); internal links delta 4 (12/12); crawl depth matched; impression bucket 0/1-10 (4/8); similarity low-similarity-0.677 (5/5); utility family calculator/calculator (7/7)
zh-TW,https://funnytools.win/tools/independent-samples-t-test-calculator/,https://funnytools.win/tools/grade-average/,statistics,85,yes,same locale zh-TW; same page_type tool; same cluster statistics; crawl age delta 15d (5/15); internal links delta 2 (12/12); crawl depth matched; impression bucket 0/0 (8/8); similarity high-risk-marker (0/5); utility family calculator/calculator (7/7)
zh-TW,https://funnytools.win/tools/independent-samples-t-test-calculator/,https://funnytools.win/tools/normalized-score-converter/,statistics,100,yes,same locale zh-TW; same page_type tool; same cluster statistics; crawl age delta 5d (15/15); internal links delta 5 (12/12); crawl depth matched; impression bucket 0/0 (8/8); similarity low-similarity-0.774 (5/5); utility family calculator/calculator (7/7)
zh-TW,https://funnytools.win/tools/independent-samples-t-test-calculator/,https://funnytools.win/tools/percentage-calculator/,statistics,90,yes,same locale zh-TW; same page_type tool; same cluster statistics; crawl age delta 15d (5/15); internal links delta 1 (12/12); crawl depth matched; impression bucket 0/0 (8/8); similarity low-similarity-0.697 (5/5); utility family calculator/calculator (7/7)
zh-TW,https://funnytools.win/tools/independent-samples-t-test-calculator/,https://funnytools.win/tools/percentile-rank-calculator/,statistics,95,yes,same locale zh-TW; same page_type tool; same cluster statistics; crawl age delta 9d (10/15); internal links delta 2 (12/12); crawl depth matched; impression bucket 0/0 (8/8); similarity low-similarity-0.669 (5/5); utility family calculator/calculator (7/7)
zh-TW,https://funnytools.win/tools/independent-samples-t-test-calculator/,https://funnytools.win/tools/spss-result-interpreter/,statistics,100,yes,same locale zh-TW; same page_type tool; same cluster statistics; crawl age delta 2d (15/15); internal links delta 0 (12/12); crawl depth matched; impression bucket 0/0 (8/8); similarity low-similarity-0.658 (5/5); utility family calculator/calculator (7/7)
zh-TW,https://funnytools.win/tools/independent-samples-t-test-calculator/,https://funnytools.win/tools/standard-deviation/,statistics,95,yes,same locale zh-TW; same page_type tool; same cluster statistics; crawl age delta 0d (15/15); internal links delta 1 (12/12); crawl depth matched; impression bucket 0/0 (8/8); similarity high-risk-marker (0/5); utility family calculator/calculator (7/7)
zh-TW,https://funnytools.win/tools/independent-samples-t-test-calculator/,https://funnytools.win/tools/t-score-calculator/,statistics,95,yes,same locale zh-TW; same page_type tool; same cluster statistics; crawl age delta 4d (15/15); internal links delta 4 (12/12); crawl depth matched; impression bucket 0/0 (8/8); similarity high-risk-marker (0/5); utility family calculator/calculator (7/7)
zh-TW,https://funnytools.win/tools/independent-samples-t-test-calculator/,https://funnytools.win/tools/teacher-exam-score-converter/,statistics,95,yes,same locale zh-TW; same page_type tool; same cluster statistics; crawl age delta 2d (15/15); internal links delta 0 (12/12); crawl depth matched; impression bucket 0/0 (8/8); similarity high-risk-marker (0/5); utility family calculator/calculator (7/7)
zh-TW,https://funnytools.win/tools/independent-samples-t-test-calculator/,https://funnytools.win/tools/weighted-average-calculator/,statistics,95,yes,same locale zh-TW; same page_type tool; same cluster statistics; crawl age delta 1d (15/15); internal links delta 2 (12/12); crawl depth matched; impression bucket 0/0 (8/8); similarity high-risk-marker (0/5); utility family calculator/calculator (7/7)
zh-TW,https://funnytools.win/tools/independent-samples-t-test-calculator/,https://funnytools.win/tools/z-score-calculator/,statistics,80,yes,same locale zh-TW; same page_type tool; same cluster statistics; crawl age delta 46d (0/15); internal links delta 0 (12/12); crawl depth matched; impression bucket 0/0 (8/8); similarity high-risk-marker (0/5); utility family calculator/calculator (7/7)
zh-TW,https://funnytools.win/tools/inflation/,https://funnytools.win/tools/compound-interest/,money,100,yes,same locale zh-TW; same page_type tool; same cluster money; crawl age delta 6d (15/15); internal links delta 0 (12/12); crawl depth matched; impression bucket 0/0 (8/8); similarity similarity-not-recorded (5/5); utility family calculator/calculator (7/7)
zh-TW,https://funnytools.win/tools/inflation/,https://funnytools.win/tools/mortgage-payment/,money,90,yes,same locale zh-TW; same page_type tool; same cluster money; crawl age delta 19d (5/15); internal links delta 0 (12/12); crawl depth matched; impression bucket 0/0 (8/8); similarity low-similarity-0.765 (5/5); utility family calculator/calculator (7/7)
zh-TW,https://funnytools.win/tools/inflation/,https://funnytools.win/tools/overtime-pay/,money,85,yes,same locale zh-TW; same page_type tool; same cluster money; crawl age delta 22d (0/15); internal links delta 0 (12/12); crawl depth matched; impression bucket 0/0 (8/8); similarity similarity-not-recorded (5/5); utility family calculator/calculator (7/7)
zh-TW,https://funnytools.win/tools/inflation/,https://funnytools.win/tools/savings-goal/,money,95,yes,same locale zh-TW; same page_type tool; same cluster money; crawl age delta 14d (10/15); internal links delta 0 (12/12); crawl depth matched; impression bucket 0/0 (8/8); similarity low-similarity-0.765 (5/5); utility family calculator/calculator (7/7)
zh-TW,https://funnytools.win/tools/jpg-to-png/,https://funnytools.win/tools/image-resizer/,image,80,yes,same locale zh-TW; same page_type tool; same cluster image; crawl age delta 35d (0/15); internal links delta 4 (12/12); crawl depth matched; impression bucket 0/0 (8/8); similarity high-risk-marker (0/5); utility family image/image (7/7)
zh-TW,https://funnytools.win/tools/jpg-to-png/,https://funnytools.win/tools/image-rotate-flip/,image,80,yes,same locale zh-TW; same page_type tool; same cluster image; crawl age delta 26d (0/15); internal links delta 1 (12/12); crawl depth matched; impression bucket 0/0 (8/8); similarity high-risk-marker (0/5); utility family image/image (7/7)
zh-TW,https://funnytools.win/tools/jpg-to-png/,https://funnytools.win/tools/jpg-to-webp/,image,90,yes,same locale zh-TW; same page_type tool; same cluster image; crawl age delta 14d (10/15); internal links delta 2 (12/12); crawl depth matched; impression bucket 0/0 (8/8); similarity high-risk-marker (0/5); utility family image/image (7/7)
zh-TW,https://funnytools.win/tools/jpg-to-png/,https://funnytools.win/tools/png-to-jpg/,image,80,yes,same locale zh-TW; same page_type tool; same cluster image; crawl age delta 29d (0/15); internal links delta 2 (12/12); crawl depth matched; impression bucket 0/0 (8/8); similarity high-risk-marker (0/5); utility family image/image (7/7)
zh-TW,https://funnytools.win/tools/jpg-to-png/,https://funnytools.win/tools/qr-code-generator/,image,80,yes,same locale zh-TW; same page_type tool; same cluster image; crawl age delta 27d (0/15); internal links delta 5 (12/12); crawl depth matched; impression bucket 0/0 (8/8); similarity high-risk-marker (0/5); utility family image/image (7/7)
zh-TW,https://funnytools.win/tools/jpg-to-png/,https://funnytools.win/tools/webp-to-jpg/,image,80,yes,same locale zh-TW; same page_type tool; same cluster image; crawl age delta 33d (0/15); internal links delta 1 (12/12); crawl depth matched; impression bucket 0/0 (8/8); similarity high-risk-marker (0/5); utility family image/image (7/7)
zh-TW,https://funnytools.win/tools/jpg-to-webp/,https://funnytools.win/tools/image-resizer/,image,85,yes,same locale zh-TW; same page_type tool; same cluster image; crawl age delta 21d (5/15); internal links delta 2 (12/12); crawl depth matched; impression bucket 0/0 (8/8); similarity high-risk-marker (0/5); utility family image/image (7/7)
zh-TW,https://funnytools.win/tools/jpg-to-webp/,https://funnytools.win/tools/image-rotate-flip/,image,90,yes,same locale zh-TW; same page_type tool; same cluster image; crawl age delta 12d (10/15); internal links delta 3 (12/12); crawl depth matched; impression bucket 0/0 (8/8); similarity high-risk-marker (0/5); utility family image/image (7/7)
zh-TW,https://funnytools.win/tools/jpg-to-webp/,https://funnytools.win/tools/jpg-to-png/,image,90,yes,same locale zh-TW; same page_type tool; same cluster image; crawl age delta 14d (10/15); internal links delta 2 (12/12); crawl depth matched; impression bucket 0/0 (8/8); similarity high-risk-marker (0/5); utility family image/image (7/7)
zh-TW,https://funnytools.win/tools/jpg-to-webp/,https://funnytools.win/tools/png-to-jpg/,image,85,yes,same locale zh-TW; same page_type tool; same cluster image; crawl age delta 15d (5/15); internal links delta 0 (12/12); crawl depth matched; impression bucket 0/0 (8/8); similarity high-risk-marker (0/5); utility family image/image (7/7)
zh-TW,https://funnytools.win/tools/jpg-to-webp/,https://funnytools.win/tools/qr-code-generator/,image,90,yes,same locale zh-TW; same page_type tool; same cluster image; crawl age delta 13d (10/15); internal links delta 3 (12/12); crawl depth matched; impression bucket 0/0 (8/8); similarity high-risk-marker (0/5); utility family image/image (7/7)
zh-TW,https://funnytools.win/tools/jpg-to-webp/,https://funnytools.win/tools/webp-to-jpg/,image,85,yes,same locale zh-TW; same page_type tool; same cluster image; crawl age delta 19d (5/15); internal links delta 3 (12/12); crawl depth matched; impression bucket 0/0 (8/8); similarity high-risk-marker (0/5); utility family image/image (7/7)
zh-TW,https://funnytools.win/tools/json-formatter/,https://funnytools.win/tools/base64/,text,91,yes,same locale zh-TW; same page_type tool; same cluster text; crawl age delta 9d (10/15); internal links delta 2 (12/12); crawl depth matched; impression bucket 0/1-10 (4/8); similarity low-similarity-0.700 (5/5); utility family text/text (7/7)
zh-TW,https://funnytools.win/tools/json-formatter/,https://funnytools.win/tools/case-converter/,text,95,yes,same locale zh-TW; same page_type tool; same cluster text; crawl age delta 8d (10/15); internal links delta 2 (12/12); crawl depth matched; impression bucket 0/0 (8/8); similarity low-similarity-0.700 (5/5); utility family text/text (7/7)
zh-TW,https://funnytools.win/tools/json-formatter/,https://funnytools.win/tools/csv-to-json/,text,95,yes,same locale zh-TW; same page_type tool; same cluster text; crawl age delta 6d (15/15); internal links delta 0 (12/12); crawl depth matched; impression bucket 0/0 (8/8); similarity high-risk-marker (0/5); utility family text/text (7/7)
zh-TW,https://funnytools.win/tools/json-formatter/,https://funnytools.win/tools/json-to-csv/,text,90,yes,same locale zh-TW; same page_type tool; same cluster text; crawl age delta 9d (10/15); internal links delta 1 (12/12); crawl depth matched; impression bucket 0/0 (8/8); similarity high-risk-marker (0/5); utility family text/text (7/7)
zh-TW,https://funnytools.win/tools/json-formatter/,https://funnytools.win/tools/markdown-previewer/,text,100,yes,same locale zh-TW; same page_type tool; same cluster text; crawl age delta 6d (15/15); internal links delta 3 (12/12); crawl depth matched; impression bucket 0/0 (8/8); similarity low-similarity-0.700 (5/5); utility family text/text (7/7)
zh-TW,https://funnytools.win/tools/json-formatter/,https://funnytools.win/tools/remove-duplicate-lines/,text,100,yes,same locale zh-TW; same page_type tool; same cluster text; crawl age delta 1d (15/15); internal links delta 3 (12/12); crawl depth matched; impression bucket 0/0 (8/8); similarity low-similarity-0.700 (5/5); utility family text/text (7/7)
zh-TW,https://funnytools.win/tools/json-formatter/,https://funnytools.win/tools/remove-empty-lines/,text,95,yes,same locale zh-TW; same page_type tool; same cluster text; crawl age delta 8d (10/15); internal links delta 0 (12/12); crawl depth matched; impression bucket 0/0 (8/8); similarity low-similarity-0.700 (5/5); utility family text/text (7/7)
zh-TW,https://funnytools.win/tools/json-formatter/,https://funnytools.win/tools/sort-lines/,text,100,yes,same locale zh-TW; same page_type tool; same cluster text; crawl age delta 0d (15/15); internal links delta 1 (12/12); crawl depth matched; impression bucket 0/0 (8/8); similarity low-similarity-0.700 (5/5); utility family text/text (7/7)
zh-TW,https://funnytools.win/tools/json-formatter/,https://funnytools.win/tools/url-encoder/,text,95,yes,same locale zh-TW; same page_type tool; same cluster text; crawl age delta 9d (10/15); internal links delta 0 (12/12); crawl depth matched; impression bucket 0/0 (8/8); similarity low-similarity-0.700 (5/5); utility family text/text (7/7)
zh-TW,https://funnytools.win/tools/json-to-csv/,https://funnytools.win/tools/base64/,text,91,yes,same locale zh-TW; same page_type tool; same cluster text; crawl age delta 0d (15/15); internal links delta 1 (12/12); crawl depth matched; impression bucket 0/1-10 (4/8); similarity high-risk-marker (0/5); utility family text/text (7/7)
zh-TW,https://funnytools.win/tools/json-to-csv/,https://funnytools.win/tools/case-converter/,text,95,yes,same locale zh-TW; same page_type tool; same cluster text; crawl age delta 1d (15/15); internal links delta 3 (12/12); crawl depth matched; impression bucket 0/0 (8/8); similarity high-risk-marker (0/5); utility family text/text (7/7)
zh-TW,https://funnytools.win/tools/json-to-csv/,https://funnytools.win/tools/csv-to-json/,text,95,yes,same locale zh-TW; same page_type tool; same cluster text; crawl age delta 3d (15/15); internal links delta 1 (12/12); crawl depth matched; impression bucket 0/0 (8/8); similarity high-risk-marker (0/5); utility family text/text (7/7)
zh-TW,https://funnytools.win/tools/json-to-csv/,https://funnytools.win/tools/json-formatter/,text,90,yes,same locale zh-TW; same page_type tool; same cluster text; crawl age delta 9d (10/15); internal links delta 1 (12/12); crawl depth matched; impression bucket 0/0 (8/8); similarity high-risk-marker (0/5); utility family text/text (7/7)
zh-TW,https://funnytools.win/tools/json-to-csv/,https://funnytools.win/tools/markdown-previewer/,text,95,yes,same locale zh-TW; same page_type tool; same cluster text; crawl age delta 3d (15/15); internal links delta 2 (12/12); crawl depth matched; impression bucket 0/0 (8/8); similarity high-risk-marker (0/5); utility family text/text (7/7)
zh-TW,https://funnytools.win/tools/json-to-csv/,https://funnytools.win/tools/remove-duplicate-lines/,text,90,yes,same locale zh-TW; same page_type tool; same cluster text; crawl age delta 8d (10/15); internal links delta 2 (12/12); crawl depth matched; impression bucket 0/0 (8/8); similarity high-risk-marker (0/5); utility family text/text (7/7)
zh-TW,https://funnytools.win/tools/json-to-csv/,https://funnytools.win/tools/remove-empty-lines/,text,95,yes,same locale zh-TW; same page_type tool; same cluster text; crawl age delta 1d (15/15); internal links delta 1 (12/12); crawl depth matched; impression bucket 0/0 (8/8); similarity high-risk-marker (0/5); utility family text/text (7/7)
zh-TW,https://funnytools.win/tools/json-to-csv/,https://funnytools.win/tools/sort-lines/,text,90,yes,same locale zh-TW; same page_type tool; same cluster text; crawl age delta 9d (10/15); internal links delta 2 (12/12); crawl depth matched; impression bucket 0/0 (8/8); similarity high-risk-marker (0/5); utility family text/text (7/7)
zh-TW,https://funnytools.win/tools/json-to-csv/,https://funnytools.win/tools/url-encoder/,text,95,yes,same locale zh-TW; same page_type tool; same cluster text; crawl age delta 0d (15/15); internal links delta 1 (12/12); crawl depth matched; impression bucket 0/0 (8/8); similarity high-risk-marker (0/5); utility family text/text (7/7)
zh-TW,https://funnytools.win/tools/markdown-previewer/,https://funnytools.win/tools/base64/,text,96,yes,same locale zh-TW; same page_type tool; same cluster text; crawl age delta 3d (15/15); internal links delta 1 (12/12); crawl depth matched; impression bucket 0/1-10 (4/8); similarity low-similarity-0.610 (5/5); utility family text/text (7/7)
zh-TW,https://funnytools.win/tools/markdown-previewer/,https://funnytools.win/tools/case-converter/,text,100,yes,same locale zh-TW; same page_type tool; same cluster text; crawl age delta 2d (15/15); internal links delta 5 (12/12); crawl depth matched; impression bucket 0/0 (8/8); similarity low-similarity-0.626 (5/5); utility family text/text (7/7)
zh-TW,https://funnytools.win/tools/markdown-previewer/,https://funnytools.win/tools/csv-to-json/,text,95,yes,same locale zh-TW; same page_type tool; same cluster text; crawl age delta 0d (15/15); internal links delta 3 (12/12); crawl depth matched; impression bucket 0/0 (8/8); similarity high-risk-marker (0/5); utility family text/text (7/7)
zh-TW,https://funnytools.win/tools/markdown-previewer/,https://funnytools.win/tools/json-formatter/,text,100,yes,same locale zh-TW; same page_type tool; same cluster text; crawl age delta 6d (15/15); internal links delta 3 (12/12); crawl depth matched; impression bucket 0/0 (8/8); similarity low-similarity-0.700 (5/5); utility family text/text (7/7)
zh-TW,https://funnytools.win/tools/markdown-previewer/,https://funnytools.win/tools/json-to-csv/,text,95,yes,same locale zh-TW; same page_type tool; same cluster text; crawl age delta 3d (15/15); internal links delta 2 (12/12); crawl depth matched; impression bucket 0/0 (8/8); similarity high-risk-marker (0/5); utility family text/text (7/7)
zh-TW,https://funnytools.win/tools/markdown-previewer/,https://funnytools.win/tools/remove-duplicate-lines/,text,100,yes,same locale zh-TW; same page_type tool; same cluster text; crawl age delta 5d (15/15); internal links delta 0 (12/12); crawl depth matched; impression bucket 0/0 (8/8); similarity low-similarity-0.695 (5/5); utility family text/text (7/7)
zh-TW,https://funnytools.win/tools/markdown-previewer/,https://funnytools.win/tools/remove-empty-lines/,text,100,yes,same locale zh-TW; same page_type tool; same cluster text; crawl age delta 2d (15/15); internal links delta 3 (12/12); crawl depth matched; impression bucket 0/0 (8/8); similarity low-similarity-0.695 (5/5); utility family text/text (7/7)
zh-TW,https://funnytools.win/tools/markdown-previewer/,https://funnytools.win/tools/sort-lines/,text,100,yes,same locale zh-TW; same page_type tool; same cluster text; crawl age delta 6d (15/15); internal links delta 4 (12/12); crawl depth matched; impression bucket 0/0 (8/8); similarity low-similarity-0.654 (5/5); utility family text/text (7/7)
zh-TW,https://funnytools.win/tools/markdown-previewer/,https://funnytools.win/tools/url-encoder/,text,100,yes,same locale zh-TW; same page_type tool; same cluster text; crawl age delta 3d (15/15); internal links delta 3 (12/12); crawl depth matched; impression bucket 0/0 (8/8); similarity low-similarity-0.610 (5/5); utility family text/text (7/7)
zh-TW,https://funnytools.win/tools/merge-pdf/,https://funnytools.win/tools/delete-pdf-pages/,pdf,95,yes,same locale zh-TW; same page_type tool; same cluster pdf; crawl age delta 6d (15/15); internal links delta 4 (12/12); crawl depth matched; impression bucket 0/0 (8/8); similarity high-risk-marker (0/5); utility family pdf/pdf (7/7)
zh-TW,https://funnytools.win/tools/merge-pdf/,https://funnytools.win/tools/extract-pdf-pages/,pdf,95,yes,same locale zh-TW; same page_type tool; same cluster pdf; crawl age delta 6d (15/15); internal links delta 2 (12/12); crawl depth matched; impression bucket 0/0 (8/8); similarity high-risk-marker (0/5); utility family pdf/pdf (7/7)
zh-TW,https://funnytools.win/tools/merge-pdf/,https://funnytools.win/tools/images-to-pdf/,pdf,90,yes,same locale zh-TW; same page_type tool; same cluster pdf; crawl age delta 16d (5/15); internal links delta 2 (12/12); crawl depth matched; impression bucket 0/0 (8/8); similarity low-similarity-0.782 (5/5); utility family pdf/pdf (7/7)
zh-TW,https://funnytools.win/tools/merge-pdf/,https://funnytools.win/tools/pdf-compressor/,pdf,100,yes,same locale zh-TW; same page_type tool; same cluster pdf; crawl age delta 4d (15/15); internal links delta 1 (12/12); crawl depth matched; impression bucket 0/0 (8/8); similarity low-similarity-0.782 (5/5); utility family pdf/pdf (7/7)
zh-TW,https://funnytools.win/tools/merge-pdf/,https://funnytools.win/tools/pdf-page-reorder/,pdf,100,yes,same locale zh-TW; same page_type tool; same cluster pdf; crawl age delta 5d (15/15); internal links delta 2 (12/12); crawl depth matched; impression bucket 0/0 (8/8); similarity low-similarity-0.782 (5/5); utility family pdf/pdf (7/7)
zh-TW,https://funnytools.win/tools/merge-pdf/,https://funnytools.win/tools/split-pdf/,pdf,100,yes,same locale zh-TW; same page_type tool; same cluster pdf; crawl age delta 7d (15/15); internal links delta 0 (12/12); crawl depth matched; impression bucket 0/0 (8/8); similarity low-similarity-0.782 (5/5); utility family pdf/pdf (7/7)
zh-TW,https://funnytools.win/tools/mortgage-payment/,https://funnytools.win/tools/compound-interest/,money,95,yes,same locale zh-TW; same page_type tool; same cluster money; crawl age delta 13d (10/15); internal links delta 0 (12/12); crawl depth matched; impression bucket 0/0 (8/8); similarity low-similarity-0.765 (5/5); utility family calculator/calculator (7/7)
zh-TW,https://funnytools.win/tools/mortgage-payment/,https://funnytools.win/tools/inflation/,money,90,yes,same locale zh-TW; same page_type tool; same cluster money; crawl age delta 19d (5/15); internal links delta 0 (12/12); crawl depth matched; impression bucket 0/0 (8/8); similarity low-similarity-0.765 (5/5); utility family calculator/calculator (7/7)
zh-TW,https://funnytools.win/tools/mortgage-payment/,https://funnytools.win/tools/overtime-pay/,money,100,yes,same locale zh-TW; same page_type tool; same cluster money; crawl age delta 3d (15/15); internal links delta 0 (12/12); crawl depth matched; impression bucket 0/0 (8/8); similarity low-similarity-0.765 (5/5); utility family calculator/calculator (7/7)
zh-TW,https://funnytools.win/tools/mortgage-payment/,https://funnytools.win/tools/savings-goal/,money,100,yes,same locale zh-TW; same page_type tool; same cluster money; crawl age delta 5d (15/15); internal links delta 0 (12/12); crawl depth matched; impression bucket 0/0 (8/8); similarity low-similarity-0.765 (5/5); utility family calculator/calculator (7/7)
zh-TW,https://funnytools.win/tools/normalized-score-converter/,https://funnytools.win/tools/apa-7-report-generator/,statistics,95,yes,same locale zh-TW; same page_type tool; same cluster statistics; crawl age delta 11d (10/15); internal links delta 5 (12/12); crawl depth matched; impression bucket 0/0 (8/8); similarity low-similarity-0.774 (5/5); utility family calculator/calculator (7/7)
zh-TW,https://funnytools.win/tools/normalized-score-converter/,https://funnytools.win/tools/class-rank-percentile-calculator/,statistics,100,yes,same locale zh-TW; same page_type tool; same cluster statistics; crawl age delta 3d (15/15); internal links delta 2 (12/12); crawl depth matched; impression bucket 0/0 (8/8); similarity low-similarity-0.774 (5/5); utility family calculator/calculator (7/7)
zh-TW,https://funnytools.win/tools/normalized-score-converter/,https://funnytools.win/tools/cronbach-alpha-calculator/,statistics,96,yes,same locale zh-TW; same page_type tool; same cluster statistics; crawl age delta 3d (15/15); internal links delta 1 (12/12); crawl depth matched; impression bucket 0/1-10 (4/8); similarity low-similarity-0.774 (5/5); utility family calculator/calculator (7/7)
zh-TW,https://funnytools.win/tools/normalized-score-converter/,https://funnytools.win/tools/grade-average/,statistics,81,yes,same locale zh-TW; same page_type tool; same cluster statistics; crawl age delta 20d (5/15); internal links delta 7 (8/12); crawl depth matched; impression bucket 0/0 (8/8); similarity high-risk-marker (0/5); utility family calculator/calculator (7/7)
zh-TW,https://funnytools.win/tools/normalized-score-converter/,https://funnytools.win/tools/independent-samples-t-test-calculator/,statistics,100,yes,same locale zh-TW; same page_type tool; same cluster statistics; crawl age delta 5d (15/15); internal links delta 5 (12/12); crawl depth matched; impression bucket 0/0 (8/8); similarity low-similarity-0.774 (5/5); utility family calculator/calculator (7/7)
zh-TW,https://funnytools.win/tools/normalized-score-converter/,https://funnytools.win/tools/percentage-calculator/,statistics,91,yes,same locale zh-TW; same page_type tool; same cluster statistics; crawl age delta 10d (10/15); internal links delta 6 (8/12); crawl depth matched; impression bucket 0/0 (8/8); similarity low-similarity-0.774 (5/5); utility family calculator/calculator (7/7)
zh-TW,https://funnytools.win/tools/normalized-score-converter/,https://funnytools.win/tools/percentile-rank-calculator/,statistics,100,yes,same locale zh-TW; same page_type tool; same cluster statistics; crawl age delta 4d (15/15); internal links delta 3 (12/12); crawl depth matched; impression bucket 0/0 (8/8); similarity low-similarity-0.774 (5/5); utility family calculator/calculator (7/7)
zh-TW,https://funnytools.win/tools/normalized-score-converter/,https://funnytools.win/tools/spss-result-interpreter/,statistics,100,yes,same locale zh-TW; same page_type tool; same cluster statistics; crawl age delta 3d (15/15); internal links delta 5 (12/12); crawl depth matched; impression bucket 0/0 (8/8); similarity low-similarity-0.774 (5/5); utility family calculator/calculator (7/7)
zh-TW,https://funnytools.win/tools/normalized-score-converter/,https://funnytools.win/tools/standard-deviation/,statistics,91,yes,same locale zh-TW; same page_type tool; same cluster statistics; crawl age delta 5d (15/15); internal links delta 6 (8/12); crawl depth matched; impression bucket 0/0 (8/8); similarity high-risk-marker (0/5); utility family calculator/calculator (7/7)
zh-TW,https://funnytools.win/tools/normalized-score-converter/,https://funnytools.win/tools/t-score-calculator/,statistics,91,yes,same locale zh-TW; same page_type tool; same cluster statistics; crawl age delta 1d (15/15); internal links delta 9 (8/12); crawl depth matched; impression bucket 0/0 (8/8); similarity high-risk-marker (0/5); utility family calculator/calculator (7/7)
zh-TW,https://funnytools.win/tools/normalized-score-converter/,https://funnytools.win/tools/teacher-exam-score-converter/,statistics,95,yes,same locale zh-TW; same page_type tool; same cluster statistics; crawl age delta 7d (15/15); internal links delta 5 (12/12); crawl depth matched; impression bucket 0/0 (8/8); similarity high-risk-marker (0/5); utility family calculator/calculator (7/7)
zh-TW,https://funnytools.win/tools/normalized-score-converter/,https://funnytools.win/tools/weighted-average-calculator/,statistics,91,yes,same locale zh-TW; same page_type tool; same cluster statistics; crawl age delta 6d (15/15); internal links delta 7 (8/12); crawl depth matched; impression bucket 0/0 (8/8); similarity high-risk-marker (0/5); utility family calculator/calculator (7/7)
zh-TW,https://funnytools.win/tools/normalized-score-converter/,https://funnytools.win/tools/z-score-calculator/,statistics,80,yes,same locale zh-TW; same page_type tool; same cluster statistics; crawl age delta 41d (0/15); internal links delta 5 (12/12); crawl depth matched; impression bucket 0/0 (8/8); similarity high-risk-marker (0/5); utility family calculator/calculator (7/7)
zh-TW,https://funnytools.win/tools/overtime-pay/,https://funnytools.win/tools/compound-interest/,money,90,yes,same locale zh-TW; same page_type tool; same cluster money; crawl age delta 16d (5/15); internal links delta 0 (12/12); crawl depth matched; impression bucket 0/0 (8/8); similarity similarity-not-recorded (5/5); utility family calculator/calculator (7/7)
zh-TW,https://funnytools.win/tools/overtime-pay/,https://funnytools.win/tools/inflation/,money,85,yes,same locale zh-TW; same page_type tool; same cluster money; crawl age delta 22d (0/15); internal links delta 0 (12/12); crawl depth matched; impression bucket 0/0 (8/8); similarity similarity-not-recorded (5/5); utility family calculator/calculator (7/7)
zh-TW,https://funnytools.win/tools/overtime-pay/,https://funnytools.win/tools/mortgage-payment/,money,100,yes,same locale zh-TW; same page_type tool; same cluster money; crawl age delta 3d (15/15); internal links delta 0 (12/12); crawl depth matched; impression bucket 0/0 (8/8); similarity low-similarity-0.765 (5/5); utility family calculator/calculator (7/7)
zh-TW,https://funnytools.win/tools/overtime-pay/,https://funnytools.win/tools/savings-goal/,money,95,yes,same locale zh-TW; same page_type tool; same cluster money; crawl age delta 8d (10/15); internal links delta 0 (12/12); crawl depth matched; impression bucket 0/0 (8/8); similarity low-similarity-0.765 (5/5); utility family calculator/calculator (7/7)
zh-TW,https://funnytools.win/tools/pdf-compressor/,https://funnytools.win/tools/delete-pdf-pages/,pdf,90,yes,same locale zh-TW; same page_type tool; same cluster pdf; crawl age delta 10d (10/15); internal links delta 3 (12/12); crawl depth matched; impression bucket 0/0 (8/8); similarity high-risk-marker (0/5); utility family pdf/pdf (7/7)
zh-TW,https://funnytools.win/tools/pdf-compressor/,https://funnytools.win/tools/extract-pdf-pages/,pdf,90,yes,same locale zh-TW; same page_type tool; same cluster pdf; crawl age delta 10d (10/15); internal links delta 1 (12/12); crawl depth matched; impression bucket 0/0 (8/8); similarity high-risk-marker (0/5); utility family pdf/pdf (7/7)
zh-TW,https://funnytools.win/tools/pdf-compressor/,https://funnytools.win/tools/images-to-pdf/,pdf,90,yes,same locale zh-TW; same page_type tool; same cluster pdf; crawl age delta 20d (5/15); internal links delta 1 (12/12); crawl depth matched; impression bucket 0/0 (8/8); similarity low-similarity-0.742 (5/5); utility family pdf/pdf (7/7)
zh-TW,https://funnytools.win/tools/pdf-compressor/,https://funnytools.win/tools/merge-pdf/,pdf,100,yes,same locale zh-TW; same page_type tool; same cluster pdf; crawl age delta 4d (15/15); internal links delta 1 (12/12); crawl depth matched; impression bucket 0/0 (8/8); similarity low-similarity-0.782 (5/5); utility family pdf/pdf (7/7)
zh-TW,https://funnytools.win/tools/pdf-compressor/,https://funnytools.win/tools/pdf-page-reorder/,pdf,100,yes,same locale zh-TW; same page_type tool; same cluster pdf; crawl age delta 1d (15/15); internal links delta 1 (12/12); crawl depth matched; impression bucket 0/0 (8/8); similarity low-similarity-0.746 (5/5); utility family pdf/pdf (7/7)
zh-TW,https://funnytools.win/tools/pdf-compressor/,https://funnytools.win/tools/split-pdf/,pdf,95,yes,same locale zh-TW; same page_type tool; same cluster pdf; crawl age delta 11d (10/15); internal links delta 1 (12/12); crawl depth matched; impression bucket 0/0 (8/8); similarity low-similarity-0.744 (5/5); utility family pdf/pdf (7/7)
zh-TW,https://funnytools.win/tools/pdf-page-reorder/,https://funnytools.win/tools/delete-pdf-pages/,pdf,90,yes,same locale zh-TW; same page_type tool; same cluster pdf; crawl age delta 11d (10/15); internal links delta 2 (12/12); crawl depth matched; impression bucket 0/0 (8/8); similarity high-risk-marker (0/5); utility family pdf/pdf (7/7)
zh-TW,https://funnytools.win/tools/pdf-page-reorder/,https://funnytools.win/tools/extract-pdf-pages/,pdf,90,yes,same locale zh-TW; same page_type tool; same cluster pdf; crawl age delta 11d (10/15); internal links delta 0 (12/12); crawl depth matched; impression bucket 0/0 (8/8); similarity high-risk-marker (0/5); utility family pdf/pdf (7/7)
zh-TW,https://funnytools.win/tools/pdf-page-reorder/,https://funnytools.win/tools/images-to-pdf/,pdf,90,yes,same locale zh-TW; same page_type tool; same cluster pdf; crawl age delta 21d (5/15); internal links delta 0 (12/12); crawl depth matched; impression bucket 0/0 (8/8); similarity low-similarity-0.746 (5/5); utility family pdf/pdf (7/7)
zh-TW,https://funnytools.win/tools/pdf-page-reorder/,https://funnytools.win/tools/merge-pdf/,pdf,100,yes,same locale zh-TW; same page_type tool; same cluster pdf; crawl age delta 5d (15/15); internal links delta 2 (12/12); crawl depth matched; impression bucket 0/0 (8/8); similarity low-similarity-0.782 (5/5); utility family pdf/pdf (7/7)
zh-TW,https://funnytools.win/tools/pdf-page-reorder/,https://funnytools.win/tools/pdf-compressor/,pdf,100,yes,same locale zh-TW; same page_type tool; same cluster pdf; crawl age delta 1d (15/15); internal links delta 1 (12/12); crawl depth matched; impression bucket 0/0 (8/8); similarity low-similarity-0.746 (5/5); utility family pdf/pdf (7/7)
zh-TW,https://funnytools.win/tools/pdf-page-reorder/,https://funnytools.win/tools/split-pdf/,pdf,95,yes,same locale zh-TW; same page_type tool; same cluster pdf; crawl age delta 12d (10/15); internal links delta 2 (12/12); crawl depth matched; impression bucket 0/0 (8/8); similarity low-similarity-0.746 (5/5); utility family pdf/pdf (7/7)
zh-TW,https://funnytools.win/tools/percentage-calculator/,https://funnytools.win/tools/apa-7-report-generator/,statistics,100,yes,same locale zh-TW; same page_type tool; same cluster statistics; crawl age delta 1d (15/15); internal links delta 1 (12/12); crawl depth matched; impression bucket 0/0 (8/8); similarity low-similarity-0.697 (5/5); utility family calculator/calculator (7/7)
zh-TW,https://funnytools.win/tools/percentage-calculator/,https://funnytools.win/tools/class-rank-percentile-calculator/,statistics,95,yes,same locale zh-TW; same page_type tool; same cluster statistics; crawl age delta 13d (10/15); internal links delta 4 (12/12); crawl depth matched; impression bucket 0/0 (8/8); similarity low-similarity-0.697 (5/5); utility family calculator/calculator (7/7)
zh-TW,https://funnytools.win/tools/percentage-calculator/,https://funnytools.win/tools/cronbach-alpha-calculator/,statistics,91,yes,same locale zh-TW; same page_type tool; same cluster statistics; crawl age delta 13d (10/15); internal links delta 5 (12/12); crawl depth matched; impression bucket 0/1-10 (4/8); similarity low-similarity-0.697 (5/5); utility family calculator/calculator (7/7)
zh-TW,https://funnytools.win/tools/percentage-calculator/,https://funnytools.win/tools/grade-average/,statistics,80,yes,same locale zh-TW; same page_type tool; same cluster statistics; crawl age delta 30d (0/15); internal links delta 1 (12/12); crawl depth matched; impression bucket 0/0 (8/8); similarity high-risk-marker (0/5); utility family calculator/calculator (7/7)
zh-TW,https://funnytools.win/tools/percentage-calculator/,https://funnytools.win/tools/independent-samples-t-test-calculator/,statistics,90,yes,same locale zh-TW; same page_type tool; same cluster statistics; crawl age delta 15d (5/15); internal links delta 1 (12/12); crawl depth matched; impression bucket 0/0 (8/8); similarity low-similarity-0.697 (5/5); utility family calculator/calculator (7/7)
zh-TW,https://funnytools.win/tools/percentage-calculator/,https://funnytools.win/tools/normalized-score-converter/,statistics,91,yes,same locale zh-TW; same page_type tool; same cluster statistics; crawl age delta 10d (10/15); internal links delta 6 (8/12); crawl depth matched; impression bucket 0/0 (8/8); similarity low-similarity-0.774 (5/5); utility family calculator/calculator (7/7)
zh-TW,https://funnytools.win/tools/percentage-calculator/,https://funnytools.win/tools/percentile-rank-calculator/,statistics,100,yes,same locale zh-TW; same page_type tool; same cluster statistics; crawl age delta 6d (15/15); internal links delta 3 (12/12); crawl depth matched; impression bucket 0/0 (8/8); similarity low-similarity-0.697 (5/5); utility family calculator/calculator (7/7)
zh-TW,https://funnytools.win/tools/percentage-calculator/,https://funnytools.win/tools/spss-result-interpreter/,statistics,95,yes,same locale zh-TW; same page_type tool; same cluster statistics; crawl age delta 13d (10/15); internal links delta 1 (12/12); crawl depth matched; impression bucket 0/0 (8/8); similarity low-similarity-0.697 (5/5); utility family calculator/calculator (7/7)
zh-TW,https://funnytools.win/tools/percentage-calculator/,https://funnytools.win/tools/standard-deviation/,statistics,85,yes,same locale zh-TW; same page_type tool; same cluster statistics; crawl age delta 15d (5/15); internal links delta 0 (12/12); crawl depth matched; impression bucket 0/0 (8/8); similarity high-risk-marker (0/5); utility family calculator/calculator (7/7)
zh-TW,https://funnytools.win/tools/percentage-calculator/,https://funnytools.win/tools/t-score-calculator/,statistics,90,yes,same locale zh-TW; same page_type tool; same cluster statistics; crawl age delta 11d (10/15); internal links delta 3 (12/12); crawl depth matched; impression bucket 0/0 (8/8); similarity high-risk-marker (0/5); utility family calculator/calculator (7/7)
zh-TW,https://funnytools.win/tools/percentage-calculator/,https://funnytools.win/tools/teacher-exam-score-converter/,statistics,85,yes,same locale zh-TW; same page_type tool; same cluster statistics; crawl age delta 17d (5/15); internal links delta 1 (12/12); crawl depth matched; impression bucket 0/0 (8/8); similarity high-risk-marker (0/5); utility family calculator/calculator (7/7)
zh-TW,https://funnytools.win/tools/percentage-calculator/,https://funnytools.win/tools/weighted-average-calculator/,statistics,85,yes,same locale zh-TW; same page_type tool; same cluster statistics; crawl age delta 16d (5/15); internal links delta 1 (12/12); crawl depth matched; impression bucket 0/0 (8/8); similarity high-risk-marker (0/5); utility family calculator/calculator (7/7)
zh-TW,https://funnytools.win/tools/percentage-calculator/,https://funnytools.win/tools/z-score-calculator/,statistics,80,yes,same locale zh-TW; same page_type tool; same cluster statistics; crawl age delta 31d (0/15); internal links delta 1 (12/12); crawl depth matched; impression bucket 0/0 (8/8); similarity high-risk-marker (0/5); utility family calculator/calculator (7/7)
zh-TW,https://funnytools.win/tools/percentile-rank-calculator/,https://funnytools.win/tools/apa-7-report-generator/,statistics,100,yes,same locale zh-TW; same page_type tool; same cluster statistics; crawl age delta 7d (15/15); internal links delta 2 (12/12); crawl depth matched; impression bucket 0/0 (8/8); similarity low-similarity-0.669 (5/5); utility family calculator/calculator (7/7)
zh-TW,https://funnytools.win/tools/percentile-rank-calculator/,https://funnytools.win/tools/class-rank-percentile-calculator/,statistics,100,yes,same locale zh-TW; same page_type tool; same cluster statistics; crawl age delta 7d (15/15); internal links delta 1 (12/12); crawl depth matched; impression bucket 0/0 (8/8); similarity low-similarity-0.669 (5/5); utility family calculator/calculator (7/7)
zh-TW,https://funnytools.win/tools/percentile-rank-calculator/,https://funnytools.win/tools/cronbach-alpha-calculator/,statistics,96,yes,same locale zh-TW; same page_type tool; same cluster statistics; crawl age delta 7d (15/15); internal links delta 2 (12/12); crawl depth matched; impression bucket 0/1-10 (4/8); similarity low-similarity-0.677 (5/5); utility family calculator/calculator (7/7)
zh-TW,https://funnytools.win/tools/percentile-rank-calculator/,https://funnytools.win/tools/grade-average/,statistics,80,yes,same locale zh-TW; same page_type tool; same cluster statistics; crawl age delta 24d (0/15); internal links delta 4 (12/12); crawl depth matched; impression bucket 0/0 (8/8); similarity high-risk-marker (0/5); utility family calculator/calculator (7/7)
zh-TW,https://funnytools.win/tools/percentile-rank-calculator/,https://funnytools.win/tools/independent-samples-t-test-calculator/,statistics,95,yes,same locale zh-TW; same page_type tool; same cluster statistics; crawl age delta 9d (10/15); internal links delta 2 (12/12); crawl depth matched; impression bucket 0/0 (8/8); similarity low-similarity-0.669 (5/5); utility family calculator/calculator (7/7)
zh-TW,https://funnytools.win/tools/percentile-rank-calculator/,https://funnytools.win/tools/normalized-score-converter/,statistics,100,yes,same locale zh-TW; same page_type tool; same cluster statistics; crawl age delta 4d (15/15); internal links delta 3 (12/12); crawl depth matched; impression bucket 0/0 (8/8); similarity low-similarity-0.774 (5/5); utility family calculator/calculator (7/7)
zh-TW,https://funnytools.win/tools/percentile-rank-calculator/,https://funnytools.win/tools/percentage-calculator/,statistics,100,yes,same locale zh-TW; same page_type tool; same cluster statistics; crawl age delta 6d (15/15); internal links delta 3 (12/12); crawl depth matched; impression bucket 0/0 (8/8); similarity low-similarity-0.697 (5/5); utility family calculator/calculator (7/7)
zh-TW,https://funnytools.win/tools/percentile-rank-calculator/,https://funnytools.win/tools/spss-result-interpreter/,statistics,100,yes,same locale zh-TW; same page_type tool; same cluster statistics; crawl age delta 7d (15/15); internal links delta 2 (12/12); crawl depth matched; impression bucket 0/0 (8/8); similarity low-similarity-0.669 (5/5); utility family calculator/calculator (7/7)
zh-TW,https://funnytools.win/tools/percentile-rank-calculator/,https://funnytools.win/tools/standard-deviation/,statistics,90,yes,same locale zh-TW; same page_type tool; same cluster statistics; crawl age delta 9d (10/15); internal links delta 3 (12/12); crawl depth matched; impression bucket 0/0 (8/8); similarity high-risk-marker (0/5); utility family calculator/calculator (7/7)
zh-TW,https://funnytools.win/tools/percentile-rank-calculator/,https://funnytools.win/tools/t-score-calculator/,statistics,91,yes,same locale zh-TW; same page_type tool; same cluster statistics; crawl age delta 5d (15/15); internal links delta 6 (8/12); crawl depth matched; impression bucket 0/0 (8/8); similarity high-risk-marker (0/5); utility family calculator/calculator (7/7)
zh-TW,https://funnytools.win/tools/percentile-rank-calculator/,https://funnytools.win/tools/teacher-exam-score-converter/,statistics,90,yes,same locale zh-TW; same page_type tool; same cluster statistics; crawl age delta 11d (10/15); internal links delta 2 (12/12); crawl depth matched; impression bucket 0/0 (8/8); similarity high-risk-marker (0/5); utility family calculator/calculator (7/7)
zh-TW,https://funnytools.win/tools/percentile-rank-calculator/,https://funnytools.win/tools/weighted-average-calculator/,statistics,90,yes,same locale zh-TW; same page_type tool; same cluster statistics; crawl age delta 10d (10/15); internal links delta 4 (12/12); crawl depth matched; impression bucket 0/0 (8/8); similarity high-risk-marker (0/5); utility family calculator/calculator (7/7)
zh-TW,https://funnytools.win/tools/percentile-rank-calculator/,https://funnytools.win/tools/z-score-calculator/,statistics,80,yes,same locale zh-TW; same page_type tool; same cluster statistics; crawl age delta 37d (0/15); internal links delta 2 (12/12); crawl depth matched; impression bucket 0/0 (8/8); similarity high-risk-marker (0/5); utility family calculator/calculator (7/7)
zh-TW,https://funnytools.win/tools/pie-chart-maker/,https://funnytools.win/tools/bar-chart-maker/,draw,96,yes,same locale zh-TW; same page_type tool; same cluster draw; crawl age delta 6d (15/15); internal links delta 0 (12/12); crawl depth matched; impression bucket 0/1-10 (4/8); similarity low-similarity-0.686 (5/5); utility family draw/draw (7/7)
zh-TW,https://funnytools.win/tools/pie-chart-maker/,https://funnytools.win/tools/cad-2d/,draw,95,yes,same locale zh-TW; same page_type tool; same cluster draw; crawl age delta 10d (10/15); internal links delta 1 (12/12); crawl depth matched; impression bucket 0/0 (8/8); similarity low-similarity-0.686 (5/5); utility family draw/draw (7/7)
zh-TW,https://funnytools.win/tools/pie-chart-maker/,https://funnytools.win/tools/flowchart/,draw,100,yes,same locale zh-TW; same page_type tool; same cluster draw; crawl age delta 3d (15/15); internal links delta 0 (12/12); crawl depth matched; impression bucket 0/0 (8/8); similarity low-similarity-0.686 (5/5); utility family draw/draw (7/7)
zh-TW,https://funnytools.win/tools/pie-chart-maker/,https://funnytools.win/tools/sketchpad/,draw,100,yes,same locale zh-TW; same page_type tool; same cluster draw; crawl age delta 0d (15/15); internal links delta 2 (12/12); crawl depth matched; impression bucket 0/0 (8/8); similarity low-similarity-0.686 (5/5); utility family draw/draw (7/7)
zh-TW,https://funnytools.win/tools/png-to-jpg/,https://funnytools.win/tools/image-resizer/,image,95,yes,same locale zh-TW; same page_type tool; same cluster image; crawl age delta 6d (15/15); internal links delta 2 (12/12); crawl depth matched; impression bucket 0/0 (8/8); similarity high-risk-marker (0/5); utility family image/image (7/7)
zh-TW,https://funnytools.win/tools/png-to-jpg/,https://funnytools.win/tools/image-rotate-flip/,image,95,yes,same locale zh-TW; same page_type tool; same cluster image; crawl age delta 3d (15/15); internal links delta 3 (12/12); crawl depth matched; impression bucket 0/0 (8/8); similarity high-risk-marker (0/5); utility family image/image (7/7)
zh-TW,https://funnytools.win/tools/png-to-jpg/,https://funnytools.win/tools/jpg-to-png/,image,80,yes,same locale zh-TW; same page_type tool; same cluster image; crawl age delta 29d (0/15); internal links delta 2 (12/12); crawl depth matched; impression bucket 0/0 (8/8); similarity high-risk-marker (0/5); utility family image/image (7/7)
zh-TW,https://funnytools.win/tools/png-to-jpg/,https://funnytools.win/tools/jpg-to-webp/,image,85,yes,same locale zh-TW; same page_type tool; same cluster image; crawl age delta 15d (5/15); internal links delta 0 (12/12); crawl depth matched; impression bucket 0/0 (8/8); similarity high-risk-marker (0/5); utility family image/image (7/7)
zh-TW,https://funnytools.win/tools/png-to-jpg/,https://funnytools.win/tools/qr-code-generator/,image,95,yes,same locale zh-TW; same page_type tool; same cluster image; crawl age delta 2d (15/15); internal links delta 3 (12/12); crawl depth matched; impression bucket 0/0 (8/8); similarity high-risk-marker (0/5); utility family image/image (7/7)
zh-TW,https://funnytools.win/tools/png-to-jpg/,https://funnytools.win/tools/webp-to-jpg/,image,95,yes,same locale zh-TW; same page_type tool; same cluster image; crawl age delta 4d (15/15); internal links delta 3 (12/12); crawl depth matched; impression bucket 0/0 (8/8); similarity high-risk-marker (0/5); utility family image/image (7/7)
zh-TW,https://funnytools.win/tools/pomodoro-timer/,https://funnytools.win/tools/age-calculator/,time,90,yes,same locale zh-TW; same page_type tool; same cluster time; crawl age delta 12d (10/15); internal links delta 3 (12/12); crawl depth matched; impression bucket 0/0 (8/8); similarity low-similarity-0.671 (5/5); utility family time/calculator (2/7)
zh-TW,https://funnytools.win/tools/pomodoro-timer/,https://funnytools.win/tools/break-reminder/,time,100,yes,same locale zh-TW; same page_type tool; same cluster time; crawl age delta 1d (15/15); internal links delta 3 (12/12); crawl depth matched; impression bucket 0/0 (8/8); similarity low-similarity-0.654 (5/5); utility family time/time (7/7)
zh-TW,https://funnytools.win/tools/pomodoro-timer/,https://funnytools.win/tools/business-days/,time,95,yes,same locale zh-TW; same page_type tool; same cluster time; crawl age delta 4d (15/15); internal links delta 1 (12/12); crawl depth matched; impression bucket 0/0 (8/8); similarity high-risk-marker (0/5); utility family time/time (7/7)
zh-TW,https://funnytools.win/tools/pomodoro-timer/,https://funnytools.win/tools/countdown-timer/,time,96,yes,same locale zh-TW; same page_type tool; same cluster time; crawl age delta 3d (15/15); internal links delta 2 (12/12); crawl depth matched; impression bucket 0/1-10 (4/8); similarity low-similarity-0.654 (5/5); utility family time/time (7/7)
zh-TW,https://funnytools.win/tools/pomodoro-timer/,https://funnytools.win/tools/date-difference/,time,95,yes,same locale zh-TW; same page_type tool; same cluster time; crawl age delta 3d (15/15); internal links delta 0 (12/12); crawl depth matched; impression bucket 0/0 (8/8); similarity high-risk-marker (0/5); utility family time/time (7/7)
zh-TW,https://funnytools.win/tools/pomodoro-timer/,https://funnytools.win/tools/timestamp-converter/,time,95,yes,same locale zh-TW; same page_type tool; same cluster time; crawl age delta 10d (10/15); internal links delta 2 (12/12); crawl depth matched; impression bucket 0/0 (8/8); similarity low-similarity-0.654 (5/5); utility family time/time (7/7)
zh-TW,https://funnytools.win/tools/qr-code-generator/,https://funnytools.win/tools/image-resizer/,image,95,yes,same locale zh-TW; same page_type tool; same cluster image; crawl age delta 8d (10/15); internal links delta 1 (12/12); crawl depth matched; impression bucket 0/0 (8/8); similarity low-similarity-0.676 (5/5); utility family image/image (7/7)
zh-TW,https://funnytools.win/tools/qr-code-generator/,https://funnytools.win/tools/image-rotate-flip/,image,96,yes,same locale zh-TW; same page_type tool; same cluster image; crawl age delta 1d (15/15); internal links delta 6 (8/12); crawl depth matched; impression bucket 0/0 (8/8); similarity low-similarity-0.543 (5/5); utility family image/image (7/7)
zh-TW,https://funnytools.win/tools/qr-code-generator/,https://funnytools.win/tools/jpg-to-png/,image,80,yes,same locale zh-TW; same page_type tool; same cluster image; crawl age delta 27d (0/15); internal links delta 5 (12/12); crawl depth matched; impression bucket 0/0 (8/8); similarity high-risk-marker (0/5); utility family image/image (7/7)
zh-TW,https://funnytools.win/tools/qr-code-generator/,https://funnytools.win/tools/jpg-to-webp/,image,90,yes,same locale zh-TW; same page_type tool; same cluster image; crawl age delta 13d (10/15); internal links delta 3 (12/12); crawl depth matched; impression bucket 0/0 (8/8); similarity high-risk-marker (0/5); utility family image/image (7/7)
zh-TW,https://funnytools.win/tools/qr-code-generator/,https://funnytools.win/tools/png-to-jpg/,image,95,yes,same locale zh-TW; same page_type tool; same cluster image; crawl age delta 2d (15/15); internal links delta 3 (12/12); crawl depth matched; impression bucket 0/0 (8/8); similarity high-risk-marker (0/5); utility family image/image (7/7)
zh-TW,https://funnytools.win/tools/qr-code-generator/,https://funnytools.win/tools/webp-to-jpg/,image,91,yes,same locale zh-TW; same page_type tool; same cluster image; crawl age delta 6d (15/15); internal links delta 6 (8/12); crawl depth matched; impression bucket 0/0 (8/8); similarity high-risk-marker (0/5); utility family image/image (7/7)
zh-TW,https://funnytools.win/tools/random-name-picker/,https://funnytools.win/tools/color-generator/,random,100,yes,same locale zh-TW; same page_type tool; same cluster random; crawl age delta 3d (15/15); internal links delta 5 (12/12); crawl depth matched; impression bucket 0/0 (8/8); similarity low-similarity-0.780 (5/5); utility family random/random (7/7)
zh-TW,https://funnytools.win/tools/random-name-picker/,https://funnytools.win/tools/dice-roller/,random,95,yes,same locale zh-TW; same page_type tool; same cluster random; crawl age delta 8d (10/15); internal links delta 2 (12/12); crawl depth matched; impression bucket 0/0 (8/8); similarity low-similarity-0.780 (5/5); utility family random/random (7/7)
zh-TW,https://funnytools.win/tools/random-name-picker/,https://funnytools.win/tools/random-number-picker/,random,100,yes,same locale zh-TW; same page_type tool; same cluster random; crawl age delta 0d (15/15); internal links delta 2 (12/12); crawl depth matched; impression bucket 0/0 (8/8); similarity low-similarity-0.780 (5/5); utility family random/random (7/7)
zh-TW,https://funnytools.win/tools/random-name-picker/,https://funnytools.win/tools/random-wheel/,random,100,yes,same locale zh-TW; same page_type tool; same cluster random; crawl age delta 3d (15/15); internal links delta 1 (12/12); crawl depth matched; impression bucket 0/0 (8/8); similarity low-similarity-0.780 (5/5); utility family random/random (7/7)
zh-TW,https://funnytools.win/tools/random-name-picker/,https://funnytools.win/tools/this-or-that/,random,100,yes,same locale zh-TW; same page_type tool; same cluster random; crawl age delta 2d (15/15); internal links delta 5 (12/12); crawl depth matched; impression bucket 0/0 (8/8); similarity low-similarity-0.780 (5/5); utility family random/random (7/7)
zh-TW,https://funnytools.win/tools/random-name-picker/,https://funnytools.win/tools/uuid-generator/,random,100,yes,same locale zh-TW; same page_type tool; same cluster random; crawl age delta 6d (15/15); internal links delta 3 (12/12); crawl depth matched; impression bucket 0/0 (8/8); similarity low-similarity-0.780 (5/5); utility family random/random (7/7)
zh-TW,https://funnytools.win/tools/random-name-picker/,https://funnytools.win/tools/what-to-eat/,random,85,yes,same locale zh-TW; same page_type tool; same cluster random; crawl age delta 23d (0/15); internal links delta 5 (12/12); crawl depth matched; impression bucket 0/0 (8/8); similarity low-similarity-0.780 (5/5); utility family random/random (7/7)
zh-TW,https://funnytools.win/tools/random-number-picker/,https://funnytools.win/tools/color-generator/,random,100,yes,same locale zh-TW; same page_type tool; same cluster random; crawl age delta 3d (15/15); internal links delta 3 (12/12); crawl depth matched; impression bucket 0/0 (8/8); similarity low-similarity-0.695 (5/5); utility family random/random (7/7)
zh-TW,https://funnytools.win/tools/random-number-picker/,https://funnytools.win/tools/dice-roller/,random,95,yes,same locale zh-TW; same page_type tool; same cluster random; crawl age delta 8d (10/15); internal links delta 0 (12/12); crawl depth matched; impression bucket 0/0 (8/8); similarity low-similarity-0.695 (5/5); utility family random/random (7/7)
zh-TW,https://funnytools.win/tools/random-number-picker/,https://funnytools.win/tools/random-name-picker/,random,100,yes,same locale zh-TW; same page_type tool; same cluster random; crawl age delta 0d (15/15); internal links delta 2 (12/12); crawl depth matched; impression bucket 0/0 (8/8); similarity low-similarity-0.780 (5/5); utility family random/random (7/7)
zh-TW,https://funnytools.win/tools/random-number-picker/,https://funnytools.win/tools/random-wheel/,random,100,yes,same locale zh-TW; same page_type tool; same cluster random; crawl age delta 3d (15/15); internal links delta 1 (12/12); crawl depth matched; impression bucket 0/0 (8/8); similarity low-similarity-0.695 (5/5); utility family random/random (7/7)
zh-TW,https://funnytools.win/tools/random-number-picker/,https://funnytools.win/tools/this-or-that/,random,100,yes,same locale zh-TW; same page_type tool; same cluster random; crawl age delta 2d (15/15); internal links delta 3 (12/12); crawl depth matched; impression bucket 0/0 (8/8); similarity low-similarity-0.695 (5/5); utility family random/random (7/7)
zh-TW,https://funnytools.win/tools/random-number-picker/,https://funnytools.win/tools/uuid-generator/,random,100,yes,same locale zh-TW; same page_type tool; same cluster random; crawl age delta 6d (15/15); internal links delta 1 (12/12); crawl depth matched; impression bucket 0/0 (8/8); similarity low-similarity-0.695 (5/5); utility family random/random (7/7)
zh-TW,https://funnytools.win/tools/random-number-picker/,https://funnytools.win/tools/what-to-eat/,random,85,yes,same locale zh-TW; same page_type tool; same cluster random; crawl age delta 23d (0/15); internal links delta 3 (12/12); crawl depth matched; impression bucket 0/0 (8/8); similarity low-similarity-0.695 (5/5); utility family random/random (7/7)
zh-TW,https://funnytools.win/tools/random-student-picker/,https://funnytools.win/tools/gpa-calculator/,study,95,yes,same locale zh-TW; same page_type tool; same cluster study; crawl age delta 0d (15/15); internal links delta 1 (12/12); crawl depth matched; impression bucket 0/0 (8/8); similarity low-similarity-0.780 (5/5); utility family random/calculator (2/7)
zh-TW,https://funnytools.win/tools/random-student-picker/,https://funnytools.win/tools/group-generator/,study,100,yes,same locale zh-TW; same page_type tool; same cluster study; crawl age delta 2d (15/15); internal links delta 0 (12/12); crawl depth matched; impression bucket 0/0 (8/8); similarity low-similarity-0.780 (5/5); utility family random/random (7/7)
zh-TW,https://funnytools.win/tools/random-student-picker/,https://funnytools.win/tools/seating-chart/,study,91,yes,same locale zh-TW; same page_type tool; same cluster study; crawl age delta 5d (15/15); internal links delta 0 (12/12); crawl depth matched; impression bucket 0/1-10 (4/8); similarity low-similarity-0.780 (5/5); utility family random/draw (2/7)
zh-TW,https://funnytools.win/tools/random-wheel/,https://funnytools.win/tools/color-generator/,random,100,yes,same locale zh-TW; same page_type tool; same cluster random; crawl age delta 0d (15/15); internal links delta 4 (12/12); crawl depth matched; impression bucket 0/0 (8/8); similarity low-similarity-0.658 (5/5); utility family random/random (7/7)
zh-TW,https://funnytools.win/tools/random-wheel/,https://funnytools.win/tools/dice-roller/,random,100,yes,same locale zh-TW; same page_type tool; same cluster random; crawl age delta 5d (15/15); internal links delta 1 (12/12); crawl depth matched; impression bucket 0/0 (8/8); similarity low-similarity-0.658 (5/5); utility family random/random (7/7)
zh-TW,https://funnytools.win/tools/random-wheel/,https://funnytools.win/tools/random-name-picker/,random,100,yes,same locale zh-TW; same page_type tool; same cluster random; crawl age delta 3d (15/15); internal links delta 1 (12/12); crawl depth matched; impression bucket 0/0 (8/8); similarity low-similarity-0.780 (5/5); utility family random/random (7/7)
zh-TW,https://funnytools.win/tools/random-wheel/,https://funnytools.win/tools/random-number-picker/,random,100,yes,same locale zh-TW; same page_type tool; same cluster random; crawl age delta 3d (15/15); internal links delta 1 (12/12); crawl depth matched; impression bucket 0/0 (8/8); similarity low-similarity-0.695 (5/5); utility family random/random (7/7)
zh-TW,https://funnytools.win/tools/random-wheel/,https://funnytools.win/tools/this-or-that/,random,100,yes,same locale zh-TW; same page_type tool; same cluster random; crawl age delta 5d (15/15); internal links delta 4 (12/12); crawl depth matched; impression bucket 0/0 (8/8); similarity low-similarity-0.658 (5/5); utility family random/random (7/7)
zh-TW,https://funnytools.win/tools/random-wheel/,https://funnytools.win/tools/uuid-generator/,random,100,yes,same locale zh-TW; same page_type tool; same cluster random; crawl age delta 3d (15/15); internal links delta 2 (12/12); crawl depth matched; impression bucket 0/0 (8/8); similarity low-similarity-0.658 (5/5); utility family random/random (7/7)
zh-TW,https://funnytools.win/tools/random-wheel/,https://funnytools.win/tools/what-to-eat/,random,85,yes,same locale zh-TW; same page_type tool; same cluster random; crawl age delta 26d (0/15); internal links delta 4 (12/12); crawl depth matched; impression bucket 0/0 (8/8); similarity low-similarity-0.658 (5/5); utility family random/random (7/7)
zh-TW,https://funnytools.win/tools/remove-duplicate-lines/,https://funnytools.win/tools/base64/,text,91,yes,same locale zh-TW; same page_type tool; same cluster text; crawl age delta 8d (10/15); internal links delta 1 (12/12); crawl depth matched; impression bucket 0/1-10 (4/8); similarity low-similarity-0.695 (5/5); utility family text/text (7/7)
zh-TW,https://funnytools.win/tools/remove-duplicate-lines/,https://funnytools.win/tools/case-converter/,text,100,yes,same locale zh-TW; same page_type tool; same cluster text; crawl age delta 7d (15/15); internal links delta 5 (12/12); crawl depth matched; impression bucket 0/0 (8/8); similarity low-similarity-0.695 (5/5); utility family text/text (7/7)
zh-TW,https://funnytools.win/tools/remove-duplicate-lines/,https://funnytools.win/tools/csv-to-json/,text,95,yes,same locale zh-TW; same page_type tool; same cluster text; crawl age delta 5d (15/15); internal links delta 3 (12/12); crawl depth matched; impression bucket 0/0 (8/8); similarity high-risk-marker (0/5); utility family text/text (7/7)
zh-TW,https://funnytools.win/tools/remove-duplicate-lines/,https://funnytools.win/tools/json-formatter/,text,100,yes,same locale zh-TW; same page_type tool; same cluster text; crawl age delta 1d (15/15); internal links delta 3 (12/12); crawl depth matched; impression bucket 0/0 (8/8); similarity low-similarity-0.700 (5/5); utility family text/text (7/7)
zh-TW,https://funnytools.win/tools/remove-duplicate-lines/,https://funnytools.win/tools/json-to-csv/,text,90,yes,same locale zh-TW; same page_type tool; same cluster text; crawl age delta 8d (10/15); internal links delta 2 (12/12); crawl depth matched; impression bucket 0/0 (8/8); similarity high-risk-marker (0/5); utility family text/text (7/7)
zh-TW,https://funnytools.win/tools/remove-duplicate-lines/,https://funnytools.win/tools/markdown-previewer/,text,100,yes,same locale zh-TW; same page_type tool; same cluster text; crawl age delta 5d (15/15); internal links delta 0 (12/12); crawl depth matched; impression bucket 0/0 (8/8); similarity low-similarity-0.695 (5/5); utility family text/text (7/7)
zh-TW,https://funnytools.win/tools/remove-duplicate-lines/,https://funnytools.win/tools/remove-empty-lines/,text,100,yes,same locale zh-TW; same page_type tool; same cluster text; crawl age delta 7d (15/15); internal links delta 3 (12/12); crawl depth matched; impression bucket 0/0 (8/8); similarity low-similarity-0.695 (5/5); utility family text/text (7/7)
zh-TW,https://funnytools.win/tools/remove-duplicate-lines/,https://funnytools.win/tools/sort-lines/,text,100,yes,same locale zh-TW; same page_type tool; same cluster text; crawl age delta 1d (15/15); internal links delta 4 (12/12); crawl depth matched; impression bucket 0/0 (8/8); similarity low-similarity-0.695 (5/5); utility family text/text (7/7)
zh-TW,https://funnytools.win/tools/remove-duplicate-lines/,https://funnytools.win/tools/url-encoder/,text,95,yes,same locale zh-TW; same page_type tool; same cluster text; crawl age delta 8d (10/15); internal links delta 3 (12/12); crawl depth matched; impression bucket 0/0 (8/8); similarity low-similarity-0.695 (5/5); utility family text/text (7/7)
zh-TW,https://funnytools.win/tools/remove-empty-lines/,https://funnytools.win/tools/base64/,text,96,yes,same locale zh-TW; same page_type tool; same cluster text; crawl age delta 1d (15/15); internal links delta 2 (12/12); crawl depth matched; impression bucket 0/1-10 (4/8); similarity low-similarity-0.695 (5/5); utility family text/text (7/7)
zh-TW,https://funnytools.win/tools/remove-empty-lines/,https://funnytools.win/tools/case-converter/,text,100,yes,same locale zh-TW; same page_type tool; same cluster text; crawl age delta 0d (15/15); internal links delta 2 (12/12); crawl depth matched; impression bucket 0/0 (8/8); similarity low-similarity-0.695 (5/5); utility family text/text (7/7)
zh-TW,https://funnytools.win/tools/remove-empty-lines/,https://funnytools.win/tools/csv-to-json/,text,95,yes,same locale zh-TW; same page_type tool; same cluster text; crawl age delta 2d (15/15); internal links delta 0 (12/12); crawl depth matched; impression bucket 0/0 (8/8); similarity high-risk-marker (0/5); utility family text/text (7/7)
zh-TW,https://funnytools.win/tools/remove-empty-lines/,https://funnytools.win/tools/json-formatter/,text,95,yes,same locale zh-TW; same page_type tool; same cluster text; crawl age delta 8d (10/15); internal links delta 0 (12/12); crawl depth matched; impression bucket 0/0 (8/8); similarity low-similarity-0.700 (5/5); utility family text/text (7/7)
zh-TW,https://funnytools.win/tools/remove-empty-lines/,https://funnytools.win/tools/json-to-csv/,text,95,yes,same locale zh-TW; same page_type tool; same cluster text; crawl age delta 1d (15/15); internal links delta 1 (12/12); crawl depth matched; impression bucket 0/0 (8/8); similarity high-risk-marker (0/5); utility family text/text (7/7)
zh-TW,https://funnytools.win/tools/remove-empty-lines/,https://funnytools.win/tools/markdown-previewer/,text,100,yes,same locale zh-TW; same page_type tool; same cluster text; crawl age delta 2d (15/15); internal links delta 3 (12/12); crawl depth matched; impression bucket 0/0 (8/8); similarity low-similarity-0.695 (5/5); utility family text/text (7/7)
zh-TW,https://funnytools.win/tools/remove-empty-lines/,https://funnytools.win/tools/remove-duplicate-lines/,text,100,yes,same locale zh-TW; same page_type tool; same cluster text; crawl age delta 7d (15/15); internal links delta 3 (12/12); crawl depth matched; impression bucket 0/0 (8/8); similarity low-similarity-0.695 (5/5); utility family text/text (7/7)
zh-TW,https://funnytools.win/tools/remove-empty-lines/,https://funnytools.win/tools/sort-lines/,text,95,yes,same locale zh-TW; same page_type tool; same cluster text; crawl age delta 8d (10/15); internal links delta 1 (12/12); crawl depth matched; impression bucket 0/0 (8/8); similarity low-similarity-0.695 (5/5); utility family text/text (7/7)
zh-TW,https://funnytools.win/tools/remove-empty-lines/,https://funnytools.win/tools/url-encoder/,text,100,yes,same locale zh-TW; same page_type tool; same cluster text; crawl age delta 1d (15/15); internal links delta 0 (12/12); crawl depth matched; impression bucket 0/0 (8/8); similarity low-similarity-0.695 (5/5); utility family text/text (7/7)
zh-TW,https://funnytools.win/tools/savings-goal/,https://funnytools.win/tools/compound-interest/,money,95,yes,same locale zh-TW; same page_type tool; same cluster money; crawl age delta 8d (10/15); internal links delta 0 (12/12); crawl depth matched; impression bucket 0/0 (8/8); similarity low-similarity-0.765 (5/5); utility family calculator/calculator (7/7)
zh-TW,https://funnytools.win/tools/savings-goal/,https://funnytools.win/tools/inflation/,money,95,yes,same locale zh-TW; same page_type tool; same cluster money; crawl age delta 14d (10/15); internal links delta 0 (12/12); crawl depth matched; impression bucket 0/0 (8/8); similarity low-similarity-0.765 (5/5); utility family calculator/calculator (7/7)
zh-TW,https://funnytools.win/tools/savings-goal/,https://funnytools.win/tools/mortgage-payment/,money,100,yes,same locale zh-TW; same page_type tool; same cluster money; crawl age delta 5d (15/15); internal links delta 0 (12/12); crawl depth matched; impression bucket 0/0 (8/8); similarity low-similarity-0.765 (5/5); utility family calculator/calculator (7/7)
zh-TW,https://funnytools.win/tools/savings-goal/,https://funnytools.win/tools/overtime-pay/,money,95,yes,same locale zh-TW; same page_type tool; same cluster money; crawl age delta 8d (10/15); internal links delta 0 (12/12); crawl depth matched; impression bucket 0/0 (8/8); similarity low-similarity-0.765 (5/5); utility family calculator/calculator (7/7)
zh-TW,https://funnytools.win/tools/seating-chart/,https://funnytools.win/tools/gpa-calculator/,study,91,yes,same locale zh-TW; same page_type tool; same cluster study; crawl age delta 5d (15/15); internal links delta 1 (12/12); crawl depth matched; impression bucket 1-10/0 (4/8); similarity similarity-not-recorded (5/5); utility family draw/calculator (2/7)
zh-TW,https://funnytools.win/tools/seating-chart/,https://funnytools.win/tools/group-generator/,study,91,yes,same locale zh-TW; same page_type tool; same cluster study; crawl age delta 3d (15/15); internal links delta 0 (12/12); crawl depth matched; impression bucket 1-10/0 (4/8); similarity low-similarity-0.778 (5/5); utility family draw/random (2/7)
zh-TW,https://funnytools.win/tools/seating-chart/,https://funnytools.win/tools/random-student-picker/,study,91,yes,same locale zh-TW; same page_type tool; same cluster study; crawl age delta 5d (15/15); internal links delta 0 (12/12); crawl depth matched; impression bucket 1-10/0 (4/8); similarity low-similarity-0.780 (5/5); utility family draw/random (2/7)
zh-TW,https://funnytools.win/tools/sketchpad/,https://funnytools.win/tools/bar-chart-maker/,draw,96,yes,same locale zh-TW; same page_type tool; same cluster draw; crawl age delta 6d (15/15); internal links delta 2 (12/12); crawl depth matched; impression bucket 0/1-10 (4/8); similarity low-similarity-0.686 (5/5); utility family draw/draw (7/7)
zh-TW,https://funnytools.win/tools/sketchpad/,https://funnytools.win/tools/cad-2d/,draw,95,yes,same locale zh-TW; same page_type tool; same cluster draw; crawl age delta 10d (10/15); internal links delta 1 (12/12); crawl depth matched; impression bucket 0/0 (8/8); similarity similarity-not-recorded (5/5); utility family draw/draw (7/7)
zh-TW,https://funnytools.win/tools/sketchpad/,https://funnytools.win/tools/flowchart/,draw,100,yes,same locale zh-TW; same page_type tool; same cluster draw; crawl age delta 3d (15/15); internal links delta 2 (12/12); crawl depth matched; impression bucket 0/0 (8/8); similarity similarity-not-recorded (5/5); utility family draw/draw (7/7)
zh-TW,https://funnytools.win/tools/sketchpad/,https://funnytools.win/tools/pie-chart-maker/,draw,100,yes,same locale zh-TW; same page_type tool; same cluster draw; crawl age delta 0d (15/15); internal links delta 2 (12/12); crawl depth matched; impression bucket 0/0 (8/8); similarity low-similarity-0.686 (5/5); utility family draw/draw (7/7)
zh-TW,https://funnytools.win/tools/sort-lines/,https://funnytools.win/tools/base64/,text,91,yes,same locale zh-TW; same page_type tool; same cluster text; crawl age delta 9d (10/15); internal links delta 3 (12/12); crawl depth matched; impression bucket 0/1-10 (4/8); similarity low-similarity-0.654 (5/5); utility family text/text (7/7)
zh-TW,https://funnytools.win/tools/sort-lines/,https://funnytools.win/tools/case-converter/,text,95,yes,same locale zh-TW; same page_type tool; same cluster text; crawl age delta 8d (10/15); internal links delta 1 (12/12); crawl depth matched; impression bucket 0/0 (8/8); similarity low-similarity-0.654 (5/5); utility family text/text (7/7)
zh-TW,https://funnytools.win/tools/sort-lines/,https://funnytools.win/tools/csv-to-json/,text,95,yes,same locale zh-TW; same page_type tool; same cluster text; crawl age delta 6d (15/15); internal links delta 1 (12/12); crawl depth matched; impression bucket 0/0 (8/8); similarity high-risk-marker (0/5); utility family text/text (7/7)
zh-TW,https://funnytools.win/tools/sort-lines/,https://funnytools.win/tools/json-formatter/,text,100,yes,same locale zh-TW; same page_type tool; same cluster text; crawl age delta 0d (15/15); internal links delta 1 (12/12); crawl depth matched; impression bucket 0/0 (8/8); similarity low-similarity-0.700 (5/5); utility family text/text (7/7)
zh-TW,https://funnytools.win/tools/sort-lines/,https://funnytools.win/tools/json-to-csv/,text,90,yes,same locale zh-TW; same page_type tool; same cluster text; crawl age delta 9d (10/15); internal links delta 2 (12/12); crawl depth matched; impression bucket 0/0 (8/8); similarity high-risk-marker (0/5); utility family text/text (7/7)
zh-TW,https://funnytools.win/tools/sort-lines/,https://funnytools.win/tools/markdown-previewer/,text,100,yes,same locale zh-TW; same page_type tool; same cluster text; crawl age delta 6d (15/15); internal links delta 4 (12/12); crawl depth matched; impression bucket 0/0 (8/8); similarity low-similarity-0.654 (5/5); utility family text/text (7/7)
zh-TW,https://funnytools.win/tools/sort-lines/,https://funnytools.win/tools/remove-duplicate-lines/,text,100,yes,same locale zh-TW; same page_type tool; same cluster text; crawl age delta 1d (15/15); internal links delta 4 (12/12); crawl depth matched; impression bucket 0/0 (8/8); similarity low-similarity-0.695 (5/5); utility family text/text (7/7)
zh-TW,https://funnytools.win/tools/sort-lines/,https://funnytools.win/tools/remove-empty-lines/,text,95,yes,same locale zh-TW; same page_type tool; same cluster text; crawl age delta 8d (10/15); internal links delta 1 (12/12); crawl depth matched; impression bucket 0/0 (8/8); similarity low-similarity-0.695 (5/5); utility family text/text (7/7)
zh-TW,https://funnytools.win/tools/sort-lines/,https://funnytools.win/tools/url-encoder/,text,95,yes,same locale zh-TW; same page_type tool; same cluster text; crawl age delta 9d (10/15); internal links delta 1 (12/12); crawl depth matched; impression bucket 0/0 (8/8); similarity low-similarity-0.654 (5/5); utility family text/text (7/7)
zh-TW,https://funnytools.win/tools/split-pdf/,https://funnytools.win/tools/delete-pdf-pages/,pdf,95,yes,same locale zh-TW; same page_type tool; same cluster pdf; crawl age delta 1d (15/15); internal links delta 4 (12/12); crawl depth matched; impression bucket 0/0 (8/8); similarity high-risk-marker (0/5); utility family pdf/pdf (7/7)
zh-TW,https://funnytools.win/tools/split-pdf/,https://funnytools.win/tools/extract-pdf-pages/,pdf,95,yes,same locale zh-TW; same page_type tool; same cluster pdf; crawl age delta 1d (15/15); internal links delta 2 (12/12); crawl depth matched; impression bucket 0/0 (8/8); similarity high-risk-marker (0/5); utility family pdf/pdf (7/7)
zh-TW,https://funnytools.win/tools/split-pdf/,https://funnytools.win/tools/images-to-pdf/,pdf,95,yes,same locale zh-TW; same page_type tool; same cluster pdf; crawl age delta 9d (10/15); internal links delta 2 (12/12); crawl depth matched; impression bucket 0/0 (8/8); similarity low-similarity-0.744 (5/5); utility family pdf/pdf (7/7)
zh-TW,https://funnytools.win/tools/split-pdf/,https://funnytools.win/tools/merge-pdf/,pdf,100,yes,same locale zh-TW; same page_type tool; same cluster pdf; crawl age delta 7d (15/15); internal links delta 0 (12/12); crawl depth matched; impression bucket 0/0 (8/8); similarity low-similarity-0.782 (5/5); utility family pdf/pdf (7/7)
zh-TW,https://funnytools.win/tools/split-pdf/,https://funnytools.win/tools/pdf-compressor/,pdf,95,yes,same locale zh-TW; same page_type tool; same cluster pdf; crawl age delta 11d (10/15); internal links delta 1 (12/12); crawl depth matched; impression bucket 0/0 (8/8); similarity low-similarity-0.744 (5/5); utility family pdf/pdf (7/7)
zh-TW,https://funnytools.win/tools/split-pdf/,https://funnytools.win/tools/pdf-page-reorder/,pdf,95,yes,same locale zh-TW; same page_type tool; same cluster pdf; crawl age delta 12d (10/15); internal links delta 2 (12/12); crawl depth matched; impression bucket 0/0 (8/8); similarity low-similarity-0.746 (5/5); utility family pdf/pdf (7/7)
zh-TW,https://funnytools.win/tools/spss-result-interpreter/,https://funnytools.win/tools/apa-7-report-generator/,statistics,95,yes,same locale zh-TW; same page_type tool; same cluster statistics; crawl age delta 14d (10/15); internal links delta 0 (12/12); crawl depth matched; impression bucket 0/0 (8/8); similarity low-similarity-0.609 (5/5); utility family calculator/calculator (7/7)
zh-TW,https://funnytools.win/tools/spss-result-interpreter/,https://funnytools.win/tools/class-rank-percentile-calculator/,statistics,100,yes,same locale zh-TW; same page_type tool; same cluster statistics; crawl age delta 0d (15/15); internal links delta 3 (12/12); crawl depth matched; impression bucket 0/0 (8/8); similarity low-similarity-0.669 (5/5); utility family calculator/calculator (7/7)
zh-TW,https://funnytools.win/tools/spss-result-interpreter/,https://funnytools.win/tools/cronbach-alpha-calculator/,statistics,96,yes,same locale zh-TW; same page_type tool; same cluster statistics; crawl age delta 0d (15/15); internal links delta 4 (12/12); crawl depth matched; impression bucket 0/1-10 (4/8); similarity low-similarity-0.677 (5/5); utility family calculator/calculator (7/7)
zh-TW,https://funnytools.win/tools/spss-result-interpreter/,https://funnytools.win/tools/grade-average/,statistics,85,yes,same locale zh-TW; same page_type tool; same cluster statistics; crawl age delta 17d (5/15); internal links delta 2 (12/12); crawl depth matched; impression bucket 0/0 (8/8); similarity high-risk-marker (0/5); utility family calculator/calculator (7/7)
zh-TW,https://funnytools.win/tools/spss-result-interpreter/,https://funnytools.win/tools/independent-samples-t-test-calculator/,statistics,100,yes,same locale zh-TW; same page_type tool; same cluster statistics; crawl age delta 2d (15/15); internal links delta 0 (12/12); crawl depth matched; impression bucket 0/0 (8/8); similarity low-similarity-0.658 (5/5); utility family calculator/calculator (7/7)
zh-TW,https://funnytools.win/tools/spss-result-interpreter/,https://funnytools.win/tools/normalized-score-converter/,statistics,100,yes,same locale zh-TW; same page_type tool; same cluster statistics; crawl age delta 3d (15/15); internal links delta 5 (12/12); crawl depth matched; impression bucket 0/0 (8/8); similarity low-similarity-0.774 (5/5); utility family calculator/calculator (7/7)
zh-TW,https://funnytools.win/tools/spss-result-interpreter/,https://funnytools.win/tools/percentage-calculator/,statistics,95,yes,same locale zh-TW; same page_type tool; same cluster statistics; crawl age delta 13d (10/15); internal links delta 1 (12/12); crawl depth matched; impression bucket 0/0 (8/8); similarity low-similarity-0.697 (5/5); utility family calculator/calculator (7/7)
zh-TW,https://funnytools.win/tools/spss-result-interpreter/,https://funnytools.win/tools/percentile-rank-calculator/,statistics,100,yes,same locale zh-TW; same page_type tool; same cluster statistics; crawl age delta 7d (15/15); internal links delta 2 (12/12); crawl depth matched; impression bucket 0/0 (8/8); similarity low-similarity-0.669 (5/5); utility family calculator/calculator (7/7)
zh-TW,https://funnytools.win/tools/spss-result-interpreter/,https://funnytools.win/tools/standard-deviation/,statistics,95,yes,same locale zh-TW; same page_type tool; same cluster statistics; crawl age delta 2d (15/15); internal links delta 1 (12/12); crawl depth matched; impression bucket 0/0 (8/8); similarity high-risk-marker (0/5); utility family calculator/calculator (7/7)
zh-TW,https://funnytools.win/tools/spss-result-interpreter/,https://funnytools.win/tools/t-score-calculator/,statistics,95,yes,same locale zh-TW; same page_type tool; same cluster statistics; crawl age delta 2d (15/15); internal links delta 4 (12/12); crawl depth matched; impression bucket 0/0 (8/8); similarity high-risk-marker (0/5); utility family calculator/calculator (7/7)
zh-TW,https://funnytools.win/tools/spss-result-interpreter/,https://funnytools.win/tools/teacher-exam-score-converter/,statistics,95,yes,same locale zh-TW; same page_type tool; same cluster statistics; crawl age delta 4d (15/15); internal links delta 0 (12/12); crawl depth matched; impression bucket 0/0 (8/8); similarity high-risk-marker (0/5); utility family calculator/calculator (7/7)
zh-TW,https://funnytools.win/tools/spss-result-interpreter/,https://funnytools.win/tools/weighted-average-calculator/,statistics,95,yes,same locale zh-TW; same page_type tool; same cluster statistics; crawl age delta 3d (15/15); internal links delta 2 (12/12); crawl depth matched; impression bucket 0/0 (8/8); similarity high-risk-marker (0/5); utility family calculator/calculator (7/7)
zh-TW,https://funnytools.win/tools/spss-result-interpreter/,https://funnytools.win/tools/z-score-calculator/,statistics,80,yes,same locale zh-TW; same page_type tool; same cluster statistics; crawl age delta 44d (0/15); internal links delta 0 (12/12); crawl depth matched; impression bucket 0/0 (8/8); similarity high-risk-marker (0/5); utility family calculator/calculator (7/7)
zh-TW,https://funnytools.win/tools/standard-deviation/,https://funnytools.win/tools/apa-7-report-generator/,statistics,85,yes,same locale zh-TW; same page_type tool; same cluster statistics; crawl age delta 16d (5/15); internal links delta 1 (12/12); crawl depth matched; impression bucket 0/0 (8/8); similarity high-risk-marker (0/5); utility family calculator/calculator (7/7)
zh-TW,https://funnytools.win/tools/standard-deviation/,https://funnytools.win/tools/class-rank-percentile-calculator/,statistics,95,yes,same locale zh-TW; same page_type tool; same cluster statistics; crawl age delta 2d (15/15); internal links delta 4 (12/12); crawl depth matched; impression bucket 0/0 (8/8); similarity high-risk-marker (0/5); utility family calculator/calculator (7/7)
zh-TW,https://funnytools.win/tools/standard-deviation/,https://funnytools.win/tools/cronbach-alpha-calculator/,statistics,91,yes,same locale zh-TW; same page_type tool; same cluster statistics; crawl age delta 2d (15/15); internal links delta 5 (12/12); crawl depth matched; impression bucket 0/1-10 (4/8); similarity high-risk-marker (0/5); utility family calculator/calculator (7/7)
zh-TW,https://funnytools.win/tools/standard-deviation/,https://funnytools.win/tools/grade-average/,statistics,85,yes,same locale zh-TW; same page_type tool; same cluster statistics; crawl age delta 15d (5/15); internal links delta 1 (12/12); crawl depth matched; impression bucket 0/0 (8/8); similarity high-risk-marker (0/5); utility family calculator/calculator (7/7)
zh-TW,https://funnytools.win/tools/standard-deviation/,https://funnytools.win/tools/independent-samples-t-test-calculator/,statistics,95,yes,same locale zh-TW; same page_type tool; same cluster statistics; crawl age delta 0d (15/15); internal links delta 1 (12/12); crawl depth matched; impression bucket 0/0 (8/8); similarity high-risk-marker (0/5); utility family calculator/calculator (7/7)
zh-TW,https://funnytools.win/tools/standard-deviation/,https://funnytools.win/tools/normalized-score-converter/,statistics,91,yes,same locale zh-TW; same page_type tool; same cluster statistics; crawl age delta 5d (15/15); internal links delta 6 (8/12); crawl depth matched; impression bucket 0/0 (8/8); similarity high-risk-marker (0/5); utility family calculator/calculator (7/7)
zh-TW,https://funnytools.win/tools/standard-deviation/,https://funnytools.win/tools/percentage-calculator/,statistics,85,yes,same locale zh-TW; same page_type tool; same cluster statistics; crawl age delta 15d (5/15); internal links delta 0 (12/12); crawl depth matched; impression bucket 0/0 (8/8); similarity high-risk-marker (0/5); utility family calculator/calculator (7/7)
zh-TW,https://funnytools.win/tools/standard-deviation/,https://funnytools.win/tools/percentile-rank-calculator/,statistics,90,yes,same locale zh-TW; same page_type tool; same cluster statistics; crawl age delta 9d (10/15); internal links delta 3 (12/12); crawl depth matched; impression bucket 0/0 (8/8); similarity high-risk-marker (0/5); utility family calculator/calculator (7/7)
zh-TW,https://funnytools.win/tools/standard-deviation/,https://funnytools.win/tools/spss-result-interpreter/,statistics,95,yes,same locale zh-TW; same page_type tool; same cluster statistics; crawl age delta 2d (15/15); internal links delta 1 (12/12); crawl depth matched; impression bucket 0/0 (8/8); similarity high-risk-marker (0/5); utility family calculator/calculator (7/7)
zh-TW,https://funnytools.win/tools/standard-deviation/,https://funnytools.win/tools/t-score-calculator/,statistics,95,yes,same locale zh-TW; same page_type tool; same cluster statistics; crawl age delta 4d (15/15); internal links delta 3 (12/12); crawl depth matched; impression bucket 0/0 (8/8); similarity high-risk-marker (0/5); utility family calculator/calculator (7/7)
zh-TW,https://funnytools.win/tools/standard-deviation/,https://funnytools.win/tools/teacher-exam-score-converter/,statistics,95,yes,same locale zh-TW; same page_type tool; same cluster statistics; crawl age delta 2d (15/15); internal links delta 1 (12/12); crawl depth matched; impression bucket 0/0 (8/8); similarity high-risk-marker (0/5); utility family calculator/calculator (7/7)
zh-TW,https://funnytools.win/tools/standard-deviation/,https://funnytools.win/tools/weighted-average-calculator/,statistics,95,yes,same locale zh-TW; same page_type tool; same cluster statistics; crawl age delta 1d (15/15); internal links delta 1 (12/12); crawl depth matched; impression bucket 0/0 (8/8); similarity high-risk-marker (0/5); utility family calculator/calculator (7/7)
zh-TW,https://funnytools.win/tools/standard-deviation/,https://funnytools.win/tools/z-score-calculator/,statistics,80,yes,same locale zh-TW; same page_type tool; same cluster statistics; crawl age delta 46d (0/15); internal links delta 1 (12/12); crawl depth matched; impression bucket 0/0 (8/8); similarity high-risk-marker (0/5); utility family calculator/calculator (7/7)
zh-TW,https://funnytools.win/tools/t-score-calculator/,https://funnytools.win/tools/apa-7-report-generator/,statistics,90,yes,same locale zh-TW; same page_type tool; same cluster statistics; crawl age delta 12d (10/15); internal links delta 4 (12/12); crawl depth matched; impression bucket 0/0 (8/8); similarity high-risk-marker (0/5); utility family calculator/calculator (7/7)
zh-TW,https://funnytools.win/tools/t-score-calculator/,https://funnytools.win/tools/class-rank-percentile-calculator/,statistics,91,yes,same locale zh-TW; same page_type tool; same cluster statistics; crawl age delta 2d (15/15); internal links delta 7 (8/12); crawl depth matched; impression bucket 0/0 (8/8); similarity high-risk-marker (0/5); utility family calculator/calculator (7/7)
zh-TW,https://funnytools.win/tools/t-score-calculator/,https://funnytools.win/tools/cronbach-alpha-calculator/,statistics,87,yes,same locale zh-TW; same page_type tool; same cluster statistics; crawl age delta 2d (15/15); internal links delta 8 (8/12); crawl depth matched; impression bucket 0/1-10 (4/8); similarity high-risk-marker (0/5); utility family calculator/calculator (7/7)
zh-TW,https://funnytools.win/tools/t-score-calculator/,https://funnytools.win/tools/grade-average/,statistics,85,yes,same locale zh-TW; same page_type tool; same cluster statistics; crawl age delta 19d (5/15); internal links delta 2 (12/12); crawl depth matched; impression bucket 0/0 (8/8); similarity high-risk-marker (0/5); utility family calculator/calculator (7/7)
zh-TW,https://funnytools.win/tools/t-score-calculator/,https://funnytools.win/tools/independent-samples-t-test-calculator/,statistics,95,yes,same locale zh-TW; same page_type tool; same cluster statistics; crawl age delta 4d (15/15); internal links delta 4 (12/12); crawl depth matched; impression bucket 0/0 (8/8); similarity high-risk-marker (0/5); utility family calculator/calculator (7/7)
zh-TW,https://funnytools.win/tools/t-score-calculator/,https://funnytools.win/tools/normalized-score-converter/,statistics,91,yes,same locale zh-TW; same page_type tool; same cluster statistics; crawl age delta 1d (15/15); internal links delta 9 (8/12); crawl depth matched; impression bucket 0/0 (8/8); similarity high-risk-marker (0/5); utility family calculator/calculator (7/7)
zh-TW,https://funnytools.win/tools/t-score-calculator/,https://funnytools.win/tools/percentage-calculator/,statistics,90,yes,same locale zh-TW; same page_type tool; same cluster statistics; crawl age delta 11d (10/15); internal links delta 3 (12/12); crawl depth matched; impression bucket 0/0 (8/8); similarity high-risk-marker (0/5); utility family calculator/calculator (7/7)
zh-TW,https://funnytools.win/tools/t-score-calculator/,https://funnytools.win/tools/percentile-rank-calculator/,statistics,91,yes,same locale zh-TW; same page_type tool; same cluster statistics; crawl age delta 5d (15/15); internal links delta 6 (8/12); crawl depth matched; impression bucket 0/0 (8/8); similarity high-risk-marker (0/5); utility family calculator/calculator (7/7)
zh-TW,https://funnytools.win/tools/t-score-calculator/,https://funnytools.win/tools/spss-result-interpreter/,statistics,95,yes,same locale zh-TW; same page_type tool; same cluster statistics; crawl age delta 2d (15/15); internal links delta 4 (12/12); crawl depth matched; impression bucket 0/0 (8/8); similarity high-risk-marker (0/5); utility family calculator/calculator (7/7)
zh-TW,https://funnytools.win/tools/t-score-calculator/,https://funnytools.win/tools/standard-deviation/,statistics,95,yes,same locale zh-TW; same page_type tool; same cluster statistics; crawl age delta 4d (15/15); internal links delta 3 (12/12); crawl depth matched; impression bucket 0/0 (8/8); similarity high-risk-marker (0/5); utility family calculator/calculator (7/7)
zh-TW,https://funnytools.win/tools/t-score-calculator/,https://funnytools.win/tools/teacher-exam-score-converter/,statistics,95,yes,same locale zh-TW; same page_type tool; same cluster statistics; crawl age delta 6d (15/15); internal links delta 4 (12/12); crawl depth matched; impression bucket 0/0 (8/8); similarity high-risk-marker (0/5); utility family calculator/calculator (7/7)
zh-TW,https://funnytools.win/tools/t-score-calculator/,https://funnytools.win/tools/weighted-average-calculator/,statistics,95,yes,same locale zh-TW; same page_type tool; same cluster statistics; crawl age delta 5d (15/15); internal links delta 2 (12/12); crawl depth matched; impression bucket 0/0 (8/8); similarity high-risk-marker (0/5); utility family calculator/calculator (7/7)
zh-TW,https://funnytools.win/tools/t-score-calculator/,https://funnytools.win/tools/z-score-calculator/,statistics,80,yes,same locale zh-TW; same page_type tool; same cluster statistics; crawl age delta 42d (0/15); internal links delta 4 (12/12); crawl depth matched; impression bucket 0/0 (8/8); similarity high-risk-marker (0/5); utility family calculator/calculator (7/7)
zh-TW,https://funnytools.win/tools/teacher-exam-score-converter/,https://funnytools.win/tools/apa-7-report-generator/,statistics,85,yes,same locale zh-TW; same page_type tool; same cluster statistics; crawl age delta 18d (5/15); internal links delta 0 (12/12); crawl depth matched; impression bucket 0/0 (8/8); similarity high-risk-marker (0/5); utility family calculator/calculator (7/7)
zh-TW,https://funnytools.win/tools/teacher-exam-score-converter/,https://funnytools.win/tools/class-rank-percentile-calculator/,statistics,95,yes,same locale zh-TW; same page_type tool; same cluster statistics; crawl age delta 4d (15/15); internal links delta 3 (12/12); crawl depth matched; impression bucket 0/0 (8/8); similarity high-risk-marker (0/5); utility family calculator/calculator (7/7)
zh-TW,https://funnytools.win/tools/teacher-exam-score-converter/,https://funnytools.win/tools/cronbach-alpha-calculator/,statistics,91,yes,same locale zh-TW; same page_type tool; same cluster statistics; crawl age delta 4d (15/15); internal links delta 4 (12/12); crawl depth matched; impression bucket 0/1-10 (4/8); similarity high-risk-marker (0/5); utility family calculator/calculator (7/7)
zh-TW,https://funnytools.win/tools/teacher-exam-score-converter/,https://funnytools.win/tools/grade-average/,statistics,90,yes,same locale zh-TW; same page_type tool; same cluster statistics; crawl age delta 13d (10/15); internal links delta 2 (12/12); crawl depth matched; impression bucket 0/0 (8/8); similarity high-risk-marker (0/5); utility family calculator/calculator (7/7)
zh-TW,https://funnytools.win/tools/teacher-exam-score-converter/,https://funnytools.win/tools/independent-samples-t-test-calculator/,statistics,95,yes,same locale zh-TW; same page_type tool; same cluster statistics; crawl age delta 2d (15/15); internal links delta 0 (12/12); crawl depth matched; impression bucket 0/0 (8/8); similarity high-risk-marker (0/5); utility family calculator/calculator (7/7)
zh-TW,https://funnytools.win/tools/teacher-exam-score-converter/,https://funnytools.win/tools/normalized-score-converter/,statistics,95,yes,same locale zh-TW; same page_type tool; same cluster statistics; crawl age delta 7d (15/15); internal links delta 5 (12/12); crawl depth matched; impression bucket 0/0 (8/8); similarity high-risk-marker (0/5); utility family calculator/calculator (7/7)
zh-TW,https://funnytools.win/tools/teacher-exam-score-converter/,https://funnytools.win/tools/percentage-calculator/,statistics,85,yes,same locale zh-TW; same page_type tool; same cluster statistics; crawl age delta 17d (5/15); internal links delta 1 (12/12); crawl depth matched; impression bucket 0/0 (8/8); similarity high-risk-marker (0/5); utility family calculator/calculator (7/7)
zh-TW,https://funnytools.win/tools/teacher-exam-score-converter/,https://funnytools.win/tools/percentile-rank-calculator/,statistics,90,yes,same locale zh-TW; same page_type tool; same cluster statistics; crawl age delta 11d (10/15); internal links delta 2 (12/12); crawl depth matched; impression bucket 0/0 (8/8); similarity high-risk-marker (0/5); utility family calculator/calculator (7/7)
zh-TW,https://funnytools.win/tools/teacher-exam-score-converter/,https://funnytools.win/tools/spss-result-interpreter/,statistics,95,yes,same locale zh-TW; same page_type tool; same cluster statistics; crawl age delta 4d (15/15); internal links delta 0 (12/12); crawl depth matched; impression bucket 0/0 (8/8); similarity high-risk-marker (0/5); utility family calculator/calculator (7/7)
zh-TW,https://funnytools.win/tools/teacher-exam-score-converter/,https://funnytools.win/tools/standard-deviation/,statistics,95,yes,same locale zh-TW; same page_type tool; same cluster statistics; crawl age delta 2d (15/15); internal links delta 1 (12/12); crawl depth matched; impression bucket 0/0 (8/8); similarity high-risk-marker (0/5); utility family calculator/calculator (7/7)
zh-TW,https://funnytools.win/tools/teacher-exam-score-converter/,https://funnytools.win/tools/t-score-calculator/,statistics,95,yes,same locale zh-TW; same page_type tool; same cluster statistics; crawl age delta 6d (15/15); internal links delta 4 (12/12); crawl depth matched; impression bucket 0/0 (8/8); similarity high-risk-marker (0/5); utility family calculator/calculator (7/7)
zh-TW,https://funnytools.win/tools/teacher-exam-score-converter/,https://funnytools.win/tools/weighted-average-calculator/,statistics,95,yes,same locale zh-TW; same page_type tool; same cluster statistics; crawl age delta 1d (15/15); internal links delta 2 (12/12); crawl depth matched; impression bucket 0/0 (8/8); similarity high-risk-marker (0/5); utility family calculator/calculator (7/7)
zh-TW,https://funnytools.win/tools/teacher-exam-score-converter/,https://funnytools.win/tools/z-score-calculator/,statistics,80,yes,same locale zh-TW; same page_type tool; same cluster statistics; crawl age delta 48d (0/15); internal links delta 0 (12/12); crawl depth matched; impression bucket 0/0 (8/8); similarity high-risk-marker (0/5); utility family calculator/calculator (7/7)
zh-TW,https://funnytools.win/tools/this-or-that/,https://funnytools.win/tools/color-generator/,random,100,yes,same locale zh-TW; same page_type tool; same cluster random; crawl age delta 5d (15/15); internal links delta 0 (12/12); crawl depth matched; impression bucket 0/0 (8/8); similarity low-similarity-0.658 (5/5); utility family random/random (7/7)
zh-TW,https://funnytools.win/tools/this-or-that/,https://funnytools.win/tools/dice-roller/,random,95,yes,same locale zh-TW; same page_type tool; same cluster random; crawl age delta 10d (10/15); internal links delta 3 (12/12); crawl depth matched; impression bucket 0/0 (8/8); similarity low-similarity-0.658 (5/5); utility family random/random (7/7)
zh-TW,https://funnytools.win/tools/this-or-that/,https://funnytools.win/tools/random-name-picker/,random,100,yes,same locale zh-TW; same page_type tool; same cluster random; crawl age delta 2d (15/15); internal links delta 5 (12/12); crawl depth matched; impression bucket 0/0 (8/8); similarity low-similarity-0.780 (5/5); utility family random/random (7/7)
zh-TW,https://funnytools.win/tools/this-or-that/,https://funnytools.win/tools/random-number-picker/,random,100,yes,same locale zh-TW; same page_type tool; same cluster random; crawl age delta 2d (15/15); internal links delta 3 (12/12); crawl depth matched; impression bucket 0/0 (8/8); similarity low-similarity-0.695 (5/5); utility family random/random (7/7)
zh-TW,https://funnytools.win/tools/this-or-that/,https://funnytools.win/tools/random-wheel/,random,100,yes,same locale zh-TW; same page_type tool; same cluster random; crawl age delta 5d (15/15); internal links delta 4 (12/12); crawl depth matched; impression bucket 0/0 (8/8); similarity low-similarity-0.658 (5/5); utility family random/random (7/7)
zh-TW,https://funnytools.win/tools/this-or-that/,https://funnytools.win/tools/uuid-generator/,random,95,yes,same locale zh-TW; same page_type tool; same cluster random; crawl age delta 8d (10/15); internal links delta 2 (12/12); crawl depth matched; impression bucket 0/0 (8/8); similarity low-similarity-0.658 (5/5); utility family random/random (7/7)
zh-TW,https://funnytools.win/tools/this-or-that/,https://funnytools.win/tools/what-to-eat/,random,90,yes,same locale zh-TW; same page_type tool; same cluster random; crawl age delta 21d (5/15); internal links delta 0 (12/12); crawl depth matched; impression bucket 0/0 (8/8); similarity low-similarity-0.658 (5/5); utility family random/random (7/7)
zh-TW,https://funnytools.win/tools/timestamp-converter/,https://funnytools.win/tools/age-calculator/,time,95,yes,same locale zh-TW; same page_type tool; same cluster time; crawl age delta 2d (15/15); internal links delta 1 (12/12); crawl depth matched; impression bucket 0/0 (8/8); similarity low-similarity-0.671 (5/5); utility family time/calculator (2/7)
zh-TW,https://funnytools.win/tools/timestamp-converter/,https://funnytools.win/tools/break-reminder/,time,95,yes,same locale zh-TW; same page_type tool; same cluster time; crawl age delta 11d (10/15); internal links delta 1 (12/12); crawl depth matched; impression bucket 0/0 (8/8); similarity low-similarity-0.654 (5/5); utility family time/time (7/7)
zh-TW,https://funnytools.win/tools/timestamp-converter/,https://funnytools.win/tools/business-days/,time,90,yes,same locale zh-TW; same page_type tool; same cluster time; crawl age delta 14d (10/15); internal links delta 3 (12/12); crawl depth matched; impression bucket 0/0 (8/8); similarity high-risk-marker (0/5); utility family time/time (7/7)
zh-TW,https://funnytools.win/tools/timestamp-converter/,https://funnytools.win/tools/countdown-timer/,time,96,yes,same locale zh-TW; same page_type tool; same cluster time; crawl age delta 7d (15/15); internal links delta 4 (12/12); crawl depth matched; impression bucket 0/1-10 (4/8); similarity low-similarity-0.621 (5/5); utility family time/time (7/7)
zh-TW,https://funnytools.win/tools/timestamp-converter/,https://funnytools.win/tools/date-difference/,time,95,yes,same locale zh-TW; same page_type tool; same cluster time; crawl age delta 7d (15/15); internal links delta 2 (12/12); crawl depth matched; impression bucket 0/0 (8/8); similarity high-risk-marker (0/5); utility family time/time (7/7)
zh-TW,https://funnytools.win/tools/timestamp-converter/,https://funnytools.win/tools/pomodoro-timer/,time,95,yes,same locale zh-TW; same page_type tool; same cluster time; crawl age delta 10d (10/15); internal links delta 2 (12/12); crawl depth matched; impression bucket 0/0 (8/8); similarity low-similarity-0.654 (5/5); utility family time/time (7/7)
zh-TW,https://funnytools.win/tools/url-encoder/,https://funnytools.win/tools/base64/,text,96,yes,same locale zh-TW; same page_type tool; same cluster text; crawl age delta 0d (15/15); internal links delta 2 (12/12); crawl depth matched; impression bucket 0/1-10 (4/8); similarity low-similarity-0.610 (5/5); utility family text/text (7/7)
zh-TW,https://funnytools.win/tools/url-encoder/,https://funnytools.win/tools/case-converter/,text,100,yes,same locale zh-TW; same page_type tool; same cluster text; crawl age delta 1d (15/15); internal links delta 2 (12/12); crawl depth matched; impression bucket 0/0 (8/8); similarity low-similarity-0.626 (5/5); utility family text/text (7/7)
zh-TW,https://funnytools.win/tools/url-encoder/,https://funnytools.win/tools/csv-to-json/,text,95,yes,same locale zh-TW; same page_type tool; same cluster text; crawl age delta 3d (15/15); internal links delta 0 (12/12); crawl depth matched; impression bucket 0/0 (8/8); similarity high-risk-marker (0/5); utility family text/text (7/7)
zh-TW,https://funnytools.win/tools/url-encoder/,https://funnytools.win/tools/json-formatter/,text,95,yes,same locale zh-TW; same page_type tool; same cluster text; crawl age delta 9d (10/15); internal links delta 0 (12/12); crawl depth matched; impression bucket 0/0 (8/8); similarity low-similarity-0.700 (5/5); utility family text/text (7/7)
zh-TW,https://funnytools.win/tools/url-encoder/,https://funnytools.win/tools/json-to-csv/,text,95,yes,same locale zh-TW; same page_type tool; same cluster text; crawl age delta 0d (15/15); internal links delta 1 (12/12); crawl depth matched; impression bucket 0/0 (8/8); similarity high-risk-marker (0/5); utility family text/text (7/7)
zh-TW,https://funnytools.win/tools/url-encoder/,https://funnytools.win/tools/markdown-previewer/,text,100,yes,same locale zh-TW; same page_type tool; same cluster text; crawl age delta 3d (15/15); internal links delta 3 (12/12); crawl depth matched; impression bucket 0/0 (8/8); similarity low-similarity-0.610 (5/5); utility family text/text (7/7)
zh-TW,https://funnytools.win/tools/url-encoder/,https://funnytools.win/tools/remove-duplicate-lines/,text,95,yes,same locale zh-TW; same page_type tool; same cluster text; crawl age delta 8d (10/15); internal links delta 3 (12/12); crawl depth matched; impression bucket 0/0 (8/8); similarity low-similarity-0.695 (5/5); utility family text/text (7/7)
zh-TW,https://funnytools.win/tools/url-encoder/,https://funnytools.win/tools/remove-empty-lines/,text,100,yes,same locale zh-TW; same page_type tool; same cluster text; crawl age delta 1d (15/15); internal links delta 0 (12/12); crawl depth matched; impression bucket 0/0 (8/8); similarity low-similarity-0.695 (5/5); utility family text/text (7/7)
zh-TW,https://funnytools.win/tools/url-encoder/,https://funnytools.win/tools/sort-lines/,text,95,yes,same locale zh-TW; same page_type tool; same cluster text; crawl age delta 9d (10/15); internal links delta 1 (12/12); crawl depth matched; impression bucket 0/0 (8/8); similarity low-similarity-0.654 (5/5); utility family text/text (7/7)
zh-TW,https://funnytools.win/tools/uuid-generator/,https://funnytools.win/tools/color-generator/,random,100,yes,same locale zh-TW; same page_type tool; same cluster random; crawl age delta 3d (15/15); internal links delta 2 (12/12); crawl depth matched; impression bucket 0/0 (8/8); similarity similarity-not-recorded (5/5); utility family random/random (7/7)
zh-TW,https://funnytools.win/tools/uuid-generator/,https://funnytools.win/tools/dice-roller/,random,100,yes,same locale zh-TW; same page_type tool; same cluster random; crawl age delta 2d (15/15); internal links delta 1 (12/12); crawl depth matched; impression bucket 0/0 (8/8); similarity similarity-not-recorded (5/5); utility family random/random (7/7)
zh-TW,https://funnytools.win/tools/uuid-generator/,https://funnytools.win/tools/random-name-picker/,random,100,yes,same locale zh-TW; same page_type tool; same cluster random; crawl age delta 6d (15/15); internal links delta 3 (12/12); crawl depth matched; impression bucket 0/0 (8/8); similarity low-similarity-0.780 (5/5); utility family random/random (7/7)
zh-TW,https://funnytools.win/tools/uuid-generator/,https://funnytools.win/tools/random-number-picker/,random,100,yes,same locale zh-TW; same page_type tool; same cluster random; crawl age delta 6d (15/15); internal links delta 1 (12/12); crawl depth matched; impression bucket 0/0 (8/8); similarity low-similarity-0.695 (5/5); utility family random/random (7/7)
zh-TW,https://funnytools.win/tools/uuid-generator/,https://funnytools.win/tools/random-wheel/,random,100,yes,same locale zh-TW; same page_type tool; same cluster random; crawl age delta 3d (15/15); internal links delta 2 (12/12); crawl depth matched; impression bucket 0/0 (8/8); similarity low-similarity-0.658 (5/5); utility family random/random (7/7)
zh-TW,https://funnytools.win/tools/uuid-generator/,https://funnytools.win/tools/this-or-that/,random,95,yes,same locale zh-TW; same page_type tool; same cluster random; crawl age delta 8d (10/15); internal links delta 2 (12/12); crawl depth matched; impression bucket 0/0 (8/8); similarity low-similarity-0.658 (5/5); utility family random/random (7/7)
zh-TW,https://funnytools.win/tools/uuid-generator/,https://funnytools.win/tools/what-to-eat/,random,85,yes,same locale zh-TW; same page_type tool; same cluster random; crawl age delta 29d (0/15); internal links delta 2 (12/12); crawl depth matched; impression bucket 0/0 (8/8); similarity similarity-not-recorded (5/5); utility family random/random (7/7)
zh-TW,https://funnytools.win/tools/webp-to-jpg/,https://funnytools.win/tools/image-resizer/,image,95,yes,same locale zh-TW; same page_type tool; same cluster image; crawl age delta 2d (15/15); internal links delta 5 (12/12); crawl depth matched; impression bucket 0/0 (8/8); similarity high-risk-marker (0/5); utility family image/image (7/7)
zh-TW,https://funnytools.win/tools/webp-to-jpg/,https://funnytools.win/tools/image-rotate-flip/,image,95,yes,same locale zh-TW; same page_type tool; same cluster image; crawl age delta 7d (15/15); internal links delta 0 (12/12); crawl depth matched; impression bucket 0/0 (8/8); similarity high-risk-marker (0/5); utility family image/image (7/7)
zh-TW,https://funnytools.win/tools/webp-to-jpg/,https://funnytools.win/tools/jpg-to-png/,image,80,yes,same locale zh-TW; same page_type tool; same cluster image; crawl age delta 33d (0/15); internal links delta 1 (12/12); crawl depth matched; impression bucket 0/0 (8/8); similarity high-risk-marker (0/5); utility family image/image (7/7)
zh-TW,https://funnytools.win/tools/webp-to-jpg/,https://funnytools.win/tools/jpg-to-webp/,image,85,yes,same locale zh-TW; same page_type tool; same cluster image; crawl age delta 19d (5/15); internal links delta 3 (12/12); crawl depth matched; impression bucket 0/0 (8/8); similarity high-risk-marker (0/5); utility family image/image (7/7)
zh-TW,https://funnytools.win/tools/webp-to-jpg/,https://funnytools.win/tools/png-to-jpg/,image,95,yes,same locale zh-TW; same page_type tool; same cluster image; crawl age delta 4d (15/15); internal links delta 3 (12/12); crawl depth matched; impression bucket 0/0 (8/8); similarity high-risk-marker (0/5); utility family image/image (7/7)
zh-TW,https://funnytools.win/tools/webp-to-jpg/,https://funnytools.win/tools/qr-code-generator/,image,91,yes,same locale zh-TW; same page_type tool; same cluster image; crawl age delta 6d (15/15); internal links delta 6 (8/12); crawl depth matched; impression bucket 0/0 (8/8); similarity high-risk-marker (0/5); utility family image/image (7/7)
zh-TW,https://funnytools.win/tools/weighted-average-calculator/,https://funnytools.win/tools/apa-7-report-generator/,statistics,85,yes,same locale zh-TW; same page_type tool; same cluster statistics; crawl age delta 17d (5/15); internal links delta 2 (12/12); crawl depth matched; impression bucket 0/0 (8/8); similarity high-risk-marker (0/5); utility family calculator/calculator (7/7)
zh-TW,https://funnytools.win/tools/weighted-average-calculator/,https://funnytools.win/tools/class-rank-percentile-calculator/,statistics,95,yes,same locale zh-TW; same page_type tool; same cluster statistics; crawl age delta 3d (15/15); internal links delta 5 (12/12); crawl depth matched; impression bucket 0/0 (8/8); similarity high-risk-marker (0/5); utility family calculator/calculator (7/7)
zh-TW,https://funnytools.win/tools/weighted-average-calculator/,https://funnytools.win/tools/cronbach-alpha-calculator/,statistics,87,yes,same locale zh-TW; same page_type tool; same cluster statistics; crawl age delta 3d (15/15); internal links delta 6 (8/12); crawl depth matched; impression bucket 0/1-10 (4/8); similarity high-risk-marker (0/5); utility family calculator/calculator (7/7)
zh-TW,https://funnytools.win/tools/weighted-average-calculator/,https://funnytools.win/tools/grade-average/,statistics,90,yes,same locale zh-TW; same page_type tool; same cluster statistics; crawl age delta 14d (10/15); internal links delta 0 (12/12); crawl depth matched; impression bucket 0/0 (8/8); similarity high-risk-marker (0/5); utility family calculator/calculator (7/7)
zh-TW,https://funnytools.win/tools/weighted-average-calculator/,https://funnytools.win/tools/independent-samples-t-test-calculator/,statistics,95,yes,same locale zh-TW; same page_type tool; same cluster statistics; crawl age delta 1d (15/15); internal links delta 2 (12/12); crawl depth matched; impression bucket 0/0 (8/8); similarity high-risk-marker (0/5); utility family calculator/calculator (7/7)
zh-TW,https://funnytools.win/tools/weighted-average-calculator/,https://funnytools.win/tools/normalized-score-converter/,statistics,91,yes,same locale zh-TW; same page_type tool; same cluster statistics; crawl age delta 6d (15/15); internal links delta 7 (8/12); crawl depth matched; impression bucket 0/0 (8/8); similarity high-risk-marker (0/5); utility family calculator/calculator (7/7)
zh-TW,https://funnytools.win/tools/weighted-average-calculator/,https://funnytools.win/tools/percentage-calculator/,statistics,85,yes,same locale zh-TW; same page_type tool; same cluster statistics; crawl age delta 16d (5/15); internal links delta 1 (12/12); crawl depth matched; impression bucket 0/0 (8/8); similarity high-risk-marker (0/5); utility family calculator/calculator (7/7)
zh-TW,https://funnytools.win/tools/weighted-average-calculator/,https://funnytools.win/tools/percentile-rank-calculator/,statistics,90,yes,same locale zh-TW; same page_type tool; same cluster statistics; crawl age delta 10d (10/15); internal links delta 4 (12/12); crawl depth matched; impression bucket 0/0 (8/8); similarity high-risk-marker (0/5); utility family calculator/calculator (7/7)
zh-TW,https://funnytools.win/tools/weighted-average-calculator/,https://funnytools.win/tools/spss-result-interpreter/,statistics,95,yes,same locale zh-TW; same page_type tool; same cluster statistics; crawl age delta 3d (15/15); internal links delta 2 (12/12); crawl depth matched; impression bucket 0/0 (8/8); similarity high-risk-marker (0/5); utility family calculator/calculator (7/7)
zh-TW,https://funnytools.win/tools/weighted-average-calculator/,https://funnytools.win/tools/standard-deviation/,statistics,95,yes,same locale zh-TW; same page_type tool; same cluster statistics; crawl age delta 1d (15/15); internal links delta 1 (12/12); crawl depth matched; impression bucket 0/0 (8/8); similarity high-risk-marker (0/5); utility family calculator/calculator (7/7)
zh-TW,https://funnytools.win/tools/weighted-average-calculator/,https://funnytools.win/tools/t-score-calculator/,statistics,95,yes,same locale zh-TW; same page_type tool; same cluster statistics; crawl age delta 5d (15/15); internal links delta 2 (12/12); crawl depth matched; impression bucket 0/0 (8/8); similarity high-risk-marker (0/5); utility family calculator/calculator (7/7)
zh-TW,https://funnytools.win/tools/weighted-average-calculator/,https://funnytools.win/tools/teacher-exam-score-converter/,statistics,95,yes,same locale zh-TW; same page_type tool; same cluster statistics; crawl age delta 1d (15/15); internal links delta 2 (12/12); crawl depth matched; impression bucket 0/0 (8/8); similarity high-risk-marker (0/5); utility family calculator/calculator (7/7)
zh-TW,https://funnytools.win/tools/weighted-average-calculator/,https://funnytools.win/tools/z-score-calculator/,statistics,80,yes,same locale zh-TW; same page_type tool; same cluster statistics; crawl age delta 47d (0/15); internal links delta 2 (12/12); crawl depth matched; impression bucket 0/0 (8/8); similarity high-risk-marker (0/5); utility family calculator/calculator (7/7)
zh-TW,https://funnytools.win/tools/what-to-eat/,https://funnytools.win/tools/color-generator/,random,85,yes,same locale zh-TW; same page_type tool; same cluster random; crawl age delta 26d (0/15); internal links delta 0 (12/12); crawl depth matched; impression bucket 0/0 (8/8); similarity similarity-not-recorded (5/5); utility family random/random (7/7)
zh-TW,https://funnytools.win/tools/what-to-eat/,https://funnytools.win/tools/dice-roller/,random,85,yes,same locale zh-TW; same page_type tool; same cluster random; crawl age delta 31d (0/15); internal links delta 3 (12/12); crawl depth matched; impression bucket 0/0 (8/8); similarity similarity-not-recorded (5/5); utility family random/random (7/7)
zh-TW,https://funnytools.win/tools/what-to-eat/,https://funnytools.win/tools/random-name-picker/,random,85,yes,same locale zh-TW; same page_type tool; same cluster random; crawl age delta 23d (0/15); internal links delta 5 (12/12); crawl depth matched; impression bucket 0/0 (8/8); similarity low-similarity-0.780 (5/5); utility family random/random (7/7)
zh-TW,https://funnytools.win/tools/what-to-eat/,https://funnytools.win/tools/random-number-picker/,random,85,yes,same locale zh-TW; same page_type tool; same cluster random; crawl age delta 23d (0/15); internal links delta 3 (12/12); crawl depth matched; impression bucket 0/0 (8/8); similarity low-similarity-0.695 (5/5); utility family random/random (7/7)
zh-TW,https://funnytools.win/tools/what-to-eat/,https://funnytools.win/tools/random-wheel/,random,85,yes,same locale zh-TW; same page_type tool; same cluster random; crawl age delta 26d (0/15); internal links delta 4 (12/12); crawl depth matched; impression bucket 0/0 (8/8); similarity low-similarity-0.658 (5/5); utility family random/random (7/7)
zh-TW,https://funnytools.win/tools/what-to-eat/,https://funnytools.win/tools/this-or-that/,random,90,yes,same locale zh-TW; same page_type tool; same cluster random; crawl age delta 21d (5/15); internal links delta 0 (12/12); crawl depth matched; impression bucket 0/0 (8/8); similarity low-similarity-0.658 (5/5); utility family random/random (7/7)
zh-TW,https://funnytools.win/tools/what-to-eat/,https://funnytools.win/tools/uuid-generator/,random,85,yes,same locale zh-TW; same page_type tool; same cluster random; crawl age delta 29d (0/15); internal links delta 2 (12/12); crawl depth matched; impression bucket 0/0 (8/8); similarity similarity-not-recorded (5/5); utility family random/random (7/7)
zh-TW,https://funnytools.win/tools/z-score-calculator/,https://funnytools.win/tools/apa-7-report-generator/,statistics,80,yes,same locale zh-TW; same page_type tool; same cluster statistics; crawl age delta 30d (0/15); internal links delta 0 (12/12); crawl depth matched; impression bucket 0/0 (8/8); similarity high-risk-marker (0/5); utility family calculator/calculator (7/7)
zh-TW,https://funnytools.win/tools/z-score-calculator/,https://funnytools.win/tools/class-rank-percentile-calculator/,statistics,80,yes,same locale zh-TW; same page_type tool; same cluster statistics; crawl age delta 44d (0/15); internal links delta 3 (12/12); crawl depth matched; impression bucket 0/0 (8/8); similarity high-risk-marker (0/5); utility family calculator/calculator (7/7)
zh-TW,https://funnytools.win/tools/z-score-calculator/,https://funnytools.win/tools/cronbach-alpha-calculator/,statistics,76,no,same locale zh-TW; same page_type tool; same cluster statistics; crawl age delta 44d (0/15); internal links delta 4 (12/12); crawl depth matched; impression bucket 0/1-10 (4/8); similarity high-risk-marker (0/5); utility family calculator/calculator (7/7)
zh-TW,https://funnytools.win/tools/z-score-calculator/,https://funnytools.win/tools/grade-average/,statistics,80,yes,same locale zh-TW; same page_type tool; same cluster statistics; crawl age delta 61d (0/15); internal links delta 2 (12/12); crawl depth matched; impression bucket 0/0 (8/8); similarity high-risk-marker (0/5); utility family calculator/calculator (7/7)
zh-TW,https://funnytools.win/tools/z-score-calculator/,https://funnytools.win/tools/independent-samples-t-test-calculator/,statistics,80,yes,same locale zh-TW; same page_type tool; same cluster statistics; crawl age delta 46d (0/15); internal links delta 0 (12/12); crawl depth matched; impression bucket 0/0 (8/8); similarity high-risk-marker (0/5); utility family calculator/calculator (7/7)
zh-TW,https://funnytools.win/tools/z-score-calculator/,https://funnytools.win/tools/normalized-score-converter/,statistics,80,yes,same locale zh-TW; same page_type tool; same cluster statistics; crawl age delta 41d (0/15); internal links delta 5 (12/12); crawl depth matched; impression bucket 0/0 (8/8); similarity high-risk-marker (0/5); utility family calculator/calculator (7/7)
zh-TW,https://funnytools.win/tools/z-score-calculator/,https://funnytools.win/tools/percentage-calculator/,statistics,80,yes,same locale zh-TW; same page_type tool; same cluster statistics; crawl age delta 31d (0/15); internal links delta 1 (12/12); crawl depth matched; impression bucket 0/0 (8/8); similarity high-risk-marker (0/5); utility family calculator/calculator (7/7)
zh-TW,https://funnytools.win/tools/z-score-calculator/,https://funnytools.win/tools/percentile-rank-calculator/,statistics,80,yes,same locale zh-TW; same page_type tool; same cluster statistics; crawl age delta 37d (0/15); internal links delta 2 (12/12); crawl depth matched; impression bucket 0/0 (8/8); similarity high-risk-marker (0/5); utility family calculator/calculator (7/7)
zh-TW,https://funnytools.win/tools/z-score-calculator/,https://funnytools.win/tools/spss-result-interpreter/,statistics,80,yes,same locale zh-TW; same page_type tool; same cluster statistics; crawl age delta 44d (0/15); internal links delta 0 (12/12); crawl depth matched; impression bucket 0/0 (8/8); similarity high-risk-marker (0/5); utility family calculator/calculator (7/7)
zh-TW,https://funnytools.win/tools/z-score-calculator/,https://funnytools.win/tools/standard-deviation/,statistics,80,yes,same locale zh-TW; same page_type tool; same cluster statistics; crawl age delta 46d (0/15); internal links delta 1 (12/12); crawl depth matched; impression bucket 0/0 (8/8); similarity high-risk-marker (0/5); utility family calculator/calculator (7/7)
zh-TW,https://funnytools.win/tools/z-score-calculator/,https://funnytools.win/tools/t-score-calculator/,statistics,80,yes,same locale zh-TW; same page_type tool; same cluster statistics; crawl age delta 42d (0/15); internal links delta 4 (12/12); crawl depth matched; impression bucket 0/0 (8/8); similarity high-risk-marker (0/5); utility family calculator/calculator (7/7)
zh-TW,https://funnytools.win/tools/z-score-calculator/,https://funnytools.win/tools/teacher-exam-score-converter/,statistics,80,yes,same locale zh-TW; same page_type tool; same cluster statistics; crawl age delta 48d (0/15); internal links delta 0 (12/12); crawl depth matched; impression bucket 0/0 (8/8); similarity high-risk-marker (0/5); utility family calculator/calculator (7/7)
zh-TW,https://funnytools.win/tools/z-score-calculator/,https://funnytools.win/tools/weighted-average-calculator/,statistics,80,yes,same locale zh-TW; same page_type tool; same cluster statistics; crawl age delta 47d (0/15); internal links delta 2 (12/12); crawl depth matched; impression bucket 0/0 (8/8); similarity high-risk-marker (0/5); utility family calculator/calculator (7/7)
en,https://funnytools.win/en/tools/base64/,https://funnytools.win/en/tools/case-converter/,text,100,yes,same locale en; same page_type tool; same cluster text; crawl age delta 6d (15/15); internal links delta 3 (12/12); crawl depth matched; impression bucket 0/0 (8/8); similarity similarity-not-recorded (5/5); utility family text/text (7/7)
en,https://funnytools.win/en/tools/base64/,https://funnytools.win/en/tools/character-counter/,text,96,yes,same locale en; same page_type tool; same cluster text; crawl age delta 4d (15/15); internal links delta 6 (8/12); crawl depth matched; impression bucket 0/0 (8/8); similarity similarity-not-recorded (5/5); utility family text/text (7/7)
en,https://funnytools.win/en/tools/base64/,https://funnytools.win/en/tools/csv-to-json/,text,100,yes,same locale en; same page_type tool; same cluster text; crawl age delta 3d (15/15); internal links delta 3 (12/12); crawl depth matched; impression bucket 0/0 (8/8); similarity low-similarity-0.724 (5/5); utility family text/text (7/7)
en,https://funnytools.win/en/tools/base64/,https://funnytools.win/en/tools/json-formatter/,text,95,yes,same locale en; same page_type tool; same cluster text; crawl age delta 14d (10/15); internal links delta 3 (12/12); crawl depth matched; impression bucket 0/0 (8/8); similarity similarity-not-recorded (5/5); utility family text/text (7/7)
en,https://funnytools.win/en/tools/base64/,https://funnytools.win/en/tools/json-to-csv/,text,100,yes,same locale en; same page_type tool; same cluster text; crawl age delta 5d (15/15); internal links delta 1 (12/12); crawl depth matched; impression bucket 0/0 (8/8); similarity low-similarity-0.724 (5/5); utility family text/text (7/7)
en,https://funnytools.win/en/tools/base64/,https://funnytools.win/en/tools/markdown-previewer/,text,100,yes,same locale en; same page_type tool; same cluster text; crawl age delta 6d (15/15); internal links delta 0 (12/12); crawl depth matched; impression bucket 0/0 (8/8); similarity similarity-not-recorded (5/5); utility family text/text (7/7)
en,https://funnytools.win/en/tools/base64/,https://funnytools.win/en/tools/remove-duplicate-lines/,text,100,yes,same locale en; same page_type tool; same cluster text; crawl age delta 3d (15/15); internal links delta 0 (12/12); crawl depth matched; impression bucket 0/0 (8/8); similarity similarity-not-recorded (5/5); utility family text/text (7/7)
en,https://funnytools.win/en/tools/base64/,https://funnytools.win/en/tools/remove-empty-lines/,text,100,yes,same locale en; same page_type tool; same cluster text; crawl age delta 0d (15/15); internal links delta 0 (12/12); crawl depth matched; impression bucket 0/0 (8/8); similarity similarity-not-recorded (5/5); utility family text/text (7/7)
en,https://funnytools.win/en/tools/base64/,https://funnytools.win/en/tools/sort-lines/,text,90,yes,same locale en; same page_type tool; same cluster text; crawl age delta 21d (5/15); internal links delta 0 (12/12); crawl depth matched; impression bucket 0/0 (8/8); similarity similarity-not-recorded (5/5); utility family text/text (7/7)
en,https://funnytools.win/en/tools/base64/,https://funnytools.win/en/tools/url-encoder/,text,95,yes,same locale en; same page_type tool; same cluster text; crawl age delta 8d (10/15); internal links delta 4 (12/12); crawl depth matched; impression bucket 0/0 (8/8); similarity similarity-not-recorded (5/5); utility family text/text (7/7)
en,https://funnytools.win/en/tools/base64/,https://funnytools.win/en/tools/word-counter/,text,95,yes,same locale en; same page_type tool; same cluster text; crawl age delta 12d (10/15); internal links delta 3 (12/12); crawl depth matched; impression bucket 0/0 (8/8); similarity similarity-not-recorded (5/5); utility family text/text (7/7)
en,https://funnytools.win/en/tools/break-reminder/,https://funnytools.win/en/tools/business-days/,time,100,yes,same locale en; same page_type tool; same cluster time; crawl age delta 2d (15/15); internal links delta 1 (12/12); crawl depth matched; impression bucket 0/0 (8/8); similarity similarity-not-recorded (5/5); utility family time/time (7/7)
en,https://funnytools.win/en/tools/break-reminder/,https://funnytools.win/en/tools/countdown-timer/,time,91,yes,same locale en; same page_type tool; same cluster time; crawl age delta 12d (10/15); internal links delta 6 (8/12); crawl depth matched; impression bucket 0/0 (8/8); similarity similarity-not-recorded (5/5); utility family time/time (7/7)
en,https://funnytools.win/en/tools/break-reminder/,https://funnytools.win/en/tools/date-difference/,time,100,yes,same locale en; same page_type tool; same cluster time; crawl age delta 4d (15/15); internal links delta 1 (12/12); crawl depth matched; impression bucket 0/0 (8/8); similarity similarity-not-recorded (5/5); utility family time/time (7/7)
en,https://funnytools.win/en/tools/break-reminder/,https://funnytools.win/en/tools/timestamp-converter/,time,100,yes,same locale en; same page_type tool; same cluster time; crawl age delta 2d (15/15); internal links delta 0 (12/12); crawl depth matched; impression bucket 0/0 (8/8); similarity similarity-not-recorded (5/5); utility family time/time (7/7)
en,https://funnytools.win/en/tools/business-days/,https://funnytools.win/en/tools/break-reminder/,time,100,yes,same locale en; same page_type tool; same cluster time; crawl age delta 2d (15/15); internal links delta 1 (12/12); crawl depth matched; impression bucket 0/0 (8/8); similarity similarity-not-recorded (5/5); utility family time/time (7/7)
en,https://funnytools.win/en/tools/business-days/,https://funnytools.win/en/tools/countdown-timer/,time,95,yes,same locale en; same page_type tool; same cluster time; crawl age delta 14d (10/15); internal links delta 5 (12/12); crawl depth matched; impression bucket 0/0 (8/8); similarity similarity-not-recorded (5/5); utility family time/time (7/7)
en,https://funnytools.win/en/tools/business-days/,https://funnytools.win/en/tools/date-difference/,time,100,yes,same locale en; same page_type tool; same cluster time; crawl age delta 6d (15/15); internal links delta 0 (12/12); crawl depth matched; impression bucket 0/0 (8/8); similarity similarity-not-recorded (5/5); utility family time/time (7/7)
en,https://funnytools.win/en/tools/business-days/,https://funnytools.win/en/tools/timestamp-converter/,time,100,yes,same locale en; same page_type tool; same cluster time; crawl age delta 4d (15/15); internal links delta 1 (12/12); crawl depth matched; impression bucket 0/0 (8/8); similarity similarity-not-recorded (5/5); utility family time/time (7/7)
en,https://funnytools.win/en/tools/cad-2d/,https://funnytools.win/en/tools/flowchart/,draw,96,yes,same locale en; same page_type tool; same cluster draw; crawl age delta 5d (15/15); internal links delta 2 (12/12); crawl depth matched; impression bucket 10+/1-10 (4/8); similarity similarity-not-recorded (5/5); utility family draw/draw (7/7)
en,https://funnytools.win/en/tools/cad-2d/,https://funnytools.win/en/tools/pie-chart-maker/,draw,92,yes,same locale en; same page_type tool; same cluster draw; crawl age delta 1d (15/15); internal links delta 1 (12/12); crawl depth matched; impression bucket 10+/0 (0/8); similarity similarity-not-recorded (5/5); utility family draw/draw (7/7)
en,https://funnytools.win/en/tools/cad-2d/,https://funnytools.win/en/tools/sketchpad/,draw,81,yes,same locale en; same page_type tool; same cluster draw; crawl age delta 35d (0/15); internal links delta 1 (12/12); crawl depth matched; impression bucket 10+/1-10 (4/8); similarity similarity-not-recorded (5/5); utility family draw/draw (7/7)
en,https://funnytools.win/en/tools/case-converter/,https://funnytools.win/en/tools/base64/,text,100,yes,same locale en; same page_type tool; same cluster text; crawl age delta 6d (15/15); internal links delta 3 (12/12); crawl depth matched; impression bucket 0/0 (8/8); similarity similarity-not-recorded (5/5); utility family text/text (7/7)
en,https://funnytools.win/en/tools/case-converter/,https://funnytools.win/en/tools/character-counter/,text,100,yes,same locale en; same page_type tool; same cluster text; crawl age delta 2d (15/15); internal links delta 3 (12/12); crawl depth matched; impression bucket 0/0 (8/8); similarity similarity-not-recorded (5/5); utility family text/text (7/7)
en,https://funnytools.win/en/tools/case-converter/,https://funnytools.win/en/tools/csv-to-json/,text,100,yes,same locale en; same page_type tool; same cluster text; crawl age delta 3d (15/15); internal links delta 0 (12/12); crawl depth matched; impression bucket 0/0 (8/8); similarity low-similarity-0.724 (5/5); utility family text/text (7/7)
en,https://funnytools.win/en/tools/case-converter/,https://funnytools.win/en/tools/json-formatter/,text,95,yes,same locale en; same page_type tool; same cluster text; crawl age delta 8d (10/15); internal links delta 0 (12/12); crawl depth matched; impression bucket 0/0 (8/8); similarity similarity-not-recorded (5/5); utility family text/text (7/7)
en,https://funnytools.win/en/tools/case-converter/,https://funnytools.win/en/tools/json-to-csv/,text,100,yes,same locale en; same page_type tool; same cluster text; crawl age delta 1d (15/15); internal links delta 2 (12/12); crawl depth matched; impression bucket 0/0 (8/8); similarity low-similarity-0.724 (5/5); utility family text/text (7/7)
en,https://funnytools.win/en/tools/case-converter/,https://funnytools.win/en/tools/markdown-previewer/,text,100,yes,same locale en; same page_type tool; same cluster text; crawl age delta 0d (15/15); internal links delta 3 (12/12); crawl depth matched; impression bucket 0/0 (8/8); similarity similarity-not-recorded (5/5); utility family text/text (7/7)
en,https://funnytools.win/en/tools/case-converter/,https://funnytools.win/en/tools/remove-duplicate-lines/,text,100,yes,same locale en; same page_type tool; same cluster text; crawl age delta 3d (15/15); internal links delta 3 (12/12); crawl depth matched; impression bucket 0/0 (8/8); similarity similarity-not-recorded (5/5); utility family text/text (7/7)
en,https://funnytools.win/en/tools/case-converter/,https://funnytools.win/en/tools/remove-empty-lines/,text,100,yes,same locale en; same page_type tool; same cluster text; crawl age delta 6d (15/15); internal links delta 3 (12/12); crawl depth matched; impression bucket 0/0 (8/8); similarity similarity-not-recorded (5/5); utility family text/text (7/7)
en,https://funnytools.win/en/tools/case-converter/,https://funnytools.win/en/tools/sort-lines/,text,90,yes,same locale en; same page_type tool; same cluster text; crawl age delta 15d (5/15); internal links delta 3 (12/12); crawl depth matched; impression bucket 0/0 (8/8); similarity similarity-not-recorded (5/5); utility family text/text (7/7)
en,https://funnytools.win/en/tools/case-converter/,https://funnytools.win/en/tools/url-encoder/,text,100,yes,same locale en; same page_type tool; same cluster text; crawl age delta 2d (15/15); internal links delta 1 (12/12); crawl depth matched; impression bucket 0/0 (8/8); similarity similarity-not-recorded (5/5); utility family text/text (7/7)
en,https://funnytools.win/en/tools/case-converter/,https://funnytools.win/en/tools/word-counter/,text,100,yes,same locale en; same page_type tool; same cluster text; crawl age delta 6d (15/15); internal links delta 0 (12/12); crawl depth matched; impression bucket 0/0 (8/8); similarity similarity-not-recorded (5/5); utility family text/text (7/7)
en,https://funnytools.win/en/tools/character-counter/,https://funnytools.win/en/tools/base64/,text,96,yes,same locale en; same page_type tool; same cluster text; crawl age delta 4d (15/15); internal links delta 6 (8/12); crawl depth matched; impression bucket 0/0 (8/8); similarity similarity-not-recorded (5/5); utility family text/text (7/7)
en,https://funnytools.win/en/tools/character-counter/,https://funnytools.win/en/tools/case-converter/,text,100,yes,same locale en; same page_type tool; same cluster text; crawl age delta 2d (15/15); internal links delta 3 (12/12); crawl depth matched; impression bucket 0/0 (8/8); similarity similarity-not-recorded (5/5); utility family text/text (7/7)
en,https://funnytools.win/en/tools/character-counter/,https://funnytools.win/en/tools/csv-to-json/,text,100,yes,same locale en; same page_type tool; same cluster text; crawl age delta 1d (15/15); internal links delta 3 (12/12); crawl depth matched; impression bucket 0/0 (8/8); similarity low-similarity-0.724 (5/5); utility family text/text (7/7)
en,https://funnytools.win/en/tools/character-counter/,https://funnytools.win/en/tools/json-formatter/,text,95,yes,same locale en; same page_type tool; same cluster text; crawl age delta 10d (10/15); internal links delta 3 (12/12); crawl depth matched; impression bucket 0/0 (8/8); similarity similarity-not-recorded (5/5); utility family text/text (7/7)
en,https://funnytools.win/en/tools/character-counter/,https://funnytools.win/en/tools/json-to-csv/,text,100,yes,same locale en; same page_type tool; same cluster text; crawl age delta 1d (15/15); internal links delta 5 (12/12); crawl depth matched; impression bucket 0/0 (8/8); similarity low-similarity-0.724 (5/5); utility family text/text (7/7)
en,https://funnytools.win/en/tools/character-counter/,https://funnytools.win/en/tools/markdown-previewer/,text,96,yes,same locale en; same page_type tool; same cluster text; crawl age delta 2d (15/15); internal links delta 6 (8/12); crawl depth matched; impression bucket 0/0 (8/8); similarity similarity-not-recorded (5/5); utility family text/text (7/7)
en,https://funnytools.win/en/tools/character-counter/,https://funnytools.win/en/tools/remove-duplicate-lines/,text,96,yes,same locale en; same page_type tool; same cluster text; crawl age delta 1d (15/15); internal links delta 6 (8/12); crawl depth matched; impression bucket 0/0 (8/8); similarity similarity-not-recorded (5/5); utility family text/text (7/7)
en,https://funnytools.win/en/tools/character-counter/,https://funnytools.win/en/tools/remove-empty-lines/,text,96,yes,same locale en; same page_type tool; same cluster text; crawl age delta 4d (15/15); internal links delta 6 (8/12); crawl depth matched; impression bucket 0/0 (8/8); similarity similarity-not-recorded (5/5); utility family text/text (7/7)
en,https://funnytools.win/en/tools/character-counter/,https://funnytools.win/en/tools/sort-lines/,text,86,yes,same locale en; same page_type tool; same cluster text; crawl age delta 17d (5/15); internal links delta 6 (8/12); crawl depth matched; impression bucket 0/0 (8/8); similarity similarity-not-recorded (5/5); utility family text/text (7/7)
en,https://funnytools.win/en/tools/character-counter/,https://funnytools.win/en/tools/url-encoder/,text,100,yes,same locale en; same page_type tool; same cluster text; crawl age delta 4d (15/15); internal links delta 2 (12/12); crawl depth matched; impression bucket 0/0 (8/8); similarity similarity-not-recorded (5/5); utility family text/text (7/7)
en,https://funnytools.win/en/tools/character-counter/,https://funnytools.win/en/tools/word-counter/,text,95,yes,same locale en; same page_type tool; same cluster text; crawl age delta 8d (10/15); internal links delta 3 (12/12); crawl depth matched; impression bucket 0/0 (8/8); similarity similarity-not-recorded (5/5); utility family text/text (7/7)
en,https://funnytools.win/en/tools/class-rank-percentile-calculator/,https://funnytools.win/en/tools/cronbach-alpha-calculator/,statistics,95,yes,same locale en; same page_type tool; same cluster statistics; crawl age delta 14d (10/15); internal links delta 1 (12/12); crawl depth matched; impression bucket 1-10/1-10 (8/8); similarity low-similarity-0.599 (5/5); utility family calculator/calculator (7/7)
en,https://funnytools.win/en/tools/class-rank-percentile-calculator/,https://funnytools.win/en/tools/grade-average/,statistics,95,yes,same locale en; same page_type tool; same cluster statistics; crawl age delta 12d (10/15); internal links delta 1 (12/12); crawl depth matched; impression bucket 1-10/1-10 (8/8); similarity low-similarity-0.599 (5/5); utility family calculator/calculator (7/7)
en,https://funnytools.win/en/tools/class-rank-percentile-calculator/,https://funnytools.win/en/tools/independent-samples-t-test-calculator/,statistics,96,yes,same locale en; same page_type tool; same cluster statistics; crawl age delta 2d (15/15); internal links delta 1 (12/12); crawl depth matched; impression bucket 1-10/0 (4/8); similarity low-similarity-0.599 (5/5); utility family calculator/calculator (7/7)
en,https://funnytools.win/en/tools/class-rank-percentile-calculator/,https://funnytools.win/en/tools/normalized-score-converter/,statistics,100,yes,same locale en; same page_type tool; same cluster statistics; crawl age delta 0d (15/15); internal links delta 1 (12/12); crawl depth matched; impression bucket 1-10/1-10 (8/8); similarity low-similarity-0.626 (5/5); utility family calculator/calculator (7/7)
en,https://funnytools.win/en/tools/class-rank-percentile-calculator/,https://funnytools.win/en/tools/percentage-calculator/,statistics,100,yes,same locale en; same page_type tool; same cluster statistics; crawl age delta 7d (15/15); internal links delta 1 (12/12); crawl depth matched; impression bucket 1-10/1-10 (8/8); similarity low-similarity-0.599 (5/5); utility family calculator/calculator (7/7)
en,https://funnytools.win/en/tools/class-rank-percentile-calculator/,https://funnytools.win/en/tools/percentile-rank-calculator/,statistics,100,yes,same locale en; same page_type tool; same cluster statistics; crawl age delta 7d (15/15); internal links delta 2 (12/12); crawl depth matched; impression bucket 1-10/1-10 (8/8); similarity low-similarity-0.599 (5/5); utility family calculator/calculator (7/7)
en,https://funnytools.win/en/tools/class-rank-percentile-calculator/,https://funnytools.win/en/tools/standard-deviation/,statistics,91,yes,same locale en; same page_type tool; same cluster statistics; crawl age delta 10d (10/15); internal links delta 3 (12/12); crawl depth matched; impression bucket 1-10/0 (4/8); similarity low-similarity-0.674 (5/5); utility family calculator/calculator (7/7)
en,https://funnytools.win/en/tools/class-rank-percentile-calculator/,https://funnytools.win/en/tools/t-score-calculator/,statistics,91,yes,same locale en; same page_type tool; same cluster statistics; crawl age delta 3d (15/15); internal links delta 6 (8/12); crawl depth matched; impression bucket 1-10/1-10 (8/8); similarity high-risk-marker (0/5); utility family calculator/calculator (7/7)
en,https://funnytools.win/en/tools/class-rank-percentile-calculator/,https://funnytools.win/en/tools/teacher-exam-score-converter/,statistics,100,yes,same locale en; same page_type tool; same cluster statistics; crawl age delta 3d (15/15); internal links delta 2 (12/12); crawl depth matched; impression bucket 1-10/1-10 (8/8); similarity low-similarity-0.700 (5/5); utility family calculator/calculator (7/7)
en,https://funnytools.win/en/tools/class-rank-percentile-calculator/,https://funnytools.win/en/tools/weighted-average-calculator/,statistics,100,yes,same locale en; same page_type tool; same cluster statistics; crawl age delta 0d (15/15); internal links delta 3 (12/12); crawl depth matched; impression bucket 1-10/1-10 (8/8); similarity low-similarity-0.700 (5/5); utility family calculator/calculator (7/7)
en,https://funnytools.win/en/tools/class-rank-percentile-calculator/,https://funnytools.win/en/tools/z-score-calculator/,statistics,96,yes,same locale en; same page_type tool; same cluster statistics; crawl age delta 2d (15/15); internal links delta 4 (12/12); crawl depth matched; impression bucket 1-10/0 (4/8); similarity low-similarity-0.764 (5/5); utility family calculator/calculator (7/7)
en,https://funnytools.win/en/tools/color-generator/,https://funnytools.win/en/tools/dice-roller/,random,100,yes,same locale en; same page_type tool; same cluster random; crawl age delta 2d (15/15); internal links delta 1 (12/12); crawl depth matched; impression bucket 0/0 (8/8); similarity similarity-not-recorded (5/5); utility family random/random (7/7)
en,https://funnytools.win/en/tools/color-generator/,https://funnytools.win/en/tools/password-generator/,random,100,yes,same locale en; same page_type tool; same cluster random; crawl age delta 3d (15/15); internal links delta 1 (12/12); crawl depth matched; impression bucket 0/0 (8/8); similarity similarity-not-recorded (5/5); utility family random/random (7/7)
en,https://funnytools.win/en/tools/color-generator/,https://funnytools.win/en/tools/random-name-picker/,random,100,yes,same locale en; same page_type tool; same cluster random; crawl age delta 1d (15/15); internal links delta 3 (12/12); crawl depth matched; impression bucket 0/0 (8/8); similarity similarity-not-recorded (5/5); utility family random/random (7/7)
en,https://funnytools.win/en/tools/color-generator/,https://funnytools.win/en/tools/random-number-picker/,random,90,yes,same locale en; same page_type tool; same cluster random; crawl age delta 20d (5/15); internal links delta 1 (12/12); crawl depth matched; impression bucket 0/0 (8/8); similarity similarity-not-recorded (5/5); utility family random/random (7/7)
en,https://funnytools.win/en/tools/color-generator/,https://funnytools.win/en/tools/random-wheel/,random,91,yes,same locale en; same page_type tool; same cluster random; crawl age delta 11d (10/15); internal links delta 2 (12/12); crawl depth matched; impression bucket 0/1-10 (4/8); similarity similarity-not-recorded (5/5); utility family random/random (7/7)
en,https://funnytools.win/en/tools/color-generator/,https://funnytools.win/en/tools/this-or-that/,random,100,yes,same locale en; same page_type tool; same cluster random; crawl age delta 2d (15/15); internal links delta 0 (12/12); crawl depth matched; impression bucket 0/0 (8/8); similarity similarity-not-recorded (5/5); utility family random/random (7/7)
en,https://funnytools.win/en/tools/color-generator/,https://funnytools.win/en/tools/uuid-generator/,random,90,yes,same locale en; same page_type tool; same cluster random; crawl age delta 17d (5/15); internal links delta 1 (12/12); crawl depth matched; impression bucket 0/0 (8/8); similarity similarity-not-recorded (5/5); utility family random/random (7/7)
en,https://funnytools.win/en/tools/color-generator/,https://funnytools.win/en/tools/what-to-eat/,random,96,yes,same locale en; same page_type tool; same cluster random; crawl age delta 1d (15/15); internal links delta 0 (12/12); crawl depth matched; impression bucket 0/1-10 (4/8); similarity similarity-not-recorded (5/5); utility family random/random (7/7)
en,https://funnytools.win/en/tools/compound-interest/,https://funnytools.win/en/tools/inflation/,money,96,yes,same locale en; same page_type tool; same cluster money; crawl age delta 3d (15/15); internal links delta 0 (12/12); crawl depth matched; impression bucket 1-10/0 (4/8); similarity similarity-not-recorded (5/5); utility family calculator/calculator (7/7)
en,https://funnytools.win/en/tools/compound-interest/,https://funnytools.win/en/tools/mortgage-payment/,money,96,yes,same locale en; same page_type tool; same cluster money; crawl age delta 6d (15/15); internal links delta 0 (12/12); crawl depth matched; impression bucket 1-10/0 (4/8); similarity similarity-not-recorded (5/5); utility family calculator/calculator (7/7)
en,https://funnytools.win/en/tools/compound-interest/,https://funnytools.win/en/tools/net-salary/,money,100,yes,same locale en; same page_type tool; same cluster money; crawl age delta 1d (15/15); internal links delta 0 (12/12); crawl depth matched; impression bucket 1-10/1-10 (8/8); similarity similarity-not-recorded (5/5); utility family calculator/calculator (7/7)
en,https://funnytools.win/en/tools/compound-interest/,https://funnytools.win/en/tools/overtime-pay/,money,86,yes,same locale en; same page_type tool; same cluster money; crawl age delta 17d (5/15); internal links delta 0 (12/12); crawl depth matched; impression bucket 1-10/0 (4/8); similarity similarity-not-recorded (5/5); utility family calculator/calculator (7/7)
en,https://funnytools.win/en/tools/compound-interest/,https://funnytools.win/en/tools/savings-goal/,money,91,yes,same locale en; same page_type tool; same cluster money; crawl age delta 14d (10/15); internal links delta 0 (12/12); crawl depth matched; impression bucket 1-10/0 (4/8); similarity similarity-not-recorded (5/5); utility family calculator/calculator (7/7)
en,https://funnytools.win/en/tools/countdown-timer/,https://funnytools.win/en/tools/break-reminder/,time,91,yes,same locale en; same page_type tool; same cluster time; crawl age delta 12d (10/15); internal links delta 6 (8/12); crawl depth matched; impression bucket 0/0 (8/8); similarity similarity-not-recorded (5/5); utility family time/time (7/7)
en,https://funnytools.win/en/tools/countdown-timer/,https://funnytools.win/en/tools/business-days/,time,95,yes,same locale en; same page_type tool; same cluster time; crawl age delta 14d (10/15); internal links delta 5 (12/12); crawl depth matched; impression bucket 0/0 (8/8); similarity similarity-not-recorded (5/5); utility family time/time (7/7)
en,https://funnytools.win/en/tools/countdown-timer/,https://funnytools.win/en/tools/date-difference/,time,95,yes,same locale en; same page_type tool; same cluster time; crawl age delta 8d (10/15); internal links delta 5 (12/12); crawl depth matched; impression bucket 0/0 (8/8); similarity similarity-not-recorded (5/5); utility family time/time (7/7)
en,https://funnytools.win/en/tools/countdown-timer/,https://funnytools.win/en/tools/timestamp-converter/,time,91,yes,same locale en; same page_type tool; same cluster time; crawl age delta 10d (10/15); internal links delta 6 (8/12); crawl depth matched; impression bucket 0/0 (8/8); similarity similarity-not-recorded (5/5); utility family time/time (7/7)
en,https://funnytools.win/en/tools/cronbach-alpha-calculator/,https://funnytools.win/en/tools/class-rank-percentile-calculator/,statistics,95,yes,same locale en; same page_type tool; same cluster statistics; crawl age delta 14d (10/15); internal links delta 1 (12/12); crawl depth matched; impression bucket 1-10/1-10 (8/8); similarity low-similarity-0.599 (5/5); utility family calculator/calculator (7/7)
en,https://funnytools.win/en/tools/cronbach-alpha-calculator/,https://funnytools.win/en/tools/grade-average/,statistics,100,yes,same locale en; same page_type tool; same cluster statistics; crawl age delta 2d (15/15); internal links delta 2 (12/12); crawl depth matched; impression bucket 1-10/1-10 (8/8); similarity similarity-not-recorded (5/5); utility family calculator/calculator (7/7)
en,https://funnytools.win/en/tools/cronbach-alpha-calculator/,https://funnytools.win/en/tools/independent-samples-t-test-calculator/,statistics,86,yes,same locale en; same page_type tool; same cluster statistics; crawl age delta 16d (5/15); internal links delta 2 (12/12); crawl depth matched; impression bucket 1-10/0 (4/8); similarity similarity-not-recorded (5/5); utility family calculator/calculator (7/7)
en,https://funnytools.win/en/tools/cronbach-alpha-calculator/,https://funnytools.win/en/tools/normalized-score-converter/,statistics,95,yes,same locale en; same page_type tool; same cluster statistics; crawl age delta 14d (10/15); internal links delta 0 (12/12); crawl depth matched; impression bucket 1-10/1-10 (8/8); similarity low-similarity-0.626 (5/5); utility family calculator/calculator (7/7)
en,https://funnytools.win/en/tools/cronbach-alpha-calculator/,https://funnytools.win/en/tools/percentage-calculator/,statistics,100,yes,same locale en; same page_type tool; same cluster statistics; crawl age delta 7d (15/15); internal links delta 2 (12/12); crawl depth matched; impression bucket 1-10/1-10 (8/8); similarity similarity-not-recorded (5/5); utility family calculator/calculator (7/7)
en,https://funnytools.win/en/tools/cronbach-alpha-calculator/,https://funnytools.win/en/tools/percentile-rank-calculator/,statistics,100,yes,same locale en; same page_type tool; same cluster statistics; crawl age delta 7d (15/15); internal links delta 3 (12/12); crawl depth matched; impression bucket 1-10/1-10 (8/8); similarity low-similarity-0.599 (5/5); utility family calculator/calculator (7/7)
en,https://funnytools.win/en/tools/cronbach-alpha-calculator/,https://funnytools.win/en/tools/standard-deviation/,statistics,96,yes,same locale en; same page_type tool; same cluster statistics; crawl age delta 4d (15/15); internal links delta 4 (12/12); crawl depth matched; impression bucket 1-10/0 (4/8); similarity low-similarity-0.674 (5/5); utility family calculator/calculator (7/7)
en,https://funnytools.win/en/tools/cronbach-alpha-calculator/,https://funnytools.win/en/tools/t-score-calculator/,statistics,81,yes,same locale en; same page_type tool; same cluster statistics; crawl age delta 17d (5/15); internal links delta 7 (8/12); crawl depth matched; impression bucket 1-10/1-10 (8/8); similarity high-risk-marker (0/5); utility family calculator/calculator (7/7)
en,https://funnytools.win/en/tools/cronbach-alpha-calculator/,https://funnytools.win/en/tools/teacher-exam-score-converter/,statistics,95,yes,same locale en; same page_type tool; same cluster statistics; crawl age delta 11d (10/15); internal links delta 3 (12/12); crawl depth matched; impression bucket 1-10/1-10 (8/8); similarity low-similarity-0.700 (5/5); utility family calculator/calculator (7/7)
en,https://funnytools.win/en/tools/cronbach-alpha-calculator/,https://funnytools.win/en/tools/weighted-average-calculator/,statistics,95,yes,same locale en; same page_type tool; same cluster statistics; crawl age delta 14d (10/15); internal links delta 4 (12/12); crawl depth matched; impression bucket 1-10/1-10 (8/8); similarity low-similarity-0.700 (5/5); utility family calculator/calculator (7/7)
en,https://funnytools.win/en/tools/cronbach-alpha-calculator/,https://funnytools.win/en/tools/z-score-calculator/,statistics,91,yes,same locale en; same page_type tool; same cluster statistics; crawl age delta 12d (10/15); internal links delta 5 (12/12); crawl depth matched; impression bucket 1-10/0 (4/8); similarity low-similarity-0.764 (5/5); utility family calculator/calculator (7/7)
en,https://funnytools.win/en/tools/csv-to-json/,https://funnytools.win/en/tools/base64/,text,100,yes,same locale en; same page_type tool; same cluster text; crawl age delta 3d (15/15); internal links delta 3 (12/12); crawl depth matched; impression bucket 0/0 (8/8); similarity low-similarity-0.724 (5/5); utility family text/text (7/7)
en,https://funnytools.win/en/tools/csv-to-json/,https://funnytools.win/en/tools/case-converter/,text,100,yes,same locale en; same page_type tool; same cluster text; crawl age delta 3d (15/15); internal links delta 0 (12/12); crawl depth matched; impression bucket 0/0 (8/8); similarity low-similarity-0.724 (5/5); utility family text/text (7/7)
en,https://funnytools.win/en/tools/csv-to-json/,https://funnytools.win/en/tools/character-counter/,text,100,yes,same locale en; same page_type tool; same cluster text; crawl age delta 1d (15/15); internal links delta 3 (12/12); crawl depth matched; impression bucket 0/0 (8/8); similarity low-similarity-0.724 (5/5); utility family text/text (7/7)
en,https://funnytools.win/en/tools/csv-to-json/,https://funnytools.win/en/tools/json-formatter/,text,95,yes,same locale en; same page_type tool; same cluster text; crawl age delta 11d (10/15); internal links delta 0 (12/12); crawl depth matched; impression bucket 0/0 (8/8); similarity low-similarity-0.724 (5/5); utility family text/text (7/7)
en,https://funnytools.win/en/tools/csv-to-json/,https://funnytools.win/en/tools/json-to-csv/,text,100,yes,same locale en; same page_type tool; same cluster text; crawl age delta 2d (15/15); internal links delta 2 (12/12); crawl depth matched; impression bucket 0/0 (8/8); similarity low-similarity-0.724 (5/5); utility family text/text (7/7)
en,https://funnytools.win/en/tools/csv-to-json/,https://funnytools.win/en/tools/markdown-previewer/,text,100,yes,same locale en; same page_type tool; same cluster text; crawl age delta 3d (15/15); internal links delta 3 (12/12); crawl depth matched; impression bucket 0/0 (8/8); similarity low-similarity-0.724 (5/5); utility family text/text (7/7)
en,https://funnytools.win/en/tools/csv-to-json/,https://funnytools.win/en/tools/remove-duplicate-lines/,text,100,yes,same locale en; same page_type tool; same cluster text; crawl age delta 0d (15/15); internal links delta 3 (12/12); crawl depth matched; impression bucket 0/0 (8/8); similarity low-similarity-0.724 (5/5); utility family text/text (7/7)
en,https://funnytools.win/en/tools/csv-to-json/,https://funnytools.win/en/tools/remove-empty-lines/,text,100,yes,same locale en; same page_type tool; same cluster text; crawl age delta 3d (15/15); internal links delta 3 (12/12); crawl depth matched; impression bucket 0/0 (8/8); similarity low-similarity-0.724 (5/5); utility family text/text (7/7)
en,https://funnytools.win/en/tools/csv-to-json/,https://funnytools.win/en/tools/sort-lines/,text,90,yes,same locale en; same page_type tool; same cluster text; crawl age delta 18d (5/15); internal links delta 3 (12/12); crawl depth matched; impression bucket 0/0 (8/8); similarity low-similarity-0.724 (5/5); utility family text/text (7/7)
en,https://funnytools.win/en/tools/csv-to-json/,https://funnytools.win/en/tools/url-encoder/,text,100,yes,same locale en; same page_type tool; same cluster text; crawl age delta 5d (15/15); internal links delta 1 (12/12); crawl depth matched; impression bucket 0/0 (8/8); similarity low-similarity-0.724 (5/5); utility family text/text (7/7)
en,https://funnytools.win/en/tools/csv-to-json/,https://funnytools.win/en/tools/word-counter/,text,95,yes,same locale en; same page_type tool; same cluster text; crawl age delta 9d (10/15); internal links delta 0 (12/12); crawl depth matched; impression bucket 0/0 (8/8); similarity low-similarity-0.724 (5/5); utility family text/text (7/7)
en,https://funnytools.win/en/tools/date-difference/,https://funnytools.win/en/tools/break-reminder/,time,100,yes,same locale en; same page_type tool; same cluster time; crawl age delta 4d (15/15); internal links delta 1 (12/12); crawl depth matched; impression bucket 0/0 (8/8); similarity similarity-not-recorded (5/5); utility family time/time (7/7)
en,https://funnytools.win/en/tools/date-difference/,https://funnytools.win/en/tools/business-days/,time,100,yes,same locale en; same page_type tool; same cluster time; crawl age delta 6d (15/15); internal links delta 0 (12/12); crawl depth matched; impression bucket 0/0 (8/8); similarity similarity-not-recorded (5/5); utility family time/time (7/7)
en,https://funnytools.win/en/tools/date-difference/,https://funnytools.win/en/tools/countdown-timer/,time,95,yes,same locale en; same page_type tool; same cluster time; crawl age delta 8d (10/15); internal links delta 5 (12/12); crawl depth matched; impression bucket 0/0 (8/8); similarity similarity-not-recorded (5/5); utility family time/time (7/7)
en,https://funnytools.win/en/tools/date-difference/,https://funnytools.win/en/tools/timestamp-converter/,time,100,yes,same locale en; same page_type tool; same cluster time; crawl age delta 2d (15/15); internal links delta 1 (12/12); crawl depth matched; impression bucket 0/0 (8/8); similarity similarity-not-recorded (5/5); utility family time/time (7/7)
en,https://funnytools.win/en/tools/delete-pdf-pages/,https://funnytools.win/en/tools/extract-pdf-pages/,pdf,95,yes,same locale en; same page_type tool; same cluster pdf; crawl age delta 7d (15/15); internal links delta 3 (12/12); crawl depth matched; impression bucket 0/0 (8/8); similarity high-risk-marker (0/5); utility family pdf/pdf (7/7)
en,https://funnytools.win/en/tools/delete-pdf-pages/,https://funnytools.win/en/tools/images-to-pdf/,pdf,90,yes,same locale en; same page_type tool; same cluster pdf; crawl age delta 9d (10/15); internal links delta 3 (12/12); crawl depth matched; impression bucket 0/0 (8/8); similarity high-risk-marker (0/5); utility family pdf/pdf (7/7)
en,https://funnytools.win/en/tools/delete-pdf-pages/,https://funnytools.win/en/tools/merge-pdf/,pdf,95,yes,same locale en; same page_type tool; same cluster pdf; crawl age delta 7d (15/15); internal links delta 5 (12/12); crawl depth matched; impression bucket 0/0 (8/8); similarity high-risk-marker (0/5); utility family pdf/pdf (7/7)
en,https://funnytools.win/en/tools/delete-pdf-pages/,https://funnytools.win/en/tools/pdf-compressor/,pdf,95,yes,same locale en; same page_type tool; same cluster pdf; crawl age delta 1d (15/15); internal links delta 5 (12/12); crawl depth matched; impression bucket 0/0 (8/8); similarity high-risk-marker (0/5); utility family pdf/pdf (7/7)
en,https://funnytools.win/en/tools/delete-pdf-pages/,https://funnytools.win/en/tools/pdf-page-reorder/,pdf,95,yes,same locale en; same page_type tool; same cluster pdf; crawl age delta 2d (15/15); internal links delta 3 (12/12); crawl depth matched; impression bucket 0/0 (8/8); similarity high-risk-marker (0/5); utility family pdf/pdf (7/7)
en,https://funnytools.win/en/tools/delete-pdf-pages/,https://funnytools.win/en/tools/split-pdf/,pdf,95,yes,same locale en; same page_type tool; same cluster pdf; crawl age delta 2d (15/15); internal links delta 5 (12/12); crawl depth matched; impression bucket 0/0 (8/8); similarity high-risk-marker (0/5); utility family pdf/pdf (7/7)
en,https://funnytools.win/en/tools/dice-roller/,https://funnytools.win/en/tools/color-generator/,random,100,yes,same locale en; same page_type tool; same cluster random; crawl age delta 2d (15/15); internal links delta 1 (12/12); crawl depth matched; impression bucket 0/0 (8/8); similarity similarity-not-recorded (5/5); utility family random/random (7/7)
en,https://funnytools.win/en/tools/dice-roller/,https://funnytools.win/en/tools/password-generator/,random,100,yes,same locale en; same page_type tool; same cluster random; crawl age delta 1d (15/15); internal links delta 2 (12/12); crawl depth matched; impression bucket 0/0 (8/8); similarity similarity-not-recorded (5/5); utility family random/random (7/7)
en,https://funnytools.win/en/tools/dice-roller/,https://funnytools.win/en/tools/random-name-picker/,random,100,yes,same locale en; same page_type tool; same cluster random; crawl age delta 3d (15/15); internal links delta 2 (12/12); crawl depth matched; impression bucket 0/0 (8/8); similarity similarity-not-recorded (5/5); utility family random/random (7/7)
en,https://funnytools.win/en/tools/dice-roller/,https://funnytools.win/en/tools/random-number-picker/,random,90,yes,same locale en; same page_type tool; same cluster random; crawl age delta 18d (5/15); internal links delta 2 (12/12); crawl depth matched; impression bucket 0/0 (8/8); similarity similarity-not-recorded (5/5); utility family random/random (7/7)
en,https://funnytools.win/en/tools/dice-roller/,https://funnytools.win/en/tools/random-wheel/,random,91,yes,same locale en; same page_type tool; same cluster random; crawl age delta 9d (10/15); internal links delta 1 (12/12); crawl depth matched; impression bucket 0/1-10 (4/8); similarity similarity-not-recorded (5/5); utility family random/random (7/7)
en,https://funnytools.win/en/tools/dice-roller/,https://funnytools.win/en/tools/this-or-that/,random,100,yes,same locale en; same page_type tool; same cluster random; crawl age delta 0d (15/15); internal links delta 1 (12/12); crawl depth matched; impression bucket 0/0 (8/8); similarity similarity-not-recorded (5/5); utility family random/random (7/7)
en,https://funnytools.win/en/tools/dice-roller/,https://funnytools.win/en/tools/uuid-generator/,random,90,yes,same locale en; same page_type tool; same cluster random; crawl age delta 19d (5/15); internal links delta 2 (12/12); crawl depth matched; impression bucket 0/0 (8/8); similarity similarity-not-recorded (5/5); utility family random/random (7/7)
en,https://funnytools.win/en/tools/dice-roller/,https://funnytools.win/en/tools/what-to-eat/,random,96,yes,same locale en; same page_type tool; same cluster random; crawl age delta 1d (15/15); internal links delta 1 (12/12); crawl depth matched; impression bucket 0/1-10 (4/8); similarity similarity-not-recorded (5/5); utility family random/random (7/7)
en,https://funnytools.win/en/tools/extract-pdf-pages/,https://funnytools.win/en/tools/delete-pdf-pages/,pdf,95,yes,same locale en; same page_type tool; same cluster pdf; crawl age delta 7d (15/15); internal links delta 3 (12/12); crawl depth matched; impression bucket 0/0 (8/8); similarity high-risk-marker (0/5); utility family pdf/pdf (7/7)
en,https://funnytools.win/en/tools/extract-pdf-pages/,https://funnytools.win/en/tools/images-to-pdf/,pdf,95,yes,same locale en; same page_type tool; same cluster pdf; crawl age delta 2d (15/15); internal links delta 0 (12/12); crawl depth matched; impression bucket 0/0 (8/8); similarity high-risk-marker (0/5); utility family pdf/pdf (7/7)
en,https://funnytools.win/en/tools/extract-pdf-pages/,https://funnytools.win/en/tools/merge-pdf/,pdf,95,yes,same locale en; same page_type tool; same cluster pdf; crawl age delta 0d (15/15); internal links delta 2 (12/12); crawl depth matched; impression bucket 0/0 (8/8); similarity high-risk-marker (0/5); utility family pdf/pdf (7/7)
en,https://funnytools.win/en/tools/extract-pdf-pages/,https://funnytools.win/en/tools/pdf-compressor/,pdf,95,yes,same locale en; same page_type tool; same cluster pdf; crawl age delta 6d (15/15); internal links delta 2 (12/12); crawl depth matched; impression bucket 0/0 (8/8); similarity high-risk-marker (0/5); utility family pdf/pdf (7/7)
en,https://funnytools.win/en/tools/extract-pdf-pages/,https://funnytools.win/en/tools/pdf-page-reorder/,pdf,95,yes,same locale en; same page_type tool; same cluster pdf; crawl age delta 5d (15/15); internal links delta 0 (12/12); crawl depth matched; impression bucket 0/0 (8/8); similarity high-risk-marker (0/5); utility family pdf/pdf (7/7)
en,https://funnytools.win/en/tools/extract-pdf-pages/,https://funnytools.win/en/tools/split-pdf/,pdf,95,yes,same locale en; same page_type tool; same cluster pdf; crawl age delta 5d (15/15); internal links delta 2 (12/12); crawl depth matched; impression bucket 0/0 (8/8); similarity high-risk-marker (0/5); utility family pdf/pdf (7/7)
en,https://funnytools.win/en/tools/flowchart/,https://funnytools.win/en/tools/cad-2d/,draw,96,yes,same locale en; same page_type tool; same cluster draw; crawl age delta 5d (15/15); internal links delta 2 (12/12); crawl depth matched; impression bucket 1-10/10+ (4/8); similarity similarity-not-recorded (5/5); utility family draw/draw (7/7)
en,https://funnytools.win/en/tools/flowchart/,https://funnytools.win/en/tools/pie-chart-maker/,draw,96,yes,same locale en; same page_type tool; same cluster draw; crawl age delta 4d (15/15); internal links delta 1 (12/12); crawl depth matched; impression bucket 1-10/0 (4/8); similarity similarity-not-recorded (5/5); utility family draw/draw (7/7)
en,https://funnytools.win/en/tools/flowchart/,https://funnytools.win/en/tools/sketchpad/,draw,85,yes,same locale en; same page_type tool; same cluster draw; crawl age delta 30d (0/15); internal links delta 1 (12/12); crawl depth matched; impression bucket 1-10/1-10 (8/8); similarity similarity-not-recorded (5/5); utility family draw/draw (7/7)
en,https://funnytools.win/en/tools/gpa-calculator/,https://funnytools.win/en/tools/group-generator/,study,81,yes,same locale en; same page_type tool; same cluster study; crawl age delta 16d (5/15); internal links delta 5 (12/12); crawl depth matched; impression bucket 0/1-10 (4/8); similarity low-similarity-0.593 (5/5); utility family calculator/random (2/7)
en,https://funnytools.win/en/tools/gpa-calculator/,https://funnytools.win/en/tools/seating-chart/,study,80,yes,same locale en; same page_type tool; same cluster study; crawl age delta 23d (0/15); internal links delta 5 (12/12); crawl depth matched; impression bucket 0/0 (8/8); similarity similarity-not-recorded (5/5); utility family calculator/draw (2/7)
en,https://funnytools.win/en/tools/grade-average/,https://funnytools.win/en/tools/class-rank-percentile-calculator/,statistics,95,yes,same locale en; same page_type tool; same cluster statistics; crawl age delta 12d (10/15); internal links delta 1 (12/12); crawl depth matched; impression bucket 1-10/1-10 (8/8); similarity low-similarity-0.599 (5/5); utility family calculator/calculator (7/7)
en,https://funnytools.win/en/tools/grade-average/,https://funnytools.win/en/tools/cronbach-alpha-calculator/,statistics,100,yes,same locale en; same page_type tool; same cluster statistics; crawl age delta 2d (15/15); internal links delta 2 (12/12); crawl depth matched; impression bucket 1-10/1-10 (8/8); similarity similarity-not-recorded (5/5); utility family calculator/calculator (7/7)
en,https://funnytools.win/en/tools/grade-average/,https://funnytools.win/en/tools/independent-samples-t-test-calculator/,statistics,91,yes,same locale en; same page_type tool; same cluster statistics; crawl age delta 14d (10/15); internal links delta 0 (12/12); crawl depth matched; impression bucket 1-10/0 (4/8); similarity similarity-not-recorded (5/5); utility family calculator/calculator (7/7)
en,https://funnytools.win/en/tools/grade-average/,https://funnytools.win/en/tools/normalized-score-converter/,statistics,95,yes,same locale en; same page_type tool; same cluster statistics; crawl age delta 12d (10/15); internal links delta 2 (12/12); crawl depth matched; impression bucket 1-10/1-10 (8/8); similarity low-similarity-0.626 (5/5); utility family calculator/calculator (7/7)
en,https://funnytools.win/en/tools/grade-average/,https://funnytools.win/en/tools/percentage-calculator/,statistics,100,yes,same locale en; same page_type tool; same cluster statistics; crawl age delta 5d (15/15); internal links delta 0 (12/12); crawl depth matched; impression bucket 1-10/1-10 (8/8); similarity similarity-not-recorded (5/5); utility family calculator/calculator (7/7)
en,https://funnytools.win/en/tools/grade-average/,https://funnytools.win/en/tools/percentile-rank-calculator/,statistics,100,yes,same locale en; same page_type tool; same cluster statistics; crawl age delta 5d (15/15); internal links delta 1 (12/12); crawl depth matched; impression bucket 1-10/1-10 (8/8); similarity low-similarity-0.599 (5/5); utility family calculator/calculator (7/7)
en,https://funnytools.win/en/tools/grade-average/,https://funnytools.win/en/tools/standard-deviation/,statistics,96,yes,same locale en; same page_type tool; same cluster statistics; crawl age delta 2d (15/15); internal links delta 2 (12/12); crawl depth matched; impression bucket 1-10/0 (4/8); similarity low-similarity-0.674 (5/5); utility family calculator/calculator (7/7)
en,https://funnytools.win/en/tools/grade-average/,https://funnytools.win/en/tools/t-score-calculator/,statistics,85,yes,same locale en; same page_type tool; same cluster statistics; crawl age delta 15d (5/15); internal links delta 5 (12/12); crawl depth matched; impression bucket 1-10/1-10 (8/8); similarity high-risk-marker (0/5); utility family calculator/calculator (7/7)
en,https://funnytools.win/en/tools/grade-average/,https://funnytools.win/en/tools/teacher-exam-score-converter/,statistics,95,yes,same locale en; same page_type tool; same cluster statistics; crawl age delta 9d (10/15); internal links delta 1 (12/12); crawl depth matched; impression bucket 1-10/1-10 (8/8); similarity low-similarity-0.700 (5/5); utility family calculator/calculator (7/7)
en,https://funnytools.win/en/tools/grade-average/,https://funnytools.win/en/tools/weighted-average-calculator/,statistics,95,yes,same locale en; same page_type tool; same cluster statistics; crawl age delta 12d (10/15); internal links delta 2 (12/12); crawl depth matched; impression bucket 1-10/1-10 (8/8); similarity low-similarity-0.700 (5/5); utility family calculator/calculator (7/7)
en,https://funnytools.win/en/tools/grade-average/,https://funnytools.win/en/tools/z-score-calculator/,statistics,91,yes,same locale en; same page_type tool; same cluster statistics; crawl age delta 10d (10/15); internal links delta 3 (12/12); crawl depth matched; impression bucket 1-10/0 (4/8); similarity low-similarity-0.764 (5/5); utility family calculator/calculator (7/7)
en,https://funnytools.win/en/tools/group-generator/,https://funnytools.win/en/tools/gpa-calculator/,study,81,yes,same locale en; same page_type tool; same cluster study; crawl age delta 16d (5/15); internal links delta 5 (12/12); crawl depth matched; impression bucket 1-10/0 (4/8); similarity low-similarity-0.593 (5/5); utility family random/calculator (2/7)
en,https://funnytools.win/en/tools/group-generator/,https://funnytools.win/en/tools/seating-chart/,study,91,yes,same locale en; same page_type tool; same cluster study; crawl age delta 7d (15/15); internal links delta 0 (12/12); crawl depth matched; impression bucket 1-10/0 (4/8); similarity low-similarity-0.593 (5/5); utility family random/draw (2/7)
en,https://funnytools.win/en/tools/image-crop/,https://funnytools.win/en/tools/image-rotate-flip/,image,100,yes,same locale en; same page_type tool; same cluster image; crawl age delta 5d (15/15); internal links delta 3 (12/12); crawl depth matched; impression bucket 0/0 (8/8); similarity similarity-not-recorded (5/5); utility family image/image (7/7)
en,https://funnytools.win/en/tools/image-crop/,https://funnytools.win/en/tools/image-to-base64/,image,100,yes,same locale en; same page_type tool; same cluster image; crawl age delta 7d (15/15); internal links delta 3 (12/12); crawl depth matched; impression bucket 0/0 (8/8); similarity similarity-not-recorded (5/5); utility family image/image (7/7)
en,https://funnytools.win/en/tools/image-crop/,https://funnytools.win/en/tools/jpg-to-png/,image,95,yes,same locale en; same page_type tool; same cluster image; crawl age delta 2d (15/15); internal links delta 4 (12/12); crawl depth matched; impression bucket 0/0 (8/8); similarity high-risk-marker (0/5); utility family image/image (7/7)
en,https://funnytools.win/en/tools/image-crop/,https://funnytools.win/en/tools/jpg-to-webp/,image,95,yes,same locale en; same page_type tool; same cluster image; crawl age delta 0d (15/15); internal links delta 2 (12/12); crawl depth matched; impression bucket 0/0 (8/8); similarity high-risk-marker (0/5); utility family image/image (7/7)
en,https://funnytools.win/en/tools/image-crop/,https://funnytools.win/en/tools/png-to-jpg/,image,85,yes,same locale en; same page_type tool; same cluster image; crawl age delta 16d (5/15); internal links delta 2 (12/12); crawl depth matched; impression bucket 0/0 (8/8); similarity high-risk-marker (0/5); utility family image/image (7/7)
en,https://funnytools.win/en/tools/image-crop/,https://funnytools.win/en/tools/webp-to-jpg/,image,95,yes,same locale en; same page_type tool; same cluster image; crawl age delta 1d (15/15); internal links delta 4 (12/12); crawl depth matched; impression bucket 0/0 (8/8); similarity high-risk-marker (0/5); utility family image/image (7/7)
en,https://funnytools.win/en/tools/image-rotate-flip/,https://funnytools.win/en/tools/image-crop/,image,100,yes,same locale en; same page_type tool; same cluster image; crawl age delta 5d (15/15); internal links delta 3 (12/12); crawl depth matched; impression bucket 0/0 (8/8); similarity similarity-not-recorded (5/5); utility family image/image (7/7)
en,https://funnytools.win/en/tools/image-rotate-flip/,https://funnytools.win/en/tools/image-to-base64/,image,100,yes,same locale en; same page_type tool; same cluster image; crawl age delta 2d (15/15); internal links delta 0 (12/12); crawl depth matched; impression bucket 0/0 (8/8); similarity similarity-not-recorded (5/5); utility family image/image (7/7)
en,https://funnytools.win/en/tools/image-rotate-flip/,https://funnytools.win/en/tools/jpg-to-png/,image,95,yes,same locale en; same page_type tool; same cluster image; crawl age delta 3d (15/15); internal links delta 1 (12/12); crawl depth matched; impression bucket 0/0 (8/8); similarity high-risk-marker (0/5); utility family image/image (7/7)
en,https://funnytools.win/en/tools/image-rotate-flip/,https://funnytools.win/en/tools/jpg-to-webp/,image,95,yes,same locale en; same page_type tool; same cluster image; crawl age delta 5d (15/15); internal links delta 1 (12/12); crawl depth matched; impression bucket 0/0 (8/8); similarity high-risk-marker (0/5); utility family image/image (7/7)
en,https://funnytools.win/en/tools/image-rotate-flip/,https://funnytools.win/en/tools/png-to-jpg/,image,85,yes,same locale en; same page_type tool; same cluster image; crawl age delta 21d (5/15); internal links delta 1 (12/12); crawl depth matched; impression bucket 0/0 (8/8); similarity high-risk-marker (0/5); utility family image/image (7/7)
en,https://funnytools.win/en/tools/image-rotate-flip/,https://funnytools.win/en/tools/webp-to-jpg/,image,95,yes,same locale en; same page_type tool; same cluster image; crawl age delta 6d (15/15); internal links delta 1 (12/12); crawl depth matched; impression bucket 0/0 (8/8); similarity high-risk-marker (0/5); utility family image/image (7/7)
en,https://funnytools.win/en/tools/image-to-base64/,https://funnytools.win/en/tools/image-crop/,image,100,yes,same locale en; same page_type tool; same cluster image; crawl age delta 7d (15/15); internal links delta 3 (12/12); crawl depth matched; impression bucket 0/0 (8/8); similarity similarity-not-recorded (5/5); utility family image/image (7/7)
en,https://funnytools.win/en/tools/image-to-base64/,https://funnytools.win/en/tools/image-rotate-flip/,image,100,yes,same locale en; same page_type tool; same cluster image; crawl age delta 2d (15/15); internal links delta 0 (12/12); crawl depth matched; impression bucket 0/0 (8/8); similarity similarity-not-recorded (5/5); utility family image/image (7/7)
en,https://funnytools.win/en/tools/image-to-base64/,https://funnytools.win/en/tools/jpg-to-png/,image,95,yes,same locale en; same page_type tool; same cluster image; crawl age delta 5d (15/15); internal links delta 1 (12/12); crawl depth matched; impression bucket 0/0 (8/8); similarity high-risk-marker (0/5); utility family image/image (7/7)
en,https://funnytools.win/en/tools/image-to-base64/,https://funnytools.win/en/tools/jpg-to-webp/,image,95,yes,same locale en; same page_type tool; same cluster image; crawl age delta 7d (15/15); internal links delta 1 (12/12); crawl depth matched; impression bucket 0/0 (8/8); similarity high-risk-marker (0/5); utility family image/image (7/7)
en,https://funnytools.win/en/tools/image-to-base64/,https://funnytools.win/en/tools/png-to-jpg/,image,80,yes,same locale en; same page_type tool; same cluster image; crawl age delta 23d (0/15); internal links delta 1 (12/12); crawl depth matched; impression bucket 0/0 (8/8); similarity high-risk-marker (0/5); utility family image/image (7/7)
en,https://funnytools.win/en/tools/image-to-base64/,https://funnytools.win/en/tools/webp-to-jpg/,image,90,yes,same locale en; same page_type tool; same cluster image; crawl age delta 8d (10/15); internal links delta 1 (12/12); crawl depth matched; impression bucket 0/0 (8/8); similarity high-risk-marker (0/5); utility family image/image (7/7)
en,https://funnytools.win/en/tools/images-to-pdf/,https://funnytools.win/en/tools/delete-pdf-pages/,pdf,90,yes,same locale en; same page_type tool; same cluster pdf; crawl age delta 9d (10/15); internal links delta 3 (12/12); crawl depth matched; impression bucket 0/0 (8/8); similarity high-risk-marker (0/5); utility family pdf/pdf (7/7)
en,https://funnytools.win/en/tools/images-to-pdf/,https://funnytools.win/en/tools/extract-pdf-pages/,pdf,95,yes,same locale en; same page_type tool; same cluster pdf; crawl age delta 2d (15/15); internal links delta 0 (12/12); crawl depth matched; impression bucket 0/0 (8/8); similarity high-risk-marker (0/5); utility family pdf/pdf (7/7)
en,https://funnytools.win/en/tools/images-to-pdf/,https://funnytools.win/en/tools/merge-pdf/,pdf,100,yes,same locale en; same page_type tool; same cluster pdf; crawl age delta 2d (15/15); internal links delta 2 (12/12); crawl depth matched; impression bucket 0/0 (8/8); similarity similarity-not-recorded (5/5); utility family pdf/pdf (7/7)
en,https://funnytools.win/en/tools/images-to-pdf/,https://funnytools.win/en/tools/pdf-compressor/,pdf,95,yes,same locale en; same page_type tool; same cluster pdf; crawl age delta 8d (10/15); internal links delta 2 (12/12); crawl depth matched; impression bucket 0/0 (8/8); similarity similarity-not-recorded (5/5); utility family pdf/pdf (7/7)
en,https://funnytools.win/en/tools/images-to-pdf/,https://funnytools.win/en/tools/pdf-page-reorder/,pdf,100,yes,same locale en; same page_type tool; same cluster pdf; crawl age delta 7d (15/15); internal links delta 0 (12/12); crawl depth matched; impression bucket 0/0 (8/8); similarity similarity-not-recorded (5/5); utility family pdf/pdf (7/7)
en,https://funnytools.win/en/tools/images-to-pdf/,https://funnytools.win/en/tools/split-pdf/,pdf,100,yes,same locale en; same page_type tool; same cluster pdf; crawl age delta 7d (15/15); internal links delta 2 (12/12); crawl depth matched; impression bucket 0/0 (8/8); similarity similarity-not-recorded (5/5); utility family pdf/pdf (7/7)
en,https://funnytools.win/en/tools/independent-samples-t-test-calculator/,https://funnytools.win/en/tools/class-rank-percentile-calculator/,statistics,96,yes,same locale en; same page_type tool; same cluster statistics; crawl age delta 2d (15/15); internal links delta 1 (12/12); crawl depth matched; impression bucket 0/1-10 (4/8); similarity low-similarity-0.599 (5/5); utility family calculator/calculator (7/7)
en,https://funnytools.win/en/tools/independent-samples-t-test-calculator/,https://funnytools.win/en/tools/cronbach-alpha-calculator/,statistics,86,yes,same locale en; same page_type tool; same cluster statistics; crawl age delta 16d (5/15); internal links delta 2 (12/12); crawl depth matched; impression bucket 0/1-10 (4/8); similarity similarity-not-recorded (5/5); utility family calculator/calculator (7/7)
en,https://funnytools.win/en/tools/independent-samples-t-test-calculator/,https://funnytools.win/en/tools/grade-average/,statistics,91,yes,same locale en; same page_type tool; same cluster statistics; crawl age delta 14d (10/15); internal links delta 0 (12/12); crawl depth matched; impression bucket 0/1-10 (4/8); similarity similarity-not-recorded (5/5); utility family calculator/calculator (7/7)
en,https://funnytools.win/en/tools/independent-samples-t-test-calculator/,https://funnytools.win/en/tools/normalized-score-converter/,statistics,96,yes,same locale en; same page_type tool; same cluster statistics; crawl age delta 2d (15/15); internal links delta 2 (12/12); crawl depth matched; impression bucket 0/1-10 (4/8); similarity low-similarity-0.626 (5/5); utility family calculator/calculator (7/7)
en,https://funnytools.win/en/tools/independent-samples-t-test-calculator/,https://funnytools.win/en/tools/percentage-calculator/,statistics,91,yes,same locale en; same page_type tool; same cluster statistics; crawl age delta 9d (10/15); internal links delta 0 (12/12); crawl depth matched; impression bucket 0/1-10 (4/8); similarity similarity-not-recorded (5/5); utility family calculator/calculator (7/7)
en,https://funnytools.win/en/tools/independent-samples-t-test-calculator/,https://funnytools.win/en/tools/percentile-rank-calculator/,statistics,91,yes,same locale en; same page_type tool; same cluster statistics; crawl age delta 9d (10/15); internal links delta 1 (12/12); crawl depth matched; impression bucket 0/1-10 (4/8); similarity low-similarity-0.599 (5/5); utility family calculator/calculator (7/7)
en,https://funnytools.win/en/tools/independent-samples-t-test-calculator/,https://funnytools.win/en/tools/standard-deviation/,statistics,95,yes,same locale en; same page_type tool; same cluster statistics; crawl age delta 12d (10/15); internal links delta 2 (12/12); crawl depth matched; impression bucket 0/0 (8/8); similarity low-similarity-0.674 (5/5); utility family calculator/calculator (7/7)
en,https://funnytools.win/en/tools/independent-samples-t-test-calculator/,https://funnytools.win/en/tools/t-score-calculator/,statistics,91,yes,same locale en; same page_type tool; same cluster statistics; crawl age delta 1d (15/15); internal links delta 5 (12/12); crawl depth matched; impression bucket 0/1-10 (4/8); similarity high-risk-marker (0/5); utility family calculator/calculator (7/7)
en,https://funnytools.win/en/tools/independent-samples-t-test-calculator/,https://funnytools.win/en/tools/teacher-exam-score-converter/,statistics,96,yes,same locale en; same page_type tool; same cluster statistics; crawl age delta 5d (15/15); internal links delta 1 (12/12); crawl depth matched; impression bucket 0/1-10 (4/8); similarity low-similarity-0.700 (5/5); utility family calculator/calculator (7/7)
en,https://funnytools.win/en/tools/independent-samples-t-test-calculator/,https://funnytools.win/en/tools/weighted-average-calculator/,statistics,96,yes,same locale en; same page_type tool; same cluster statistics; crawl age delta 2d (15/15); internal links delta 2 (12/12); crawl depth matched; impression bucket 0/1-10 (4/8); similarity low-similarity-0.700 (5/5); utility family calculator/calculator (7/7)
en,https://funnytools.win/en/tools/independent-samples-t-test-calculator/,https://funnytools.win/en/tools/z-score-calculator/,statistics,100,yes,same locale en; same page_type tool; same cluster statistics; crawl age delta 4d (15/15); internal links delta 3 (12/12); crawl depth matched; impression bucket 0/0 (8/8); similarity low-similarity-0.764 (5/5); utility family calculator/calculator (7/7)
en,https://funnytools.win/en/tools/inflation/,https://funnytools.win/en/tools/compound-interest/,money,96,yes,same locale en; same page_type tool; same cluster money; crawl age delta 3d (15/15); internal links delta 0 (12/12); crawl depth matched; impression bucket 0/1-10 (4/8); similarity similarity-not-recorded (5/5); utility family calculator/calculator (7/7)
en,https://funnytools.win/en/tools/inflation/,https://funnytools.win/en/tools/mortgage-payment/,money,100,yes,same locale en; same page_type tool; same cluster money; crawl age delta 3d (15/15); internal links delta 0 (12/12); crawl depth matched; impression bucket 0/0 (8/8); similarity similarity-not-recorded (5/5); utility family calculator/calculator (7/7)
en,https://funnytools.win/en/tools/inflation/,https://funnytools.win/en/tools/net-salary/,money,96,yes,same locale en; same page_type tool; same cluster money; crawl age delta 4d (15/15); internal links delta 0 (12/12); crawl depth matched; impression bucket 0/1-10 (4/8); similarity similarity-not-recorded (5/5); utility family calculator/calculator (7/7)
en,https://funnytools.win/en/tools/inflation/,https://funnytools.win/en/tools/overtime-pay/,money,90,yes,same locale en; same page_type tool; same cluster money; crawl age delta 20d (5/15); internal links delta 0 (12/12); crawl depth matched; impression bucket 0/0 (8/8); similarity similarity-not-recorded (5/5); utility family calculator/calculator (7/7)
en,https://funnytools.win/en/tools/inflation/,https://funnytools.win/en/tools/savings-goal/,money,90,yes,same locale en; same page_type tool; same cluster money; crawl age delta 17d (5/15); internal links delta 0 (12/12); crawl depth matched; impression bucket 0/0 (8/8); similarity similarity-not-recorded (5/5); utility family calculator/calculator (7/7)
en,https://funnytools.win/en/tools/jpg-to-png/,https://funnytools.win/en/tools/image-crop/,image,95,yes,same locale en; same page_type tool; same cluster image; crawl age delta 2d (15/15); internal links delta 4 (12/12); crawl depth matched; impression bucket 0/0 (8/8); similarity high-risk-marker (0/5); utility family image/image (7/7)
en,https://funnytools.win/en/tools/jpg-to-png/,https://funnytools.win/en/tools/image-rotate-flip/,image,95,yes,same locale en; same page_type tool; same cluster image; crawl age delta 3d (15/15); internal links delta 1 (12/12); crawl depth matched; impression bucket 0/0 (8/8); similarity high-risk-marker (0/5); utility family image/image (7/7)
en,https://funnytools.win/en/tools/jpg-to-png/,https://funnytools.win/en/tools/image-to-base64/,image,95,yes,same locale en; same page_type tool; same cluster image; crawl age delta 5d (15/15); internal links delta 1 (12/12); crawl depth matched; impression bucket 0/0 (8/8); similarity high-risk-marker (0/5); utility family image/image (7/7)
en,https://funnytools.win/en/tools/jpg-to-png/,https://funnytools.win/en/tools/jpg-to-webp/,image,95,yes,same locale en; same page_type tool; same cluster image; crawl age delta 2d (15/15); internal links delta 2 (12/12); crawl depth matched; impression bucket 0/0 (8/8); similarity high-risk-marker (0/5); utility family image/image (7/7)
en,https://funnytools.win/en/tools/jpg-to-png/,https://funnytools.win/en/tools/png-to-jpg/,image,85,yes,same locale en; same page_type tool; same cluster image; crawl age delta 18d (5/15); internal links delta 2 (12/12); crawl depth matched; impression bucket 0/0 (8/8); similarity high-risk-marker (0/5); utility family image/image (7/7)
en,https://funnytools.win/en/tools/jpg-to-png/,https://funnytools.win/en/tools/webp-to-jpg/,image,95,yes,same locale en; same page_type tool; same cluster image; crawl age delta 3d (15/15); internal links delta 0 (12/12); crawl depth matched; impression bucket 0/0 (8/8); similarity high-risk-marker (0/5); utility family image/image (7/7)
en,https://funnytools.win/en/tools/jpg-to-webp/,https://funnytools.win/en/tools/image-crop/,image,95,yes,same locale en; same page_type tool; same cluster image; crawl age delta 0d (15/15); internal links delta 2 (12/12); crawl depth matched; impression bucket 0/0 (8/8); similarity high-risk-marker (0/5); utility family image/image (7/7)
en,https://funnytools.win/en/tools/jpg-to-webp/,https://funnytools.win/en/tools/image-rotate-flip/,image,95,yes,same locale en; same page_type tool; same cluster image; crawl age delta 5d (15/15); internal links delta 1 (12/12); crawl depth matched; impression bucket 0/0 (8/8); similarity high-risk-marker (0/5); utility family image/image (7/7)
en,https://funnytools.win/en/tools/jpg-to-webp/,https://funnytools.win/en/tools/image-to-base64/,image,95,yes,same locale en; same page_type tool; same cluster image; crawl age delta 7d (15/15); internal links delta 1 (12/12); crawl depth matched; impression bucket 0/0 (8/8); similarity high-risk-marker (0/5); utility family image/image (7/7)
en,https://funnytools.win/en/tools/jpg-to-webp/,https://funnytools.win/en/tools/jpg-to-png/,image,95,yes,same locale en; same page_type tool; same cluster image; crawl age delta 2d (15/15); internal links delta 2 (12/12); crawl depth matched; impression bucket 0/0 (8/8); similarity high-risk-marker (0/5); utility family image/image (7/7)
en,https://funnytools.win/en/tools/jpg-to-webp/,https://funnytools.win/en/tools/png-to-jpg/,image,85,yes,same locale en; same page_type tool; same cluster image; crawl age delta 16d (5/15); internal links delta 0 (12/12); crawl depth matched; impression bucket 0/0 (8/8); similarity high-risk-marker (0/5); utility family image/image (7/7)
en,https://funnytools.win/en/tools/jpg-to-webp/,https://funnytools.win/en/tools/webp-to-jpg/,image,95,yes,same locale en; same page_type tool; same cluster image; crawl age delta 1d (15/15); internal links delta 2 (12/12); crawl depth matched; impression bucket 0/0 (8/8); similarity high-risk-marker (0/5); utility family image/image (7/7)
en,https://funnytools.win/en/tools/json-formatter/,https://funnytools.win/en/tools/base64/,text,95,yes,same locale en; same page_type tool; same cluster text; crawl age delta 14d (10/15); internal links delta 3 (12/12); crawl depth matched; impression bucket 0/0 (8/8); similarity similarity-not-recorded (5/5); utility family text/text (7/7)
en,https://funnytools.win/en/tools/json-formatter/,https://funnytools.win/en/tools/case-converter/,text,95,yes,same locale en; same page_type tool; same cluster text; crawl age delta 8d (10/15); internal links delta 0 (12/12); crawl depth matched; impression bucket 0/0 (8/8); similarity similarity-not-recorded (5/5); utility family text/text (7/7)
en,https://funnytools.win/en/tools/json-formatter/,https://funnytools.win/en/tools/character-counter/,text,95,yes,same locale en; same page_type tool; same cluster text; crawl age delta 10d (10/15); internal links delta 3 (12/12); crawl depth matched; impression bucket 0/0 (8/8); similarity similarity-not-recorded (5/5); utility family text/text (7/7)
en,https://funnytools.win/en/tools/json-formatter/,https://funnytools.win/en/tools/csv-to-json/,text,95,yes,same locale en; same page_type tool; same cluster text; crawl age delta 11d (10/15); internal links delta 0 (12/12); crawl depth matched; impression bucket 0/0 (8/8); similarity low-similarity-0.724 (5/5); utility family text/text (7/7)
en,https://funnytools.win/en/tools/json-formatter/,https://funnytools.win/en/tools/json-to-csv/,text,95,yes,same locale en; same page_type tool; same cluster text; crawl age delta 9d (10/15); internal links delta 2 (12/12); crawl depth matched; impression bucket 0/0 (8/8); similarity low-similarity-0.724 (5/5); utility family text/text (7/7)
en,https://funnytools.win/en/tools/json-formatter/,https://funnytools.win/en/tools/markdown-previewer/,text,95,yes,same locale en; same page_type tool; same cluster text; crawl age delta 8d (10/15); internal links delta 3 (12/12); crawl depth matched; impression bucket 0/0 (8/8); similarity similarity-not-recorded (5/5); utility family text/text (7/7)
en,https://funnytools.win/en/tools/json-formatter/,https://funnytools.win/en/tools/remove-duplicate-lines/,text,95,yes,same locale en; same page_type tool; same cluster text; crawl age delta 11d (10/15); internal links delta 3 (12/12); crawl depth matched; impression bucket 0/0 (8/8); similarity similarity-not-recorded (5/5); utility family text/text (7/7)
en,https://funnytools.win/en/tools/json-formatter/,https://funnytools.win/en/tools/remove-empty-lines/,text,95,yes,same locale en; same page_type tool; same cluster text; crawl age delta 14d (10/15); internal links delta 3 (12/12); crawl depth matched; impression bucket 0/0 (8/8); similarity similarity-not-recorded (5/5); utility family text/text (7/7)
en,https://funnytools.win/en/tools/json-formatter/,https://funnytools.win/en/tools/sort-lines/,text,100,yes,same locale en; same page_type tool; same cluster text; crawl age delta 7d (15/15); internal links delta 3 (12/12); crawl depth matched; impression bucket 0/0 (8/8); similarity similarity-not-recorded (5/5); utility family text/text (7/7)
en,https://funnytools.win/en/tools/json-formatter/,https://funnytools.win/en/tools/url-encoder/,text,100,yes,same locale en; same page_type tool; same cluster text; crawl age delta 6d (15/15); internal links delta 1 (12/12); crawl depth matched; impression bucket 0/0 (8/8); similarity similarity-not-recorded (5/5); utility family text/text (7/7)
en,https://funnytools.win/en/tools/json-formatter/,https://funnytools.win/en/tools/word-counter/,text,100,yes,same locale en; same page_type tool; same cluster text; crawl age delta 2d (15/15); internal links delta 0 (12/12); crawl depth matched; impression bucket 0/0 (8/8); similarity similarity-not-recorded (5/5); utility family text/text (7/7)
en,https://funnytools.win/en/tools/json-to-csv/,https://funnytools.win/en/tools/base64/,text,100,yes,same locale en; same page_type tool; same cluster text; crawl age delta 5d (15/15); internal links delta 1 (12/12); crawl depth matched; impression bucket 0/0 (8/8); similarity low-similarity-0.724 (5/5); utility family text/text (7/7)
en,https://funnytools.win/en/tools/json-to-csv/,https://funnytools.win/en/tools/case-converter/,text,100,yes,same locale en; same page_type tool; same cluster text; crawl age delta 1d (15/15); internal links delta 2 (12/12); crawl depth matched; impression bucket 0/0 (8/8); similarity low-similarity-0.724 (5/5); utility family text/text (7/7)
en,https://funnytools.win/en/tools/json-to-csv/,https://funnytools.win/en/tools/character-counter/,text,100,yes,same locale en; same page_type tool; same cluster text; crawl age delta 1d (15/15); internal links delta 5 (12/12); crawl depth matched; impression bucket 0/0 (8/8); similarity low-similarity-0.724 (5/5); utility family text/text (7/7)
en,https://funnytools.win/en/tools/json-to-csv/,https://funnytools.win/en/tools/csv-to-json/,text,100,yes,same locale en; same page_type tool; same cluster text; crawl age delta 2d (15/15); internal links delta 2 (12/12); crawl depth matched; impression bucket 0/0 (8/8); similarity low-similarity-0.724 (5/5); utility family text/text (7/7)
en,https://funnytools.win/en/tools/json-to-csv/,https://funnytools.win/en/tools/json-formatter/,text,95,yes,same locale en; same page_type tool; same cluster text; crawl age delta 9d (10/15); internal links delta 2 (12/12); crawl depth matched; impression bucket 0/0 (8/8); similarity low-similarity-0.724 (5/5); utility family text/text (7/7)
en,https://funnytools.win/en/tools/json-to-csv/,https://funnytools.win/en/tools/markdown-previewer/,text,100,yes,same locale en; same page_type tool; same cluster text; crawl age delta 1d (15/15); internal links delta 1 (12/12); crawl depth matched; impression bucket 0/0 (8/8); similarity low-similarity-0.724 (5/5); utility family text/text (7/7)
en,https://funnytools.win/en/tools/json-to-csv/,https://funnytools.win/en/tools/remove-duplicate-lines/,text,100,yes,same locale en; same page_type tool; same cluster text; crawl age delta 2d (15/15); internal links delta 1 (12/12); crawl depth matched; impression bucket 0/0 (8/8); similarity low-similarity-0.724 (5/5); utility family text/text (7/7)
en,https://funnytools.win/en/tools/json-to-csv/,https://funnytools.win/en/tools/remove-empty-lines/,text,100,yes,same locale en; same page_type tool; same cluster text; crawl age delta 5d (15/15); internal links delta 1 (12/12); crawl depth matched; impression bucket 0/0 (8/8); similarity low-similarity-0.724 (5/5); utility family text/text (7/7)
en,https://funnytools.win/en/tools/json-to-csv/,https://funnytools.win/en/tools/sort-lines/,text,90,yes,same locale en; same page_type tool; same cluster text; crawl age delta 16d (5/15); internal links delta 1 (12/12); crawl depth matched; impression bucket 0/0 (8/8); similarity low-similarity-0.724 (5/5); utility family text/text (7/7)
en,https://funnytools.win/en/tools/json-to-csv/,https://funnytools.win/en/tools/url-encoder/,text,100,yes,same locale en; same page_type tool; same cluster text; crawl age delta 3d (15/15); internal links delta 3 (12/12); crawl depth matched; impression bucket 0/0 (8/8); similarity low-similarity-0.724 (5/5); utility family text/text (7/7)
en,https://funnytools.win/en/tools/json-to-csv/,https://funnytools.win/en/tools/word-counter/,text,100,yes,same locale en; same page_type tool; same cluster text; crawl age delta 7d (15/15); internal links delta 2 (12/12); crawl depth matched; impression bucket 0/0 (8/8); similarity low-similarity-0.724 (5/5); utility family text/text (7/7)
en,https://funnytools.win/en/tools/markdown-previewer/,https://funnytools.win/en/tools/base64/,text,100,yes,same locale en; same page_type tool; same cluster text; crawl age delta 6d (15/15); internal links delta 0 (12/12); crawl depth matched; impression bucket 0/0 (8/8); similarity similarity-not-recorded (5/5); utility family text/text (7/7)
en,https://funnytools.win/en/tools/markdown-previewer/,https://funnytools.win/en/tools/case-converter/,text,100,yes,same locale en; same page_type tool; same cluster text; crawl age delta 0d (15/15); internal links delta 3 (12/12); crawl depth matched; impression bucket 0/0 (8/8); similarity similarity-not-recorded (5/5); utility family text/text (7/7)
en,https://funnytools.win/en/tools/markdown-previewer/,https://funnytools.win/en/tools/character-counter/,text,96,yes,same locale en; same page_type tool; same cluster text; crawl age delta 2d (15/15); internal links delta 6 (8/12); crawl depth matched; impression bucket 0/0 (8/8); similarity similarity-not-recorded (5/5); utility family text/text (7/7)
en,https://funnytools.win/en/tools/markdown-previewer/,https://funnytools.win/en/tools/csv-to-json/,text,100,yes,same locale en; same page_type tool; same cluster text; crawl age delta 3d (15/15); internal links delta 3 (12/12); crawl depth matched; impression bucket 0/0 (8/8); similarity low-similarity-0.724 (5/5); utility family text/text (7/7)
en,https://funnytools.win/en/tools/markdown-previewer/,https://funnytools.win/en/tools/json-formatter/,text,95,yes,same locale en; same page_type tool; same cluster text; crawl age delta 8d (10/15); internal links delta 3 (12/12); crawl depth matched; impression bucket 0/0 (8/8); similarity similarity-not-recorded (5/5); utility family text/text (7/7)
en,https://funnytools.win/en/tools/markdown-previewer/,https://funnytools.win/en/tools/json-to-csv/,text,100,yes,same locale en; same page_type tool; same cluster text; crawl age delta 1d (15/15); internal links delta 1 (12/12); crawl depth matched; impression bucket 0/0 (8/8); similarity low-similarity-0.724 (5/5); utility family text/text (7/7)
en,https://funnytools.win/en/tools/markdown-previewer/,https://funnytools.win/en/tools/remove-duplicate-lines/,text,100,yes,same locale en; same page_type tool; same cluster text; crawl age delta 3d (15/15); internal links delta 0 (12/12); crawl depth matched; impression bucket 0/0 (8/8); similarity similarity-not-recorded (5/5); utility family text/text (7/7)
en,https://funnytools.win/en/tools/markdown-previewer/,https://funnytools.win/en/tools/remove-empty-lines/,text,100,yes,same locale en; same page_type tool; same cluster text; crawl age delta 6d (15/15); internal links delta 0 (12/12); crawl depth matched; impression bucket 0/0 (8/8); similarity similarity-not-recorded (5/5); utility family text/text (7/7)
en,https://funnytools.win/en/tools/markdown-previewer/,https://funnytools.win/en/tools/sort-lines/,text,90,yes,same locale en; same page_type tool; same cluster text; crawl age delta 15d (5/15); internal links delta 0 (12/12); crawl depth matched; impression bucket 0/0 (8/8); similarity similarity-not-recorded (5/5); utility family text/text (7/7)
en,https://funnytools.win/en/tools/markdown-previewer/,https://funnytools.win/en/tools/url-encoder/,text,100,yes,same locale en; same page_type tool; same cluster text; crawl age delta 2d (15/15); internal links delta 4 (12/12); crawl depth matched; impression bucket 0/0 (8/8); similarity similarity-not-recorded (5/5); utility family text/text (7/7)
en,https://funnytools.win/en/tools/markdown-previewer/,https://funnytools.win/en/tools/word-counter/,text,100,yes,same locale en; same page_type tool; same cluster text; crawl age delta 6d (15/15); internal links delta 3 (12/12); crawl depth matched; impression bucket 0/0 (8/8); similarity similarity-not-recorded (5/5); utility family text/text (7/7)
en,https://funnytools.win/en/tools/merge-pdf/,https://funnytools.win/en/tools/delete-pdf-pages/,pdf,95,yes,same locale en; same page_type tool; same cluster pdf; crawl age delta 7d (15/15); internal links delta 5 (12/12); crawl depth matched; impression bucket 0/0 (8/8); similarity high-risk-marker (0/5); utility family pdf/pdf (7/7)
en,https://funnytools.win/en/tools/merge-pdf/,https://funnytools.win/en/tools/extract-pdf-pages/,pdf,95,yes,same locale en; same page_type tool; same cluster pdf; crawl age delta 0d (15/15); internal links delta 2 (12/12); crawl depth matched; impression bucket 0/0 (8/8); similarity high-risk-marker (0/5); utility family pdf/pdf (7/7)
en,https://funnytools.win/en/tools/merge-pdf/,https://funnytools.win/en/tools/images-to-pdf/,pdf,100,yes,same locale en; same page_type tool; same cluster pdf; crawl age delta 2d (15/15); internal links delta 2 (12/12); crawl depth matched; impression bucket 0/0 (8/8); similarity similarity-not-recorded (5/5); utility family pdf/pdf (7/7)
en,https://funnytools.win/en/tools/merge-pdf/,https://funnytools.win/en/tools/pdf-compressor/,pdf,100,yes,same locale en; same page_type tool; same cluster pdf; crawl age delta 6d (15/15); internal links delta 0 (12/12); crawl depth matched; impression bucket 0/0 (8/8); similarity similarity-not-recorded (5/5); utility family pdf/pdf (7/7)
en,https://funnytools.win/en/tools/merge-pdf/,https://funnytools.win/en/tools/pdf-page-reorder/,pdf,100,yes,same locale en; same page_type tool; same cluster pdf; crawl age delta 5d (15/15); internal links delta 2 (12/12); crawl depth matched; impression bucket 0/0 (8/8); similarity similarity-not-recorded (5/5); utility family pdf/pdf (7/7)
en,https://funnytools.win/en/tools/merge-pdf/,https://funnytools.win/en/tools/split-pdf/,pdf,100,yes,same locale en; same page_type tool; same cluster pdf; crawl age delta 5d (15/15); internal links delta 0 (12/12); crawl depth matched; impression bucket 0/0 (8/8); similarity similarity-not-recorded (5/5); utility family pdf/pdf (7/7)
en,https://funnytools.win/en/tools/mortgage-payment/,https://funnytools.win/en/tools/compound-interest/,money,96,yes,same locale en; same page_type tool; same cluster money; crawl age delta 6d (15/15); internal links delta 0 (12/12); crawl depth matched; impression bucket 0/1-10 (4/8); similarity similarity-not-recorded (5/5); utility family calculator/calculator (7/7)
en,https://funnytools.win/en/tools/mortgage-payment/,https://funnytools.win/en/tools/inflation/,money,100,yes,same locale en; same page_type tool; same cluster money; crawl age delta 3d (15/15); internal links delta 0 (12/12); crawl depth matched; impression bucket 0/0 (8/8); similarity similarity-not-recorded (5/5); utility family calculator/calculator (7/7)
en,https://funnytools.win/en/tools/mortgage-payment/,https://funnytools.win/en/tools/net-salary/,money,96,yes,same locale en; same page_type tool; same cluster money; crawl age delta 7d (15/15); internal links delta 0 (12/12); crawl depth matched; impression bucket 0/1-10 (4/8); similarity similarity-not-recorded (5/5); utility family calculator/calculator (7/7)
en,https://funnytools.win/en/tools/mortgage-payment/,https://funnytools.win/en/tools/overtime-pay/,money,85,yes,same locale en; same page_type tool; same cluster money; crawl age delta 23d (0/15); internal links delta 0 (12/12); crawl depth matched; impression bucket 0/0 (8/8); similarity similarity-not-recorded (5/5); utility family calculator/calculator (7/7)
en,https://funnytools.win/en/tools/mortgage-payment/,https://funnytools.win/en/tools/savings-goal/,money,90,yes,same locale en; same page_type tool; same cluster money; crawl age delta 20d (5/15); internal links delta 0 (12/12); crawl depth matched; impression bucket 0/0 (8/8); similarity similarity-not-recorded (5/5); utility family calculator/calculator (7/7)
en,https://funnytools.win/en/tools/net-salary/,https://funnytools.win/en/tools/compound-interest/,money,100,yes,same locale en; same page_type tool; same cluster money; crawl age delta 1d (15/15); internal links delta 0 (12/12); crawl depth matched; impression bucket 1-10/1-10 (8/8); similarity similarity-not-recorded (5/5); utility family calculator/calculator (7/7)
en,https://funnytools.win/en/tools/net-salary/,https://funnytools.win/en/tools/inflation/,money,96,yes,same locale en; same page_type tool; same cluster money; crawl age delta 4d (15/15); internal links delta 0 (12/12); crawl depth matched; impression bucket 1-10/0 (4/8); similarity similarity-not-recorded (5/5); utility family calculator/calculator (7/7)
en,https://funnytools.win/en/tools/net-salary/,https://funnytools.win/en/tools/mortgage-payment/,money,96,yes,same locale en; same page_type tool; same cluster money; crawl age delta 7d (15/15); internal links delta 0 (12/12); crawl depth matched; impression bucket 1-10/0 (4/8); similarity similarity-not-recorded (5/5); utility family calculator/calculator (7/7)
en,https://funnytools.win/en/tools/net-salary/,https://funnytools.win/en/tools/overtime-pay/,money,86,yes,same locale en; same page_type tool; same cluster money; crawl age delta 16d (5/15); internal links delta 0 (12/12); crawl depth matched; impression bucket 1-10/0 (4/8); similarity similarity-not-recorded (5/5); utility family calculator/calculator (7/7)
en,https://funnytools.win/en/tools/net-salary/,https://funnytools.win/en/tools/savings-goal/,money,91,yes,same locale en; same page_type tool; same cluster money; crawl age delta 13d (10/15); internal links delta 0 (12/12); crawl depth matched; impression bucket 1-10/0 (4/8); similarity similarity-not-recorded (5/5); utility family calculator/calculator (7/7)
en,https://funnytools.win/en/tools/normalized-score-converter/,https://funnytools.win/en/tools/class-rank-percentile-calculator/,statistics,100,yes,same locale en; same page_type tool; same cluster statistics; crawl age delta 0d (15/15); internal links delta 1 (12/12); crawl depth matched; impression bucket 1-10/1-10 (8/8); similarity low-similarity-0.626 (5/5); utility family calculator/calculator (7/7)
en,https://funnytools.win/en/tools/normalized-score-converter/,https://funnytools.win/en/tools/cronbach-alpha-calculator/,statistics,95,yes,same locale en; same page_type tool; same cluster statistics; crawl age delta 14d (10/15); internal links delta 0 (12/12); crawl depth matched; impression bucket 1-10/1-10 (8/8); similarity low-similarity-0.626 (5/5); utility family calculator/calculator (7/7)
en,https://funnytools.win/en/tools/normalized-score-converter/,https://funnytools.win/en/tools/grade-average/,statistics,95,yes,same locale en; same page_type tool; same cluster statistics; crawl age delta 12d (10/15); internal links delta 2 (12/12); crawl depth matched; impression bucket 1-10/1-10 (8/8); similarity low-similarity-0.626 (5/5); utility family calculator/calculator (7/7)
en,https://funnytools.win/en/tools/normalized-score-converter/,https://funnytools.win/en/tools/independent-samples-t-test-calculator/,statistics,96,yes,same locale en; same page_type tool; same cluster statistics; crawl age delta 2d (15/15); internal links delta 2 (12/12); crawl depth matched; impression bucket 1-10/0 (4/8); similarity low-similarity-0.626 (5/5); utility family calculator/calculator (7/7)
en,https://funnytools.win/en/tools/normalized-score-converter/,https://funnytools.win/en/tools/percentage-calculator/,statistics,100,yes,same locale en; same page_type tool; same cluster statistics; crawl age delta 7d (15/15); internal links delta 2 (12/12); crawl depth matched; impression bucket 1-10/1-10 (8/8); similarity low-similarity-0.626 (5/5); utility family calculator/calculator (7/7)
en,https://funnytools.win/en/tools/normalized-score-converter/,https://funnytools.win/en/tools/percentile-rank-calculator/,statistics,100,yes,same locale en; same page_type tool; same cluster statistics; crawl age delta 7d (15/15); internal links delta 3 (12/12); crawl depth matched; impression bucket 1-10/1-10 (8/8); similarity low-similarity-0.626 (5/5); utility family calculator/calculator (7/7)
en,https://funnytools.win/en/tools/normalized-score-converter/,https://funnytools.win/en/tools/standard-deviation/,statistics,91,yes,same locale en; same page_type tool; same cluster statistics; crawl age delta 10d (10/15); internal links delta 4 (12/12); crawl depth matched; impression bucket 1-10/0 (4/8); similarity low-similarity-0.674 (5/5); utility family calculator/calculator (7/7)
en,https://funnytools.win/en/tools/normalized-score-converter/,https://funnytools.win/en/tools/t-score-calculator/,statistics,91,yes,same locale en; same page_type tool; same cluster statistics; crawl age delta 3d (15/15); internal links delta 7 (8/12); crawl depth matched; impression bucket 1-10/1-10 (8/8); similarity high-risk-marker (0/5); utility family calculator/calculator (7/7)
en,https://funnytools.win/en/tools/normalized-score-converter/,https://funnytools.win/en/tools/teacher-exam-score-converter/,statistics,100,yes,same locale en; same page_type tool; same cluster statistics; crawl age delta 3d (15/15); internal links delta 3 (12/12); crawl depth matched; impression bucket 1-10/1-10 (8/8); similarity low-similarity-0.700 (5/5); utility family calculator/calculator (7/7)
en,https://funnytools.win/en/tools/normalized-score-converter/,https://funnytools.win/en/tools/weighted-average-calculator/,statistics,100,yes,same locale en; same page_type tool; same cluster statistics; crawl age delta 0d (15/15); internal links delta 4 (12/12); crawl depth matched; impression bucket 1-10/1-10 (8/8); similarity low-similarity-0.700 (5/5); utility family calculator/calculator (7/7)
en,https://funnytools.win/en/tools/normalized-score-converter/,https://funnytools.win/en/tools/z-score-calculator/,statistics,96,yes,same locale en; same page_type tool; same cluster statistics; crawl age delta 2d (15/15); internal links delta 5 (12/12); crawl depth matched; impression bucket 1-10/0 (4/8); similarity low-similarity-0.764 (5/5); utility family calculator/calculator (7/7)
en,https://funnytools.win/en/tools/overtime-pay/,https://funnytools.win/en/tools/compound-interest/,money,86,yes,same locale en; same page_type tool; same cluster money; crawl age delta 17d (5/15); internal links delta 0 (12/12); crawl depth matched; impression bucket 0/1-10 (4/8); similarity similarity-not-recorded (5/5); utility family calculator/calculator (7/7)
en,https://funnytools.win/en/tools/overtime-pay/,https://funnytools.win/en/tools/inflation/,money,90,yes,same locale en; same page_type tool; same cluster money; crawl age delta 20d (5/15); internal links delta 0 (12/12); crawl depth matched; impression bucket 0/0 (8/8); similarity similarity-not-recorded (5/5); utility family calculator/calculator (7/7)
en,https://funnytools.win/en/tools/overtime-pay/,https://funnytools.win/en/tools/mortgage-payment/,money,85,yes,same locale en; same page_type tool; same cluster money; crawl age delta 23d (0/15); internal links delta 0 (12/12); crawl depth matched; impression bucket 0/0 (8/8); similarity similarity-not-recorded (5/5); utility family calculator/calculator (7/7)
en,https://funnytools.win/en/tools/overtime-pay/,https://funnytools.win/en/tools/net-salary/,money,86,yes,same locale en; same page_type tool; same cluster money; crawl age delta 16d (5/15); internal links delta 0 (12/12); crawl depth matched; impression bucket 0/1-10 (4/8); similarity similarity-not-recorded (5/5); utility family calculator/calculator (7/7)
en,https://funnytools.win/en/tools/overtime-pay/,https://funnytools.win/en/tools/savings-goal/,money,100,yes,same locale en; same page_type tool; same cluster money; crawl age delta 3d (15/15); internal links delta 0 (12/12); crawl depth matched; impression bucket 0/0 (8/8); similarity similarity-not-recorded (5/5); utility family calculator/calculator (7/7)
en,https://funnytools.win/en/tools/password-generator/,https://funnytools.win/en/tools/color-generator/,random,100,yes,same locale en; same page_type tool; same cluster random; crawl age delta 3d (15/15); internal links delta 1 (12/12); crawl depth matched; impression bucket 0/0 (8/8); similarity similarity-not-recorded (5/5); utility family random/random (7/7)
en,https://funnytools.win/en/tools/password-generator/,https://funnytools.win/en/tools/dice-roller/,random,100,yes,same locale en; same page_type tool; same cluster random; crawl age delta 1d (15/15); internal links delta 2 (12/12); crawl depth matched; impression bucket 0/0 (8/8); similarity similarity-not-recorded (5/5); utility family random/random (7/7)
en,https://funnytools.win/en/tools/password-generator/,https://funnytools.win/en/tools/random-name-picker/,random,100,yes,same locale en; same page_type tool; same cluster random; crawl age delta 4d (15/15); internal links delta 4 (12/12); crawl depth matched; impression bucket 0/0 (8/8); similarity similarity-not-recorded (5/5); utility family random/random (7/7)
en,https://funnytools.win/en/tools/password-generator/,https://funnytools.win/en/tools/random-number-picker/,random,90,yes,same locale en; same page_type tool; same cluster random; crawl age delta 17d (5/15); internal links delta 0 (12/12); crawl depth matched; impression bucket 0/0 (8/8); similarity similarity-not-recorded (5/5); utility family random/random (7/7)
en,https://funnytools.win/en/tools/password-generator/,https://funnytools.win/en/tools/random-wheel/,random,91,yes,same locale en; same page_type tool; same cluster random; crawl age delta 8d (10/15); internal links delta 3 (12/12); crawl depth matched; impression bucket 0/1-10 (4/8); similarity similarity-not-recorded (5/5); utility family random/random (7/7)
en,https://funnytools.win/en/tools/password-generator/,https://funnytools.win/en/tools/this-or-that/,random,100,yes,same locale en; same page_type tool; same cluster random; crawl age delta 1d (15/15); internal links delta 1 (12/12); crawl depth matched; impression bucket 0/0 (8/8); similarity similarity-not-recorded (5/5); utility family random/random (7/7)
en,https://funnytools.win/en/tools/password-generator/,https://funnytools.win/en/tools/uuid-generator/,random,90,yes,same locale en; same page_type tool; same cluster random; crawl age delta 20d (5/15); internal links delta 0 (12/12); crawl depth matched; impression bucket 0/0 (8/8); similarity similarity-not-recorded (5/5); utility family random/random (7/7)
en,https://funnytools.win/en/tools/password-generator/,https://funnytools.win/en/tools/what-to-eat/,random,96,yes,same locale en; same page_type tool; same cluster random; crawl age delta 2d (15/15); internal links delta 1 (12/12); crawl depth matched; impression bucket 0/1-10 (4/8); similarity similarity-not-recorded (5/5); utility family random/random (7/7)
en,https://funnytools.win/en/tools/pdf-compressor/,https://funnytools.win/en/tools/delete-pdf-pages/,pdf,95,yes,same locale en; same page_type tool; same cluster pdf; crawl age delta 1d (15/15); internal links delta 5 (12/12); crawl depth matched; impression bucket 0/0 (8/8); similarity high-risk-marker (0/5); utility family pdf/pdf (7/7)
en,https://funnytools.win/en/tools/pdf-compressor/,https://funnytools.win/en/tools/extract-pdf-pages/,pdf,95,yes,same locale en; same page_type tool; same cluster pdf; crawl age delta 6d (15/15); internal links delta 2 (12/12); crawl depth matched; impression bucket 0/0 (8/8); similarity high-risk-marker (0/5); utility family pdf/pdf (7/7)
en,https://funnytools.win/en/tools/pdf-compressor/,https://funnytools.win/en/tools/images-to-pdf/,pdf,95,yes,same locale en; same page_type tool; same cluster pdf; crawl age delta 8d (10/15); internal links delta 2 (12/12); crawl depth matched; impression bucket 0/0 (8/8); similarity similarity-not-recorded (5/5); utility family pdf/pdf (7/7)
en,https://funnytools.win/en/tools/pdf-compressor/,https://funnytools.win/en/tools/merge-pdf/,pdf,100,yes,same locale en; same page_type tool; same cluster pdf; crawl age delta 6d (15/15); internal links delta 0 (12/12); crawl depth matched; impression bucket 0/0 (8/8); similarity similarity-not-recorded (5/5); utility family pdf/pdf (7/7)
en,https://funnytools.win/en/tools/pdf-compressor/,https://funnytools.win/en/tools/pdf-page-reorder/,pdf,100,yes,same locale en; same page_type tool; same cluster pdf; crawl age delta 1d (15/15); internal links delta 2 (12/12); crawl depth matched; impression bucket 0/0 (8/8); similarity similarity-not-recorded (5/5); utility family pdf/pdf (7/7)
en,https://funnytools.win/en/tools/pdf-compressor/,https://funnytools.win/en/tools/split-pdf/,pdf,100,yes,same locale en; same page_type tool; same cluster pdf; crawl age delta 1d (15/15); internal links delta 0 (12/12); crawl depth matched; impression bucket 0/0 (8/8); similarity similarity-not-recorded (5/5); utility family pdf/pdf (7/7)
en,https://funnytools.win/en/tools/pdf-page-reorder/,https://funnytools.win/en/tools/delete-pdf-pages/,pdf,95,yes,same locale en; same page_type tool; same cluster pdf; crawl age delta 2d (15/15); internal links delta 3 (12/12); crawl depth matched; impression bucket 0/0 (8/8); similarity high-risk-marker (0/5); utility family pdf/pdf (7/7)
en,https://funnytools.win/en/tools/pdf-page-reorder/,https://funnytools.win/en/tools/extract-pdf-pages/,pdf,95,yes,same locale en; same page_type tool; same cluster pdf; crawl age delta 5d (15/15); internal links delta 0 (12/12); crawl depth matched; impression bucket 0/0 (8/8); similarity high-risk-marker (0/5); utility family pdf/pdf (7/7)
en,https://funnytools.win/en/tools/pdf-page-reorder/,https://funnytools.win/en/tools/images-to-pdf/,pdf,100,yes,same locale en; same page_type tool; same cluster pdf; crawl age delta 7d (15/15); internal links delta 0 (12/12); crawl depth matched; impression bucket 0/0 (8/8); similarity similarity-not-recorded (5/5); utility family pdf/pdf (7/7)
en,https://funnytools.win/en/tools/pdf-page-reorder/,https://funnytools.win/en/tools/merge-pdf/,pdf,100,yes,same locale en; same page_type tool; same cluster pdf; crawl age delta 5d (15/15); internal links delta 2 (12/12); crawl depth matched; impression bucket 0/0 (8/8); similarity similarity-not-recorded (5/5); utility family pdf/pdf (7/7)
en,https://funnytools.win/en/tools/pdf-page-reorder/,https://funnytools.win/en/tools/pdf-compressor/,pdf,100,yes,same locale en; same page_type tool; same cluster pdf; crawl age delta 1d (15/15); internal links delta 2 (12/12); crawl depth matched; impression bucket 0/0 (8/8); similarity similarity-not-recorded (5/5); utility family pdf/pdf (7/7)
en,https://funnytools.win/en/tools/pdf-page-reorder/,https://funnytools.win/en/tools/split-pdf/,pdf,100,yes,same locale en; same page_type tool; same cluster pdf; crawl age delta 0d (15/15); internal links delta 2 (12/12); crawl depth matched; impression bucket 0/0 (8/8); similarity similarity-not-recorded (5/5); utility family pdf/pdf (7/7)
en,https://funnytools.win/en/tools/percentage-calculator/,https://funnytools.win/en/tools/class-rank-percentile-calculator/,statistics,100,yes,same locale en; same page_type tool; same cluster statistics; crawl age delta 7d (15/15); internal links delta 1 (12/12); crawl depth matched; impression bucket 1-10/1-10 (8/8); similarity low-similarity-0.599 (5/5); utility family calculator/calculator (7/7)
en,https://funnytools.win/en/tools/percentage-calculator/,https://funnytools.win/en/tools/cronbach-alpha-calculator/,statistics,100,yes,same locale en; same page_type tool; same cluster statistics; crawl age delta 7d (15/15); internal links delta 2 (12/12); crawl depth matched; impression bucket 1-10/1-10 (8/8); similarity similarity-not-recorded (5/5); utility family calculator/calculator (7/7)
en,https://funnytools.win/en/tools/percentage-calculator/,https://funnytools.win/en/tools/grade-average/,statistics,100,yes,same locale en; same page_type tool; same cluster statistics; crawl age delta 5d (15/15); internal links delta 0 (12/12); crawl depth matched; impression bucket 1-10/1-10 (8/8); similarity similarity-not-recorded (5/5); utility family calculator/calculator (7/7)
en,https://funnytools.win/en/tools/percentage-calculator/,https://funnytools.win/en/tools/independent-samples-t-test-calculator/,statistics,91,yes,same locale en; same page_type tool; same cluster statistics; crawl age delta 9d (10/15); internal links delta 0 (12/12); crawl depth matched; impression bucket 1-10/0 (4/8); similarity similarity-not-recorded (5/5); utility family calculator/calculator (7/7)
en,https://funnytools.win/en/tools/percentage-calculator/,https://funnytools.win/en/tools/normalized-score-converter/,statistics,100,yes,same locale en; same page_type tool; same cluster statistics; crawl age delta 7d (15/15); internal links delta 2 (12/12); crawl depth matched; impression bucket 1-10/1-10 (8/8); similarity low-similarity-0.626 (5/5); utility family calculator/calculator (7/7)
en,https://funnytools.win/en/tools/percentage-calculator/,https://funnytools.win/en/tools/percentile-rank-calculator/,statistics,100,yes,same locale en; same page_type tool; same cluster statistics; crawl age delta 0d (15/15); internal links delta 1 (12/12); crawl depth matched; impression bucket 1-10/1-10 (8/8); similarity low-similarity-0.599 (5/5); utility family calculator/calculator (7/7)
en,https://funnytools.win/en/tools/percentage-calculator/,https://funnytools.win/en/tools/standard-deviation/,statistics,96,yes,same locale en; same page_type tool; same cluster statistics; crawl age delta 3d (15/15); internal links delta 2 (12/12); crawl depth matched; impression bucket 1-10/0 (4/8); similarity low-similarity-0.674 (5/5); utility family calculator/calculator (7/7)
en,https://funnytools.win/en/tools/percentage-calculator/,https://funnytools.win/en/tools/t-score-calculator/,statistics,90,yes,same locale en; same page_type tool; same cluster statistics; crawl age delta 10d (10/15); internal links delta 5 (12/12); crawl depth matched; impression bucket 1-10/1-10 (8/8); similarity high-risk-marker (0/5); utility family calculator/calculator (7/7)
en,https://funnytools.win/en/tools/percentage-calculator/,https://funnytools.win/en/tools/teacher-exam-score-converter/,statistics,100,yes,same locale en; same page_type tool; same cluster statistics; crawl age delta 4d (15/15); internal links delta 1 (12/12); crawl depth matched; impression bucket 1-10/1-10 (8/8); similarity low-similarity-0.700 (5/5); utility family calculator/calculator (7/7)
en,https://funnytools.win/en/tools/percentage-calculator/,https://funnytools.win/en/tools/weighted-average-calculator/,statistics,100,yes,same locale en; same page_type tool; same cluster statistics; crawl age delta 7d (15/15); internal links delta 2 (12/12); crawl depth matched; impression bucket 1-10/1-10 (8/8); similarity low-similarity-0.700 (5/5); utility family calculator/calculator (7/7)
en,https://funnytools.win/en/tools/percentage-calculator/,https://funnytools.win/en/tools/z-score-calculator/,statistics,96,yes,same locale en; same page_type tool; same cluster statistics; crawl age delta 5d (15/15); internal links delta 3 (12/12); crawl depth matched; impression bucket 1-10/0 (4/8); similarity low-similarity-0.764 (5/5); utility family calculator/calculator (7/7)
en,https://funnytools.win/en/tools/percentile-rank-calculator/,https://funnytools.win/en/tools/class-rank-percentile-calculator/,statistics,100,yes,same locale en; same page_type tool; same cluster statistics; crawl age delta 7d (15/15); internal links delta 2 (12/12); crawl depth matched; impression bucket 1-10/1-10 (8/8); similarity low-similarity-0.599 (5/5); utility family calculator/calculator (7/7)
en,https://funnytools.win/en/tools/percentile-rank-calculator/,https://funnytools.win/en/tools/cronbach-alpha-calculator/,statistics,100,yes,same locale en; same page_type tool; same cluster statistics; crawl age delta 7d (15/15); internal links delta 3 (12/12); crawl depth matched; impression bucket 1-10/1-10 (8/8); similarity low-similarity-0.599 (5/5); utility family calculator/calculator (7/7)
en,https://funnytools.win/en/tools/percentile-rank-calculator/,https://funnytools.win/en/tools/grade-average/,statistics,100,yes,same locale en; same page_type tool; same cluster statistics; crawl age delta 5d (15/15); internal links delta 1 (12/12); crawl depth matched; impression bucket 1-10/1-10 (8/8); similarity low-similarity-0.599 (5/5); utility family calculator/calculator (7/7)
en,https://funnytools.win/en/tools/percentile-rank-calculator/,https://funnytools.win/en/tools/independent-samples-t-test-calculator/,statistics,91,yes,same locale en; same page_type tool; same cluster statistics; crawl age delta 9d (10/15); internal links delta 1 (12/12); crawl depth matched; impression bucket 1-10/0 (4/8); similarity low-similarity-0.599 (5/5); utility family calculator/calculator (7/7)
en,https://funnytools.win/en/tools/percentile-rank-calculator/,https://funnytools.win/en/tools/normalized-score-converter/,statistics,100,yes,same locale en; same page_type tool; same cluster statistics; crawl age delta 7d (15/15); internal links delta 3 (12/12); crawl depth matched; impression bucket 1-10/1-10 (8/8); similarity low-similarity-0.626 (5/5); utility family calculator/calculator (7/7)
en,https://funnytools.win/en/tools/percentile-rank-calculator/,https://funnytools.win/en/tools/percentage-calculator/,statistics,100,yes,same locale en; same page_type tool; same cluster statistics; crawl age delta 0d (15/15); internal links delta 1 (12/12); crawl depth matched; impression bucket 1-10/1-10 (8/8); similarity low-similarity-0.599 (5/5); utility family calculator/calculator (7/7)
en,https://funnytools.win/en/tools/percentile-rank-calculator/,https://funnytools.win/en/tools/standard-deviation/,statistics,96,yes,same locale en; same page_type tool; same cluster statistics; crawl age delta 3d (15/15); internal links delta 1 (12/12); crawl depth matched; impression bucket 1-10/0 (4/8); similarity low-similarity-0.674 (5/5); utility family calculator/calculator (7/7)
en,https://funnytools.win/en/tools/percentile-rank-calculator/,https://funnytools.win/en/tools/t-score-calculator/,statistics,90,yes,same locale en; same page_type tool; same cluster statistics; crawl age delta 10d (10/15); internal links delta 4 (12/12); crawl depth matched; impression bucket 1-10/1-10 (8/8); similarity high-risk-marker (0/5); utility family calculator/calculator (7/7)
en,https://funnytools.win/en/tools/percentile-rank-calculator/,https://funnytools.win/en/tools/teacher-exam-score-converter/,statistics,100,yes,same locale en; same page_type tool; same cluster statistics; crawl age delta 4d (15/15); internal links delta 0 (12/12); crawl depth matched; impression bucket 1-10/1-10 (8/8); similarity low-similarity-0.700 (5/5); utility family calculator/calculator (7/7)
en,https://funnytools.win/en/tools/percentile-rank-calculator/,https://funnytools.win/en/tools/weighted-average-calculator/,statistics,100,yes,same locale en; same page_type tool; same cluster statistics; crawl age delta 7d (15/15); internal links delta 1 (12/12); crawl depth matched; impression bucket 1-10/1-10 (8/8); similarity low-similarity-0.700 (5/5); utility family calculator/calculator (7/7)
en,https://funnytools.win/en/tools/percentile-rank-calculator/,https://funnytools.win/en/tools/z-score-calculator/,statistics,96,yes,same locale en; same page_type tool; same cluster statistics; crawl age delta 5d (15/15); internal links delta 2 (12/12); crawl depth matched; impression bucket 1-10/0 (4/8); similarity low-similarity-0.764 (5/5); utility family calculator/calculator (7/7)
en,https://funnytools.win/en/tools/pie-chart-maker/,https://funnytools.win/en/tools/cad-2d/,draw,92,yes,same locale en; same page_type tool; same cluster draw; crawl age delta 1d (15/15); internal links delta 1 (12/12); crawl depth matched; impression bucket 0/10+ (0/8); similarity similarity-not-recorded (5/5); utility family draw/draw (7/7)
en,https://funnytools.win/en/tools/pie-chart-maker/,https://funnytools.win/en/tools/flowchart/,draw,96,yes,same locale en; same page_type tool; same cluster draw; crawl age delta 4d (15/15); internal links delta 1 (12/12); crawl depth matched; impression bucket 0/1-10 (4/8); similarity similarity-not-recorded (5/5); utility family draw/draw (7/7)
en,https://funnytools.win/en/tools/pie-chart-maker/,https://funnytools.win/en/tools/sketchpad/,draw,81,yes,same locale en; same page_type tool; same cluster draw; crawl age delta 34d (0/15); internal links delta 0 (12/12); crawl depth matched; impression bucket 0/1-10 (4/8); similarity similarity-not-recorded (5/5); utility family draw/draw (7/7)
en,https://funnytools.win/en/tools/png-to-jpg/,https://funnytools.win/en/tools/image-crop/,image,85,yes,same locale en; same page_type tool; same cluster image; crawl age delta 16d (5/15); internal links delta 2 (12/12); crawl depth matched; impression bucket 0/0 (8/8); similarity high-risk-marker (0/5); utility family image/image (7/7)
en,https://funnytools.win/en/tools/png-to-jpg/,https://funnytools.win/en/tools/image-rotate-flip/,image,85,yes,same locale en; same page_type tool; same cluster image; crawl age delta 21d (5/15); internal links delta 1 (12/12); crawl depth matched; impression bucket 0/0 (8/8); similarity high-risk-marker (0/5); utility family image/image (7/7)
en,https://funnytools.win/en/tools/png-to-jpg/,https://funnytools.win/en/tools/image-to-base64/,image,80,yes,same locale en; same page_type tool; same cluster image; crawl age delta 23d (0/15); internal links delta 1 (12/12); crawl depth matched; impression bucket 0/0 (8/8); similarity high-risk-marker (0/5); utility family image/image (7/7)
en,https://funnytools.win/en/tools/png-to-jpg/,https://funnytools.win/en/tools/jpg-to-png/,image,85,yes,same locale en; same page_type tool; same cluster image; crawl age delta 18d (5/15); internal links delta 2 (12/12); crawl depth matched; impression bucket 0/0 (8/8); similarity high-risk-marker (0/5); utility family image/image (7/7)
en,https://funnytools.win/en/tools/png-to-jpg/,https://funnytools.win/en/tools/jpg-to-webp/,image,85,yes,same locale en; same page_type tool; same cluster image; crawl age delta 16d (5/15); internal links delta 0 (12/12); crawl depth matched; impression bucket 0/0 (8/8); similarity high-risk-marker (0/5); utility family image/image (7/7)
en,https://funnytools.win/en/tools/png-to-jpg/,https://funnytools.win/en/tools/webp-to-jpg/,image,85,yes,same locale en; same page_type tool; same cluster image; crawl age delta 15d (5/15); internal links delta 2 (12/12); crawl depth matched; impression bucket 0/0 (8/8); similarity high-risk-marker (0/5); utility family image/image (7/7)
en,https://funnytools.win/en/tools/random-name-picker/,https://funnytools.win/en/tools/color-generator/,random,100,yes,same locale en; same page_type tool; same cluster random; crawl age delta 1d (15/15); internal links delta 3 (12/12); crawl depth matched; impression bucket 0/0 (8/8); similarity similarity-not-recorded (5/5); utility family random/random (7/7)
en,https://funnytools.win/en/tools/random-name-picker/,https://funnytools.win/en/tools/dice-roller/,random,100,yes,same locale en; same page_type tool; same cluster random; crawl age delta 3d (15/15); internal links delta 2 (12/12); crawl depth matched; impression bucket 0/0 (8/8); similarity similarity-not-recorded (5/5); utility family random/random (7/7)
en,https://funnytools.win/en/tools/random-name-picker/,https://funnytools.win/en/tools/password-generator/,random,100,yes,same locale en; same page_type tool; same cluster random; crawl age delta 4d (15/15); internal links delta 4 (12/12); crawl depth matched; impression bucket 0/0 (8/8); similarity similarity-not-recorded (5/5); utility family random/random (7/7)
en,https://funnytools.win/en/tools/random-name-picker/,https://funnytools.win/en/tools/random-number-picker/,random,90,yes,same locale en; same page_type tool; same cluster random; crawl age delta 21d (5/15); internal links delta 4 (12/12); crawl depth matched; impression bucket 0/0 (8/8); similarity similarity-not-recorded (5/5); utility family random/random (7/7)
en,https://funnytools.win/en/tools/random-name-picker/,https://funnytools.win/en/tools/random-wheel/,random,91,yes,same locale en; same page_type tool; same cluster random; crawl age delta 12d (10/15); internal links delta 1 (12/12); crawl depth matched; impression bucket 0/1-10 (4/8); similarity similarity-not-recorded (5/5); utility family random/random (7/7)
en,https://funnytools.win/en/tools/random-name-picker/,https://funnytools.win/en/tools/this-or-that/,random,100,yes,same locale en; same page_type tool; same cluster random; crawl age delta 3d (15/15); internal links delta 3 (12/12); crawl depth matched; impression bucket 0/0 (8/8); similarity similarity-not-recorded (5/5); utility family random/random (7/7)
en,https://funnytools.win/en/tools/random-name-picker/,https://funnytools.win/en/tools/uuid-generator/,random,90,yes,same locale en; same page_type tool; same cluster random; crawl age delta 16d (5/15); internal links delta 4 (12/12); crawl depth matched; impression bucket 0/0 (8/8); similarity similarity-not-recorded (5/5); utility family random/random (7/7)
en,https://funnytools.win/en/tools/random-name-picker/,https://funnytools.win/en/tools/what-to-eat/,random,96,yes,same locale en; same page_type tool; same cluster random; crawl age delta 2d (15/15); internal links delta 3 (12/12); crawl depth matched; impression bucket 0/1-10 (4/8); similarity similarity-not-recorded (5/5); utility family random/random (7/7)
en,https://funnytools.win/en/tools/random-number-picker/,https://funnytools.win/en/tools/color-generator/,random,90,yes,same locale en; same page_type tool; same cluster random; crawl age delta 20d (5/15); internal links delta 1 (12/12); crawl depth matched; impression bucket 0/0 (8/8); similarity similarity-not-recorded (5/5); utility family random/random (7/7)
en,https://funnytools.win/en/tools/random-number-picker/,https://funnytools.win/en/tools/dice-roller/,random,90,yes,same locale en; same page_type tool; same cluster random; crawl age delta 18d (5/15); internal links delta 2 (12/12); crawl depth matched; impression bucket 0/0 (8/8); similarity similarity-not-recorded (5/5); utility family random/random (7/7)
en,https://funnytools.win/en/tools/random-number-picker/,https://funnytools.win/en/tools/password-generator/,random,90,yes,same locale en; same page_type tool; same cluster random; crawl age delta 17d (5/15); internal links delta 0 (12/12); crawl depth matched; impression bucket 0/0 (8/8); similarity similarity-not-recorded (5/5); utility family random/random (7/7)
en,https://funnytools.win/en/tools/random-number-picker/,https://funnytools.win/en/tools/random-name-picker/,random,90,yes,same locale en; same page_type tool; same cluster random; crawl age delta 21d (5/15); internal links delta 4 (12/12); crawl depth matched; impression bucket 0/0 (8/8); similarity similarity-not-recorded (5/5); utility family random/random (7/7)
en,https://funnytools.win/en/tools/random-number-picker/,https://funnytools.win/en/tools/random-wheel/,random,91,yes,same locale en; same page_type tool; same cluster random; crawl age delta 9d (10/15); internal links delta 3 (12/12); crawl depth matched; impression bucket 0/1-10 (4/8); similarity similarity-not-recorded (5/5); utility family random/random (7/7)
en,https://funnytools.win/en/tools/random-number-picker/,https://funnytools.win/en/tools/this-or-that/,random,90,yes,same locale en; same page_type tool; same cluster random; crawl age delta 18d (5/15); internal links delta 1 (12/12); crawl depth matched; impression bucket 0/0 (8/8); similarity similarity-not-recorded (5/5); utility family random/random (7/7)
en,https://funnytools.win/en/tools/random-number-picker/,https://funnytools.win/en/tools/uuid-generator/,random,85,yes,same locale en; same page_type tool; same cluster random; crawl age delta 37d (0/15); internal links delta 0 (12/12); crawl depth matched; impression bucket 0/0 (8/8); similarity similarity-not-recorded (5/5); utility family random/random (7/7)
en,https://funnytools.win/en/tools/random-number-picker/,https://funnytools.win/en/tools/what-to-eat/,random,86,yes,same locale en; same page_type tool; same cluster random; crawl age delta 19d (5/15); internal links delta 1 (12/12); crawl depth matched; impression bucket 0/1-10 (4/8); similarity similarity-not-recorded (5/5); utility family random/random (7/7)
en,https://funnytools.win/en/tools/random-wheel/,https://funnytools.win/en/tools/color-generator/,random,91,yes,same locale en; same page_type tool; same cluster random; crawl age delta 11d (10/15); internal links delta 2 (12/12); crawl depth matched; impression bucket 1-10/0 (4/8); similarity similarity-not-recorded (5/5); utility family random/random (7/7)
en,https://funnytools.win/en/tools/random-wheel/,https://funnytools.win/en/tools/dice-roller/,random,91,yes,same locale en; same page_type tool; same cluster random; crawl age delta 9d (10/15); internal links delta 1 (12/12); crawl depth matched; impression bucket 1-10/0 (4/8); similarity similarity-not-recorded (5/5); utility family random/random (7/7)
en,https://funnytools.win/en/tools/random-wheel/,https://funnytools.win/en/tools/password-generator/,random,91,yes,same locale en; same page_type tool; same cluster random; crawl age delta 8d (10/15); internal links delta 3 (12/12); crawl depth matched; impression bucket 1-10/0 (4/8); similarity similarity-not-recorded (5/5); utility family random/random (7/7)
en,https://funnytools.win/en/tools/random-wheel/,https://funnytools.win/en/tools/random-name-picker/,random,91,yes,same locale en; same page_type tool; same cluster random; crawl age delta 12d (10/15); internal links delta 1 (12/12); crawl depth matched; impression bucket 1-10/0 (4/8); similarity similarity-not-recorded (5/5); utility family random/random (7/7)
en,https://funnytools.win/en/tools/random-wheel/,https://funnytools.win/en/tools/random-number-picker/,random,91,yes,same locale en; same page_type tool; same cluster random; crawl age delta 9d (10/15); internal links delta 3 (12/12); crawl depth matched; impression bucket 1-10/0 (4/8); similarity similarity-not-recorded (5/5); utility family random/random (7/7)
en,https://funnytools.win/en/tools/random-wheel/,https://funnytools.win/en/tools/this-or-that/,random,91,yes,same locale en; same page_type tool; same cluster random; crawl age delta 9d (10/15); internal links delta 2 (12/12); crawl depth matched; impression bucket 1-10/0 (4/8); similarity similarity-not-recorded (5/5); utility family random/random (7/7)
en,https://funnytools.win/en/tools/random-wheel/,https://funnytools.win/en/tools/uuid-generator/,random,81,yes,same locale en; same page_type tool; same cluster random; crawl age delta 28d (0/15); internal links delta 3 (12/12); crawl depth matched; impression bucket 1-10/0 (4/8); similarity similarity-not-recorded (5/5); utility family random/random (7/7)
en,https://funnytools.win/en/tools/random-wheel/,https://funnytools.win/en/tools/what-to-eat/,random,95,yes,same locale en; same page_type tool; same cluster random; crawl age delta 10d (10/15); internal links delta 2 (12/12); crawl depth matched; impression bucket 1-10/1-10 (8/8); similarity similarity-not-recorded (5/5); utility family random/random (7/7)
en,https://funnytools.win/en/tools/remove-duplicate-lines/,https://funnytools.win/en/tools/base64/,text,100,yes,same locale en; same page_type tool; same cluster text; crawl age delta 3d (15/15); internal links delta 0 (12/12); crawl depth matched; impression bucket 0/0 (8/8); similarity similarity-not-recorded (5/5); utility family text/text (7/7)
en,https://funnytools.win/en/tools/remove-duplicate-lines/,https://funnytools.win/en/tools/case-converter/,text,100,yes,same locale en; same page_type tool; same cluster text; crawl age delta 3d (15/15); internal links delta 3 (12/12); crawl depth matched; impression bucket 0/0 (8/8); similarity similarity-not-recorded (5/5); utility family text/text (7/7)
en,https://funnytools.win/en/tools/remove-duplicate-lines/,https://funnytools.win/en/tools/character-counter/,text,96,yes,same locale en; same page_type tool; same cluster text; crawl age delta 1d (15/15); internal links delta 6 (8/12); crawl depth matched; impression bucket 0/0 (8/8); similarity similarity-not-recorded (5/5); utility family text/text (7/7)
en,https://funnytools.win/en/tools/remove-duplicate-lines/,https://funnytools.win/en/tools/csv-to-json/,text,100,yes,same locale en; same page_type tool; same cluster text; crawl age delta 0d (15/15); internal links delta 3 (12/12); crawl depth matched; impression bucket 0/0 (8/8); similarity low-similarity-0.724 (5/5); utility family text/text (7/7)
en,https://funnytools.win/en/tools/remove-duplicate-lines/,https://funnytools.win/en/tools/json-formatter/,text,95,yes,same locale en; same page_type tool; same cluster text; crawl age delta 11d (10/15); internal links delta 3 (12/12); crawl depth matched; impression bucket 0/0 (8/8); similarity similarity-not-recorded (5/5); utility family text/text (7/7)
en,https://funnytools.win/en/tools/remove-duplicate-lines/,https://funnytools.win/en/tools/json-to-csv/,text,100,yes,same locale en; same page_type tool; same cluster text; crawl age delta 2d (15/15); internal links delta 1 (12/12); crawl depth matched; impression bucket 0/0 (8/8); similarity low-similarity-0.724 (5/5); utility family text/text (7/7)
en,https://funnytools.win/en/tools/remove-duplicate-lines/,https://funnytools.win/en/tools/markdown-previewer/,text,100,yes,same locale en; same page_type tool; same cluster text; crawl age delta 3d (15/15); internal links delta 0 (12/12); crawl depth matched; impression bucket 0/0 (8/8); similarity similarity-not-recorded (5/5); utility family text/text (7/7)
en,https://funnytools.win/en/tools/remove-duplicate-lines/,https://funnytools.win/en/tools/remove-empty-lines/,text,100,yes,same locale en; same page_type tool; same cluster text; crawl age delta 3d (15/15); internal links delta 0 (12/12); crawl depth matched; impression bucket 0/0 (8/8); similarity similarity-not-recorded (5/5); utility family text/text (7/7)
en,https://funnytools.win/en/tools/remove-duplicate-lines/,https://funnytools.win/en/tools/sort-lines/,text,90,yes,same locale en; same page_type tool; same cluster text; crawl age delta 18d (5/15); internal links delta 0 (12/12); crawl depth matched; impression bucket 0/0 (8/8); similarity similarity-not-recorded (5/5); utility family text/text (7/7)
en,https://funnytools.win/en/tools/remove-duplicate-lines/,https://funnytools.win/en/tools/url-encoder/,text,100,yes,same locale en; same page_type tool; same cluster text; crawl age delta 5d (15/15); internal links delta 4 (12/12); crawl depth matched; impression bucket 0/0 (8/8); similarity similarity-not-recorded (5/5); utility family text/text (7/7)
en,https://funnytools.win/en/tools/remove-duplicate-lines/,https://funnytools.win/en/tools/word-counter/,text,95,yes,same locale en; same page_type tool; same cluster text; crawl age delta 9d (10/15); internal links delta 3 (12/12); crawl depth matched; impression bucket 0/0 (8/8); similarity similarity-not-recorded (5/5); utility family text/text (7/7)
en,https://funnytools.win/en/tools/remove-empty-lines/,https://funnytools.win/en/tools/base64/,text,100,yes,same locale en; same page_type tool; same cluster text; crawl age delta 0d (15/15); internal links delta 0 (12/12); crawl depth matched; impression bucket 0/0 (8/8); similarity similarity-not-recorded (5/5); utility family text/text (7/7)
en,https://funnytools.win/en/tools/remove-empty-lines/,https://funnytools.win/en/tools/case-converter/,text,100,yes,same locale en; same page_type tool; same cluster text; crawl age delta 6d (15/15); internal links delta 3 (12/12); crawl depth matched; impression bucket 0/0 (8/8); similarity similarity-not-recorded (5/5); utility family text/text (7/7)
en,https://funnytools.win/en/tools/remove-empty-lines/,https://funnytools.win/en/tools/character-counter/,text,96,yes,same locale en; same page_type tool; same cluster text; crawl age delta 4d (15/15); internal links delta 6 (8/12); crawl depth matched; impression bucket 0/0 (8/8); similarity similarity-not-recorded (5/5); utility family text/text (7/7)
en,https://funnytools.win/en/tools/remove-empty-lines/,https://funnytools.win/en/tools/csv-to-json/,text,100,yes,same locale en; same page_type tool; same cluster text; crawl age delta 3d (15/15); internal links delta 3 (12/12); crawl depth matched; impression bucket 0/0 (8/8); similarity low-similarity-0.724 (5/5); utility family text/text (7/7)
en,https://funnytools.win/en/tools/remove-empty-lines/,https://funnytools.win/en/tools/json-formatter/,text,95,yes,same locale en; same page_type tool; same cluster text; crawl age delta 14d (10/15); internal links delta 3 (12/12); crawl depth matched; impression bucket 0/0 (8/8); similarity similarity-not-recorded (5/5); utility family text/text (7/7)
en,https://funnytools.win/en/tools/remove-empty-lines/,https://funnytools.win/en/tools/json-to-csv/,text,100,yes,same locale en; same page_type tool; same cluster text; crawl age delta 5d (15/15); internal links delta 1 (12/12); crawl depth matched; impression bucket 0/0 (8/8); similarity low-similarity-0.724 (5/5); utility family text/text (7/7)
en,https://funnytools.win/en/tools/remove-empty-lines/,https://funnytools.win/en/tools/markdown-previewer/,text,100,yes,same locale en; same page_type tool; same cluster text; crawl age delta 6d (15/15); internal links delta 0 (12/12); crawl depth matched; impression bucket 0/0 (8/8); similarity similarity-not-recorded (5/5); utility family text/text (7/7)
en,https://funnytools.win/en/tools/remove-empty-lines/,https://funnytools.win/en/tools/remove-duplicate-lines/,text,100,yes,same locale en; same page_type tool; same cluster text; crawl age delta 3d (15/15); internal links delta 0 (12/12); crawl depth matched; impression bucket 0/0 (8/8); similarity similarity-not-recorded (5/5); utility family text/text (7/7)
en,https://funnytools.win/en/tools/remove-empty-lines/,https://funnytools.win/en/tools/sort-lines/,text,90,yes,same locale en; same page_type tool; same cluster text; crawl age delta 21d (5/15); internal links delta 0 (12/12); crawl depth matched; impression bucket 0/0 (8/8); similarity similarity-not-recorded (5/5); utility family text/text (7/7)
en,https://funnytools.win/en/tools/remove-empty-lines/,https://funnytools.win/en/tools/url-encoder/,text,95,yes,same locale en; same page_type tool; same cluster text; crawl age delta 8d (10/15); internal links delta 4 (12/12); crawl depth matched; impression bucket 0/0 (8/8); similarity similarity-not-recorded (5/5); utility family text/text (7/7)
en,https://funnytools.win/en/tools/remove-empty-lines/,https://funnytools.win/en/tools/word-counter/,text,95,yes,same locale en; same page_type tool; same cluster text; crawl age delta 12d (10/15); internal links delta 3 (12/12); crawl depth matched; impression bucket 0/0 (8/8); similarity similarity-not-recorded (5/5); utility family text/text (7/7)
en,https://funnytools.win/en/tools/savings-goal/,https://funnytools.win/en/tools/compound-interest/,money,91,yes,same locale en; same page_type tool; same cluster money; crawl age delta 14d (10/15); internal links delta 0 (12/12); crawl depth matched; impression bucket 0/1-10 (4/8); similarity similarity-not-recorded (5/5); utility family calculator/calculator (7/7)
en,https://funnytools.win/en/tools/savings-goal/,https://funnytools.win/en/tools/inflation/,money,90,yes,same locale en; same page_type tool; same cluster money; crawl age delta 17d (5/15); internal links delta 0 (12/12); crawl depth matched; impression bucket 0/0 (8/8); similarity similarity-not-recorded (5/5); utility family calculator/calculator (7/7)
en,https://funnytools.win/en/tools/savings-goal/,https://funnytools.win/en/tools/mortgage-payment/,money,90,yes,same locale en; same page_type tool; same cluster money; crawl age delta 20d (5/15); internal links delta 0 (12/12); crawl depth matched; impression bucket 0/0 (8/8); similarity similarity-not-recorded (5/5); utility family calculator/calculator (7/7)
en,https://funnytools.win/en/tools/savings-goal/,https://funnytools.win/en/tools/net-salary/,money,91,yes,same locale en; same page_type tool; same cluster money; crawl age delta 13d (10/15); internal links delta 0 (12/12); crawl depth matched; impression bucket 0/1-10 (4/8); similarity similarity-not-recorded (5/5); utility family calculator/calculator (7/7)
en,https://funnytools.win/en/tools/savings-goal/,https://funnytools.win/en/tools/overtime-pay/,money,100,yes,same locale en; same page_type tool; same cluster money; crawl age delta 3d (15/15); internal links delta 0 (12/12); crawl depth matched; impression bucket 0/0 (8/8); similarity similarity-not-recorded (5/5); utility family calculator/calculator (7/7)
en,https://funnytools.win/en/tools/seating-chart/,https://funnytools.win/en/tools/gpa-calculator/,study,80,yes,same locale en; same page_type tool; same cluster study; crawl age delta 23d (0/15); internal links delta 5 (12/12); crawl depth matched; impression bucket 0/0 (8/8); similarity similarity-not-recorded (5/5); utility family draw/calculator (2/7)
en,https://funnytools.win/en/tools/seating-chart/,https://funnytools.win/en/tools/group-generator/,study,91,yes,same locale en; same page_type tool; same cluster study; crawl age delta 7d (15/15); internal links delta 0 (12/12); crawl depth matched; impression bucket 0/1-10 (4/8); similarity low-similarity-0.593 (5/5); utility family draw/random (2/7)
en,https://funnytools.win/en/tools/sketchpad/,https://funnytools.win/en/tools/cad-2d/,draw,81,yes,same locale en; same page_type tool; same cluster draw; crawl age delta 35d (0/15); internal links delta 1 (12/12); crawl depth matched; impression bucket 1-10/10+ (4/8); similarity similarity-not-recorded (5/5); utility family draw/draw (7/7)
en,https://funnytools.win/en/tools/sketchpad/,https://funnytools.win/en/tools/flowchart/,draw,85,yes,same locale en; same page_type tool; same cluster draw; crawl age delta 30d (0/15); internal links delta 1 (12/12); crawl depth matched; impression bucket 1-10/1-10 (8/8); similarity similarity-not-recorded (5/5); utility family draw/draw (7/7)
en,https://funnytools.win/en/tools/sketchpad/,https://funnytools.win/en/tools/pie-chart-maker/,draw,81,yes,same locale en; same page_type tool; same cluster draw; crawl age delta 34d (0/15); internal links delta 0 (12/12); crawl depth matched; impression bucket 1-10/0 (4/8); similarity similarity-not-recorded (5/5); utility family draw/draw (7/7)
en,https://funnytools.win/en/tools/sort-lines/,https://funnytools.win/en/tools/base64/,text,90,yes,same locale en; same page_type tool; same cluster text; crawl age delta 21d (5/15); internal links delta 0 (12/12); crawl depth matched; impression bucket 0/0 (8/8); similarity similarity-not-recorded (5/5); utility family text/text (7/7)
en,https://funnytools.win/en/tools/sort-lines/,https://funnytools.win/en/tools/case-converter/,text,90,yes,same locale en; same page_type tool; same cluster text; crawl age delta 15d (5/15); internal links delta 3 (12/12); crawl depth matched; impression bucket 0/0 (8/8); similarity similarity-not-recorded (5/5); utility family text/text (7/7)
en,https://funnytools.win/en/tools/sort-lines/,https://funnytools.win/en/tools/character-counter/,text,86,yes,same locale en; same page_type tool; same cluster text; crawl age delta 17d (5/15); internal links delta 6 (8/12); crawl depth matched; impression bucket 0/0 (8/8); similarity similarity-not-recorded (5/5); utility family text/text (7/7)
en,https://funnytools.win/en/tools/sort-lines/,https://funnytools.win/en/tools/csv-to-json/,text,90,yes,same locale en; same page_type tool; same cluster text; crawl age delta 18d (5/15); internal links delta 3 (12/12); crawl depth matched; impression bucket 0/0 (8/8); similarity low-similarity-0.724 (5/5); utility family text/text (7/7)
en,https://funnytools.win/en/tools/sort-lines/,https://funnytools.win/en/tools/json-formatter/,text,100,yes,same locale en; same page_type tool; same cluster text; crawl age delta 7d (15/15); internal links delta 3 (12/12); crawl depth matched; impression bucket 0/0 (8/8); similarity similarity-not-recorded (5/5); utility family text/text (7/7)
en,https://funnytools.win/en/tools/sort-lines/,https://funnytools.win/en/tools/json-to-csv/,text,90,yes,same locale en; same page_type tool; same cluster text; crawl age delta 16d (5/15); internal links delta 1 (12/12); crawl depth matched; impression bucket 0/0 (8/8); similarity low-similarity-0.724 (5/5); utility family text/text (7/7)
en,https://funnytools.win/en/tools/sort-lines/,https://funnytools.win/en/tools/markdown-previewer/,text,90,yes,same locale en; same page_type tool; same cluster text; crawl age delta 15d (5/15); internal links delta 0 (12/12); crawl depth matched; impression bucket 0/0 (8/8); similarity similarity-not-recorded (5/5); utility family text/text (7/7)
en,https://funnytools.win/en/tools/sort-lines/,https://funnytools.win/en/tools/remove-duplicate-lines/,text,90,yes,same locale en; same page_type tool; same cluster text; crawl age delta 18d (5/15); internal links delta 0 (12/12); crawl depth matched; impression bucket 0/0 (8/8); similarity similarity-not-recorded (5/5); utility family text/text (7/7)
en,https://funnytools.win/en/tools/sort-lines/,https://funnytools.win/en/tools/remove-empty-lines/,text,90,yes,same locale en; same page_type tool; same cluster text; crawl age delta 21d (5/15); internal links delta 0 (12/12); crawl depth matched; impression bucket 0/0 (8/8); similarity similarity-not-recorded (5/5); utility family text/text (7/7)
en,https://funnytools.win/en/tools/sort-lines/,https://funnytools.win/en/tools/url-encoder/,text,95,yes,same locale en; same page_type tool; same cluster text; crawl age delta 13d (10/15); internal links delta 4 (12/12); crawl depth matched; impression bucket 0/0 (8/8); similarity similarity-not-recorded (5/5); utility family text/text (7/7)
en,https://funnytools.win/en/tools/sort-lines/,https://funnytools.win/en/tools/word-counter/,text,95,yes,same locale en; same page_type tool; same cluster text; crawl age delta 9d (10/15); internal links delta 3 (12/12); crawl depth matched; impression bucket 0/0 (8/8); similarity similarity-not-recorded (5/5); utility family text/text (7/7)
en,https://funnytools.win/en/tools/split-pdf/,https://funnytools.win/en/tools/delete-pdf-pages/,pdf,95,yes,same locale en; same page_type tool; same cluster pdf; crawl age delta 2d (15/15); internal links delta 5 (12/12); crawl depth matched; impression bucket 0/0 (8/8); similarity high-risk-marker (0/5); utility family pdf/pdf (7/7)
en,https://funnytools.win/en/tools/split-pdf/,https://funnytools.win/en/tools/extract-pdf-pages/,pdf,95,yes,same locale en; same page_type tool; same cluster pdf; crawl age delta 5d (15/15); internal links delta 2 (12/12); crawl depth matched; impression bucket 0/0 (8/8); similarity high-risk-marker (0/5); utility family pdf/pdf (7/7)
en,https://funnytools.win/en/tools/split-pdf/,https://funnytools.win/en/tools/images-to-pdf/,pdf,100,yes,same locale en; same page_type tool; same cluster pdf; crawl age delta 7d (15/15); internal links delta 2 (12/12); crawl depth matched; impression bucket 0/0 (8/8); similarity similarity-not-recorded (5/5); utility family pdf/pdf (7/7)
en,https://funnytools.win/en/tools/split-pdf/,https://funnytools.win/en/tools/merge-pdf/,pdf,100,yes,same locale en; same page_type tool; same cluster pdf; crawl age delta 5d (15/15); internal links delta 0 (12/12); crawl depth matched; impression bucket 0/0 (8/8); similarity similarity-not-recorded (5/5); utility family pdf/pdf (7/7)
en,https://funnytools.win/en/tools/split-pdf/,https://funnytools.win/en/tools/pdf-compressor/,pdf,100,yes,same locale en; same page_type tool; same cluster pdf; crawl age delta 1d (15/15); internal links delta 0 (12/12); crawl depth matched; impression bucket 0/0 (8/8); similarity similarity-not-recorded (5/5); utility family pdf/pdf (7/7)
en,https://funnytools.win/en/tools/split-pdf/,https://funnytools.win/en/tools/pdf-page-reorder/,pdf,100,yes,same locale en; same page_type tool; same cluster pdf; crawl age delta 0d (15/15); internal links delta 2 (12/12); crawl depth matched; impression bucket 0/0 (8/8); similarity similarity-not-recorded (5/5); utility family pdf/pdf (7/7)
en,https://funnytools.win/en/tools/standard-deviation/,https://funnytools.win/en/tools/class-rank-percentile-calculator/,statistics,91,yes,same locale en; same page_type tool; same cluster statistics; crawl age delta 10d (10/15); internal links delta 3 (12/12); crawl depth matched; impression bucket 0/1-10 (4/8); similarity low-similarity-0.674 (5/5); utility family calculator/calculator (7/7)
en,https://funnytools.win/en/tools/standard-deviation/,https://funnytools.win/en/tools/cronbach-alpha-calculator/,statistics,96,yes,same locale en; same page_type tool; same cluster statistics; crawl age delta 4d (15/15); internal links delta 4 (12/12); crawl depth matched; impression bucket 0/1-10 (4/8); similarity low-similarity-0.674 (5/5); utility family calculator/calculator (7/7)
en,https://funnytools.win/en/tools/standard-deviation/,https://funnytools.win/en/tools/grade-average/,statistics,96,yes,same locale en; same page_type tool; same cluster statistics; crawl age delta 2d (15/15); internal links delta 2 (12/12); crawl depth matched; impression bucket 0/1-10 (4/8); similarity low-similarity-0.674 (5/5); utility family calculator/calculator (7/7)
en,https://funnytools.win/en/tools/standard-deviation/,https://funnytools.win/en/tools/independent-samples-t-test-calculator/,statistics,95,yes,same locale en; same page_type tool; same cluster statistics; crawl age delta 12d (10/15); internal links delta 2 (12/12); crawl depth matched; impression bucket 0/0 (8/8); similarity low-similarity-0.674 (5/5); utility family calculator/calculator (7/7)
en,https://funnytools.win/en/tools/standard-deviation/,https://funnytools.win/en/tools/normalized-score-converter/,statistics,91,yes,same locale en; same page_type tool; same cluster statistics; crawl age delta 10d (10/15); internal links delta 4 (12/12); crawl depth matched; impression bucket 0/1-10 (4/8); similarity low-similarity-0.674 (5/5); utility family calculator/calculator (7/7)
en,https://funnytools.win/en/tools/standard-deviation/,https://funnytools.win/en/tools/percentage-calculator/,statistics,96,yes,same locale en; same page_type tool; same cluster statistics; crawl age delta 3d (15/15); internal links delta 2 (12/12); crawl depth matched; impression bucket 0/1-10 (4/8); similarity low-similarity-0.674 (5/5); utility family calculator/calculator (7/7)
en,https://funnytools.win/en/tools/standard-deviation/,https://funnytools.win/en/tools/percentile-rank-calculator/,statistics,96,yes,same locale en; same page_type tool; same cluster statistics; crawl age delta 3d (15/15); internal links delta 1 (12/12); crawl depth matched; impression bucket 0/1-10 (4/8); similarity low-similarity-0.674 (5/5); utility family calculator/calculator (7/7)
en,https://funnytools.win/en/tools/standard-deviation/,https://funnytools.win/en/tools/t-score-calculator/,statistics,86,yes,same locale en; same page_type tool; same cluster statistics; crawl age delta 13d (10/15); internal links delta 3 (12/12); crawl depth matched; impression bucket 0/1-10 (4/8); similarity high-risk-marker (0/5); utility family calculator/calculator (7/7)
en,https://funnytools.win/en/tools/standard-deviation/,https://funnytools.win/en/tools/teacher-exam-score-converter/,statistics,96,yes,same locale en; same page_type tool; same cluster statistics; crawl age delta 7d (15/15); internal links delta 1 (12/12); crawl depth matched; impression bucket 0/1-10 (4/8); similarity low-similarity-0.700 (5/5); utility family calculator/calculator (7/7)
en,https://funnytools.win/en/tools/standard-deviation/,https://funnytools.win/en/tools/weighted-average-calculator/,statistics,91,yes,same locale en; same page_type tool; same cluster statistics; crawl age delta 10d (10/15); internal links delta 0 (12/12); crawl depth matched; impression bucket 0/1-10 (4/8); similarity low-similarity-0.700 (5/5); utility family calculator/calculator (7/7)
en,https://funnytools.win/en/tools/standard-deviation/,https://funnytools.win/en/tools/z-score-calculator/,statistics,95,yes,same locale en; same page_type tool; same cluster statistics; crawl age delta 8d (10/15); internal links delta 1 (12/12); crawl depth matched; impression bucket 0/0 (8/8); similarity low-similarity-0.764 (5/5); utility family calculator/calculator (7/7)
en,https://funnytools.win/en/tools/t-score-calculator/,https://funnytools.win/en/tools/class-rank-percentile-calculator/,statistics,91,yes,same locale en; same page_type tool; same cluster statistics; crawl age delta 3d (15/15); internal links delta 6 (8/12); crawl depth matched; impression bucket 1-10/1-10 (8/8); similarity high-risk-marker (0/5); utility family calculator/calculator (7/7)
en,https://funnytools.win/en/tools/t-score-calculator/,https://funnytools.win/en/tools/cronbach-alpha-calculator/,statistics,81,yes,same locale en; same page_type tool; same cluster statistics; crawl age delta 17d (5/15); internal links delta 7 (8/12); crawl depth matched; impression bucket 1-10/1-10 (8/8); similarity high-risk-marker (0/5); utility family calculator/calculator (7/7)
en,https://funnytools.win/en/tools/t-score-calculator/,https://funnytools.win/en/tools/grade-average/,statistics,85,yes,same locale en; same page_type tool; same cluster statistics; crawl age delta 15d (5/15); internal links delta 5 (12/12); crawl depth matched; impression bucket 1-10/1-10 (8/8); similarity high-risk-marker (0/5); utility family calculator/calculator (7/7)
en,https://funnytools.win/en/tools/t-score-calculator/,https://funnytools.win/en/tools/independent-samples-t-test-calculator/,statistics,91,yes,same locale en; same page_type tool; same cluster statistics; crawl age delta 1d (15/15); internal links delta 5 (12/12); crawl depth matched; impression bucket 1-10/0 (4/8); similarity high-risk-marker (0/5); utility family calculator/calculator (7/7)
en,https://funnytools.win/en/tools/t-score-calculator/,https://funnytools.win/en/tools/normalized-score-converter/,statistics,91,yes,same locale en; same page_type tool; same cluster statistics; crawl age delta 3d (15/15); internal links delta 7 (8/12); crawl depth matched; impression bucket 1-10/1-10 (8/8); similarity high-risk-marker (0/5); utility family calculator/calculator (7/7)
en,https://funnytools.win/en/tools/t-score-calculator/,https://funnytools.win/en/tools/percentage-calculator/,statistics,90,yes,same locale en; same page_type tool; same cluster statistics; crawl age delta 10d (10/15); internal links delta 5 (12/12); crawl depth matched; impression bucket 1-10/1-10 (8/8); similarity high-risk-marker (0/5); utility family calculator/calculator (7/7)
en,https://funnytools.win/en/tools/t-score-calculator/,https://funnytools.win/en/tools/percentile-rank-calculator/,statistics,90,yes,same locale en; same page_type tool; same cluster statistics; crawl age delta 10d (10/15); internal links delta 4 (12/12); crawl depth matched; impression bucket 1-10/1-10 (8/8); similarity high-risk-marker (0/5); utility family calculator/calculator (7/7)
en,https://funnytools.win/en/tools/t-score-calculator/,https://funnytools.win/en/tools/standard-deviation/,statistics,86,yes,same locale en; same page_type tool; same cluster statistics; crawl age delta 13d (10/15); internal links delta 3 (12/12); crawl depth matched; impression bucket 1-10/0 (4/8); similarity high-risk-marker (0/5); utility family calculator/calculator (7/7)
en,https://funnytools.win/en/tools/t-score-calculator/,https://funnytools.win/en/tools/teacher-exam-score-converter/,statistics,95,yes,same locale en; same page_type tool; same cluster statistics; crawl age delta 6d (15/15); internal links delta 4 (12/12); crawl depth matched; impression bucket 1-10/1-10 (8/8); similarity high-risk-marker (0/5); utility family calculator/calculator (7/7)
en,https://funnytools.win/en/tools/t-score-calculator/,https://funnytools.win/en/tools/weighted-average-calculator/,statistics,95,yes,same locale en; same page_type tool; same cluster statistics; crawl age delta 3d (15/15); internal links delta 3 (12/12); crawl depth matched; impression bucket 1-10/1-10 (8/8); similarity high-risk-marker (0/5); utility family calculator/calculator (7/7)
en,https://funnytools.win/en/tools/t-score-calculator/,https://funnytools.win/en/tools/z-score-calculator/,statistics,91,yes,same locale en; same page_type tool; same cluster statistics; crawl age delta 5d (15/15); internal links delta 2 (12/12); crawl depth matched; impression bucket 1-10/0 (4/8); similarity high-risk-marker (0/5); utility family calculator/calculator (7/7)
en,https://funnytools.win/en/tools/teacher-exam-score-converter/,https://funnytools.win/en/tools/class-rank-percentile-calculator/,statistics,100,yes,same locale en; same page_type tool; same cluster statistics; crawl age delta 3d (15/15); internal links delta 2 (12/12); crawl depth matched; impression bucket 1-10/1-10 (8/8); similarity low-similarity-0.700 (5/5); utility family calculator/calculator (7/7)
en,https://funnytools.win/en/tools/teacher-exam-score-converter/,https://funnytools.win/en/tools/cronbach-alpha-calculator/,statistics,95,yes,same locale en; same page_type tool; same cluster statistics; crawl age delta 11d (10/15); internal links delta 3 (12/12); crawl depth matched; impression bucket 1-10/1-10 (8/8); similarity low-similarity-0.700 (5/5); utility family calculator/calculator (7/7)
en,https://funnytools.win/en/tools/teacher-exam-score-converter/,https://funnytools.win/en/tools/grade-average/,statistics,95,yes,same locale en; same page_type tool; same cluster statistics; crawl age delta 9d (10/15); internal links delta 1 (12/12); crawl depth matched; impression bucket 1-10/1-10 (8/8); similarity low-similarity-0.700 (5/5); utility family calculator/calculator (7/7)
en,https://funnytools.win/en/tools/teacher-exam-score-converter/,https://funnytools.win/en/tools/independent-samples-t-test-calculator/,statistics,96,yes,same locale en; same page_type tool; same cluster statistics; crawl age delta 5d (15/15); internal links delta 1 (12/12); crawl depth matched; impression bucket 1-10/0 (4/8); similarity low-similarity-0.700 (5/5); utility family calculator/calculator (7/7)
en,https://funnytools.win/en/tools/teacher-exam-score-converter/,https://funnytools.win/en/tools/normalized-score-converter/,statistics,100,yes,same locale en; same page_type tool; same cluster statistics; crawl age delta 3d (15/15); internal links delta 3 (12/12); crawl depth matched; impression bucket 1-10/1-10 (8/8); similarity low-similarity-0.700 (5/5); utility family calculator/calculator (7/7)
en,https://funnytools.win/en/tools/teacher-exam-score-converter/,https://funnytools.win/en/tools/percentage-calculator/,statistics,100,yes,same locale en; same page_type tool; same cluster statistics; crawl age delta 4d (15/15); internal links delta 1 (12/12); crawl depth matched; impression bucket 1-10/1-10 (8/8); similarity low-similarity-0.700 (5/5); utility family calculator/calculator (7/7)
en,https://funnytools.win/en/tools/teacher-exam-score-converter/,https://funnytools.win/en/tools/percentile-rank-calculator/,statistics,100,yes,same locale en; same page_type tool; same cluster statistics; crawl age delta 4d (15/15); internal links delta 0 (12/12); crawl depth matched; impression bucket 1-10/1-10 (8/8); similarity low-similarity-0.700 (5/5); utility family calculator/calculator (7/7)
en,https://funnytools.win/en/tools/teacher-exam-score-converter/,https://funnytools.win/en/tools/standard-deviation/,statistics,96,yes,same locale en; same page_type tool; same cluster statistics; crawl age delta 7d (15/15); internal links delta 1 (12/12); crawl depth matched; impression bucket 1-10/0 (4/8); similarity low-similarity-0.700 (5/5); utility family calculator/calculator (7/7)
en,https://funnytools.win/en/tools/teacher-exam-score-converter/,https://funnytools.win/en/tools/t-score-calculator/,statistics,95,yes,same locale en; same page_type tool; same cluster statistics; crawl age delta 6d (15/15); internal links delta 4 (12/12); crawl depth matched; impression bucket 1-10/1-10 (8/8); similarity high-risk-marker (0/5); utility family calculator/calculator (7/7)
en,https://funnytools.win/en/tools/teacher-exam-score-converter/,https://funnytools.win/en/tools/weighted-average-calculator/,statistics,100,yes,same locale en; same page_type tool; same cluster statistics; crawl age delta 3d (15/15); internal links delta 1 (12/12); crawl depth matched; impression bucket 1-10/1-10 (8/8); similarity low-similarity-0.700 (5/5); utility family calculator/calculator (7/7)
en,https://funnytools.win/en/tools/teacher-exam-score-converter/,https://funnytools.win/en/tools/z-score-calculator/,statistics,96,yes,same locale en; same page_type tool; same cluster statistics; crawl age delta 1d (15/15); internal links delta 2 (12/12); crawl depth matched; impression bucket 1-10/0 (4/8); similarity low-similarity-0.764 (5/5); utility family calculator/calculator (7/7)
en,https://funnytools.win/en/tools/this-or-that/,https://funnytools.win/en/tools/color-generator/,random,100,yes,same locale en; same page_type tool; same cluster random; crawl age delta 2d (15/15); internal links delta 0 (12/12); crawl depth matched; impression bucket 0/0 (8/8); similarity similarity-not-recorded (5/5); utility family random/random (7/7)
en,https://funnytools.win/en/tools/this-or-that/,https://funnytools.win/en/tools/dice-roller/,random,100,yes,same locale en; same page_type tool; same cluster random; crawl age delta 0d (15/15); internal links delta 1 (12/12); crawl depth matched; impression bucket 0/0 (8/8); similarity similarity-not-recorded (5/5); utility family random/random (7/7)
en,https://funnytools.win/en/tools/this-or-that/,https://funnytools.win/en/tools/password-generator/,random,100,yes,same locale en; same page_type tool; same cluster random; crawl age delta 1d (15/15); internal links delta 1 (12/12); crawl depth matched; impression bucket 0/0 (8/8); similarity similarity-not-recorded (5/5); utility family random/random (7/7)
en,https://funnytools.win/en/tools/this-or-that/,https://funnytools.win/en/tools/random-name-picker/,random,100,yes,same locale en; same page_type tool; same cluster random; crawl age delta 3d (15/15); internal links delta 3 (12/12); crawl depth matched; impression bucket 0/0 (8/8); similarity similarity-not-recorded (5/5); utility family random/random (7/7)
en,https://funnytools.win/en/tools/this-or-that/,https://funnytools.win/en/tools/random-number-picker/,random,90,yes,same locale en; same page_type tool; same cluster random; crawl age delta 18d (5/15); internal links delta 1 (12/12); crawl depth matched; impression bucket 0/0 (8/8); similarity similarity-not-recorded (5/5); utility family random/random (7/7)
en,https://funnytools.win/en/tools/this-or-that/,https://funnytools.win/en/tools/random-wheel/,random,91,yes,same locale en; same page_type tool; same cluster random; crawl age delta 9d (10/15); internal links delta 2 (12/12); crawl depth matched; impression bucket 0/1-10 (4/8); similarity similarity-not-recorded (5/5); utility family random/random (7/7)
en,https://funnytools.win/en/tools/this-or-that/,https://funnytools.win/en/tools/uuid-generator/,random,90,yes,same locale en; same page_type tool; same cluster random; crawl age delta 19d (5/15); internal links delta 1 (12/12); crawl depth matched; impression bucket 0/0 (8/8); similarity similarity-not-recorded (5/5); utility family random/random (7/7)
en,https://funnytools.win/en/tools/this-or-that/,https://funnytools.win/en/tools/what-to-eat/,random,96,yes,same locale en; same page_type tool; same cluster random; crawl age delta 1d (15/15); internal links delta 0 (12/12); crawl depth matched; impression bucket 0/1-10 (4/8); similarity similarity-not-recorded (5/5); utility family random/random (7/7)
en,https://funnytools.win/en/tools/timestamp-converter/,https://funnytools.win/en/tools/break-reminder/,time,100,yes,same locale en; same page_type tool; same cluster time; crawl age delta 2d (15/15); internal links delta 0 (12/12); crawl depth matched; impression bucket 0/0 (8/8); similarity similarity-not-recorded (5/5); utility family time/time (7/7)
en,https://funnytools.win/en/tools/timestamp-converter/,https://funnytools.win/en/tools/business-days/,time,100,yes,same locale en; same page_type tool; same cluster time; crawl age delta 4d (15/15); internal links delta 1 (12/12); crawl depth matched; impression bucket 0/0 (8/8); similarity similarity-not-recorded (5/5); utility family time/time (7/7)
en,https://funnytools.win/en/tools/timestamp-converter/,https://funnytools.win/en/tools/countdown-timer/,time,91,yes,same locale en; same page_type tool; same cluster time; crawl age delta 10d (10/15); internal links delta 6 (8/12); crawl depth matched; impression bucket 0/0 (8/8); similarity similarity-not-recorded (5/5); utility family time/time (7/7)
en,https://funnytools.win/en/tools/timestamp-converter/,https://funnytools.win/en/tools/date-difference/,time,100,yes,same locale en; same page_type tool; same cluster time; crawl age delta 2d (15/15); internal links delta 1 (12/12); crawl depth matched; impression bucket 0/0 (8/8); similarity similarity-not-recorded (5/5); utility family time/time (7/7)
en,https://funnytools.win/en/tools/url-encoder/,https://funnytools.win/en/tools/base64/,text,95,yes,same locale en; same page_type tool; same cluster text; crawl age delta 8d (10/15); internal links delta 4 (12/12); crawl depth matched; impression bucket 0/0 (8/8); similarity similarity-not-recorded (5/5); utility family text/text (7/7)
en,https://funnytools.win/en/tools/url-encoder/,https://funnytools.win/en/tools/case-converter/,text,100,yes,same locale en; same page_type tool; same cluster text; crawl age delta 2d (15/15); internal links delta 1 (12/12); crawl depth matched; impression bucket 0/0 (8/8); similarity similarity-not-recorded (5/5); utility family text/text (7/7)
en,https://funnytools.win/en/tools/url-encoder/,https://funnytools.win/en/tools/character-counter/,text,100,yes,same locale en; same page_type tool; same cluster text; crawl age delta 4d (15/15); internal links delta 2 (12/12); crawl depth matched; impression bucket 0/0 (8/8); similarity similarity-not-recorded (5/5); utility family text/text (7/7)
en,https://funnytools.win/en/tools/url-encoder/,https://funnytools.win/en/tools/csv-to-json/,text,100,yes,same locale en; same page_type tool; same cluster text; crawl age delta 5d (15/15); internal links delta 1 (12/12); crawl depth matched; impression bucket 0/0 (8/8); similarity low-similarity-0.724 (5/5); utility family text/text (7/7)
en,https://funnytools.win/en/tools/url-encoder/,https://funnytools.win/en/tools/json-formatter/,text,100,yes,same locale en; same page_type tool; same cluster text; crawl age delta 6d (15/15); internal links delta 1 (12/12); crawl depth matched; impression bucket 0/0 (8/8); similarity similarity-not-recorded (5/5); utility family text/text (7/7)
en,https://funnytools.win/en/tools/url-encoder/,https://funnytools.win/en/tools/json-to-csv/,text,100,yes,same locale en; same page_type tool; same cluster text; crawl age delta 3d (15/15); internal links delta 3 (12/12); crawl depth matched; impression bucket 0/0 (8/8); similarity low-similarity-0.724 (5/5); utility family text/text (7/7)
en,https://funnytools.win/en/tools/url-encoder/,https://funnytools.win/en/tools/markdown-previewer/,text,100,yes,same locale en; same page_type tool; same cluster text; crawl age delta 2d (15/15); internal links delta 4 (12/12); crawl depth matched; impression bucket 0/0 (8/8); similarity similarity-not-recorded (5/5); utility family text/text (7/7)
en,https://funnytools.win/en/tools/url-encoder/,https://funnytools.win/en/tools/remove-duplicate-lines/,text,100,yes,same locale en; same page_type tool; same cluster text; crawl age delta 5d (15/15); internal links delta 4 (12/12); crawl depth matched; impression bucket 0/0 (8/8); similarity similarity-not-recorded (5/5); utility family text/text (7/7)
en,https://funnytools.win/en/tools/url-encoder/,https://funnytools.win/en/tools/remove-empty-lines/,text,95,yes,same locale en; same page_type tool; same cluster text; crawl age delta 8d (10/15); internal links delta 4 (12/12); crawl depth matched; impression bucket 0/0 (8/8); similarity similarity-not-recorded (5/5); utility family text/text (7/7)
en,https://funnytools.win/en/tools/url-encoder/,https://funnytools.win/en/tools/sort-lines/,text,95,yes,same locale en; same page_type tool; same cluster text; crawl age delta 13d (10/15); internal links delta 4 (12/12); crawl depth matched; impression bucket 0/0 (8/8); similarity similarity-not-recorded (5/5); utility family text/text (7/7)
en,https://funnytools.win/en/tools/url-encoder/,https://funnytools.win/en/tools/word-counter/,text,100,yes,same locale en; same page_type tool; same cluster text; crawl age delta 4d (15/15); internal links delta 1 (12/12); crawl depth matched; impression bucket 0/0 (8/8); similarity similarity-not-recorded (5/5); utility family text/text (7/7)
en,https://funnytools.win/en/tools/uuid-generator/,https://funnytools.win/en/tools/color-generator/,random,90,yes,same locale en; same page_type tool; same cluster random; crawl age delta 17d (5/15); internal links delta 1 (12/12); crawl depth matched; impression bucket 0/0 (8/8); similarity similarity-not-recorded (5/5); utility family random/random (7/7)
en,https://funnytools.win/en/tools/uuid-generator/,https://funnytools.win/en/tools/dice-roller/,random,90,yes,same locale en; same page_type tool; same cluster random; crawl age delta 19d (5/15); internal links delta 2 (12/12); crawl depth matched; impression bucket 0/0 (8/8); similarity similarity-not-recorded (5/5); utility family random/random (7/7)
en,https://funnytools.win/en/tools/uuid-generator/,https://funnytools.win/en/tools/password-generator/,random,90,yes,same locale en; same page_type tool; same cluster random; crawl age delta 20d (5/15); internal links delta 0 (12/12); crawl depth matched; impression bucket 0/0 (8/8); similarity similarity-not-recorded (5/5); utility family random/random (7/7)
en,https://funnytools.win/en/tools/uuid-generator/,https://funnytools.win/en/tools/random-name-picker/,random,90,yes,same locale en; same page_type tool; same cluster random; crawl age delta 16d (5/15); internal links delta 4 (12/12); crawl depth matched; impression bucket 0/0 (8/8); similarity similarity-not-recorded (5/5); utility family random/random (7/7)
en,https://funnytools.win/en/tools/uuid-generator/,https://funnytools.win/en/tools/random-number-picker/,random,85,yes,same locale en; same page_type tool; same cluster random; crawl age delta 37d (0/15); internal links delta 0 (12/12); crawl depth matched; impression bucket 0/0 (8/8); similarity similarity-not-recorded (5/5); utility family random/random (7/7)
en,https://funnytools.win/en/tools/uuid-generator/,https://funnytools.win/en/tools/random-wheel/,random,81,yes,same locale en; same page_type tool; same cluster random; crawl age delta 28d (0/15); internal links delta 3 (12/12); crawl depth matched; impression bucket 0/1-10 (4/8); similarity similarity-not-recorded (5/5); utility family random/random (7/7)
en,https://funnytools.win/en/tools/uuid-generator/,https://funnytools.win/en/tools/this-or-that/,random,90,yes,same locale en; same page_type tool; same cluster random; crawl age delta 19d (5/15); internal links delta 1 (12/12); crawl depth matched; impression bucket 0/0 (8/8); similarity similarity-not-recorded (5/5); utility family random/random (7/7)
en,https://funnytools.win/en/tools/uuid-generator/,https://funnytools.win/en/tools/what-to-eat/,random,86,yes,same locale en; same page_type tool; same cluster random; crawl age delta 18d (5/15); internal links delta 1 (12/12); crawl depth matched; impression bucket 0/1-10 (4/8); similarity similarity-not-recorded (5/5); utility family random/random (7/7)
en,https://funnytools.win/en/tools/webp-to-jpg/,https://funnytools.win/en/tools/image-crop/,image,95,yes,same locale en; same page_type tool; same cluster image; crawl age delta 1d (15/15); internal links delta 4 (12/12); crawl depth matched; impression bucket 0/0 (8/8); similarity high-risk-marker (0/5); utility family image/image (7/7)
en,https://funnytools.win/en/tools/webp-to-jpg/,https://funnytools.win/en/tools/image-rotate-flip/,image,95,yes,same locale en; same page_type tool; same cluster image; crawl age delta 6d (15/15); internal links delta 1 (12/12); crawl depth matched; impression bucket 0/0 (8/8); similarity high-risk-marker (0/5); utility family image/image (7/7)
en,https://funnytools.win/en/tools/webp-to-jpg/,https://funnytools.win/en/tools/image-to-base64/,image,90,yes,same locale en; same page_type tool; same cluster image; crawl age delta 8d (10/15); internal links delta 1 (12/12); crawl depth matched; impression bucket 0/0 (8/8); similarity high-risk-marker (0/5); utility family image/image (7/7)
en,https://funnytools.win/en/tools/webp-to-jpg/,https://funnytools.win/en/tools/jpg-to-png/,image,95,yes,same locale en; same page_type tool; same cluster image; crawl age delta 3d (15/15); internal links delta 0 (12/12); crawl depth matched; impression bucket 0/0 (8/8); similarity high-risk-marker (0/5); utility family image/image (7/7)
en,https://funnytools.win/en/tools/webp-to-jpg/,https://funnytools.win/en/tools/jpg-to-webp/,image,95,yes,same locale en; same page_type tool; same cluster image; crawl age delta 1d (15/15); internal links delta 2 (12/12); crawl depth matched; impression bucket 0/0 (8/8); similarity high-risk-marker (0/5); utility family image/image (7/7)
en,https://funnytools.win/en/tools/webp-to-jpg/,https://funnytools.win/en/tools/png-to-jpg/,image,85,yes,same locale en; same page_type tool; same cluster image; crawl age delta 15d (5/15); internal links delta 2 (12/12); crawl depth matched; impression bucket 0/0 (8/8); similarity high-risk-marker (0/5); utility family image/image (7/7)
en,https://funnytools.win/en/tools/weighted-average-calculator/,https://funnytools.win/en/tools/class-rank-percentile-calculator/,statistics,100,yes,same locale en; same page_type tool; same cluster statistics; crawl age delta 0d (15/15); internal links delta 3 (12/12); crawl depth matched; impression bucket 1-10/1-10 (8/8); similarity low-similarity-0.700 (5/5); utility family calculator/calculator (7/7)
en,https://funnytools.win/en/tools/weighted-average-calculator/,https://funnytools.win/en/tools/cronbach-alpha-calculator/,statistics,95,yes,same locale en; same page_type tool; same cluster statistics; crawl age delta 14d (10/15); internal links delta 4 (12/12); crawl depth matched; impression bucket 1-10/1-10 (8/8); similarity low-similarity-0.700 (5/5); utility family calculator/calculator (7/7)
en,https://funnytools.win/en/tools/weighted-average-calculator/,https://funnytools.win/en/tools/grade-average/,statistics,95,yes,same locale en; same page_type tool; same cluster statistics; crawl age delta 12d (10/15); internal links delta 2 (12/12); crawl depth matched; impression bucket 1-10/1-10 (8/8); similarity low-similarity-0.700 (5/5); utility family calculator/calculator (7/7)
en,https://funnytools.win/en/tools/weighted-average-calculator/,https://funnytools.win/en/tools/independent-samples-t-test-calculator/,statistics,96,yes,same locale en; same page_type tool; same cluster statistics; crawl age delta 2d (15/15); internal links delta 2 (12/12); crawl depth matched; impression bucket 1-10/0 (4/8); similarity low-similarity-0.700 (5/5); utility family calculator/calculator (7/7)
en,https://funnytools.win/en/tools/weighted-average-calculator/,https://funnytools.win/en/tools/normalized-score-converter/,statistics,100,yes,same locale en; same page_type tool; same cluster statistics; crawl age delta 0d (15/15); internal links delta 4 (12/12); crawl depth matched; impression bucket 1-10/1-10 (8/8); similarity low-similarity-0.700 (5/5); utility family calculator/calculator (7/7)
en,https://funnytools.win/en/tools/weighted-average-calculator/,https://funnytools.win/en/tools/percentage-calculator/,statistics,100,yes,same locale en; same page_type tool; same cluster statistics; crawl age delta 7d (15/15); internal links delta 2 (12/12); crawl depth matched; impression bucket 1-10/1-10 (8/8); similarity low-similarity-0.700 (5/5); utility family calculator/calculator (7/7)
en,https://funnytools.win/en/tools/weighted-average-calculator/,https://funnytools.win/en/tools/percentile-rank-calculator/,statistics,100,yes,same locale en; same page_type tool; same cluster statistics; crawl age delta 7d (15/15); internal links delta 1 (12/12); crawl depth matched; impression bucket 1-10/1-10 (8/8); similarity low-similarity-0.700 (5/5); utility family calculator/calculator (7/7)
en,https://funnytools.win/en/tools/weighted-average-calculator/,https://funnytools.win/en/tools/standard-deviation/,statistics,91,yes,same locale en; same page_type tool; same cluster statistics; crawl age delta 10d (10/15); internal links delta 0 (12/12); crawl depth matched; impression bucket 1-10/0 (4/8); similarity low-similarity-0.700 (5/5); utility family calculator/calculator (7/7)
en,https://funnytools.win/en/tools/weighted-average-calculator/,https://funnytools.win/en/tools/t-score-calculator/,statistics,95,yes,same locale en; same page_type tool; same cluster statistics; crawl age delta 3d (15/15); internal links delta 3 (12/12); crawl depth matched; impression bucket 1-10/1-10 (8/8); similarity high-risk-marker (0/5); utility family calculator/calculator (7/7)
en,https://funnytools.win/en/tools/weighted-average-calculator/,https://funnytools.win/en/tools/teacher-exam-score-converter/,statistics,100,yes,same locale en; same page_type tool; same cluster statistics; crawl age delta 3d (15/15); internal links delta 1 (12/12); crawl depth matched; impression bucket 1-10/1-10 (8/8); similarity low-similarity-0.700 (5/5); utility family calculator/calculator (7/7)
en,https://funnytools.win/en/tools/weighted-average-calculator/,https://funnytools.win/en/tools/z-score-calculator/,statistics,96,yes,same locale en; same page_type tool; same cluster statistics; crawl age delta 2d (15/15); internal links delta 1 (12/12); crawl depth matched; impression bucket 1-10/0 (4/8); similarity low-similarity-0.764 (5/5); utility family calculator/calculator (7/7)
en,https://funnytools.win/en/tools/what-to-eat/,https://funnytools.win/en/tools/color-generator/,random,96,yes,same locale en; same page_type tool; same cluster random; crawl age delta 1d (15/15); internal links delta 0 (12/12); crawl depth matched; impression bucket 1-10/0 (4/8); similarity similarity-not-recorded (5/5); utility family random/random (7/7)
en,https://funnytools.win/en/tools/what-to-eat/,https://funnytools.win/en/tools/dice-roller/,random,96,yes,same locale en; same page_type tool; same cluster random; crawl age delta 1d (15/15); internal links delta 1 (12/12); crawl depth matched; impression bucket 1-10/0 (4/8); similarity similarity-not-recorded (5/5); utility family random/random (7/7)
en,https://funnytools.win/en/tools/what-to-eat/,https://funnytools.win/en/tools/password-generator/,random,96,yes,same locale en; same page_type tool; same cluster random; crawl age delta 2d (15/15); internal links delta 1 (12/12); crawl depth matched; impression bucket 1-10/0 (4/8); similarity similarity-not-recorded (5/5); utility family random/random (7/7)
en,https://funnytools.win/en/tools/what-to-eat/,https://funnytools.win/en/tools/random-name-picker/,random,96,yes,same locale en; same page_type tool; same cluster random; crawl age delta 2d (15/15); internal links delta 3 (12/12); crawl depth matched; impression bucket 1-10/0 (4/8); similarity similarity-not-recorded (5/5); utility family random/random (7/7)
en,https://funnytools.win/en/tools/what-to-eat/,https://funnytools.win/en/tools/random-number-picker/,random,86,yes,same locale en; same page_type tool; same cluster random; crawl age delta 19d (5/15); internal links delta 1 (12/12); crawl depth matched; impression bucket 1-10/0 (4/8); similarity similarity-not-recorded (5/5); utility family random/random (7/7)
en,https://funnytools.win/en/tools/what-to-eat/,https://funnytools.win/en/tools/random-wheel/,random,95,yes,same locale en; same page_type tool; same cluster random; crawl age delta 10d (10/15); internal links delta 2 (12/12); crawl depth matched; impression bucket 1-10/1-10 (8/8); similarity similarity-not-recorded (5/5); utility family random/random (7/7)
en,https://funnytools.win/en/tools/what-to-eat/,https://funnytools.win/en/tools/this-or-that/,random,96,yes,same locale en; same page_type tool; same cluster random; crawl age delta 1d (15/15); internal links delta 0 (12/12); crawl depth matched; impression bucket 1-10/0 (4/8); similarity similarity-not-recorded (5/5); utility family random/random (7/7)
en,https://funnytools.win/en/tools/what-to-eat/,https://funnytools.win/en/tools/uuid-generator/,random,86,yes,same locale en; same page_type tool; same cluster random; crawl age delta 18d (5/15); internal links delta 1 (12/12); crawl depth matched; impression bucket 1-10/0 (4/8); similarity similarity-not-recorded (5/5); utility family random/random (7/7)
en,https://funnytools.win/en/tools/word-counter/,https://funnytools.win/en/tools/base64/,text,95,yes,same locale en; same page_type tool; same cluster text; crawl age delta 12d (10/15); internal links delta 3 (12/12); crawl depth matched; impression bucket 0/0 (8/8); similarity similarity-not-recorded (5/5); utility family text/text (7/7)
en,https://funnytools.win/en/tools/word-counter/,https://funnytools.win/en/tools/case-converter/,text,100,yes,same locale en; same page_type tool; same cluster text; crawl age delta 6d (15/15); internal links delta 0 (12/12); crawl depth matched; impression bucket 0/0 (8/8); similarity similarity-not-recorded (5/5); utility family text/text (7/7)
en,https://funnytools.win/en/tools/word-counter/,https://funnytools.win/en/tools/character-counter/,text,95,yes,same locale en; same page_type tool; same cluster text; crawl age delta 8d (10/15); internal links delta 3 (12/12); crawl depth matched; impression bucket 0/0 (8/8); similarity similarity-not-recorded (5/5); utility family text/text (7/7)
en,https://funnytools.win/en/tools/word-counter/,https://funnytools.win/en/tools/csv-to-json/,text,95,yes,same locale en; same page_type tool; same cluster text; crawl age delta 9d (10/15); internal links delta 0 (12/12); crawl depth matched; impression bucket 0/0 (8/8); similarity low-similarity-0.724 (5/5); utility family text/text (7/7)
en,https://funnytools.win/en/tools/word-counter/,https://funnytools.win/en/tools/json-formatter/,text,100,yes,same locale en; same page_type tool; same cluster text; crawl age delta 2d (15/15); internal links delta 0 (12/12); crawl depth matched; impression bucket 0/0 (8/8); similarity similarity-not-recorded (5/5); utility family text/text (7/7)
en,https://funnytools.win/en/tools/word-counter/,https://funnytools.win/en/tools/json-to-csv/,text,100,yes,same locale en; same page_type tool; same cluster text; crawl age delta 7d (15/15); internal links delta 2 (12/12); crawl depth matched; impression bucket 0/0 (8/8); similarity low-similarity-0.724 (5/5); utility family text/text (7/7)
en,https://funnytools.win/en/tools/word-counter/,https://funnytools.win/en/tools/markdown-previewer/,text,100,yes,same locale en; same page_type tool; same cluster text; crawl age delta 6d (15/15); internal links delta 3 (12/12); crawl depth matched; impression bucket 0/0 (8/8); similarity similarity-not-recorded (5/5); utility family text/text (7/7)
en,https://funnytools.win/en/tools/word-counter/,https://funnytools.win/en/tools/remove-duplicate-lines/,text,95,yes,same locale en; same page_type tool; same cluster text; crawl age delta 9d (10/15); internal links delta 3 (12/12); crawl depth matched; impression bucket 0/0 (8/8); similarity similarity-not-recorded (5/5); utility family text/text (7/7)
en,https://funnytools.win/en/tools/word-counter/,https://funnytools.win/en/tools/remove-empty-lines/,text,95,yes,same locale en; same page_type tool; same cluster text; crawl age delta 12d (10/15); internal links delta 3 (12/12); crawl depth matched; impression bucket 0/0 (8/8); similarity similarity-not-recorded (5/5); utility family text/text (7/7)
en,https://funnytools.win/en/tools/word-counter/,https://funnytools.win/en/tools/sort-lines/,text,95,yes,same locale en; same page_type tool; same cluster text; crawl age delta 9d (10/15); internal links delta 3 (12/12); crawl depth matched; impression bucket 0/0 (8/8); similarity similarity-not-recorded (5/5); utility family text/text (7/7)
en,https://funnytools.win/en/tools/word-counter/,https://funnytools.win/en/tools/url-encoder/,text,100,yes,same locale en; same page_type tool; same cluster text; crawl age delta 4d (15/15); internal links delta 1 (12/12); crawl depth matched; impression bucket 0/0 (8/8); similarity similarity-not-recorded (5/5); utility family text/text (7/7)
en,https://funnytools.win/en/tools/z-score-calculator/,https://funnytools.win/en/tools/class-rank-percentile-calculator/,statistics,96,yes,same locale en; same page_type tool; same cluster statistics; crawl age delta 2d (15/15); internal links delta 4 (12/12); crawl depth matched; impression bucket 0/1-10 (4/8); similarity low-similarity-0.764 (5/5); utility family calculator/calculator (7/7)
en,https://funnytools.win/en/tools/z-score-calculator/,https://funnytools.win/en/tools/cronbach-alpha-calculator/,statistics,91,yes,same locale en; same page_type tool; same cluster statistics; crawl age delta 12d (10/15); internal links delta 5 (12/12); crawl depth matched; impression bucket 0/1-10 (4/8); similarity low-similarity-0.764 (5/5); utility family calculator/calculator (7/7)
en,https://funnytools.win/en/tools/z-score-calculator/,https://funnytools.win/en/tools/grade-average/,statistics,91,yes,same locale en; same page_type tool; same cluster statistics; crawl age delta 10d (10/15); internal links delta 3 (12/12); crawl depth matched; impression bucket 0/1-10 (4/8); similarity low-similarity-0.764 (5/5); utility family calculator/calculator (7/7)
en,https://funnytools.win/en/tools/z-score-calculator/,https://funnytools.win/en/tools/independent-samples-t-test-calculator/,statistics,100,yes,same locale en; same page_type tool; same cluster statistics; crawl age delta 4d (15/15); internal links delta 3 (12/12); crawl depth matched; impression bucket 0/0 (8/8); similarity low-similarity-0.764 (5/5); utility family calculator/calculator (7/7)
en,https://funnytools.win/en/tools/z-score-calculator/,https://funnytools.win/en/tools/normalized-score-converter/,statistics,96,yes,same locale en; same page_type tool; same cluster statistics; crawl age delta 2d (15/15); internal links delta 5 (12/12); crawl depth matched; impression bucket 0/1-10 (4/8); similarity low-similarity-0.764 (5/5); utility family calculator/calculator (7/7)
en,https://funnytools.win/en/tools/z-score-calculator/,https://funnytools.win/en/tools/percentage-calculator/,statistics,96,yes,same locale en; same page_type tool; same cluster statistics; crawl age delta 5d (15/15); internal links delta 3 (12/12); crawl depth matched; impression bucket 0/1-10 (4/8); similarity low-similarity-0.764 (5/5); utility family calculator/calculator (7/7)
en,https://funnytools.win/en/tools/z-score-calculator/,https://funnytools.win/en/tools/percentile-rank-calculator/,statistics,96,yes,same locale en; same page_type tool; same cluster statistics; crawl age delta 5d (15/15); internal links delta 2 (12/12); crawl depth matched; impression bucket 0/1-10 (4/8); similarity low-similarity-0.764 (5/5); utility family calculator/calculator (7/7)
en,https://funnytools.win/en/tools/z-score-calculator/,https://funnytools.win/en/tools/standard-deviation/,statistics,95,yes,same locale en; same page_type tool; same cluster statistics; crawl age delta 8d (10/15); internal links delta 1 (12/12); crawl depth matched; impression bucket 0/0 (8/8); similarity low-similarity-0.764 (5/5); utility family calculator/calculator (7/7)
en,https://funnytools.win/en/tools/z-score-calculator/,https://funnytools.win/en/tools/t-score-calculator/,statistics,91,yes,same locale en; same page_type tool; same cluster statistics; crawl age delta 5d (15/15); internal links delta 2 (12/12); crawl depth matched; impression bucket 0/1-10 (4/8); similarity high-risk-marker (0/5); utility family calculator/calculator (7/7)
en,https://funnytools.win/en/tools/z-score-calculator/,https://funnytools.win/en/tools/teacher-exam-score-converter/,statistics,96,yes,same locale en; same page_type tool; same cluster statistics; crawl age delta 1d (15/15); internal links delta 2 (12/12); crawl depth matched; impression bucket 0/1-10 (4/8); similarity low-similarity-0.764 (5/5); utility family calculator/calculator (7/7)
en,https://funnytools.win/en/tools/z-score-calculator/,https://funnytools.win/en/tools/weighted-average-calculator/,statistics,96,yes,same locale en; same page_type tool; same cluster statistics; crawl age delta 2d (15/15); internal links delta 1 (12/12); crawl depth matched; impression bucket 0/1-10 (4/8); similarity low-similarity-0.764 (5/5); utility family calculator/calculator (7/7)
es,https://funnytools.win/es/herramientas/calculadora-alfa-cronbach/,https://funnytools.win/es/herramientas/calculadora-desviacion-estandar/,statistics,95,yes,same locale es; same page_type tool; same cluster statistics; crawl age delta 10d (10/15); internal links delta 2 (12/12); crawl depth matched; impression bucket 0/0 (8/8); similarity similarity-not-recorded (5/5); utility family calculator/calculator (7/7)
es,https://funnytools.win/es/herramientas/calculadora-alfa-cronbach/,https://funnytools.win/es/herramientas/calculadora-media-ponderada/,statistics,100,yes,same locale es; same page_type tool; same cluster statistics; crawl age delta 6d (15/15); internal links delta 2 (12/12); crawl depth matched; impression bucket 0/0 (8/8); similarity similarity-not-recorded (5/5); utility family calculator/calculator (7/7)
es,https://funnytools.win/es/herramientas/calculadora-alfa-cronbach/,https://funnytools.win/es/herramientas/calculadora-nota-oposicion-docente/,statistics,95,yes,same locale es; same page_type tool; same cluster statistics; crawl age delta 10d (10/15); internal links delta 0 (12/12); crawl depth matched; impression bucket 0/0 (8/8); similarity similarity-not-recorded (5/5); utility family calculator/calculator (7/7)
es,https://funnytools.win/es/herramientas/calculadora-alfa-cronbach/,https://funnytools.win/es/herramientas/calculadora-percentil-ranking-clase/,statistics,100,yes,same locale es; same page_type tool; same cluster statistics; crawl age delta 2d (15/15); internal links delta 0 (12/12); crawl depth matched; impression bucket 0/0 (8/8); similarity similarity-not-recorded (5/5); utility family calculator/calculator (7/7)
es,https://funnytools.win/es/herramientas/calculadora-alfa-cronbach/,https://funnytools.win/es/herramientas/calculadora-porcentajes/,statistics,95,yes,same locale es; same page_type tool; same cluster statistics; crawl age delta 13d (10/15); internal links delta 2 (12/12); crawl depth matched; impression bucket 0/0 (8/8); similarity similarity-not-recorded (5/5); utility family calculator/calculator (7/7)
es,https://funnytools.win/es/herramientas/calculadora-alfa-cronbach/,https://funnytools.win/es/herramientas/calculadora-promedio-notas/,statistics,95,yes,same locale es; same page_type tool; same cluster statistics; crawl age delta 13d (10/15); internal links delta 2 (12/12); crawl depth matched; impression bucket 0/0 (8/8); similarity similarity-not-recorded (5/5); utility family calculator/calculator (7/7)
es,https://funnytools.win/es/herramientas/calculadora-alfa-cronbach/,https://funnytools.win/es/herramientas/calculadora-puntuacion-t/,statistics,90,yes,same locale es; same page_type tool; same cluster statistics; crawl age delta 11d (10/15); internal links delta 2 (12/12); crawl depth matched; impression bucket 0/0 (8/8); similarity high-risk-marker (0/5); utility family calculator/calculator (7/7)
es,https://funnytools.win/es/herramientas/calculadora-alfa-cronbach/,https://funnytools.win/es/herramientas/calculadora-puntuacion-z/,statistics,85,yes,same locale es; same page_type tool; same cluster statistics; crawl age delta 21d (5/15); internal links delta 2 (12/12); crawl depth matched; impression bucket 0/0 (8/8); similarity high-risk-marker (0/5); utility family calculator/calculator (7/7)
es,https://funnytools.win/es/herramientas/calculadora-alfa-cronbach/,https://funnytools.win/es/herramientas/calculadora-t-muestras-independientes/,statistics,95,yes,same locale es; same page_type tool; same cluster statistics; crawl age delta 6d (15/15); internal links delta 1 (12/12); crawl depth matched; impression bucket 0/0 (8/8); similarity high-risk-marker (0/5); utility family calculator/calculator (7/7)
es,https://funnytools.win/es/herramientas/calculadora-alfa-cronbach/,https://funnytools.win/es/herramientas/conversor-puntuaciones-estandarizadas/,statistics,100,yes,same locale es; same page_type tool; same cluster statistics; crawl age delta 4d (15/15); internal links delta 0 (12/12); crawl depth matched; impression bucket 0/0 (8/8); similarity similarity-not-recorded (5/5); utility family calculator/calculator (7/7)
es,https://funnytools.win/es/herramientas/calculadora-desviacion-estandar/,https://funnytools.win/es/herramientas/calculadora-alfa-cronbach/,statistics,95,yes,same locale es; same page_type tool; same cluster statistics; crawl age delta 10d (10/15); internal links delta 2 (12/12); crawl depth matched; impression bucket 0/0 (8/8); similarity similarity-not-recorded (5/5); utility family calculator/calculator (7/7)
es,https://funnytools.win/es/herramientas/calculadora-desviacion-estandar/,https://funnytools.win/es/herramientas/calculadora-media-ponderada/,statistics,90,yes,same locale es; same page_type tool; same cluster statistics; crawl age delta 16d (5/15); internal links delta 0 (12/12); crawl depth matched; impression bucket 0/0 (8/8); similarity similarity-not-recorded (5/5); utility family calculator/calculator (7/7)
es,https://funnytools.win/es/herramientas/calculadora-desviacion-estandar/,https://funnytools.win/es/herramientas/calculadora-nota-oposicion-docente/,statistics,100,yes,same locale es; same page_type tool; same cluster statistics; crawl age delta 0d (15/15); internal links delta 2 (12/12); crawl depth matched; impression bucket 0/0 (8/8); similarity similarity-not-recorded (5/5); utility family calculator/calculator (7/7)
es,https://funnytools.win/es/herramientas/calculadora-desviacion-estandar/,https://funnytools.win/es/herramientas/calculadora-percentil-ranking-clase/,statistics,95,yes,same locale es; same page_type tool; same cluster statistics; crawl age delta 12d (10/15); internal links delta 2 (12/12); crawl depth matched; impression bucket 0/0 (8/8); similarity similarity-not-recorded (5/5); utility family calculator/calculator (7/7)
es,https://funnytools.win/es/herramientas/calculadora-desviacion-estandar/,https://funnytools.win/es/herramientas/calculadora-porcentajes/,statistics,100,yes,same locale es; same page_type tool; same cluster statistics; crawl age delta 3d (15/15); internal links delta 0 (12/12); crawl depth matched; impression bucket 0/0 (8/8); similarity similarity-not-recorded (5/5); utility family calculator/calculator (7/7)
es,https://funnytools.win/es/herramientas/calculadora-desviacion-estandar/,https://funnytools.win/es/herramientas/calculadora-promedio-notas/,statistics,100,yes,same locale es; same page_type tool; same cluster statistics; crawl age delta 3d (15/15); internal links delta 0 (12/12); crawl depth matched; impression bucket 0/0 (8/8); similarity similarity-not-recorded (5/5); utility family calculator/calculator (7/7)
es,https://funnytools.win/es/herramientas/calculadora-desviacion-estandar/,https://funnytools.win/es/herramientas/calculadora-puntuacion-t/,statistics,95,yes,same locale es; same page_type tool; same cluster statistics; crawl age delta 1d (15/15); internal links delta 0 (12/12); crawl depth matched; impression bucket 0/0 (8/8); similarity high-risk-marker (0/5); utility family calculator/calculator (7/7)
es,https://funnytools.win/es/herramientas/calculadora-desviacion-estandar/,https://funnytools.win/es/herramientas/calculadora-puntuacion-z/,statistics,80,yes,same locale es; same page_type tool; same cluster statistics; crawl age delta 31d (0/15); internal links delta 0 (12/12); crawl depth matched; impression bucket 0/0 (8/8); similarity high-risk-marker (0/5); utility family calculator/calculator (7/7)
es,https://funnytools.win/es/herramientas/calculadora-desviacion-estandar/,https://funnytools.win/es/herramientas/calculadora-t-muestras-independientes/,statistics,85,yes,same locale es; same page_type tool; same cluster statistics; crawl age delta 16d (5/15); internal links delta 1 (12/12); crawl depth matched; impression bucket 0/0 (8/8); similarity high-risk-marker (0/5); utility family calculator/calculator (7/7)
es,https://funnytools.win/es/herramientas/calculadora-desviacion-estandar/,https://funnytools.win/es/herramientas/conversor-puntuaciones-estandarizadas/,statistics,100,yes,same locale es; same page_type tool; same cluster statistics; crawl age delta 6d (15/15); internal links delta 2 (12/12); crawl depth matched; impression bucket 0/0 (8/8); similarity similarity-not-recorded (5/5); utility family calculator/calculator (7/7)
es,https://funnytools.win/es/herramientas/calculadora-dias-laborables/,https://funnytools.win/es/herramientas/calcular-diferencia-entre-fechas/,time,95,yes,same locale es; same page_type tool; same cluster time; crawl age delta 1d (15/15); internal links delta 0 (12/12); crawl depth matched; impression bucket 0/0 (8/8); similarity high-risk-marker (0/5); utility family time/time (7/7)
es,https://funnytools.win/es/herramientas/calculadora-dias-laborables/,https://funnytools.win/es/herramientas/convertir-timestamp-unix/,time,90,yes,same locale es; same page_type tool; same cluster time; crawl age delta 11d (10/15); internal links delta 0 (12/12); crawl depth matched; impression bucket 0/0 (8/8); similarity high-risk-marker (0/5); utility family time/time (7/7)
es,https://funnytools.win/es/herramientas/calculadora-dias-laborables/,https://funnytools.win/es/herramientas/recordatorio-descansos/,time,85,yes,same locale es; same page_type tool; same cluster time; crawl age delta 16d (5/15); internal links delta 0 (12/12); crawl depth matched; impression bucket 0/0 (8/8); similarity high-risk-marker (0/5); utility family time/time (7/7)
es,https://funnytools.win/es/herramientas/calculadora-hipoteca/,https://funnytools.win/es/herramientas/calculadora-inflacion/,money,100,yes,same locale es; same page_type tool; same cluster money; crawl age delta 2d (15/15); internal links delta 0 (12/12); crawl depth matched; impression bucket 0/0 (8/8); similarity similarity-not-recorded (5/5); utility family calculator/calculator (7/7)
es,https://funnytools.win/es/herramientas/calculadora-hipoteca/,https://funnytools.win/es/herramientas/calculadora-interes-compuesto/,money,95,yes,same locale es; same page_type tool; same cluster money; crawl age delta 6d (15/15); internal links delta 0 (12/12); crawl depth matched; impression bucket 0/0 (8/8); similarity high-risk-marker (0/5); utility family calculator/calculator (7/7)
es,https://funnytools.win/es/herramientas/calculadora-inflacion/,https://funnytools.win/es/herramientas/calculadora-hipoteca/,money,100,yes,same locale es; same page_type tool; same cluster money; crawl age delta 2d (15/15); internal links delta 0 (12/12); crawl depth matched; impression bucket 0/0 (8/8); similarity similarity-not-recorded (5/5); utility family calculator/calculator (7/7)
es,https://funnytools.win/es/herramientas/calculadora-inflacion/,https://funnytools.win/es/herramientas/calculadora-interes-compuesto/,money,95,yes,same locale es; same page_type tool; same cluster money; crawl age delta 4d (15/15); internal links delta 0 (12/12); crawl depth matched; impression bucket 0/0 (8/8); similarity high-risk-marker (0/5); utility family calculator/calculator (7/7)
es,https://funnytools.win/es/herramientas/calculadora-interes-compuesto/,https://funnytools.win/es/herramientas/calculadora-hipoteca/,money,95,yes,same locale es; same page_type tool; same cluster money; crawl age delta 6d (15/15); internal links delta 0 (12/12); crawl depth matched; impression bucket 0/0 (8/8); similarity high-risk-marker (0/5); utility family calculator/calculator (7/7)
es,https://funnytools.win/es/herramientas/calculadora-interes-compuesto/,https://funnytools.win/es/herramientas/calculadora-inflacion/,money,95,yes,same locale es; same page_type tool; same cluster money; crawl age delta 4d (15/15); internal links delta 0 (12/12); crawl depth matched; impression bucket 0/0 (8/8); similarity high-risk-marker (0/5); utility family calculator/calculator (7/7)
es,https://funnytools.win/es/herramientas/calculadora-media-ponderada/,https://funnytools.win/es/herramientas/calculadora-alfa-cronbach/,statistics,100,yes,same locale es; same page_type tool; same cluster statistics; crawl age delta 6d (15/15); internal links delta 2 (12/12); crawl depth matched; impression bucket 0/0 (8/8); similarity similarity-not-recorded (5/5); utility family calculator/calculator (7/7)
es,https://funnytools.win/es/herramientas/calculadora-media-ponderada/,https://funnytools.win/es/herramientas/calculadora-desviacion-estandar/,statistics,90,yes,same locale es; same page_type tool; same cluster statistics; crawl age delta 16d (5/15); internal links delta 0 (12/12); crawl depth matched; impression bucket 0/0 (8/8); similarity similarity-not-recorded (5/5); utility family calculator/calculator (7/7)
es,https://funnytools.win/es/herramientas/calculadora-media-ponderada/,https://funnytools.win/es/herramientas/calculadora-nota-oposicion-docente/,statistics,90,yes,same locale es; same page_type tool; same cluster statistics; crawl age delta 16d (5/15); internal links delta 2 (12/12); crawl depth matched; impression bucket 0/0 (8/8); similarity similarity-not-recorded (5/5); utility family calculator/calculator (7/7)
es,https://funnytools.win/es/herramientas/calculadora-media-ponderada/,https://funnytools.win/es/herramientas/calculadora-percentil-ranking-clase/,statistics,100,yes,same locale es; same page_type tool; same cluster statistics; crawl age delta 4d (15/15); internal links delta 2 (12/12); crawl depth matched; impression bucket 0/0 (8/8); similarity similarity-not-recorded (5/5); utility family calculator/calculator (7/7)
es,https://funnytools.win/es/herramientas/calculadora-media-ponderada/,https://funnytools.win/es/herramientas/calculadora-porcentajes/,statistics,90,yes,same locale es; same page_type tool; same cluster statistics; crawl age delta 19d (5/15); internal links delta 0 (12/12); crawl depth matched; impression bucket 0/0 (8/8); similarity similarity-not-recorded (5/5); utility family calculator/calculator (7/7)
es,https://funnytools.win/es/herramientas/calculadora-media-ponderada/,https://funnytools.win/es/herramientas/calculadora-promedio-notas/,statistics,90,yes,same locale es; same page_type tool; same cluster statistics; crawl age delta 19d (5/15); internal links delta 0 (12/12); crawl depth matched; impression bucket 0/0 (8/8); similarity similarity-not-recorded (5/5); utility family calculator/calculator (7/7)
es,https://funnytools.win/es/herramientas/calculadora-media-ponderada/,https://funnytools.win/es/herramientas/calculadora-puntuacion-t/,statistics,85,yes,same locale es; same page_type tool; same cluster statistics; crawl age delta 17d (5/15); internal links delta 0 (12/12); crawl depth matched; impression bucket 0/0 (8/8); similarity high-risk-marker (0/5); utility family calculator/calculator (7/7)
es,https://funnytools.win/es/herramientas/calculadora-media-ponderada/,https://funnytools.win/es/herramientas/calculadora-puntuacion-z/,statistics,85,yes,same locale es; same page_type tool; same cluster statistics; crawl age delta 15d (5/15); internal links delta 0 (12/12); crawl depth matched; impression bucket 0/0 (8/8); similarity high-risk-marker (0/5); utility family calculator/calculator (7/7)
es,https://funnytools.win/es/herramientas/calculadora-media-ponderada/,https://funnytools.win/es/herramientas/calculadora-t-muestras-independientes/,statistics,95,yes,same locale es; same page_type tool; same cluster statistics; crawl age delta 0d (15/15); internal links delta 1 (12/12); crawl depth matched; impression bucket 0/0 (8/8); similarity high-risk-marker (0/5); utility family calculator/calculator (7/7)
es,https://funnytools.win/es/herramientas/calculadora-media-ponderada/,https://funnytools.win/es/herramientas/conversor-puntuaciones-estandarizadas/,statistics,95,yes,same locale es; same page_type tool; same cluster statistics; crawl age delta 10d (10/15); internal links delta 2 (12/12); crawl depth matched; impression bucket 0/0 (8/8); similarity similarity-not-recorded (5/5); utility family calculator/calculator (7/7)
es,https://funnytools.win/es/herramientas/calculadora-nota-oposicion-docente/,https://funnytools.win/es/herramientas/calculadora-alfa-cronbach/,statistics,95,yes,same locale es; same page_type tool; same cluster statistics; crawl age delta 10d (10/15); internal links delta 0 (12/12); crawl depth matched; impression bucket 0/0 (8/8); similarity similarity-not-recorded (5/5); utility family calculator/calculator (7/7)
es,https://funnytools.win/es/herramientas/calculadora-nota-oposicion-docente/,https://funnytools.win/es/herramientas/calculadora-desviacion-estandar/,statistics,100,yes,same locale es; same page_type tool; same cluster statistics; crawl age delta 0d (15/15); internal links delta 2 (12/12); crawl depth matched; impression bucket 0/0 (8/8); similarity similarity-not-recorded (5/5); utility family calculator/calculator (7/7)
es,https://funnytools.win/es/herramientas/calculadora-nota-oposicion-docente/,https://funnytools.win/es/herramientas/calculadora-media-ponderada/,statistics,90,yes,same locale es; same page_type tool; same cluster statistics; crawl age delta 16d (5/15); internal links delta 2 (12/12); crawl depth matched; impression bucket 0/0 (8/8); similarity similarity-not-recorded (5/5); utility family calculator/calculator (7/7)
es,https://funnytools.win/es/herramientas/calculadora-nota-oposicion-docente/,https://funnytools.win/es/herramientas/calculadora-percentil-ranking-clase/,statistics,95,yes,same locale es; same page_type tool; same cluster statistics; crawl age delta 12d (10/15); internal links delta 0 (12/12); crawl depth matched; impression bucket 0/0 (8/8); similarity similarity-not-recorded (5/5); utility family calculator/calculator (7/7)
es,https://funnytools.win/es/herramientas/calculadora-nota-oposicion-docente/,https://funnytools.win/es/herramientas/calculadora-porcentajes/,statistics,100,yes,same locale es; same page_type tool; same cluster statistics; crawl age delta 3d (15/15); internal links delta 2 (12/12); crawl depth matched; impression bucket 0/0 (8/8); similarity similarity-not-recorded (5/5); utility family calculator/calculator (7/7)
es,https://funnytools.win/es/herramientas/calculadora-nota-oposicion-docente/,https://funnytools.win/es/herramientas/calculadora-promedio-notas/,statistics,100,yes,same locale es; same page_type tool; same cluster statistics; crawl age delta 3d (15/15); internal links delta 2 (12/12); crawl depth matched; impression bucket 0/0 (8/8); similarity similarity-not-recorded (5/5); utility family calculator/calculator (7/7)
es,https://funnytools.win/es/herramientas/calculadora-nota-oposicion-docente/,https://funnytools.win/es/herramientas/calculadora-puntuacion-t/,statistics,95,yes,same locale es; same page_type tool; same cluster statistics; crawl age delta 1d (15/15); internal links delta 2 (12/12); crawl depth matched; impression bucket 0/0 (8/8); similarity high-risk-marker (0/5); utility family calculator/calculator (7/7)
es,https://funnytools.win/es/herramientas/calculadora-nota-oposicion-docente/,https://funnytools.win/es/herramientas/calculadora-puntuacion-z/,statistics,80,yes,same locale es; same page_type tool; same cluster statistics; crawl age delta 31d (0/15); internal links delta 2 (12/12); crawl depth matched; impression bucket 0/0 (8/8); similarity high-risk-marker (0/5); utility family calculator/calculator (7/7)
es,https://funnytools.win/es/herramientas/calculadora-nota-oposicion-docente/,https://funnytools.win/es/herramientas/calculadora-t-muestras-independientes/,statistics,85,yes,same locale es; same page_type tool; same cluster statistics; crawl age delta 16d (5/15); internal links delta 1 (12/12); crawl depth matched; impression bucket 0/0 (8/8); similarity high-risk-marker (0/5); utility family calculator/calculator (7/7)
es,https://funnytools.win/es/herramientas/calculadora-nota-oposicion-docente/,https://funnytools.win/es/herramientas/conversor-puntuaciones-estandarizadas/,statistics,100,yes,same locale es; same page_type tool; same cluster statistics; crawl age delta 6d (15/15); internal links delta 0 (12/12); crawl depth matched; impression bucket 0/0 (8/8); similarity similarity-not-recorded (5/5); utility family calculator/calculator (7/7)
es,https://funnytools.win/es/herramientas/calculadora-percentil-ranking-clase/,https://funnytools.win/es/herramientas/calculadora-alfa-cronbach/,statistics,100,yes,same locale es; same page_type tool; same cluster statistics; crawl age delta 2d (15/15); internal links delta 0 (12/12); crawl depth matched; impression bucket 0/0 (8/8); similarity similarity-not-recorded (5/5); utility family calculator/calculator (7/7)
es,https://funnytools.win/es/herramientas/calculadora-percentil-ranking-clase/,https://funnytools.win/es/herramientas/calculadora-desviacion-estandar/,statistics,95,yes,same locale es; same page_type tool; same cluster statistics; crawl age delta 12d (10/15); internal links delta 2 (12/12); crawl depth matched; impression bucket 0/0 (8/8); similarity similarity-not-recorded (5/5); utility family calculator/calculator (7/7)
es,https://funnytools.win/es/herramientas/calculadora-percentil-ranking-clase/,https://funnytools.win/es/herramientas/calculadora-media-ponderada/,statistics,100,yes,same locale es; same page_type tool; same cluster statistics; crawl age delta 4d (15/15); internal links delta 2 (12/12); crawl depth matched; impression bucket 0/0 (8/8); similarity similarity-not-recorded (5/5); utility family calculator/calculator (7/7)
es,https://funnytools.win/es/herramientas/calculadora-percentil-ranking-clase/,https://funnytools.win/es/herramientas/calculadora-nota-oposicion-docente/,statistics,95,yes,same locale es; same page_type tool; same cluster statistics; crawl age delta 12d (10/15); internal links delta 0 (12/12); crawl depth matched; impression bucket 0/0 (8/8); similarity similarity-not-recorded (5/5); utility family calculator/calculator (7/7)
es,https://funnytools.win/es/herramientas/calculadora-percentil-ranking-clase/,https://funnytools.win/es/herramientas/calculadora-porcentajes/,statistics,90,yes,same locale es; same page_type tool; same cluster statistics; crawl age delta 15d (5/15); internal links delta 2 (12/12); crawl depth matched; impression bucket 0/0 (8/8); similarity similarity-not-recorded (5/5); utility family calculator/calculator (7/7)
es,https://funnytools.win/es/herramientas/calculadora-percentil-ranking-clase/,https://funnytools.win/es/herramientas/calculadora-promedio-notas/,statistics,90,yes,same locale es; same page_type tool; same cluster statistics; crawl age delta 15d (5/15); internal links delta 2 (12/12); crawl depth matched; impression bucket 0/0 (8/8); similarity similarity-not-recorded (5/5); utility family calculator/calculator (7/7)
es,https://funnytools.win/es/herramientas/calculadora-percentil-ranking-clase/,https://funnytools.win/es/herramientas/calculadora-puntuacion-t/,statistics,90,yes,same locale es; same page_type tool; same cluster statistics; crawl age delta 13d (10/15); internal links delta 2 (12/12); crawl depth matched; impression bucket 0/0 (8/8); similarity high-risk-marker (0/5); utility family calculator/calculator (7/7)
es,https://funnytools.win/es/herramientas/calculadora-percentil-ranking-clase/,https://funnytools.win/es/herramientas/calculadora-puntuacion-z/,statistics,85,yes,same locale es; same page_type tool; same cluster statistics; crawl age delta 19d (5/15); internal links delta 2 (12/12); crawl depth matched; impression bucket 0/0 (8/8); similarity high-risk-marker (0/5); utility family calculator/calculator (7/7)
es,https://funnytools.win/es/herramientas/calculadora-percentil-ranking-clase/,https://funnytools.win/es/herramientas/calculadora-t-muestras-independientes/,statistics,95,yes,same locale es; same page_type tool; same cluster statistics; crawl age delta 4d (15/15); internal links delta 1 (12/12); crawl depth matched; impression bucket 0/0 (8/8); similarity high-risk-marker (0/5); utility family calculator/calculator (7/7)
es,https://funnytools.win/es/herramientas/calculadora-percentil-ranking-clase/,https://funnytools.win/es/herramientas/conversor-puntuaciones-estandarizadas/,statistics,100,yes,same locale es; same page_type tool; same cluster statistics; crawl age delta 6d (15/15); internal links delta 0 (12/12); crawl depth matched; impression bucket 0/0 (8/8); similarity similarity-not-recorded (5/5); utility family calculator/calculator (7/7)
es,https://funnytools.win/es/herramientas/calculadora-porcentajes/,https://funnytools.win/es/herramientas/calculadora-alfa-cronbach/,statistics,95,yes,same locale es; same page_type tool; same cluster statistics; crawl age delta 13d (10/15); internal links delta 2 (12/12); crawl depth matched; impression bucket 0/0 (8/8); similarity similarity-not-recorded (5/5); utility family calculator/calculator (7/7)
es,https://funnytools.win/es/herramientas/calculadora-porcentajes/,https://funnytools.win/es/herramientas/calculadora-desviacion-estandar/,statistics,100,yes,same locale es; same page_type tool; same cluster statistics; crawl age delta 3d (15/15); internal links delta 0 (12/12); crawl depth matched; impression bucket 0/0 (8/8); similarity similarity-not-recorded (5/5); utility family calculator/calculator (7/7)
es,https://funnytools.win/es/herramientas/calculadora-porcentajes/,https://funnytools.win/es/herramientas/calculadora-media-ponderada/,statistics,90,yes,same locale es; same page_type tool; same cluster statistics; crawl age delta 19d (5/15); internal links delta 0 (12/12); crawl depth matched; impression bucket 0/0 (8/8); similarity similarity-not-recorded (5/5); utility family calculator/calculator (7/7)
es,https://funnytools.win/es/herramientas/calculadora-porcentajes/,https://funnytools.win/es/herramientas/calculadora-nota-oposicion-docente/,statistics,100,yes,same locale es; same page_type tool; same cluster statistics; crawl age delta 3d (15/15); internal links delta 2 (12/12); crawl depth matched; impression bucket 0/0 (8/8); similarity similarity-not-recorded (5/5); utility family calculator/calculator (7/7)
es,https://funnytools.win/es/herramientas/calculadora-porcentajes/,https://funnytools.win/es/herramientas/calculadora-percentil-ranking-clase/,statistics,90,yes,same locale es; same page_type tool; same cluster statistics; crawl age delta 15d (5/15); internal links delta 2 (12/12); crawl depth matched; impression bucket 0/0 (8/8); similarity similarity-not-recorded (5/5); utility family calculator/calculator (7/7)
es,https://funnytools.win/es/herramientas/calculadora-porcentajes/,https://funnytools.win/es/herramientas/calculadora-promedio-notas/,statistics,100,yes,same locale es; same page_type tool; same cluster statistics; crawl age delta 0d (15/15); internal links delta 0 (12/12); crawl depth matched; impression bucket 0/0 (8/8); similarity similarity-not-recorded (5/5); utility family calculator/calculator (7/7)
es,https://funnytools.win/es/herramientas/calculadora-porcentajes/,https://funnytools.win/es/herramientas/calculadora-puntuacion-t/,statistics,95,yes,same locale es; same page_type tool; same cluster statistics; crawl age delta 2d (15/15); internal links delta 0 (12/12); crawl depth matched; impression bucket 0/0 (8/8); similarity high-risk-marker (0/5); utility family calculator/calculator (7/7)
es,https://funnytools.win/es/herramientas/calculadora-porcentajes/,https://funnytools.win/es/herramientas/calculadora-puntuacion-z/,statistics,80,yes,same locale es; same page_type tool; same cluster statistics; crawl age delta 34d (0/15); internal links delta 0 (12/12); crawl depth matched; impression bucket 0/0 (8/8); similarity high-risk-marker (0/5); utility family calculator/calculator (7/7)
es,https://funnytools.win/es/herramientas/calculadora-porcentajes/,https://funnytools.win/es/herramientas/calculadora-t-muestras-independientes/,statistics,85,yes,same locale es; same page_type tool; same cluster statistics; crawl age delta 19d (5/15); internal links delta 1 (12/12); crawl depth matched; impression bucket 0/0 (8/8); similarity high-risk-marker (0/5); utility family calculator/calculator (7/7)
es,https://funnytools.win/es/herramientas/calculadora-porcentajes/,https://funnytools.win/es/herramientas/conversor-puntuaciones-estandarizadas/,statistics,95,yes,same locale es; same page_type tool; same cluster statistics; crawl age delta 9d (10/15); internal links delta 2 (12/12); crawl depth matched; impression bucket 0/0 (8/8); similarity similarity-not-recorded (5/5); utility family calculator/calculator (7/7)
es,https://funnytools.win/es/herramientas/calculadora-promedio-notas/,https://funnytools.win/es/herramientas/calculadora-alfa-cronbach/,statistics,95,yes,same locale es; same page_type tool; same cluster statistics; crawl age delta 13d (10/15); internal links delta 2 (12/12); crawl depth matched; impression bucket 0/0 (8/8); similarity similarity-not-recorded (5/5); utility family calculator/calculator (7/7)
es,https://funnytools.win/es/herramientas/calculadora-promedio-notas/,https://funnytools.win/es/herramientas/calculadora-desviacion-estandar/,statistics,100,yes,same locale es; same page_type tool; same cluster statistics; crawl age delta 3d (15/15); internal links delta 0 (12/12); crawl depth matched; impression bucket 0/0 (8/8); similarity similarity-not-recorded (5/5); utility family calculator/calculator (7/7)
es,https://funnytools.win/es/herramientas/calculadora-promedio-notas/,https://funnytools.win/es/herramientas/calculadora-media-ponderada/,statistics,90,yes,same locale es; same page_type tool; same cluster statistics; crawl age delta 19d (5/15); internal links delta 0 (12/12); crawl depth matched; impression bucket 0/0 (8/8); similarity similarity-not-recorded (5/5); utility family calculator/calculator (7/7)
es,https://funnytools.win/es/herramientas/calculadora-promedio-notas/,https://funnytools.win/es/herramientas/calculadora-nota-oposicion-docente/,statistics,100,yes,same locale es; same page_type tool; same cluster statistics; crawl age delta 3d (15/15); internal links delta 2 (12/12); crawl depth matched; impression bucket 0/0 (8/8); similarity similarity-not-recorded (5/5); utility family calculator/calculator (7/7)
es,https://funnytools.win/es/herramientas/calculadora-promedio-notas/,https://funnytools.win/es/herramientas/calculadora-percentil-ranking-clase/,statistics,90,yes,same locale es; same page_type tool; same cluster statistics; crawl age delta 15d (5/15); internal links delta 2 (12/12); crawl depth matched; impression bucket 0/0 (8/8); similarity similarity-not-recorded (5/5); utility family calculator/calculator (7/7)
es,https://funnytools.win/es/herramientas/calculadora-promedio-notas/,https://funnytools.win/es/herramientas/calculadora-porcentajes/,statistics,100,yes,same locale es; same page_type tool; same cluster statistics; crawl age delta 0d (15/15); internal links delta 0 (12/12); crawl depth matched; impression bucket 0/0 (8/8); similarity similarity-not-recorded (5/5); utility family calculator/calculator (7/7)
es,https://funnytools.win/es/herramientas/calculadora-promedio-notas/,https://funnytools.win/es/herramientas/calculadora-puntuacion-t/,statistics,95,yes,same locale es; same page_type tool; same cluster statistics; crawl age delta 2d (15/15); internal links delta 0 (12/12); crawl depth matched; impression bucket 0/0 (8/8); similarity high-risk-marker (0/5); utility family calculator/calculator (7/7)
es,https://funnytools.win/es/herramientas/calculadora-promedio-notas/,https://funnytools.win/es/herramientas/calculadora-puntuacion-z/,statistics,80,yes,same locale es; same page_type tool; same cluster statistics; crawl age delta 34d (0/15); internal links delta 0 (12/12); crawl depth matched; impression bucket 0/0 (8/8); similarity high-risk-marker (0/5); utility family calculator/calculator (7/7)
es,https://funnytools.win/es/herramientas/calculadora-promedio-notas/,https://funnytools.win/es/herramientas/calculadora-t-muestras-independientes/,statistics,85,yes,same locale es; same page_type tool; same cluster statistics; crawl age delta 19d (5/15); internal links delta 1 (12/12); crawl depth matched; impression bucket 0/0 (8/8); similarity high-risk-marker (0/5); utility family calculator/calculator (7/7)
es,https://funnytools.win/es/herramientas/calculadora-promedio-notas/,https://funnytools.win/es/herramientas/conversor-puntuaciones-estandarizadas/,statistics,95,yes,same locale es; same page_type tool; same cluster statistics; crawl age delta 9d (10/15); internal links delta 2 (12/12); crawl depth matched; impression bucket 0/0 (8/8); similarity similarity-not-recorded (5/5); utility family calculator/calculator (7/7)
es,https://funnytools.win/es/herramientas/calculadora-puntuacion-t/,https://funnytools.win/es/herramientas/calculadora-alfa-cronbach/,statistics,90,yes,same locale es; same page_type tool; same cluster statistics; crawl age delta 11d (10/15); internal links delta 2 (12/12); crawl depth matched; impression bucket 0/0 (8/8); similarity high-risk-marker (0/5); utility family calculator/calculator (7/7)
es,https://funnytools.win/es/herramientas/calculadora-puntuacion-t/,https://funnytools.win/es/herramientas/calculadora-desviacion-estandar/,statistics,95,yes,same locale es; same page_type tool; same cluster statistics; crawl age delta 1d (15/15); internal links delta 0 (12/12); crawl depth matched; impression bucket 0/0 (8/8); similarity high-risk-marker (0/5); utility family calculator/calculator (7/7)
es,https://funnytools.win/es/herramientas/calculadora-puntuacion-t/,https://funnytools.win/es/herramientas/calculadora-media-ponderada/,statistics,85,yes,same locale es; same page_type tool; same cluster statistics; crawl age delta 17d (5/15); internal links delta 0 (12/12); crawl depth matched; impression bucket 0/0 (8/8); similarity high-risk-marker (0/5); utility family calculator/calculator (7/7)
es,https://funnytools.win/es/herramientas/calculadora-puntuacion-t/,https://funnytools.win/es/herramientas/calculadora-nota-oposicion-docente/,statistics,95,yes,same locale es; same page_type tool; same cluster statistics; crawl age delta 1d (15/15); internal links delta 2 (12/12); crawl depth matched; impression bucket 0/0 (8/8); similarity high-risk-marker (0/5); utility family calculator/calculator (7/7)
es,https://funnytools.win/es/herramientas/calculadora-puntuacion-t/,https://funnytools.win/es/herramientas/calculadora-percentil-ranking-clase/,statistics,90,yes,same locale es; same page_type tool; same cluster statistics; crawl age delta 13d (10/15); internal links delta 2 (12/12); crawl depth matched; impression bucket 0/0 (8/8); similarity high-risk-marker (0/5); utility family calculator/calculator (7/7)
es,https://funnytools.win/es/herramientas/calculadora-puntuacion-t/,https://funnytools.win/es/herramientas/calculadora-porcentajes/,statistics,95,yes,same locale es; same page_type tool; same cluster statistics; crawl age delta 2d (15/15); internal links delta 0 (12/12); crawl depth matched; impression bucket 0/0 (8/8); similarity high-risk-marker (0/5); utility family calculator/calculator (7/7)
es,https://funnytools.win/es/herramientas/calculadora-puntuacion-t/,https://funnytools.win/es/herramientas/calculadora-promedio-notas/,statistics,95,yes,same locale es; same page_type tool; same cluster statistics; crawl age delta 2d (15/15); internal links delta 0 (12/12); crawl depth matched; impression bucket 0/0 (8/8); similarity high-risk-marker (0/5); utility family calculator/calculator (7/7)
es,https://funnytools.win/es/herramientas/calculadora-puntuacion-t/,https://funnytools.win/es/herramientas/calculadora-puntuacion-z/,statistics,80,yes,same locale es; same page_type tool; same cluster statistics; crawl age delta 32d (0/15); internal links delta 0 (12/12); crawl depth matched; impression bucket 0/0 (8/8); similarity high-risk-marker (0/5); utility family calculator/calculator (7/7)
es,https://funnytools.win/es/herramientas/calculadora-puntuacion-t/,https://funnytools.win/es/herramientas/calculadora-t-muestras-independientes/,statistics,85,yes,same locale es; same page_type tool; same cluster statistics; crawl age delta 17d (5/15); internal links delta 1 (12/12); crawl depth matched; impression bucket 0/0 (8/8); similarity high-risk-marker (0/5); utility family calculator/calculator (7/7)
es,https://funnytools.win/es/herramientas/calculadora-puntuacion-t/,https://funnytools.win/es/herramientas/conversor-puntuaciones-estandarizadas/,statistics,95,yes,same locale es; same page_type tool; same cluster statistics; crawl age delta 7d (15/15); internal links delta 2 (12/12); crawl depth matched; impression bucket 0/0 (8/8); similarity high-risk-marker (0/5); utility family calculator/calculator (7/7)
es,https://funnytools.win/es/herramientas/calculadora-puntuacion-z/,https://funnytools.win/es/herramientas/calculadora-alfa-cronbach/,statistics,85,yes,same locale es; same page_type tool; same cluster statistics; crawl age delta 21d (5/15); internal links delta 2 (12/12); crawl depth matched; impression bucket 0/0 (8/8); similarity high-risk-marker (0/5); utility family calculator/calculator (7/7)
es,https://funnytools.win/es/herramientas/calculadora-puntuacion-z/,https://funnytools.win/es/herramientas/calculadora-desviacion-estandar/,statistics,80,yes,same locale es; same page_type tool; same cluster statistics; crawl age delta 31d (0/15); internal links delta 0 (12/12); crawl depth matched; impression bucket 0/0 (8/8); similarity high-risk-marker (0/5); utility family calculator/calculator (7/7)
es,https://funnytools.win/es/herramientas/calculadora-puntuacion-z/,https://funnytools.win/es/herramientas/calculadora-media-ponderada/,statistics,85,yes,same locale es; same page_type tool; same cluster statistics; crawl age delta 15d (5/15); internal links delta 0 (12/12); crawl depth matched; impression bucket 0/0 (8/8); similarity high-risk-marker (0/5); utility family calculator/calculator (7/7)
es,https://funnytools.win/es/herramientas/calculadora-puntuacion-z/,https://funnytools.win/es/herramientas/calculadora-nota-oposicion-docente/,statistics,80,yes,same locale es; same page_type tool; same cluster statistics; crawl age delta 31d (0/15); internal links delta 2 (12/12); crawl depth matched; impression bucket 0/0 (8/8); similarity high-risk-marker (0/5); utility family calculator/calculator (7/7)
es,https://funnytools.win/es/herramientas/calculadora-puntuacion-z/,https://funnytools.win/es/herramientas/calculadora-percentil-ranking-clase/,statistics,85,yes,same locale es; same page_type tool; same cluster statistics; crawl age delta 19d (5/15); internal links delta 2 (12/12); crawl depth matched; impression bucket 0/0 (8/8); similarity high-risk-marker (0/5); utility family calculator/calculator (7/7)
es,https://funnytools.win/es/herramientas/calculadora-puntuacion-z/,https://funnytools.win/es/herramientas/calculadora-porcentajes/,statistics,80,yes,same locale es; same page_type tool; same cluster statistics; crawl age delta 34d (0/15); internal links delta 0 (12/12); crawl depth matched; impression bucket 0/0 (8/8); similarity high-risk-marker (0/5); utility family calculator/calculator (7/7)
es,https://funnytools.win/es/herramientas/calculadora-puntuacion-z/,https://funnytools.win/es/herramientas/calculadora-promedio-notas/,statistics,80,yes,same locale es; same page_type tool; same cluster statistics; crawl age delta 34d (0/15); internal links delta 0 (12/12); crawl depth matched; impression bucket 0/0 (8/8); similarity high-risk-marker (0/5); utility family calculator/calculator (7/7)
es,https://funnytools.win/es/herramientas/calculadora-puntuacion-z/,https://funnytools.win/es/herramientas/calculadora-puntuacion-t/,statistics,80,yes,same locale es; same page_type tool; same cluster statistics; crawl age delta 32d (0/15); internal links delta 0 (12/12); crawl depth matched; impression bucket 0/0 (8/8); similarity high-risk-marker (0/5); utility family calculator/calculator (7/7)
es,https://funnytools.win/es/herramientas/calculadora-puntuacion-z/,https://funnytools.win/es/herramientas/calculadora-t-muestras-independientes/,statistics,85,yes,same locale es; same page_type tool; same cluster statistics; crawl age delta 15d (5/15); internal links delta 1 (12/12); crawl depth matched; impression bucket 0/0 (8/8); similarity high-risk-marker (0/5); utility family calculator/calculator (7/7)
es,https://funnytools.win/es/herramientas/calculadora-puntuacion-z/,https://funnytools.win/es/herramientas/conversor-puntuaciones-estandarizadas/,statistics,80,yes,same locale es; same page_type tool; same cluster statistics; crawl age delta 25d (0/15); internal links delta 2 (12/12); crawl depth matched; impression bucket 0/0 (8/8); similarity high-risk-marker (0/5); utility family calculator/calculator (7/7)
es,https://funnytools.win/es/herramientas/calculadora-t-muestras-independientes/,https://funnytools.win/es/herramientas/calculadora-alfa-cronbach/,statistics,95,yes,same locale es; same page_type tool; same cluster statistics; crawl age delta 6d (15/15); internal links delta 1 (12/12); crawl depth matched; impression bucket 0/0 (8/8); similarity high-risk-marker (0/5); utility family calculator/calculator (7/7)
es,https://funnytools.win/es/herramientas/calculadora-t-muestras-independientes/,https://funnytools.win/es/herramientas/calculadora-desviacion-estandar/,statistics,85,yes,same locale es; same page_type tool; same cluster statistics; crawl age delta 16d (5/15); internal links delta 1 (12/12); crawl depth matched; impression bucket 0/0 (8/8); similarity high-risk-marker (0/5); utility family calculator/calculator (7/7)
es,https://funnytools.win/es/herramientas/calculadora-t-muestras-independientes/,https://funnytools.win/es/herramientas/calculadora-media-ponderada/,statistics,95,yes,same locale es; same page_type tool; same cluster statistics; crawl age delta 0d (15/15); internal links delta 1 (12/12); crawl depth matched; impression bucket 0/0 (8/8); similarity high-risk-marker (0/5); utility family calculator/calculator (7/7)
es,https://funnytools.win/es/herramientas/calculadora-t-muestras-independientes/,https://funnytools.win/es/herramientas/calculadora-nota-oposicion-docente/,statistics,85,yes,same locale es; same page_type tool; same cluster statistics; crawl age delta 16d (5/15); internal links delta 1 (12/12); crawl depth matched; impression bucket 0/0 (8/8); similarity high-risk-marker (0/5); utility family calculator/calculator (7/7)
es,https://funnytools.win/es/herramientas/calculadora-t-muestras-independientes/,https://funnytools.win/es/herramientas/calculadora-percentil-ranking-clase/,statistics,95,yes,same locale es; same page_type tool; same cluster statistics; crawl age delta 4d (15/15); internal links delta 1 (12/12); crawl depth matched; impression bucket 0/0 (8/8); similarity high-risk-marker (0/5); utility family calculator/calculator (7/7)
es,https://funnytools.win/es/herramientas/calculadora-t-muestras-independientes/,https://funnytools.win/es/herramientas/calculadora-porcentajes/,statistics,85,yes,same locale es; same page_type tool; same cluster statistics; crawl age delta 19d (5/15); internal links delta 1 (12/12); crawl depth matched; impression bucket 0/0 (8/8); similarity high-risk-marker (0/5); utility family calculator/calculator (7/7)
es,https://funnytools.win/es/herramientas/calculadora-t-muestras-independientes/,https://funnytools.win/es/herramientas/calculadora-promedio-notas/,statistics,85,yes,same locale es; same page_type tool; same cluster statistics; crawl age delta 19d (5/15); internal links delta 1 (12/12); crawl depth matched; impression bucket 0/0 (8/8); similarity high-risk-marker (0/5); utility family calculator/calculator (7/7)
es,https://funnytools.win/es/herramientas/calculadora-t-muestras-independientes/,https://funnytools.win/es/herramientas/calculadora-puntuacion-t/,statistics,85,yes,same locale es; same page_type tool; same cluster statistics; crawl age delta 17d (5/15); internal links delta 1 (12/12); crawl depth matched; impression bucket 0/0 (8/8); similarity high-risk-marker (0/5); utility family calculator/calculator (7/7)
es,https://funnytools.win/es/herramientas/calculadora-t-muestras-independientes/,https://funnytools.win/es/herramientas/calculadora-puntuacion-z/,statistics,85,yes,same locale es; same page_type tool; same cluster statistics; crawl age delta 15d (5/15); internal links delta 1 (12/12); crawl depth matched; impression bucket 0/0 (8/8); similarity high-risk-marker (0/5); utility family calculator/calculator (7/7)
es,https://funnytools.win/es/herramientas/calculadora-t-muestras-independientes/,https://funnytools.win/es/herramientas/conversor-puntuaciones-estandarizadas/,statistics,90,yes,same locale es; same page_type tool; same cluster statistics; crawl age delta 10d (10/15); internal links delta 1 (12/12); crawl depth matched; impression bucket 0/0 (8/8); similarity high-risk-marker (0/5); utility family calculator/calculator (7/7)
es,https://funnytools.win/es/herramientas/calcular-diferencia-entre-fechas/,https://funnytools.win/es/herramientas/calculadora-dias-laborables/,time,95,yes,same locale es; same page_type tool; same cluster time; crawl age delta 1d (15/15); internal links delta 0 (12/12); crawl depth matched; impression bucket 0/0 (8/8); similarity high-risk-marker (0/5); utility family time/time (7/7)
es,https://funnytools.win/es/herramientas/calcular-diferencia-entre-fechas/,https://funnytools.win/es/herramientas/convertir-timestamp-unix/,time,90,yes,same locale es; same page_type tool; same cluster time; crawl age delta 10d (10/15); internal links delta 0 (12/12); crawl depth matched; impression bucket 0/0 (8/8); similarity high-risk-marker (0/5); utility family time/time (7/7)
es,https://funnytools.win/es/herramientas/calcular-diferencia-entre-fechas/,https://funnytools.win/es/herramientas/recordatorio-descansos/,time,85,yes,same locale es; same page_type tool; same cluster time; crawl age delta 15d (5/15); internal links delta 0 (12/12); crawl depth matched; impression bucket 0/0 (8/8); similarity high-risk-marker (0/5); utility family time/time (7/7)
es,https://funnytools.win/es/herramientas/conversor-puntuaciones-estandarizadas/,https://funnytools.win/es/herramientas/calculadora-alfa-cronbach/,statistics,100,yes,same locale es; same page_type tool; same cluster statistics; crawl age delta 4d (15/15); internal links delta 0 (12/12); crawl depth matched; impression bucket 0/0 (8/8); similarity similarity-not-recorded (5/5); utility family calculator/calculator (7/7)
es,https://funnytools.win/es/herramientas/conversor-puntuaciones-estandarizadas/,https://funnytools.win/es/herramientas/calculadora-desviacion-estandar/,statistics,100,yes,same locale es; same page_type tool; same cluster statistics; crawl age delta 6d (15/15); internal links delta 2 (12/12); crawl depth matched; impression bucket 0/0 (8/8); similarity similarity-not-recorded (5/5); utility family calculator/calculator (7/7)
es,https://funnytools.win/es/herramientas/conversor-puntuaciones-estandarizadas/,https://funnytools.win/es/herramientas/calculadora-media-ponderada/,statistics,95,yes,same locale es; same page_type tool; same cluster statistics; crawl age delta 10d (10/15); internal links delta 2 (12/12); crawl depth matched; impression bucket 0/0 (8/8); similarity similarity-not-recorded (5/5); utility family calculator/calculator (7/7)
es,https://funnytools.win/es/herramientas/conversor-puntuaciones-estandarizadas/,https://funnytools.win/es/herramientas/calculadora-nota-oposicion-docente/,statistics,100,yes,same locale es; same page_type tool; same cluster statistics; crawl age delta 6d (15/15); internal links delta 0 (12/12); crawl depth matched; impression bucket 0/0 (8/8); similarity similarity-not-recorded (5/5); utility family calculator/calculator (7/7)
es,https://funnytools.win/es/herramientas/conversor-puntuaciones-estandarizadas/,https://funnytools.win/es/herramientas/calculadora-percentil-ranking-clase/,statistics,100,yes,same locale es; same page_type tool; same cluster statistics; crawl age delta 6d (15/15); internal links delta 0 (12/12); crawl depth matched; impression bucket 0/0 (8/8); similarity similarity-not-recorded (5/5); utility family calculator/calculator (7/7)
es,https://funnytools.win/es/herramientas/conversor-puntuaciones-estandarizadas/,https://funnytools.win/es/herramientas/calculadora-porcentajes/,statistics,95,yes,same locale es; same page_type tool; same cluster statistics; crawl age delta 9d (10/15); internal links delta 2 (12/12); crawl depth matched; impression bucket 0/0 (8/8); similarity similarity-not-recorded (5/5); utility family calculator/calculator (7/7)
es,https://funnytools.win/es/herramientas/conversor-puntuaciones-estandarizadas/,https://funnytools.win/es/herramientas/calculadora-promedio-notas/,statistics,95,yes,same locale es; same page_type tool; same cluster statistics; crawl age delta 9d (10/15); internal links delta 2 (12/12); crawl depth matched; impression bucket 0/0 (8/8); similarity similarity-not-recorded (5/5); utility family calculator/calculator (7/7)
es,https://funnytools.win/es/herramientas/conversor-puntuaciones-estandarizadas/,https://funnytools.win/es/herramientas/calculadora-puntuacion-t/,statistics,95,yes,same locale es; same page_type tool; same cluster statistics; crawl age delta 7d (15/15); internal links delta 2 (12/12); crawl depth matched; impression bucket 0/0 (8/8); similarity high-risk-marker (0/5); utility family calculator/calculator (7/7)
es,https://funnytools.win/es/herramientas/conversor-puntuaciones-estandarizadas/,https://funnytools.win/es/herramientas/calculadora-puntuacion-z/,statistics,80,yes,same locale es; same page_type tool; same cluster statistics; crawl age delta 25d (0/15); internal links delta 2 (12/12); crawl depth matched; impression bucket 0/0 (8/8); similarity high-risk-marker (0/5); utility family calculator/calculator (7/7)
es,https://funnytools.win/es/herramientas/conversor-puntuaciones-estandarizadas/,https://funnytools.win/es/herramientas/calculadora-t-muestras-independientes/,statistics,90,yes,same locale es; same page_type tool; same cluster statistics; crawl age delta 10d (10/15); internal links delta 1 (12/12); crawl depth matched; impression bucket 0/0 (8/8); similarity high-risk-marker (0/5); utility family calculator/calculator (7/7)
es,https://funnytools.win/es/herramientas/convertir-csv-a-json/,https://funnytools.win/es/herramientas/convertir-mayusculas-minusculas/,text,95,yes,same locale es; same page_type tool; same cluster text; crawl age delta 1d (15/15); internal links delta 0 (12/12); crawl depth matched; impression bucket 0/0 (8/8); similarity high-risk-marker (0/5); utility family text/text (7/7)
es,https://funnytools.win/es/herramientas/convertir-csv-a-json/,https://funnytools.win/es/herramientas/editor-markdown-online/,text,95,yes,same locale es; same page_type tool; same cluster text; crawl age delta 5d (15/15); internal links delta 0 (12/12); crawl depth matched; impression bucket 0/0 (8/8); similarity high-risk-marker (0/5); utility family text/text (7/7)
es,https://funnytools.win/es/herramientas/convertir-csv-a-json/,https://funnytools.win/es/herramientas/eliminar-lineas-vacias/,text,90,yes,same locale es; same page_type tool; same cluster text; crawl age delta 8d (10/15); internal links delta 0 (12/12); crawl depth matched; impression bucket 0/0 (8/8); similarity high-risk-marker (0/5); utility family text/text (7/7)
es,https://funnytools.win/es/herramientas/convertir-jpg-a-png/,https://funnytools.win/es/herramientas/convertir-jpg-a-webp/,image,85,yes,same locale es; same page_type tool; same cluster image; crawl age delta 18d (5/15); internal links delta 0 (12/12); crawl depth matched; impression bucket 0/0 (8/8); similarity high-risk-marker (0/5); utility family image/image (7/7)
es,https://funnytools.win/es/herramientas/convertir-jpg-a-webp/,https://funnytools.win/es/herramientas/convertir-jpg-a-png/,image,85,yes,same locale es; same page_type tool; same cluster image; crawl age delta 18d (5/15); internal links delta 0 (12/12); crawl depth matched; impression bucket 0/0 (8/8); similarity high-risk-marker (0/5); utility family image/image (7/7)
es,https://funnytools.win/es/herramientas/convertir-mayusculas-minusculas/,https://funnytools.win/es/herramientas/convertir-csv-a-json/,text,95,yes,same locale es; same page_type tool; same cluster text; crawl age delta 1d (15/15); internal links delta 0 (12/12); crawl depth matched; impression bucket 0/0 (8/8); similarity high-risk-marker (0/5); utility family text/text (7/7)
es,https://funnytools.win/es/herramientas/convertir-mayusculas-minusculas/,https://funnytools.win/es/herramientas/editor-markdown-online/,text,100,yes,same locale es; same page_type tool; same cluster text; crawl age delta 6d (15/15); internal links delta 0 (12/12); crawl depth matched; impression bucket 0/0 (8/8); similarity similarity-not-recorded (5/5); utility family text/text (7/7)
es,https://funnytools.win/es/herramientas/convertir-mayusculas-minusculas/,https://funnytools.win/es/herramientas/eliminar-lineas-vacias/,text,100,yes,same locale es; same page_type tool; same cluster text; crawl age delta 7d (15/15); internal links delta 0 (12/12); crawl depth matched; impression bucket 0/0 (8/8); similarity similarity-not-recorded (5/5); utility family text/text (7/7)
es,https://funnytools.win/es/herramientas/convertir-timestamp-unix/,https://funnytools.win/es/herramientas/calculadora-dias-laborables/,time,90,yes,same locale es; same page_type tool; same cluster time; crawl age delta 11d (10/15); internal links delta 0 (12/12); crawl depth matched; impression bucket 0/0 (8/8); similarity high-risk-marker (0/5); utility family time/time (7/7)
es,https://funnytools.win/es/herramientas/convertir-timestamp-unix/,https://funnytools.win/es/herramientas/calcular-diferencia-entre-fechas/,time,90,yes,same locale es; same page_type tool; same cluster time; crawl age delta 10d (10/15); internal links delta 0 (12/12); crawl depth matched; impression bucket 0/0 (8/8); similarity high-risk-marker (0/5); utility family time/time (7/7)
es,https://funnytools.win/es/herramientas/convertir-timestamp-unix/,https://funnytools.win/es/herramientas/recordatorio-descansos/,time,95,yes,same locale es; same page_type tool; same cluster time; crawl age delta 5d (15/15); internal links delta 0 (12/12); crawl depth matched; impression bucket 0/0 (8/8); similarity high-risk-marker (0/5); utility family time/time (7/7)
es,https://funnytools.win/es/herramientas/crear-diagrama-flujo/,https://funnytools.win/es/herramientas/pizarra-dibujo-online/,draw,90,yes,same locale es; same page_type tool; same cluster draw; crawl age delta 20d (5/15); internal links delta 0 (12/12); crawl depth matched; impression bucket 0/0 (8/8); similarity similarity-not-recorded (5/5); utility family draw/draw (7/7)
es,https://funnytools.win/es/herramientas/decidir-entre-dos-opciones/,https://funnytools.win/es/herramientas/generador-numeros-aleatorios/,random,90,yes,same locale es; same page_type tool; same cluster random; crawl age delta 9d (10/15); internal links delta 0 (12/12); crawl depth matched; impression bucket 0/0 (8/8); similarity high-risk-marker (0/5); utility family random/random (7/7)
es,https://funnytools.win/es/herramientas/decidir-entre-dos-opciones/,https://funnytools.win/es/herramientas/ruleta-aleatoria/,random,95,yes,same locale es; same page_type tool; same cluster random; crawl age delta 6d (15/15); internal links delta 0 (12/12); crawl depth matched; impression bucket 0/0 (8/8); similarity high-risk-marker (0/5); utility family random/random (7/7)
es,https://funnytools.win/es/herramientas/decidir-entre-dos-opciones/,https://funnytools.win/es/herramientas/sorteo-nombres-aleatorio/,random,90,yes,same locale es; same page_type tool; same cluster random; crawl age delta 8d (10/15); internal links delta 0 (12/12); crawl depth matched; impression bucket 0/0 (8/8); similarity high-risk-marker (0/5); utility family random/random (7/7)
es,https://funnytools.win/es/herramientas/decidir-entre-dos-opciones/,https://funnytools.win/es/herramientas/tirar-dados-online/,random,91,yes,same locale es; same page_type tool; same cluster random; crawl age delta 2d (15/15); internal links delta 0 (12/12); crawl depth matched; impression bucket 0/1-10 (4/8); similarity high-risk-marker (0/5); utility family random/random (7/7)
es,https://funnytools.win/es/herramientas/dividir-pdf/,https://funnytools.win/es/herramientas/extraer-paginas-pdf/,pdf,85,yes,same locale es; same page_type tool; same cluster pdf; crawl age delta 17d (5/15); internal links delta 0 (12/12); crawl depth matched; impression bucket 0/0 (8/8); similarity high-risk-marker (0/5); utility family pdf/pdf (7/7)
es,https://funnytools.win/es/herramientas/dividir-pdf/,https://funnytools.win/es/herramientas/ordenar-paginas-pdf/,pdf,90,yes,same locale es; same page_type tool; same cluster pdf; crawl age delta 8d (10/15); internal links delta 0 (12/12); crawl depth matched; impression bucket 0/0 (8/8); similarity high-risk-marker (0/5); utility family pdf/pdf (7/7)
es,https://funnytools.win/es/herramientas/dividir-pdf/,https://funnytools.win/es/herramientas/unir-pdf/,pdf,95,yes,same locale es; same page_type tool; same cluster pdf; crawl age delta 5d (15/15); internal links delta 0 (12/12); crawl depth matched; impression bucket 0/0 (8/8); similarity high-risk-marker (0/5); utility family pdf/pdf (7/7)
es,https://funnytools.win/es/herramientas/editor-markdown-online/,https://funnytools.win/es/herramientas/convertir-csv-a-json/,text,95,yes,same locale es; same page_type tool; same cluster text; crawl age delta 5d (15/15); internal links delta 0 (12/12); crawl depth matched; impression bucket 0/0 (8/8); similarity high-risk-marker (0/5); utility family text/text (7/7)
es,https://funnytools.win/es/herramientas/editor-markdown-online/,https://funnytools.win/es/herramientas/convertir-mayusculas-minusculas/,text,100,yes,same locale es; same page_type tool; same cluster text; crawl age delta 6d (15/15); internal links delta 0 (12/12); crawl depth matched; impression bucket 0/0 (8/8); similarity similarity-not-recorded (5/5); utility family text/text (7/7)
es,https://funnytools.win/es/herramientas/editor-markdown-online/,https://funnytools.win/es/herramientas/eliminar-lineas-vacias/,text,95,yes,same locale es; same page_type tool; same cluster text; crawl age delta 13d (10/15); internal links delta 0 (12/12); crawl depth matched; impression bucket 0/0 (8/8); similarity similarity-not-recorded (5/5); utility family text/text (7/7)
es,https://funnytools.win/es/herramientas/eliminar-lineas-vacias/,https://funnytools.win/es/herramientas/convertir-csv-a-json/,text,90,yes,same locale es; same page_type tool; same cluster text; crawl age delta 8d (10/15); internal links delta 0 (12/12); crawl depth matched; impression bucket 0/0 (8/8); similarity high-risk-marker (0/5); utility family text/text (7/7)
es,https://funnytools.win/es/herramientas/eliminar-lineas-vacias/,https://funnytools.win/es/herramientas/convertir-mayusculas-minusculas/,text,100,yes,same locale es; same page_type tool; same cluster text; crawl age delta 7d (15/15); internal links delta 0 (12/12); crawl depth matched; impression bucket 0/0 (8/8); similarity similarity-not-recorded (5/5); utility family text/text (7/7)
es,https://funnytools.win/es/herramientas/eliminar-lineas-vacias/,https://funnytools.win/es/herramientas/editor-markdown-online/,text,95,yes,same locale es; same page_type tool; same cluster text; crawl age delta 13d (10/15); internal links delta 0 (12/12); crawl depth matched; impression bucket 0/0 (8/8); similarity similarity-not-recorded (5/5); utility family text/text (7/7)
es,https://funnytools.win/es/herramientas/extraer-paginas-pdf/,https://funnytools.win/es/herramientas/dividir-pdf/,pdf,85,yes,same locale es; same page_type tool; same cluster pdf; crawl age delta 17d (5/15); internal links delta 0 (12/12); crawl depth matched; impression bucket 0/0 (8/8); similarity high-risk-marker (0/5); utility family pdf/pdf (7/7)
es,https://funnytools.win/es/herramientas/extraer-paginas-pdf/,https://funnytools.win/es/herramientas/ordenar-paginas-pdf/,pdf,90,yes,same locale es; same page_type tool; same cluster pdf; crawl age delta 9d (10/15); internal links delta 0 (12/12); crawl depth matched; impression bucket 0/0 (8/8); similarity high-risk-marker (0/5); utility family pdf/pdf (7/7)
es,https://funnytools.win/es/herramientas/extraer-paginas-pdf/,https://funnytools.win/es/herramientas/unir-pdf/,pdf,80,yes,same locale es; same page_type tool; same cluster pdf; crawl age delta 22d (0/15); internal links delta 0 (12/12); crawl depth matched; impression bucket 0/0 (8/8); similarity high-risk-marker (0/5); utility family pdf/pdf (7/7)
es,https://funnytools.win/es/herramientas/generador-numeros-aleatorios/,https://funnytools.win/es/herramientas/decidir-entre-dos-opciones/,random,90,yes,same locale es; same page_type tool; same cluster random; crawl age delta 9d (10/15); internal links delta 0 (12/12); crawl depth matched; impression bucket 0/0 (8/8); similarity high-risk-marker (0/5); utility family random/random (7/7)
es,https://funnytools.win/es/herramientas/generador-numeros-aleatorios/,https://funnytools.win/es/herramientas/ruleta-aleatoria/,random,85,yes,same locale es; same page_type tool; same cluster random; crawl age delta 15d (5/15); internal links delta 0 (12/12); crawl depth matched; impression bucket 0/0 (8/8); similarity high-risk-marker (0/5); utility family random/random (7/7)
es,https://funnytools.win/es/herramientas/generador-numeros-aleatorios/,https://funnytools.win/es/herramientas/sorteo-nombres-aleatorio/,random,85,yes,same locale es; same page_type tool; same cluster random; crawl age delta 17d (5/15); internal links delta 0 (12/12); crawl depth matched; impression bucket 0/0 (8/8); similarity high-risk-marker (0/5); utility family random/random (7/7)
es,https://funnytools.win/es/herramientas/generador-numeros-aleatorios/,https://funnytools.win/es/herramientas/tirar-dados-online/,random,91,yes,same locale es; same page_type tool; same cluster random; crawl age delta 11d (10/15); internal links delta 0 (12/12); crawl depth matched; impression bucket 0/1-10 (4/8); similarity similarity-not-recorded (5/5); utility family random/random (7/7)
es,https://funnytools.win/es/herramientas/ordenar-paginas-pdf/,https://funnytools.win/es/herramientas/dividir-pdf/,pdf,90,yes,same locale es; same page_type tool; same cluster pdf; crawl age delta 8d (10/15); internal links delta 0 (12/12); crawl depth matched; impression bucket 0/0 (8/8); similarity high-risk-marker (0/5); utility family pdf/pdf (7/7)
es,https://funnytools.win/es/herramientas/ordenar-paginas-pdf/,https://funnytools.win/es/herramientas/extraer-paginas-pdf/,pdf,90,yes,same locale es; same page_type tool; same cluster pdf; crawl age delta 9d (10/15); internal links delta 0 (12/12); crawl depth matched; impression bucket 0/0 (8/8); similarity high-risk-marker (0/5); utility family pdf/pdf (7/7)
es,https://funnytools.win/es/herramientas/ordenar-paginas-pdf/,https://funnytools.win/es/herramientas/unir-pdf/,pdf,90,yes,same locale es; same page_type tool; same cluster pdf; crawl age delta 13d (10/15); internal links delta 0 (12/12); crawl depth matched; impression bucket 0/0 (8/8); similarity high-risk-marker (0/5); utility family pdf/pdf (7/7)
es,https://funnytools.win/es/herramientas/pizarra-dibujo-online/,https://funnytools.win/es/herramientas/crear-diagrama-flujo/,draw,90,yes,same locale es; same page_type tool; same cluster draw; crawl age delta 20d (5/15); internal links delta 0 (12/12); crawl depth matched; impression bucket 0/0 (8/8); similarity similarity-not-recorded (5/5); utility family draw/draw (7/7)
es,https://funnytools.win/es/herramientas/recordatorio-descansos/,https://funnytools.win/es/herramientas/calculadora-dias-laborables/,time,85,yes,same locale es; same page_type tool; same cluster time; crawl age delta 16d (5/15); internal links delta 0 (12/12); crawl depth matched; impression bucket 0/0 (8/8); similarity high-risk-marker (0/5); utility family time/time (7/7)
es,https://funnytools.win/es/herramientas/recordatorio-descansos/,https://funnytools.win/es/herramientas/calcular-diferencia-entre-fechas/,time,85,yes,same locale es; same page_type tool; same cluster time; crawl age delta 15d (5/15); internal links delta 0 (12/12); crawl depth matched; impression bucket 0/0 (8/8); similarity high-risk-marker (0/5); utility family time/time (7/7)
es,https://funnytools.win/es/herramientas/recordatorio-descansos/,https://funnytools.win/es/herramientas/convertir-timestamp-unix/,time,95,yes,same locale es; same page_type tool; same cluster time; crawl age delta 5d (15/15); internal links delta 0 (12/12); crawl depth matched; impression bucket 0/0 (8/8); similarity high-risk-marker (0/5); utility family time/time (7/7)
es,https://funnytools.win/es/herramientas/ruleta-aleatoria/,https://funnytools.win/es/herramientas/decidir-entre-dos-opciones/,random,95,yes,same locale es; same page_type tool; same cluster random; crawl age delta 6d (15/15); internal links delta 0 (12/12); crawl depth matched; impression bucket 0/0 (8/8); similarity high-risk-marker (0/5); utility family random/random (7/7)
es,https://funnytools.win/es/herramientas/ruleta-aleatoria/,https://funnytools.win/es/herramientas/generador-numeros-aleatorios/,random,85,yes,same locale es; same page_type tool; same cluster random; crawl age delta 15d (5/15); internal links delta 0 (12/12); crawl depth matched; impression bucket 0/0 (8/8); similarity high-risk-marker (0/5); utility family random/random (7/7)
es,https://funnytools.win/es/herramientas/ruleta-aleatoria/,https://funnytools.win/es/herramientas/sorteo-nombres-aleatorio/,random,95,yes,same locale es; same page_type tool; same cluster random; crawl age delta 2d (15/15); internal links delta 0 (12/12); crawl depth matched; impression bucket 0/0 (8/8); similarity high-risk-marker (0/5); utility family random/random (7/7)
es,https://funnytools.win/es/herramientas/ruleta-aleatoria/,https://funnytools.win/es/herramientas/tirar-dados-online/,random,91,yes,same locale es; same page_type tool; same cluster random; crawl age delta 4d (15/15); internal links delta 0 (12/12); crawl depth matched; impression bucket 0/1-10 (4/8); similarity high-risk-marker (0/5); utility family random/random (7/7)
es,https://funnytools.win/es/herramientas/sorteo-nombres-aleatorio/,https://funnytools.win/es/herramientas/decidir-entre-dos-opciones/,random,90,yes,same locale es; same page_type tool; same cluster random; crawl age delta 8d (10/15); internal links delta 0 (12/12); crawl depth matched; impression bucket 0/0 (8/8); similarity high-risk-marker (0/5); utility family random/random (7/7)
es,https://funnytools.win/es/herramientas/sorteo-nombres-aleatorio/,https://funnytools.win/es/herramientas/generador-numeros-aleatorios/,random,85,yes,same locale es; same page_type tool; same cluster random; crawl age delta 17d (5/15); internal links delta 0 (12/12); crawl depth matched; impression bucket 0/0 (8/8); similarity high-risk-marker (0/5); utility family random/random (7/7)
es,https://funnytools.win/es/herramientas/sorteo-nombres-aleatorio/,https://funnytools.win/es/herramientas/ruleta-aleatoria/,random,95,yes,same locale es; same page_type tool; same cluster random; crawl age delta 2d (15/15); internal links delta 0 (12/12); crawl depth matched; impression bucket 0/0 (8/8); similarity high-risk-marker (0/5); utility family random/random (7/7)
es,https://funnytools.win/es/herramientas/sorteo-nombres-aleatorio/,https://funnytools.win/es/herramientas/tirar-dados-online/,random,91,yes,same locale es; same page_type tool; same cluster random; crawl age delta 6d (15/15); internal links delta 0 (12/12); crawl depth matched; impression bucket 0/1-10 (4/8); similarity high-risk-marker (0/5); utility family random/random (7/7)
es,https://funnytools.win/es/herramientas/tirar-dados-online/,https://funnytools.win/es/herramientas/decidir-entre-dos-opciones/,random,91,yes,same locale es; same page_type tool; same cluster random; crawl age delta 2d (15/15); internal links delta 0 (12/12); crawl depth matched; impression bucket 1-10/0 (4/8); similarity high-risk-marker (0/5); utility family random/random (7/7)
es,https://funnytools.win/es/herramientas/tirar-dados-online/,https://funnytools.win/es/herramientas/generador-numeros-aleatorios/,random,91,yes,same locale es; same page_type tool; same cluster random; crawl age delta 11d (10/15); internal links delta 0 (12/12); crawl depth matched; impression bucket 1-10/0 (4/8); similarity similarity-not-recorded (5/5); utility family random/random (7/7)
es,https://funnytools.win/es/herramientas/tirar-dados-online/,https://funnytools.win/es/herramientas/ruleta-aleatoria/,random,91,yes,same locale es; same page_type tool; same cluster random; crawl age delta 4d (15/15); internal links delta 0 (12/12); crawl depth matched; impression bucket 1-10/0 (4/8); similarity high-risk-marker (0/5); utility family random/random (7/7)
es,https://funnytools.win/es/herramientas/tirar-dados-online/,https://funnytools.win/es/herramientas/sorteo-nombres-aleatorio/,random,91,yes,same locale es; same page_type tool; same cluster random; crawl age delta 6d (15/15); internal links delta 0 (12/12); crawl depth matched; impression bucket 1-10/0 (4/8); similarity high-risk-marker (0/5); utility family random/random (7/7)
es,https://funnytools.win/es/herramientas/unir-pdf/,https://funnytools.win/es/herramientas/dividir-pdf/,pdf,95,yes,same locale es; same page_type tool; same cluster pdf; crawl age delta 5d (15/15); internal links delta 0 (12/12); crawl depth matched; impression bucket 0/0 (8/8); similarity high-risk-marker (0/5); utility family pdf/pdf (7/7)
es,https://funnytools.win/es/herramientas/unir-pdf/,https://funnytools.win/es/herramientas/extraer-paginas-pdf/,pdf,80,yes,same locale es; same page_type tool; same cluster pdf; crawl age delta 22d (0/15); internal links delta 0 (12/12); crawl depth matched; impression bucket 0/0 (8/8); similarity high-risk-marker (0/5); utility family pdf/pdf (7/7)
es,https://funnytools.win/es/herramientas/unir-pdf/,https://funnytools.win/es/herramientas/ordenar-paginas-pdf/,pdf,90,yes,same locale es; same page_type tool; same cluster pdf; crawl age delta 13d (10/15); internal links delta 0 (12/12); crawl depth matched; impression bucket 0/0 (8/8); similarity high-risk-marker (0/5); utility family pdf/pdf (7/7)
fr,https://funnytools.win/fr/outils/calcul-moyenne-notes/,https://funnytools.win/fr/outils/calculateur-ecart-type/,statistics,95,yes,same locale fr; same page_type tool; same cluster statistics; crawl age delta 2d (15/15); internal links delta 0 (12/12); crawl depth matched; impression bucket 0/0 (8/8); similarity high-risk-marker (0/5); utility family calculator/calculator (7/7)
fr,https://funnytools.win/fr/outils/calcul-moyenne-notes/,https://funnytools.win/fr/outils/calculateur-moyenne-ponderee/,statistics,85,yes,same locale fr; same page_type tool; same cluster statistics; crawl age delta 16d (5/15); internal links delta 0 (12/12); crawl depth matched; impression bucket 0/0 (8/8); similarity high-risk-marker (0/5); utility family calculator/calculator (7/7)
fr,https://funnytools.win/fr/outils/calcul-moyenne-notes/,https://funnytools.win/fr/outils/calculateur-pourcentage/,statistics,95,yes,same locale fr; same page_type tool; same cluster statistics; crawl age delta 2d (15/15); internal links delta 0 (12/12); crawl depth matched; impression bucket 0/0 (8/8); similarity high-risk-marker (0/5); utility family calculator/calculator (7/7)
fr,https://funnytools.win/fr/outils/calcul-moyenne-notes/,https://funnytools.win/fr/outils/calculateur-score-t/,statistics,80,yes,same locale fr; same page_type tool; same cluster statistics; crawl age delta 28d (0/15); internal links delta 0 (12/12); crawl depth matched; impression bucket 0/0 (8/8); similarity high-risk-marker (0/5); utility family calculator/calculator (7/7)
fr,https://funnytools.win/fr/outils/calculateur-ecart-type/,https://funnytools.win/fr/outils/calcul-moyenne-notes/,statistics,95,yes,same locale fr; same page_type tool; same cluster statistics; crawl age delta 2d (15/15); internal links delta 0 (12/12); crawl depth matched; impression bucket 0/0 (8/8); similarity high-risk-marker (0/5); utility family calculator/calculator (7/7)
fr,https://funnytools.win/fr/outils/calculateur-ecart-type/,https://funnytools.win/fr/outils/calculateur-moyenne-ponderee/,statistics,85,yes,same locale fr; same page_type tool; same cluster statistics; crawl age delta 18d (5/15); internal links delta 0 (12/12); crawl depth matched; impression bucket 0/0 (8/8); similarity high-risk-marker (0/5); utility family calculator/calculator (7/7)
fr,https://funnytools.win/fr/outils/calculateur-ecart-type/,https://funnytools.win/fr/outils/calculateur-pourcentage/,statistics,100,yes,same locale fr; same page_type tool; same cluster statistics; crawl age delta 0d (15/15); internal links delta 0 (12/12); crawl depth matched; impression bucket 0/0 (8/8); similarity similarity-not-recorded (5/5); utility family calculator/calculator (7/7)
fr,https://funnytools.win/fr/outils/calculateur-ecart-type/,https://funnytools.win/fr/outils/calculateur-score-t/,statistics,85,yes,same locale fr; same page_type tool; same cluster statistics; crawl age delta 30d (0/15); internal links delta 0 (12/12); crawl depth matched; impression bucket 0/0 (8/8); similarity similarity-not-recorded (5/5); utility family calculator/calculator (7/7)
fr,https://funnytools.win/fr/outils/calculateur-inflation-pouvoir-achat/,https://funnytools.win/fr/outils/calculateur-interets-composes/,money,95,yes,same locale fr; same page_type tool; same cluster money; crawl age delta 7d (15/15); internal links delta 0 (12/12); crawl depth matched; impression bucket 0/0 (8/8); similarity high-risk-marker (0/5); utility family calculator/calculator (7/7)
fr,https://funnytools.win/fr/outils/calculateur-inflation-pouvoir-achat/,https://funnytools.win/fr/outils/calculateur-mensualite-pret-immobilier/,money,100,yes,same locale fr; same page_type tool; same cluster money; crawl age delta 2d (15/15); internal links delta 0 (12/12); crawl depth matched; impression bucket 0/0 (8/8); similarity similarity-not-recorded (5/5); utility family calculator/calculator (7/7)
fr,https://funnytools.win/fr/outils/calculateur-interets-composes/,https://funnytools.win/fr/outils/calculateur-inflation-pouvoir-achat/,money,95,yes,same locale fr; same page_type tool; same cluster money; crawl age delta 7d (15/15); internal links delta 0 (12/12); crawl depth matched; impression bucket 0/0 (8/8); similarity high-risk-marker (0/5); utility family calculator/calculator (7/7)
fr,https://funnytools.win/fr/outils/calculateur-interets-composes/,https://funnytools.win/fr/outils/calculateur-mensualite-pret-immobilier/,money,95,yes,same locale fr; same page_type tool; same cluster money; crawl age delta 5d (15/15); internal links delta 0 (12/12); crawl depth matched; impression bucket 0/0 (8/8); similarity high-risk-marker (0/5); utility family calculator/calculator (7/7)
fr,https://funnytools.win/fr/outils/calculateur-jours-ouvres/,https://funnytools.win/fr/outils/calculer-difference-entre-dates/,time,90,yes,same locale fr; same page_type tool; same cluster time; crawl age delta 19d (5/15); internal links delta 0 (12/12); crawl depth matched; impression bucket 0/0 (8/8); similarity similarity-not-recorded (5/5); utility family time/time (7/7)
fr,https://funnytools.win/fr/outils/calculateur-jours-ouvres/,https://funnytools.win/fr/outils/convertir-timestamp-unix/,time,90,yes,same locale fr; same page_type tool; same cluster time; crawl age delta 21d (5/15); internal links delta 0 (12/12); crawl depth matched; impression bucket 0/0 (8/8); similarity similarity-not-recorded (5/5); utility family time/time (7/7)
fr,https://funnytools.win/fr/outils/calculateur-jours-ouvres/,https://funnytools.win/fr/outils/rappel-pause-ecran/,time,95,yes,same locale fr; same page_type tool; same cluster time; crawl age delta 2d (15/15); internal links delta 0 (12/12); crawl depth matched; impression bucket 0/0 (8/8); similarity high-risk-marker (0/5); utility family time/time (7/7)
fr,https://funnytools.win/fr/outils/calculateur-mensualite-pret-immobilier/,https://funnytools.win/fr/outils/calculateur-inflation-pouvoir-achat/,money,100,yes,same locale fr; same page_type tool; same cluster money; crawl age delta 2d (15/15); internal links delta 0 (12/12); crawl depth matched; impression bucket 0/0 (8/8); similarity similarity-not-recorded (5/5); utility family calculator/calculator (7/7)
fr,https://funnytools.win/fr/outils/calculateur-mensualite-pret-immobilier/,https://funnytools.win/fr/outils/calculateur-interets-composes/,money,95,yes,same locale fr; same page_type tool; same cluster money; crawl age delta 5d (15/15); internal links delta 0 (12/12); crawl depth matched; impression bucket 0/0 (8/8); similarity high-risk-marker (0/5); utility family calculator/calculator (7/7)
fr,https://funnytools.win/fr/outils/calculateur-moyenne-ponderee/,https://funnytools.win/fr/outils/calcul-moyenne-notes/,statistics,85,yes,same locale fr; same page_type tool; same cluster statistics; crawl age delta 16d (5/15); internal links delta 0 (12/12); crawl depth matched; impression bucket 0/0 (8/8); similarity high-risk-marker (0/5); utility family calculator/calculator (7/7)
fr,https://funnytools.win/fr/outils/calculateur-moyenne-ponderee/,https://funnytools.win/fr/outils/calculateur-ecart-type/,statistics,85,yes,same locale fr; same page_type tool; same cluster statistics; crawl age delta 18d (5/15); internal links delta 0 (12/12); crawl depth matched; impression bucket 0/0 (8/8); similarity high-risk-marker (0/5); utility family calculator/calculator (7/7)
fr,https://funnytools.win/fr/outils/calculateur-moyenne-ponderee/,https://funnytools.win/fr/outils/calculateur-pourcentage/,statistics,85,yes,same locale fr; same page_type tool; same cluster statistics; crawl age delta 18d (5/15); internal links delta 0 (12/12); crawl depth matched; impression bucket 0/0 (8/8); similarity high-risk-marker (0/5); utility family calculator/calculator (7/7)
fr,https://funnytools.win/fr/outils/calculateur-moyenne-ponderee/,https://funnytools.win/fr/outils/calculateur-score-t/,statistics,90,yes,same locale fr; same page_type tool; same cluster statistics; crawl age delta 12d (10/15); internal links delta 0 (12/12); crawl depth matched; impression bucket 0/0 (8/8); similarity high-risk-marker (0/5); utility family calculator/calculator (7/7)
fr,https://funnytools.win/fr/outils/calculateur-pourcentage/,https://funnytools.win/fr/outils/calcul-moyenne-notes/,statistics,95,yes,same locale fr; same page_type tool; same cluster statistics; crawl age delta 2d (15/15); internal links delta 0 (12/12); crawl depth matched; impression bucket 0/0 (8/8); similarity high-risk-marker (0/5); utility family calculator/calculator (7/7)
fr,https://funnytools.win/fr/outils/calculateur-pourcentage/,https://funnytools.win/fr/outils/calculateur-ecart-type/,statistics,100,yes,same locale fr; same page_type tool; same cluster statistics; crawl age delta 0d (15/15); internal links delta 0 (12/12); crawl depth matched; impression bucket 0/0 (8/8); similarity similarity-not-recorded (5/5); utility family calculator/calculator (7/7)
fr,https://funnytools.win/fr/outils/calculateur-pourcentage/,https://funnytools.win/fr/outils/calculateur-moyenne-ponderee/,statistics,85,yes,same locale fr; same page_type tool; same cluster statistics; crawl age delta 18d (5/15); internal links delta 0 (12/12); crawl depth matched; impression bucket 0/0 (8/8); similarity high-risk-marker (0/5); utility family calculator/calculator (7/7)
fr,https://funnytools.win/fr/outils/calculateur-pourcentage/,https://funnytools.win/fr/outils/calculateur-score-t/,statistics,85,yes,same locale fr; same page_type tool; same cluster statistics; crawl age delta 30d (0/15); internal links delta 0 (12/12); crawl depth matched; impression bucket 0/0 (8/8); similarity similarity-not-recorded (5/5); utility family calculator/calculator (7/7)
fr,https://funnytools.win/fr/outils/calculateur-score-t/,https://funnytools.win/fr/outils/calcul-moyenne-notes/,statistics,80,yes,same locale fr; same page_type tool; same cluster statistics; crawl age delta 28d (0/15); internal links delta 0 (12/12); crawl depth matched; impression bucket 0/0 (8/8); similarity high-risk-marker (0/5); utility family calculator/calculator (7/7)
fr,https://funnytools.win/fr/outils/calculateur-score-t/,https://funnytools.win/fr/outils/calculateur-ecart-type/,statistics,85,yes,same locale fr; same page_type tool; same cluster statistics; crawl age delta 30d (0/15); internal links delta 0 (12/12); crawl depth matched; impression bucket 0/0 (8/8); similarity similarity-not-recorded (5/5); utility family calculator/calculator (7/7)
fr,https://funnytools.win/fr/outils/calculateur-score-t/,https://funnytools.win/fr/outils/calculateur-moyenne-ponderee/,statistics,90,yes,same locale fr; same page_type tool; same cluster statistics; crawl age delta 12d (10/15); internal links delta 0 (12/12); crawl depth matched; impression bucket 0/0 (8/8); similarity high-risk-marker (0/5); utility family calculator/calculator (7/7)
fr,https://funnytools.win/fr/outils/calculateur-score-t/,https://funnytools.win/fr/outils/calculateur-pourcentage/,statistics,85,yes,same locale fr; same page_type tool; same cluster statistics; crawl age delta 30d (0/15); internal links delta 0 (12/12); crawl depth matched; impression bucket 0/0 (8/8); similarity similarity-not-recorded (5/5); utility family calculator/calculator (7/7)
fr,https://funnytools.win/fr/outils/calculer-difference-entre-dates/,https://funnytools.win/fr/outils/calculateur-jours-ouvres/,time,90,yes,same locale fr; same page_type tool; same cluster time; crawl age delta 19d (5/15); internal links delta 0 (12/12); crawl depth matched; impression bucket 0/0 (8/8); similarity similarity-not-recorded (5/5); utility family time/time (7/7)
fr,https://funnytools.win/fr/outils/calculer-difference-entre-dates/,https://funnytools.win/fr/outils/convertir-timestamp-unix/,time,100,yes,same locale fr; same page_type tool; same cluster time; crawl age delta 2d (15/15); internal links delta 0 (12/12); crawl depth matched; impression bucket 0/0 (8/8); similarity similarity-not-recorded (5/5); utility family time/time (7/7)
fr,https://funnytools.win/fr/outils/calculer-difference-entre-dates/,https://funnytools.win/fr/outils/rappel-pause-ecran/,time,85,yes,same locale fr; same page_type tool; same cluster time; crawl age delta 17d (5/15); internal links delta 0 (12/12); crawl depth matched; impression bucket 0/0 (8/8); similarity high-risk-marker (0/5); utility family time/time (7/7)
fr,https://funnytools.win/fr/outils/choisir-entre-deux-options/,https://funnytools.win/fr/outils/generateur-nombres-aleatoires/,random,90,yes,same locale fr; same page_type tool; same cluster random; crawl age delta 9d (10/15); internal links delta 0 (12/12); crawl depth matched; impression bucket 0/0 (8/8); similarity high-risk-marker (0/5); utility family random/random (7/7)
fr,https://funnytools.win/fr/outils/choisir-entre-deux-options/,https://funnytools.win/fr/outils/lancer-des-en-ligne/,random,100,yes,same locale fr; same page_type tool; same cluster random; crawl age delta 6d (15/15); internal links delta 0 (12/12); crawl depth matched; impression bucket 0/0 (8/8); similarity similarity-not-recorded (5/5); utility family random/random (7/7)
fr,https://funnytools.win/fr/outils/choisir-entre-deux-options/,https://funnytools.win/fr/outils/tirage-au-sort-noms/,random,95,yes,same locale fr; same page_type tool; same cluster random; crawl age delta 7d (15/15); internal links delta 0 (12/12); crawl depth matched; impression bucket 0/0 (8/8); similarity high-risk-marker (0/5); utility family random/random (7/7)
fr,https://funnytools.win/fr/outils/convertir-csv-en-json/,https://funnytools.win/fr/outils/convertir-majuscules-minuscules/,text,95,yes,same locale fr; same page_type tool; same cluster text; crawl age delta 7d (15/15); internal links delta 0 (12/12); crawl depth matched; impression bucket 0/0 (8/8); similarity high-risk-marker (0/5); utility family text/text (7/7)
fr,https://funnytools.win/fr/outils/convertir-csv-en-json/,https://funnytools.win/fr/outils/editeur-markdown-en-ligne/,text,95,yes,same locale fr; same page_type tool; same cluster text; crawl age delta 3d (15/15); internal links delta 0 (12/12); crawl depth matched; impression bucket 0/0 (8/8); similarity high-risk-marker (0/5); utility family text/text (7/7)
fr,https://funnytools.win/fr/outils/convertir-csv-en-json/,https://funnytools.win/fr/outils/encoder-decoder-base64/,text,80,yes,same locale fr; same page_type tool; same cluster text; crawl age delta 24d (0/15); internal links delta 0 (12/12); crawl depth matched; impression bucket 0/0 (8/8); similarity high-risk-marker (0/5); utility family text/text (7/7)
fr,https://funnytools.win/fr/outils/convertir-csv-en-json/,https://funnytools.win/fr/outils/encoder-decoder-url/,text,95,yes,same locale fr; same page_type tool; same cluster text; crawl age delta 7d (15/15); internal links delta 0 (12/12); crawl depth matched; impression bucket 0/0 (8/8); similarity high-risk-marker (0/5); utility family text/text (7/7)
fr,https://funnytools.win/fr/outils/convertir-images-en-pdf/,https://funnytools.win/fr/outils/diviser-pdf/,pdf,95,yes,same locale fr; same page_type tool; same cluster pdf; crawl age delta 6d (15/15); internal links delta 0 (12/12); crawl depth matched; impression bucket 0/0 (8/8); similarity high-risk-marker (0/5); utility family pdf/pdf (7/7)
fr,https://funnytools.win/fr/outils/convertir-images-en-pdf/,https://funnytools.win/fr/outils/fusionner-pdf/,pdf,95,yes,same locale fr; same page_type tool; same cluster pdf; crawl age delta 4d (15/15); internal links delta 0 (12/12); crawl depth matched; impression bucket 0/0 (8/8); similarity high-risk-marker (0/5); utility family pdf/pdf (7/7)
fr,https://funnytools.win/fr/outils/convertir-images-en-pdf/,https://funnytools.win/fr/outils/reorganiser-pages-pdf/,pdf,90,yes,same locale fr; same page_type tool; same cluster pdf; crawl age delta 8d (10/15); internal links delta 0 (12/12); crawl depth matched; impression bucket 0/0 (8/8); similarity high-risk-marker (0/5); utility family pdf/pdf (7/7)
fr,https://funnytools.win/fr/outils/convertir-images-en-pdf/,https://funnytools.win/fr/outils/supprimer-pages-pdf/,pdf,95,yes,same locale fr; same page_type tool; same cluster pdf; crawl age delta 1d (15/15); internal links delta 0 (12/12); crawl depth matched; impression bucket 0/0 (8/8); similarity high-risk-marker (0/5); utility family pdf/pdf (7/7)
fr,https://funnytools.win/fr/outils/convertir-jpg-en-png/,https://funnytools.win/fr/outils/convertir-jpg-en-webp/,image,85,yes,same locale fr; same page_type tool; same cluster image; crawl age delta 15d (5/15); internal links delta 0 (12/12); crawl depth matched; impression bucket 0/0 (8/8); similarity high-risk-marker (0/5); utility family image/image (7/7)
fr,https://funnytools.win/fr/outils/convertir-jpg-en-png/,https://funnytools.win/fr/outils/convertir-webp-en-jpg/,image,80,yes,same locale fr; same page_type tool; same cluster image; crawl age delta 26d (0/15); internal links delta 0 (12/12); crawl depth matched; impression bucket 0/0 (8/8); similarity high-risk-marker (0/5); utility family image/image (7/7)
fr,https://funnytools.win/fr/outils/convertir-jpg-en-png/,https://funnytools.win/fr/outils/faire-pivoter-image/,image,80,yes,same locale fr; same page_type tool; same cluster image; crawl age delta 28d (0/15); internal links delta 0 (12/12); crawl depth matched; impression bucket 0/0 (8/8); similarity high-risk-marker (0/5); utility family image/image (7/7)
fr,https://funnytools.win/fr/outils/convertir-jpg-en-webp/,https://funnytools.win/fr/outils/convertir-jpg-en-png/,image,85,yes,same locale fr; same page_type tool; same cluster image; crawl age delta 15d (5/15); internal links delta 0 (12/12); crawl depth matched; impression bucket 0/0 (8/8); similarity high-risk-marker (0/5); utility family image/image (7/7)
fr,https://funnytools.win/fr/outils/convertir-jpg-en-webp/,https://funnytools.win/fr/outils/convertir-webp-en-jpg/,image,90,yes,same locale fr; same page_type tool; same cluster image; crawl age delta 11d (10/15); internal links delta 0 (12/12); crawl depth matched; impression bucket 0/0 (8/8); similarity high-risk-marker (0/5); utility family image/image (7/7)
fr,https://funnytools.win/fr/outils/convertir-jpg-en-webp/,https://funnytools.win/fr/outils/faire-pivoter-image/,image,90,yes,same locale fr; same page_type tool; same cluster image; crawl age delta 13d (10/15); internal links delta 0 (12/12); crawl depth matched; impression bucket 0/0 (8/8); similarity high-risk-marker (0/5); utility family image/image (7/7)
fr,https://funnytools.win/fr/outils/convertir-majuscules-minuscules/,https://funnytools.win/fr/outils/convertir-csv-en-json/,text,95,yes,same locale fr; same page_type tool; same cluster text; crawl age delta 7d (15/15); internal links delta 0 (12/12); crawl depth matched; impression bucket 0/0 (8/8); similarity high-risk-marker (0/5); utility family text/text (7/7)
fr,https://funnytools.win/fr/outils/convertir-majuscules-minuscules/,https://funnytools.win/fr/outils/editeur-markdown-en-ligne/,text,100,yes,same locale fr; same page_type tool; same cluster text; crawl age delta 4d (15/15); internal links delta 0 (12/12); crawl depth matched; impression bucket 0/0 (8/8); similarity similarity-not-recorded (5/5); utility family text/text (7/7)
fr,https://funnytools.win/fr/outils/convertir-majuscules-minuscules/,https://funnytools.win/fr/outils/encoder-decoder-base64/,text,90,yes,same locale fr; same page_type tool; same cluster text; crawl age delta 17d (5/15); internal links delta 0 (12/12); crawl depth matched; impression bucket 0/0 (8/8); similarity similarity-not-recorded (5/5); utility family text/text (7/7)
fr,https://funnytools.win/fr/outils/convertir-majuscules-minuscules/,https://funnytools.win/fr/outils/encoder-decoder-url/,text,100,yes,same locale fr; same page_type tool; same cluster text; crawl age delta 0d (15/15); internal links delta 0 (12/12); crawl depth matched; impression bucket 0/0 (8/8); similarity similarity-not-recorded (5/5); utility family text/text (7/7)
fr,https://funnytools.win/fr/outils/convertir-timestamp-unix/,https://funnytools.win/fr/outils/calculateur-jours-ouvres/,time,90,yes,same locale fr; same page_type tool; same cluster time; crawl age delta 21d (5/15); internal links delta 0 (12/12); crawl depth matched; impression bucket 0/0 (8/8); similarity similarity-not-recorded (5/5); utility family time/time (7/7)
fr,https://funnytools.win/fr/outils/convertir-timestamp-unix/,https://funnytools.win/fr/outils/calculer-difference-entre-dates/,time,100,yes,same locale fr; same page_type tool; same cluster time; crawl age delta 2d (15/15); internal links delta 0 (12/12); crawl depth matched; impression bucket 0/0 (8/8); similarity similarity-not-recorded (5/5); utility family time/time (7/7)
fr,https://funnytools.win/fr/outils/convertir-timestamp-unix/,https://funnytools.win/fr/outils/rappel-pause-ecran/,time,85,yes,same locale fr; same page_type tool; same cluster time; crawl age delta 19d (5/15); internal links delta 0 (12/12); crawl depth matched; impression bucket 0/0 (8/8); similarity high-risk-marker (0/5); utility family time/time (7/7)
fr,https://funnytools.win/fr/outils/convertir-webp-en-jpg/,https://funnytools.win/fr/outils/convertir-jpg-en-png/,image,80,yes,same locale fr; same page_type tool; same cluster image; crawl age delta 26d (0/15); internal links delta 0 (12/12); crawl depth matched; impression bucket 0/0 (8/8); similarity high-risk-marker (0/5); utility family image/image (7/7)
fr,https://funnytools.win/fr/outils/convertir-webp-en-jpg/,https://funnytools.win/fr/outils/convertir-jpg-en-webp/,image,90,yes,same locale fr; same page_type tool; same cluster image; crawl age delta 11d (10/15); internal links delta 0 (12/12); crawl depth matched; impression bucket 0/0 (8/8); similarity high-risk-marker (0/5); utility family image/image (7/7)
fr,https://funnytools.win/fr/outils/convertir-webp-en-jpg/,https://funnytools.win/fr/outils/faire-pivoter-image/,image,95,yes,same locale fr; same page_type tool; same cluster image; crawl age delta 2d (15/15); internal links delta 0 (12/12); crawl depth matched; impression bucket 0/0 (8/8); similarity high-risk-marker (0/5); utility family image/image (7/7)
fr,https://funnytools.win/fr/outils/creer-diagramme-flux/,https://funnytools.win/fr/outils/tableau-blanc-dessin-en-ligne/,draw,90,yes,same locale fr; same page_type tool; same cluster draw; crawl age delta 18d (5/15); internal links delta 0 (12/12); crawl depth matched; impression bucket 0/0 (8/8); similarity similarity-not-recorded (5/5); utility family draw/draw (7/7)
fr,https://funnytools.win/fr/outils/diviser-pdf/,https://funnytools.win/fr/outils/convertir-images-en-pdf/,pdf,95,yes,same locale fr; same page_type tool; same cluster pdf; crawl age delta 6d (15/15); internal links delta 0 (12/12); crawl depth matched; impression bucket 0/0 (8/8); similarity high-risk-marker (0/5); utility family pdf/pdf (7/7)
fr,https://funnytools.win/fr/outils/diviser-pdf/,https://funnytools.win/fr/outils/fusionner-pdf/,pdf,95,yes,same locale fr; same page_type tool; same cluster pdf; crawl age delta 2d (15/15); internal links delta 0 (12/12); crawl depth matched; impression bucket 0/0 (8/8); similarity high-risk-marker (0/5); utility family pdf/pdf (7/7)
fr,https://funnytools.win/fr/outils/diviser-pdf/,https://funnytools.win/fr/outils/reorganiser-pages-pdf/,pdf,95,yes,same locale fr; same page_type tool; same cluster pdf; crawl age delta 2d (15/15); internal links delta 0 (12/12); crawl depth matched; impression bucket 0/0 (8/8); similarity high-risk-marker (0/5); utility family pdf/pdf (7/7)
fr,https://funnytools.win/fr/outils/diviser-pdf/,https://funnytools.win/fr/outils/supprimer-pages-pdf/,pdf,95,yes,same locale fr; same page_type tool; same cluster pdf; crawl age delta 7d (15/15); internal links delta 0 (12/12); crawl depth matched; impression bucket 0/0 (8/8); similarity high-risk-marker (0/5); utility family pdf/pdf (7/7)
fr,https://funnytools.win/fr/outils/editeur-markdown-en-ligne/,https://funnytools.win/fr/outils/convertir-csv-en-json/,text,95,yes,same locale fr; same page_type tool; same cluster text; crawl age delta 3d (15/15); internal links delta 0 (12/12); crawl depth matched; impression bucket 0/0 (8/8); similarity high-risk-marker (0/5); utility family text/text (7/7)
fr,https://funnytools.win/fr/outils/editeur-markdown-en-ligne/,https://funnytools.win/fr/outils/convertir-majuscules-minuscules/,text,100,yes,same locale fr; same page_type tool; same cluster text; crawl age delta 4d (15/15); internal links delta 0 (12/12); crawl depth matched; impression bucket 0/0 (8/8); similarity similarity-not-recorded (5/5); utility family text/text (7/7)
fr,https://funnytools.win/fr/outils/editeur-markdown-en-ligne/,https://funnytools.win/fr/outils/encoder-decoder-base64/,text,90,yes,same locale fr; same page_type tool; same cluster text; crawl age delta 21d (5/15); internal links delta 0 (12/12); crawl depth matched; impression bucket 0/0 (8/8); similarity similarity-not-recorded (5/5); utility family text/text (7/7)
fr,https://funnytools.win/fr/outils/editeur-markdown-en-ligne/,https://funnytools.win/fr/outils/encoder-decoder-url/,text,100,yes,same locale fr; same page_type tool; same cluster text; crawl age delta 4d (15/15); internal links delta 0 (12/12); crawl depth matched; impression bucket 0/0 (8/8); similarity similarity-not-recorded (5/5); utility family text/text (7/7)
fr,https://funnytools.win/fr/outils/encoder-decoder-base64/,https://funnytools.win/fr/outils/convertir-csv-en-json/,text,80,yes,same locale fr; same page_type tool; same cluster text; crawl age delta 24d (0/15); internal links delta 0 (12/12); crawl depth matched; impression bucket 0/0 (8/8); similarity high-risk-marker (0/5); utility family text/text (7/7)
fr,https://funnytools.win/fr/outils/encoder-decoder-base64/,https://funnytools.win/fr/outils/convertir-majuscules-minuscules/,text,90,yes,same locale fr; same page_type tool; same cluster text; crawl age delta 17d (5/15); internal links delta 0 (12/12); crawl depth matched; impression bucket 0/0 (8/8); similarity similarity-not-recorded (5/5); utility family text/text (7/7)
fr,https://funnytools.win/fr/outils/encoder-decoder-base64/,https://funnytools.win/fr/outils/editeur-markdown-en-ligne/,text,90,yes,same locale fr; same page_type tool; same cluster text; crawl age delta 21d (5/15); internal links delta 0 (12/12); crawl depth matched; impression bucket 0/0 (8/8); similarity similarity-not-recorded (5/5); utility family text/text (7/7)
fr,https://funnytools.win/fr/outils/encoder-decoder-base64/,https://funnytools.win/fr/outils/encoder-decoder-url/,text,90,yes,same locale fr; same page_type tool; same cluster text; crawl age delta 17d (5/15); internal links delta 0 (12/12); crawl depth matched; impression bucket 0/0 (8/8); similarity similarity-not-recorded (5/5); utility family text/text (7/7)
fr,https://funnytools.win/fr/outils/encoder-decoder-url/,https://funnytools.win/fr/outils/convertir-csv-en-json/,text,95,yes,same locale fr; same page_type tool; same cluster text; crawl age delta 7d (15/15); internal links delta 0 (12/12); crawl depth matched; impression bucket 0/0 (8/8); similarity high-risk-marker (0/5); utility family text/text (7/7)
fr,https://funnytools.win/fr/outils/encoder-decoder-url/,https://funnytools.win/fr/outils/convertir-majuscules-minuscules/,text,100,yes,same locale fr; same page_type tool; same cluster text; crawl age delta 0d (15/15); internal links delta 0 (12/12); crawl depth matched; impression bucket 0/0 (8/8); similarity similarity-not-recorded (5/5); utility family text/text (7/7)
fr,https://funnytools.win/fr/outils/encoder-decoder-url/,https://funnytools.win/fr/outils/editeur-markdown-en-ligne/,text,100,yes,same locale fr; same page_type tool; same cluster text; crawl age delta 4d (15/15); internal links delta 0 (12/12); crawl depth matched; impression bucket 0/0 (8/8); similarity similarity-not-recorded (5/5); utility family text/text (7/7)
fr,https://funnytools.win/fr/outils/encoder-decoder-url/,https://funnytools.win/fr/outils/encoder-decoder-base64/,text,90,yes,same locale fr; same page_type tool; same cluster text; crawl age delta 17d (5/15); internal links delta 0 (12/12); crawl depth matched; impression bucket 0/0 (8/8); similarity similarity-not-recorded (5/5); utility family text/text (7/7)
fr,https://funnytools.win/fr/outils/faire-pivoter-image/,https://funnytools.win/fr/outils/convertir-jpg-en-png/,image,80,yes,same locale fr; same page_type tool; same cluster image; crawl age delta 28d (0/15); internal links delta 0 (12/12); crawl depth matched; impression bucket 0/0 (8/8); similarity high-risk-marker (0/5); utility family image/image (7/7)
fr,https://funnytools.win/fr/outils/faire-pivoter-image/,https://funnytools.win/fr/outils/convertir-jpg-en-webp/,image,90,yes,same locale fr; same page_type tool; same cluster image; crawl age delta 13d (10/15); internal links delta 0 (12/12); crawl depth matched; impression bucket 0/0 (8/8); similarity high-risk-marker (0/5); utility family image/image (7/7)
fr,https://funnytools.win/fr/outils/faire-pivoter-image/,https://funnytools.win/fr/outils/convertir-webp-en-jpg/,image,95,yes,same locale fr; same page_type tool; same cluster image; crawl age delta 2d (15/15); internal links delta 0 (12/12); crawl depth matched; impression bucket 0/0 (8/8); similarity high-risk-marker (0/5); utility family image/image (7/7)
fr,https://funnytools.win/fr/outils/fusionner-pdf/,https://funnytools.win/fr/outils/convertir-images-en-pdf/,pdf,95,yes,same locale fr; same page_type tool; same cluster pdf; crawl age delta 4d (15/15); internal links delta 0 (12/12); crawl depth matched; impression bucket 0/0 (8/8); similarity high-risk-marker (0/5); utility family pdf/pdf (7/7)
fr,https://funnytools.win/fr/outils/fusionner-pdf/,https://funnytools.win/fr/outils/diviser-pdf/,pdf,95,yes,same locale fr; same page_type tool; same cluster pdf; crawl age delta 2d (15/15); internal links delta 0 (12/12); crawl depth matched; impression bucket 0/0 (8/8); similarity high-risk-marker (0/5); utility family pdf/pdf (7/7)
fr,https://funnytools.win/fr/outils/fusionner-pdf/,https://funnytools.win/fr/outils/reorganiser-pages-pdf/,pdf,95,yes,same locale fr; same page_type tool; same cluster pdf; crawl age delta 4d (15/15); internal links delta 0 (12/12); crawl depth matched; impression bucket 0/0 (8/8); similarity high-risk-marker (0/5); utility family pdf/pdf (7/7)
fr,https://funnytools.win/fr/outils/fusionner-pdf/,https://funnytools.win/fr/outils/supprimer-pages-pdf/,pdf,95,yes,same locale fr; same page_type tool; same cluster pdf; crawl age delta 5d (15/15); internal links delta 0 (12/12); crawl depth matched; impression bucket 0/0 (8/8); similarity high-risk-marker (0/5); utility family pdf/pdf (7/7)
fr,https://funnytools.win/fr/outils/generateur-nombres-aleatoires/,https://funnytools.win/fr/outils/choisir-entre-deux-options/,random,90,yes,same locale fr; same page_type tool; same cluster random; crawl age delta 9d (10/15); internal links delta 0 (12/12); crawl depth matched; impression bucket 0/0 (8/8); similarity high-risk-marker (0/5); utility family random/random (7/7)
fr,https://funnytools.win/fr/outils/generateur-nombres-aleatoires/,https://funnytools.win/fr/outils/lancer-des-en-ligne/,random,85,yes,same locale fr; same page_type tool; same cluster random; crawl age delta 15d (5/15); internal links delta 0 (12/12); crawl depth matched; impression bucket 0/0 (8/8); similarity high-risk-marker (0/5); utility family random/random (7/7)
fr,https://funnytools.win/fr/outils/generateur-nombres-aleatoires/,https://funnytools.win/fr/outils/tirage-au-sort-noms/,random,95,yes,same locale fr; same page_type tool; same cluster random; crawl age delta 2d (15/15); internal links delta 0 (12/12); crawl depth matched; impression bucket 0/0 (8/8); similarity high-risk-marker (0/5); utility family random/random (7/7)
fr,https://funnytools.win/fr/outils/lancer-des-en-ligne/,https://funnytools.win/fr/outils/choisir-entre-deux-options/,random,100,yes,same locale fr; same page_type tool; same cluster random; crawl age delta 6d (15/15); internal links delta 0 (12/12); crawl depth matched; impression bucket 0/0 (8/8); similarity similarity-not-recorded (5/5); utility family random/random (7/7)
fr,https://funnytools.win/fr/outils/lancer-des-en-ligne/,https://funnytools.win/fr/outils/generateur-nombres-aleatoires/,random,85,yes,same locale fr; same page_type tool; same cluster random; crawl age delta 15d (5/15); internal links delta 0 (12/12); crawl depth matched; impression bucket 0/0 (8/8); similarity high-risk-marker (0/5); utility family random/random (7/7)
fr,https://funnytools.win/fr/outils/lancer-des-en-ligne/,https://funnytools.win/fr/outils/tirage-au-sort-noms/,random,90,yes,same locale fr; same page_type tool; same cluster random; crawl age delta 13d (10/15); internal links delta 0 (12/12); crawl depth matched; impression bucket 0/0 (8/8); similarity high-risk-marker (0/5); utility family random/random (7/7)
fr,https://funnytools.win/fr/outils/rappel-pause-ecran/,https://funnytools.win/fr/outils/calculateur-jours-ouvres/,time,95,yes,same locale fr; same page_type tool; same cluster time; crawl age delta 2d (15/15); internal links delta 0 (12/12); crawl depth matched; impression bucket 0/0 (8/8); similarity high-risk-marker (0/5); utility family time/time (7/7)
fr,https://funnytools.win/fr/outils/rappel-pause-ecran/,https://funnytools.win/fr/outils/calculer-difference-entre-dates/,time,85,yes,same locale fr; same page_type tool; same cluster time; crawl age delta 17d (5/15); internal links delta 0 (12/12); crawl depth matched; impression bucket 0/0 (8/8); similarity high-risk-marker (0/5); utility family time/time (7/7)
fr,https://funnytools.win/fr/outils/rappel-pause-ecran/,https://funnytools.win/fr/outils/convertir-timestamp-unix/,time,85,yes,same locale fr; same page_type tool; same cluster time; crawl age delta 19d (5/15); internal links delta 0 (12/12); crawl depth matched; impression bucket 0/0 (8/8); similarity high-risk-marker (0/5); utility family time/time (7/7)
fr,https://funnytools.win/fr/outils/reorganiser-pages-pdf/,https://funnytools.win/fr/outils/convertir-images-en-pdf/,pdf,90,yes,same locale fr; same page_type tool; same cluster pdf; crawl age delta 8d (10/15); internal links delta 0 (12/12); crawl depth matched; impression bucket 0/0 (8/8); similarity high-risk-marker (0/5); utility family pdf/pdf (7/7)
fr,https://funnytools.win/fr/outils/reorganiser-pages-pdf/,https://funnytools.win/fr/outils/diviser-pdf/,pdf,95,yes,same locale fr; same page_type tool; same cluster pdf; crawl age delta 2d (15/15); internal links delta 0 (12/12); crawl depth matched; impression bucket 0/0 (8/8); similarity high-risk-marker (0/5); utility family pdf/pdf (7/7)
fr,https://funnytools.win/fr/outils/reorganiser-pages-pdf/,https://funnytools.win/fr/outils/fusionner-pdf/,pdf,95,yes,same locale fr; same page_type tool; same cluster pdf; crawl age delta 4d (15/15); internal links delta 0 (12/12); crawl depth matched; impression bucket 0/0 (8/8); similarity high-risk-marker (0/5); utility family pdf/pdf (7/7)
fr,https://funnytools.win/fr/outils/reorganiser-pages-pdf/,https://funnytools.win/fr/outils/supprimer-pages-pdf/,pdf,90,yes,same locale fr; same page_type tool; same cluster pdf; crawl age delta 9d (10/15); internal links delta 0 (12/12); crawl depth matched; impression bucket 0/0 (8/8); similarity high-risk-marker (0/5); utility family pdf/pdf (7/7)
fr,https://funnytools.win/fr/outils/supprimer-pages-pdf/,https://funnytools.win/fr/outils/convertir-images-en-pdf/,pdf,95,yes,same locale fr; same page_type tool; same cluster pdf; crawl age delta 1d (15/15); internal links delta 0 (12/12); crawl depth matched; impression bucket 0/0 (8/8); similarity high-risk-marker (0/5); utility family pdf/pdf (7/7)
fr,https://funnytools.win/fr/outils/supprimer-pages-pdf/,https://funnytools.win/fr/outils/diviser-pdf/,pdf,95,yes,same locale fr; same page_type tool; same cluster pdf; crawl age delta 7d (15/15); internal links delta 0 (12/12); crawl depth matched; impression bucket 0/0 (8/8); similarity high-risk-marker (0/5); utility family pdf/pdf (7/7)
fr,https://funnytools.win/fr/outils/supprimer-pages-pdf/,https://funnytools.win/fr/outils/fusionner-pdf/,pdf,95,yes,same locale fr; same page_type tool; same cluster pdf; crawl age delta 5d (15/15); internal links delta 0 (12/12); crawl depth matched; impression bucket 0/0 (8/8); similarity high-risk-marker (0/5); utility family pdf/pdf (7/7)
fr,https://funnytools.win/fr/outils/supprimer-pages-pdf/,https://funnytools.win/fr/outils/reorganiser-pages-pdf/,pdf,90,yes,same locale fr; same page_type tool; same cluster pdf; crawl age delta 9d (10/15); internal links delta 0 (12/12); crawl depth matched; impression bucket 0/0 (8/8); similarity high-risk-marker (0/5); utility family pdf/pdf (7/7)
fr,https://funnytools.win/fr/outils/tableau-blanc-dessin-en-ligne/,https://funnytools.win/fr/outils/creer-diagramme-flux/,draw,90,yes,same locale fr; same page_type tool; same cluster draw; crawl age delta 18d (5/15); internal links delta 0 (12/12); crawl depth matched; impression bucket 0/0 (8/8); similarity similarity-not-recorded (5/5); utility family draw/draw (7/7)
fr,https://funnytools.win/fr/outils/tirage-au-sort-noms/,https://funnytools.win/fr/outils/choisir-entre-deux-options/,random,95,yes,same locale fr; same page_type tool; same cluster random; crawl age delta 7d (15/15); internal links delta 0 (12/12); crawl depth matched; impression bucket 0/0 (8/8); similarity high-risk-marker (0/5); utility family random/random (7/7)
fr,https://funnytools.win/fr/outils/tirage-au-sort-noms/,https://funnytools.win/fr/outils/generateur-nombres-aleatoires/,random,95,yes,same locale fr; same page_type tool; same cluster random; crawl age delta 2d (15/15); internal links delta 0 (12/12); crawl depth matched; impression bucket 0/0 (8/8); similarity high-risk-marker (0/5); utility family random/random (7/7)
fr,https://funnytools.win/fr/outils/tirage-au-sort-noms/,https://funnytools.win/fr/outils/lancer-des-en-ligne/,random,90,yes,same locale fr; same page_type tool; same cluster random; crawl age delta 13d (10/15); internal links delta 0 (12/12); crawl depth matched; impression bucket 0/0 (8/8); similarity high-risk-marker (0/5); utility family random/random (7/7)
