pair_id,url_a,url_b,page_type_a,page_type_b,locale,primary_intent_a,primary_intent_b,intent_relationship,functional_equivalence,same_outcome,serp_role,differentiated_value,cannibalization_candidate,action,confidence
1,https://funnytools.win/tools/jpg-to-png/,https://funnytools.win/tools/png-to-jpg/,tool,tool,zh-TW,jpg-to-png,png-to-jpg,DIFFERENT,NO,no,different or adjacent role,directional converter inputs/outputs differ,no,REVIEW_ONLY,LOW
2,https://funnytools.win/guides/t-score-calculator-guide/,https://funnytools.win/tools/t-score-calculator/,guide,tool,zh-TW,t-score-calculator-guide,t-score-calculator,COMPLEMENTARY,NO,no,different DO/LEARN role,tool is DO intent; guide is LEARN intent; keep both by default,no,REVIEW_ONLY,LOW
3,https://funnytools.win/tools/jpg-to-webp/,https://funnytools.win/tools/webp-to-jpg/,tool,tool,zh-TW,jpg-to-webp,webp-to-jpg,DIFFERENT,NO,no,different or adjacent role,directional converter inputs/outputs differ,no,REVIEW_ONLY,LOW
4,https://funnytools.win/guides/classroom-random-group-guide/,https://funnytools.win/guides/fair-student-grouping-guide/,guide,guide,zh-TW,classroom-random-group-guide,fair-student-grouping-guide,ADJACENT,NO,no,different or adjacent role,related learning topics; answer role may differ,no,REVIEW_ONLY,LOW
5,https://funnytools.win/tools/delete-pdf-pages/,https://funnytools.win/tools/extract-pdf-pages/,tool,tool,zh-TW,delete-pdf-pages,extract-pdf-pages,DIFFERENT,NO,no,different or adjacent role,document operation outcome differs even when source format overlaps,no,REVIEW_ONLY,LOW
6,https://funnytools.win/tools/png-to-jpg/,https://funnytools.win/tools/webp-to-jpg/,tool,tool,zh-TW,png-to-jpg,webp-to-jpg,DIFFERENT,NO,no,different or adjacent role,directional converter inputs/outputs differ,no,REVIEW_ONLY,LOW
7,https://funnytools.win/tools/group-generator/,https://funnytools.win/tools/random-group-generator/,tool,tool,zh-TW,group-generator,random-group-generator,DIFFERENT,NO,no,different or adjacent role,different functional category,no,REVIEW_ONLY,LOW
8,https://funnytools.win/tools/apa-7-report-generator/,https://funnytools.win/tools/spss-result-interpreter/,tool,tool,zh-TW,apa-7-report-generator,spss-result-interpreter,ADJACENT,NO,no,different or adjacent role,related topic but functional input/computation/output differs,no,REVIEW_ONLY,LOW
9,https://funnytools.win/tools/standard-deviation/,https://funnytools.win/tools/z-score-calculator/,tool,tool,zh-TW,standard-deviation,z-score-calculator,ADJACENT,NO,no,different or adjacent role,related topic but functional input/computation/output differs,no,REVIEW_ONLY,LOW
10,https://funnytools.win/tools/csv-to-json/,https://funnytools.win/tools/json-to-csv/,tool,tool,zh-TW,csv-to-json,json-to-csv,DIFFERENT,NO,no,different or adjacent role,directional converter inputs/outputs differ,no,REVIEW_ONLY,LOW
11,https://funnytools.win/tools/teacher-exam-score-converter/,https://funnytools.win/tools/weighted-average-calculator/,tool,tool,zh-TW,teacher-exam-score-converter,weighted-average-calculator,ADJACENT,NO,no,different or adjacent role,related topic but functional input/computation/output differs,no,REVIEW_ONLY,LOW
12,https://funnytools.win/tools/normalized-score-converter/,https://funnytools.win/tools/z-score-calculator/,tool,tool,zh-TW,normalized-score-converter,z-score-calculator,ADJACENT,NO,no,different or adjacent role,related topic but functional input/computation/output differs,no,REVIEW_ONLY,LOW
13,https://funnytools.win/tools/jpg-to-png/,https://funnytools.win/tools/webp-to-jpg/,tool,tool,zh-TW,jpg-to-png,webp-to-jpg,DIFFERENT,NO,no,different or adjacent role,directional converter inputs/outputs differ,no,REVIEW_ONLY,LOW
14,https://funnytools.win/tools/business-days/,https://funnytools.win/tools/date-difference/,tool,tool,zh-TW,business-days,date-difference,ADJACENT,NO,no,different or adjacent role,related topic but functional input/computation/output differs,no,REVIEW_ONLY,LOW
15,https://funnytools.win/es/categorias/estadistica/,https://funnytools.win/es/estadisticas-educativas/,category,other,es,estadistica,estadisticas-educativas,ADJACENT,UNKNOWN,no,different or adjacent role,topic-adjacent pages with different page roles,no,REVIEW_ONLY,LOW
16,https://funnytools.win/en/tools/jpg-to-webp/,https://funnytools.win/en/tools/webp-to-jpg/,tool,tool,en,jpg-to-webp,webp-to-jpg,DIFFERENT,NO,no,different or adjacent role,directional converter inputs/outputs differ,no,REVIEW_ONLY,LOW
17,https://funnytools.win/tools/jpg-to-png/,https://funnytools.win/tools/jpg-to-webp/,tool,tool,zh-TW,jpg-to-png,jpg-to-webp,DIFFERENT,NO,no,different or adjacent role,directional converter inputs/outputs differ,no,REVIEW_ONLY,LOW
18,https://funnytools.win/tools/grade-average/,https://funnytools.win/tools/weighted-average-calculator/,tool,tool,zh-TW,grade-average,weighted-average-calculator,ADJACENT,NO,no,different or adjacent role,related topic but functional input/computation/output differs,no,REVIEW_ONLY,LOW
19,https://funnytools.win/fr/,https://funnytools.win/fr/outils/,home,hub,fr,fr,outils,ADJACENT,UNKNOWN,no,different or adjacent role,topic-adjacent pages with different page roles,no,REVIEW_ONLY,LOW
20,https://funnytools.win/tools/remove-duplicate-lines/,https://funnytools.win/tools/sort-lines/,tool,tool,zh-TW,remove-duplicate-lines,sort-lines,ADJACENT,NO,no,different or adjacent role,related topic but functional input/computation/output differs,no,REVIEW_ONLY,LOW
21,https://funnytools.win/tools/jpg-to-webp/,https://funnytools.win/tools/png-to-jpg/,tool,tool,zh-TW,jpg-to-webp,png-to-jpg,DIFFERENT,NO,no,different or adjacent role,directional converter inputs/outputs differ,no,REVIEW_ONLY,LOW
22,https://funnytools.win/category/statistics/,https://funnytools.win/education-statistics/,category,other,zh-TW,statistics,education-statistics,ADJACENT,UNKNOWN,no,different or adjacent role,topic-adjacent pages with different page roles,no,REVIEW_ONLY,LOW
23,https://funnytools.win/for/creators/,https://funnytools.win/workflows/creator-social-toolkit/,audience,workflow,zh-TW,creators,creator-social-toolkit,UNKNOWN,UNKNOWN,no,different or adjacent role,page roles cannot be deterministically compared,no,REVIEW_ONLY,LOW
24,https://funnytools.win/es/herramientas/convertir-jpg-a-png/,https://funnytools.win/es/herramientas/convertir-png-a-jpg/,tool,tool,es,jpg-to-png,png-to-jpg,DIFFERENT,NO,no,different or adjacent role,directional converter inputs/outputs differ,no,REVIEW_ONLY,LOW
25,https://funnytools.win/es/categorias/pdf/,https://funnytools.win/es/guias/unir-pdf-sin-subir-archivos/,category,guide,es,pdf,unir-pdf-sin-subir-archivos,ADJACENT,UNKNOWN,no,different or adjacent role,topic-adjacent pages with different page roles,no,REVIEW_ONLY,LOW
26,https://funnytools.win/en/tools/delete-pdf-pages/,https://funnytools.win/en/tools/extract-pdf-pages/,tool,tool,en,delete-pdf-pages,extract-pdf-pages,DIFFERENT,NO,no,different or adjacent role,document operation outcome differs even when source format overlaps,no,REVIEW_ONLY,LOW
27,https://funnytools.win/tools/extract-pdf-pages/,https://funnytools.win/tools/pdf-page-reorder/,tool,tool,zh-TW,extract-pdf-pages,pdf-page-reorder,DIFFERENT,NO,no,different or adjacent role,document operation outcome differs even when source format overlaps,no,REVIEW_ONLY,LOW
28,https://funnytools.win/en/tools/jpg-to-png/,https://funnytools.win/en/tools/png-to-jpg/,tool,tool,en,jpg-to-png,png-to-jpg,DIFFERENT,NO,no,different or adjacent role,directional converter inputs/outputs differ,no,REVIEW_ONLY,LOW
29,https://funnytools.win/es/herramientas/,https://funnytools.win/es/,hub,home,es,herramientas,es,ADJACENT,UNKNOWN,no,different or adjacent role,topic-adjacent pages with different page roles,no,REVIEW_ONLY,LOW
30,https://funnytools.win/es/flujos/entrega-informe-estudiantil/,https://funnytools.win/es/para/estudiantes/,workflow,audience,es,entrega-informe-estudiantil,estudiantes,UNKNOWN,UNKNOWN,no,different or adjacent role,page roles cannot be deterministically compared,no,REVIEW_ONLY,LOW
31,https://funnytools.win/tools/remove-duplicate-lines/,https://funnytools.win/tools/remove-empty-lines/,tool,tool,zh-TW,remove-duplicate-lines,remove-empty-lines,ADJACENT,NO,no,different or adjacent role,related topic but functional input/computation/output differs,no,REVIEW_ONLY,LOW
32,https://funnytools.win/guides/classroom-random-group-absent-student-repair-guide/,https://funnytools.win/guides/classroom-random-group-size-balance-guide/,guide,guide,zh-TW,classroom-random-group-absent-student-repair-guide,classroom-random-group-size-balance-guide,ADJACENT,NO,no,different or adjacent role,related learning topics; answer role may differ,no,REVIEW_ONLY,LOW
33,https://funnytools.win/tools/t-score-calculator/,https://funnytools.win/tools/z-score-calculator/,tool,tool,zh-TW,t-score-calculator,z-score-calculator,ADJACENT,NO,no,different or adjacent role,related topic but functional input/computation/output differs,no,REVIEW_ONLY,LOW
34,https://funnytools.win/tools/image-compressor/,https://funnytools.win/tools/jpg-to-webp/,tool,tool,zh-TW,image-compressor,jpg-to-webp,ADJACENT,NO,no,different or adjacent role,related topic but functional input/computation/output differs,no,REVIEW_ONLY,LOW
35,https://funnytools.win/tools/random-name-picker/,https://funnytools.win/tools/random-student-picker/,tool,tool,zh-TW,random-name-picker,random-student-picker,DIFFERENT,NO,no,different or adjacent role,different functional category,no,REVIEW_ONLY,LOW
36,https://funnytools.win/es/herramientas/convertir-jpg-a-webp/,https://funnytools.win/es/herramientas/convertir-webp-a-jpg/,tool,tool,es,jpg-to-webp,webp-to-jpg,DIFFERENT,NO,no,different or adjacent role,directional converter inputs/outputs differ,no,REVIEW_ONLY,LOW
37,https://funnytools.win/guides/teacher-exam-weighted-score-guide/,https://funnytools.win/tools/teacher-exam-score-converter/,guide,tool,zh-TW,teacher-exam-weighted-score-guide,teacher-exam-score-converter,COMPLEMENTARY,NO,no,different DO/LEARN role,tool is DO intent; guide is LEARN intent; keep both by default,no,REVIEW_ONLY,LOW
38,https://funnytools.win/tools/remove-empty-lines/,https://funnytools.win/tools/sort-lines/,tool,tool,zh-TW,remove-empty-lines,sort-lines,ADJACENT,NO,no,different or adjacent role,related topic but functional input/computation/output differs,no,REVIEW_ONLY,LOW
39,https://funnytools.win/en/tools/png-to-jpg/,https://funnytools.win/en/tools/webp-to-jpg/,tool,tool,en,png-to-jpg,webp-to-jpg,DIFFERENT,NO,no,different or adjacent role,directional converter inputs/outputs differ,no,REVIEW_ONLY,LOW
40,https://funnytools.win/es/guias/prueba-levene-spss/,https://funnytools.win/es/herramientas/interpretar-resultados-spss/,guide,tool,es,prueba-levene-spss,spss-result-interpreter,COMPLEMENTARY,NO,no,different DO/LEARN role,tool is DO intent; guide is LEARN intent; keep both by default,no,REVIEW_ONLY,LOW
41,https://funnytools.win/es/guias/rango-percentil-interpretacion/,https://funnytools.win/es/herramientas/calculadora-rango-percentil/,guide,tool,es,rango-percentil-interpretacion,percentile-rank-calculator,COMPLEMENTARY,NO,no,different DO/LEARN role,tool is DO intent; guide is LEARN intent; keep both by default,no,REVIEW_ONLY,LOW
42,https://funnytools.win/es/herramientas/convertir-png-a-jpg/,https://funnytools.win/es/herramientas/convertir-webp-a-jpg/,tool,tool,es,png-to-jpg,webp-to-jpg,DIFFERENT,NO,no,different or adjacent role,directional converter inputs/outputs differ,no,REVIEW_ONLY,LOW
43,https://funnytools.win/fr/outils/convertir-jpg-en-png/,https://funnytools.win/fr/outils/convertir-png-en-jpg/,tool,tool,fr,jpg-to-png,png-to-jpg,DIFFERENT,NO,no,different or adjacent role,directional converter inputs/outputs differ,no,REVIEW_ONLY,LOW
44,https://funnytools.win/tools/extract-pdf-pages/,https://funnytools.win/tools/split-pdf/,tool,tool,zh-TW,extract-pdf-pages,split-pdf,DIFFERENT,NO,no,different or adjacent role,document operation outcome differs even when source format overlaps,no,REVIEW_ONLY,LOW
45,https://funnytools.win/guides/classroom-random-group-guide/,https://funnytools.win/tools/group-generator/,guide,tool,zh-TW,classroom-random-group-guide,group-generator,COMPLEMENTARY,NO,no,different DO/LEARN role,tool is DO intent; guide is LEARN intent; keep both by default,no,REVIEW_ONLY,LOW
46,https://funnytools.win/es/como-funcionan-las-herramientas/,https://funnytools.win/es/sobre-funnytools/,legal,legal,es,como-funcionan-las-herramientas,sobre-funnytools,ADJACENT,UNKNOWN,no,different or adjacent role,topic-adjacent pages with different page roles,no,REVIEW_ONLY,LOW
47,https://funnytools.win/es/herramientas/eliminar-paginas-pdf/,https://funnytools.win/es/herramientas/extraer-paginas-pdf/,tool,tool,es,delete-pdf-pages,extract-pdf-pages,DIFFERENT,NO,no,different or adjacent role,document operation outcome differs even when source format overlaps,no,REVIEW_ONLY,LOW
48,https://funnytools.win/for/office-workers/,https://funnytools.win/workflows/office-document-toolkit/,audience,workflow,zh-TW,office-workers,office-document-toolkit,UNKNOWN,UNKNOWN,no,different or adjacent role,page roles cannot be deterministically compared,no,REVIEW_ONLY,LOW
49,https://funnytools.win/guides/z-score-calculator-guide/,https://funnytools.win/tools/z-score-calculator/,guide,tool,zh-TW,z-score-calculator-guide,z-score-calculator,COMPLEMENTARY,NO,no,different DO/LEARN role,tool is DO intent; guide is LEARN intent; keep both by default,no,REVIEW_ONLY,LOW
50,https://funnytools.win/es/herramientas/comprimir-imagenes/,https://funnytools.win/es/herramientas/convertir-png-a-jpg/,tool,tool,es,image-compressor,png-to-jpg,ADJACENT,NO,no,different or adjacent role,related topic but functional input/computation/output differs,no,REVIEW_ONLY,LOW
51,https://funnytools.win/en/guides/t-score-calculator-guide/,https://funnytools.win/en/tools/t-score-calculator/,guide,tool,en,t-score-calculator-guide,t-score-calculator,COMPLEMENTARY,NO,no,different DO/LEARN role,tool is DO intent; guide is LEARN intent; keep both by default,no,REVIEW_ONLY,LOW
52,https://funnytools.win/tools/pdf-page-reorder/,https://funnytools.win/tools/split-pdf/,tool,tool,zh-TW,pdf-page-reorder,split-pdf,DIFFERENT,NO,no,different or adjacent role,document operation outcome differs even when source format overlaps,no,REVIEW_ONLY,LOW
53,https://funnytools.win/tools/spss-result-interpreter/,https://funnytools.win/workflows/graduate-statistics-report-toolkit/,tool,workflow,zh-TW,spss-result-interpreter,graduate-statistics-report-toolkit,ADJACENT,UNKNOWN,no,different or adjacent role,topic-adjacent pages with different page roles,no,REVIEW_ONLY,LOW
54,https://funnytools.win/es/categorias/imagen/,https://funnytools.win/es/guias/comprimir-fotos-para-email/,category,guide,es,imagen,comprimir-fotos-para-email,ADJACENT,UNKNOWN,no,different or adjacent role,topic-adjacent pages with different page roles,no,REVIEW_ONLY,LOW
55,https://funnytools.win/fr/outils/generateur-groupes-aleatoires/,https://funnytools.win/fr/outils/generateur-groupes-classe/,tool,tool,fr,random-group-generator,group-generator,DIFFERENT,NO,no,different or adjacent role,different functional category,no,REVIEW_ONLY,LOW
56,https://funnytools.win/tools/image-compressor/,https://funnytools.win/tools/image-resizer/,tool,tool,zh-TW,image-compressor,image-resizer,ADJACENT,NO,no,different or adjacent role,related topic but functional input/computation/output differs,no,REVIEW_ONLY,LOW
57,https://funnytools.win/tools/percentile-rank-calculator/,https://funnytools.win/tools/z-score-calculator/,tool,tool,zh-TW,percentile-rank-calculator,z-score-calculator,ADJACENT,NO,no,different or adjacent role,related topic but functional input/computation/output differs,no,REVIEW_ONLY,LOW
58,https://funnytools.win/tools/apa-7-report-generator/,https://funnytools.win/workflows/graduate-statistics-report-toolkit/,tool,workflow,zh-TW,apa-7-report-generator,graduate-statistics-report-toolkit,ADJACENT,UNKNOWN,no,different or adjacent role,topic-adjacent pages with different page roles,no,REVIEW_ONLY,LOW
59,https://funnytools.win/es/guias/anova-formato-apa-7/,https://funnytools.win/es/herramientas/interpretar-resultados-spss/,guide,tool,es,anova-formato-apa-7,spss-result-interpreter,COMPLEMENTARY,NO,no,different DO/LEARN role,tool is DO intent; guide is LEARN intent; keep both by default,no,REVIEW_ONLY,LOW
60,https://funnytools.win/es/guias/puntuacion-t-interpretacion/,https://funnytools.win/es/herramientas/calculadora-puntuacion-t/,guide,tool,es,puntuacion-t-interpretacion,t-score-calculator,COMPLEMENTARY,NO,no,different DO/LEARN role,tool is DO intent; guide is LEARN intent; keep both by default,no,REVIEW_ONLY,LOW
61,https://funnytools.win/es/herramientas/comprimir-imagenes/,https://funnytools.win/es/herramientas/convertir-jpg-a-webp/,tool,tool,es,image-compressor,jpg-to-webp,ADJACENT,NO,no,different or adjacent role,related topic but functional input/computation/output differs,no,REVIEW_ONLY,LOW
62,https://funnytools.win/es/herramientas/convertir-csv-a-json/,https://funnytools.win/es/herramientas/convertir-json-a-csv/,tool,tool,es,csv-to-json,json-to-csv,DIFFERENT,NO,no,different or adjacent role,directional converter inputs/outputs differ,no,REVIEW_ONLY,LOW
63,https://funnytools.win/guides/classroom-random-picker-guide/,https://funnytools.win/workflows/teacher-classroom-random-toolkit/,guide,workflow,zh-TW,classroom-random-picker-guide,teacher-classroom-random-toolkit,ADJACENT,UNKNOWN,no,different or adjacent role,topic-adjacent pages with different page roles,no,REVIEW_ONLY,LOW
64,https://funnytools.win/fr/outils/convertir-csv-en-json/,https://funnytools.win/fr/outils/convertir-json-en-csv/,tool,tool,fr,csv-to-json,json-to-csv,DIFFERENT,NO,no,different or adjacent role,directional converter inputs/outputs differ,no,REVIEW_ONLY,LOW
65,https://funnytools.win/guides/t-score-calculator-guide/,https://funnytools.win/guides/z-score-calculator-guide/,guide,guide,zh-TW,t-score-calculator-guide,z-score-calculator-guide,ADJACENT,NO,no,different or adjacent role,related learning topics; answer role may differ,no,REVIEW_ONLY,LOW
66,https://funnytools.win/guides/z-score-calculator-guide/,https://funnytools.win/tools/t-score-calculator/,guide,tool,zh-TW,z-score-calculator-guide,t-score-calculator,COMPLEMENTARY,NO,no,different DO/LEARN role,tool is DO intent; guide is LEARN intent; keep both by default,no,REVIEW_ONLY,LOW
67,https://funnytools.win/guides/teacher-exam-weighted-score-guide/,https://funnytools.win/workflows/teacher-exam-score-toolkit/,guide,workflow,zh-TW,teacher-exam-weighted-score-guide,teacher-exam-score-toolkit,ADJACENT,UNKNOWN,no,different or adjacent role,topic-adjacent pages with different page roles,no,REVIEW_ONLY,LOW
68,https://funnytools.win/tools/delete-pdf-pages/,https://funnytools.win/tools/pdf-page-reorder/,tool,tool,zh-TW,delete-pdf-pages,pdf-page-reorder,DIFFERENT,NO,no,different or adjacent role,document operation outcome differs even when source format overlaps,no,REVIEW_ONLY,LOW
69,https://funnytools.win/tools/grade-average/,https://funnytools.win/tools/teacher-exam-score-converter/,tool,tool,zh-TW,grade-average,teacher-exam-score-converter,ADJACENT,NO,no,different or adjacent role,related topic but functional input/computation/output differs,no,REVIEW_ONLY,LOW
70,https://funnytools.win/es/herramientas/recordatorio-descansos/,https://funnytools.win/es/herramientas/temporizador-pomodoro/,tool,tool,es,break-reminder,pomodoro-timer,ADJACENT,NO,no,different or adjacent role,related topic but functional input/computation/output differs,no,REVIEW_ONLY,LOW
71,https://funnytools.win/guides/t-score-calculator-guide/,https://funnytools.win/workflows/teacher-exam-score-toolkit/,guide,workflow,zh-TW,t-score-calculator-guide,teacher-exam-score-toolkit,ADJACENT,UNKNOWN,no,different or adjacent role,topic-adjacent pages with different page roles,no,REVIEW_ONLY,LOW
72,https://funnytools.win/tools/bar-chart-maker/,https://funnytools.win/tools/pie-chart-maker/,tool,tool,zh-TW,bar-chart-maker,pie-chart-maker,ADJACENT,NO,no,different or adjacent role,related topic but functional input/computation/output differs,no,REVIEW_ONLY,LOW
73,https://funnytools.win/es/aviso-legal/,https://funnytools.win/es/sobre-funnytools/,other,legal,es,aviso-legal,sobre-funnytools,ADJACENT,UNKNOWN,no,different or adjacent role,topic-adjacent pages with different page roles,no,REVIEW_ONLY,LOW
74,https://funnytools.win/fr/outils/convertir-png-en-jpg/,https://funnytools.win/fr/outils/convertir-webp-en-jpg/,tool,tool,fr,png-to-jpg,webp-to-jpg,DIFFERENT,NO,no,different or adjacent role,directional converter inputs/outputs differ,no,REVIEW_ONLY,LOW
75,https://funnytools.win/guides/t-score-calculator-guide/,https://funnytools.win/tools/z-score-calculator/,guide,tool,zh-TW,t-score-calculator-guide,z-score-calculator,COMPLEMENTARY,NO,no,different DO/LEARN role,tool is DO intent; guide is LEARN intent; keep both by default,no,REVIEW_ONLY,LOW
76,https://funnytools.win/en/tools/jpg-to-webp/,https://funnytools.win/en/tools/png-to-jpg/,tool,tool,en,jpg-to-webp,png-to-jpg,DIFFERENT,NO,no,different or adjacent role,directional converter inputs/outputs differ,no,REVIEW_ONLY,LOW
77,https://funnytools.win/es/categorias/estudio/,https://funnytools.win/es/para/docentes/,category,audience,es,estudio,docentes,UNKNOWN,UNKNOWN,no,different or adjacent role,page roles cannot be deterministically compared,no,REVIEW_ONLY,LOW
78,https://funnytools.win/es/categorias/imagen/,https://funnytools.win/es/para/disenadores/,category,audience,es,imagen,disenadores,UNKNOWN,UNKNOWN,no,different or adjacent role,page roles cannot be deterministically compared,no,REVIEW_ONLY,LOW
79,https://funnytools.win/es/aviso-legal/,https://funnytools.win/es/condiciones-de-uso/,other,legal,es,aviso-legal,condiciones-de-uso,ADJACENT,UNKNOWN,no,different or adjacent role,topic-adjacent pages with different page roles,no,REVIEW_ONLY,LOW
80,https://funnytools.win/es/guias/unir-pdf-sin-subir-archivos/,https://funnytools.win/es/herramientas/unir-pdf/,guide,tool,es,unir-pdf-sin-subir-archivos,merge-pdf,COMPLEMENTARY,NO,no,different DO/LEARN role,tool is DO intent; guide is LEARN intent; keep both by default,no,REVIEW_ONLY,LOW
81,https://funnytools.win/es/contacto/,https://funnytools.win/es/sobre-funnytools/,legal,legal,es,contacto,sobre-funnytools,ADJACENT,UNKNOWN,no,different or adjacent role,topic-adjacent pages with different page roles,no,REVIEW_ONLY,LOW
82,https://funnytools.win/es/flujos/contenido-redes-sociales/,https://funnytools.win/es/para/creadores/,workflow,audience,es,contenido-redes-sociales,creadores,UNKNOWN,UNKNOWN,no,different or adjacent role,page roles cannot be deterministically compared,no,REVIEW_ONLY,LOW
83,https://funnytools.win/guides/classroom-random-group-guide/,https://funnytools.win/workflows/teacher-classroom-random-toolkit/,guide,workflow,zh-TW,classroom-random-group-guide,teacher-classroom-random-toolkit,ADJACENT,UNKNOWN,no,different or adjacent role,topic-adjacent pages with different page roles,no,REVIEW_ONLY,LOW
84,https://funnytools.win/find-tools/,https://funnytools.win/,other,home,zh-TW,find-tools,funnytools.win,ADJACENT,UNKNOWN,no,different or adjacent role,topic-adjacent pages with different page roles,no,REVIEW_ONLY,LOW
85,https://funnytools.win/guides/classroom-random-group-guide/,https://funnytools.win/tools/random-group-generator/,guide,tool,zh-TW,classroom-random-group-guide,random-group-generator,COMPLEMENTARY,NO,no,different DO/LEARN role,tool is DO intent; guide is LEARN intent; keep both by default,no,REVIEW_ONLY,LOW
86,https://funnytools.win/tools/normalized-score-converter/,https://funnytools.win/tools/standard-deviation/,tool,tool,zh-TW,normalized-score-converter,standard-deviation,ADJACENT,NO,no,different or adjacent role,related topic but functional input/computation/output differs,no,REVIEW_ONLY,LOW
87,https://funnytools.win/es/aviso-legal/,https://funnytools.win/es/contacto/,other,legal,es,aviso-legal,contacto,ADJACENT,UNKNOWN,no,different or adjacent role,topic-adjacent pages with different page roles,no,REVIEW_ONLY,LOW
88,https://funnytools.win/fr/outils/minuteur-pomodoro/,https://funnytools.win/fr/outils/rappel-pause-ecran/,tool,tool,fr,pomodoro-timer,break-reminder,ADJACENT,NO,no,different or adjacent role,related topic but functional input/computation/output differs,no,REVIEW_ONLY,LOW
89,https://funnytools.win/guides/business-days-calendar-days-guide/,https://funnytools.win/tools/business-days/,guide,tool,zh-TW,business-days-calendar-days-guide,business-days,COMPLEMENTARY,NO,no,different DO/LEARN role,tool is DO intent; guide is LEARN intent; keep both by default,no,REVIEW_ONLY,LOW
90,https://funnytools.win/es/flujos/,https://funnytools.win/es/guias/,hub,hub,es,flujos,guias,ADJACENT,UNKNOWN,no,different or adjacent role,shared hierarchy vocabulary does not prove redundant page role,no,REVIEW_ONLY,LOW
91,https://funnytools.win/guides/classroom-random-group-size-balance-guide/,https://funnytools.win/guides/fair-student-grouping-guide/,guide,guide,zh-TW,classroom-random-group-size-balance-guide,fair-student-grouping-guide,ADJACENT,NO,no,different or adjacent role,related learning topics; answer role may differ,no,REVIEW_ONLY,LOW
92,https://funnytools.win/fr/outils/compresser-image/,https://funnytools.win/fr/outils/redimensionner-image/,tool,tool,fr,image-compressor,image-resizer,ADJACENT,NO,no,different or adjacent role,related topic but functional input/computation/output differs,no,REVIEW_ONLY,LOW
93,https://funnytools.win/guides/classroom-lottery-tool-guide/,https://funnytools.win/guides/classroom-random-picker-guide/,guide,guide,zh-TW,classroom-lottery-tool-guide,classroom-random-picker-guide,ADJACENT,NO,no,different or adjacent role,related learning topics; answer role may differ,no,REVIEW_ONLY,LOW
94,https://funnytools.win/tools/random-group-generator/,https://funnytools.win/workflows/teacher-classroom-random-toolkit/,tool,workflow,zh-TW,random-group-generator,teacher-classroom-random-toolkit,ADJACENT,UNKNOWN,no,different or adjacent role,topic-adjacent pages with different page roles,no,REVIEW_ONLY,LOW
95,https://funnytools.win/es/guias/contrasena-segura-fuerte/,https://funnytools.win/es/herramientas/generador-contrasenas-seguras/,guide,tool,es,contrasena-segura-fuerte,password-generator,COMPLEMENTARY,NO,no,different DO/LEARN role,tool is DO intent; guide is LEARN intent; keep both by default,no,REVIEW_ONLY,LOW
96,https://funnytools.win/fr/outils/compresser-image/,https://funnytools.win/fr/outils/convertir-png-en-jpg/,tool,tool,fr,image-compressor,png-to-jpg,ADJACENT,NO,no,different or adjacent role,related topic but functional input/computation/output differs,no,REVIEW_ONLY,LOW
97,https://funnytools.win/fr/outils/convertir-jpg-en-webp/,https://funnytools.win/fr/outils/convertir-webp-en-jpg/,tool,tool,fr,jpg-to-webp,webp-to-jpg,DIFFERENT,NO,no,different or adjacent role,directional converter inputs/outputs differ,no,REVIEW_ONLY,LOW
98,https://funnytools.win/guides/fair-student-grouping-guide/,https://funnytools.win/tools/group-generator/,guide,tool,zh-TW,fair-student-grouping-guide,group-generator,COMPLEMENTARY,NO,no,different DO/LEARN role,tool is DO intent; guide is LEARN intent; keep both by default,no,REVIEW_ONLY,LOW
99,https://funnytools.win/guides/fair-student-grouping-guide/,https://funnytools.win/tools/random-group-generator/,guide,tool,zh-TW,fair-student-grouping-guide,random-group-generator,COMPLEMENTARY,NO,no,different DO/LEARN role,tool is DO intent; guide is LEARN intent; keep both by default,no,REVIEW_ONLY,LOW
100,https://funnytools.win/guides/split-pdf-page-range-planning-guide/,https://funnytools.win/tools/pdf-page-reorder/,guide,tool,zh-TW,split-pdf-page-range-planning-guide,pdf-page-reorder,COMPLEMENTARY,NO,no,different DO/LEARN role,tool is DO intent; guide is LEARN intent; keep both by default,no,REVIEW_ONLY,LOW
101,https://funnytools.win/tools/case-converter/,https://funnytools.win/tools/word-counter/,tool,tool,zh-TW,case-converter,word-counter,ADJACENT,NO,no,different or adjacent role,related topic but functional input/computation/output differs,no,REVIEW_ONLY,LOW
102,https://funnytools.win/tools/character-counter/,https://funnytools.win/tools/word-counter/,tool,tool,zh-TW,character-counter,word-counter,ADJACENT,NO,no,different or adjacent role,related topic but functional input/computation/output differs,no,REVIEW_ONLY,LOW
103,https://funnytools.win/tools/image-resizer/,https://funnytools.win/tools/jpg-to-webp/,tool,tool,zh-TW,image-resizer,jpg-to-webp,ADJACENT,NO,no,different or adjacent role,related topic but functional input/computation/output differs,no,REVIEW_ONLY,LOW
104,https://funnytools.win/en/tools/t-score-calculator/,https://funnytools.win/en/tools/z-score-calculator/,tool,tool,en,t-score-calculator,z-score-calculator,ADJACENT,NO,no,different or adjacent role,related topic but functional input/computation/output differs,no,REVIEW_ONLY,LOW
105,https://funnytools.win/guides/classroom-random-group-no-repeat-guide/,https://funnytools.win/guides/fair-student-grouping-guide/,guide,guide,zh-TW,classroom-random-group-no-repeat-guide,fair-student-grouping-guide,ADJACENT,NO,no,different or adjacent role,related learning topics; answer role may differ,no,REVIEW_ONLY,LOW
106,https://funnytools.win/en/tools/standard-deviation/,https://funnytools.win/en/tools/z-score-calculator/,tool,tool,en,standard-deviation,z-score-calculator,ADJACENT,NO,no,different or adjacent role,related topic but functional input/computation/output differs,no,REVIEW_ONLY,LOW
107,https://funnytools.win/es/condiciones-de-uso/,https://funnytools.win/es/sobre-funnytools/,legal,legal,es,condiciones-de-uso,sobre-funnytools,ADJACENT,UNKNOWN,no,different or adjacent role,topic-adjacent pages with different page roles,no,REVIEW_ONLY,LOW
108,https://funnytools.win/es/herramientas/dividir-pdf/,https://funnytools.win/es/herramientas/extraer-paginas-pdf/,tool,tool,es,split-pdf,extract-pdf-pages,DIFFERENT,NO,no,different or adjacent role,document operation outcome differs even when source format overlaps,no,REVIEW_ONLY,LOW
109,https://funnytools.win/tools/independent-samples-t-test-calculator/,https://funnytools.win/tools/standard-deviation/,tool,tool,zh-TW,independent-samples-t-test-calculator,standard-deviation,ADJACENT,NO,no,different or adjacent role,related topic but functional input/computation/output differs,no,REVIEW_ONLY,LOW
110,https://funnytools.win/tools/pdf-table-to-excel/,https://funnytools.win/tools/pdf-to-word/,tool,tool,zh-TW,pdf-table-to-excel,pdf-to-word,DIFFERENT,NO,no,different or adjacent role,directional converter inputs/outputs differ,no,REVIEW_ONLY,LOW
111,https://funnytools.win/fr/fonctionnement-outils/,https://funnytools.win/fr/outils/fusionner-pdf/,legal,tool,fr,fonctionnement-outils,merge-pdf,UNKNOWN,UNKNOWN,no,different or adjacent role,page roles cannot be deterministically compared,no,REVIEW_ONLY,LOW
112,https://funnytools.win/fr/outils/compresser-image/,https://funnytools.win/fr/outils/convertir-jpg-en-png/,tool,tool,fr,image-compressor,jpg-to-png,ADJACENT,NO,no,different or adjacent role,related topic but functional input/computation/output differs,no,REVIEW_ONLY,LOW
113,https://funnytools.win/fr/outils/compresser-image/,https://funnytools.win/fr/outils/convertir-jpg-en-webp/,tool,tool,fr,image-compressor,jpg-to-webp,ADJACENT,NO,no,different or adjacent role,related topic but functional input/computation/output differs,no,REVIEW_ONLY,LOW
114,https://funnytools.win/guides/classroom-random-group-guide/,https://funnytools.win/guides/classroom-random-group-no-repeat-guide/,guide,guide,zh-TW,classroom-random-group-guide,classroom-random-group-no-repeat-guide,ADJACENT,NO,no,different or adjacent role,related learning topics; answer role may differ,no,REVIEW_ONLY,LOW
115,https://funnytools.win/fr/confidentialite/,https://funnytools.win/fr/fonctionnement-outils/,legal,legal,fr,confidentialite,fonctionnement-outils,ADJACENT,UNKNOWN,no,different or adjacent role,topic-adjacent pages with different page roles,no,REVIEW_ONLY,LOW
116,https://funnytools.win/tools/pdf-page-reorder/,https://funnytools.win/tools/rotate-pdf/,tool,tool,zh-TW,pdf-page-reorder,rotate-pdf,DIFFERENT,NO,no,different or adjacent role,document operation outcome differs even when source format overlaps,no,REVIEW_ONLY,LOW
117,https://funnytools.win/en/guides/z-score-calculator-guide/,https://funnytools.win/en/tools/z-score-calculator/,guide,tool,en,z-score-calculator-guide,z-score-calculator,COMPLEMENTARY,NO,no,different DO/LEARN role,tool is DO intent; guide is LEARN intent; keep both by default,no,REVIEW_ONLY,LOW
118,https://funnytools.win/es/categorias/estadistica/,https://funnytools.win/es/flujos/informe-estadistico-investigacion/,category,workflow,es,estadistica,informe-estadistico-investigacion,ADJACENT,UNKNOWN,no,different or adjacent role,topic-adjacent pages with different page roles,no,REVIEW_ONLY,LOW
119,https://funnytools.win/es/guias/prueba-t-formato-apa-7/,https://funnytools.win/es/herramientas/calculadora-t-muestras-independientes/,guide,tool,es,prueba-t-formato-apa-7,independent-samples-t-test-calculator,COMPLEMENTARY,NO,no,different DO/LEARN role,tool is DO intent; guide is LEARN intent; keep both by default,no,REVIEW_ONLY,LOW
120,https://funnytools.win/tools/class-rank-percentile-calculator/,https://funnytools.win/tools/percentile-rank-calculator/,tool,tool,zh-TW,class-rank-percentile-calculator,percentile-rank-calculator,ADJACENT,NO,no,different or adjacent role,related topic but functional input/computation/output differs,no,REVIEW_ONLY,LOW
121,https://funnytools.win/category/study/,https://funnytools.win/workflows/teacher-classroom-random-toolkit/,category,workflow,zh-TW,study,teacher-classroom-random-toolkit,UNKNOWN,UNKNOWN,no,different or adjacent role,page roles cannot be deterministically compared,no,REVIEW_ONLY,LOW
122,https://funnytools.win/es/apoyar-funnytools/,https://funnytools.win/es/contacto/,support,legal,es,apoyar-funnytools,contacto,ADJACENT,UNKNOWN,no,different or adjacent role,topic-adjacent pages with different page roles,no,REVIEW_ONLY,LOW
123,https://funnytools.win/fr/outils/diviser-pdf/,https://funnytools.win/fr/outils/fusionner-pdf/,tool,tool,fr,split-pdf,merge-pdf,DIFFERENT,NO,no,different or adjacent role,document operation outcome differs even when source format overlaps,no,REVIEW_ONLY,LOW
124,https://funnytools.win/es/categorias/estudio/,https://funnytools.win/es/guias/grupos-aleatorios-clase/,category,guide,es,estudio,grupos-aleatorios-clase,UNKNOWN,UNKNOWN,no,different or adjacent role,page roles cannot be deterministically compared,no,REVIEW_ONLY,LOW
125,https://funnytools.win/es/estadisticas-educativas/,https://funnytools.win/es/guias/,other,hub,es,estadisticas-educativas,guias,UNKNOWN,UNKNOWN,no,different or adjacent role,page roles cannot be deterministically compared,no,REVIEW_ONLY,LOW
126,https://funnytools.win/es/herramientas/eliminar-paginas-pdf/,https://funnytools.win/es/herramientas/rotar-pdf/,tool,tool,es,delete-pdf-pages,rotate-pdf,DIFFERENT,NO,no,different or adjacent role,document operation outcome differs even when source format overlaps,no,REVIEW_ONLY,LOW
127,https://funnytools.win/guides/merge-pdf-private-guide/,https://funnytools.win/tools/merge-pdf/,guide,tool,zh-TW,merge-pdf-private-guide,merge-pdf,COMPLEMENTARY,NO,no,different DO/LEARN role,tool is DO intent; guide is LEARN intent; keep both by default,no,REVIEW_ONLY,LOW
128,https://funnytools.win/tools/bulk-image-compressor/,https://funnytools.win/tools/image-compressor/,tool,tool,zh-TW,bulk-image-compressor,image-compressor,ADJACENT,NO,no,different or adjacent role,related topic but functional input/computation/output differs,no,REVIEW_ONLY,LOW
129,https://funnytools.win/tools/group-generator/,https://funnytools.win/workflows/teacher-classroom-random-toolkit/,tool,workflow,zh-TW,group-generator,teacher-classroom-random-toolkit,UNKNOWN,UNKNOWN,no,different or adjacent role,page roles cannot be deterministically compared,no,REVIEW_ONLY,LOW
130,https://funnytools.win/es/categorias/estadistica/,https://funnytools.win/es/guias/,category,hub,es,estadistica,guias,UNKNOWN,UNKNOWN,no,different or adjacent role,page roles cannot be deterministically compared,no,REVIEW_ONLY,LOW
131,https://funnytools.win/es/flujos/actividades-aleatorias-aula/,https://funnytools.win/es/para/docentes/,workflow,audience,es,actividades-aleatorias-aula,docentes,UNKNOWN,UNKNOWN,no,different or adjacent role,page roles cannot be deterministically compared,no,REVIEW_ONLY,LOW
132,https://funnytools.win/es/guias/limite-palabras-ensayos-examenes/,https://funnytools.win/es/herramientas/contador-palabras/,guide,tool,es,limite-palabras-ensayos-examenes,word-counter,COMPLEMENTARY,NO,no,different DO/LEARN role,tool is DO intent; guide is LEARN intent; keep both by default,no,REVIEW_ONLY,LOW
133,https://funnytools.win/es/herramientas/recortar-imagen/,https://funnytools.win/es/herramientas/redimensionar-imagen/,tool,tool,es,image-crop,image-resizer,ADJACENT,NO,no,different or adjacent role,related topic but functional input/computation/output differs,no,REVIEW_ONLY,LOW
134,https://funnytools.win/tools/mortgage-payment/,https://funnytools.win/tools/savings-goal/,tool,tool,zh-TW,mortgage-payment,savings-goal,ADJACENT,NO,no,different or adjacent role,related topic but functional input/computation/output differs,no,REVIEW_ONLY,LOW
135,https://funnytools.win/tools/normalized-score-converter/,https://funnytools.win/tools/percentile-rank-calculator/,tool,tool,zh-TW,normalized-score-converter,percentile-rank-calculator,ADJACENT,NO,no,different or adjacent role,related topic but functional input/computation/output differs,no,REVIEW_ONLY,LOW
136,https://funnytools.win/tools/random-name-picker/,https://funnytools.win/tools/random-wheel/,tool,tool,zh-TW,random-name-picker,random-wheel,ADJACENT,NO,no,different or adjacent role,related topic but functional input/computation/output differs,no,REVIEW_ONLY,LOW
137,https://funnytools.win/tools/t-score-calculator/,https://funnytools.win/workflows/teacher-exam-score-toolkit/,tool,workflow,zh-TW,t-score-calculator,teacher-exam-score-toolkit,ADJACENT,UNKNOWN,no,different or adjacent role,topic-adjacent pages with different page roles,no,REVIEW_ONLY,LOW
138,https://funnytools.win/en/guides/z-score-calculator-guide/,https://funnytools.win/en/tools/t-score-calculator/,guide,tool,en,z-score-calculator-guide,t-score-calculator,COMPLEMENTARY,NO,no,different DO/LEARN role,tool is DO intent; guide is LEARN intent; keep both by default,no,REVIEW_ONLY,LOW
139,https://funnytools.win/es/guias/comprimir-fotos-para-email/,https://funnytools.win/es/herramientas/comprimir-imagenes/,guide,tool,es,comprimir-fotos-para-email,image-compressor,COMPLEMENTARY,NO,no,different DO/LEARN role,tool is DO intent; guide is LEARN intent; keep both by default,no,REVIEW_ONLY,LOW
140,https://funnytools.win/fr/outils/supprimer-lignes-doublons/,https://funnytools.win/fr/outils/trier-lignes-texte/,tool,tool,fr,remove-duplicate-lines,sort-lines,ADJACENT,NO,no,different or adjacent role,related topic but functional input/computation/output differs,no,REVIEW_ONLY,LOW
141,https://funnytools.win/en/tools/jpg-to-png/,https://funnytools.win/en/tools/webp-to-jpg/,tool,tool,en,jpg-to-png,webp-to-jpg,DIFFERENT,NO,no,different or adjacent role,directional converter inputs/outputs differ,no,REVIEW_ONLY,LOW
142,https://funnytools.win/es/aviso-legal/,https://funnytools.win/es/categorias/estudio/,other,category,es,aviso-legal,estudio,UNKNOWN,UNKNOWN,no,different or adjacent role,page roles cannot be deterministically compared,no,REVIEW_ONLY,LOW
143,https://funnytools.win/es/guias/agrupamientos-equitativos-aula/,https://funnytools.win/es/guias/grupos-aleatorios-clase/,guide,guide,es,agrupamientos-equitativos-aula,grupos-aleatorios-clase,ADJACENT,NO,no,different or adjacent role,related learning topics; answer role may differ,no,REVIEW_ONLY,LOW
144,https://funnytools.win/es/guias/fotos-a-pdf-desde-movil/,https://funnytools.win/es/herramientas/convertir-imagenes-a-pdf/,guide,tool,es,fotos-a-pdf-desde-movil,images-to-pdf,COMPLEMENTARY,NO,no,different DO/LEARN role,tool is DO intent; guide is LEARN intent; keep both by default,no,REVIEW_ONLY,LOW
145,https://funnytools.win/es/guias/puntuacion-z-interpretacion/,https://funnytools.win/es/herramientas/calculadora-puntuacion-z/,guide,tool,es,puntuacion-z-interpretacion,z-score-calculator,COMPLEMENTARY,NO,no,different DO/LEARN role,tool is DO intent; guide is LEARN intent; keep both by default,no,REVIEW_ONLY,LOW
146,https://funnytools.win/tools/random-name-picker/,https://funnytools.win/tools/random-number-picker/,tool,tool,zh-TW,random-name-picker,random-number-picker,ADJACENT,NO,no,different or adjacent role,related topic but functional input/computation/output differs,no,REVIEW_ONLY,LOW
147,https://funnytools.win/tools/teacher-exam-score-converter/,https://funnytools.win/workflows/teacher-exam-score-toolkit/,tool,workflow,zh-TW,teacher-exam-score-converter,teacher-exam-score-toolkit,ADJACENT,UNKNOWN,no,different or adjacent role,topic-adjacent pages with different page roles,no,REVIEW_ONLY,LOW
148,https://funnytools.win/tools/z-score-calculator/,https://funnytools.win/workflows/teacher-exam-score-toolkit/,tool,workflow,zh-TW,z-score-calculator,teacher-exam-score-toolkit,ADJACENT,UNKNOWN,no,different or adjacent role,topic-adjacent pages with different page roles,no,REVIEW_ONLY,LOW
149,https://funnytools.win/es/categorias/estadistica/,https://funnytools.win/es/categorias/estudio/,category,category,es,estadistica,estudio,ADJACENT,UNKNOWN,no,different or adjacent role,shared hierarchy vocabulary does not prove redundant page role,no,REVIEW_ONLY,LOW
150,https://funnytools.win/es/herramientas/eliminar-lineas-duplicadas/,https://funnytools.win/es/herramientas/ordenar-lineas-texto/,tool,tool,es,remove-duplicate-lines,sort-lines,ADJACENT,NO,no,different or adjacent role,related topic but functional input/computation/output differs,no,REVIEW_ONLY,LOW
151,https://funnytools.win/for/students/,https://funnytools.win/workflows/student-report-toolkit/,audience,workflow,zh-TW,students,student-report-toolkit,UNKNOWN,UNKNOWN,no,different or adjacent role,page roles cannot be deterministically compared,no,REVIEW_ONLY,LOW
152,https://funnytools.win/guides/image-resampling-quality-guide/,https://funnytools.win/guides/image-resolution-print-web-guide/,guide,guide,zh-TW,image-resampling-quality-guide,image-resolution-print-web-guide,ADJACENT,NO,no,different or adjacent role,related learning topics; answer role may differ,no,REVIEW_ONLY,LOW
153,https://funnytools.win/tools/image-compressor/,https://funnytools.win/tools/jpg-to-png/,tool,tool,zh-TW,image-compressor,jpg-to-png,ADJACENT,NO,no,different or adjacent role,related topic but functional input/computation/output differs,no,REVIEW_ONLY,LOW
154,https://funnytools.win/en/guides/t-score-calculator-guide/,https://funnytools.win/en/workflows/teacher-exam-score-toolkit/,guide,workflow,en,t-score-calculator-guide,teacher-exam-score-toolkit,ADJACENT,UNKNOWN,no,different or adjacent role,topic-adjacent pages with different page roles,no,REVIEW_ONLY,LOW
155,https://funnytools.win/es/aviso-legal/,https://funnytools.win/es/para/oficina/,other,audience,es,aviso-legal,oficina,UNKNOWN,UNKNOWN,no,different or adjacent role,page roles cannot be deterministically compared,no,REVIEW_ONLY,LOW
156,https://funnytools.win/es/categorias/pdf/,https://funnytools.win/es/guias/fotos-a-pdf-desde-movil/,category,guide,es,pdf,fotos-a-pdf-desde-movil,ADJACENT,UNKNOWN,no,different or adjacent role,topic-adjacent pages with different page roles,no,REVIEW_ONLY,LOW
157,https://funnytools.win/es/guias/fotos-a-pdf-desde-movil/,https://funnytools.win/es/guias/unir-pdf-sin-subir-archivos/,guide,guide,es,fotos-a-pdf-desde-movil,unir-pdf-sin-subir-archivos,ADJACENT,NO,no,different or adjacent role,related learning topics; answer role may differ,no,REVIEW_ONLY,LOW
158,https://funnytools.win/tools/normalized-score-converter/,https://funnytools.win/tools/t-score-calculator/,tool,tool,zh-TW,normalized-score-converter,t-score-calculator,ADJACENT,NO,no,different or adjacent role,related topic but functional input/computation/output differs,no,REVIEW_ONLY,LOW
159,https://funnytools.win/tools/pdf-page-reorder/,https://funnytools.win/tools/pdf-to-image/,tool,tool,zh-TW,pdf-page-reorder,pdf-to-image,DIFFERENT,NO,no,different or adjacent role,document operation outcome differs even when source format overlaps,no,REVIEW_ONLY,LOW
160,https://funnytools.win/es/categorias/estudio/,https://funnytools.win/es/guias/,category,hub,es,estudio,guias,UNKNOWN,UNKNOWN,no,different or adjacent role,page roles cannot be deterministically compared,no,REVIEW_ONLY,LOW
161,https://funnytools.win/es/condiciones-de-uso/,https://funnytools.win/es/privacidad/,legal,legal,es,condiciones-de-uso,privacidad,ADJACENT,UNKNOWN,no,different or adjacent role,topic-adjacent pages with different page roles,no,REVIEW_ONLY,LOW
162,https://funnytools.win/fr/outils/roue-aleatoire/,https://funnytools.win/fr/outils/tirage-au-sort-noms/,tool,tool,fr,random-wheel,random-name-picker,ADJACENT,NO,no,different or adjacent role,related topic but functional input/computation/output differs,no,REVIEW_ONLY,LOW
163,https://funnytools.win/tools/age-calculator/,https://funnytools.win/tools/date-difference/,tool,tool,zh-TW,age-calculator,date-difference,ADJACENT,NO,no,different or adjacent role,related topic but functional input/computation/output differs,no,REVIEW_ONLY,LOW
164,https://funnytools.win/es/guias/anova-formato-apa-7/,https://funnytools.win/es/guias/interaccion-anova-dos-factores/,guide,guide,es,anova-formato-apa-7,interaccion-anova-dos-factores,ADJACENT,NO,no,different or adjacent role,related learning topics; answer role may differ,no,REVIEW_ONLY,LOW
165,https://funnytools.win/es/herramientas/calculadora-interes-compuesto/,https://funnytools.win/es/herramientas/calculadora-meta-ahorro/,tool,tool,es,compound-interest,savings-goal,ADJACENT,NO,no,different or adjacent role,related topic but functional input/computation/output differs,no,REVIEW_ONLY,LOW
166,https://funnytools.win/es/herramientas/crear-grafico-barras/,https://funnytools.win/es/herramientas/crear-grafico-circular/,tool,tool,es,bar-chart-maker,pie-chart-maker,ADJACENT,NO,no,different or adjacent role,related topic but functional input/computation/output differs,no,REVIEW_ONLY,LOW
167,https://funnytools.win/es/herramientas/crear-grupos-clase/,https://funnytools.win/es/herramientas/generador-grupos-aleatorios/,tool,tool,es,group-generator,random-group-generator,DIFFERENT,NO,no,different or adjacent role,different functional category,no,REVIEW_ONLY,LOW
168,https://funnytools.win/tools/merge-pdf/,https://funnytools.win/tools/pdf-page-reorder/,tool,tool,zh-TW,merge-pdf,pdf-page-reorder,DIFFERENT,NO,no,different or adjacent role,document operation outcome differs even when source format overlaps,no,REVIEW_ONLY,LOW
169,https://funnytools.win/en/guides/t-score-calculator-guide/,https://funnytools.win/en/guides/z-score-calculator-guide/,guide,guide,en,t-score-calculator-guide,z-score-calculator-guide,ADJACENT,NO,no,different or adjacent role,related learning topics; answer role may differ,no,REVIEW_ONLY,LOW
170,https://funnytools.win/es/categorias/pdf/,https://funnytools.win/es/herramientas/unir-pdf/,category,tool,es,pdf,merge-pdf,ADJACENT,UNKNOWN,no,different or adjacent role,topic-adjacent pages with different page roles,no,REVIEW_ONLY,LOW
171,https://funnytools.win/es/categorias/texto/,https://funnytools.win/es/para/desarrolladores/,category,audience,es,texto,desarrolladores,UNKNOWN,UNKNOWN,no,different or adjacent role,page roles cannot be deterministically compared,no,REVIEW_ONLY,LOW
172,https://funnytools.win/fr/outils/creer-diagramme-circulaire/,https://funnytools.win/fr/outils/creer-graphique-barres/,tool,tool,fr,pie-chart-maker,bar-chart-maker,ADJACENT,NO,no,different or adjacent role,related topic but functional input/computation/output differs,no,REVIEW_ONLY,LOW
173,https://funnytools.win/guides/split-pdf-page-range-planning-guide/,https://funnytools.win/tools/split-pdf/,guide,tool,zh-TW,split-pdf-page-range-planning-guide,split-pdf,COMPLEMENTARY,NO,no,different DO/LEARN role,tool is DO intent; guide is LEARN intent; keep both by default,no,REVIEW_ONLY,LOW
174,https://funnytools.win/es/categorias/azar/,https://funnytools.win/es/flujos/decisiones-cotidianas/,category,workflow,es,azar,decisiones-cotidianas,UNKNOWN,UNKNOWN,no,different or adjacent role,page roles cannot be deterministically compared,no,REVIEW_ONLY,LOW
175,https://funnytools.win/es/flujos/,https://funnytools.win/es/para/oficina/,hub,audience,es,flujos,oficina,UNKNOWN,UNKNOWN,no,different or adjacent role,page roles cannot be deterministically compared,no,REVIEW_ONLY,LOW
176,https://funnytools.win/es/herramientas/comprimir-imagenes/,https://funnytools.win/es/herramientas/redimensionar-imagen/,tool,tool,es,image-compressor,image-resizer,ADJACENT,NO,no,different or adjacent role,related topic but functional input/computation/output differs,no,REVIEW_ONLY,LOW
177,https://funnytools.win/guides/merge-pdf-reading-order-checklist-guide/,https://funnytools.win/guides/pdf-page-reorder-appendix-merge-check-guide/,guide,guide,zh-TW,merge-pdf-reading-order-checklist-guide,pdf-page-reorder-appendix-merge-check-guide,ADJACENT,NO,no,different or adjacent role,related learning topics; answer role may differ,no,REVIEW_ONLY,LOW
178,https://funnytools.win/tools/independent-samples-t-test-calculator/,https://funnytools.win/tools/normalized-score-converter/,tool,tool,zh-TW,independent-samples-t-test-calculator,normalized-score-converter,ADJACENT,NO,no,different or adjacent role,related topic but functional input/computation/output differs,no,REVIEW_ONLY,LOW
179,https://funnytools.win/category/random/,https://funnytools.win/workflows/teacher-classroom-random-toolkit/,category,workflow,zh-TW,random,teacher-classroom-random-toolkit,ADJACENT,UNKNOWN,no,different or adjacent role,topic-adjacent pages with different page roles,no,REVIEW_ONLY,LOW
180,https://funnytools.win/category/statistics/,https://funnytools.win/workflows/teacher-exam-score-toolkit/,category,workflow,zh-TW,statistics,teacher-exam-score-toolkit,ADJACENT,UNKNOWN,no,different or adjacent role,topic-adjacent pages with different page roles,no,REVIEW_ONLY,LOW
181,https://funnytools.win/en/tools/teacher-exam-score-converter/,https://funnytools.win/en/tools/weighted-average-calculator/,tool,tool,en,teacher-exam-score-converter,weighted-average-calculator,ADJACENT,NO,no,different or adjacent role,related topic but functional input/computation/output differs,no,REVIEW_ONLY,LOW
182,https://funnytools.win/es/apoyar-funnytools/,https://funnytools.win/es/sobre-funnytools/,support,legal,es,apoyar-funnytools,sobre-funnytools,ADJACENT,UNKNOWN,no,different or adjacent role,topic-adjacent pages with different page roles,no,REVIEW_ONLY,LOW
183,https://funnytools.win/es/guias/,https://funnytools.win/es/para/docentes/,hub,audience,es,guias,docentes,UNKNOWN,UNKNOWN,no,different or adjacent role,page roles cannot be deterministically compared,no,REVIEW_ONLY,LOW
184,https://funnytools.win/es/herramientas/generador-informe-apa-7/,https://funnytools.win/es/herramientas/interpretar-resultados-spss/,tool,tool,es,apa-7-report-generator,spss-result-interpreter,ADJACENT,NO,no,different or adjacent role,related topic but functional input/computation/output differs,no,REVIEW_ONLY,LOW
185,https://funnytools.win/es/para/creadores/,https://funnytools.win/es/para/disenadores/,audience,audience,es,creadores,disenadores,ADJACENT,UNKNOWN,no,different or adjacent role,shared hierarchy vocabulary does not prove redundant page role,no,REVIEW_ONLY,LOW
186,https://funnytools.win/es/para/,https://funnytools.win/es/para/oficina/,hub,audience,es,para,oficina,UNKNOWN,UNKNOWN,no,different or adjacent role,page roles cannot be deterministically compared,no,REVIEW_ONLY,LOW
187,https://funnytools.win/guides/fair-student-grouping-guide/,https://funnytools.win/workflows/teacher-classroom-random-toolkit/,guide,workflow,zh-TW,fair-student-grouping-guide,teacher-classroom-random-toolkit,ADJACENT,UNKNOWN,no,different or adjacent role,topic-adjacent pages with different page roles,no,REVIEW_ONLY,LOW
188,https://funnytools.win/tools/base64/,https://funnytools.win/tools/url-encoder/,tool,tool,zh-TW,base64,url-encoder,ADJACENT,NO,no,different or adjacent role,related topic but functional input/computation/output differs,no,REVIEW_ONLY,LOW
189,https://funnytools.win/tools/bulk-image-compressor/,https://funnytools.win/tools/jpg-to-webp/,tool,tool,zh-TW,bulk-image-compressor,jpg-to-webp,ADJACENT,NO,no,different or adjacent role,related topic but functional input/computation/output differs,no,REVIEW_ONLY,LOW
190,https://funnytools.win/en/guides/t-score-calculator-guide/,https://funnytools.win/en/tools/z-score-calculator/,guide,tool,en,t-score-calculator-guide,z-score-calculator,COMPLEMENTARY,NO,no,different DO/LEARN role,tool is DO intent; guide is LEARN intent; keep both by default,no,REVIEW_ONLY,LOW
191,https://funnytools.win/es/flujos/,https://funnytools.win/es/para/,hub,hub,es,flujos,para,ADJACENT,UNKNOWN,no,different or adjacent role,shared hierarchy vocabulary does not prove redundant page role,no,REVIEW_ONLY,LOW
192,https://funnytools.win/es/guias/prueba-t-formato-apa-7/,https://funnytools.win/es/herramientas/interpretar-resultados-spss/,guide,tool,es,prueba-t-formato-apa-7,spss-result-interpreter,COMPLEMENTARY,NO,no,different DO/LEARN role,tool is DO intent; guide is LEARN intent; keep both by default,no,REVIEW_ONLY,LOW
193,https://funnytools.win/es/herramientas/calculadora-dias-laborables/,https://funnytools.win/es/herramientas/calcular-diferencia-entre-fechas/,tool,tool,es,business-days,date-difference,ADJACENT,NO,no,different or adjacent role,related topic but functional input/computation/output differs,no,REVIEW_ONLY,LOW
194,https://funnytools.win/es/herramientas/recordatorio-descansos/,https://funnytools.win/es/herramientas/temporizador-online/,tool,tool,es,break-reminder,countdown-timer,ADJACENT,NO,no,different or adjacent role,related topic but functional input/computation/output differs,no,REVIEW_ONLY,LOW
195,https://funnytools.win/guides/teacher-exam-weighted-score-guide/,https://funnytools.win/tools/weighted-average-calculator/,guide,tool,zh-TW,teacher-exam-weighted-score-guide,weighted-average-calculator,COMPLEMENTARY,NO,no,different DO/LEARN role,tool is DO intent; guide is LEARN intent; keep both by default,no,REVIEW_ONLY,LOW
196,https://funnytools.win/en/tools/class-rank-percentile-calculator/,https://funnytools.win/en/tools/percentile-rank-calculator/,tool,tool,en,class-rank-percentile-calculator,percentile-rank-calculator,ADJACENT,NO,no,different or adjacent role,related topic but functional input/computation/output differs,no,REVIEW_ONLY,LOW
197,https://funnytools.win/es/categorias/estudio/,https://funnytools.win/es/flujos/,category,hub,es,estudio,flujos,UNKNOWN,UNKNOWN,no,different or adjacent role,page roles cannot be deterministically compared,no,REVIEW_ONLY,LOW
198,https://funnytools.win/es/herramientas/comprimir-imagenes/,https://funnytools.win/es/herramientas/convertir-jpg-a-png/,tool,tool,es,image-compressor,jpg-to-png,ADJACENT,NO,no,different or adjacent role,related topic but functional input/computation/output differs,no,REVIEW_ONLY,LOW
199,https://funnytools.win/es/herramientas/extraer-paginas-pdf/,https://funnytools.win/es/herramientas/rotar-pdf/,tool,tool,es,extract-pdf-pages,rotate-pdf,DIFFERENT,NO,no,different or adjacent role,document operation outcome differs even when source format overlaps,no,REVIEW_ONLY,LOW
200,https://funnytools.win/es/para/creadores/,https://funnytools.win/es/para/oficina/,audience,audience,es,creadores,oficina,ADJACENT,UNKNOWN,no,different or adjacent role,shared hierarchy vocabulary does not prove redundant page role,no,REVIEW_ONLY,LOW
201,https://funnytools.win/education-statistics/,https://funnytools.win/tools/z-score-calculator/,other,tool,zh-TW,education-statistics,z-score-calculator,ADJACENT,UNKNOWN,no,different or adjacent role,topic-adjacent pages with different page roles,no,REVIEW_ONLY,LOW
202,https://funnytools.win/en/tools/t-score-calculator/,https://funnytools.win/en/workflows/teacher-exam-score-toolkit/,tool,workflow,en,t-score-calculator,teacher-exam-score-toolkit,ADJACENT,UNKNOWN,no,different or adjacent role,topic-adjacent pages with different page roles,no,REVIEW_ONLY,LOW
203,https://funnytools.win/es/categorias/estudio/,https://funnytools.win/es/flujos/actividades-aleatorias-aula/,category,workflow,es,estudio,actividades-aleatorias-aula,UNKNOWN,UNKNOWN,no,different or adjacent role,page roles cannot be deterministically compared,no,REVIEW_ONLY,LOW
204,https://funnytools.win/es/como-funcionan-las-herramientas/,https://funnytools.win/es/guias/unir-pdf-sin-subir-archivos/,legal,guide,es,como-funcionan-las-herramientas,unir-pdf-sin-subir-archivos,UNKNOWN,UNKNOWN,no,different or adjacent role,page roles cannot be deterministically compared,no,REVIEW_ONLY,LOW
205,https://funnytools.win/es/flujos/informe-estadistico-investigacion/,https://funnytools.win/es/herramientas/interpretar-resultados-spss/,workflow,tool,es,informe-estadistico-investigacion,spss-result-interpreter,ADJACENT,UNKNOWN,no,different or adjacent role,topic-adjacent pages with different page roles,no,REVIEW_ONLY,LOW
206,https://funnytools.win/es/herramientas/dividir-pdf/,https://funnytools.win/es/herramientas/eliminar-paginas-pdf/,tool,tool,es,split-pdf,delete-pdf-pages,DIFFERENT,NO,no,different or adjacent role,document operation outcome differs even when source format overlaps,no,REVIEW_ONLY,LOW
207,https://funnytools.win/guides/seating-chart-changeover-routine-guide/,https://funnytools.win/guides/seating-chart-student-needs-intake-guide/,guide,guide,zh-TW,seating-chart-changeover-routine-guide,seating-chart-student-needs-intake-guide,ADJACENT,NO,no,different or adjacent role,related learning topics; answer role may differ,no,REVIEW_ONLY,LOW
208,https://funnytools.win/category/statistics/,https://funnytools.win/tools/z-score-calculator/,category,tool,zh-TW,statistics,z-score-calculator,ADJACENT,UNKNOWN,no,different or adjacent role,topic-adjacent pages with different page roles,no,REVIEW_ONLY,LOW
209,https://funnytools.win/es/aviso-legal/,https://funnytools.win/es/como-funcionan-las-herramientas/,other,legal,es,aviso-legal,como-funcionan-las-herramientas,ADJACENT,UNKNOWN,no,different or adjacent role,topic-adjacent pages with different page roles,no,REVIEW_ONLY,LOW
210,https://funnytools.win/es/categorias/estudio/,https://funnytools.win/es/sobre-funnytools/,category,legal,es,estudio,sobre-funnytools,UNKNOWN,UNKNOWN,no,different or adjacent role,page roles cannot be deterministically compared,no,REVIEW_ONLY,LOW
211,https://funnytools.win/es/herramientas/comprimir-imagenes/,https://funnytools.win/es/herramientas/recortar-imagen/,tool,tool,es,image-compressor,image-crop,ADJACENT,NO,no,different or adjacent role,related topic but functional input/computation/output differs,no,REVIEW_ONLY,LOW
212,https://funnytools.win/fr/fonctionnement-outils/,https://funnytools.win/fr/outils/diviser-pdf/,legal,tool,fr,fonctionnement-outils,split-pdf,UNKNOWN,UNKNOWN,no,different or adjacent role,page roles cannot be deterministically compared,no,REVIEW_ONLY,LOW
213,https://funnytools.win/fr/outils/calcul-moyenne-notes/,https://funnytools.win/fr/outils/calculateur-moyenne-ponderee/,tool,tool,fr,grade-average,weighted-average-calculator,ADJACENT,NO,no,different or adjacent role,related topic but functional input/computation/output differs,no,REVIEW_ONLY,LOW
214,https://funnytools.win/fr/outils/generateur-nombres-aleatoires/,https://funnytools.win/fr/outils/tirage-au-sort-noms/,tool,tool,fr,random-number-picker,random-name-picker,ADJACENT,NO,no,different or adjacent role,related topic but functional input/computation/output differs,no,REVIEW_ONLY,LOW
215,https://funnytools.win/tools/independent-samples-t-test-calculator/,https://funnytools.win/tools/z-score-calculator/,tool,tool,zh-TW,independent-samples-t-test-calculator,z-score-calculator,ADJACENT,NO,no,different or adjacent role,related topic but functional input/computation/output differs,no,REVIEW_ONLY,LOW
216,https://funnytools.win/es/categorias/estudio/,https://funnytools.win/es/guias/agrupamientos-equitativos-aula/,category,guide,es,estudio,agrupamientos-equitativos-aula,UNKNOWN,UNKNOWN,no,different or adjacent role,page roles cannot be deterministically compared,no,REVIEW_ONLY,LOW
217,https://funnytools.win/es/categorias/pdf/,https://funnytools.win/es/herramientas/dividir-pdf/,category,tool,es,pdf,split-pdf,ADJACENT,UNKNOWN,no,different or adjacent role,topic-adjacent pages with different page roles,no,REVIEW_ONLY,LOW
218,https://funnytools.win/es/flujos/documentos-oficina/,https://funnytools.win/es/para/oficina/,workflow,audience,es,documentos-oficina,oficina,UNKNOWN,UNKNOWN,no,different or adjacent role,page roles cannot be deterministically compared,no,REVIEW_ONLY,LOW
219,https://funnytools.win/es/guias/prueba-t-formato-apa-7/,https://funnytools.win/es/herramientas/generador-informe-apa-7/,guide,tool,es,prueba-t-formato-apa-7,apa-7-report-generator,COMPLEMENTARY,NO,no,different DO/LEARN role,tool is DO intent; guide is LEARN intent; keep both by default,no,REVIEW_ONLY,LOW
220,https://funnytools.win/es/herramientas/comprimir-imagenes/,https://funnytools.win/es/herramientas/convertir-webp-a-jpg/,tool,tool,es,image-compressor,webp-to-jpg,ADJACENT,NO,no,different or adjacent role,related topic but functional input/computation/output differs,no,REVIEW_ONLY,LOW
221,https://funnytools.win/es/privacidad/,https://funnytools.win/es/sobre-funnytools/,legal,legal,es,privacidad,sobre-funnytools,ADJACENT,UNKNOWN,no,different or adjacent role,topic-adjacent pages with different page roles,no,REVIEW_ONLY,LOW
222,https://funnytools.win/tools/weighted-average-calculator/,https://funnytools.win/workflows/teacher-exam-score-toolkit/,tool,workflow,zh-TW,weighted-average-calculator,teacher-exam-score-toolkit,ADJACENT,UNKNOWN,no,different or adjacent role,topic-adjacent pages with different page roles,no,REVIEW_ONLY,LOW
223,https://funnytools.win/category/study/,https://funnytools.win/for/teachers/,category,audience,zh-TW,study,teachers,UNKNOWN,UNKNOWN,no,different or adjacent role,page roles cannot be deterministically compared,no,REVIEW_ONLY,LOW
224,https://funnytools.win/en/tools/apa-7-report-generator/,https://funnytools.win/en/tools/spss-result-interpreter/,tool,tool,en,apa-7-report-generator,spss-result-interpreter,ADJACENT,NO,no,different or adjacent role,related topic but functional input/computation/output differs,no,REVIEW_ONLY,LOW
225,https://funnytools.win/es/categorias/estadistica/,https://funnytools.win/es/herramientas/calculadora-puntuacion-z/,category,tool,es,estadistica,z-score-calculator,ADJACENT,UNKNOWN,no,different or adjacent role,topic-adjacent pages with different page roles,no,REVIEW_ONLY,LOW
226,https://funnytools.win/es/categorias/pdf/,https://funnytools.win/es/herramientas/extraer-paginas-pdf/,category,tool,es,pdf,extract-pdf-pages,ADJACENT,UNKNOWN,no,different or adjacent role,topic-adjacent pages with different page roles,no,REVIEW_ONLY,LOW
227,https://funnytools.win/es/flujos/,https://funnytools.win/es/para/estudiantes/,hub,audience,es,flujos,estudiantes,UNKNOWN,UNKNOWN,no,different or adjacent role,page roles cannot be deterministically compared,no,REVIEW_ONLY,LOW
228,https://funnytools.win/es/guias/,https://funnytools.win/es/para/,hub,hub,es,guias,para,ADJACENT,UNKNOWN,no,different or adjacent role,shared hierarchy vocabulary does not prove redundant page role,no,REVIEW_ONLY,LOW
229,https://funnytools.win/tools/percentile-rank-calculator/,https://funnytools.win/tools/standard-deviation/,tool,tool,zh-TW,percentile-rank-calculator,standard-deviation,ADJACENT,NO,no,different or adjacent role,related topic but functional input/computation/output differs,no,REVIEW_ONLY,LOW
230,https://funnytools.win/tools/random-wheel/,https://funnytools.win/tools/this-or-that/,tool,tool,zh-TW,random-wheel,this-or-that,ADJACENT,NO,no,different or adjacent role,related topic but functional input/computation/output differs,no,REVIEW_ONLY,LOW
231,https://funnytools.win/en/tools/csv-to-json/,https://funnytools.win/en/tools/json-to-csv/,tool,tool,en,csv-to-json,json-to-csv,DIFFERENT,NO,no,different or adjacent role,directional converter inputs/outputs differ,no,REVIEW_ONLY,LOW
232,https://funnytools.win/es/categorias/azar/,https://funnytools.win/es/categorias/estudio/,category,category,es,azar,estudio,ADJACENT,UNKNOWN,no,different or adjacent role,shared hierarchy vocabulary does not prove redundant page role,no,REVIEW_ONLY,LOW
233,https://funnytools.win/es/categorias/dibujo/,https://funnytools.win/es/para/disenadores/,category,audience,es,dibujo,disenadores,UNKNOWN,UNKNOWN,no,different or adjacent role,page roles cannot be deterministically compared,no,REVIEW_ONLY,LOW
234,https://funnytools.win/es/para/oficina/,https://funnytools.win/es/sobre-funnytools/,audience,legal,es,oficina,sobre-funnytools,UNKNOWN,UNKNOWN,no,different or adjacent role,page roles cannot be deterministically compared,no,REVIEW_ONLY,LOW
235,https://funnytools.win/fr/outils/extraire-pages-pdf/,https://funnytools.win/fr/outils/supprimer-pages-pdf/,tool,tool,fr,extract-pdf-pages,delete-pdf-pages,DIFFERENT,NO,no,different or adjacent role,document operation outcome differs even when source format overlaps,no,REVIEW_ONLY,LOW
236,https://funnytools.win/guides/classroom-lottery-tool-guide/,https://funnytools.win/tools/random-name-picker/,guide,tool,zh-TW,classroom-lottery-tool-guide,random-name-picker,COMPLEMENTARY,NO,no,different DO/LEARN role,tool is DO intent; guide is LEARN intent; keep both by default,no,REVIEW_ONLY,LOW
237,https://funnytools.win/guides/classroom-random-picker-guide/,https://funnytools.win/tools/random-student-picker/,guide,tool,zh-TW,classroom-random-picker-guide,random-student-picker,COMPLEMENTARY,NO,no,different DO/LEARN role,tool is DO intent; guide is LEARN intent; keep both by default,no,REVIEW_ONLY,LOW
238,https://funnytools.win/es/aviso-legal/,https://funnytools.win/es/flujos/,other,hub,es,aviso-legal,flujos,UNKNOWN,UNKNOWN,no,different or adjacent role,page roles cannot be deterministically compared,no,REVIEW_ONLY,LOW
239,https://funnytools.win/es/categorias/estudio/,https://funnytools.win/es/para/oficina/,category,audience,es,estudio,oficina,UNKNOWN,UNKNOWN,no,different or adjacent role,page roles cannot be deterministically compared,no,REVIEW_ONLY,LOW
240,https://funnytools.win/es/guias/,https://funnytools.win/es/para/oficina/,hub,audience,es,guias,oficina,UNKNOWN,UNKNOWN,no,different or adjacent role,page roles cannot be deterministically compared,no,REVIEW_ONLY,LOW
241,https://funnytools.win/fr/outils/tirage-au-sort-eleves/,https://funnytools.win/fr/outils/tirage-au-sort-noms/,tool,tool,fr,random-student-picker,random-name-picker,DIFFERENT,NO,no,different or adjacent role,different functional category,no,REVIEW_ONLY,LOW
242,https://funnytools.win/guides/merge-pdf-reading-order-checklist-guide/,https://funnytools.win/tools/merge-pdf/,guide,tool,zh-TW,merge-pdf-reading-order-checklist-guide,merge-pdf,COMPLEMENTARY,NO,no,different DO/LEARN role,tool is DO intent; guide is LEARN intent; keep both by default,no,REVIEW_ONLY,LOW
243,https://funnytools.win/category/statistics/,https://funnytools.win/tools/standard-deviation/,category,tool,zh-TW,statistics,standard-deviation,ADJACENT,UNKNOWN,no,different or adjacent role,topic-adjacent pages with different page roles,no,REVIEW_ONLY,LOW
244,https://funnytools.win/es/aviso-legal/,https://funnytools.win/es/guias/,other,hub,es,aviso-legal,guias,ADJACENT,UNKNOWN,no,different or adjacent role,topic-adjacent pages with different page roles,no,REVIEW_ONLY,LOW
245,https://funnytools.win/tools/image-resizer/,https://funnytools.win/tools/jpg-to-png/,tool,tool,zh-TW,image-resizer,jpg-to-png,ADJACENT,NO,no,different or adjacent role,related topic but functional input/computation/output differs,no,REVIEW_ONLY,LOW
246,https://funnytools.win/en/tools/group-generator/,https://funnytools.win/en/tools/random-group-generator/,tool,tool,en,group-generator,random-group-generator,DIFFERENT,NO,no,different or adjacent role,different functional category,no,REVIEW_ONLY,LOW
247,https://funnytools.win/es/como-funcionan-las-herramientas/,https://funnytools.win/es/condiciones-de-uso/,legal,legal,es,como-funcionan-las-herramientas,condiciones-de-uso,ADJACENT,UNKNOWN,no,different or adjacent role,topic-adjacent pages with different page roles,no,REVIEW_ONLY,LOW
248,https://funnytools.win/es/guias/comprimir-fotos-para-email/,https://funnytools.win/es/guias/fotos-a-pdf-desde-movil/,guide,guide,es,comprimir-fotos-para-email,fotos-a-pdf-desde-movil,DIFFERENT,NO,no,different or adjacent role,different learning topic,no,REVIEW_ONLY,LOW
249,https://funnytools.win/es/guias/,https://funnytools.win/es/para/estudiantes/,hub,audience,es,guias,estudiantes,UNKNOWN,UNKNOWN,no,different or adjacent role,page roles cannot be deterministically compared,no,REVIEW_ONLY,LOW
250,https://funnytools.win/guides/classroom-random-group-no-repeat-guide/,https://funnytools.win/guides/classroom-random-group-size-balance-guide/,guide,guide,zh-TW,classroom-random-group-no-repeat-guide,classroom-random-group-size-balance-guide,ADJACENT,NO,no,different or adjacent role,related learning topics; answer role may differ,no,REVIEW_ONLY,LOW
251,https://funnytools.win/tools/percentile-rank-calculator/,https://funnytools.win/tools/t-score-calculator/,tool,tool,zh-TW,percentile-rank-calculator,t-score-calculator,ADJACENT,NO,no,different or adjacent role,related topic but functional input/computation/output differs,no,REVIEW_ONLY,LOW
252,https://funnytools.win/tools/random-student-picker/,https://funnytools.win/workflows/teacher-classroom-random-toolkit/,tool,workflow,zh-TW,random-student-picker,teacher-classroom-random-toolkit,UNKNOWN,UNKNOWN,no,different or adjacent role,page roles cannot be deterministically compared,no,REVIEW_ONLY,LOW
253,https://funnytools.win/category/statistics/,https://funnytools.win/tools/weighted-average-calculator/,category,tool,zh-TW,statistics,weighted-average-calculator,ADJACENT,UNKNOWN,no,different or adjacent role,topic-adjacent pages with different page roles,no,REVIEW_ONLY,LOW
254,https://funnytools.win/es/categorias/imagen/,https://funnytools.win/es/herramientas/comprimir-imagenes/,category,tool,es,imagen,image-compressor,ADJACENT,UNKNOWN,no,different or adjacent role,topic-adjacent pages with different page roles,no,REVIEW_ONLY,LOW
255,https://funnytools.win/es/estadisticas-educativas/,https://funnytools.win/es/flujos/,other,hub,es,estadisticas-educativas,flujos,UNKNOWN,UNKNOWN,no,different or adjacent role,page roles cannot be deterministically compared,no,REVIEW_ONLY,LOW
256,https://funnytools.win/es/flujos/informe-estadistico-investigacion/,https://funnytools.win/es/guias/prueba-t-formato-apa-7/,workflow,guide,es,informe-estadistico-investigacion,prueba-t-formato-apa-7,UNKNOWN,UNKNOWN,no,different or adjacent role,page roles cannot be deterministically compared,no,REVIEW_ONLY,LOW
257,https://funnytools.win/es/guias/codigos-qr-en-el-aula/,https://funnytools.win/es/herramientas/generador-codigo-qr/,guide,tool,es,codigos-qr-en-el-aula,qr-code-generator,COMPLEMENTARY,NO,no,different DO/LEARN role,tool is DO intent; guide is LEARN intent; keep both by default,no,REVIEW_ONLY,LOW
258,https://funnytools.win/es/herramientas/convertir-jpg-a-webp/,https://funnytools.win/es/herramientas/convertir-png-a-jpg/,tool,tool,es,jpg-to-webp,png-to-jpg,DIFFERENT,NO,no,different or adjacent role,directional converter inputs/outputs differ,no,REVIEW_ONLY,LOW
259,https://funnytools.win/es/herramientas/extraer-paginas-pdf/,https://funnytools.win/es/herramientas/ordenar-paginas-pdf/,tool,tool,es,extract-pdf-pages,pdf-page-reorder,DIFFERENT,NO,no,different or adjacent role,document operation outcome differs even when source format overlaps,no,REVIEW_ONLY,LOW
260,https://funnytools.win/es/flujos/,https://funnytools.win/es/para/docentes/,hub,audience,es,flujos,docentes,UNKNOWN,UNKNOWN,no,different or adjacent role,page roles cannot be deterministically compared,no,REVIEW_ONLY,LOW
261,https://funnytools.win/guides/percentile-rank-guide/,https://funnytools.win/tools/percentile-rank-calculator/,guide,tool,zh-TW,percentile-rank-guide,percentile-rank-calculator,COMPLEMENTARY,NO,no,different DO/LEARN role,tool is DO intent; guide is LEARN intent; keep both by default,no,REVIEW_ONLY,LOW
262,https://funnytools.win/tools/delete-pdf-pages/,https://funnytools.win/tools/split-pdf/,tool,tool,zh-TW,delete-pdf-pages,split-pdf,DIFFERENT,NO,no,different or adjacent role,document operation outcome differs even when source format overlaps,no,REVIEW_ONLY,LOW
263,https://funnytools.win/es/aviso-legal/,https://funnytools.win/es/categorias/azar/,other,category,es,aviso-legal,azar,UNKNOWN,UNKNOWN,no,different or adjacent role,page roles cannot be deterministically compared,no,REVIEW_ONLY,LOW
264,https://funnytools.win/fr/outils/minuteur-en-ligne/,https://funnytools.win/fr/outils/rappel-pause-ecran/,tool,tool,fr,countdown-timer,break-reminder,ADJACENT,NO,no,different or adjacent role,related topic but functional input/computation/output differs,no,REVIEW_ONLY,LOW
265,https://funnytools.win/guides/chinese-english-mixed-word-count-guide/,https://funnytools.win/guides/word-count-vs-character-count-guide/,guide,guide,zh-TW,chinese-english-mixed-word-count-guide,word-count-vs-character-count-guide,ADJACENT,NO,no,different or adjacent role,related learning topics; answer role may differ,no,REVIEW_ONLY,LOW
266,https://funnytools.win/guides/split-pdf-page-range-planning-guide/,https://funnytools.win/tools/extract-pdf-pages/,guide,tool,zh-TW,split-pdf-page-range-planning-guide,extract-pdf-pages,COMPLEMENTARY,NO,no,different DO/LEARN role,tool is DO intent; guide is LEARN intent; keep both by default,no,REVIEW_ONLY,LOW
267,https://funnytools.win/category/text/,https://funnytools.win/tools/case-converter/,category,tool,zh-TW,text,case-converter,ADJACENT,UNKNOWN,no,different or adjacent role,topic-adjacent pages with different page roles,no,REVIEW_ONLY,LOW
268,https://funnytools.win/es/como-funcionan-las-herramientas/,https://funnytools.win/es/privacidad/,legal,legal,es,como-funcionan-las-herramientas,privacidad,ADJACENT,UNKNOWN,no,different or adjacent role,topic-adjacent pages with different page roles,no,REVIEW_ONLY,LOW
269,https://funnytools.win/es/flujos/decisiones-cotidianas/,https://funnytools.win/es/guias/ruleta-sorteos-clase/,workflow,guide,es,decisiones-cotidianas,ruleta-sorteos-clase,UNKNOWN,UNKNOWN,no,different or adjacent role,page roles cannot be deterministically compared,no,REVIEW_ONLY,LOW
270,https://funnytools.win/es/guias/codigos-qr-en-el-aula/,https://funnytools.win/es/para/creadores/,guide,audience,es,codigos-qr-en-el-aula,creadores,UNKNOWN,UNKNOWN,no,different or adjacent role,page roles cannot be deterministically compared,no,REVIEW_ONLY,LOW
271,https://funnytools.win/es/guias/grafico-barras-trabajo-escolar/,https://funnytools.win/es/herramientas/crear-grafico-barras/,guide,tool,es,grafico-barras-trabajo-escolar,bar-chart-maker,COMPLEMENTARY,NO,no,different DO/LEARN role,tool is DO intent; guide is LEARN intent; keep both by default,no,REVIEW_ONLY,LOW
272,https://funnytools.win/es/guias/ruleta-sorteos-clase/,https://funnytools.win/es/guias/selector-aleatorio-alumnos/,guide,guide,es,ruleta-sorteos-clase,selector-aleatorio-alumnos,ADJACENT,NO,no,different or adjacent role,related learning topics; answer role may differ,no,REVIEW_ONLY,LOW
273,https://funnytools.win/es/herramientas/dividir-pdf/,https://funnytools.win/es/herramientas/unir-pdf/,tool,tool,es,split-pdf,merge-pdf,DIFFERENT,NO,no,different or adjacent role,document operation outcome differs even when source format overlaps,no,REVIEW_ONLY,LOW
274,https://funnytools.win/guides/classroom-random-group-shareable-result-guide/,https://funnytools.win/guides/classroom-random-group-size-balance-guide/,guide,guide,zh-TW,classroom-random-group-shareable-result-guide,classroom-random-group-size-balance-guide,ADJACENT,NO,no,different or adjacent role,related learning topics; answer role may differ,no,REVIEW_ONLY,LOW
275,https://funnytools.win/tools/extract-pdf-pages/,https://funnytools.win/tools/pdf-to-image/,tool,tool,zh-TW,extract-pdf-pages,pdf-to-image,DIFFERENT,NO,no,different or adjacent role,document operation outcome differs even when source format overlaps,no,REVIEW_ONLY,LOW
276,https://funnytools.win/es/herramientas/convertir-jpg-a-png/,https://funnytools.win/es/herramientas/convertir-webp-a-jpg/,tool,tool,es,jpg-to-png,webp-to-jpg,DIFFERENT,NO,no,different or adjacent role,directional converter inputs/outputs differ,no,REVIEW_ONLY,LOW
277,https://funnytools.win/guides/classroom-lottery-tool-guide/,https://funnytools.win/workflows/teacher-classroom-random-toolkit/,guide,workflow,zh-TW,classroom-lottery-tool-guide,teacher-classroom-random-toolkit,ADJACENT,UNKNOWN,no,different or adjacent role,topic-adjacent pages with different page roles,no,REVIEW_ONLY,LOW
278,https://funnytools.win/tools/apa-7-report-generator/,https://funnytools.win/tools/independent-samples-t-test-calculator/,tool,tool,zh-TW,apa-7-report-generator,independent-samples-t-test-calculator,ADJACENT,NO,no,different or adjacent role,related topic but functional input/computation/output differs,no,REVIEW_ONLY,LOW
279,https://funnytools.win/tools/standard-deviation/,https://funnytools.win/tools/t-score-calculator/,tool,tool,zh-TW,standard-deviation,t-score-calculator,ADJACENT,NO,no,different or adjacent role,related topic but functional input/computation/output differs,no,REVIEW_ONLY,LOW
280,https://funnytools.win/category/study/,https://funnytools.win/tools/group-generator/,category,tool,zh-TW,study,group-generator,ADJACENT,UNKNOWN,no,different or adjacent role,topic-adjacent pages with different page roles,no,REVIEW_ONLY,LOW
281,https://funnytools.win/es/aviso-legal/,https://funnytools.win/es/categorias/estadistica/,other,category,es,aviso-legal,estadistica,UNKNOWN,UNKNOWN,no,different or adjacent role,page roles cannot be deterministically compared,no,REVIEW_ONLY,LOW
282,https://funnytools.win/es/categorias/imagen/,https://funnytools.win/es/para/creadores/,category,audience,es,imagen,creadores,UNKNOWN,UNKNOWN,no,different or adjacent role,page roles cannot be deterministically compared,no,REVIEW_ONLY,LOW
283,https://funnytools.win/es/condiciones-de-uso/,https://funnytools.win/es/contacto/,legal,legal,es,condiciones-de-uso,contacto,ADJACENT,UNKNOWN,no,different or adjacent role,topic-adjacent pages with different page roles,no,REVIEW_ONLY,LOW
284,https://funnytools.win/es/guias/unir-pdf-sin-subir-archivos/,https://funnytools.win/es/para/oficina/,guide,audience,es,unir-pdf-sin-subir-archivos,oficina,UNKNOWN,UNKNOWN,no,different or adjacent role,page roles cannot be deterministically compared,no,REVIEW_ONLY,LOW
285,https://funnytools.win/es/herramientas/eliminar-paginas-pdf/,https://funnytools.win/es/herramientas/ordenar-paginas-pdf/,tool,tool,es,delete-pdf-pages,pdf-page-reorder,DIFFERENT,NO,no,different or adjacent role,document operation outcome differs even when source format overlaps,no,REVIEW_ONLY,LOW
286,https://funnytools.win/guides/image-resampling-quality-guide/,https://funnytools.win/guides/image-resize-aspect-ratio-guide/,guide,guide,zh-TW,image-resampling-quality-guide,image-resize-aspect-ratio-guide,ADJACENT,NO,no,different or adjacent role,related learning topics; answer role may differ,no,REVIEW_ONLY,LOW
287,https://funnytools.win/tools/cronbach-alpha-calculator/,https://funnytools.win/tools/standard-deviation/,tool,tool,zh-TW,cronbach-alpha-calculator,standard-deviation,ADJACENT,NO,no,different or adjacent role,related topic but functional input/computation/output differs,no,REVIEW_ONLY,LOW
288,https://funnytools.win/tools/image-compressor/,https://funnytools.win/tools/png-to-jpg/,tool,tool,zh-TW,image-compressor,png-to-jpg,ADJACENT,NO,no,different or adjacent role,related topic but functional input/computation/output differs,no,REVIEW_ONLY,LOW
289,https://funnytools.win/tools/image-crop/,https://funnytools.win/tools/jpg-to-png/,tool,tool,zh-TW,image-crop,jpg-to-png,ADJACENT,NO,no,different or adjacent role,related topic but functional input/computation/output differs,no,REVIEW_ONLY,LOW
290,https://funnytools.win/tools/images-to-pdf/,https://funnytools.win/tools/pdf-compressor/,tool,tool,zh-TW,images-to-pdf,pdf-compressor,ADJACENT,NO,no,different or adjacent role,related topic but functional input/computation/output differs,no,REVIEW_ONLY,LOW
291,https://funnytools.win/category/random/,https://funnytools.win/category/study/,category,category,zh-TW,random,study,ADJACENT,UNKNOWN,no,different or adjacent role,shared hierarchy vocabulary does not prove redundant page role,no,REVIEW_ONLY,LOW
292,https://funnytools.win/es/como-funcionan-las-herramientas/,https://funnytools.win/es/para/oficina/,legal,audience,es,como-funcionan-las-herramientas,oficina,UNKNOWN,UNKNOWN,no,different or adjacent role,page roles cannot be deterministically compared,no,REVIEW_ONLY,LOW
293,https://funnytools.win/es/contacto/,https://funnytools.win/es/para/oficina/,legal,audience,es,contacto,oficina,UNKNOWN,UNKNOWN,no,different or adjacent role,page roles cannot be deterministically compared,no,REVIEW_ONLY,LOW
294,https://funnytools.win/es/guias/prueba-levene-spss/,https://funnytools.win/es/guias/prueba-t-formato-apa-7/,guide,guide,es,prueba-levene-spss,prueba-t-formato-apa-7,DIFFERENT,NO,no,different or adjacent role,different learning topic,no,REVIEW_ONLY,LOW
295,https://funnytools.win/guides/csv-to-json-header-duplicate-column-guide/,https://funnytools.win/tools/csv-to-json/,guide,tool,zh-TW,csv-to-json-header-duplicate-column-guide,csv-to-json,COMPLEMENTARY,NO,no,different DO/LEARN role,tool is DO intent; guide is LEARN intent; keep both by default,no,REVIEW_ONLY,LOW
296,https://funnytools.win/tools/group-generator/,https://funnytools.win/tools/random-student-picker/,tool,tool,zh-TW,group-generator,random-student-picker,ADJACENT,NO,no,different or adjacent role,related topic but functional input/computation/output differs,no,REVIEW_ONLY,LOW
297,https://funnytools.win/tools/merge-pdf/,https://funnytools.win/tools/split-pdf/,tool,tool,zh-TW,merge-pdf,split-pdf,DIFFERENT,NO,no,different or adjacent role,document operation outcome differs even when source format overlaps,no,REVIEW_ONLY,LOW
298,https://funnytools.win/category/text/,https://funnytools.win/tools/sort-lines/,category,tool,zh-TW,text,sort-lines,ADJACENT,UNKNOWN,no,different or adjacent role,topic-adjacent pages with different page roles,no,REVIEW_ONLY,LOW
299,https://funnytools.win/es/categorias/estadistica/,https://funnytools.win/es/flujos/,category,hub,es,estadistica,flujos,UNKNOWN,UNKNOWN,no,different or adjacent role,page roles cannot be deterministically compared,no,REVIEW_ONLY,LOW
300,https://funnytools.win/es/como-funcionan-las-herramientas/,https://funnytools.win/es/contacto/,legal,legal,es,como-funcionan-las-herramientas,contacto,ADJACENT,UNKNOWN,no,different or adjacent role,topic-adjacent pages with different page roles,no,REVIEW_ONLY,LOW
301,https://funnytools.win/guides/classroom-random-group-size-balance-guide/,https://funnytools.win/tools/group-generator/,guide,tool,zh-TW,classroom-random-group-size-balance-guide,group-generator,COMPLEMENTARY,NO,no,different DO/LEARN role,tool is DO intent; guide is LEARN intent; keep both by default,no,REVIEW_ONLY,LOW
302,https://funnytools.win/guides/qr-code-destination-change-log-guide/,https://funnytools.win/guides/qr-code-event-page-expiry-guide/,guide,guide,zh-TW,qr-code-destination-change-log-guide,qr-code-event-page-expiry-guide,ADJACENT,NO,no,different or adjacent role,related learning topics; answer role may differ,no,REVIEW_ONLY,LOW
303,https://funnytools.win/es/categorias/estadistica/,https://funnytools.win/es/guias/prueba-t-formato-apa-7/,category,guide,es,estadistica,prueba-t-formato-apa-7,UNKNOWN,UNKNOWN,no,different or adjacent role,page roles cannot be deterministically compared,no,REVIEW_ONLY,LOW
304,https://funnytools.win/es/categorias/estudio/,https://funnytools.win/es/estadisticas-educativas/,category,other,es,estudio,estadisticas-educativas,UNKNOWN,UNKNOWN,no,different or adjacent role,page roles cannot be deterministically compared,no,REVIEW_ONLY,LOW
305,https://funnytools.win/es/categorias/pdf/,https://funnytools.win/es/herramientas/eliminar-paginas-pdf/,category,tool,es,pdf,delete-pdf-pages,ADJACENT,UNKNOWN,no,different or adjacent role,topic-adjacent pages with different page roles,no,REVIEW_ONLY,LOW
306,https://funnytools.win/es/flujos/informe-estadistico-investigacion/,https://funnytools.win/es/herramientas/generador-informe-apa-7/,workflow,tool,es,informe-estadistico-investigacion,apa-7-report-generator,ADJACENT,UNKNOWN,no,different or adjacent role,topic-adjacent pages with different page roles,no,REVIEW_ONLY,LOW
307,https://funnytools.win/es/guias/anova-formato-apa-7/,https://funnytools.win/es/herramientas/generador-informe-apa-7/,guide,tool,es,anova-formato-apa-7,apa-7-report-generator,COMPLEMENTARY,NO,no,different DO/LEARN role,tool is DO intent; guide is LEARN intent; keep both by default,no,REVIEW_ONLY,LOW
308,https://funnytools.win/es/herramientas/selector-aleatorio-alumnos/,https://funnytools.win/es/herramientas/sorteo-nombres-aleatorio/,tool,tool,es,random-student-picker,random-name-picker,DIFFERENT,NO,no,different or adjacent role,different functional category,no,REVIEW_ONLY,LOW
309,https://funnytools.win/guides/image-resize-aspect-ratio-guide/,https://funnytools.win/tools/image-crop/,guide,tool,zh-TW,image-resize-aspect-ratio-guide,image-crop,COMPLEMENTARY,NO,no,different DO/LEARN role,tool is DO intent; guide is LEARN intent; keep both by default,no,REVIEW_ONLY,LOW
310,https://funnytools.win/tools/bulk-image-compressor/,https://funnytools.win/tools/image-resizer/,tool,tool,zh-TW,bulk-image-compressor,image-resizer,ADJACENT,NO,no,different or adjacent role,related topic but functional input/computation/output differs,no,REVIEW_ONLY,LOW
311,https://funnytools.win/tools/images-to-pdf/,https://funnytools.win/tools/jpg-to-webp/,tool,tool,zh-TW,images-to-pdf,jpg-to-webp,DIFFERENT,NO,no,different or adjacent role,directional converter inputs/outputs differ,no,REVIEW_ONLY,LOW
312,https://funnytools.win/en/guides/classroom-random-group-guide/,https://funnytools.win/en/guides/fair-student-grouping-guide/,guide,guide,en,classroom-random-group-guide,fair-student-grouping-guide,ADJACENT,NO,no,different or adjacent role,related learning topics; answer role may differ,no,REVIEW_ONLY,LOW
313,https://funnytools.win/en/tools/normalized-score-converter/,https://funnytools.win/en/tools/z-score-calculator/,tool,tool,en,normalized-score-converter,z-score-calculator,ADJACENT,NO,no,different or adjacent role,related topic but functional input/computation/output differs,no,REVIEW_ONLY,LOW
314,https://funnytools.win/es/flujos/,https://funnytools.win/es/para/creadores/,hub,audience,es,flujos,creadores,UNKNOWN,UNKNOWN,no,different or adjacent role,page roles cannot be deterministically compared,no,REVIEW_ONLY,LOW
315,https://funnytools.win/es/flujos/informe-estadistico-investigacion/,https://funnytools.win/es/guias/,workflow,hub,es,informe-estadistico-investigacion,guias,UNKNOWN,UNKNOWN,no,different or adjacent role,page roles cannot be deterministically compared,no,REVIEW_ONLY,LOW
316,https://funnytools.win/es/guias/unir-pdf-sin-subir-archivos/,https://funnytools.win/es/sobre-funnytools/,guide,legal,es,unir-pdf-sin-subir-archivos,sobre-funnytools,UNKNOWN,UNKNOWN,no,different or adjacent role,page roles cannot be deterministically compared,no,REVIEW_ONLY,LOW
317,https://funnytools.win/fr/outils/generateur-groupes-aleatoires/,https://funnytools.win/fr/outils/tirage-au-sort-noms/,tool,tool,fr,random-group-generator,random-name-picker,ADJACENT,NO,no,different or adjacent role,related topic but functional input/computation/output differs,no,REVIEW_ONLY,LOW
318,https://funnytools.win/guides/pdf-to-image-multipage-download-guide/,https://funnytools.win/tools/pdf-page-reorder/,guide,tool,zh-TW,pdf-to-image-multipage-download-guide,pdf-page-reorder,COMPLEMENTARY,NO,no,different DO/LEARN role,tool is DO intent; guide is LEARN intent; keep both by default,no,REVIEW_ONLY,LOW
319,https://funnytools.win/guides/t-score-calculator-guide/,https://funnytools.win/tools/standard-deviation/,guide,tool,zh-TW,t-score-calculator-guide,standard-deviation,COMPLEMENTARY,NO,no,different DO/LEARN role,tool is DO intent; guide is LEARN intent; keep both by default,no,REVIEW_ONLY,LOW
320,https://funnytools.win/es/aviso-legal/,https://funnytools.win/es/para/creadores/,other,audience,es,aviso-legal,creadores,UNKNOWN,UNKNOWN,no,different or adjacent role,page roles cannot be deterministically compared,no,REVIEW_ONLY,LOW
321,https://funnytools.win/es/aviso-legal/,https://funnytools.win/es/privacidad/,other,legal,es,aviso-legal,privacidad,ADJACENT,UNKNOWN,no,different or adjacent role,topic-adjacent pages with different page roles,no,REVIEW_ONLY,LOW
322,https://funnytools.win/es/guias/grupos-aleatorios-clase/,https://funnytools.win/es/herramientas/crear-grupos-clase/,guide,tool,es,grupos-aleatorios-clase,group-generator,COMPLEMENTARY,NO,no,different DO/LEARN role,tool is DO intent; guide is LEARN intent; keep both by default,no,REVIEW_ONLY,LOW
323,https://funnytools.win/es/para/creadores/,https://funnytools.win/es/sobre-funnytools/,audience,legal,es,creadores,sobre-funnytools,UNKNOWN,UNKNOWN,no,different or adjacent role,page roles cannot be deterministically compared,no,REVIEW_ONLY,LOW
324,https://funnytools.win/fr/fonctionnement-outils/,https://funnytools.win/fr/outils/reorganiser-pages-pdf/,legal,tool,fr,fonctionnement-outils,pdf-page-reorder,UNKNOWN,UNKNOWN,no,different or adjacent role,page roles cannot be deterministically compared,no,REVIEW_ONLY,LOW
325,https://funnytools.win/guides/pdf-to-image-multipage-download-guide/,https://funnytools.win/tools/pdf-to-image/,guide,tool,zh-TW,pdf-to-image-multipage-download-guide,pdf-to-image,COMPLEMENTARY,NO,no,different DO/LEARN role,tool is DO intent; guide is LEARN intent; keep both by default,no,REVIEW_ONLY,LOW
326,https://funnytools.win/guides/percentile-rank-guide/,https://funnytools.win/workflows/teacher-exam-score-toolkit/,guide,workflow,zh-TW,percentile-rank-guide,teacher-exam-score-toolkit,ADJACENT,UNKNOWN,no,different or adjacent role,topic-adjacent pages with different page roles,no,REVIEW_ONLY,LOW
327,https://funnytools.win/tools/image-compressor/,https://funnytools.win/tools/webp-to-jpg/,tool,tool,zh-TW,image-compressor,webp-to-jpg,ADJACENT,NO,no,different or adjacent role,related topic but functional input/computation/output differs,no,REVIEW_ONLY,LOW
328,https://funnytools.win/category/text/,https://funnytools.win/tools/word-counter/,category,tool,zh-TW,text,word-counter,ADJACENT,UNKNOWN,no,different or adjacent role,topic-adjacent pages with different page roles,no,REVIEW_ONLY,LOW
329,https://funnytools.win/es/categorias/texto/,https://funnytools.win/es/para/oficina/,category,audience,es,texto,oficina,UNKNOWN,UNKNOWN,no,different or adjacent role,page roles cannot be deterministically compared,no,REVIEW_ONLY,LOW
330,https://funnytools.win/es/guias/,https://funnytools.win/es/para/creadores/,hub,audience,es,guias,creadores,UNKNOWN,UNKNOWN,no,different or adjacent role,page roles cannot be deterministically compared,no,REVIEW_ONLY,LOW
331,https://funnytools.win/fr/outils/diviser-pdf/,https://funnytools.win/fr/outils/reorganiser-pages-pdf/,tool,tool,fr,split-pdf,pdf-page-reorder,DIFFERENT,NO,no,different or adjacent role,document operation outcome differs even when source format overlaps,no,REVIEW_ONLY,LOW
332,https://funnytools.win/tools/grade-average/,https://funnytools.win/workflows/teacher-exam-score-toolkit/,tool,workflow,zh-TW,grade-average,teacher-exam-score-toolkit,ADJACENT,UNKNOWN,no,different or adjacent role,topic-adjacent pages with different page roles,no,REVIEW_ONLY,LOW
333,https://funnytools.win/en/category/statistics/,https://funnytools.win/en/education-statistics/,category,other,en,statistics,education-statistics,ADJACENT,UNKNOWN,no,different or adjacent role,topic-adjacent pages with different page roles,no,REVIEW_ONLY,LOW
334,https://funnytools.win/en/tools/jpg-to-png/,https://funnytools.win/en/tools/jpg-to-webp/,tool,tool,en,jpg-to-png,jpg-to-webp,DIFFERENT,NO,no,different or adjacent role,directional converter inputs/outputs differ,no,REVIEW_ONLY,LOW
335,https://funnytools.win/for/designers/,https://funnytools.win/tools/image-compressor/,audience,tool,zh-TW,designers,image-compressor,UNKNOWN,UNKNOWN,no,different or adjacent role,page roles cannot be deterministically compared,no,REVIEW_ONLY,LOW
336,https://funnytools.win/for/teachers/,https://funnytools.win/tools/group-generator/,audience,tool,zh-TW,teachers,group-generator,UNKNOWN,UNKNOWN,no,different or adjacent role,page roles cannot be deterministically compared,no,REVIEW_ONLY,LOW
337,https://funnytools.win/fr/outils/diviser-pdf/,https://funnytools.win/fr/outils/extraire-pages-pdf/,tool,tool,fr,split-pdf,extract-pdf-pages,DIFFERENT,NO,no,different or adjacent role,document operation outcome differs even when source format overlaps,no,REVIEW_ONLY,LOW
338,https://funnytools.win/guides/classroom-random-group-no-repeat-guide/,https://funnytools.win/tools/group-generator/,guide,tool,zh-TW,classroom-random-group-no-repeat-guide,group-generator,COMPLEMENTARY,NO,no,different DO/LEARN role,tool is DO intent; guide is LEARN intent; keep both by default,no,REVIEW_ONLY,LOW
339,https://funnytools.win/guides/qr-code-mobile-landing-page-guide/,https://funnytools.win/guides/qr-code-multilingual-switch-testing-guide/,guide,guide,zh-TW,qr-code-mobile-landing-page-guide,qr-code-multilingual-switch-testing-guide,ADJACENT,NO,no,different or adjacent role,related learning topics; answer role may differ,no,REVIEW_ONLY,LOW
340,https://funnytools.win/en/tools/z-score-calculator/,https://funnytools.win/en/workflows/teacher-exam-score-toolkit/,tool,workflow,en,z-score-calculator,teacher-exam-score-toolkit,ADJACENT,UNKNOWN,no,different or adjacent role,topic-adjacent pages with different page roles,no,REVIEW_ONLY,LOW
341,https://funnytools.win/es/categorias/estudio/,https://funnytools.win/es/como-funcionan-las-herramientas/,category,legal,es,estudio,como-funcionan-las-herramientas,UNKNOWN,UNKNOWN,no,different or adjacent role,page roles cannot be deterministically compared,no,REVIEW_ONLY,LOW
342,https://funnytools.win/es/flujos/decisiones-cotidianas/,https://funnytools.win/es/herramientas/decidir-entre-dos-opciones/,workflow,tool,es,decisiones-cotidianas,this-or-that,UNKNOWN,UNKNOWN,no,different or adjacent role,page roles cannot be deterministically compared,no,REVIEW_ONLY,LOW
343,https://funnytools.win/for/designers/,https://funnytools.win/tools/jpg-to-webp/,audience,tool,zh-TW,designers,jpg-to-webp,UNKNOWN,UNKNOWN,no,different or adjacent role,page roles cannot be deterministically compared,no,REVIEW_ONLY,LOW
344,https://funnytools.win/guides/t-score-calculator-guide/,https://funnytools.win/tools/normalized-score-converter/,guide,tool,zh-TW,t-score-calculator-guide,normalized-score-converter,COMPLEMENTARY,NO,no,different DO/LEARN role,tool is DO intent; guide is LEARN intent; keep both by default,no,REVIEW_ONLY,LOW
345,https://funnytools.win/tools/break-reminder/,https://funnytools.win/tools/pomodoro-timer/,tool,tool,zh-TW,break-reminder,pomodoro-timer,ADJACENT,NO,no,different or adjacent role,related topic but functional input/computation/output differs,no,REVIEW_ONLY,LOW
346,https://funnytools.win/tools/csv-to-json/,https://funnytools.win/tools/json-formatter/,tool,tool,zh-TW,csv-to-json,json-formatter,ADJACENT,NO,no,different or adjacent role,related topic but functional input/computation/output differs,no,REVIEW_ONLY,LOW
347,https://funnytools.win/tools/extract-pdf-pages/,https://funnytools.win/tools/rotate-pdf/,tool,tool,zh-TW,extract-pdf-pages,rotate-pdf,DIFFERENT,NO,no,different or adjacent role,document operation outcome differs even when source format overlaps,no,REVIEW_ONLY,LOW
348,https://funnytools.win/category/image/,https://funnytools.win/for/designers/,category,audience,zh-TW,image,designers,UNKNOWN,UNKNOWN,no,different or adjacent role,page roles cannot be deterministically compared,no,REVIEW_ONLY,LOW
349,https://funnytools.win/es/categorias/azar/,https://funnytools.win/es/sobre-funnytools/,category,legal,es,azar,sobre-funnytools,UNKNOWN,UNKNOWN,no,different or adjacent role,page roles cannot be deterministically compared,no,REVIEW_ONLY,LOW
350,https://funnytools.win/es/categorias/estadistica/,https://funnytools.win/es/sobre-funnytools/,category,legal,es,estadistica,sobre-funnytools,UNKNOWN,UNKNOWN,no,different or adjacent role,page roles cannot be deterministically compared,no,REVIEW_ONLY,LOW
351,https://funnytools.win/es/categorias/estudio/,https://funnytools.win/es/para/creadores/,category,audience,es,estudio,creadores,UNKNOWN,UNKNOWN,no,different or adjacent role,page roles cannot be deterministically compared,no,REVIEW_ONLY,LOW
352,https://funnytools.win/es/condiciones-de-uso/,https://funnytools.win/es/para/oficina/,legal,audience,es,condiciones-de-uso,oficina,UNKNOWN,UNKNOWN,no,different or adjacent role,page roles cannot be deterministically compared,no,REVIEW_ONLY,LOW
353,https://funnytools.win/es/herramientas/generador-grupos-aleatorios/,https://funnytools.win/es/herramientas/sorteo-nombres-aleatorio/,tool,tool,es,random-group-generator,random-name-picker,ADJACENT,NO,no,different or adjacent role,related topic but functional input/computation/output differs,no,REVIEW_ONLY,LOW
354,https://funnytools.win/fr/fonctionnement-outils/,https://funnytools.win/fr/outils/generateur-nombres-aleatoires/,legal,tool,fr,fonctionnement-outils,random-number-picker,UNKNOWN,UNKNOWN,no,different or adjacent role,page roles cannot be deterministically compared,no,REVIEW_ONLY,LOW
355,https://funnytools.win/guides/image-compression-quality-size-guide/,https://funnytools.win/tools/image-compressor/,guide,tool,zh-TW,image-compression-quality-size-guide,image-compressor,COMPLEMENTARY,NO,no,different DO/LEARN role,tool is DO intent; guide is LEARN intent; keep both by default,no,REVIEW_ONLY,LOW
356,https://funnytools.win/guides/json-formatter-trailing-comma-error-guide/,https://funnytools.win/tools/json-formatter/,guide,tool,zh-TW,json-formatter-trailing-comma-error-guide,json-formatter,COMPLEMENTARY,NO,no,different DO/LEARN role,tool is DO intent; guide is LEARN intent; keep both by default,no,REVIEW_ONLY,LOW
357,https://funnytools.win/guides/t-test-apa-format-guide/,https://funnytools.win/workflows/graduate-statistics-report-toolkit/,guide,workflow,zh-TW,t-test-apa-format-guide,graduate-statistics-report-toolkit,UNKNOWN,UNKNOWN,no,different or adjacent role,page roles cannot be deterministically compared,no,REVIEW_ONLY,LOW
358,https://funnytools.win/,https://funnytools.win/tools/,home,hub,zh-TW,funnytools.win,tools,ADJACENT,UNKNOWN,no,different or adjacent role,topic-adjacent pages with different page roles,no,REVIEW_ONLY,LOW
359,https://funnytools.win/tools/images-to-pdf/,https://funnytools.win/tools/jpg-to-png/,tool,tool,zh-TW,images-to-pdf,jpg-to-png,DIFFERENT,NO,no,different or adjacent role,directional converter inputs/outputs differ,no,REVIEW_ONLY,LOW
360,https://funnytools.win/tools/percentile-rank-calculator/,https://funnytools.win/workflows/teacher-exam-score-toolkit/,tool,workflow,zh-TW,percentile-rank-calculator,teacher-exam-score-toolkit,ADJACENT,UNKNOWN,no,different or adjacent role,topic-adjacent pages with different page roles,no,REVIEW_ONLY,LOW
361,https://funnytools.win/es/categorias/estadistica/,https://funnytools.win/es/para/oficina/,category,audience,es,estadistica,oficina,UNKNOWN,UNKNOWN,no,different or adjacent role,page roles cannot be deterministically compared,no,REVIEW_ONLY,LOW
362,https://funnytools.win/es/categorias/estudio/,https://funnytools.win/es/guias/ruleta-sorteos-clase/,category,guide,es,estudio,ruleta-sorteos-clase,UNKNOWN,UNKNOWN,no,different or adjacent role,page roles cannot be deterministically compared,no,REVIEW_ONLY,LOW
363,https://funnytools.win/es/categorias/pdf/,https://funnytools.win/es/para/oficina/,category,audience,es,pdf,oficina,UNKNOWN,UNKNOWN,no,different or adjacent role,page roles cannot be deterministically compared,no,REVIEW_ONLY,LOW
364,https://funnytools.win/es/herramientas/ruleta-aleatoria/,https://funnytools.win/es/herramientas/sorteo-nombres-aleatorio/,tool,tool,es,random-wheel,random-name-picker,ADJACENT,NO,no,different or adjacent role,related topic but functional input/computation/output differs,no,REVIEW_ONLY,LOW
365,https://funnytools.win/es/para/estudiantes/,https://funnytools.win/es/para/,audience,hub,es,estudiantes,para,UNKNOWN,UNKNOWN,no,different or adjacent role,page roles cannot be deterministically compared,no,REVIEW_ONLY,LOW
366,https://funnytools.win/fr/outils/recadrer-image/,https://funnytools.win/fr/outils/redimensionner-image/,tool,tool,fr,image-crop,image-resizer,ADJACENT,NO,no,different or adjacent role,related topic but functional input/computation/output differs,no,REVIEW_ONLY,LOW
367,https://funnytools.win/guides/image-resolution-print-web-guide/,https://funnytools.win/guides/pdf-to-image-resolution-guide/,guide,guide,zh-TW,image-resolution-print-web-guide,pdf-to-image-resolution-guide,DIFFERENT,NO,no,different or adjacent role,different learning topic,no,REVIEW_ONLY,LOW
368,https://funnytools.win/guides/pdf-to-image-multipage-download-guide/,https://funnytools.win/guides/split-pdf-page-range-planning-guide/,guide,guide,zh-TW,pdf-to-image-multipage-download-guide,split-pdf-page-range-planning-guide,ADJACENT,NO,no,different or adjacent role,related learning topics; answer role may differ,no,REVIEW_ONLY,LOW
369,https://funnytools.win/tools/json-formatter/,https://funnytools.win/tools/json-to-csv/,tool,tool,zh-TW,json-formatter,json-to-csv,ADJACENT,NO,no,different or adjacent role,related topic but functional input/computation/output differs,no,REVIEW_ONLY,LOW
370,https://funnytools.win/es/categorias/estadistica/,https://funnytools.win/es/como-funcionan-las-herramientas/,category,legal,es,estadistica,como-funcionan-las-herramientas,UNKNOWN,UNKNOWN,no,different or adjacent role,page roles cannot be deterministically compared,no,REVIEW_ONLY,LOW
371,https://funnytools.win/es/estadisticas-educativas/,https://funnytools.win/es/flujos/informe-estadistico-investigacion/,other,workflow,es,estadisticas-educativas,informe-estadistico-investigacion,ADJACENT,UNKNOWN,no,different or adjacent role,topic-adjacent pages with different page roles,no,REVIEW_ONLY,LOW
372,https://funnytools.win/es/para/creadores/,https://funnytools.win/es/para/,audience,hub,es,creadores,para,UNKNOWN,UNKNOWN,no,different or adjacent role,page roles cannot be deterministically compared,no,REVIEW_ONLY,LOW
373,https://funnytools.win/es/para/estudiantes/,https://funnytools.win/es/para/oficina/,audience,audience,es,estudiantes,oficina,ADJACENT,UNKNOWN,no,different or adjacent role,shared hierarchy vocabulary does not prove redundant page role,no,REVIEW_ONLY,LOW
374,https://funnytools.win/fr/outils/calculateur-interets-composes/,https://funnytools.win/fr/outils/calculateur-objectif-epargne/,tool,tool,fr,compound-interest,savings-goal,ADJACENT,NO,no,different or adjacent role,related topic but functional input/computation/output differs,no,REVIEW_ONLY,LOW
375,https://funnytools.win/guides/classroom-random-group-guide/,https://funnytools.win/guides/classroom-random-group-size-balance-guide/,guide,guide,zh-TW,classroom-random-group-guide,classroom-random-group-size-balance-guide,ADJACENT,NO,no,different or adjacent role,related learning topics; answer role may differ,no,REVIEW_ONLY,LOW
376,https://funnytools.win/guides/classroom-random-group-size-balance-guide/,https://funnytools.win/tools/random-group-generator/,guide,tool,zh-TW,classroom-random-group-size-balance-guide,random-group-generator,COMPLEMENTARY,NO,no,different DO/LEARN role,tool is DO intent; guide is LEARN intent; keep both by default,no,REVIEW_ONLY,LOW
377,https://funnytools.win/guides/merge-pdf-bookmarks-navigation-guide/,https://funnytools.win/guides/pdf-page-reorder-appendix-merge-check-guide/,guide,guide,zh-TW,merge-pdf-bookmarks-navigation-guide,pdf-page-reorder-appendix-merge-check-guide,ADJACENT,NO,no,different or adjacent role,related learning topics; answer role may differ,no,REVIEW_ONLY,LOW
378,https://funnytools.win/tools/image-rotate-flip/,https://funnytools.win/tools/jpg-to-png/,tool,tool,zh-TW,image-rotate-flip,jpg-to-png,ADJACENT,NO,no,different or adjacent role,related topic but functional input/computation/output differs,no,REVIEW_ONLY,LOW
379,https://funnytools.win/es/apoyar-funnytools/,https://funnytools.win/es/condiciones-de-uso/,support,legal,es,apoyar-funnytools,condiciones-de-uso,ADJACENT,UNKNOWN,no,different or adjacent role,topic-adjacent pages with different page roles,no,REVIEW_ONLY,LOW
380,https://funnytools.win/es/guias/codigos-qr-en-el-aula/,https://funnytools.win/es/sobre-funnytools/,guide,legal,es,codigos-qr-en-el-aula,sobre-funnytools,ADJACENT,UNKNOWN,no,different or adjacent role,topic-adjacent pages with different page roles,no,REVIEW_ONLY,LOW
381,https://funnytools.win/es/herramientas/ordenar-paginas-pdf/,https://funnytools.win/es/herramientas/rotar-pdf/,tool,tool,es,pdf-page-reorder,rotate-pdf,DIFFERENT,NO,no,different or adjacent role,document operation outcome differs even when source format overlaps,no,REVIEW_ONLY,LOW
382,https://funnytools.win/es/para/desarrolladores/,https://funnytools.win/es/para/oficina/,audience,audience,es,desarrolladores,oficina,ADJACENT,UNKNOWN,no,different or adjacent role,shared hierarchy vocabulary does not prove redundant page role,no,REVIEW_ONLY,LOW
383,https://funnytools.win/for/students/,https://funnytools.win/,audience,home,zh-TW,students,funnytools.win,UNKNOWN,UNKNOWN,no,different or adjacent role,page roles cannot be deterministically compared,no,REVIEW_ONLY,LOW
384,https://funnytools.win/guides/merge-pdf-bookmarks-navigation-guide/,https://funnytools.win/guides/merge-pdf-reading-order-checklist-guide/,guide,guide,zh-TW,merge-pdf-bookmarks-navigation-guide,merge-pdf-reading-order-checklist-guide,ADJACENT,NO,no,different or adjacent role,related learning topics; answer role may differ,no,REVIEW_ONLY,LOW
385,https://funnytools.win/tools/random-number-picker/,https://funnytools.win/tools/random-wheel/,tool,tool,zh-TW,random-number-picker,random-wheel,ADJACENT,NO,no,different or adjacent role,related topic but functional input/computation/output differs,no,REVIEW_ONLY,LOW
386,https://funnytools.win/es/aviso-legal/,https://funnytools.win/es/guias/unir-pdf-sin-subir-archivos/,other,guide,es,aviso-legal,unir-pdf-sin-subir-archivos,UNKNOWN,UNKNOWN,no,different or adjacent role,page roles cannot be deterministically compared,no,REVIEW_ONLY,LOW
387,https://funnytools.win/es/categorias/estudio/,https://funnytools.win/es/flujos/decisiones-cotidianas/,category,workflow,es,estudio,decisiones-cotidianas,UNKNOWN,UNKNOWN,no,different or adjacent role,page roles cannot be deterministically compared,no,REVIEW_ONLY,LOW
388,https://funnytools.win/es/categorias/imagen/,https://funnytools.win/es/guias/fotos-a-pdf-desde-movil/,category,guide,es,imagen,fotos-a-pdf-desde-movil,UNKNOWN,UNKNOWN,no,different or adjacent role,page roles cannot be deterministically compared,no,REVIEW_ONLY,LOW
389,https://funnytools.win/es/flujos/,https://funnytools.win/es/sobre-funnytools/,hub,legal,es,flujos,sobre-funnytools,UNKNOWN,UNKNOWN,no,different or adjacent role,page roles cannot be deterministically compared,no,REVIEW_ONLY,LOW
390,https://funnytools.win/es/guias/comprimir-fotos-para-email/,https://funnytools.win/es/para/disenadores/,guide,audience,es,comprimir-fotos-para-email,disenadores,UNKNOWN,UNKNOWN,no,different or adjacent role,page roles cannot be deterministically compared,no,REVIEW_ONLY,LOW
391,https://funnytools.win/es/guias/unir-pdf-sin-subir-archivos/,https://funnytools.win/es/herramientas/extraer-paginas-pdf/,guide,tool,es,unir-pdf-sin-subir-archivos,extract-pdf-pages,COMPLEMENTARY,NO,no,different DO/LEARN role,tool is DO intent; guide is LEARN intent; keep both by default,no,REVIEW_ONLY,LOW
392,https://funnytools.win/fr/outils/convertir-jpg-en-webp/,https://funnytools.win/fr/outils/convertir-png-en-jpg/,tool,tool,fr,jpg-to-webp,png-to-jpg,DIFFERENT,NO,no,different or adjacent role,directional converter inputs/outputs differ,no,REVIEW_ONLY,LOW
393,https://funnytools.win/guides/classroom-group-roles-rotation-guide/,https://funnytools.win/guides/classroom-random-group-size-balance-guide/,guide,guide,zh-TW,classroom-group-roles-rotation-guide,classroom-random-group-size-balance-guide,ADJACENT,NO,no,different or adjacent role,related learning topics; answer role may differ,no,REVIEW_ONLY,LOW
394,https://funnytools.win/guides/pdf-to-word-layout-fidelity-guide/,https://funnytools.win/guides/pdf-to-word-ocr-language-check-guide/,guide,guide,zh-TW,pdf-to-word-layout-fidelity-guide,pdf-to-word-ocr-language-check-guide,ADJACENT,NO,no,different or adjacent role,related learning topics; answer role may differ,no,REVIEW_ONLY,LOW
395,https://funnytools.win/tools/images-to-pdf/,https://funnytools.win/tools/pdf-to-image/,tool,tool,zh-TW,images-to-pdf,pdf-to-image,DIFFERENT,NO,no,different or adjacent role,directional converter inputs/outputs differ,no,REVIEW_ONLY,LOW
396,https://funnytools.win/category/statistics/,https://funnytools.win/tools/percentage-calculator/,category,tool,zh-TW,statistics,percentage-calculator,ADJACENT,UNKNOWN,no,different or adjacent role,topic-adjacent pages with different page roles,no,REVIEW_ONLY,LOW
397,https://funnytools.win/category/time/,https://funnytools.win/tools/countdown-timer/,category,tool,zh-TW,time,countdown-timer,ADJACENT,UNKNOWN,no,different or adjacent role,topic-adjacent pages with different page roles,no,REVIEW_ONLY,LOW
398,https://funnytools.win/en/guides/classroom-random-group-absent-student-repair-guide/,https://funnytools.win/en/guides/classroom-random-group-size-balance-guide/,guide,guide,en,classroom-random-group-absent-student-repair-guide,classroom-random-group-size-balance-guide,ADJACENT,NO,no,different or adjacent role,related learning topics; answer role may differ,no,REVIEW_ONLY,LOW
399,https://funnytools.win/es/apoyar-funnytools/,https://funnytools.win/es/aviso-legal/,support,other,es,apoyar-funnytools,aviso-legal,ADJACENT,UNKNOWN,no,different or adjacent role,topic-adjacent pages with different page roles,no,REVIEW_ONLY,LOW
400,https://funnytools.win/es/categorias/azar/,https://funnytools.win/es/guias/ruleta-sorteos-clase/,category,guide,es,azar,ruleta-sorteos-clase,ADJACENT,UNKNOWN,no,different or adjacent role,topic-adjacent pages with different page roles,no,REVIEW_ONLY,LOW
401,https://funnytools.win/es/categorias/tiempo/,https://funnytools.win/es/para/oficina/,category,audience,es,tiempo,oficina,UNKNOWN,UNKNOWN,no,different or adjacent role,page roles cannot be deterministically compared,no,REVIEW_ONLY,LOW
402,https://funnytools.win/es/guias/fotos-a-pdf-desde-movil/,https://funnytools.win/es/para/oficina/,guide,audience,es,fotos-a-pdf-desde-movil,oficina,UNKNOWN,UNKNOWN,no,different or adjacent role,page roles cannot be deterministically compared,no,REVIEW_ONLY,LOW
403,https://funnytools.win/es/guias/,https://funnytools.win/es/sobre-funnytools/,hub,legal,es,guias,sobre-funnytools,ADJACENT,UNKNOWN,no,different or adjacent role,topic-adjacent pages with different page roles,no,REVIEW_ONLY,LOW
404,https://funnytools.win/es/guias/unir-pdf-sin-subir-archivos/,https://funnytools.win/es/herramientas/comprimir-pdf/,guide,tool,es,unir-pdf-sin-subir-archivos,pdf-compressor,COMPLEMENTARY,NO,no,different DO/LEARN role,tool is DO intent; guide is LEARN intent; keep both by default,no,REVIEW_ONLY,LOW
405,https://funnytools.win/es/para/disenadores/,https://funnytools.win/es/para/oficina/,audience,audience,es,disenadores,oficina,ADJACENT,UNKNOWN,no,different or adjacent role,shared hierarchy vocabulary does not prove redundant page role,no,REVIEW_ONLY,LOW
406,https://funnytools.win/tools/case-converter/,https://funnytools.win/tools/remove-empty-lines/,tool,tool,zh-TW,case-converter,remove-empty-lines,ADJACENT,NO,no,different or adjacent role,related topic but functional input/computation/output differs,no,REVIEW_ONLY,LOW
