URL,page_type,locale,GSC_status,indexable,sitemap,internal_links,raw_similarity_risk,v2_similarity_risk,intent_relationship,value_score,action,merge_confidence,merge_reason,functional_equivalence,merge_target,human_review_required,v1_action
https://funnytools.win/about/,legal,zh-TW,UNKNOWN (no current URL-level Coverage sample),yes,sitemap-guides.xml,313,medium,low,NONE,,IMPROVE,NONE,multi-signal value triage remains below review floor after similarity recalibration,NO,,yes,IMPROVE
https://funnytools.win/about-tools/,legal,zh-TW,UNKNOWN (no current URL-level Coverage sample),yes,sitemap-guides.xml,314,medium,low,NONE,,IMPROVE,NONE,multi-signal value triage remains below review floor after similarity recalibration,NO,,yes,IMPROVE
https://funnytools.win/affiliate-disclosure/,legal,zh-TW,UNKNOWN (no current URL-level Coverage sample),yes,sitemap-guides.xml,497,medium,low,NONE,,KEEP,NONE,functional intent calibration found no high-confidence SAME outcome,NO,,no,KEEP
https://funnytools.win/category/draw/,category,zh-TW,UNKNOWN (no current URL-level Coverage sample),yes,sitemap-guides.xml,24,medium,low,NONE,,KEEP,NONE,functional intent calibration found no high-confidence SAME outcome,NO,,no,KEEP
https://funnytools.win/category/image/,category,zh-TW,Not indexed,yes,sitemap-guides.xml,34,high,low,NONE,,IMPROVE,NONE,multi-signal value triage remains below review floor after similarity recalibration,NO,,yes,IMPROVE
https://funnytools.win/category/money/,category,zh-TW,UNKNOWN (no current URL-level Coverage sample),yes,sitemap-guides.xml,15,medium,low,NONE,,KEEP,NONE,functional intent calibration found no high-confidence SAME outcome,NO,,no,KEEP
https://funnytools.win/category/pdf/,category,zh-TW,Not indexed,yes,sitemap-guides.xml,34,medium,low,NONE,,KEEP,NONE,functional intent calibration found no high-confidence SAME outcome,NO,,no,KEEP
https://funnytools.win/category/random/,category,zh-TW,Not indexed,yes,sitemap-guides.xml,32,high,low,NONE,,IMPROVE,NONE,multi-signal value triage remains below review floor after similarity recalibration,NO,,yes,IMPROVE
https://funnytools.win/category/statistics/,category,zh-TW,UNKNOWN (no current URL-level Coverage sample),yes,sitemap-guides.xml,24,high,low,NONE,,IMPROVE,NONE,multi-signal value triage remains below review floor after similarity recalibration,NO,,yes,IMPROVE
https://funnytools.win/category/study/,category,zh-TW,UNKNOWN (no current URL-level Coverage sample),yes,sitemap-guides.xml,17,high,low,NONE,,IMPROVE,NONE,multi-signal value triage remains below review floor after similarity recalibration,NO,,yes,IMPROVE
https://funnytools.win/category/text/,category,zh-TW,UNKNOWN (no current URL-level Coverage sample),yes,sitemap-guides.xml,36,high,low,NONE,,IMPROVE,NONE,multi-signal value triage remains below review floor after similarity recalibration,NO,,yes,IMPROVE
https://funnytools.win/category/time/,category,zh-TW,UNKNOWN (no current URL-level Coverage sample),yes,sitemap-guides.xml,29,high,low,NONE,,IMPROVE,NONE,multi-signal value triage remains below review floor after similarity recalibration,NO,,yes,IMPROVE
https://funnytools.win/contact/,legal,zh-TW,UNKNOWN (no current URL-level Coverage sample),yes,sitemap-guides.xml,313,medium,low,NONE,,IMPROVE,NONE,multi-signal value triage remains below review floor after similarity recalibration,NO,,yes,IMPROVE
https://funnytools.win/disclaimer/,legal,zh-TW,UNKNOWN (no current URL-level Coverage sample),yes,sitemap-guides.xml,313,medium,low,NONE,,IMPROVE,NONE,multi-signal value triage remains below review floor after similarity recalibration,NO,,yes,IMPROVE
https://funnytools.win/education-statistics/,other,zh-TW,UNKNOWN (no current URL-level Coverage sample),yes,sitemap-guides.xml,312,high,low,NONE,,IMPROVE,NONE,multi-signal value triage remains below review floor after similarity recalibration,NO,,yes,IMPROVE
https://funnytools.win/en/about/,legal,en,UNKNOWN (no current URL-level Coverage sample),yes,sitemap-en.xml,193,medium,low,NONE,,IMPROVE,NONE,multi-signal value triage remains below review floor after similarity recalibration,NO,,yes,IMPROVE
https://funnytools.win/en/about-tools/,legal,en,UNKNOWN (no current URL-level Coverage sample),yes,sitemap-en.xml,194,medium,low,NONE,,KEEP,NONE,functional intent calibration found no high-confidence SAME outcome,NO,,no,KEEP
https://funnytools.win/en/category/draw/,category,en,UNKNOWN (no current URL-level Coverage sample),yes,sitemap-en.xml,13,medium,low,NONE,,KEEP,NONE,functional intent calibration found no high-confidence SAME outcome,NO,,no,KEEP
https://funnytools.win/en/category/image/,category,en,UNKNOWN (no current URL-level Coverage sample),yes,sitemap-en.xml,23,medium,low,NONE,,KEEP,NONE,functional intent calibration found no high-confidence SAME outcome,NO,,no,KEEP
https://funnytools.win/en/category/money/,category,en,UNKNOWN (no current URL-level Coverage sample),yes,sitemap-en.xml,13,medium,low,NONE,,KEEP,NONE,functional intent calibration found no high-confidence SAME outcome,NO,,no,KEEP
https://funnytools.win/en/category/pdf/,category,en,UNKNOWN (no current URL-level Coverage sample),yes,sitemap-en.xml,24,medium,low,NONE,,KEEP,NONE,functional intent calibration found no high-confidence SAME outcome,NO,,no,KEEP
https://funnytools.win/en/category/random/,category,en,UNKNOWN (no current URL-level Coverage sample),yes,sitemap-en.xml,21,medium,low,NONE,,KEEP,NONE,functional intent calibration found no high-confidence SAME outcome,NO,,no,KEEP
https://funnytools.win/en/category/statistics/,category,en,UNKNOWN (no current URL-level Coverage sample),yes,sitemap-en.xml,22,high,low,NONE,,IMPROVE,NONE,multi-signal value triage remains below review floor after similarity recalibration,NO,,yes,IMPROVE
https://funnytools.win/en/category/study/,category,en,UNKNOWN (no current URL-level Coverage sample),yes,sitemap-en.xml,15,medium,low,NONE,,KEEP,NONE,functional intent calibration found no high-confidence SAME outcome,NO,,no,KEEP
https://funnytools.win/en/category/text/,category,en,UNKNOWN (no current URL-level Coverage sample),yes,sitemap-en.xml,26,medium,low,NONE,,KEEP,NONE,functional intent calibration found no high-confidence SAME outcome,NO,,no,KEEP
https://funnytools.win/en/category/time/,category,en,UNKNOWN (no current URL-level Coverage sample),yes,sitemap-en.xml,18,medium,low,NONE,,KEEP,NONE,functional intent calibration found no high-confidence SAME outcome,NO,,no,KEEP
https://funnytools.win/en/contact/,legal,en,UNKNOWN (no current URL-level Coverage sample),yes,sitemap-en.xml,193,medium,low,NONE,,IMPROVE,NONE,multi-signal value triage remains below review floor after similarity recalibration,NO,,yes,IMPROVE
https://funnytools.win/en/disclaimer/,legal,en,UNKNOWN (no current URL-level Coverage sample),yes,sitemap-en.xml,193,medium,low,NONE,,KEEP,NONE,functional intent calibration found no high-confidence SAME outcome,NO,,no,KEEP
https://funnytools.win/en/education-statistics/,other,en,UNKNOWN (no current URL-level Coverage sample),yes,sitemap-en.xml,193,high,low,NONE,,IMPROVE,NONE,multi-signal value triage remains below review floor after similarity recalibration,NO,,yes,IMPROVE
https://funnytools.win/en/for/creators/,audience,en,UNKNOWN (no current URL-level Coverage sample),yes,sitemap-en.xml,7,medium,low,NONE,,KEEP,NONE,functional intent calibration found no high-confidence SAME outcome,NO,,no,KEEP
https://funnytools.win/en/for/designers/,audience,en,UNKNOWN (no current URL-level Coverage sample),yes,sitemap-en.xml,7,medium,low,NONE,,KEEP,NONE,functional intent calibration found no high-confidence SAME outcome,NO,,no,KEEP
https://funnytools.win/en/for/developers/,audience,en,UNKNOWN (no current URL-level Coverage sample),yes,sitemap-en.xml,7,medium,low,NONE,,KEEP,NONE,functional intent calibration found no high-confidence SAME outcome,NO,,no,KEEP
https://funnytools.win/en/for/,hub,en,UNKNOWN (no current URL-level Coverage sample),yes,sitemap-en.xml,193,medium,low,NONE,,KEEP,NONE,functional intent calibration found no high-confidence SAME outcome,NO,,no,KEEP
https://funnytools.win/en/for/office-workers/,audience,en,UNKNOWN (no current URL-level Coverage sample),yes,sitemap-en.xml,9,medium,low,NONE,,KEEP,NONE,functional intent calibration found no high-confidence SAME outcome,NO,,no,KEEP
https://funnytools.win/en/for/students/,audience,en,UNKNOWN (no current URL-level Coverage sample),yes,sitemap-en.xml,8,medium,low,NONE,,KEEP,NONE,functional intent calibration found no high-confidence SAME outcome,NO,,no,KEEP
https://funnytools.win/en/for/teachers/,audience,en,UNKNOWN (no current URL-level Coverage sample),yes,sitemap-en.xml,8,medium,low,NONE,,KEEP,NONE,functional intent calibration found no high-confidence SAME outcome,NO,,no,KEEP
https://funnytools.win/en/guides/2d-cad-drawing-board-workflow-guide/,guide,en,UNKNOWN (no current URL-level Coverage sample),yes,sitemap-en.xml,3,medium,low,NONE,,WAIT,NONE,new or evidence window too short; preserve observation state,NO,,no,WAIT
https://funnytools.win/en/guides/a4-vs-us-letter-printing-guide/,guide,en,UNKNOWN (no current URL-level Coverage sample),yes,sitemap-en.xml,12,low,low,NONE,,KEEP,NONE,functional intent calibration found no high-confidence SAME outcome,NO,,no,KEEP
https://funnytools.win/en/guides/anova-apa-format-guide/,guide,en,UNKNOWN (no current URL-level Coverage sample),yes,sitemap-en.xml,11,medium,low,NONE,,KEEP,NONE,functional intent calibration found no high-confidence SAME outcome,NO,,no,KEEP
https://funnytools.win/en/guides/bar-chart-school-report-guide/,guide,en,UNKNOWN (no current URL-level Coverage sample),yes,sitemap-en.xml,7,medium,low,NONE,,KEEP,NONE,functional intent calibration found no high-confidence SAME outcome,NO,,no,KEEP
https://funnytools.win/en/guides/classroom-group-roles-rotation-guide/,guide,en,UNKNOWN (no current URL-level Coverage sample),yes,sitemap-en.xml,7,medium,low,NONE,,WAIT,NONE,new or evidence window too short; preserve observation state,NO,,no,WAIT
https://funnytools.win/en/guides/classroom-lottery-tool-guide/,guide,en,UNKNOWN (no current URL-level Coverage sample),yes,sitemap-en.xml,11,medium,low,NONE,,KEEP,NONE,functional intent calibration found no high-confidence SAME outcome,NO,,no,KEEP
https://funnytools.win/en/guides/classroom-random-group-absent-student-repair-guide/,guide,en,UNKNOWN (no current URL-level Coverage sample),yes,sitemap-en.xml,4,high,low,NONE,,WAIT,NONE,new or evidence window too short; preserve observation state,NO,,no,WAIT
https://funnytools.win/en/guides/classroom-random-group-guide/,guide,en,UNKNOWN (no current URL-level Coverage sample),yes,sitemap-en.xml,19,high,low,NONE,,KEEP,NONE,functional intent calibration found no high-confidence SAME outcome,NO,,no,MERGE
https://funnytools.win/en/guides/classroom-random-group-materials-handoff-guide/,guide,en,UNKNOWN (no current URL-level Coverage sample),yes,sitemap-en.xml,2,medium,low,NONE,,WAIT,NONE,new or evidence window too short; preserve observation state,NO,,no,WAIT
https://funnytools.win/en/guides/classroom-random-group-no-repeat-guide/,guide,en,UNKNOWN (no current URL-level Coverage sample),yes,sitemap-en.xml,7,medium,low,NONE,,WAIT,NONE,new or evidence window too short; preserve observation state,NO,,no,WAIT
https://funnytools.win/en/guides/classroom-random-group-seat-transition-guide/,guide,en,UNKNOWN (no current URL-level Coverage sample),yes,sitemap-en.xml,3,medium,low,NONE,,WAIT,NONE,new or evidence window too short; preserve observation state,NO,,no,WAIT
https://funnytools.win/en/guides/classroom-random-group-shareable-result-guide/,guide,en,UNKNOWN (no current URL-level Coverage sample),yes,sitemap-en.xml,4,medium,low,NONE,,WAIT,NONE,new or evidence window too short; preserve observation state,NO,,no,WAIT
https://funnytools.win/en/guides/classroom-random-group-size-balance-guide/,guide,en,UNKNOWN (no current URL-level Coverage sample),yes,sitemap-en.xml,5,high,low,NONE,,WAIT,NONE,new or evidence window too short; preserve observation state,NO,,no,WAIT
https://funnytools.win/en/guides/classroom-random-picker-guide/,guide,en,UNKNOWN (no current URL-level Coverage sample),yes,sitemap-en.xml,16,medium,low,NONE,,KEEP,NONE,functional intent calibration found no high-confidence SAME outcome,NO,,no,MERGE
https://funnytools.win/en/guides/classroom-timer-guide/,guide,en,UNKNOWN (no current URL-level Coverage sample),yes,sitemap-en.xml,16,medium,low,NONE,,KEEP,NONE,functional intent calibration found no high-confidence SAME outcome,NO,,no,KEEP
https://funnytools.win/en/guides/csv-to-json-header-duplicate-column-guide/,guide,en,UNKNOWN (no current URL-level Coverage sample),yes,sitemap-en.xml,6,medium,low,NONE,,WAIT,NONE,new or evidence window too short; preserve observation state,NO,,no,WAIT
https://funnytools.win/en/guides/fair-student-grouping-guide/,guide,en,UNKNOWN (no current URL-level Coverage sample),yes,sitemap-en.xml,11,high,low,NONE,,KEEP,NONE,functional intent calibration found no high-confidence SAME outcome,NO,,no,MERGE
https://funnytools.win/en/guides/image-color-profile-web-print-guide/,guide,en,UNKNOWN (no current URL-level Coverage sample),yes,sitemap-en.xml,3,medium,low,NONE,,WAIT,NONE,new or evidence window too short; preserve observation state,NO,,no,WAIT
https://funnytools.win/en/guides/image-compression-email-guide/,guide,en,UNKNOWN (no current URL-level Coverage sample),yes,sitemap-en.xml,11,low,low,NONE,,KEEP,NONE,functional intent calibration found no high-confidence SAME outcome,NO,,no,KEEP
https://funnytools.win/en/guides/image-compression-quality-size-guide/,guide,en,UNKNOWN (no current URL-level Coverage sample),yes,sitemap-en.xml,8,medium,low,NONE,,WAIT,NONE,new or evidence window too short; preserve observation state,NO,,no,WAIT
https://funnytools.win/en/guides/image-compressor-metadata-privacy-guide/,guide,en,UNKNOWN (no current URL-level Coverage sample),yes,sitemap-en.xml,4,medium,low,NONE,,WAIT,NONE,new or evidence window too short; preserve observation state,NO,,no,WAIT
https://funnytools.win/en/guides/image-resampling-quality-guide/,guide,en,UNKNOWN (no current URL-level Coverage sample),yes,sitemap-en.xml,3,medium,low,NONE,,WAIT,NONE,new or evidence window too short; preserve observation state,NO,,no,WAIT
https://funnytools.win/en/guides/image-resize-aspect-ratio-guide/,guide,en,UNKNOWN (no current URL-level Coverage sample),yes,sitemap-en.xml,7,medium,low,NONE,,WAIT,NONE,new or evidence window too short; preserve observation state,NO,,no,WAIT
https://funnytools.win/en/guides/image-resolution-print-web-guide/,guide,en,UNKNOWN (no current URL-level Coverage sample),yes,sitemap-en.xml,5,medium,low,NONE,,WAIT,NONE,new or evidence window too short; preserve observation state,NO,,no,WAIT
https://funnytools.win/en/guides/,hub,en,UNKNOWN (no current URL-level Coverage sample),yes,sitemap-en.xml,193,low,low,NONE,,KEEP,NONE,functional intent calibration found no high-confidence SAME outcome,NO,,no,KEEP
https://funnytools.win/en/guides/json-formatter-trailing-comma-error-guide/,guide,en,UNKNOWN (no current URL-level Coverage sample),yes,sitemap-en.xml,5,medium,low,NONE,,WAIT,NONE,new or evidence window too short; preserve observation state,NO,,no,WAIT
https://funnytools.win/en/guides/merge-pdf-bookmarks-navigation-guide/,guide,en,UNKNOWN (no current URL-level Coverage sample),yes,sitemap-en.xml,4,medium,low,NONE,,WAIT,NONE,new or evidence window too short; preserve observation state,NO,,no,WAIT
https://funnytools.win/en/guides/merge-pdf-page-size-orientation-guide/,guide,en,UNKNOWN (no current URL-level Coverage sample),yes,sitemap-en.xml,9,medium,low,NONE,,WAIT,NONE,new or evidence window too short; preserve observation state,NO,,no,WAIT
https://funnytools.win/en/guides/merge-pdf-private-guide/,guide,en,UNKNOWN (no current URL-level Coverage sample),yes,sitemap-en.xml,14,medium,low,NONE,,KEEP,NONE,functional intent calibration found no high-confidence SAME outcome,NO,,no,KEEP
https://funnytools.win/en/guides/merge-pdf-reading-order-checklist-guide/,guide,en,UNKNOWN (no current URL-level Coverage sample),yes,sitemap-en.xml,9,medium,low,NONE,,WAIT,NONE,new or evidence window too short; preserve observation state,NO,,no,WAIT
https://funnytools.win/en/guides/pdf-accessibility-reading-order-check-guide/,guide,en,UNKNOWN (no current URL-level Coverage sample),yes,sitemap-en.xml,2,medium,low,NONE,,WAIT,NONE,new or evidence window too short; preserve observation state,NO,,no,WAIT
https://funnytools.win/en/guides/pdf-compressor-email-attachment-guide/,guide,en,UNKNOWN (no current URL-level Coverage sample),yes,sitemap-en.xml,5,medium,low,NONE,,WAIT,NONE,new or evidence window too short; preserve observation state,NO,,no,WAIT
https://funnytools.win/en/guides/pdf-compressor-form-fields-links-guide/,guide,en,UNKNOWN (no current URL-level Coverage sample),yes,sitemap-en.xml,3,medium,low,NONE,,WAIT,NONE,new or evidence window too short; preserve observation state,NO,,no,WAIT
https://funnytools.win/en/guides/pdf-page-reorder-appendix-merge-check-guide/,guide,en,UNKNOWN (no current URL-level Coverage sample),yes,sitemap-en.xml,4,medium,low,NONE,,WAIT,NONE,new or evidence window too short; preserve observation state,NO,,no,WAIT
https://funnytools.win/en/guides/pdf-split-vs-extract-vs-delete/,guide,en,UNKNOWN (no current URL-level Coverage sample),yes,sitemap-en.xml,5,medium,low,NONE,,WAIT,NONE,new or evidence window too short; preserve observation state,NO,,no,WAIT
https://funnytools.win/en/guides/pdf-table-to-excel-header-check-guide/,guide,en,UNKNOWN (no current URL-level Coverage sample),yes,sitemap-en.xml,5,medium,low,NONE,,WAIT,NONE,new or evidence window too short; preserve observation state,NO,,no,WAIT
https://funnytools.win/en/guides/pdf-to-image-background-contrast-guide/,guide,en,UNKNOWN (no current URL-level Coverage sample),yes,sitemap-en.xml,5,medium,low,NONE,,WAIT,NONE,new or evidence window too short; preserve observation state,NO,,no,WAIT
https://funnytools.win/en/guides/pdf-to-image-multipage-download-guide/,guide,en,UNKNOWN (no current URL-level Coverage sample),yes,sitemap-en.xml,8,medium,low,NONE,,WAIT,NONE,new or evidence window too short; preserve observation state,NO,,no,WAIT
https://funnytools.win/en/guides/pdf-to-image-print-crop-marks-guide/,guide,en,UNKNOWN (no current URL-level Coverage sample),yes,sitemap-en.xml,3,medium,low,NONE,,WAIT,NONE,new or evidence window too short; preserve observation state,NO,,no,WAIT
https://funnytools.win/en/guides/pdf-to-image-raster-text-search-guide/,guide,en,UNKNOWN (no current URL-level Coverage sample),yes,sitemap-en.xml,9,medium,low,NONE,,WAIT,NONE,new or evidence window too short; preserve observation state,NO,,no,WAIT
https://funnytools.win/en/guides/pdf-to-image-resolution-guide/,guide,en,UNKNOWN (no current URL-level Coverage sample),yes,sitemap-en.xml,12,medium,low,NONE,,WAIT,NONE,new or evidence window too short; preserve observation state,NO,,no,WAIT
https://funnytools.win/en/guides/pdf-to-word-form-field-editing-guide/,guide,en,UNKNOWN (no current URL-level Coverage sample),yes,sitemap-en.xml,4,medium,low,NONE,,WAIT,NONE,new or evidence window too short; preserve observation state,NO,,no,WAIT
https://funnytools.win/en/guides/pdf-to-word-layout-fidelity-guide/,guide,en,UNKNOWN (no current URL-level Coverage sample),yes,sitemap-en.xml,9,medium,low,NONE,,WAIT,NONE,new or evidence window too short; preserve observation state,NO,,no,WAIT
https://funnytools.win/en/guides/pdf-to-word-ocr-language-check-guide/,guide,en,UNKNOWN (no current URL-level Coverage sample),yes,sitemap-en.xml,2,medium,low,NONE,,WAIT,NONE,new or evidence window too short; preserve observation state,NO,,no,WAIT
https://funnytools.win/en/guides/pdf-to-word-review-track-changes-guide/,guide,en,UNKNOWN (no current URL-level Coverage sample),yes,sitemap-en.xml,6,medium,low,NONE,,WAIT,NONE,new or evidence window too short; preserve observation state,NO,,no,WAIT
https://funnytools.win/en/guides/pdf-upload-failed-troubleshooting/,guide,en,UNKNOWN (no current URL-level Coverage sample),yes,sitemap-en.xml,5,medium,low,NONE,,WAIT,NONE,new or evidence window too short; preserve observation state,NO,,no,WAIT
https://funnytools.win/en/guides/percentage-grade-to-gpa-conversion-guide/,guide,en,UNKNOWN (no current URL-level Coverage sample),yes,sitemap-en.xml,3,medium,low,NONE,,WAIT,NONE,new or evidence window too short; preserve observation state,NO,,no,WAIT
https://funnytools.win/en/guides/percentage-shortcuts-guide/,guide,en,UNKNOWN (no current URL-level Coverage sample),yes,sitemap-en.xml,8,low,low,NONE,,KEEP,NONE,functional intent calibration found no high-confidence SAME outcome,NO,,no,KEEP
https://funnytools.win/en/guides/percentile-rank-guide/,guide,en,UNKNOWN (no current URL-level Coverage sample),yes,sitemap-en.xml,10,medium,low,NONE,,KEEP,NONE,functional intent calibration found no high-confidence SAME outcome,NO,,no,KEEP
https://funnytools.win/en/guides/photos-to-pdf-phone-guide/,guide,en,UNKNOWN (no current URL-level Coverage sample),yes,sitemap-en.xml,7,medium,low,NONE,,KEEP,NONE,functional intent calibration found no high-confidence SAME outcome,NO,,no,KEEP
https://funnytools.win/en/guides/qr-code-accessible-fallback-guide/,guide,en,UNKNOWN (no current URL-level Coverage sample),yes,sitemap-en.xml,3,medium,low,NONE,,WAIT,NONE,new or evidence window too short; preserve observation state,NO,,no,WAIT
https://funnytools.win/en/guides/qr-code-before-print-testing-guide/,guide,en,UNKNOWN (no current URL-level Coverage sample),yes,sitemap-en.xml,12,medium,low,NONE,,WAIT,NONE,new or evidence window too short; preserve observation state,NO,,no,WAIT
https://funnytools.win/en/guides/qr-code-classroom-guide/,guide,en,UNKNOWN (no current URL-level Coverage sample),yes,sitemap-en.xml,7,medium,low,NONE,,KEEP,NONE,functional intent calibration found no high-confidence SAME outcome,NO,,no,KEEP
https://funnytools.win/en/guides/qr-code-destination-change-log-guide/,guide,en,UNKNOWN (no current URL-level Coverage sample),yes,sitemap-en.xml,4,medium,low,NONE,,WAIT,NONE,new or evidence window too short; preserve observation state,NO,,no,WAIT
https://funnytools.win/en/guides/qr-code-event-page-expiry-guide/,guide,en,UNKNOWN (no current URL-level Coverage sample),yes,sitemap-en.xml,7,medium,low,NONE,,WAIT,NONE,new or evidence window too short; preserve observation state,NO,,no,WAIT
https://funnytools.win/en/guides/qr-code-mobile-landing-page-guide/,guide,en,UNKNOWN (no current URL-level Coverage sample),yes,sitemap-en.xml,11,medium,low,NONE,,WAIT,NONE,new or evidence window too short; preserve observation state,NO,,no,WAIT
https://funnytools.win/en/guides/qr-code-multi-placement-consistency-guide/,guide,en,UNKNOWN (no current URL-level Coverage sample),yes,sitemap-en.xml,2,medium,low,NONE,,WAIT,NONE,new or evidence window too short; preserve observation state,NO,,no,WAIT
https://funnytools.win/en/guides/qr-code-multilingual-switch-testing-guide/,guide,en,UNKNOWN (no current URL-level Coverage sample),yes,sitemap-en.xml,4,medium,low,NONE,,WAIT,NONE,new or evidence window too short; preserve observation state,NO,,no,WAIT
https://funnytools.win/en/guides/qr-code-payload-length-guide/,guide,en,UNKNOWN (no current URL-level Coverage sample),yes,sitemap-en.xml,6,medium,low,NONE,,WAIT,NONE,new or evidence window too short; preserve observation state,NO,,no,WAIT
https://funnytools.win/en/guides/qr-code-scan-failure-field-troubleshooting-guide/,guide,en,UNKNOWN (no current URL-level Coverage sample),yes,sitemap-en.xml,3,medium,low,NONE,,WAIT,NONE,new or evidence window too short; preserve observation state,NO,,no,WAIT
https://funnytools.win/en/guides/qr-code-utm-campaign-link-guide/,guide,en,UNKNOWN (no current URL-level Coverage sample),yes,sitemap-en.xml,5,medium,low,NONE,,WAIT,NONE,new or evidence window too short; preserve observation state,NO,,no,WAIT
https://funnytools.win/en/guides/seating-chart-changeover-routine-guide/,guide,en,UNKNOWN (no current URL-level Coverage sample),yes,sitemap-en.xml,5,medium,low,NONE,,WAIT,NONE,new or evidence window too short; preserve observation state,NO,,no,WAIT
https://funnytools.win/en/guides/seating-chart-student-needs-intake-guide/,guide,en,UNKNOWN (no current URL-level Coverage sample),yes,sitemap-en.xml,6,medium,low,NONE,,WAIT,NONE,new or evidence window too short; preserve observation state,NO,,no,WAIT
https://funnytools.win/en/guides/split-pdf-output-naming-batch-delivery-guide/,guide,en,UNKNOWN (no current URL-level Coverage sample),yes,sitemap-en.xml,3,medium,low,NONE,,WAIT,NONE,new or evidence window too short; preserve observation state,NO,,no,WAIT
https://funnytools.win/en/guides/split-pdf-page-range-planning-guide/,guide,en,UNKNOWN (no current URL-level Coverage sample),yes,sitemap-en.xml,8,medium,low,NONE,,WAIT,NONE,new or evidence window too short; preserve observation state,NO,,no,WAIT
https://funnytools.win/en/guides/spss-levene-test-guide/,guide,en,UNKNOWN (no current URL-level Coverage sample),yes,sitemap-en.xml,12,medium,low,NONE,,KEEP,NONE,functional intent calibration found no high-confidence SAME outcome,NO,,no,KEEP
https://funnytools.win/en/guides/t-score-calculator-guide/,guide,en,UNKNOWN (no current URL-level Coverage sample),yes,sitemap-en.xml,15,high,high,NONE,,KEEP,NONE,functional intent calibration found no high-confidence SAME outcome,NO,,no,MERGE
https://funnytools.win/en/guides/t-test-apa-format-guide/,guide,en,UNKNOWN (no current URL-level Coverage sample),yes,sitemap-en.xml,11,medium,low,NONE,,KEEP,NONE,functional intent calibration found no high-confidence SAME outcome,NO,,no,KEEP
https://funnytools.win/en/guides/teacher-exam-weighted-score-guide/,guide,en,UNKNOWN (no current URL-level Coverage sample),yes,sitemap-en.xml,12,medium,low,NONE,,KEEP,NONE,functional intent calibration found no high-confidence SAME outcome,NO,,no,KEEP
https://funnytools.win/en/guides/two-way-anova-interaction-guide/,guide,en,UNKNOWN (no current URL-level Coverage sample),yes,sitemap-en.xml,8,medium,low,NONE,,KEEP,NONE,functional intent calibration found no high-confidence SAME outcome,NO,,no,KEEP
https://funnytools.win/en/guides/word-count-essay-limits-guide/,guide,en,UNKNOWN (no current URL-level Coverage sample),yes,sitemap-en.xml,6,low,low,NONE,,KEEP,NONE,functional intent calibration found no high-confidence SAME outcome,NO,,no,KEEP
https://funnytools.win/en/guides/z-score-calculator-guide/,guide,en,UNKNOWN (no current URL-level Coverage sample),yes,sitemap-en.xml,12,high,low,NONE,,KEEP,NONE,functional intent calibration found no high-confidence SAME outcome,NO,,no,MERGE
https://funnytools.win/en/,home,en,Indexed,yes,sitemap-en.xml,407,medium,low,NONE,,KEEP,NONE,functional intent calibration found no high-confidence SAME outcome,NO,,no,KEEP
https://funnytools.win/en/privacy/,legal,en,UNKNOWN (no current URL-level Coverage sample),yes,sitemap-en.xml,194,medium,low,NONE,,IMPROVE,NONE,multi-signal value triage remains below review floor after similarity recalibration,NO,,yes,IMPROVE
https://funnytools.win/en/shop/,support,en,UNKNOWN (no current URL-level Coverage sample),yes,sitemap-en.xml,193,low,low,NONE,,KEEP,NONE,functional intent calibration found no high-confidence SAME outcome,NO,,no,KEEP
https://funnytools.win/en/support/,support,en,UNKNOWN (no current URL-level Coverage sample),yes,sitemap-en.xml,193,medium,low,NONE,,KEEP,NONE,functional intent calibration found no high-confidence SAME outcome,NO,,no,KEEP
https://funnytools.win/en/terms/,legal,en,UNKNOWN (no current URL-level Coverage sample),yes,sitemap-en.xml,193,medium,low,NONE,,IMPROVE,NONE,multi-signal value triage remains below review floor after similarity recalibration,NO,,yes,IMPROVE
https://funnytools.win/en/tools/age-calculator/,tool,en,UNKNOWN (no current URL-level Coverage sample),yes,sitemap-en.xml,14,medium,low,NONE,,KEEP,NONE,functional intent calibration found no high-confidence SAME outcome,NO,,no,KEEP
https://funnytools.win/en/tools/apa-7-report-generator/,tool,en,UNKNOWN (no current URL-level Coverage sample),yes,sitemap-en.xml,16,high,low,NONE,,KEEP,NONE,functional intent calibration found no high-confidence SAME outcome,NO,,no,MERGE
https://funnytools.win/en/tools/bar-chart-maker/,tool,en,UNKNOWN (no current URL-level Coverage sample),yes,sitemap-en.xml,14,medium,low,NONE,,KEEP,NONE,functional intent calibration found no high-confidence SAME outcome,NO,,no,MERGE
https://funnytools.win/en/tools/barcode-generator/,tool,en,UNKNOWN (no current URL-level Coverage sample),yes,sitemap-en.xml,10,medium,low,NONE,,KEEP,NONE,functional intent calibration found no high-confidence SAME outcome,NO,,no,KEEP
https://funnytools.win/en/tools/base64/,tool,en,UNKNOWN (no current URL-level Coverage sample),yes,sitemap-en.xml,12,medium,low,NONE,,KEEP,NONE,functional intent calibration found no high-confidence SAME outcome,NO,,no,KEEP
https://funnytools.win/en/tools/break-reminder/,tool,en,UNKNOWN (no current URL-level Coverage sample),yes,sitemap-en.xml,10,medium,low,NONE,,KEEP,NONE,functional intent calibration found no high-confidence SAME outcome,NO,,no,KEEP
https://funnytools.win/en/tools/bulk-image-compressor/,tool,en,UNKNOWN (no current URL-level Coverage sample),yes,sitemap-en.xml,4,medium,low,NONE,,KEEP,NONE,functional intent calibration found no high-confidence SAME outcome,NO,,no,KEEP
https://funnytools.win/en/tools/business-days/,tool,en,UNKNOWN (no current URL-level Coverage sample),yes,sitemap-en.xml,17,medium,low,NONE,,KEEP,NONE,functional intent calibration found no high-confidence SAME outcome,NO,,no,KEEP
https://funnytools.win/en/tools/cad-2d/,tool,en,Not indexed,yes,sitemap-en.xml,13,medium,low,NONE,,KEEP,NONE,functional intent calibration found no high-confidence SAME outcome,NO,,no,KEEP
https://funnytools.win/en/tools/case-converter/,tool,en,UNKNOWN (no current URL-level Coverage sample),yes,sitemap-en.xml,22,medium,low,NONE,,KEEP,NONE,functional intent calibration found no high-confidence SAME outcome,NO,,no,KEEP
https://funnytools.win/en/tools/character-counter/,tool,en,Not indexed,yes,sitemap-en.xml,31,medium,low,NONE,,KEEP,NONE,functional intent calibration found no high-confidence SAME outcome,NO,,no,KEEP
https://funnytools.win/en/tools/class-rank-percentile-calculator/,tool,en,UNKNOWN (no current URL-level Coverage sample),yes,sitemap-en.xml,14,high,low,NONE,,KEEP,NONE,functional intent calibration found no high-confidence SAME outcome,NO,,no,MERGE
https://funnytools.win/en/tools/color-generator/,tool,en,UNKNOWN (no current URL-level Coverage sample),yes,sitemap-en.xml,13,low,low,NONE,,KEEP,NONE,functional intent calibration found no high-confidence SAME outcome,NO,,no,KEEP
https://funnytools.win/en/tools/compound-interest/,tool,en,UNKNOWN (no current URL-level Coverage sample),yes,sitemap-en.xml,13,medium,low,NONE,,KEEP,NONE,functional intent calibration found no high-confidence SAME outcome,NO,,no,KEEP
https://funnytools.win/en/tools/countdown-timer/,tool,en,UNKNOWN (no current URL-level Coverage sample),yes,sitemap-en.xml,21,medium,low,NONE,,KEEP,NONE,functional intent calibration found no high-confidence SAME outcome,NO,,no,KEEP
https://funnytools.win/en/tools/cronbach-alpha-calculator/,tool,en,UNKNOWN (no current URL-level Coverage sample),yes,sitemap-en.xml,7,medium,low,NONE,,KEEP,NONE,functional intent calibration found no high-confidence SAME outcome,NO,,no,KEEP
https://funnytools.win/en/tools/csv-to-json/,tool,en,UNKNOWN (no current URL-level Coverage sample),yes,sitemap-en.xml,12,high,low,NONE,,KEEP,NONE,functional intent calibration found no high-confidence SAME outcome,NO,,no,MERGE
https://funnytools.win/en/tools/date-difference/,tool,en,UNKNOWN (no current URL-level Coverage sample),yes,sitemap-en.xml,16,medium,low,NONE,,KEEP,NONE,functional intent calibration found no high-confidence SAME outcome,NO,,no,KEEP
https://funnytools.win/en/tools/delete-pdf-pages/,tool,en,UNKNOWN (no current URL-level Coverage sample),yes,sitemap-en.xml,14,high,high,NONE,,KEEP,NONE,functional intent calibration found no high-confidence SAME outcome,NO,,no,MERGE
https://funnytools.win/en/tools/dice-roller/,tool,en,UNKNOWN (no current URL-level Coverage sample),yes,sitemap-en.xml,15,medium,low,NONE,,KEEP,NONE,functional intent calibration found no high-confidence SAME outcome,NO,,no,KEEP
https://funnytools.win/en/tools/extract-pdf-pages/,tool,en,UNKNOWN (no current URL-level Coverage sample),yes,sitemap-en.xml,15,high,high,NONE,,KEEP,NONE,functional intent calibration found no high-confidence SAME outcome,NO,,no,MERGE
https://funnytools.win/en/tools/flowchart/,tool,en,UNKNOWN (no current URL-level Coverage sample),yes,sitemap-en.xml,12,low,low,NONE,,KEEP,NONE,functional intent calibration found no high-confidence SAME outcome,NO,,no,KEEP
https://funnytools.win/en/tools/gpa-calculator/,tool,en,UNKNOWN (no current URL-level Coverage sample),yes,sitemap-en.xml,14,medium,low,NONE,,KEEP,NONE,functional intent calibration found no high-confidence SAME outcome,NO,,no,KEEP
https://funnytools.win/en/tools/grade-average/,tool,en,Not indexed,yes,sitemap-en.xml,23,medium,low,NONE,,KEEP,NONE,functional intent calibration found no high-confidence SAME outcome,NO,,no,KEEP
https://funnytools.win/en/tools/group-generator/,tool,en,UNKNOWN (no current URL-level Coverage sample),yes,sitemap-en.xml,23,high,low,NONE,,IMPROVE,NONE,multi-signal value triage remains below review floor after similarity recalibration,NO,,yes,IMPROVE
https://funnytools.win/en/tools/image-compressor/,tool,en,UNKNOWN (no current URL-level Coverage sample),yes,sitemap-en.xml,40,medium,low,NONE,,KEEP,NONE,functional intent calibration found no high-confidence SAME outcome,NO,,no,KEEP
https://funnytools.win/en/tools/image-crop/,tool,en,UNKNOWN (no current URL-level Coverage sample),yes,sitemap-en.xml,16,medium,low,NONE,,KEEP,NONE,functional intent calibration found no high-confidence SAME outcome,NO,,no,KEEP
https://funnytools.win/en/tools/image-resizer/,tool,en,UNKNOWN (no current URL-level Coverage sample),yes,sitemap-en.xml,37,medium,low,NONE,,KEEP,NONE,functional intent calibration found no high-confidence SAME outcome,NO,,no,KEEP
https://funnytools.win/en/tools/image-rotate-flip/,tool,en,UNKNOWN (no current URL-level Coverage sample),yes,sitemap-en.xml,9,medium,low,NONE,,KEEP,NONE,functional intent calibration found no high-confidence SAME outcome,NO,,no,KEEP
https://funnytools.win/en/tools/image-to-base64/,tool,en,UNKNOWN (no current URL-level Coverage sample),yes,sitemap-en.xml,10,medium,low,NONE,,KEEP,NONE,functional intent calibration found no high-confidence SAME outcome,NO,,no,KEEP
https://funnytools.win/en/tools/image-to-dxf/,tool,en,UNKNOWN (no current URL-level Coverage sample),yes,sitemap-en.xml,9,low,low,NONE,,KEEP,NONE,functional intent calibration found no high-confidence SAME outcome,NO,,no,KEEP
https://funnytools.win/en/tools/images-to-pdf/,tool,en,UNKNOWN (no current URL-level Coverage sample),yes,sitemap-en.xml,18,medium,low,NONE,,KEEP,NONE,functional intent calibration found no high-confidence SAME outcome,NO,,no,KEEP
https://funnytools.win/en/tools/independent-samples-t-test-calculator/,tool,en,UNKNOWN (no current URL-level Coverage sample),yes,sitemap-en.xml,10,medium,low,NONE,,KEEP,NONE,functional intent calibration found no high-confidence SAME outcome,NO,,no,KEEP
https://funnytools.win/en/tools/,hub,en,Not indexed,yes,sitemap-en.xml,194,medium,low,NONE,,KEEP,NONE,functional intent calibration found no high-confidence SAME outcome,NO,,no,KEEP
https://funnytools.win/en/tools/inflation/,tool,en,UNKNOWN (no current URL-level Coverage sample),yes,sitemap-en.xml,12,medium,low,NONE,,KEEP,NONE,functional intent calibration found no high-confidence SAME outcome,NO,,no,KEEP
https://funnytools.win/en/tools/jpg-to-png/,tool,en,UNKNOWN (no current URL-level Coverage sample),yes,sitemap-en.xml,18,high,high,NONE,,KEEP,NONE,functional intent calibration found no high-confidence SAME outcome,NO,,no,MERGE
https://funnytools.win/en/tools/jpg-to-webp/,tool,en,UNKNOWN (no current URL-level Coverage sample),yes,sitemap-en.xml,15,high,high,NONE,,KEEP,NONE,functional intent calibration found no high-confidence SAME outcome,NO,,no,MERGE
https://funnytools.win/en/tools/json-formatter/,tool,en,UNKNOWN (no current URL-level Coverage sample),yes,sitemap-en.xml,23,medium,low,NONE,,KEEP,NONE,functional intent calibration found no high-confidence SAME outcome,NO,,no,KEEP
https://funnytools.win/en/tools/json-to-csv/,tool,en,UNKNOWN (no current URL-level Coverage sample),yes,sitemap-en.xml,10,high,low,NONE,,KEEP,NONE,functional intent calibration found no high-confidence SAME outcome,NO,,no,MERGE
https://funnytools.win/en/tools/markdown-previewer/,tool,en,UNKNOWN (no current URL-level Coverage sample),yes,sitemap-en.xml,9,low,low,NONE,,KEEP,NONE,functional intent calibration found no high-confidence SAME outcome,NO,,no,KEEP
https://funnytools.win/en/tools/merge-pdf/,tool,en,UNKNOWN (no current URL-level Coverage sample),yes,sitemap-en.xml,27,medium,low,NONE,,KEEP,NONE,functional intent calibration found no high-confidence SAME outcome,NO,,no,KEEP
https://funnytools.win/en/tools/mortgage-payment/,tool,en,UNKNOWN (no current URL-level Coverage sample),yes,sitemap-en.xml,13,medium,low,NONE,,KEEP,NONE,functional intent calibration found no high-confidence SAME outcome,NO,,no,KEEP
https://funnytools.win/en/tools/net-salary/,tool,en,UNKNOWN (no current URL-level Coverage sample),yes,sitemap-en.xml,12,medium,low,NONE,,KEEP,NONE,functional intent calibration found no high-confidence SAME outcome,NO,,no,KEEP
https://funnytools.win/en/tools/normalized-score-converter/,tool,en,UNKNOWN (no current URL-level Coverage sample),yes,sitemap-en.xml,13,high,low,NONE,,KEEP,NONE,functional intent calibration found no high-confidence SAME outcome,NO,,no,MERGE
https://funnytools.win/en/tools/overtime-pay/,tool,en,UNKNOWN (no current URL-level Coverage sample),yes,sitemap-en.xml,13,medium,low,NONE,,KEEP,NONE,functional intent calibration found no high-confidence SAME outcome,NO,,no,KEEP
https://funnytools.win/en/tools/password-generator/,tool,en,UNKNOWN (no current URL-level Coverage sample),yes,sitemap-en.xml,13,low,low,NONE,,KEEP,NONE,functional intent calibration found no high-confidence SAME outcome,NO,,no,KEEP
https://funnytools.win/en/tools/pdf-compressor/,tool,en,UNKNOWN (no current URL-level Coverage sample),yes,sitemap-en.xml,27,medium,low,NONE,,KEEP,NONE,functional intent calibration found no high-confidence SAME outcome,NO,,no,KEEP
https://funnytools.win/en/tools/pdf-page-reorder/,tool,en,UNKNOWN (no current URL-level Coverage sample),yes,sitemap-en.xml,22,medium,low,NONE,,KEEP,NONE,functional intent calibration found no high-confidence SAME outcome,NO,,no,KEEP
https://funnytools.win/en/tools/pdf-table-to-excel/,tool,en,UNKNOWN (no current URL-level Coverage sample),yes,sitemap-en.xml,7,medium,low,NONE,,KEEP,NONE,functional intent calibration found no high-confidence SAME outcome,NO,,no,KEEP
https://funnytools.win/en/tools/pdf-to-image/,tool,en,UNKNOWN (no current URL-level Coverage sample),yes,sitemap-en.xml,23,medium,low,NONE,,KEEP,NONE,functional intent calibration found no high-confidence SAME outcome,NO,,no,KEEP
https://funnytools.win/en/tools/pdf-to-word/,tool,en,UNKNOWN (no current URL-level Coverage sample),yes,sitemap-en.xml,12,medium,low,NONE,,KEEP,NONE,functional intent calibration found no high-confidence SAME outcome,NO,,no,KEEP
https://funnytools.win/en/tools/percentage-calculator/,tool,en,UNKNOWN (no current URL-level Coverage sample),yes,sitemap-en.xml,11,low,low,NONE,,KEEP,NONE,functional intent calibration found no high-confidence SAME outcome,NO,,no,KEEP
https://funnytools.win/en/tools/percentile-rank-calculator/,tool,en,UNKNOWN (no current URL-level Coverage sample),yes,sitemap-en.xml,21,high,low,NONE,,KEEP,NONE,functional intent calibration found no high-confidence SAME outcome,NO,,no,MERGE
https://funnytools.win/en/tools/pie-chart-maker/,tool,en,UNKNOWN (no current URL-level Coverage sample),yes,sitemap-en.xml,13,medium,low,NONE,,KEEP,NONE,functional intent calibration found no high-confidence SAME outcome,NO,,no,MERGE
https://funnytools.win/en/tools/png-to-jpg/,tool,en,UNKNOWN (no current URL-level Coverage sample),yes,sitemap-en.xml,23,high,high,NONE,,KEEP,NONE,functional intent calibration found no high-confidence SAME outcome,NO,,no,MERGE
https://funnytools.win/en/tools/pomodoro-timer/,tool,en,UNKNOWN (no current URL-level Coverage sample),yes,sitemap-en.xml,14,medium,low,NONE,,KEEP,NONE,functional intent calibration found no high-confidence SAME outcome,NO,,no,KEEP
https://funnytools.win/en/tools/qr-code-generator/,tool,en,UNKNOWN (no current URL-level Coverage sample),yes,sitemap-en.xml,41,medium,low,NONE,,KEEP,NONE,functional intent calibration found no high-confidence SAME outcome,NO,,no,KEEP
https://funnytools.win/en/tools/random-group-generator/,tool,en,UNKNOWN (no current URL-level Coverage sample),yes,sitemap-en.xml,32,high,low,NONE,,IMPROVE,NONE,multi-signal value triage remains below review floor after similarity recalibration,NO,,yes,IMPROVE
https://funnytools.win/en/tools/random-name-picker/,tool,en,UNKNOWN (no current URL-level Coverage sample),yes,sitemap-en.xml,22,medium,low,NONE,,KEEP,NONE,functional intent calibration found no high-confidence SAME outcome,NO,,no,KEEP
https://funnytools.win/en/tools/random-number-picker/,tool,en,UNKNOWN (no current URL-level Coverage sample),yes,sitemap-en.xml,23,medium,low,NONE,,KEEP,NONE,functional intent calibration found no high-confidence SAME outcome,NO,,no,KEEP
https://funnytools.win/en/tools/random-student-picker/,tool,en,UNKNOWN (no current URL-level Coverage sample),yes,sitemap-en.xml,26,medium,low,NONE,,KEEP,NONE,functional intent calibration found no high-confidence SAME outcome,NO,,no,KEEP
https://funnytools.win/en/tools/random-wheel/,tool,en,UNKNOWN (no current URL-level Coverage sample),yes,sitemap-en.xml,19,medium,low,NONE,,KEEP,NONE,functional intent calibration found no high-confidence SAME outcome,NO,,no,KEEP
https://funnytools.win/en/tools/remove-duplicate-lines/,tool,en,UNKNOWN (no current URL-level Coverage sample),yes,sitemap-en.xml,12,medium,low,NONE,,KEEP,NONE,functional intent calibration found no high-confidence SAME outcome,NO,,no,KEEP
https://funnytools.win/en/tools/remove-empty-lines/,tool,en,UNKNOWN (no current URL-level Coverage sample),yes,sitemap-en.xml,13,medium,low,NONE,,KEEP,NONE,functional intent calibration found no high-confidence SAME outcome,NO,,no,KEEP
https://funnytools.win/en/tools/rotate-pdf/,tool,en,UNKNOWN (no current URL-level Coverage sample),yes,sitemap-en.xml,11,medium,low,NONE,,KEEP,NONE,functional intent calibration found no high-confidence SAME outcome,NO,,no,KEEP
https://funnytools.win/en/tools/savings-goal/,tool,en,Not indexed,yes,sitemap-en.xml,13,medium,low,NONE,,KEEP,NONE,functional intent calibration found no high-confidence SAME outcome,NO,,no,KEEP
https://funnytools.win/en/tools/seating-chart/,tool,en,UNKNOWN (no current URL-level Coverage sample),yes,sitemap-en.xml,19,medium,low,NONE,,KEEP,NONE,functional intent calibration found no high-confidence SAME outcome,NO,,no,KEEP
https://funnytools.win/en/tools/sketchpad/,tool,en,UNKNOWN (no current URL-level Coverage sample),yes,sitemap-en.xml,13,medium,low,NONE,,KEEP,NONE,functional intent calibration found no high-confidence SAME outcome,NO,,no,KEEP
https://funnytools.win/en/tools/sort-lines/,tool,en,UNKNOWN (no current URL-level Coverage sample),yes,sitemap-en.xml,15,medium,low,NONE,,KEEP,NONE,functional intent calibration found no high-confidence SAME outcome,NO,,no,KEEP
https://funnytools.win/en/tools/split-pdf/,tool,en,UNKNOWN (no current URL-level Coverage sample),yes,sitemap-en.xml,25,medium,low,NONE,,KEEP,NONE,functional intent calibration found no high-confidence SAME outcome,NO,,no,KEEP
https://funnytools.win/en/tools/spss-result-interpreter/,tool,en,UNKNOWN (no current URL-level Coverage sample),yes,sitemap-en.xml,13,high,low,NONE,,KEEP,NONE,functional intent calibration found no high-confidence SAME outcome,NO,,no,MERGE
https://funnytools.win/en/tools/standard-deviation/,tool,en,UNKNOWN (no current URL-level Coverage sample),yes,sitemap-en.xml,21,high,low,NONE,,KEEP,NONE,functional intent calibration found no high-confidence SAME outcome,NO,,no,MERGE
https://funnytools.win/en/tools/stopwatch/,tool,en,UNKNOWN (no current URL-level Coverage sample),yes,sitemap-en.xml,13,medium,low,NONE,,KEEP,NONE,functional intent calibration found no high-confidence SAME outcome,NO,,no,KEEP
https://funnytools.win/en/tools/t-score-calculator/,tool,en,UNKNOWN (no current URL-level Coverage sample),yes,sitemap-en.xml,24,high,high,NONE,,KEEP,NONE,functional intent calibration found no high-confidence SAME outcome,NO,,no,MERGE
https://funnytools.win/en/tools/teacher-exam-score-converter/,tool,en,UNKNOWN (no current URL-level Coverage sample),yes,sitemap-en.xml,14,high,low,NONE,,KEEP,NONE,functional intent calibration found no high-confidence SAME outcome,NO,,no,MERGE
https://funnytools.win/en/tools/this-or-that/,tool,en,Not indexed,yes,sitemap-en.xml,12,medium,low,NONE,,KEEP,NONE,functional intent calibration found no high-confidence SAME outcome,NO,,no,KEEP
https://funnytools.win/en/tools/timestamp-converter/,tool,en,UNKNOWN (no current URL-level Coverage sample),yes,sitemap-en.xml,10,low,low,NONE,,KEEP,NONE,functional intent calibration found no high-confidence SAME outcome,NO,,no,KEEP
https://funnytools.win/en/tools/url-encoder/,tool,en,UNKNOWN (no current URL-level Coverage sample),yes,sitemap-en.xml,21,medium,low,NONE,,KEEP,NONE,functional intent calibration found no high-confidence SAME outcome,NO,,no,KEEP
https://funnytools.win/en/tools/uuid-generator/,tool,en,UNKNOWN (no current URL-level Coverage sample),yes,sitemap-en.xml,9,low,low,NONE,,KEEP,NONE,functional intent calibration found no high-confidence SAME outcome,NO,,no,KEEP
https://funnytools.win/en/tools/webp-to-jpg/,tool,en,UNKNOWN (no current URL-level Coverage sample),yes,sitemap-en.xml,10,high,high,NONE,,KEEP,NONE,functional intent calibration found no high-confidence SAME outcome,NO,,no,MERGE
https://funnytools.win/en/tools/weighted-average-calculator/,tool,en,UNKNOWN (no current URL-level Coverage sample),yes,sitemap-en.xml,18,high,low,NONE,,KEEP,NONE,functional intent calibration found no high-confidence SAME outcome,NO,,no,MERGE
https://funnytools.win/en/tools/what-to-eat/,tool,en,UNKNOWN (no current URL-level Coverage sample),yes,sitemap-en.xml,11,medium,low,NONE,,KEEP,NONE,functional intent calibration found no high-confidence SAME outcome,NO,,no,KEEP
https://funnytools.win/en/tools/word-counter/,tool,en,UNKNOWN (no current URL-level Coverage sample),yes,sitemap-en.xml,24,medium,low,NONE,,KEEP,NONE,functional intent calibration found no high-confidence SAME outcome,NO,,no,KEEP
https://funnytools.win/en/tools/z-score-calculator/,tool,en,UNKNOWN (no current URL-level Coverage sample),yes,sitemap-en.xml,23,high,low,NONE,,KEEP,NONE,functional intent calibration found no high-confidence SAME outcome,NO,,no,MERGE
https://funnytools.win/en/workflows/creator-social-toolkit/,workflow,en,UNKNOWN (no current URL-level Coverage sample),yes,sitemap-en.xml,24,medium,low,NONE,,KEEP,NONE,functional intent calibration found no high-confidence SAME outcome,NO,,no,KEEP
https://funnytools.win/en/workflows/daily-decision-toolkit/,workflow,en,UNKNOWN (no current URL-level Coverage sample),yes,sitemap-en.xml,14,medium,low,NONE,,KEEP,NONE,functional intent calibration found no high-confidence SAME outcome,NO,,no,KEEP
https://funnytools.win/en/workflows/graduate-statistics-report-toolkit/,workflow,en,UNKNOWN (no current URL-level Coverage sample),yes,sitemap-en.xml,18,medium,low,NONE,,KEEP,NONE,functional intent calibration found no high-confidence SAME outcome,NO,,no,KEEP
https://funnytools.win/en/workflows/,hub,en,UNKNOWN (no current URL-level Coverage sample),yes,sitemap-en.xml,193,low,low,NONE,,KEEP,NONE,functional intent calibration found no high-confidence SAME outcome,NO,,no,KEEP
https://funnytools.win/en/workflows/office-document-toolkit/,workflow,en,UNKNOWN (no current URL-level Coverage sample),yes,sitemap-en.xml,35,medium,low,NONE,,KEEP,NONE,functional intent calibration found no high-confidence SAME outcome,NO,,no,KEEP
https://funnytools.win/en/workflows/student-report-toolkit/,workflow,en,UNKNOWN (no current URL-level Coverage sample),yes,sitemap-en.xml,18,medium,low,NONE,,KEEP,NONE,functional intent calibration found no high-confidence SAME outcome,NO,,no,KEEP
https://funnytools.win/en/workflows/teacher-classroom-random-toolkit/,workflow,en,UNKNOWN (no current URL-level Coverage sample),yes,sitemap-en.xml,31,medium,low,NONE,,KEEP,NONE,functional intent calibration found no high-confidence SAME outcome,NO,,no,KEEP
https://funnytools.win/en/workflows/teacher-exam-score-toolkit/,workflow,en,UNKNOWN (no current URL-level Coverage sample),yes,sitemap-en.xml,17,high,low,NONE,,IMPROVE,NONE,multi-signal value triage remains below review floor after similarity recalibration,NO,,yes,IMPROVE
https://funnytools.win/es/apoyar-funnytools/,support,es,UNKNOWN (no current URL-level Coverage sample),yes,sitemap-es.xml,141,high,high,NONE,,IMPROVE,NONE,multi-signal value triage remains below review floor after similarity recalibration,NO,,yes,IMPROVE
https://funnytools.win/es/aviso-legal/,other,es,UNKNOWN (no current URL-level Coverage sample),yes,sitemap-es.xml,141,high,high,NONE,,IMPROVE,NONE,multi-signal value triage remains below review floor after similarity recalibration,NO,,yes,IMPROVE
https://funnytools.win/es/categorias/azar/,category,es,UNKNOWN (no current URL-level Coverage sample),yes,sitemap-es.xml,141,high,high,NONE,,IMPROVE,NONE,multi-signal value triage remains below review floor after similarity recalibration,NO,,yes,IMPROVE
https://funnytools.win/es/categorias/dibujo/,category,es,UNKNOWN (no current URL-level Coverage sample),yes,sitemap-es.xml,141,high,low,NONE,,IMPROVE,NONE,multi-signal value triage remains below review floor after similarity recalibration,NO,,yes,IMPROVE
https://funnytools.win/es/categorias/dinero/,category,es,UNKNOWN (no current URL-level Coverage sample),yes,sitemap-es.xml,141,medium,low,NONE,,KEEP,NONE,functional intent calibration found no high-confidence SAME outcome,NO,,no,KEEP
https://funnytools.win/es/categorias/estadistica/,category,es,UNKNOWN (no current URL-level Coverage sample),yes,sitemap-es.xml,141,high,high,NONE,,IMPROVE,NONE,multi-signal value triage remains below review floor after similarity recalibration,NO,,yes,IMPROVE
https://funnytools.win/es/categorias/estudio/,category,es,UNKNOWN (no current URL-level Coverage sample),yes,sitemap-es.xml,141,high,high,NONE,,IMPROVE,NONE,multi-signal value triage remains below review floor after similarity recalibration,NO,,yes,IMPROVE
https://funnytools.win/es/categorias/imagen/,category,es,UNKNOWN (no current URL-level Coverage sample),yes,sitemap-es.xml,141,high,high,NONE,,IMPROVE,NONE,multi-signal value triage remains below review floor after similarity recalibration,NO,,yes,IMPROVE
https://funnytools.win/es/categorias/pdf/,category,es,UNKNOWN (no current URL-level Coverage sample),yes,sitemap-es.xml,141,high,high,NONE,,IMPROVE,NONE,multi-signal value triage remains below review floor after similarity recalibration,NO,,yes,IMPROVE
https://funnytools.win/es/categorias/texto/,category,es,UNKNOWN (no current URL-level Coverage sample),yes,sitemap-es.xml,141,high,high,NONE,,IMPROVE,NONE,multi-signal value triage remains below review floor after similarity recalibration,NO,,yes,IMPROVE
https://funnytools.win/es/categorias/tiempo/,category,es,UNKNOWN (no current URL-level Coverage sample),yes,sitemap-es.xml,141,high,low,NONE,,IMPROVE,NONE,multi-signal value triage remains below review floor after similarity recalibration,NO,,yes,IMPROVE
https://funnytools.win/es/como-funcionan-las-herramientas/,legal,es,UNKNOWN (no current URL-level Coverage sample),yes,sitemap-es.xml,142,high,high,NONE,,IMPROVE,NONE,multi-signal value triage remains below review floor after similarity recalibration,NO,,yes,IMPROVE
https://funnytools.win/es/condiciones-de-uso/,legal,es,UNKNOWN (no current URL-level Coverage sample),yes,sitemap-es.xml,141,high,high,NONE,,IMPROVE,NONE,multi-signal value triage remains below review floor after similarity recalibration,NO,,yes,IMPROVE
https://funnytools.win/es/contacto/,legal,es,UNKNOWN (no current URL-level Coverage sample),yes,sitemap-es.xml,141,high,high,NONE,,IMPROVE,NONE,multi-signal value triage remains below review floor after similarity recalibration,NO,,yes,IMPROVE
https://funnytools.win/es/estadisticas-educativas/,other,es,UNKNOWN (no current URL-level Coverage sample),yes,sitemap-es.xml,141,high,high,NONE,,IMPROVE,NONE,multi-signal value triage remains below review floor after similarity recalibration,NO,,yes,IMPROVE
https://funnytools.win/es/flujos/actividades-aleatorias-aula/,workflow,es,UNKNOWN (no current URL-level Coverage sample),yes,sitemap-es.xml,5,high,high,NONE,,IMPROVE,NONE,multi-signal value triage remains below review floor after similarity recalibration,NO,,yes,IMPROVE
https://funnytools.win/es/flujos/calcular-nota-oposicion-docente/,workflow,es,UNKNOWN (no current URL-level Coverage sample),yes,sitemap-es.xml,5,medium,low,NONE,,KEEP,NONE,functional intent calibration found no high-confidence SAME outcome,NO,,no,KEEP
https://funnytools.win/es/flujos/contenido-redes-sociales/,workflow,es,UNKNOWN (no current URL-level Coverage sample),yes,sitemap-es.xml,4,high,high,NONE,,IMPROVE,NONE,multi-signal value triage remains below review floor after similarity recalibration,NO,,yes,IMPROVE
https://funnytools.win/es/flujos/decisiones-cotidianas/,workflow,es,UNKNOWN (no current URL-level Coverage sample),yes,sitemap-es.xml,141,high,high,NONE,,IMPROVE,NONE,multi-signal value triage remains below review floor after similarity recalibration,NO,,yes,IMPROVE
https://funnytools.win/es/flujos/documentos-oficina/,workflow,es,UNKNOWN (no current URL-level Coverage sample),yes,sitemap-es.xml,4,high,low,NONE,,IMPROVE,NONE,multi-signal value triage remains below review floor after similarity recalibration,NO,,yes,IMPROVE
https://funnytools.win/es/flujos/entrega-informe-estudiantil/,workflow,es,UNKNOWN (no current URL-level Coverage sample),yes,sitemap-es.xml,4,high,high,NONE,,IMPROVE,NONE,multi-signal value triage remains below review floor after similarity recalibration,NO,,yes,IMPROVE
https://funnytools.win/es/flujos/,hub,es,UNKNOWN (no current URL-level Coverage sample),yes,sitemap-es.xml,141,high,high,NONE,,IMPROVE,NONE,multi-signal value triage remains below review floor after similarity recalibration,NO,,yes,IMPROVE
https://funnytools.win/es/flujos/informe-estadistico-investigacion/,workflow,es,UNKNOWN (no current URL-level Coverage sample),yes,sitemap-es.xml,141,high,high,NONE,,IMPROVE,NONE,multi-signal value triage remains below review floor after similarity recalibration,NO,,yes,IMPROVE
https://funnytools.win/es/guias/a4-o-letter-para-imprimir/,guide,es,UNKNOWN (no current URL-level Coverage sample),yes,sitemap-es.xml,141,medium,low,NONE,,KEEP,NONE,functional intent calibration found no high-confidence SAME outcome,NO,,no,KEEP
https://funnytools.win/es/guias/agrupamientos-equitativos-aula/,guide,es,UNKNOWN (no current URL-level Coverage sample),yes,sitemap-es.xml,141,high,high,NONE,,KEEP,NONE,functional intent calibration found no high-confidence SAME outcome,NO,,no,MERGE
https://funnytools.win/es/guias/anova-formato-apa-7/,guide,es,UNKNOWN (no current URL-level Coverage sample),yes,sitemap-es.xml,141,high,high,NONE,,KEEP,NONE,functional intent calibration found no high-confidence SAME outcome,NO,,no,MERGE
https://funnytools.win/es/guias/calcular-nota-oposicion-docente/,guide,es,UNKNOWN (no current URL-level Coverage sample),yes,sitemap-es.xml,141,medium,low,NONE,,KEEP,NONE,functional intent calibration found no high-confidence SAME outcome,NO,,no,KEEP
https://funnytools.win/es/guias/calcular-porcentajes-rapido/,guide,es,UNKNOWN (no current URL-level Coverage sample),yes,sitemap-es.xml,141,medium,low,NONE,,KEEP,NONE,functional intent calibration found no high-confidence SAME outcome,NO,,no,KEEP
https://funnytools.win/es/guias/codigos-qr-en-el-aula/,guide,es,UNKNOWN (no current URL-level Coverage sample),yes,sitemap-es.xml,141,high,high,NONE,,IMPROVE,NONE,multi-signal value triage remains below review floor after similarity recalibration,NO,,yes,IMPROVE
https://funnytools.win/es/guias/comprimir-fotos-para-email/,guide,es,UNKNOWN (no current URL-level Coverage sample),yes,sitemap-es.xml,141,high,high,NONE,,IMPROVE,NONE,multi-signal value triage remains below review floor after similarity recalibration,NO,,yes,IMPROVE
https://funnytools.win/es/guias/contrasena-segura-fuerte/,guide,es,UNKNOWN (no current URL-level Coverage sample),yes,sitemap-es.xml,140,high,high,NONE,,IMPROVE,NONE,multi-signal value triage remains below review floor after similarity recalibration,NO,,yes,IMPROVE
https://funnytools.win/es/guias/fluidez-tablas-multiplicar/,guide,es,UNKNOWN (no current URL-level Coverage sample),yes,sitemap-es.xml,140,medium,low,NONE,,KEEP,NONE,functional intent calibration found no high-confidence SAME outcome,NO,,no,KEEP
https://funnytools.win/es/guias/fotos-a-pdf-desde-movil/,guide,es,UNKNOWN (no current URL-level Coverage sample),yes,sitemap-es.xml,141,high,high,NONE,,KEEP,NONE,functional intent calibration found no high-confidence SAME outcome,NO,,no,MERGE
https://funnytools.win/es/guias/grafico-barras-trabajo-escolar/,guide,es,UNKNOWN (no current URL-level Coverage sample),yes,sitemap-es.xml,141,high,high,NONE,,IMPROVE,NONE,multi-signal value triage remains below review floor after similarity recalibration,NO,,yes,IMPROVE
https://funnytools.win/es/guias/grupos-aleatorios-clase/,guide,es,UNKNOWN (no current URL-level Coverage sample),yes,sitemap-es.xml,141,high,high,NONE,,KEEP,NONE,functional intent calibration found no high-confidence SAME outcome,NO,,no,MERGE
https://funnytools.win/es/guias/,hub,es,UNKNOWN (no current URL-level Coverage sample),yes,sitemap-es.xml,141,high,high,NONE,,IMPROVE,NONE,multi-signal value triage remains below review floor after similarity recalibration,NO,,yes,IMPROVE
https://funnytools.win/es/guias/interaccion-anova-dos-factores/,guide,es,UNKNOWN (no current URL-level Coverage sample),yes,sitemap-es.xml,141,high,high,NONE,,KEEP,NONE,functional intent calibration found no high-confidence SAME outcome,NO,,no,MERGE
https://funnytools.win/es/guias/kb-mb-gb-tb-conversion/,guide,es,UNKNOWN (no current URL-level Coverage sample),yes,sitemap-es.xml,140,medium,low,NONE,,KEEP,NONE,functional intent calibration found no high-confidence SAME outcome,NO,,no,KEEP
https://funnytools.win/es/guias/limite-palabras-ensayos-examenes/,guide,es,UNKNOWN (no current URL-level Coverage sample),yes,sitemap-es.xml,141,high,high,NONE,,IMPROVE,NONE,multi-signal value triage remains below review floor after similarity recalibration,NO,,yes,IMPROVE
https://funnytools.win/es/guias/prueba-levene-spss/,guide,es,UNKNOWN (no current URL-level Coverage sample),yes,sitemap-es.xml,141,high,high,NONE,,IMPROVE,NONE,multi-signal value triage remains below review floor after similarity recalibration,NO,,yes,IMPROVE
https://funnytools.win/es/guias/prueba-t-formato-apa-7/,guide,es,UNKNOWN (no current URL-level Coverage sample),yes,sitemap-es.xml,141,high,high,NONE,,IMPROVE,NONE,multi-signal value triage remains below review floor after similarity recalibration,NO,,yes,IMPROVE
https://funnytools.win/es/guias/puntuacion-t-interpretacion/,guide,es,UNKNOWN (no current URL-level Coverage sample),yes,sitemap-es.xml,141,high,high,NONE,,IMPROVE,NONE,multi-signal value triage remains below review floor after similarity recalibration,NO,,yes,IMPROVE
https://funnytools.win/es/guias/puntuacion-z-interpretacion/,guide,es,UNKNOWN (no current URL-level Coverage sample),yes,sitemap-es.xml,141,high,high,NONE,,IMPROVE,NONE,multi-signal value triage remains below review floor after similarity recalibration,NO,,yes,IMPROVE
https://funnytools.win/es/guias/rango-percentil-interpretacion/,guide,es,UNKNOWN (no current URL-level Coverage sample),yes,sitemap-es.xml,141,high,high,NONE,,IMPROVE,NONE,multi-signal value triage remains below review floor after similarity recalibration,NO,,yes,IMPROVE
https://funnytools.win/es/guias/ruleta-sorteos-clase/,guide,es,UNKNOWN (no current URL-level Coverage sample),yes,sitemap-es.xml,141,high,high,NONE,,KEEP,NONE,functional intent calibration found no high-confidence SAME outcome,NO,,no,MERGE
https://funnytools.win/es/guias/selector-aleatorio-alumnos/,guide,es,UNKNOWN (no current URL-level Coverage sample),yes,sitemap-es.xml,141,high,low,NONE,,KEEP,NONE,functional intent calibration found no high-confidence SAME outcome,NO,,no,MERGE
https://funnytools.win/es/guias/temporizador-clase/,guide,es,UNKNOWN (no current URL-level Coverage sample),yes,sitemap-es.xml,141,medium,low,NONE,,KEEP,NONE,functional intent calibration found no high-confidence SAME outcome,NO,,no,KEEP
https://funnytools.win/es/guias/unir-pdf-sin-subir-archivos/,guide,es,UNKNOWN (no current URL-level Coverage sample),yes,sitemap-es.xml,141,high,high,NONE,,KEEP,NONE,functional intent calibration found no high-confidence SAME outcome,NO,,no,MERGE
https://funnytools.win/es/herramientas/cad-2d-online/,tool,es,UNKNOWN (no current URL-level Coverage sample),yes,sitemap-es.xml,142,medium,low,NONE,,KEEP,NONE,functional intent calibration found no high-confidence SAME outcome,NO,,no,KEEP
https://funnytools.win/es/herramientas/calculadora-alfa-cronbach/,tool,es,UNKNOWN (no current URL-level Coverage sample),yes,sitemap-es.xml,141,medium,low,NONE,,KEEP,NONE,functional intent calibration found no high-confidence SAME outcome,NO,,no,KEEP
https://funnytools.win/es/herramientas/calculadora-de-edad/,tool,es,UNKNOWN (no current URL-level Coverage sample),yes,sitemap-es.xml,142,medium,low,NONE,,KEEP,NONE,functional intent calibration found no high-confidence SAME outcome,NO,,no,KEEP
https://funnytools.win/es/herramientas/calculadora-desviacion-estandar/,tool,es,UNKNOWN (no current URL-level Coverage sample),yes,sitemap-es.xml,142,medium,low,NONE,,KEEP,NONE,functional intent calibration found no high-confidence SAME outcome,NO,,no,KEEP
https://funnytools.win/es/herramientas/calculadora-dias-laborables/,tool,es,UNKNOWN (no current URL-level Coverage sample),yes,sitemap-es.xml,142,high,high,NONE,,KEEP,NONE,functional intent calibration found no high-confidence SAME outcome,NO,,no,MERGE
https://funnytools.win/es/herramientas/calculadora-gpa/,tool,es,UNKNOWN (no current URL-level Coverage sample),yes,sitemap-es.xml,141,medium,low,NONE,,KEEP,NONE,functional intent calibration found no high-confidence SAME outcome,NO,,no,KEEP
https://funnytools.win/es/herramientas/calculadora-hipoteca/,tool,es,UNKNOWN (no current URL-level Coverage sample),yes,sitemap-es.xml,142,medium,low,NONE,,KEEP,NONE,functional intent calibration found no high-confidence SAME outcome,NO,,no,KEEP
https://funnytools.win/es/herramientas/calculadora-horas-extra/,tool,es,UNKNOWN (no current URL-level Coverage sample),yes,sitemap-es.xml,142,medium,low,NONE,,KEEP,NONE,functional intent calibration found no high-confidence SAME outcome,NO,,no,KEEP
https://funnytools.win/es/herramientas/calculadora-inflacion/,tool,es,UNKNOWN (no current URL-level Coverage sample),yes,sitemap-es.xml,142,medium,low,NONE,,KEEP,NONE,functional intent calibration found no high-confidence SAME outcome,NO,,no,KEEP
https://funnytools.win/es/herramientas/calculadora-interes-compuesto/,tool,es,UNKNOWN (no current URL-level Coverage sample),yes,sitemap-es.xml,142,high,high,NONE,,KEEP,NONE,functional intent calibration found no high-confidence SAME outcome,NO,,no,MERGE
https://funnytools.win/es/herramientas/calculadora-media-ponderada/,tool,es,UNKNOWN (no current URL-level Coverage sample),yes,sitemap-es.xml,142,medium,low,NONE,,KEEP,NONE,functional intent calibration found no high-confidence SAME outcome,NO,,no,KEEP
https://funnytools.win/es/herramientas/calculadora-meta-ahorro/,tool,es,UNKNOWN (no current URL-level Coverage sample),yes,sitemap-es.xml,142,high,high,NONE,,KEEP,NONE,functional intent calibration found no high-confidence SAME outcome,NO,,no,MERGE
https://funnytools.win/es/herramientas/calculadora-nota-oposicion-docente/,tool,es,UNKNOWN (no current URL-level Coverage sample),yes,sitemap-es.xml,141,medium,low,NONE,,KEEP,NONE,functional intent calibration found no high-confidence SAME outcome,NO,,no,KEEP
https://funnytools.win/es/herramientas/calculadora-percentil-ranking-clase/,tool,es,UNKNOWN (no current URL-level Coverage sample),yes,sitemap-es.xml,141,medium,low,NONE,,KEEP,NONE,functional intent calibration found no high-confidence SAME outcome,NO,,no,KEEP
https://funnytools.win/es/herramientas/calculadora-porcentajes/,tool,es,UNKNOWN (no current URL-level Coverage sample),yes,sitemap-es.xml,142,medium,low,NONE,,KEEP,NONE,functional intent calibration found no high-confidence SAME outcome,NO,,no,KEEP
https://funnytools.win/es/herramientas/calculadora-promedio-notas/,tool,es,UNKNOWN (no current URL-level Coverage sample),yes,sitemap-es.xml,142,medium,low,NONE,,KEEP,NONE,functional intent calibration found no high-confidence SAME outcome,NO,,no,KEEP
https://funnytools.win/es/herramientas/calculadora-puntuacion-t/,tool,es,UNKNOWN (no current URL-level Coverage sample),yes,sitemap-es.xml,142,high,high,NONE,,IMPROVE,NONE,multi-signal value triage remains below review floor after similarity recalibration,NO,,yes,IMPROVE
https://funnytools.win/es/herramientas/calculadora-puntuacion-z/,tool,es,UNKNOWN (no current URL-level Coverage sample),yes,sitemap-es.xml,142,high,high,NONE,,IMPROVE,NONE,multi-signal value triage remains below review floor after similarity recalibration,NO,,yes,IMPROVE
https://funnytools.win/es/herramientas/calculadora-rango-percentil/,tool,es,UNKNOWN (no current URL-level Coverage sample),yes,sitemap-es.xml,142,high,high,NONE,,IMPROVE,NONE,multi-signal value triage remains below review floor after similarity recalibration,NO,,yes,IMPROVE
https://funnytools.win/es/herramientas/calculadora-sueldo-neto/,tool,es,UNKNOWN (no current URL-level Coverage sample),yes,sitemap-es.xml,142,medium,low,NONE,,KEEP,NONE,functional intent calibration found no high-confidence SAME outcome,NO,,no,KEEP
https://funnytools.win/es/herramientas/calculadora-t-muestras-independientes/,tool,es,UNKNOWN (no current URL-level Coverage sample),yes,sitemap-es.xml,141,high,high,NONE,,IMPROVE,NONE,multi-signal value triage remains below review floor after similarity recalibration,NO,,yes,IMPROVE
https://funnytools.win/es/herramientas/calcular-diferencia-entre-fechas/,tool,es,UNKNOWN (no current URL-level Coverage sample),yes,sitemap-es.xml,142,high,high,NONE,,KEEP,NONE,functional intent calibration found no high-confidence SAME outcome,NO,,no,MERGE
https://funnytools.win/es/herramientas/codificar-decodificar-base64/,tool,es,UNKNOWN (no current URL-level Coverage sample),yes,sitemap-es.xml,142,medium,low,NONE,,KEEP,NONE,functional intent calibration found no high-confidence SAME outcome,NO,,no,KEEP
https://funnytools.win/es/herramientas/codificar-decodificar-url/,tool,es,UNKNOWN (no current URL-level Coverage sample),yes,sitemap-es.xml,142,medium,low,NONE,,KEEP,NONE,functional intent calibration found no high-confidence SAME outcome,NO,,no,KEEP
https://funnytools.win/es/herramientas/comprimir-imagenes/,tool,es,UNKNOWN (no current URL-level Coverage sample),yes,sitemap-es.xml,142,high,high,NONE,,KEEP,NONE,functional intent calibration found no high-confidence SAME outcome,NO,,no,MERGE
https://funnytools.win/es/herramientas/comprimir-pdf/,tool,es,UNKNOWN (no current URL-level Coverage sample),yes,sitemap-es.xml,142,high,high,NONE,,IMPROVE,NONE,multi-signal value triage remains below review floor after similarity recalibration,NO,,yes,IMPROVE
https://funnytools.win/es/herramientas/contador-caracteres/,tool,es,UNKNOWN (no current URL-level Coverage sample),yes,sitemap-es.xml,142,medium,low,NONE,,KEEP,NONE,functional intent calibration found no high-confidence SAME outcome,NO,,no,KEEP
https://funnytools.win/es/herramientas/contador-palabras/,tool,es,UNKNOWN (no current URL-level Coverage sample),yes,sitemap-es.xml,142,high,high,NONE,,IMPROVE,NONE,multi-signal value triage remains below review floor after similarity recalibration,NO,,yes,IMPROVE
https://funnytools.win/es/herramientas/conversor-puntuaciones-estandarizadas/,tool,es,UNKNOWN (no current URL-level Coverage sample),yes,sitemap-es.xml,141,medium,low,NONE,,KEEP,NONE,functional intent calibration found no high-confidence SAME outcome,NO,,no,KEEP
https://funnytools.win/es/herramientas/convertir-csv-a-json/,tool,es,UNKNOWN (no current URL-level Coverage sample),yes,sitemap-es.xml,142,high,high,NONE,,KEEP,NONE,functional intent calibration found no high-confidence SAME outcome,NO,,no,MERGE
https://funnytools.win/es/herramientas/convertir-imagen-base64/,tool,es,UNKNOWN (no current URL-level Coverage sample),yes,sitemap-es.xml,142,medium,low,NONE,,KEEP,NONE,functional intent calibration found no high-confidence SAME outcome,NO,,no,KEEP
https://funnytools.win/es/herramientas/convertir-imagenes-a-pdf/,tool,es,UNKNOWN (no current URL-level Coverage sample),yes,sitemap-es.xml,142,high,high,NONE,,IMPROVE,NONE,multi-signal value triage remains below review floor after similarity recalibration,NO,,yes,IMPROVE
https://funnytools.win/es/herramientas/convertir-jpg-a-png/,tool,es,UNKNOWN (no current URL-level Coverage sample),yes,sitemap-es.xml,142,high,high,NONE,,KEEP,NONE,functional intent calibration found no high-confidence SAME outcome,NO,,no,MERGE
https://funnytools.win/es/herramientas/convertir-jpg-a-webp/,tool,es,UNKNOWN (no current URL-level Coverage sample),yes,sitemap-es.xml,142,high,high,NONE,,KEEP,NONE,functional intent calibration found no high-confidence SAME outcome,NO,,no,MERGE
https://funnytools.win/es/herramientas/convertir-json-a-csv/,tool,es,UNKNOWN (no current URL-level Coverage sample),yes,sitemap-es.xml,142,high,high,NONE,,KEEP,NONE,functional intent calibration found no high-confidence SAME outcome,NO,,no,MERGE
https://funnytools.win/es/herramientas/convertir-mayusculas-minusculas/,tool,es,UNKNOWN (no current URL-level Coverage sample),yes,sitemap-es.xml,142,medium,low,NONE,,KEEP,NONE,functional intent calibration found no high-confidence SAME outcome,NO,,no,KEEP
https://funnytools.win/es/herramientas/convertir-pdf-a-imagen/,tool,es,UNKNOWN (no current URL-level Coverage sample),yes,sitemap-es.xml,142,medium,low,NONE,,KEEP,NONE,functional intent calibration found no high-confidence SAME outcome,NO,,no,KEEP
https://funnytools.win/es/herramientas/convertir-png-a-jpg/,tool,es,UNKNOWN (no current URL-level Coverage sample),yes,sitemap-es.xml,142,high,high,NONE,,KEEP,NONE,functional intent calibration found no high-confidence SAME outcome,NO,,no,MERGE
https://funnytools.win/es/herramientas/convertir-timestamp-unix/,tool,es,UNKNOWN (no current URL-level Coverage sample),yes,sitemap-es.xml,142,medium,low,NONE,,KEEP,NONE,functional intent calibration found no high-confidence SAME outcome,NO,,no,KEEP
https://funnytools.win/es/herramientas/convertir-webp-a-jpg/,tool,es,UNKNOWN (no current URL-level Coverage sample),yes,sitemap-es.xml,142,high,high,NONE,,KEEP,NONE,functional intent calibration found no high-confidence SAME outcome,NO,,no,MERGE
https://funnytools.win/es/herramientas/crear-diagrama-flujo/,tool,es,UNKNOWN (no current URL-level Coverage sample),yes,sitemap-es.xml,142,medium,low,NONE,,KEEP,NONE,functional intent calibration found no high-confidence SAME outcome,NO,,no,KEEP
https://funnytools.win/es/herramientas/crear-grafico-barras/,tool,es,UNKNOWN (no current URL-level Coverage sample),yes,sitemap-es.xml,142,high,high,NONE,,KEEP,NONE,functional intent calibration found no high-confidence SAME outcome,NO,,no,MERGE
https://funnytools.win/es/herramientas/crear-grafico-circular/,tool,es,UNKNOWN (no current URL-level Coverage sample),yes,sitemap-es.xml,142,high,high,NONE,,KEEP,NONE,functional intent calibration found no high-confidence SAME outcome,NO,,no,MERGE
https://funnytools.win/es/herramientas/crear-grupos-clase/,tool,es,UNKNOWN (no current URL-level Coverage sample),yes,sitemap-es.xml,142,high,high,NONE,,IMPROVE,NONE,multi-signal value triage remains below review floor after similarity recalibration,NO,,yes,IMPROVE
https://funnytools.win/es/herramientas/crear-plano-asientos-aula/,tool,es,UNKNOWN (no current URL-level Coverage sample),yes,sitemap-es.xml,142,medium,low,NONE,,KEEP,NONE,functional intent calibration found no high-confidence SAME outcome,NO,,no,KEEP
https://funnytools.win/es/herramientas/cronometro-online/,tool,es,UNKNOWN (no current URL-level Coverage sample),yes,sitemap-es.xml,142,medium,low,NONE,,KEEP,NONE,functional intent calibration found no high-confidence SAME outcome,NO,,no,KEEP
https://funnytools.win/es/herramientas/decidir-entre-dos-opciones/,tool,es,UNKNOWN (no current URL-level Coverage sample),yes,sitemap-es.xml,142,high,high,NONE,,IMPROVE,NONE,multi-signal value triage remains below review floor after similarity recalibration,NO,,yes,IMPROVE
https://funnytools.win/es/herramientas/dividir-pdf/,tool,es,UNKNOWN (no current URL-level Coverage sample),yes,sitemap-es.xml,142,high,high,NONE,,KEEP,NONE,functional intent calibration found no high-confidence SAME outcome,NO,,no,MERGE
https://funnytools.win/es/herramientas/editor-markdown-online/,tool,es,UNKNOWN (no current URL-level Coverage sample),yes,sitemap-es.xml,142,medium,low,NONE,,KEEP,NONE,functional intent calibration found no high-confidence SAME outcome,NO,,no,KEEP
https://funnytools.win/es/herramientas/eliminar-lineas-duplicadas/,tool,es,UNKNOWN (no current URL-level Coverage sample),yes,sitemap-es.xml,142,high,high,NONE,,KEEP,NONE,functional intent calibration found no high-confidence SAME outcome,NO,,no,MERGE
https://funnytools.win/es/herramientas/eliminar-lineas-vacias/,tool,es,UNKNOWN (no current URL-level Coverage sample),yes,sitemap-es.xml,142,medium,low,NONE,,KEEP,NONE,functional intent calibration found no high-confidence SAME outcome,NO,,no,KEEP
https://funnytools.win/es/herramientas/eliminar-paginas-pdf/,tool,es,UNKNOWN (no current URL-level Coverage sample),yes,sitemap-es.xml,142,high,high,NONE,,KEEP,NONE,functional intent calibration found no high-confidence SAME outcome,NO,,no,MERGE
https://funnytools.win/es/herramientas/extraer-paginas-pdf/,tool,es,UNKNOWN (no current URL-level Coverage sample),yes,sitemap-es.xml,142,high,high,NONE,,KEEP,NONE,functional intent calibration found no high-confidence SAME outcome,NO,,no,MERGE
https://funnytools.win/es/herramientas/formatear-validar-json/,tool,es,UNKNOWN (no current URL-level Coverage sample),yes,sitemap-es.xml,142,medium,low,NONE,,KEEP,NONE,functional intent calibration found no high-confidence SAME outcome,NO,,no,KEEP
https://funnytools.win/es/herramientas/generador-codigo-barras/,tool,es,UNKNOWN (no current URL-level Coverage sample),yes,sitemap-es.xml,142,medium,low,NONE,,KEEP,NONE,functional intent calibration found no high-confidence SAME outcome,NO,,no,KEEP
https://funnytools.win/es/herramientas/generador-codigo-qr/,tool,es,UNKNOWN (no current URL-level Coverage sample),yes,sitemap-es.xml,142,high,high,NONE,,IMPROVE,NONE,multi-signal value triage remains below review floor after similarity recalibration,NO,,yes,IMPROVE
https://funnytools.win/es/herramientas/generador-colores-hex-rgb-hsl/,tool,es,UNKNOWN (no current URL-level Coverage sample),yes,sitemap-es.xml,142,medium,low,NONE,,KEEP,NONE,functional intent calibration found no high-confidence SAME outcome,NO,,no,KEEP
https://funnytools.win/es/herramientas/generador-contrasenas-seguras/,tool,es,UNKNOWN (no current URL-level Coverage sample),yes,sitemap-es.xml,142,high,high,NONE,,IMPROVE,NONE,multi-signal value triage remains below review floor after similarity recalibration,NO,,yes,IMPROVE
https://funnytools.win/es/herramientas/generador-grupos-aleatorios/,tool,es,UNKNOWN (no current URL-level Coverage sample),yes,sitemap-es.xml,142,high,high,NONE,,KEEP,NONE,functional intent calibration found no high-confidence SAME outcome,NO,,no,MERGE
https://funnytools.win/es/herramientas/generador-informe-apa-7/,tool,es,UNKNOWN (no current URL-level Coverage sample),yes,sitemap-es.xml,141,high,high,NONE,,KEEP,NONE,functional intent calibration found no high-confidence SAME outcome,NO,,no,MERGE
https://funnytools.win/es/herramientas/generador-numeros-aleatorios/,tool,es,UNKNOWN (no current URL-level Coverage sample),yes,sitemap-es.xml,142,medium,low,NONE,,KEEP,NONE,functional intent calibration found no high-confidence SAME outcome,NO,,no,KEEP
https://funnytools.win/es/herramientas/generador-uuid-v4/,tool,es,UNKNOWN (no current URL-level Coverage sample),yes,sitemap-es.xml,142,medium,low,NONE,,KEEP,NONE,functional intent calibration found no high-confidence SAME outcome,NO,,no,KEEP
https://funnytools.win/es/herramientas/,hub,es,UNKNOWN (no current URL-level Coverage sample),yes,sitemap-es.xml,142,high,high,NONE,,IMPROVE,NONE,multi-signal value triage remains below review floor after similarity recalibration,NO,,yes,IMPROVE
https://funnytools.win/es/herramientas/interpretar-resultados-spss/,tool,es,UNKNOWN (no current URL-level Coverage sample),yes,sitemap-es.xml,141,high,high,NONE,,KEEP,NONE,functional intent calibration found no high-confidence SAME outcome,NO,,no,MERGE
https://funnytools.win/es/herramientas/ordenar-lineas-texto/,tool,es,UNKNOWN (no current URL-level Coverage sample),yes,sitemap-es.xml,142,high,high,NONE,,KEEP,NONE,functional intent calibration found no high-confidence SAME outcome,NO,,no,MERGE
https://funnytools.win/es/herramientas/ordenar-paginas-pdf/,tool,es,UNKNOWN (no current URL-level Coverage sample),yes,sitemap-es.xml,142,high,high,NONE,,KEEP,NONE,functional intent calibration found no high-confidence SAME outcome,NO,,no,MERGE
https://funnytools.win/es/herramientas/pizarra-dibujo-online/,tool,es,UNKNOWN (no current URL-level Coverage sample),yes,sitemap-es.xml,142,medium,low,NONE,,KEEP,NONE,functional intent calibration found no high-confidence SAME outcome,NO,,no,KEEP
https://funnytools.win/es/herramientas/que-comer-hoy/,tool,es,UNKNOWN (no current URL-level Coverage sample),yes,sitemap-es.xml,142,medium,low,NONE,,KEEP,NONE,functional intent calibration found no high-confidence SAME outcome,NO,,no,KEEP
https://funnytools.win/es/herramientas/recordatorio-descansos/,tool,es,UNKNOWN (no current URL-level Coverage sample),yes,sitemap-es.xml,142,high,high,NONE,,KEEP,NONE,functional intent calibration found no high-confidence SAME outcome,NO,,no,MERGE
https://funnytools.win/es/herramientas/recortar-imagen/,tool,es,UNKNOWN (no current URL-level Coverage sample),yes,sitemap-es.xml,142,high,high,NONE,,KEEP,NONE,functional intent calibration found no high-confidence SAME outcome,NO,,no,MERGE
https://funnytools.win/es/herramientas/redimensionar-imagen/,tool,es,UNKNOWN (no current URL-level Coverage sample),yes,sitemap-es.xml,142,high,high,NONE,,KEEP,NONE,functional intent calibration found no high-confidence SAME outcome,NO,,no,MERGE
https://funnytools.win/es/herramientas/rotar-pdf/,tool,es,UNKNOWN (no current URL-level Coverage sample),yes,sitemap-es.xml,142,high,high,NONE,,KEEP,NONE,functional intent calibration found no high-confidence SAME outcome,NO,,no,MERGE
https://funnytools.win/es/herramientas/rotar-voltear-imagen/,tool,es,UNKNOWN (no current URL-level Coverage sample),yes,sitemap-es.xml,142,medium,low,NONE,,KEEP,NONE,functional intent calibration found no high-confidence SAME outcome,NO,,no,KEEP
https://funnytools.win/es/herramientas/ruleta-aleatoria/,tool,es,UNKNOWN (no current URL-level Coverage sample),yes,sitemap-es.xml,142,high,high,NONE,,KEEP,NONE,functional intent calibration found no high-confidence SAME outcome,NO,,no,MERGE
https://funnytools.win/es/herramientas/selector-aleatorio-alumnos/,tool,es,UNKNOWN (no current URL-level Coverage sample),yes,sitemap-es.xml,142,high,high,NONE,,IMPROVE,NONE,multi-signal value triage remains below review floor after similarity recalibration,NO,,yes,IMPROVE
https://funnytools.win/es/herramientas/sorteo-nombres-aleatorio/,tool,es,UNKNOWN (no current URL-level Coverage sample),yes,sitemap-es.xml,142,high,high,NONE,,KEEP,NONE,functional intent calibration found no high-confidence SAME outcome,NO,,no,MERGE
https://funnytools.win/es/herramientas/temporizador-online/,tool,es,UNKNOWN (no current URL-level Coverage sample),yes,sitemap-es.xml,142,high,high,NONE,,KEEP,NONE,functional intent calibration found no high-confidence SAME outcome,NO,,no,MERGE
https://funnytools.win/es/herramientas/temporizador-pomodoro/,tool,es,UNKNOWN (no current URL-level Coverage sample),yes,sitemap-es.xml,142,high,high,NONE,,KEEP,NONE,functional intent calibration found no high-confidence SAME outcome,NO,,no,MERGE
https://funnytools.win/es/herramientas/tirar-dados-online/,tool,es,UNKNOWN (no current URL-level Coverage sample),yes,sitemap-es.xml,142,medium,low,NONE,,KEEP,NONE,functional intent calibration found no high-confidence SAME outcome,NO,,no,KEEP
https://funnytools.win/es/herramientas/unir-pdf/,tool,es,UNKNOWN (no current URL-level Coverage sample),yes,sitemap-es.xml,142,high,high,NONE,,KEEP,NONE,functional intent calibration found no high-confidence SAME outcome,NO,,no,MERGE
https://funnytools.win/es/,home,es,UNKNOWN (no current URL-level Coverage sample),yes,sitemap-es.xml,216,high,high,NONE,,IMPROVE,NONE,multi-signal value triage remains below review floor after similarity recalibration,NO,,yes,IMPROVE
https://funnytools.win/es/para/creadores/,audience,es,UNKNOWN (no current URL-level Coverage sample),yes,sitemap-es.xml,4,high,high,NONE,,IMPROVE,NONE,multi-signal value triage remains below review floor after similarity recalibration,NO,,yes,IMPROVE
https://funnytools.win/es/para/desarrolladores/,audience,es,UNKNOWN (no current URL-level Coverage sample),yes,sitemap-es.xml,4,high,high,NONE,,IMPROVE,NONE,multi-signal value triage remains below review floor after similarity recalibration,NO,,yes,IMPROVE
https://funnytools.win/es/para/disenadores/,audience,es,UNKNOWN (no current URL-level Coverage sample),yes,sitemap-es.xml,4,high,high,NONE,,IMPROVE,NONE,multi-signal value triage remains below review floor after similarity recalibration,NO,,yes,IMPROVE
https://funnytools.win/es/para/docentes/,audience,es,UNKNOWN (no current URL-level Coverage sample),yes,sitemap-es.xml,4,high,high,NONE,,IMPROVE,NONE,multi-signal value triage remains below review floor after similarity recalibration,NO,,yes,IMPROVE
https://funnytools.win/es/para/estudiantes/,audience,es,UNKNOWN (no current URL-level Coverage sample),yes,sitemap-es.xml,4,high,high,NONE,,IMPROVE,NONE,multi-signal value triage remains below review floor after similarity recalibration,NO,,yes,IMPROVE
https://funnytools.win/es/para/,hub,es,UNKNOWN (no current URL-level Coverage sample),yes,sitemap-es.xml,141,high,high,NONE,,IMPROVE,NONE,multi-signal value triage remains below review floor after similarity recalibration,NO,,yes,IMPROVE
https://funnytools.win/es/para/oficina/,audience,es,UNKNOWN (no current URL-level Coverage sample),yes,sitemap-es.xml,4,high,high,NONE,,IMPROVE,NONE,multi-signal value triage remains below review floor after similarity recalibration,NO,,yes,IMPROVE
https://funnytools.win/es/privacidad/,legal,es,UNKNOWN (no current URL-level Coverage sample),yes,sitemap-es.xml,142,high,high,NONE,,IMPROVE,NONE,multi-signal value triage remains below review floor after similarity recalibration,NO,,yes,IMPROVE
https://funnytools.win/es/sobre-funnytools/,legal,es,UNKNOWN (no current URL-level Coverage sample),yes,sitemap-es.xml,141,high,high,NONE,,IMPROVE,NONE,multi-signal value triage remains below review floor after similarity recalibration,NO,,yes,IMPROVE
https://funnytools.win/es/tienda/,support,es,UNKNOWN (no current URL-level Coverage sample),yes,sitemap-es.xml,141,medium,low,NONE,,IMPROVE,NONE,multi-signal value triage remains below review floor after similarity recalibration,NO,,yes,IMPROVE
https://funnytools.win/find-tools/,other,zh-TW,UNKNOWN (no current URL-level Coverage sample),yes,sitemap-guides.xml,310,high,low,NONE,,IMPROVE,NONE,multi-signal value triage remains below review floor after similarity recalibration,NO,,yes,IMPROVE
https://funnytools.win/for/creators/,audience,zh-TW,UNKNOWN (no current URL-level Coverage sample),yes,sitemap-guides.xml,7,high,low,NONE,,IMPROVE,NONE,multi-signal value triage remains below review floor after similarity recalibration,NO,,yes,IMPROVE
https://funnytools.win/for/designers/,audience,zh-TW,UNKNOWN (no current URL-level Coverage sample),yes,sitemap-guides.xml,7,high,low,NONE,,IMPROVE,NONE,multi-signal value triage remains below review floor after similarity recalibration,NO,,yes,IMPROVE
https://funnytools.win/for/developers/,audience,zh-TW,UNKNOWN (no current URL-level Coverage sample),yes,sitemap-guides.xml,10,medium,low,NONE,,KEEP,NONE,functional intent calibration found no high-confidence SAME outcome,NO,,no,KEEP
https://funnytools.win/for/,hub,zh-TW,UNKNOWN (no current URL-level Coverage sample),yes,sitemap-guides.xml,312,medium,low,NONE,,IMPROVE,NONE,multi-signal value triage remains below review floor after similarity recalibration,NO,,yes,IMPROVE
https://funnytools.win/for/office-workers/,audience,zh-TW,UNKNOWN (no current URL-level Coverage sample),yes,sitemap-guides.xml,9,high,high,NONE,,IMPROVE,NONE,multi-signal value triage remains below review floor after similarity recalibration,NO,,yes,IMPROVE
https://funnytools.win/for/students/,audience,zh-TW,UNKNOWN (no current URL-level Coverage sample),yes,sitemap-guides.xml,8,high,low,NONE,,IMPROVE,NONE,multi-signal value triage remains below review floor after similarity recalibration,NO,,yes,IMPROVE
https://funnytools.win/for/teachers/,audience,zh-TW,UNKNOWN (no current URL-level Coverage sample),yes,sitemap-guides.xml,8,high,low,NONE,,IMPROVE,NONE,multi-signal value triage remains below review floor after similarity recalibration,NO,,yes,IMPROVE
https://funnytools.win/fr/confidentialite/,legal,fr,UNKNOWN (no current URL-level Coverage sample),yes,sitemap-fr.xml,78,high,high,NONE,,IMPROVE,NONE,multi-signal value triage remains below review floor after similarity recalibration,NO,,yes,IMPROVE
https://funnytools.win/fr/fonctionnement-outils/,legal,fr,UNKNOWN (no current URL-level Coverage sample),yes,sitemap-fr.xml,78,high,high,NONE,,IMPROVE,NONE,multi-signal value triage remains below review floor after similarity recalibration,NO,,yes,IMPROVE
https://funnytools.win/fr/,home,fr,UNKNOWN (no current URL-level Coverage sample),yes,sitemap-fr.xml,216,high,high,NONE,,IMPROVE,NONE,multi-signal value triage remains below review floor after similarity recalibration,NO,,yes,IMPROVE
https://funnytools.win/fr/outils/calcul-moyenne-notes/,tool,fr,UNKNOWN (no current URL-level Coverage sample),yes,sitemap-fr.xml,78,high,high,NONE,,KEEP,NONE,functional intent calibration found no high-confidence SAME outcome,NO,,no,MERGE
https://funnytools.win/fr/outils/calculateur-age/,tool,fr,UNKNOWN (no current URL-level Coverage sample),yes,sitemap-fr.xml,7,medium,low,NONE,,KEEP,NONE,functional intent calibration found no high-confidence SAME outcome,NO,,no,KEEP
https://funnytools.win/fr/outils/calculateur-ecart-type/,tool,fr,UNKNOWN (no current URL-level Coverage sample),yes,sitemap-fr.xml,9,medium,low,NONE,,KEEP,NONE,functional intent calibration found no high-confidence SAME outcome,NO,,no,KEEP
https://funnytools.win/fr/outils/calculateur-heures-supplementaires/,tool,fr,UNKNOWN (no current URL-level Coverage sample),yes,sitemap-fr.xml,7,medium,low,NONE,,KEEP,NONE,functional intent calibration found no high-confidence SAME outcome,NO,,no,KEEP
https://funnytools.win/fr/outils/calculateur-inflation-pouvoir-achat/,tool,fr,UNKNOWN (no current URL-level Coverage sample),yes,sitemap-fr.xml,6,medium,low,NONE,,KEEP,NONE,functional intent calibration found no high-confidence SAME outcome,NO,,no,KEEP
https://funnytools.win/fr/outils/calculateur-interets-composes/,tool,fr,UNKNOWN (no current URL-level Coverage sample),yes,sitemap-fr.xml,7,high,high,NONE,,KEEP,NONE,functional intent calibration found no high-confidence SAME outcome,NO,,no,MERGE
https://funnytools.win/fr/outils/calculateur-jours-ouvres/,tool,fr,UNKNOWN (no current URL-level Coverage sample),yes,sitemap-fr.xml,7,medium,low,NONE,,KEEP,NONE,functional intent calibration found no high-confidence SAME outcome,NO,,no,KEEP
https://funnytools.win/fr/outils/calculateur-mensualite-pret-immobilier/,tool,fr,UNKNOWN (no current URL-level Coverage sample),yes,sitemap-fr.xml,6,medium,low,NONE,,KEEP,NONE,functional intent calibration found no high-confidence SAME outcome,NO,,no,KEEP
https://funnytools.win/fr/outils/calculateur-moyenne-ponderee/,tool,fr,UNKNOWN (no current URL-level Coverage sample),yes,sitemap-fr.xml,6,high,high,NONE,,KEEP,NONE,functional intent calibration found no high-confidence SAME outcome,NO,,no,MERGE
https://funnytools.win/fr/outils/calculateur-objectif-epargne/,tool,fr,UNKNOWN (no current URL-level Coverage sample),yes,sitemap-fr.xml,9,high,high,NONE,,KEEP,NONE,functional intent calibration found no high-confidence SAME outcome,NO,,no,MERGE
https://funnytools.win/fr/outils/calculateur-pourcentage/,tool,fr,UNKNOWN (no current URL-level Coverage sample),yes,sitemap-fr.xml,7,medium,low,NONE,,KEEP,NONE,functional intent calibration found no high-confidence SAME outcome,NO,,no,KEEP
https://funnytools.win/fr/outils/calculateur-rang-percentile/,tool,fr,UNKNOWN (no current URL-level Coverage sample),yes,sitemap-fr.xml,7,medium,low,NONE,,KEEP,NONE,functional intent calibration found no high-confidence SAME outcome,NO,,no,KEEP
https://funnytools.win/fr/outils/calculateur-salaire-net/,tool,fr,UNKNOWN (no current URL-level Coverage sample),yes,sitemap-fr.xml,7,medium,low,NONE,,KEEP,NONE,functional intent calibration found no high-confidence SAME outcome,NO,,no,KEEP
https://funnytools.win/fr/outils/calculateur-score-t/,tool,fr,UNKNOWN (no current URL-level Coverage sample),yes,sitemap-fr.xml,6,medium,low,NONE,,KEEP,NONE,functional intent calibration found no high-confidence SAME outcome,NO,,no,KEEP
https://funnytools.win/fr/outils/calculateur-score-z/,tool,fr,UNKNOWN (no current URL-level Coverage sample),yes,sitemap-fr.xml,7,medium,low,NONE,,KEEP,NONE,functional intent calibration found no high-confidence SAME outcome,NO,,no,KEEP
https://funnytools.win/fr/outils/calculer-difference-entre-dates/,tool,fr,UNKNOWN (no current URL-level Coverage sample),yes,sitemap-fr.xml,7,medium,low,NONE,,KEEP,NONE,functional intent calibration found no high-confidence SAME outcome,NO,,no,KEEP
https://funnytools.win/fr/outils/cao-2d-en-ligne/,tool,fr,UNKNOWN (no current URL-level Coverage sample),yes,sitemap-fr.xml,7,medium,low,NONE,,KEEP,NONE,functional intent calibration found no high-confidence SAME outcome,NO,,no,KEEP
https://funnytools.win/fr/outils/choisir-entre-deux-options/,tool,fr,UNKNOWN (no current URL-level Coverage sample),yes,sitemap-fr.xml,7,medium,low,NONE,,KEEP,NONE,functional intent calibration found no high-confidence SAME outcome,NO,,no,KEEP
https://funnytools.win/fr/outils/chronometre-en-ligne/,tool,fr,UNKNOWN (no current URL-level Coverage sample),yes,sitemap-fr.xml,7,medium,low,NONE,,KEEP,NONE,functional intent calibration found no high-confidence SAME outcome,NO,,no,KEEP
https://funnytools.win/fr/outils/compresser-image/,tool,fr,UNKNOWN (no current URL-level Coverage sample),yes,sitemap-fr.xml,10,high,high,NONE,,KEEP,NONE,functional intent calibration found no high-confidence SAME outcome,NO,,no,MERGE
https://funnytools.win/fr/outils/compresser-pdf/,tool,fr,UNKNOWN (no current URL-level Coverage sample),yes,sitemap-fr.xml,7,medium,low,NONE,,KEEP,NONE,functional intent calibration found no high-confidence SAME outcome,NO,,no,KEEP
https://funnytools.win/fr/outils/compteur-caracteres/,tool,fr,UNKNOWN (no current URL-level Coverage sample),yes,sitemap-fr.xml,8,medium,low,NONE,,KEEP,NONE,functional intent calibration found no high-confidence SAME outcome,NO,,no,KEEP
https://funnytools.win/fr/outils/compteur-mots/,tool,fr,UNKNOWN (no current URL-level Coverage sample),yes,sitemap-fr.xml,7,medium,low,NONE,,KEEP,NONE,functional intent calibration found no high-confidence SAME outcome,NO,,no,KEEP
https://funnytools.win/fr/outils/convertir-csv-en-json/,tool,fr,UNKNOWN (no current URL-level Coverage sample),yes,sitemap-fr.xml,7,high,high,NONE,,KEEP,NONE,functional intent calibration found no high-confidence SAME outcome,NO,,no,MERGE
https://funnytools.win/fr/outils/convertir-image-en-base64/,tool,fr,UNKNOWN (no current URL-level Coverage sample),yes,sitemap-fr.xml,6,medium,low,NONE,,KEEP,NONE,functional intent calibration found no high-confidence SAME outcome,NO,,no,KEEP
https://funnytools.win/fr/outils/convertir-images-en-pdf/,tool,fr,UNKNOWN (no current URL-level Coverage sample),yes,sitemap-fr.xml,6,medium,low,NONE,,KEEP,NONE,functional intent calibration found no high-confidence SAME outcome,NO,,no,KEEP
https://funnytools.win/fr/outils/convertir-jpg-en-png/,tool,fr,UNKNOWN (no current URL-level Coverage sample),yes,sitemap-fr.xml,6,high,high,NONE,,KEEP,NONE,functional intent calibration found no high-confidence SAME outcome,NO,,no,MERGE
https://funnytools.win/fr/outils/convertir-jpg-en-webp/,tool,fr,UNKNOWN (no current URL-level Coverage sample),yes,sitemap-fr.xml,7,high,high,NONE,,KEEP,NONE,functional intent calibration found no high-confidence SAME outcome,NO,,no,MERGE
https://funnytools.win/fr/outils/convertir-json-en-csv/,tool,fr,UNKNOWN (no current URL-level Coverage sample),yes,sitemap-fr.xml,7,high,high,NONE,,KEEP,NONE,functional intent calibration found no high-confidence SAME outcome,NO,,no,MERGE
https://funnytools.win/fr/outils/convertir-majuscules-minuscules/,tool,fr,UNKNOWN (no current URL-level Coverage sample),yes,sitemap-fr.xml,6,medium,low,NONE,,KEEP,NONE,functional intent calibration found no high-confidence SAME outcome,NO,,no,KEEP
https://funnytools.win/fr/outils/convertir-pdf-en-image/,tool,fr,UNKNOWN (no current URL-level Coverage sample),yes,sitemap-fr.xml,6,medium,low,NONE,,KEEP,NONE,functional intent calibration found no high-confidence SAME outcome,NO,,no,KEEP
https://funnytools.win/fr/outils/convertir-png-en-jpg/,tool,fr,UNKNOWN (no current URL-level Coverage sample),yes,sitemap-fr.xml,7,high,high,NONE,,KEEP,NONE,functional intent calibration found no high-confidence SAME outcome,NO,,no,MERGE
https://funnytools.win/fr/outils/convertir-timestamp-unix/,tool,fr,UNKNOWN (no current URL-level Coverage sample),yes,sitemap-fr.xml,6,medium,low,NONE,,KEEP,NONE,functional intent calibration found no high-confidence SAME outcome,NO,,no,KEEP
https://funnytools.win/fr/outils/convertir-webp-en-jpg/,tool,fr,UNKNOWN (no current URL-level Coverage sample),yes,sitemap-fr.xml,6,high,high,NONE,,KEEP,NONE,functional intent calibration found no high-confidence SAME outcome,NO,,no,MERGE
https://funnytools.win/fr/outils/creer-diagramme-circulaire/,tool,fr,UNKNOWN (no current URL-level Coverage sample),yes,sitemap-fr.xml,6,high,high,NONE,,KEEP,NONE,functional intent calibration found no high-confidence SAME outcome,NO,,no,MERGE
https://funnytools.win/fr/outils/creer-diagramme-flux/,tool,fr,UNKNOWN (no current URL-level Coverage sample),yes,sitemap-fr.xml,7,medium,low,NONE,,KEEP,NONE,functional intent calibration found no high-confidence SAME outcome,NO,,no,KEEP
https://funnytools.win/fr/outils/creer-graphique-barres/,tool,fr,UNKNOWN (no current URL-level Coverage sample),yes,sitemap-fr.xml,8,high,high,NONE,,KEEP,NONE,functional intent calibration found no high-confidence SAME outcome,NO,,no,MERGE
https://funnytools.win/fr/outils/diviser-pdf/,tool,fr,UNKNOWN (no current URL-level Coverage sample),yes,sitemap-fr.xml,6,high,high,NONE,,KEEP,NONE,functional intent calibration found no high-confidence SAME outcome,NO,,no,MERGE
https://funnytools.win/fr/outils/editeur-markdown-en-ligne/,tool,fr,UNKNOWN (no current URL-level Coverage sample),yes,sitemap-fr.xml,6,medium,low,NONE,,KEEP,NONE,functional intent calibration found no high-confidence SAME outcome,NO,,no,KEEP
https://funnytools.win/fr/outils/encoder-decoder-base64/,tool,fr,UNKNOWN (no current URL-level Coverage sample),yes,sitemap-fr.xml,8,medium,low,NONE,,KEEP,NONE,functional intent calibration found no high-confidence SAME outcome,NO,,no,KEEP
https://funnytools.win/fr/outils/encoder-decoder-url/,tool,fr,UNKNOWN (no current URL-level Coverage sample),yes,sitemap-fr.xml,6,medium,low,NONE,,KEEP,NONE,functional intent calibration found no high-confidence SAME outcome,NO,,no,KEEP
https://funnytools.win/fr/outils/extraire-pages-pdf/,tool,fr,UNKNOWN (no current URL-level Coverage sample),yes,sitemap-fr.xml,8,high,high,NONE,,KEEP,NONE,functional intent calibration found no high-confidence SAME outcome,NO,,no,MERGE
https://funnytools.win/fr/outils/faire-pivoter-image/,tool,fr,UNKNOWN (no current URL-level Coverage sample),yes,sitemap-fr.xml,6,medium,low,NONE,,KEEP,NONE,functional intent calibration found no high-confidence SAME outcome,NO,,no,KEEP
https://funnytools.win/fr/outils/faire-pivoter-pdf/,tool,fr,UNKNOWN (no current URL-level Coverage sample),yes,sitemap-fr.xml,6,medium,low,NONE,,KEEP,NONE,functional intent calibration found no high-confidence SAME outcome,NO,,no,KEEP
https://funnytools.win/fr/outils/formater-valider-json/,tool,fr,UNKNOWN (no current URL-level Coverage sample),yes,sitemap-fr.xml,10,medium,low,NONE,,KEEP,NONE,functional intent calibration found no high-confidence SAME outcome,NO,,no,KEEP
https://funnytools.win/fr/outils/fusionner-pdf/,tool,fr,UNKNOWN (no current URL-level Coverage sample),yes,sitemap-fr.xml,78,high,high,NONE,,KEEP,NONE,functional intent calibration found no high-confidence SAME outcome,NO,,no,MERGE
https://funnytools.win/fr/outils/generateur-code-barres/,tool,fr,UNKNOWN (no current URL-level Coverage sample),yes,sitemap-fr.xml,6,medium,low,NONE,,KEEP,NONE,functional intent calibration found no high-confidence SAME outcome,NO,,no,KEEP
https://funnytools.win/fr/outils/generateur-code-qr/,tool,fr,UNKNOWN (no current URL-level Coverage sample),yes,sitemap-fr.xml,8,medium,low,NONE,,KEEP,NONE,functional intent calibration found no high-confidence SAME outcome,NO,,no,KEEP
https://funnytools.win/fr/outils/generateur-couleurs-hex-rgb-hsl/,tool,fr,UNKNOWN (no current URL-level Coverage sample),yes,sitemap-fr.xml,7,medium,low,NONE,,KEEP,NONE,functional intent calibration found no high-confidence SAME outcome,NO,,no,KEEP
https://funnytools.win/fr/outils/generateur-groupes-aleatoires/,tool,fr,UNKNOWN (no current URL-level Coverage sample),yes,sitemap-fr.xml,6,high,high,NONE,,KEEP,NONE,functional intent calibration found no high-confidence SAME outcome,NO,,no,MERGE
https://funnytools.win/fr/outils/generateur-groupes-classe/,tool,fr,UNKNOWN (no current URL-level Coverage sample),yes,sitemap-fr.xml,7,high,high,NONE,,IMPROVE,NONE,multi-signal value triage remains below review floor after similarity recalibration,NO,,yes,IMPROVE
https://funnytools.win/fr/outils/generateur-mot-de-passe-securise/,tool,fr,UNKNOWN (no current URL-level Coverage sample),yes,sitemap-fr.xml,6,medium,low,NONE,,KEEP,NONE,functional intent calibration found no high-confidence SAME outcome,NO,,no,KEEP
https://funnytools.win/fr/outils/generateur-nombres-aleatoires/,tool,fr,UNKNOWN (no current URL-level Coverage sample),yes,sitemap-fr.xml,8,high,high,NONE,,KEEP,NONE,functional intent calibration found no high-confidence SAME outcome,NO,,no,MERGE
https://funnytools.win/fr/outils/generateur-uuid-v4/,tool,fr,UNKNOWN (no current URL-level Coverage sample),yes,sitemap-fr.xml,7,medium,low,NONE,,KEEP,NONE,functional intent calibration found no high-confidence SAME outcome,NO,,no,KEEP
https://funnytools.win/fr/outils/,hub,fr,UNKNOWN (no current URL-level Coverage sample),yes,sitemap-fr.xml,78,high,high,NONE,,IMPROVE,NONE,multi-signal value triage remains below review floor after similarity recalibration,NO,,yes,IMPROVE
https://funnytools.win/fr/outils/lancer-des-en-ligne/,tool,fr,UNKNOWN (no current URL-level Coverage sample),yes,sitemap-fr.xml,6,medium,low,NONE,,KEEP,NONE,functional intent calibration found no high-confidence SAME outcome,NO,,no,KEEP
https://funnytools.win/fr/outils/minuteur-en-ligne/,tool,fr,UNKNOWN (no current URL-level Coverage sample),yes,sitemap-fr.xml,8,high,high,NONE,,KEEP,NONE,functional intent calibration found no high-confidence SAME outcome,NO,,no,MERGE
https://funnytools.win/fr/outils/minuteur-pomodoro/,tool,fr,UNKNOWN (no current URL-level Coverage sample),yes,sitemap-fr.xml,7,high,high,NONE,,KEEP,NONE,functional intent calibration found no high-confidence SAME outcome,NO,,no,MERGE
https://funnytools.win/fr/outils/plan-de-classe-en-ligne/,tool,fr,UNKNOWN (no current URL-level Coverage sample),yes,sitemap-fr.xml,7,medium,low,NONE,,KEEP,NONE,functional intent calibration found no high-confidence SAME outcome,NO,,no,KEEP
https://funnytools.win/fr/outils/quoi-manger-ce-soir/,tool,fr,UNKNOWN (no current URL-level Coverage sample),yes,sitemap-fr.xml,6,medium,low,NONE,,KEEP,NONE,functional intent calibration found no high-confidence SAME outcome,NO,,no,KEEP
https://funnytools.win/fr/outils/rappel-pause-ecran/,tool,fr,UNKNOWN (no current URL-level Coverage sample),yes,sitemap-fr.xml,7,high,high,NONE,,KEEP,NONE,functional intent calibration found no high-confidence SAME outcome,NO,,no,MERGE
https://funnytools.win/fr/outils/recadrer-image/,tool,fr,UNKNOWN (no current URL-level Coverage sample),yes,sitemap-fr.xml,7,high,high,NONE,,KEEP,NONE,functional intent calibration found no high-confidence SAME outcome,NO,,no,MERGE
https://funnytools.win/fr/outils/redimensionner-image/,tool,fr,UNKNOWN (no current URL-level Coverage sample),yes,sitemap-fr.xml,8,high,high,NONE,,KEEP,NONE,functional intent calibration found no high-confidence SAME outcome,NO,,no,MERGE
https://funnytools.win/fr/outils/reorganiser-pages-pdf/,tool,fr,UNKNOWN (no current URL-level Coverage sample),yes,sitemap-fr.xml,7,high,high,NONE,,KEEP,NONE,functional intent calibration found no high-confidence SAME outcome,NO,,no,MERGE
https://funnytools.win/fr/outils/roue-aleatoire/,tool,fr,UNKNOWN (no current URL-level Coverage sample),yes,sitemap-fr.xml,8,high,high,NONE,,KEEP,NONE,functional intent calibration found no high-confidence SAME outcome,NO,,no,MERGE
https://funnytools.win/fr/outils/supprimer-lignes-doublons/,tool,fr,UNKNOWN (no current URL-level Coverage sample),yes,sitemap-fr.xml,8,high,high,NONE,,KEEP,NONE,functional intent calibration found no high-confidence SAME outcome,NO,,no,MERGE
https://funnytools.win/fr/outils/supprimer-lignes-vides/,tool,fr,UNKNOWN (no current URL-level Coverage sample),yes,sitemap-fr.xml,7,medium,low,NONE,,KEEP,NONE,functional intent calibration found no high-confidence SAME outcome,NO,,no,KEEP
https://funnytools.win/fr/outils/supprimer-pages-pdf/,tool,fr,UNKNOWN (no current URL-level Coverage sample),yes,sitemap-fr.xml,8,high,high,NONE,,KEEP,NONE,functional intent calibration found no high-confidence SAME outcome,NO,,no,MERGE
https://funnytools.win/fr/outils/tableau-blanc-dessin-en-ligne/,tool,fr,UNKNOWN (no current URL-level Coverage sample),yes,sitemap-fr.xml,7,medium,low,NONE,,KEEP,NONE,functional intent calibration found no high-confidence SAME outcome,NO,,no,KEEP
https://funnytools.win/fr/outils/tirage-au-sort-eleves/,tool,fr,UNKNOWN (no current URL-level Coverage sample),yes,sitemap-fr.xml,6,high,high,NONE,,IMPROVE,NONE,multi-signal value triage remains below review floor after similarity recalibration,NO,,yes,IMPROVE
https://funnytools.win/fr/outils/tirage-au-sort-noms/,tool,fr,UNKNOWN (no current URL-level Coverage sample),yes,sitemap-fr.xml,8,high,high,NONE,,KEEP,NONE,functional intent calibration found no high-confidence SAME outcome,NO,,no,MERGE
https://funnytools.win/fr/outils/trier-lignes-texte/,tool,fr,UNKNOWN (no current URL-level Coverage sample),yes,sitemap-fr.xml,6,high,high,NONE,,KEEP,NONE,functional intent calibration found no high-confidence SAME outcome,NO,,no,MERGE
https://funnytools.win/guides/2d-cad-drawing-board-workflow-guide/,guide,zh-TW,UNKNOWN (no current URL-level Coverage sample),yes,sitemap-guides.xml,3,medium,low,NONE,,WAIT,NONE,new or evidence window too short; preserve observation state,NO,,no,WAIT
https://funnytools.win/guides/a4-vs-us-letter-printing-guide/,guide,zh-TW,UNKNOWN (no current URL-level Coverage sample),yes,sitemap-guides.xml,10,medium,low,NONE,,KEEP,NONE,functional intent calibration found no high-confidence SAME outcome,NO,,no,KEEP
https://funnytools.win/guides/age-calculator-school-cutoff-guide/,guide,zh-TW,UNKNOWN (no current URL-level Coverage sample),yes,sitemap-guides.xml,5,medium,low,NONE,,KEEP,NONE,functional intent calibration found no high-confidence SAME outcome,NO,,no,KEEP
https://funnytools.win/guides/anova-apa-format-guide/,guide,zh-TW,UNKNOWN (no current URL-level Coverage sample),yes,sitemap-guides.xml,11,medium,low,NONE,,KEEP,NONE,functional intent calibration found no high-confidence SAME outcome,NO,,no,KEEP
https://funnytools.win/guides/anova-post-hoc-tukey-bonferroni/,guide,zh-TW,UNKNOWN (no current URL-level Coverage sample),yes,sitemap-guides.xml,2,medium,low,NONE,,KEEP,NONE,functional intent calibration found no high-confidence SAME outcome,NO,,no,KEEP
https://funnytools.win/guides/bar-chart-school-report-guide/,guide,zh-TW,UNKNOWN (no current URL-level Coverage sample),yes,sitemap-guides.xml,11,medium,low,NONE,,KEEP,NONE,functional intent calibration found no high-confidence SAME outcome,NO,,no,KEEP
https://funnytools.win/guides/barcode-printing-quiet-zone-svg-guide/,guide,zh-TW,UNKNOWN (no current URL-level Coverage sample),yes,sitemap-guides.xml,5,medium,low,NONE,,KEEP,NONE,functional intent calibration found no high-confidence SAME outcome,NO,,no,KEEP
https://funnytools.win/guides/base64-utf8-unicode-guide/,guide,zh-TW,UNKNOWN (no current URL-level Coverage sample),yes,sitemap-guides.xml,4,medium,low,NONE,,KEEP,NONE,functional intent calibration found no high-confidence SAME outcome,NO,,no,KEEP
https://funnytools.win/guides/break-reminder-work-interval-guide/,guide,zh-TW,UNKNOWN (no current URL-level Coverage sample),yes,sitemap-guides.xml,4,medium,low,NONE,,KEEP,NONE,functional intent calibration found no high-confidence SAME outcome,NO,,no,KEEP
https://funnytools.win/guides/business-days-calendar-days-guide/,guide,zh-TW,UNKNOWN (no current URL-level Coverage sample),yes,sitemap-guides.xml,5,high,high,NONE,,IMPROVE,NONE,multi-signal value triage remains below review floor after similarity recalibration,NO,,yes,IMPROVE
https://funnytools.win/guides/cad-grid-snap-orthogonal-guide/,guide,zh-TW,UNKNOWN (no current URL-level Coverage sample),yes,sitemap-guides.xml,5,medium,low,NONE,,KEEP,NONE,functional intent calibration found no high-confidence SAME outcome,NO,,no,KEEP
https://funnytools.win/guides/camelcase-snake-case-kebab-case-guide/,guide,zh-TW,UNKNOWN (no current URL-level Coverage sample),yes,sitemap-guides.xml,5,medium,low,NONE,,WAIT,NONE,new or evidence window too short; preserve observation state,NO,,no,WAIT
https://funnytools.win/guides/chart-flowchart-alt-text-accessibility/,guide,zh-TW,UNKNOWN (no current URL-level Coverage sample),yes,sitemap-guides.xml,7,medium,low,NONE,,KEEP,NONE,functional intent calibration found no high-confidence SAME outcome,NO,,no,KEEP
https://funnytools.win/guides/chart-or-flowchart-selection-guide/,guide,zh-TW,UNKNOWN (no current URL-level Coverage sample),yes,sitemap-guides.xml,8,medium,low,NONE,,KEEP,NONE,functional intent calibration found no high-confidence SAME outcome,NO,,no,KEEP
https://funnytools.win/guides/chinese-english-mixed-word-count-guide/,guide,zh-TW,UNKNOWN (no current URL-level Coverage sample),yes,sitemap-guides.xml,4,high,high,NONE,,WAIT,NONE,new or evidence window too short; preserve observation state,NO,,no,WAIT
https://funnytools.win/guides/classroom-group-roles-rotation-guide/,guide,zh-TW,UNKNOWN (no current URL-level Coverage sample),yes,sitemap-guides.xml,7,high,low,NONE,,WAIT,NONE,new or evidence window too short; preserve observation state,NO,,no,WAIT
https://funnytools.win/guides/classroom-lottery-tool-guide/,guide,zh-TW,UNKNOWN (no current URL-level Coverage sample),yes,sitemap-guides.xml,15,high,low,NONE,,KEEP,NONE,functional intent calibration found no high-confidence SAME outcome,NO,,no,MERGE
https://funnytools.win/guides/classroom-random-group-absent-student-repair-guide/,guide,zh-TW,UNKNOWN (no current URL-level Coverage sample),yes,sitemap-guides.xml,4,high,high,NONE,,WAIT,NONE,new or evidence window too short; preserve observation state,NO,,no,WAIT
https://funnytools.win/guides/classroom-random-group-guide/,guide,zh-TW,UNKNOWN (no current URL-level Coverage sample),yes,sitemap-guides.xml,22,high,high,NONE,,KEEP,NONE,functional intent calibration found no high-confidence SAME outcome,NO,,no,MERGE
https://funnytools.win/guides/classroom-random-group-materials-handoff-guide/,guide,zh-TW,UNKNOWN (no current URL-level Coverage sample),yes,sitemap-guides.xml,2,medium,low,NONE,,WAIT,NONE,new or evidence window too short; preserve observation state,NO,,no,WAIT
https://funnytools.win/guides/classroom-random-group-no-repeat-guide/,guide,zh-TW,UNKNOWN (no current URL-level Coverage sample),yes,sitemap-guides.xml,7,high,low,NONE,,WAIT,NONE,new or evidence window too short; preserve observation state,NO,,no,WAIT
https://funnytools.win/guides/classroom-random-group-seat-transition-guide/,guide,zh-TW,UNKNOWN (no current URL-level Coverage sample),yes,sitemap-guides.xml,3,medium,low,NONE,,WAIT,NONE,new or evidence window too short; preserve observation state,NO,,no,WAIT
https://funnytools.win/guides/classroom-random-group-shareable-result-guide/,guide,zh-TW,UNKNOWN (no current URL-level Coverage sample),yes,sitemap-guides.xml,4,high,low,NONE,,WAIT,NONE,new or evidence window too short; preserve observation state,NO,,no,WAIT
https://funnytools.win/guides/classroom-random-group-size-balance-guide/,guide,zh-TW,UNKNOWN (no current URL-level Coverage sample),yes,sitemap-guides.xml,5,high,high,NONE,,WAIT,NONE,new or evidence window too short; preserve observation state,NO,,no,WAIT
https://funnytools.win/guides/classroom-random-picker-guide/,guide,zh-TW,UNKNOWN (no current URL-level Coverage sample),yes,sitemap-guides.xml,21,high,low,NONE,,KEEP,NONE,functional intent calibration found no high-confidence SAME outcome,NO,,no,MERGE
https://funnytools.win/guides/classroom-timer-guide/,guide,zh-TW,UNKNOWN (no current URL-level Coverage sample),yes,sitemap-guides.xml,19,medium,low,NONE,,KEEP,NONE,functional intent calibration found no high-confidence SAME outcome,NO,,no,KEEP
https://funnytools.win/guides/clean-copied-text-from-pdf-web-guide/,guide,zh-TW,UNKNOWN (no current URL-level Coverage sample),yes,sitemap-guides.xml,7,medium,low,NONE,,WAIT,NONE,new or evidence window too short; preserve observation state,NO,,no,WAIT
https://funnytools.win/guides/code128-vs-code39-guide/,guide,zh-TW,UNKNOWN (no current URL-level Coverage sample),yes,sitemap-guides.xml,8,medium,low,NONE,,KEEP,NONE,functional intent calibration found no high-confidence SAME outcome,NO,,no,KEEP
https://funnytools.win/guides/compress-image-to-upload-limit/,guide,zh-TW,UNKNOWN (no current URL-level Coverage sample),yes,sitemap-guides.xml,6,medium,low,NONE,,KEEP,NONE,functional intent calibration found no high-confidence SAME outcome,NO,,no,KEEP
https://funnytools.win/guides/compress-pdf-to-upload-limit/,guide,zh-TW,UNKNOWN (no current URL-level Coverage sample),yes,sitemap-guides.xml,8,medium,low,NONE,,KEEP,NONE,functional intent calibration found no high-confidence SAME outcome,NO,,no,KEEP
https://funnytools.win/guides/confidence-interval-95-guide/,guide,zh-TW,UNKNOWN (no current URL-level Coverage sample),yes,sitemap-guides.xml,10,medium,low,NONE,,KEEP,NONE,functional intent calibration found no high-confidence SAME outcome,NO,,no,KEEP
https://funnytools.win/guides/countdown-stopwatch-pomodoro-comparison/,guide,zh-TW,UNKNOWN (no current URL-level Coverage sample),yes,sitemap-guides.xml,5,medium,low,NONE,,KEEP,NONE,functional intent calibration found no high-confidence SAME outcome,NO,,no,KEEP
https://funnytools.win/guides/cronbach-alpha-interpretation/,guide,zh-TW,UNKNOWN (no current URL-level Coverage sample),yes,sitemap-guides.xml,2,medium,low,NONE,,KEEP,NONE,functional intent calibration found no high-confidence SAME outcome,NO,,no,KEEP
https://funnytools.win/guides/crop-vs-resize-vs-compress-image/,guide,zh-TW,UNKNOWN (no current URL-level Coverage sample),yes,sitemap-guides.xml,5,medium,low,NONE,,KEEP,NONE,functional intent calibration found no high-confidence SAME outcome,NO,,no,KEEP
https://funnytools.win/guides/csv-to-json-conversion-guide/,guide,zh-TW,UNKNOWN (no current URL-level Coverage sample),yes,sitemap-guides.xml,7,medium,low,NONE,,KEEP,NONE,functional intent calibration found no high-confidence SAME outcome,NO,,no,KEEP
https://funnytools.win/guides/csv-to-json-header-duplicate-column-guide/,guide,zh-TW,UNKNOWN (no current URL-level Coverage sample),yes,sitemap-guides.xml,6,high,low,NONE,,WAIT,NONE,new or evidence window too short; preserve observation state,NO,,no,WAIT
https://funnytools.win/guides/csv-utf8-bom-excel-garbled-text/,guide,zh-TW,UNKNOWN (no current URL-level Coverage sample),yes,sitemap-guides.xml,7,medium,low,NONE,,KEEP,NONE,functional intent calibration found no high-confidence SAME outcome,NO,,no,KEEP
https://funnytools.win/guides/cvc-word-families-guide/,guide,zh-TW,UNKNOWN (no current URL-level Coverage sample),yes,sitemap-guides.xml,4,low,low,NONE,,KEEP,NONE,functional intent calibration found no high-confidence SAME outcome,NO,,no,KEEP
https://funnytools.win/guides/date-arithmetic-end-of-month-dst-guide/,guide,zh-TW,UNKNOWN (no current URL-level Coverage sample),yes,sitemap-guides.xml,6,medium,low,NONE,,KEEP,NONE,functional intent calibration found no high-confidence SAME outcome,NO,,no,KEEP
https://funnytools.win/guides/date-difference-inclusive-exclusive-guide/,guide,zh-TW,UNKNOWN (no current URL-level Coverage sample),yes,sitemap-guides.xml,6,medium,low,NONE,,KEEP,NONE,functional intent calibration found no high-confidence SAME outcome,NO,,no,KEEP
https://funnytools.win/guides/decision-tree-vs-flowchart-guide/,guide,zh-TW,UNKNOWN (no current URL-level Coverage sample),yes,sitemap-guides.xml,4,medium,low,NONE,,KEEP,NONE,functional intent calibration found no high-confidence SAME outcome,NO,,no,KEEP
https://funnytools.win/guides/delete-blank-pages-from-pdf/,guide,zh-TW,UNKNOWN (no current URL-level Coverage sample),yes,sitemap-guides.xml,4,medium,low,NONE,,KEEP,NONE,functional intent calibration found no high-confidence SAME outcome,NO,,no,KEEP
https://funnytools.win/guides/dice-probability-random-streaks-guide/,guide,zh-TW,UNKNOWN (no current URL-level Coverage sample),yes,sitemap-guides.xml,3,low,low,NONE,,KEEP,NONE,functional intent calibration found no high-confidence SAME outcome,NO,,no,KEEP
https://funnytools.win/guides/ean13-upca-check-digit-gs1-guide/,guide,zh-TW,UNKNOWN (no current URL-level Coverage sample),yes,sitemap-guides.xml,9,medium,low,NONE,,KEEP,NONE,functional intent calibration found no high-confidence SAME outcome,NO,,no,KEEP
https://funnytools.win/guides/effect-size-guide/,guide,zh-TW,UNKNOWN (no current URL-level Coverage sample),yes,sitemap-guides.xml,13,medium,low,NONE,,KEEP,NONE,functional intent calibration found no high-confidence SAME outcome,NO,,no,KEEP
https://funnytools.win/guides/emoji-character-count-grapheme-guide/,guide,zh-TW,UNKNOWN (no current URL-level Coverage sample),yes,sitemap-guides.xml,9,medium,low,NONE,,WAIT,NONE,new or evidence window too short; preserve observation state,NO,,no,WAIT
https://funnytools.win/guides/extra-credit-over-100-grade-guide/,guide,zh-TW,UNKNOWN (no current URL-level Coverage sample),yes,sitemap-guides.xml,6,medium,low,NONE,,KEEP,NONE,functional intent calibration found no high-confidence SAME outcome,NO,,no,KEEP
https://funnytools.win/guides/extract-specific-pages-from-pdf/,guide,zh-TW,UNKNOWN (no current URL-level Coverage sample),yes,sitemap-guides.xml,9,medium,low,NONE,,KEEP,NONE,functional intent calibration found no high-confidence SAME outcome,NO,,no,KEEP
https://funnytools.win/guides/fair-random-draw-audit-guide/,guide,zh-TW,UNKNOWN (no current URL-level Coverage sample),yes,sitemap-guides.xml,8,medium,low,NONE,,KEEP,NONE,functional intent calibration found no high-confidence SAME outcome,NO,,no,KEEP
https://funnytools.win/guides/fair-student-grouping-guide/,guide,zh-TW,UNKNOWN (no current URL-level Coverage sample),yes,sitemap-guides.xml,16,high,high,NONE,,KEEP,NONE,functional intent calibration found no high-confidence SAME outcome,NO,,no,MERGE
https://funnytools.win/guides/file-size-units-guide/,guide,zh-TW,UNKNOWN (no current URL-level Coverage sample),yes,sitemap-guides.xml,5,medium,low,NONE,,KEEP,NONE,functional intent calibration found no high-confidence SAME outcome,NO,,no,KEEP
https://funnytools.win/guides/final-exam-score-needed-guide/,guide,zh-TW,UNKNOWN (no current URL-level Coverage sample),yes,sitemap-guides.xml,8,medium,low,NONE,,KEEP,NONE,functional intent calibration found no high-confidence SAME outcome,NO,,no,KEEP
https://funnytools.win/guides/flowchart-design-checklist/,guide,zh-TW,UNKNOWN (no current URL-level Coverage sample),yes,sitemap-guides.xml,5,medium,low,NONE,,KEEP,NONE,functional intent calibration found no high-confidence SAME outcome,NO,,no,KEEP
https://funnytools.win/guides/flowchart-symbols-guide/,guide,zh-TW,UNKNOWN (no current URL-level Coverage sample),yes,sitemap-guides.xml,4,medium,low,NONE,,KEEP,NONE,functional intent calibration found no high-confidence SAME outcome,NO,,no,KEEP
https://funnytools.win/guides/gpa-4-0-vs-4-3-guide/,guide,zh-TW,UNKNOWN (no current URL-level Coverage sample),yes,sitemap-guides.xml,7,medium,low,NONE,,KEEP,NONE,functional intent calibration found no high-confidence SAME outcome,NO,,no,KEEP
https://funnytools.win/guides/gpa-credit-weighted-formula-guide/,guide,zh-TW,UNKNOWN (no current URL-level Coverage sample),yes,sitemap-guides.xml,8,medium,low,NONE,,KEEP,NONE,functional intent calibration found no high-confidence SAME outcome,NO,,no,KEEP
https://funnytools.win/guides/grade-rounding-cutoff-guide/,guide,zh-TW,UNKNOWN (no current URL-level Coverage sample),yes,sitemap-guides.xml,4,low,low,NONE,,KEEP,NONE,functional intent calibration found no high-confidence SAME outcome,NO,,no,KEEP
https://funnytools.win/guides/grades-gpa/,guide,zh-TW,UNKNOWN (no current URL-level Coverage sample),yes,sitemap-guides.xml,17,medium,low,NONE,,KEEP,NONE,functional intent calibration found no high-confidence SAME outcome,NO,,no,KEEP
https://funnytools.win/guides/household-physics-demos-guide/,guide,zh-TW,UNKNOWN (no current URL-level Coverage sample),yes,sitemap-guides.xml,3,low,low,NONE,,KEEP,NONE,functional intent calibration found no high-confidence SAME outcome,NO,,no,KEEP
https://funnytools.win/guides/image-base64-data-uri-guide/,guide,zh-TW,UNKNOWN (no current URL-level Coverage sample),yes,sitemap-guides.xml,4,medium,low,NONE,,KEEP,NONE,functional intent calibration found no high-confidence SAME outcome,NO,,no,KEEP
https://funnytools.win/guides/image-color-profile-web-print-guide/,guide,zh-TW,UNKNOWN (no current URL-level Coverage sample),yes,sitemap-guides.xml,3,medium,low,NONE,,WAIT,NONE,new or evidence window too short; preserve observation state,NO,,no,WAIT
https://funnytools.win/guides/image-compression-email-guide/,guide,zh-TW,UNKNOWN (no current URL-level Coverage sample),yes,sitemap-guides.xml,12,medium,low,NONE,,KEEP,NONE,functional intent calibration found no high-confidence SAME outcome,NO,,no,KEEP
https://funnytools.win/guides/image-compression-quality-size-guide/,guide,zh-TW,UNKNOWN (no current URL-level Coverage sample),yes,sitemap-guides.xml,8,high,low,NONE,,WAIT,NONE,new or evidence window too short; preserve observation state,NO,,no,WAIT
https://funnytools.win/guides/image-compressor-metadata-privacy-guide/,guide,zh-TW,UNKNOWN (no current URL-level Coverage sample),yes,sitemap-guides.xml,4,medium,low,NONE,,WAIT,NONE,new or evidence window too short; preserve observation state,NO,,no,WAIT
https://funnytools.win/guides/image-resampling-quality-guide/,guide,zh-TW,UNKNOWN (no current URL-level Coverage sample),yes,sitemap-guides.xml,3,high,low,NONE,,WAIT,NONE,new or evidence window too short; preserve observation state,NO,,no,WAIT
https://funnytools.win/guides/image-resize-aspect-ratio-guide/,guide,zh-TW,UNKNOWN (no current URL-level Coverage sample),yes,sitemap-guides.xml,7,high,low,NONE,,WAIT,NONE,new or evidence window too short; preserve observation state,NO,,no,WAIT
https://funnytools.win/guides/image-resolution-print-web-guide/,guide,zh-TW,UNKNOWN (no current URL-level Coverage sample),yes,sitemap-guides.xml,5,high,low,NONE,,WAIT,NONE,new or evidence window too short; preserve observation state,NO,,no,WAIT
https://funnytools.win/guides/image-upload-failed-troubleshooting/,guide,zh-TW,UNKNOWN (no current URL-level Coverage sample),yes,sitemap-guides.xml,3,medium,low,NONE,,KEEP,NONE,functional intent calibration found no high-confidence SAME outcome,NO,,no,KEEP
https://funnytools.win/guides/independent-vs-paired-t-test/,guide,zh-TW,UNKNOWN (no current URL-level Coverage sample),yes,sitemap-guides.xml,6,medium,low,NONE,,KEEP,NONE,functional intent calibration found no high-confidence SAME outcome,NO,,no,KEEP
https://funnytools.win/guides/,hub,zh-TW,UNKNOWN (no current URL-level Coverage sample),yes,sitemap-guides.xml,312,medium,low,NONE,,KEEP,NONE,functional intent calibration found no high-confidence SAME outcome,NO,,no,KEEP
https://funnytools.win/guides/invisible-spaces-nbsp-zero-width-guide/,guide,zh-TW,UNKNOWN (no current URL-level Coverage sample),yes,sitemap-guides.xml,8,medium,low,NONE,,WAIT,NONE,new or evidence window too short; preserve observation state,NO,,no,WAIT
https://funnytools.win/guides/iso-8601-utc-offset-guide/,guide,zh-TW,UNKNOWN (no current URL-level Coverage sample),yes,sitemap-guides.xml,5,low,low,NONE,,KEEP,NONE,functional intent calibration found no high-confidence SAME outcome,NO,,no,KEEP
https://funnytools.win/guides/jpg-png-webp-which-to-use/,guide,zh-TW,UNKNOWN (no current URL-level Coverage sample),yes,sitemap-guides.xml,12,medium,low,NONE,,KEEP,NONE,functional intent calibration found no high-confidence SAME outcome,NO,,no,KEEP
https://funnytools.win/guides/json-error-fix-guide/,guide,zh-TW,UNKNOWN (no current URL-level Coverage sample),yes,sitemap-guides.xml,10,medium,low,NONE,,KEEP,NONE,functional intent calibration found no high-confidence SAME outcome,NO,,no,KEEP
https://funnytools.win/guides/json-formatter-trailing-comma-error-guide/,guide,zh-TW,UNKNOWN (no current URL-level Coverage sample),yes,sitemap-guides.xml,5,high,low,NONE,,WAIT,NONE,new or evidence window too short; preserve observation state,NO,,no,WAIT
https://funnytools.win/guides/json-to-csv-excel-guide/,guide,zh-TW,UNKNOWN (no current URL-level Coverage sample),yes,sitemap-guides.xml,6,medium,low,NONE,,KEEP,NONE,functional intent calibration found no high-confidence SAME outcome,NO,,no,KEEP
https://funnytools.win/guides/line-breaks-lf-crlf-guide/,guide,zh-TW,UNKNOWN (no current URL-level Coverage sample),yes,sitemap-guides.xml,5,low,low,NONE,,WAIT,NONE,new or evidence window too short; preserve observation state,NO,,no,WAIT
https://funnytools.win/guides/markdown-syntax-preview-guide/,guide,zh-TW,UNKNOWN (no current URL-level Coverage sample),yes,sitemap-guides.xml,3,low,low,NONE,,KEEP,NONE,functional intent calibration found no high-confidence SAME outcome,NO,,no,KEEP
https://funnytools.win/guides/mean-median-mode-when-to-use/,guide,zh-TW,UNKNOWN (no current URL-level Coverage sample),yes,sitemap-guides.xml,3,low,low,NONE,,KEEP,NONE,functional intent calibration found no high-confidence SAME outcome,NO,,no,KEEP
https://funnytools.win/guides/merge-pdf-bookmarks-navigation-guide/,guide,zh-TW,UNKNOWN (no current URL-level Coverage sample),yes,sitemap-guides.xml,4,high,low,NONE,,WAIT,NONE,new or evidence window too short; preserve observation state,NO,,no,WAIT
https://funnytools.win/guides/merge-pdf-page-size-orientation-guide/,guide,zh-TW,UNKNOWN (no current URL-level Coverage sample),yes,sitemap-guides.xml,8,medium,low,NONE,,WAIT,NONE,new or evidence window too short; preserve observation state,NO,,no,WAIT
https://funnytools.win/guides/merge-pdf-private-guide/,guide,zh-TW,UNKNOWN (no current URL-level Coverage sample),yes,sitemap-guides.xml,15,high,low,NONE,,IMPROVE,NONE,multi-signal value triage remains below review floor after similarity recalibration,NO,,yes,IMPROVE
https://funnytools.win/guides/merge-pdf-reading-order-checklist-guide/,guide,zh-TW,UNKNOWN (no current URL-level Coverage sample),yes,sitemap-guides.xml,9,high,low,NONE,,WAIT,NONE,new or evidence window too short; preserve observation state,NO,,no,WAIT
https://funnytools.win/guides/misleading-chart-common-errors/,guide,zh-TW,UNKNOWN (no current URL-level Coverage sample),yes,sitemap-guides.xml,5,medium,low,NONE,,KEEP,NONE,functional intent calibration found no high-confidence SAME outcome,NO,,no,KEEP
https://funnytools.win/guides/missing-assignment-zero-exempt-guide/,guide,zh-TW,UNKNOWN (no current URL-level Coverage sample),yes,sitemap-guides.xml,7,medium,low,NONE,,KEEP,NONE,functional intent calibration found no high-confidence SAME outcome,NO,,no,KEEP
https://funnytools.win/guides/multiplication-fact-fluency-guide/,guide,zh-TW,UNKNOWN (no current URL-level Coverage sample),yes,sitemap-guides.xml,5,medium,low,NONE,,KEEP,NONE,functional intent calibration found no high-confidence SAME outcome,NO,,no,KEEP
https://funnytools.win/guides/optimize-images-for-website/,guide,zh-TW,UNKNOWN (no current URL-level Coverage sample),yes,sitemap-guides.xml,5,medium,low,NONE,,KEEP,NONE,functional intent calibration found no high-confidence SAME outcome,NO,,no,KEEP
https://funnytools.win/guides/outlier-detection-iqr-z-score-boxplot/,guide,zh-TW,UNKNOWN (no current URL-level Coverage sample),yes,sitemap-guides.xml,4,low,low,NONE,,KEEP,NONE,functional intent calibration found no high-confidence SAME outcome,NO,,no,KEEP
https://funnytools.win/guides/p-value-interpretation/,guide,zh-TW,UNKNOWN (no current URL-level Coverage sample),yes,sitemap-guides.xml,14,medium,low,NONE,,KEEP,NONE,functional intent calibration found no high-confidence SAME outcome,NO,,no,KEEP
https://funnytools.win/guides/password-manager-mfa-passkey-guide/,guide,zh-TW,UNKNOWN (no current URL-level Coverage sample),yes,sitemap-guides.xml,4,medium,low,NONE,,KEEP,NONE,functional intent calibration found no high-confidence SAME outcome,NO,,no,KEEP
https://funnytools.win/guides/password-strength-basics-guide/,guide,zh-TW,UNKNOWN (no current URL-level Coverage sample),yes,sitemap-guides.xml,6,medium,low,NONE,,KEEP,NONE,functional intent calibration found no high-confidence SAME outcome,NO,,no,KEEP
https://funnytools.win/guides/pdf-accessibility-reading-order-check-guide/,guide,zh-TW,UNKNOWN (no current URL-level Coverage sample),yes,sitemap-guides.xml,2,medium,low,NONE,,WAIT,NONE,new or evidence window too short; preserve observation state,NO,,no,WAIT
https://funnytools.win/guides/pdf-compressor-email-attachment-guide/,guide,zh-TW,UNKNOWN (no current URL-level Coverage sample),yes,sitemap-guides.xml,5,medium,low,NONE,,WAIT,NONE,new or evidence window too short; preserve observation state,NO,,no,WAIT
https://funnytools.win/guides/pdf-compressor-form-fields-links-guide/,guide,zh-TW,UNKNOWN (no current URL-level Coverage sample),yes,sitemap-guides.xml,3,medium,low,NONE,,WAIT,NONE,new or evidence window too short; preserve observation state,NO,,no,WAIT
https://funnytools.win/guides/pdf-page-reorder-appendix-merge-check-guide/,guide,zh-TW,UNKNOWN (no current URL-level Coverage sample),yes,sitemap-guides.xml,4,high,low,NONE,,WAIT,NONE,new or evidence window too short; preserve observation state,NO,,no,WAIT
https://funnytools.win/guides/pdf-split-vs-extract-vs-delete/,guide,zh-TW,UNKNOWN (no current URL-level Coverage sample),yes,sitemap-guides.xml,8,medium,low,NONE,,WAIT,NONE,new or evidence window too short; preserve observation state,NO,,no,WAIT
https://funnytools.win/guides/pdf-table-to-excel-header-check-guide/,guide,zh-TW,UNKNOWN (no current URL-level Coverage sample),yes,sitemap-guides.xml,5,medium,low,NONE,,WAIT,NONE,new or evidence window too short; preserve observation state,NO,,no,WAIT
https://funnytools.win/guides/pdf-to-image-background-contrast-guide/,guide,zh-TW,UNKNOWN (no current URL-level Coverage sample),yes,sitemap-guides.xml,5,medium,low,NONE,,WAIT,NONE,new or evidence window too short; preserve observation state,NO,,no,WAIT
https://funnytools.win/guides/pdf-to-image-multipage-download-guide/,guide,zh-TW,UNKNOWN (no current URL-level Coverage sample),yes,sitemap-guides.xml,7,high,low,NONE,,WAIT,NONE,new or evidence window too short; preserve observation state,NO,,no,WAIT
https://funnytools.win/guides/pdf-to-image-print-crop-marks-guide/,guide,zh-TW,UNKNOWN (no current URL-level Coverage sample),yes,sitemap-guides.xml,3,medium,low,NONE,,WAIT,NONE,new or evidence window too short; preserve observation state,NO,,no,WAIT
https://funnytools.win/guides/pdf-to-image-raster-text-search-guide/,guide,zh-TW,UNKNOWN (no current URL-level Coverage sample),yes,sitemap-guides.xml,9,medium,low,NONE,,WAIT,NONE,new or evidence window too short; preserve observation state,NO,,no,WAIT
https://funnytools.win/guides/pdf-to-image-resolution-guide/,guide,zh-TW,UNKNOWN (no current URL-level Coverage sample),yes,sitemap-guides.xml,11,high,low,NONE,,WAIT,NONE,new or evidence window too short; preserve observation state,NO,,no,WAIT
https://funnytools.win/guides/pdf-to-jpg-vs-png/,guide,zh-TW,UNKNOWN (no current URL-level Coverage sample),yes,sitemap-guides.xml,6,medium,low,NONE,,KEEP,NONE,functional intent calibration found no high-confidence SAME outcome,NO,,no,KEEP
https://funnytools.win/guides/pdf-to-word-form-field-editing-guide/,guide,zh-TW,UNKNOWN (no current URL-level Coverage sample),yes,sitemap-guides.xml,4,medium,low,NONE,,WAIT,NONE,new or evidence window too short; preserve observation state,NO,,no,WAIT
https://funnytools.win/guides/pdf-to-word-layout-fidelity-guide/,guide,zh-TW,UNKNOWN (no current URL-level Coverage sample),yes,sitemap-guides.xml,9,high,low,NONE,,WAIT,NONE,new or evidence window too short; preserve observation state,NO,,no,WAIT
https://funnytools.win/guides/pdf-to-word-ocr-language-check-guide/,guide,zh-TW,UNKNOWN (no current URL-level Coverage sample),yes,sitemap-guides.xml,2,high,low,NONE,,WAIT,NONE,new or evidence window too short; preserve observation state,NO,,no,WAIT
https://funnytools.win/guides/pdf-to-word-review-track-changes-guide/,guide,zh-TW,UNKNOWN (no current URL-level Coverage sample),yes,sitemap-guides.xml,6,medium,low,NONE,,WAIT,NONE,new or evidence window too short; preserve observation state,NO,,no,WAIT
https://funnytools.win/guides/pdf-upload-failed-troubleshooting/,guide,zh-TW,UNKNOWN (no current URL-level Coverage sample),yes,sitemap-guides.xml,3,medium,low,NONE,,WAIT,NONE,new or evidence window too short; preserve observation state,NO,,no,WAIT
https://funnytools.win/guides/pearson-vs-spearman-correlation/,guide,zh-TW,UNKNOWN (no current URL-level Coverage sample),yes,sitemap-guides.xml,3,low,low,NONE,,KEEP,NONE,functional intent calibration found no high-confidence SAME outcome,NO,,no,KEEP
https://funnytools.win/guides/percentage-grade-to-gpa-conversion-guide/,guide,zh-TW,UNKNOWN (no current URL-level Coverage sample),yes,sitemap-guides.xml,7,medium,low,NONE,,WAIT,NONE,new or evidence window too short; preserve observation state,NO,,no,WAIT
https://funnytools.win/guides/percentage-shortcuts-guide/,guide,zh-TW,UNKNOWN (no current URL-level Coverage sample),yes,sitemap-guides.xml,9,medium,low,NONE,,KEEP,NONE,functional intent calibration found no high-confidence SAME outcome,NO,,no,KEEP
https://funnytools.win/guides/percentile-rank-guide/,guide,zh-TW,UNKNOWN (no current URL-level Coverage sample),yes,sitemap-guides.xml,32,high,low,NONE,,IMPROVE,NONE,multi-signal value triage remains below review floor after similarity recalibration,NO,,yes,IMPROVE
https://funnytools.win/guides/photos-to-pdf-phone-guide/,guide,zh-TW,UNKNOWN (no current URL-level Coverage sample),yes,sitemap-guides.xml,9,medium,low,NONE,,KEEP,NONE,functional intent calibration found no high-confidence SAME outcome,NO,,no,KEEP
https://funnytools.win/guides/pie-chart-percentage-guide/,guide,zh-TW,UNKNOWN (no current URL-level Coverage sample),yes,sitemap-guides.xml,4,medium,low,NONE,,KEEP,NONE,functional intent calibration found no high-confidence SAME outcome,NO,,no,KEEP
https://funnytools.win/guides/png-to-jpg-transparency-background/,guide,zh-TW,UNKNOWN (no current URL-level Coverage sample),yes,sitemap-guides.xml,5,medium,low,NONE,,KEEP,NONE,functional intent calibration found no high-confidence SAME outcome,NO,,no,KEEP
https://funnytools.win/guides/pomodoro-25-5-focus-interval-guide/,guide,zh-TW,UNKNOWN (no current URL-level Coverage sample),yes,sitemap-guides.xml,5,medium,low,NONE,,KEEP,NONE,functional intent calibration found no high-confidence SAME outcome,NO,,no,KEEP
https://funnytools.win/guides/qr-barcode/,guide,zh-TW,UNKNOWN (no current URL-level Coverage sample),yes,sitemap-guides.xml,12,medium,low,NONE,,KEEP,NONE,functional intent calibration found no high-confidence SAME outcome,NO,,no,KEEP
https://funnytools.win/guides/qr-code-accessible-fallback-guide/,guide,zh-TW,UNKNOWN (no current URL-level Coverage sample),yes,sitemap-guides.xml,3,medium,low,NONE,,WAIT,NONE,new or evidence window too short; preserve observation state,NO,,no,WAIT
https://funnytools.win/guides/qr-code-before-print-testing-guide/,guide,zh-TW,UNKNOWN (no current URL-level Coverage sample),yes,sitemap-guides.xml,12,medium,low,NONE,,WAIT,NONE,new or evidence window too short; preserve observation state,NO,,no,WAIT
https://funnytools.win/guides/qr-code-classroom-guide/,guide,zh-TW,UNKNOWN (no current URL-level Coverage sample),yes,sitemap-guides.xml,7,medium,low,NONE,,KEEP,NONE,functional intent calibration found no high-confidence SAME outcome,NO,,no,KEEP
https://funnytools.win/guides/qr-code-destination-change-log-guide/,guide,zh-TW,UNKNOWN (no current URL-level Coverage sample),yes,sitemap-guides.xml,4,high,low,NONE,,WAIT,NONE,new or evidence window too short; preserve observation state,NO,,no,WAIT
https://funnytools.win/guides/qr-code-event-page-expiry-guide/,guide,zh-TW,UNKNOWN (no current URL-level Coverage sample),yes,sitemap-guides.xml,7,high,low,NONE,,WAIT,NONE,new or evidence window too short; preserve observation state,NO,,no,WAIT
https://funnytools.win/guides/qr-code-mobile-landing-page-guide/,guide,zh-TW,UNKNOWN (no current URL-level Coverage sample),yes,sitemap-guides.xml,11,high,low,NONE,,WAIT,NONE,new or evidence window too short; preserve observation state,NO,,no,WAIT
https://funnytools.win/guides/qr-code-multi-placement-consistency-guide/,guide,zh-TW,UNKNOWN (no current URL-level Coverage sample),yes,sitemap-guides.xml,2,medium,low,NONE,,WAIT,NONE,new or evidence window too short; preserve observation state,NO,,no,WAIT
https://funnytools.win/guides/qr-code-multilingual-switch-testing-guide/,guide,zh-TW,UNKNOWN (no current URL-level Coverage sample),yes,sitemap-guides.xml,4,high,low,NONE,,WAIT,NONE,new or evidence window too short; preserve observation state,NO,,no,WAIT
https://funnytools.win/guides/qr-code-not-scanning-print-guide/,guide,zh-TW,UNKNOWN (no current URL-level Coverage sample),yes,sitemap-guides.xml,7,medium,low,NONE,,KEEP,NONE,functional intent calibration found no high-confidence SAME outcome,NO,,no,KEEP
https://funnytools.win/guides/qr-code-payload-length-guide/,guide,zh-TW,UNKNOWN (no current URL-level Coverage sample),yes,sitemap-guides.xml,6,medium,low,NONE,,WAIT,NONE,new or evidence window too short; preserve observation state,NO,,no,WAIT
https://funnytools.win/guides/qr-code-phishing-security-guide/,guide,zh-TW,UNKNOWN (no current URL-level Coverage sample),yes,sitemap-guides.xml,7,low,low,NONE,,KEEP,NONE,functional intent calibration found no high-confidence SAME outcome,NO,,no,KEEP
https://funnytools.win/guides/qr-code-scan-failure-field-troubleshooting-guide/,guide,zh-TW,UNKNOWN (no current URL-level Coverage sample),yes,sitemap-guides.xml,3,medium,low,NONE,,WAIT,NONE,new or evidence window too short; preserve observation state,NO,,no,WAIT
https://funnytools.win/guides/qr-code-utm-campaign-link-guide/,guide,zh-TW,UNKNOWN (no current URL-level Coverage sample),yes,sitemap-guides.xml,5,medium,low,NONE,,WAIT,NONE,new or evidence window too short; preserve observation state,NO,,no,WAIT
https://funnytools.win/guides/qr-code-vs-barcode-guide/,guide,zh-TW,UNKNOWN (no current URL-level Coverage sample),yes,sitemap-guides.xml,6,medium,low,NONE,,KEEP,NONE,functional intent calibration found no high-confidence SAME outcome,NO,,no,KEEP
https://funnytools.win/guides/qr-error-correction-logo-guide/,guide,zh-TW,UNKNOWN (no current URL-level Coverage sample),yes,sitemap-guides.xml,4,low,low,NONE,,KEEP,NONE,functional intent calibration found no high-confidence SAME outcome,NO,,no,KEEP
https://funnytools.win/guides/r-squared-adjusted-r-squared/,guide,zh-TW,UNKNOWN (no current URL-level Coverage sample),yes,sitemap-guides.xml,3,low,low,NONE,,KEEP,NONE,functional intent calibration found no high-confidence SAME outcome,NO,,no,KEEP
https://funnytools.win/guides/random-password-length-security-guide/,guide,zh-TW,UNKNOWN (no current URL-level Coverage sample),yes,sitemap-guides.xml,6,medium,low,NONE,,KEEP,NONE,functional intent calibration found no high-confidence SAME outcome,NO,,no,KEEP
https://funnytools.win/guides/random-sampling-with-without-replacement/,guide,zh-TW,UNKNOWN (no current URL-level Coverage sample),yes,sitemap-guides.xml,5,medium,low,NONE,,KEEP,NONE,functional intent calibration found no high-confidence SAME outcome,NO,,no,KEEP
https://funnytools.win/guides/reading-time-estimate-guide/,guide,zh-TW,UNKNOWN (no current URL-level Coverage sample),yes,sitemap-guides.xml,3,medium,low,NONE,,WAIT,NONE,new or evidence window too short; preserve observation state,NO,,no,WAIT
https://funnytools.win/guides/rejection-sampling-modulo-bias-guide/,guide,zh-TW,UNKNOWN (no current URL-level Coverage sample),yes,sitemap-guides.xml,8,low,low,NONE,,KEEP,NONE,functional intent calibration found no high-confidence SAME outcome,NO,,no,KEEP
https://funnytools.win/guides/remove-duplicate-lines-guide/,guide,zh-TW,UNKNOWN (no current URL-level Coverage sample),yes,sitemap-guides.xml,3,medium,low,NONE,,KEEP,NONE,functional intent calibration found no high-confidence SAME outcome,NO,,no,KEEP
https://funnytools.win/guides/reorder-rotate-pdf-pages/,guide,zh-TW,UNKNOWN (no current URL-level Coverage sample),yes,sitemap-guides.xml,4,medium,low,NONE,,KEEP,NONE,functional intent calibration found no high-confidence SAME outcome,NO,,no,KEEP
https://funnytools.win/guides/resize-image-without-distortion/,guide,zh-TW,UNKNOWN (no current URL-level Coverage sample),yes,sitemap-guides.xml,4,medium,low,NONE,,KEEP,NONE,functional intent calibration found no high-confidence SAME outcome,NO,,no,KEEP
https://funnytools.win/guides/scanned-pdf-searchable-ocr-guide/,guide,zh-TW,UNKNOWN (no current URL-level Coverage sample),yes,sitemap-guides.xml,2,medium,low,NONE,,KEEP,NONE,functional intent calibration found no high-confidence SAME outcome,NO,,no,KEEP
https://funnytools.win/guides/seating-chart-changeover-routine-guide/,guide,zh-TW,UNKNOWN (no current URL-level Coverage sample),yes,sitemap-guides.xml,4,high,low,NONE,,WAIT,NONE,new or evidence window too short; preserve observation state,NO,,no,WAIT
https://funnytools.win/guides/seating-chart-student-needs-intake-guide/,guide,zh-TW,UNKNOWN (no current URL-level Coverage sample),yes,sitemap-guides.xml,6,high,low,NONE,,WAIT,NONE,new or evidence window too short; preserve observation state,NO,,no,WAIT
https://funnytools.win/guides/secure-random-vs-math-random-guide/,guide,zh-TW,UNKNOWN (no current URL-level Coverage sample),yes,sitemap-guides.xml,11,low,low,NONE,,KEEP,NONE,functional intent calibration found no high-confidence SAME outcome,NO,,no,KEEP
https://funnytools.win/guides/semester-vs-cumulative-gpa-guide/,guide,zh-TW,UNKNOWN (no current URL-level Coverage sample),yes,sitemap-guides.xml,6,medium,low,NONE,,KEEP,NONE,functional intent calibration found no high-confidence SAME outcome,NO,,no,KEEP
https://funnytools.win/guides/shapiro-wilk-normality-test/,guide,zh-TW,UNKNOWN (no current URL-level Coverage sample),yes,sitemap-guides.xml,4,low,low,NONE,,KEEP,NONE,functional intent calibration found no high-confidence SAME outcome,NO,,no,KEEP
https://funnytools.win/guides/split-pdf-output-naming-batch-delivery-guide/,guide,zh-TW,UNKNOWN (no current URL-level Coverage sample),yes,sitemap-guides.xml,3,medium,low,NONE,,WAIT,NONE,new or evidence window too short; preserve observation state,NO,,no,WAIT
https://funnytools.win/guides/split-pdf-page-range-planning-guide/,guide,zh-TW,UNKNOWN (no current URL-level Coverage sample),yes,sitemap-guides.xml,8,high,low,NONE,,WAIT,NONE,new or evidence window too short; preserve observation state,NO,,no,WAIT
https://funnytools.win/guides/spss-levene-test-guide/,guide,zh-TW,UNKNOWN (no current URL-level Coverage sample),yes,sitemap-guides.xml,12,medium,low,NONE,,KEEP,NONE,functional intent calibration found no high-confidence SAME outcome,NO,,no,KEEP
https://funnytools.win/guides/standard-deviation-vs-standard-error/,guide,zh-TW,UNKNOWN (no current URL-level Coverage sample),yes,sitemap-guides.xml,6,medium,low,NONE,,KEEP,NONE,functional intent calibration found no high-confidence SAME outcome,NO,,no,KEEP
https://funnytools.win/guides/static-vs-dynamic-qr-code-guide/,guide,zh-TW,UNKNOWN (no current URL-level Coverage sample),yes,sitemap-guides.xml,9,low,low,NONE,,KEEP,NONE,functional intent calibration found no high-confidence SAME outcome,NO,,no,KEEP
https://funnytools.win/guides/statistical-test-selection/,guide,zh-TW,UNKNOWN (no current URL-level Coverage sample),yes,sitemap-guides.xml,10,medium,low,NONE,,KEEP,NONE,functional intent calibration found no high-confidence SAME outcome,NO,,no,KEEP
https://funnytools.win/guides/statistical-vs-practical-significance/,guide,zh-TW,UNKNOWN (no current URL-level Coverage sample),yes,sitemap-guides.xml,2,medium,low,NONE,,KEEP,NONE,functional intent calibration found no high-confidence SAME outcome,NO,,no,KEEP
https://funnytools.win/guides/svg-vs-png-diagram-export/,guide,zh-TW,UNKNOWN (no current URL-level Coverage sample),yes,sitemap-guides.xml,13,low,low,NONE,,KEEP,NONE,functional intent calibration found no high-confidence SAME outcome,NO,,no,KEEP
https://funnytools.win/guides/t-score-calculator-guide/,guide,zh-TW,UNKNOWN (no current URL-level Coverage sample),yes,sitemap-guides.xml,38,high,high,NONE,,KEEP,NONE,functional intent calibration found no high-confidence SAME outcome,NO,,no,MERGE
https://funnytools.win/guides/t-test-apa-format-guide/,guide,zh-TW,UNKNOWN (no current URL-level Coverage sample),yes,sitemap-guides.xml,11,high,low,NONE,,IMPROVE,NONE,multi-signal value triage remains below review floor after similarity recalibration,NO,,yes,IMPROVE
https://funnytools.win/guides/teacher-exam-weighted-score-guide/,guide,zh-TW,UNKNOWN (no current URL-level Coverage sample),yes,sitemap-guides.xml,19,high,low,NONE,,IMPROVE,NONE,multi-signal value triage remains below review floor after similarity recalibration,NO,,yes,IMPROVE
https://funnytools.win/guides/text-sort-alphabetical-numeric-length-guide/,guide,zh-TW,UNKNOWN (no current URL-level Coverage sample),yes,sitemap-guides.xml,3,medium,low,NONE,,WAIT,NONE,new or evidence window too short; preserve observation state,NO,,no,WAIT
https://funnytools.win/guides/text-writing/,guide,zh-TW,UNKNOWN (no current URL-level Coverage sample),yes,sitemap-guides.xml,24,medium,low,NONE,,KEEP,NONE,functional intent calibration found no high-confidence SAME outcome,NO,,no,KEEP
https://funnytools.win/guides/title-case-vs-sentence-case-guide/,guide,zh-TW,UNKNOWN (no current URL-level Coverage sample),yes,sitemap-guides.xml,5,medium,low,NONE,,WAIT,NONE,new or evidence window too short; preserve observation state,NO,,no,WAIT
https://funnytools.win/guides/two-way-anova-interaction-guide/,guide,zh-TW,UNKNOWN (no current URL-level Coverage sample),yes,sitemap-guides.xml,8,medium,low,NONE,,KEEP,NONE,functional intent calibration found no high-confidence SAME outcome,NO,,no,KEEP
https://funnytools.win/guides/unit-price-comparison-guide/,guide,zh-TW,UNKNOWN (no current URL-level Coverage sample),yes,sitemap-guides.xml,3,medium,low,NONE,,KEEP,NONE,functional intent calibration found no high-confidence SAME outcome,NO,,no,KEEP
https://funnytools.win/guides/unix-timestamp-seconds-milliseconds-guide/,guide,zh-TW,UNKNOWN (no current URL-level Coverage sample),yes,sitemap-guides.xml,6,low,low,NONE,,KEEP,NONE,functional intent calibration found no high-confidence SAME outcome,NO,,no,KEEP
https://funnytools.win/guides/url-encoding-percent-encoding-guide/,guide,zh-TW,UNKNOWN (no current URL-level Coverage sample),yes,sitemap-guides.xml,5,low,low,NONE,,KEEP,NONE,functional intent calibration found no high-confidence SAME outcome,NO,,no,KEEP
https://funnytools.win/guides/utf8-bytes-vs-characters-guide/,guide,zh-TW,UNKNOWN (no current URL-level Coverage sample),yes,sitemap-guides.xml,6,medium,low,NONE,,WAIT,NONE,new or evidence window too short; preserve observation state,NO,,no,WAIT
https://funnytools.win/guides/uuid-v4-collision-probability-guide/,guide,zh-TW,UNKNOWN (no current URL-level Coverage sample),yes,sitemap-guides.xml,6,medium,low,NONE,,KEEP,NONE,functional intent calibration found no high-confidence SAME outcome,NO,,no,KEEP
https://funnytools.win/guides/uuid-v4-vs-v7-guide/,guide,zh-TW,UNKNOWN (no current URL-level Coverage sample),yes,sitemap-guides.xml,3,low,low,NONE,,KEEP,NONE,functional intent calibration found no high-confidence SAME outcome,NO,,no,KEEP
https://funnytools.win/guides/visual-schedule-slots-guide/,guide,zh-TW,UNKNOWN (no current URL-level Coverage sample),yes,sitemap-guides.xml,3,medium,low,NONE,,KEEP,NONE,functional intent calibration found no high-confidence SAME outcome,NO,,no,KEEP
https://funnytools.win/guides/weighted-grade-weights-not-100-guide/,guide,zh-TW,UNKNOWN (no current URL-level Coverage sample),yes,sitemap-guides.xml,9,medium,low,NONE,,KEEP,NONE,functional intent calibration found no high-confidence SAME outcome,NO,,no,KEEP
https://funnytools.win/guides/wifi-qr-code-format-security-guide/,guide,zh-TW,UNKNOWN (no current URL-level Coverage sample),yes,sitemap-guides.xml,3,low,low,NONE,,KEEP,NONE,functional intent calibration found no high-confidence SAME outcome,NO,,no,KEEP
https://funnytools.win/guides/word-count-essay-limits-guide/,guide,zh-TW,UNKNOWN (no current URL-level Coverage sample),yes,sitemap-guides.xml,6,medium,low,NONE,,KEEP,NONE,functional intent calibration found no high-confidence SAME outcome,NO,,no,KEEP
https://funnytools.win/guides/word-count-vs-character-count-guide/,guide,zh-TW,UNKNOWN (no current URL-level Coverage sample),yes,sitemap-guides.xml,6,high,high,NONE,,WAIT,NONE,new or evidence window too short; preserve observation state,NO,,no,WAIT
https://funnytools.win/guides/work-deadline-business-day-planning/,guide,zh-TW,UNKNOWN (no current URL-level Coverage sample),yes,sitemap-guides.xml,5,medium,low,NONE,,KEEP,NONE,functional intent calibration found no high-confidence SAME outcome,NO,,no,KEEP
https://funnytools.win/guides/z-score-calculator-guide/,guide,zh-TW,UNKNOWN (no current URL-level Coverage sample),yes,sitemap-guides.xml,24,high,low,NONE,,KEEP,NONE,functional intent calibration found no high-confidence SAME outcome,NO,,no,MERGE
https://funnytools.win/,home,zh-TW,Indexed,yes,sitemap-guides.xml,526,high,high,NONE,,IMPROVE,NONE,multi-signal value triage remains below review floor after similarity recalibration,NO,,yes,IMPROVE
https://funnytools.win/methodology/accessibility-compatibility/,methodology,zh-TW,UNKNOWN (no current URL-level Coverage sample),yes,sitemap-guides.xml,1,low,low,NONE,,IMPROVE,NONE,multi-signal value triage remains below review floor after similarity recalibration,NO,,yes,IMPROVE
https://funnytools.win/methodology/ai-assisted-content/,methodology,zh-TW,UNKNOWN (no current URL-level Coverage sample),yes,sitemap-guides.xml,2,low,low,NONE,,IMPROVE,NONE,multi-signal value triage remains below review floor after similarity recalibration,NO,,yes,IMPROVE
https://funnytools.win/methodology/browser-local-processing/,methodology,zh-TW,UNKNOWN (no current URL-level Coverage sample),yes,sitemap-guides.xml,80,medium,low,NONE,,KEEP,NONE,functional intent calibration found no high-confidence SAME outcome,NO,,no,KEEP
https://funnytools.win/methodology/calculator-formula-verification/,methodology,zh-TW,UNKNOWN (no current URL-level Coverage sample),yes,sitemap-guides.xml,4,low,low,NONE,,IMPROVE,NONE,multi-signal value triage remains below review floor after similarity recalibration,NO,,yes,IMPROVE
https://funnytools.win/methodology/content-sourcing-corrections/,methodology,zh-TW,UNKNOWN (no current URL-level Coverage sample),yes,sitemap-guides.xml,3,low,low,NONE,,IMPROVE,NONE,multi-signal value triage remains below review floor after similarity recalibration,NO,,yes,IMPROVE
https://funnytools.win/methodology/file-tool-verification/,methodology,zh-TW,UNKNOWN (no current URL-level Coverage sample),yes,sitemap-guides.xml,5,low,low,NONE,,KEEP,NONE,functional intent calibration found no high-confidence SAME outcome,NO,,no,KEEP
https://funnytools.win/methodology/,hub,zh-TW,UNKNOWN (no current URL-level Coverage sample),yes,sitemap-guides.xml,310,medium,low,NONE,,KEEP,NONE,functional intent calibration found no high-confidence SAME outcome,NO,,no,KEEP
https://funnytools.win/methodology/public-test-cases/,methodology,zh-TW,UNKNOWN (no current URL-level Coverage sample),yes,sitemap-guides.xml,89,low,low,NONE,,KEEP,NONE,functional intent calibration found no high-confidence SAME outcome,NO,,no,KEEP
https://funnytools.win/methodology/randomness-security/,methodology,zh-TW,UNKNOWN (no current URL-level Coverage sample),yes,sitemap-guides.xml,1,low,low,NONE,,IMPROVE,NONE,multi-signal value triage remains below review floor after similarity recalibration,NO,,yes,IMPROVE
https://funnytools.win/methodology/tool-verification/,methodology,zh-TW,UNKNOWN (no current URL-level Coverage sample),yes,sitemap-guides.xml,90,medium,low,NONE,,KEEP,NONE,functional intent calibration found no high-confidence SAME outcome,NO,,no,KEEP
https://funnytools.win/privacy/,legal,zh-TW,UNKNOWN (no current URL-level Coverage sample),yes,sitemap-guides.xml,316,medium,low,NONE,,IMPROVE,NONE,multi-signal value triage remains below review floor after similarity recalibration,NO,,yes,IMPROVE
https://funnytools.win/shop/,support,zh-TW,UNKNOWN (no current URL-level Coverage sample),yes,sitemap-guides.xml,312,low,low,NONE,,KEEP,NONE,functional intent calibration found no high-confidence SAME outcome,NO,,no,KEEP
https://funnytools.win/support/,support,zh-TW,UNKNOWN (no current URL-level Coverage sample),yes,sitemap-guides.xml,712,medium,low,NONE,,KEEP,NONE,functional intent calibration found no high-confidence SAME outcome,NO,,no,KEEP
https://funnytools.win/terms/,legal,zh-TW,UNKNOWN (no current URL-level Coverage sample),yes,sitemap-guides.xml,313,medium,low,NONE,,IMPROVE,NONE,multi-signal value triage remains below review floor after similarity recalibration,NO,,yes,IMPROVE
https://funnytools.win/tools/age-calculator/,tool,zh-TW,UNKNOWN (no current URL-level Coverage sample),yes,sitemap-tools.xml,17,high,low,NONE,,KEEP,NONE,functional intent calibration found no high-confidence SAME outcome,NO,,no,MERGE
https://funnytools.win/tools/apa-7-report-generator/,tool,zh-TW,UNKNOWN (no current URL-level Coverage sample),yes,sitemap-tools.xml,18,high,low,NONE,,KEEP,NONE,functional intent calibration found no high-confidence SAME outcome,NO,,no,MERGE
https://funnytools.win/tools/bar-chart-maker/,tool,zh-TW,UNKNOWN (no current URL-level Coverage sample),yes,sitemap-tools.xml,20,high,low,NONE,,KEEP,NONE,functional intent calibration found no high-confidence SAME outcome,NO,,no,MERGE
https://funnytools.win/tools/barcode-generator/,tool,zh-TW,UNKNOWN (no current URL-level Coverage sample),yes,sitemap-tools.xml,18,medium,low,NONE,,KEEP,NONE,functional intent calibration found no high-confidence SAME outcome,NO,,no,KEEP
https://funnytools.win/tools/base64/,tool,zh-TW,UNKNOWN (no current URL-level Coverage sample),yes,sitemap-tools.xml,17,high,low,NONE,,KEEP,NONE,functional intent calibration found no high-confidence SAME outcome,NO,,no,MERGE
https://funnytools.win/tools/break-reminder/,tool,zh-TW,UNKNOWN (no current URL-level Coverage sample),yes,sitemap-tools.xml,13,high,low,NONE,,KEEP,NONE,functional intent calibration found no high-confidence SAME outcome,NO,,no,MERGE
https://funnytools.win/tools/bulk-image-compressor/,tool,zh-TW,UNKNOWN (no current URL-level Coverage sample),yes,sitemap-tools.xml,6,high,low,NONE,,KEEP,NONE,functional intent calibration found no high-confidence SAME outcome,NO,,no,MERGE
https://funnytools.win/tools/business-days/,tool,zh-TW,UNKNOWN (no current URL-level Coverage sample),yes,sitemap-tools.xml,23,high,high,NONE,,KEEP,NONE,functional intent calibration found no high-confidence SAME outcome,NO,,no,MERGE
https://funnytools.win/tools/cad-2d/,tool,zh-TW,UNKNOWN (no current URL-level Coverage sample),yes,sitemap-tools.xml,18,medium,low,NONE,,KEEP,NONE,functional intent calibration found no high-confidence SAME outcome,NO,,no,KEEP
https://funnytools.win/tools/case-converter/,tool,zh-TW,UNKNOWN (no current URL-level Coverage sample),yes,sitemap-tools.xml,29,high,low,NONE,,KEEP,NONE,functional intent calibration found no high-confidence SAME outcome,NO,,no,MERGE
https://funnytools.win/tools/character-counter/,tool,zh-TW,UNKNOWN (no current URL-level Coverage sample),yes,sitemap-tools.xml,41,high,low,NONE,,KEEP,NONE,functional intent calibration found no high-confidence SAME outcome,NO,,no,MERGE
https://funnytools.win/tools/class-rank-percentile-calculator/,tool,zh-TW,UNKNOWN (no current URL-level Coverage sample),yes,sitemap-tools.xml,16,high,low,NONE,,KEEP,NONE,functional intent calibration found no high-confidence SAME outcome,NO,,no,MERGE
https://funnytools.win/tools/color-generator/,tool,zh-TW,UNKNOWN (no current URL-level Coverage sample),yes,sitemap-tools.xml,15,medium,low,NONE,,KEEP,NONE,functional intent calibration found no high-confidence SAME outcome,NO,,no,KEEP
https://funnytools.win/tools/compound-interest/,tool,zh-TW,UNKNOWN (no current URL-level Coverage sample),yes,sitemap-tools.xml,17,medium,low,NONE,,KEEP,NONE,functional intent calibration found no high-confidence SAME outcome,NO,,no,KEEP
https://funnytools.win/tools/countdown-timer/,tool,zh-TW,UNKNOWN (no current URL-level Coverage sample),yes,sitemap-tools.xml,29,high,low,NONE,,IMPROVE,NONE,multi-signal value triage remains below review floor after similarity recalibration,NO,,yes,IMPROVE
https://funnytools.win/tools/cronbach-alpha-calculator/,tool,zh-TW,UNKNOWN (no current URL-level Coverage sample),yes,sitemap-tools.xml,10,high,low,NONE,,KEEP,NONE,functional intent calibration found no high-confidence SAME outcome,NO,,no,MERGE
https://funnytools.win/tools/csv-to-json/,tool,zh-TW,UNKNOWN (no current URL-level Coverage sample),yes,sitemap-tools.xml,17,high,high,NONE,,KEEP,NONE,functional intent calibration found no high-confidence SAME outcome,NO,,no,MERGE
https://funnytools.win/tools/date-difference/,tool,zh-TW,UNKNOWN (no current URL-level Coverage sample),yes,sitemap-tools.xml,22,high,high,NONE,,KEEP,NONE,functional intent calibration found no high-confidence SAME outcome,NO,,no,MERGE
https://funnytools.win/tools/delete-pdf-pages/,tool,zh-TW,UNKNOWN (no current URL-level Coverage sample),yes,sitemap-tools.xml,18,high,high,NONE,,KEEP,NONE,functional intent calibration found no high-confidence SAME outcome,NO,,no,MERGE
https://funnytools.win/tools/dice-roller/,tool,zh-TW,UNKNOWN (no current URL-level Coverage sample),yes,sitemap-tools.xml,19,medium,low,NONE,,KEEP,NONE,functional intent calibration found no high-confidence SAME outcome,NO,,no,KEEP
https://funnytools.win/tools/extract-pdf-pages/,tool,zh-TW,UNKNOWN (no current URL-level Coverage sample),yes,sitemap-tools.xml,21,high,high,NONE,,KEEP,NONE,functional intent calibration found no high-confidence SAME outcome,NO,,no,MERGE
https://funnytools.win/tools/flowchart/,tool,zh-TW,UNKNOWN (no current URL-level Coverage sample),yes,sitemap-tools.xml,21,medium,low,NONE,,KEEP,NONE,functional intent calibration found no high-confidence SAME outcome,NO,,no,KEEP
https://funnytools.win/tools/gpa-calculator/,tool,zh-TW,UNKNOWN (no current URL-level Coverage sample),yes,sitemap-tools.xml,21,medium,low,NONE,,KEEP,NONE,functional intent calibration found no high-confidence SAME outcome,NO,,no,KEEP
https://funnytools.win/tools/grade-average/,tool,zh-TW,Not indexed,yes,sitemap-tools.xml,37,high,high,NONE,,KEEP,NONE,functional intent calibration found no high-confidence SAME outcome,NO,,no,MERGE
https://funnytools.win/tools/group-generator/,tool,zh-TW,UNKNOWN (no current URL-level Coverage sample),yes,sitemap-tools.xml,25,high,low,NONE,,KEEP,NONE,functional intent calibration found no high-confidence SAME outcome,NO,,no,MERGE
https://funnytools.win/tools/image-compressor/,tool,zh-TW,Not indexed,yes,sitemap-tools.xml,55,high,low,NONE,,KEEP,NONE,functional intent calibration found no high-confidence SAME outcome,NO,,no,MERGE
https://funnytools.win/tools/image-crop/,tool,zh-TW,UNKNOWN (no current URL-level Coverage sample),yes,sitemap-tools.xml,23,high,low,NONE,,KEEP,NONE,functional intent calibration found no high-confidence SAME outcome,NO,,no,MERGE
https://funnytools.win/tools/image-resizer/,tool,zh-TW,UNKNOWN (no current URL-level Coverage sample),yes,sitemap-tools.xml,47,high,low,NONE,,KEEP,NONE,functional intent calibration found no high-confidence SAME outcome,NO,,no,MERGE
https://funnytools.win/tools/image-rotate-flip/,tool,zh-TW,UNKNOWN (no current URL-level Coverage sample),yes,sitemap-tools.xml,11,high,low,NONE,,KEEP,NONE,functional intent calibration found no high-confidence SAME outcome,NO,,no,MERGE
https://funnytools.win/tools/image-to-base64/,tool,zh-TW,UNKNOWN (no current URL-level Coverage sample),yes,sitemap-tools.xml,13,medium,low,NONE,,KEEP,NONE,functional intent calibration found no high-confidence SAME outcome,NO,,no,KEEP
https://funnytools.win/tools/image-to-dxf/,tool,zh-TW,UNKNOWN (no current URL-level Coverage sample),yes,sitemap-tools.xml,11,medium,low,NONE,,KEEP,NONE,functional intent calibration found no high-confidence SAME outcome,NO,,no,KEEP
https://funnytools.win/tools/images-to-pdf/,tool,zh-TW,UNKNOWN (no current URL-level Coverage sample),yes,sitemap-tools.xml,27,high,low,NONE,,KEEP,NONE,functional intent calibration found no high-confidence SAME outcome,NO,,no,MERGE
https://funnytools.win/tools/independent-samples-t-test-calculator/,tool,zh-TW,UNKNOWN (no current URL-level Coverage sample),yes,sitemap-tools.xml,16,high,low,NONE,,KEEP,NONE,functional intent calibration found no high-confidence SAME outcome,NO,,no,MERGE
https://funnytools.win/tools/,hub,zh-TW,Not indexed,yes,sitemap-guides.xml,314,high,high,NONE,,IMPROVE,NONE,multi-signal value triage remains below review floor after similarity recalibration,NO,,yes,IMPROVE
https://funnytools.win/tools/inflation/,tool,zh-TW,UNKNOWN (no current URL-level Coverage sample),yes,sitemap-tools.xml,14,medium,low,NONE,,KEEP,NONE,functional intent calibration found no high-confidence SAME outcome,NO,,no,KEEP
https://funnytools.win/tools/jpg-to-png/,tool,zh-TW,UNKNOWN (no current URL-level Coverage sample),yes,sitemap-tools.xml,24,high,high,NONE,,KEEP,NONE,functional intent calibration found no high-confidence SAME outcome,NO,,no,MERGE
https://funnytools.win/tools/jpg-to-webp/,tool,zh-TW,UNKNOWN (no current URL-level Coverage sample),yes,sitemap-tools.xml,19,high,high,NONE,,KEEP,NONE,functional intent calibration found no high-confidence SAME outcome,NO,,no,MERGE
https://funnytools.win/tools/json-formatter/,tool,zh-TW,UNKNOWN (no current URL-level Coverage sample),yes,sitemap-tools.xml,27,high,low,NONE,,KEEP,NONE,functional intent calibration found no high-confidence SAME outcome,NO,,no,MERGE
https://funnytools.win/tools/json-to-csv/,tool,zh-TW,UNKNOWN (no current URL-level Coverage sample),yes,sitemap-tools.xml,14,high,high,NONE,,KEEP,NONE,functional intent calibration found no high-confidence SAME outcome,NO,,no,MERGE
https://funnytools.win/tools/markdown-previewer/,tool,zh-TW,UNKNOWN (no current URL-level Coverage sample),yes,sitemap-tools.xml,13,medium,low,NONE,,KEEP,NONE,functional intent calibration found no high-confidence SAME outcome,NO,,no,KEEP
https://funnytools.win/tools/merge-pdf/,tool,zh-TW,Not indexed,yes,sitemap-tools.xml,36,high,low,NONE,,KEEP,NONE,functional intent calibration found no high-confidence SAME outcome,NO,,no,MERGE
https://funnytools.win/tools/mortgage-payment/,tool,zh-TW,UNKNOWN (no current URL-level Coverage sample),yes,sitemap-tools.xml,17,high,low,NONE,,KEEP,NONE,functional intent calibration found no high-confidence SAME outcome,NO,,no,MERGE
https://funnytools.win/tools/net-salary/,tool,zh-TW,UNKNOWN (no current URL-level Coverage sample),yes,sitemap-tools.xml,14,medium,low,NONE,,KEEP,NONE,functional intent calibration found no high-confidence SAME outcome,NO,,no,KEEP
https://funnytools.win/tools/normalized-score-converter/,tool,zh-TW,UNKNOWN (no current URL-level Coverage sample),yes,sitemap-tools.xml,15,high,low,NONE,,KEEP,NONE,functional intent calibration found no high-confidence SAME outcome,NO,,no,MERGE
https://funnytools.win/tools/overtime-pay/,tool,zh-TW,UNKNOWN (no current URL-level Coverage sample),yes,sitemap-tools.xml,15,medium,low,NONE,,KEEP,NONE,functional intent calibration found no high-confidence SAME outcome,NO,,no,KEEP
https://funnytools.win/tools/password-generator/,tool,zh-TW,UNKNOWN (no current URL-level Coverage sample),yes,sitemap-tools.xml,20,medium,low,NONE,,KEEP,NONE,functional intent calibration found no high-confidence SAME outcome,NO,,no,KEEP
https://funnytools.win/tools/pdf-compressor/,tool,zh-TW,UNKNOWN (no current URL-level Coverage sample),yes,sitemap-tools.xml,32,high,low,NONE,,KEEP,NONE,functional intent calibration found no high-confidence SAME outcome,NO,,no,MERGE
https://funnytools.win/tools/pdf-page-reorder/,tool,zh-TW,UNKNOWN (no current URL-level Coverage sample),yes,sitemap-tools.xml,24,high,low,NONE,,KEEP,NONE,functional intent calibration found no high-confidence SAME outcome,NO,,no,MERGE
https://funnytools.win/tools/pdf-table-to-excel/,tool,zh-TW,UNKNOWN (no current URL-level Coverage sample),yes,sitemap-tools.xml,9,high,low,NONE,,KEEP,NONE,functional intent calibration found no high-confidence SAME outcome,NO,,no,MERGE
https://funnytools.win/tools/pdf-to-image/,tool,zh-TW,UNKNOWN (no current URL-level Coverage sample),yes,sitemap-tools.xml,27,high,low,NONE,,KEEP,NONE,functional intent calibration found no high-confidence SAME outcome,NO,,no,MERGE
https://funnytools.win/tools/pdf-to-word/,tool,zh-TW,UNKNOWN (no current URL-level Coverage sample),yes,sitemap-tools.xml,14,high,low,NONE,,KEEP,NONE,functional intent calibration found no high-confidence SAME outcome,NO,,no,MERGE
https://funnytools.win/tools/percentage-calculator/,tool,zh-TW,UNKNOWN (no current URL-level Coverage sample),yes,sitemap-tools.xml,19,high,low,NONE,,IMPROVE,NONE,multi-signal value triage remains below review floor after similarity recalibration,NO,,yes,IMPROVE
https://funnytools.win/tools/percentile-rank-calculator/,tool,zh-TW,UNKNOWN (no current URL-level Coverage sample),yes,sitemap-tools.xml,23,high,low,NONE,,KEEP,NONE,functional intent calibration found no high-confidence SAME outcome,NO,,no,MERGE
https://funnytools.win/tools/pie-chart-maker/,tool,zh-TW,UNKNOWN (no current URL-level Coverage sample),yes,sitemap-tools.xml,19,high,low,NONE,,KEEP,NONE,functional intent calibration found no high-confidence SAME outcome,NO,,no,MERGE
https://funnytools.win/tools/png-to-jpg/,tool,zh-TW,UNKNOWN (no current URL-level Coverage sample),yes,sitemap-tools.xml,28,high,high,NONE,,KEEP,NONE,functional intent calibration found no high-confidence SAME outcome,NO,,no,MERGE
https://funnytools.win/tools/pomodoro-timer/,tool,zh-TW,UNKNOWN (no current URL-level Coverage sample),yes,sitemap-tools.xml,20,high,low,NONE,,KEEP,NONE,functional intent calibration found no high-confidence SAME outcome,NO,,no,MERGE
https://funnytools.win/tools/qr-code-generator/,tool,zh-TW,Not indexed,yes,sitemap-tools.xml,56,medium,low,NONE,,KEEP,NONE,functional intent calibration found no high-confidence SAME outcome,NO,,no,KEEP
https://funnytools.win/tools/random-group-generator/,tool,zh-TW,UNKNOWN (no current URL-level Coverage sample),yes,sitemap-tools.xml,34,high,low,NONE,,IMPROVE,NONE,multi-signal value triage remains below review floor after similarity recalibration,NO,,yes,IMPROVE
https://funnytools.win/tools/random-name-picker/,tool,zh-TW,UNKNOWN (no current URL-level Coverage sample),yes,sitemap-tools.xml,27,high,low,NONE,,KEEP,NONE,functional intent calibration found no high-confidence SAME outcome,NO,,no,MERGE
https://funnytools.win/tools/random-number-picker/,tool,zh-TW,Not indexed,yes,sitemap-tools.xml,29,high,low,NONE,,KEEP,NONE,functional intent calibration found no high-confidence SAME outcome,NO,,no,MERGE
https://funnytools.win/tools/random-student-picker/,tool,zh-TW,UNKNOWN (no current URL-level Coverage sample),yes,sitemap-tools.xml,28,high,low,NONE,,KEEP,NONE,functional intent calibration found no high-confidence SAME outcome,NO,,no,MERGE
https://funnytools.win/tools/random-wheel/,tool,zh-TW,UNKNOWN (no current URL-level Coverage sample),yes,sitemap-tools.xml,24,high,low,NONE,,KEEP,NONE,functional intent calibration found no high-confidence SAME outcome,NO,,no,MERGE
https://funnytools.win/tools/remove-duplicate-lines/,tool,zh-TW,UNKNOWN (no current URL-level Coverage sample),yes,sitemap-tools.xml,15,high,low,NONE,,KEEP,NONE,functional intent calibration found no high-confidence SAME outcome,NO,,no,MERGE
https://funnytools.win/tools/remove-empty-lines/,tool,zh-TW,UNKNOWN (no current URL-level Coverage sample),yes,sitemap-tools.xml,20,high,low,NONE,,KEEP,NONE,functional intent calibration found no high-confidence SAME outcome,NO,,no,MERGE
https://funnytools.win/tools/rotate-pdf/,tool,zh-TW,Not indexed,yes,sitemap-tools.xml,14,high,low,NONE,,KEEP,NONE,functional intent calibration found no high-confidence SAME outcome,NO,,no,MERGE
https://funnytools.win/tools/savings-goal/,tool,zh-TW,UNKNOWN (no current URL-level Coverage sample),yes,sitemap-tools.xml,15,high,low,NONE,,KEEP,NONE,functional intent calibration found no high-confidence SAME outcome,NO,,no,MERGE
https://funnytools.win/tools/seating-chart/,tool,zh-TW,UNKNOWN (no current URL-level Coverage sample),yes,sitemap-tools.xml,21,medium,low,NONE,,KEEP,NONE,functional intent calibration found no high-confidence SAME outcome,NO,,no,KEEP
https://funnytools.win/tools/sketchpad/,tool,zh-TW,UNKNOWN (no current URL-level Coverage sample),yes,sitemap-tools.xml,17,medium,low,NONE,,KEEP,NONE,functional intent calibration found no high-confidence SAME outcome,NO,,no,KEEP
https://funnytools.win/tools/sort-lines/,tool,zh-TW,UNKNOWN (no current URL-level Coverage sample),yes,sitemap-tools.xml,23,high,low,NONE,,KEEP,NONE,functional intent calibration found no high-confidence SAME outcome,NO,,no,MERGE
https://funnytools.win/tools/split-pdf/,tool,zh-TW,UNKNOWN (no current URL-level Coverage sample),yes,sitemap-tools.xml,30,high,low,NONE,,KEEP,NONE,functional intent calibration found no high-confidence SAME outcome,NO,,no,MERGE
https://funnytools.win/tools/spss-result-interpreter/,tool,zh-TW,UNKNOWN (no current URL-level Coverage sample),yes,sitemap-tools.xml,15,high,low,NONE,,KEEP,NONE,functional intent calibration found no high-confidence SAME outcome,NO,,no,MERGE
https://funnytools.win/tools/standard-deviation/,tool,zh-TW,UNKNOWN (no current URL-level Coverage sample),yes,sitemap-tools.xml,28,high,high,NONE,,KEEP,NONE,functional intent calibration found no high-confidence SAME outcome,NO,,no,MERGE
https://funnytools.win/tools/stopwatch/,tool,zh-TW,UNKNOWN (no current URL-level Coverage sample),yes,sitemap-tools.xml,19,medium,low,NONE,,KEEP,NONE,functional intent calibration found no high-confidence SAME outcome,NO,,no,KEEP
https://funnytools.win/tools/t-score-calculator/,tool,zh-TW,UNKNOWN (no current URL-level Coverage sample),yes,sitemap-tools.xml,26,high,high,NONE,,KEEP,NONE,functional intent calibration found no high-confidence SAME outcome,NO,,no,MERGE
https://funnytools.win/tools/teacher-exam-score-converter/,tool,zh-TW,UNKNOWN (no current URL-level Coverage sample),yes,sitemap-tools.xml,16,high,high,NONE,,KEEP,NONE,functional intent calibration found no high-confidence SAME outcome,NO,,no,MERGE
https://funnytools.win/tools/this-or-that/,tool,zh-TW,UNKNOWN (no current URL-level Coverage sample),yes,sitemap-tools.xml,16,high,low,NONE,,KEEP,NONE,functional intent calibration found no high-confidence SAME outcome,NO,,no,MERGE
https://funnytools.win/tools/timestamp-converter/,tool,zh-TW,UNKNOWN (no current URL-level Coverage sample),yes,sitemap-tools.xml,16,medium,low,NONE,,KEEP,NONE,functional intent calibration found no high-confidence SAME outcome,NO,,no,KEEP
https://funnytools.win/tools/url-encoder/,tool,zh-TW,UNKNOWN (no current URL-level Coverage sample),yes,sitemap-tools.xml,24,high,low,NONE,,KEEP,NONE,functional intent calibration found no high-confidence SAME outcome,NO,,no,MERGE
https://funnytools.win/tools/uuid-generator/,tool,zh-TW,UNKNOWN (no current URL-level Coverage sample),yes,sitemap-tools.xml,15,medium,low,NONE,,KEEP,NONE,functional intent calibration found no high-confidence SAME outcome,NO,,no,KEEP
https://funnytools.win/tools/webp-to-jpg/,tool,zh-TW,UNKNOWN (no current URL-level Coverage sample),yes,sitemap-tools.xml,14,high,high,NONE,,KEEP,NONE,functional intent calibration found no high-confidence SAME outcome,NO,,no,MERGE
https://funnytools.win/tools/weighted-average-calculator/,tool,zh-TW,UNKNOWN (no current URL-level Coverage sample),yes,sitemap-tools.xml,29,high,high,NONE,,KEEP,NONE,functional intent calibration found no high-confidence SAME outcome,NO,,no,MERGE
https://funnytools.win/tools/what-to-eat/,tool,zh-TW,UNKNOWN (no current URL-level Coverage sample),yes,sitemap-tools.xml,15,medium,low,NONE,,KEEP,NONE,functional intent calibration found no high-confidence SAME outcome,NO,,no,KEEP
https://funnytools.win/tools/word-counter/,tool,zh-TW,Not indexed,yes,sitemap-tools.xml,34,high,low,NONE,,KEEP,NONE,functional intent calibration found no high-confidence SAME outcome,NO,,no,MERGE
https://funnytools.win/tools/z-score-calculator/,tool,zh-TW,UNKNOWN (no current URL-level Coverage sample),yes,sitemap-tools.xml,25,high,high,NONE,,KEEP,NONE,functional intent calibration found no high-confidence SAME outcome,NO,,no,MERGE
https://funnytools.win/workflows/creator-social-toolkit/,workflow,zh-TW,UNKNOWN (no current URL-level Coverage sample),yes,sitemap-workflows.xml,24,high,low,NONE,,IMPROVE,NONE,multi-signal value triage remains below review floor after similarity recalibration,NO,,yes,IMPROVE
https://funnytools.win/workflows/daily-decision-toolkit/,workflow,zh-TW,UNKNOWN (no current URL-level Coverage sample),yes,sitemap-workflows.xml,14,medium,low,NONE,,KEEP,NONE,functional intent calibration found no high-confidence SAME outcome,NO,,no,KEEP
https://funnytools.win/workflows/grade-gpa-check-toolkit/,workflow,zh-TW,UNKNOWN (no current URL-level Coverage sample),yes,sitemap-workflows.xml,11,medium,low,NONE,,KEEP,NONE,functional intent calibration found no high-confidence SAME outcome,NO,,no,KEEP
https://funnytools.win/workflows/graduate-statistics-report-toolkit/,workflow,zh-TW,UNKNOWN (no current URL-level Coverage sample),yes,sitemap-workflows.xml,18,high,low,NONE,,IMPROVE,NONE,multi-signal value triage remains below review floor after similarity recalibration,NO,,yes,IMPROVE
https://funnytools.win/workflows/,hub,zh-TW,UNKNOWN (no current URL-level Coverage sample),yes,sitemap-workflows.xml,312,medium,low,NONE,,IMPROVE,NONE,multi-signal value triage remains below review floor after similarity recalibration,NO,,yes,IMPROVE
https://funnytools.win/workflows/office-document-toolkit/,workflow,zh-TW,UNKNOWN (no current URL-level Coverage sample),yes,sitemap-workflows.xml,42,high,high,NONE,,IMPROVE,NONE,multi-signal value triage remains below review floor after similarity recalibration,NO,,yes,IMPROVE
https://funnytools.win/workflows/qr-barcode-publishing-toolkit/,workflow,zh-TW,UNKNOWN (no current URL-level Coverage sample),yes,sitemap-workflows.xml,15,medium,low,NONE,,KEEP,NONE,functional intent calibration found no high-confidence SAME outcome,NO,,no,KEEP
https://funnytools.win/workflows/student-report-toolkit/,workflow,zh-TW,UNKNOWN (no current URL-level Coverage sample),yes,sitemap-workflows.xml,19,high,low,NONE,,IMPROVE,NONE,multi-signal value triage remains below review floor after similarity recalibration,NO,,yes,IMPROVE
https://funnytools.win/workflows/teacher-classroom-random-toolkit/,workflow,zh-TW,UNKNOWN (no current URL-level Coverage sample),yes,sitemap-workflows.xml,32,high,low,NONE,,IMPROVE,NONE,multi-signal value triage remains below review floor after similarity recalibration,NO,,yes,IMPROVE
https://funnytools.win/workflows/teacher-exam-score-toolkit/,workflow,zh-TW,UNKNOWN (no current URL-level Coverage sample),yes,sitemap-workflows.xml,19,high,low,NONE,,IMPROVE,NONE,multi-signal value triage remains below review floor after similarity recalibration,NO,,yes,IMPROVE
https://funnytools.win/workflows/text-cleanup-publishing-toolkit/,workflow,zh-TW,UNKNOWN (no current URL-level Coverage sample),yes,sitemap-workflows.xml,12,medium,low,NONE,,KEEP,NONE,functional intent calibration found no high-confidence SAME outcome,NO,,no,KEEP
https://funnytools.win/workflows/verify-tool-result/,workflow,zh-TW,UNKNOWN (no current URL-level Coverage sample),yes,sitemap-workflows.xml,6,low,low,NONE,,KEEP,NONE,functional intent calibration found no high-confidence SAME outcome,NO,,no,KEEP
